28568
1771192
400177956200
1267
424044400
431365900
424144500
459007100
428050500
423976300
433108200
439785300
439392700
432942900
428002600
429910000
427483100
435215800
434105600
458984100
425035600
427391500
429097600
431387800
426767600
424824600
426760100
423469900
428499500
429204700
427973300
453586500
428029100
440011800
429571300
429404900
431409900
425418500
439607600
423924700
423939000
424824200
428464700
457544800
429291500
430404400
426214700
430178900
438217500
429430200
434383100
429226000
436665300
431706000
426864700
458292500
427784700
428155000
435941100
431826400
426058000
431174700
426149300
431919800
423639200
425420600
421830900
464498100
434986000
430354000
428161100
425336400
424961500
425281400
436108900
426969800
428160400
428861500
436774000
445329100
428551600
429697000
427209000
431056000
435445000
425322300
430630600
425101800
425024600
430336100
430047800
446339000
426536100
427843100
432513500
423092400
424787400
431655700
425370300
435048200
430258600
426692700
445289400
448007900
443215500
429668500
425786600
427957400
424743500
432665000
431068900
423603600
424862000
423566500
456112100
432676100
426547400
427339400
428910200
436997200
433195300
430133100
425598800
437169100
433849900
434067400
459471900
431096900
422963100
424024800
434602700
423391600
422338100
423247000
439071900
511518100
597344700
497430300
455824100
503261400
476934100
436475000
431315600
423126200
433147200
424432800
426505300
426232200
431264000
457219800
426645700
424107700
423710700
428675900
450197300
425864500
425685300
425448100
425771500
441294000
436184200
445784800
428826400
426437600
434632600
435375900
429834000
434422600
427834700
433697700
428095000
423402800
425558200
435518800
434915700
425684500
423903500
426382900
431398000
426971800
431430900
423247700
423845500
422530800
429341300
449937400
428155600
427243100
428877000
439753400
431788700
429593900
427411700
425200400
423650600
432228400
429561000
447372100
426219900
422872500
430295300
428531400
425737600
441794700
430886600
444530300
430073200
437391700
428827500
475154400
440679100
429891200
429771200
428662000
429913900
432768400
426488700
425585500
428420200
424155600
437180700
459919700
426083800
429686400
430079700
434262000
425374600
428385400
429859000
428030800
432865600
434917800
427546100
465724400
432098100
427692500
433594000
426235900
424441300
422572500
427556300
432427400
479210900
427385400
442245300
442657200
443543300
432164600
425995900
424284400
432570400
438844900
428604600
433714400
430506700
428280100
451256300
431747000
428808600
424301500
427736000
431546100
423691400
425598000
433785900
428492200
436342300
426548100
455528000
427392000
430606300
438907900
431264600
428677800
427004200
425500400
434946000
427838900
431489000
428243700
453791800
437751800
425073900
430810500
426404500
426253200
505457300
504220100
431443300
430699900
430369100
433493900
452732000
430655200
429258100
429376100
435669700
431739400
425529100
430726800
427249600
429366300
431423900
425497800
460135200
428657800
437479400
429114400
429939200
426170100
427232000
437888400
426916400
429939800
428557800
428699100
465798900
433318600
432718400
427698300
429242100
428130800
433829700
425999500
428209000
434974400
432837600
442734300
466359100
427193100
427302600
426625100
431703600
425460000
429601600
428300700
425597500
443186000
425200900
435655900
443376300
425703600
436960500
427713100
431821100
429856100
425733500
432132500
430950700
428598300
426630100
439046900
465920600
553791100
607534900
494069300
434388700
510767200
504334400
429482600
433837200
447908700
457364000
425801100
429906000
426486900
431725800
428371500
425960700
425946700
421896300
432363600
425838000
430452200
454997500
432256500
442997400
430970400
433766300
432733900
432827800
434700500
428224500
428585300
427953900
429437400
478332800
508701200
424429700
425446400
434764000
432330200
429640200
424930800
427050300
428916800
439340900
433316700
464120200
431471400
427095500
431139400
428326500
427679200
433171300
424202000
420899400
430692300
424131800
424523600
459608600
425787600
431076500
427930500
424785300
425903400
429305500
434334400
431779900
429841100
435233700
457833900
479900400
430244000
427687700
430945500
428272600
434999100
428543100
424805700
449250900
425760000
436777700
456115100
429634000
430014500
443032000
435435500
423275600
427678100
427761600
425648900
434717100
427831700
424033000
455624900
429027300
431951500
426165200
428708900
425024400
425852800
431104900
430255400
428121700
423620900
424619100
454726600
429949400
429142700
437746000
430505500
433153000
433097100
437833600
445480400
433224000
445990300
433976900
465244000
435590600
435564700
443670300
431369600
430718400
432620700
426851000
431510900
432694600
429135000
426856300
460896500
433769200
436093000
438950600
431148600
434443400
434291700
441090700
432154000
436749900
438745500
433249800
463572800
433425500
435319300
432638200
428831700
434988900
438787400
437430000
431077300
428517700
435766900
452584300
460117400
434156800
432720800
438656800
438043900
436512800
433034000
432603400
435015400
429114700
427294200
472007200
429315900
434182600
431214300
429462600
430739400
432544800
436252700
427773800
434523000
437108400
432660500
460300900
431466200
435135400
429453200
437560300
441635800
433876800
430452700
429130400
432444900
437930600
429683800
451313200
430952300
437793500
436228700
431198700
434906800
429968700
432715200
434199200
434233600
431665200
442807700
468192700
437689700
438506600
429817900
441527500
429178100
435377000
430414900
427815500
432449400
427631100
441098300
460156200
431775800
429674500
429920400
464943200
437176300
440938400
434118200
436742800
435769000
439650500
475822200
431424800
436866800
436365800
435308400
428799400
431026600
432129300
436029100
433267400
429324600
431170300
457475200
438002000
430346300
432003500
432643100
428150300
440401400
431461300
432467500
430420400
431447800
435605600
458809900
434890200
433641800
509233000
542880600
601767900
452240100
432159600
565069500
431899000
430118500
461615600
433584200
439971700
439200200
431885400
432413600
434251400
442052200
437699600
430609900
428924000
436922900
457767800
424917200
425520000
423821400
499356300
430174600
423699900
423857500
428094200
426393600
430560200
456007800
425847200
429283700
436261900
438017300
431799600
429993200
424882100
430388800
423521400
427618300
425377100
459282300
428729500
428543700
436300800
424299900
423926000
424849700
427530000
435707500
430973000
426554600
432353500
455878900
434846700
427303400
422868600
423004700
424858400
435872300
421995300
434396800
422896300
421429900
429936400
455547500
444325100
423127900
429978000
439103500
431210700
432617000
428898700
430848900
431947900
433053400
428275200
459501200
426351600
432180000
430498700
432468300
433262900
438820000
441322100
527314000
579104800
521463700
456382100
476916000
502518300
433161900
427424100
436665000
432075200
432051900
428865800
430540300
438014100
436405900
478534100
426401700
428940600
426658500
434926200
428859800
430148700
424124900
422437500
435099100
425990900
427798200
451842100
431327900
432100700
425760300
449694500
428225300
430906200
437918400
425986800
426478400
425268400
434633700
449177000
424166700
426701700
422677500
426673800
431664700
429049900
428554600
425009700
424992500
442836300
445626500
454173100
431312300
431750100
431754000
430331900
434080300
442177600
431200000
433772100
423686700
424120900
435638100
425907500
433142700
426714900
428770600
429910900
439468800
426458700
438505500
427427300
432720800
424868700
455996600
439519200
433102000
429475200
426412800
432889700
437911400
427048600
424509200
425012200
424876100
433235200
451887200
426866800
425069900
425677300
434455100
425499900
427466100
431749300
428589000
435268500
425386700
425323800
465445300
427846400
437887200
426480400
430432100
426589200
422795500
434000300
425101300
426799100
432305800
426465700
455056600
425398700
426963100
433130300
429527400
433374900
436337400
427497100
431138200
431499500
428877200
432800500
449014400
425287700
423037600
425481900
427837400
423706100
422036800
421956100
426871000
433540500
442611000
423992900
450989300
426083600
435073300
423414000
429228800
426663800
430562500
433975800
425198900
430672800
431625300
425213000
467743300
426345500
426571000
429589400
429279200
430033900
422674400
423182100
428830700
422986800
431507200
424015600
440526000
426614500
433522900
440811600
429843500
432740200
424158600
427533300
435343200
431391800
429391300
428905400
449281400
429570500
424659800
430289900
421782700
423985100
427262700
431886000
427640100
426728600
429861100
428601400
460054600
433374700
426128900
438601700
430843600
440796200
439852500
425729200
429914900
571862200
587105800
563909200
427725300
457785600
524823000
425153700
426457000
428360200
429282600
434947000
428011200
432832000
442209700
447008900
435789700
425828500
425923600
426444300
427911900
433187000
429483000
425560800
422676600
424667600
440827200
441354800
431316200
428485500
424064200
436098200
435818000
431845700
433378100
428291700
434509900
430265300
475008000
435203900
426855400
438960300
427962600
431875300
425573800
424184000
457135500
429070400
430789000
422750700
516549700
447799300
431070600
429622200
429094800
430401200
434093700
431181300
424374500
426651600
431941600
434473200
462559200
424189900
427528300
427157400
435186600
424596700
425612800
446886200
444097500
429511400
426165200
424568800
443985800
432330100
430322900
435112900
430984900
428440900
429268300
427473800
432477800
431361200
426753500
426929900
446526600
495341900
522249000
609313600
446195500
432571200
501695100
455251100
424467500
430883600
441186400
457970100
431778700
430246500
424307800
432598300
428384500
431356300
426665500
429525600
434341700
426438800
436984000
446931500
430278400
437720200
427175800
427474300
428244000
424232400
438859400
436453600
428975200
440542200
449646800
443020700
431702800
440128800
433425900
429924700
430270700
427977300
426095200
433494600
425102400
434523900
450812400
422785400
439220800
426014200
433799200
425473200
424267900
423996400
429089400
429070500
436197600
431388100
460492900
431047700
427537900
432281300
429566500
425729800
430168900
428494700
434506600
428119200
425907100
425834800
463936100
451425400
425155700
430611000
433674600
429625700
434379600
425125500
436130400
427151900
426989200
446296700
446317900
428855300
424021800
423891900
431659800
423433200
428643700
426892300
428035000
428444100
427660300
428215400
460490100
431635000
430036600
432794300
424640900
428859400
426409100
436132700
481592600
538778800
585025100
462162200
459573600
512887600
425747800
423210100
428266100
432504000
432088700
428172600
425789100
431348500
433011300
465312500
430746300
446168800
434114100
430654100
432315100
428190000
441046500
469672800
460373500
462631300
533973500
443593200
543703400
550901100
562756800
436156000
518494300
583767800
484437600
452296000
439922300
438321500
426621500
429469700
428673400
429143900
434093800
434433400
429550100
425065500
426696500
430377700
459106300
425320100
423889500
429546400
431224200
424676100
436037800
435017600
427762500
437543700
431916000
432148200
452090600
434536700
445580800
426332100
425989200
430095000
450272200
429446500
432343700
426374500
427264600
426208100
456167700
428890000
422487500
423807200
427953700
441961000
432155700
430989600
432118500
432556900
443031400
434653500
464260400
428687100
433779700
429952100
431855500
424402600
424238000
426969100
425839600
430646100
431782900
422793800
465531500
421511800
438273400
435787400
436573300
427436400
427868300
433557400
424881900
436617300
426627400
425261800
474247100
423273000
425277300
423982000
425322300
437173000
428390200
425653600
421523400
433221200
431459500
428347900
459778900
428042700
433398200
436894500
427649400
425507600
433108700
425794600
434985200
427471000
427926400
426422900
448555700
429152400
423730000
428136000
426304700
425501400
438442200
427071600
423888700
423426800
425502900
425693700
460548800
432443900
427995900
430259100
528434500
505656100
649294400
444253000
423735000
528394300
444603400
441118500
426797200
423105200
429585300
427466100
425457200
426756100
423713800
439082200
436906400
425928300
432208500
450716100
435727000
426990100
429239100
426748100
430553500
437304800
431948700
422251800
427249600
427738600
442069200
441831600
423296000
429458200
423497000
429509700
429004500
426914900
429675100
425018600
441421100
427454500
469352700
436941600
425479100
441794000
426137100
428640500
426363700
423834500
425548500
428351600
425828900
425720400
441201300
429774400
634,131200
633,234600
633,142500
633,138700
632,158100
632,130100
631,144000
631,150500
631,141100
631,135800
629,185800
629,147900
626,129500
626,157900
625,200600
625,130000
624,123800
623,140600
623,129400
622,155400
622,142700
622,116800
621,116200
621,132200
620,123300
619,350800
619,225200
619,215800
619,217500
618,225900
618,256500
617,213100
617,220900
617,242400
617,253300
616,214600
616,218000
616,263700
615,208100
615,208400
614,210200
614,235200
613,218300
612,198600
612,268500
611,261700
611,209000
608,197900
605,199600
605,186500
604,193700
603,249500
602,188500
602,206500
601,255200
601,223300
601,200300
601,187000
600,218000
600,191400
600,183800
600,184700
599,189400
599,181400
598,216400
598,245500
598,183600
598,181900
597,178500
597,184600
595,175300
594,171900
591,168900
590,166100
589,169200
588,169000
588,165500
588,189200
587,163300
587,222500
587,163700
587,168900
587,216200
586,162000
585,155600
585,156400
584,166300
583,155300
582,172900
581,151800
581,150900
578,146400
577,145600
577,200100
576,149000
576,182600
576,144300
576,147800
575,146700
574,137500
617,263000
573,148700
570,131400
570,134100
570,132300
570,132500
569,159300
568,179400
567,165300
567,157700
566,123500
566,203200
565,132400
563,123600
562,117900
561,124700
561,116000
561,115400
560,117400
559,124900
558,116000
558,113800
558,158500
557,265500
557,212700
556,239900
556,210900
555,207400
554,204700
554,217800
554,213300
554,208600
553,213300
552,244300
552,204400
552,205000
551,266000
551,199500
549,248000
548,202200
548,198300
547,200800
547,244600
547,206600
547,202000
547,195000
547,193400
546,199600
545,192600
545,198200
543,186200
543,229700
543,226000
542,213700
540,271600
539,217400
539,189800
539,183700
538,182700
537,185500
536,183000
536,181600
535,177200
535,176200
533,223600
533,173400
533,170500
593,173100
532,170800
531,217000
530,168000
529,167000
528,167400
527,164300
526,250700
526,161900
525,158200
525,158700
525,160100
524,156900
524,161400
523,160400
523,155600
522,176700
522,162400
522,225400
522,188400
520,176300
519,171000
519,191100
518,157300
518,149600
517,144300
517,174000
516,178900
516,167900
514,143400
514,170900
513,142700
511,163900
511,144900
510,203500
508,154800
508,132900
508,154800
508,154600
507,163500
506,183800
506,132500
506,153300
505,129800
505,122200
505,134600
505,129600
504,158600
503,161300
503,158000
502,207500
500,151600
500,154700
499,139500
498,138400
497,143200
497,113100
497,138700
497,136200
496,134700
496,134000
496,141600
494,254600
494,301800
493,248700
493,243400
493,252400
493,312200
492,214800
491,220700
491,259100
491,268800
490,228200
490,236500
490,296400
489,255400
489,243500
488,251300
488,301900
488,234600
488,246200
488,232400
488,231600
487,227900
487,237200
487,278600
486,271300
486,217500
485,215700
485,208200
483,224500
483,223100
483,216500
482,251500
481,277100
481,248300
536,237700
480,234500
480,290300
480,231100
480,206000
477,225700
477,226900
476,232200
475,294100
475,222300
475,217700
475,221700
475,206500
475,213400
474,260600
510,160500
474,196600
474,182000
473,204200
473,180500
473,193100
472,255800
471,269600
471,205700
470,171100
470,209300
469,275600
469,173000
468,172400
468,167000
467,221500
467,174500
561,117900
466,208900
466,166200
465,156400
463,177500
463,188200
462,198300
462,158100
462,155000
465,159100
462,156000
462,154700
462,210100
461,155700
460,152300
460,165000
460,154100
459,144300
459,163400
459,216000
458,152100
458,159600
458,146400
611,197200
457,139300
457,150000
456,193400
456,160300
455,143800
453,138700
453,220600
453,174200
453,143200
588,161400
452,145900
451,137100
451,140300
450,140800
450,135400
450,147900
450,141400
449,132400
449,139400
449,133800
448,134600
448,128700
448,159800
447,132000
447,184800
447,172400
447,141400
447,141300
447,137000
446,139300
446,124300
446,214600
445,118800
444,137400
444,148000
443,139200
443,118500
442,130300
442,147200
441,118700
441,120900
440,117300
439,214900
439,117200
439,118100
439,117300
438,113900
437,111800
437,112500
437,121100
437,112600
436,110700
436,111000
436,129500
436,114500
436,118200
435,107100
435,112200
435,108000
435,107900
435,172500
435,107400
434,107000
434,107100
433,208500
433,206800
494,216100
433,219100
433,208400
432,280800
432,209700
432,217400
431,207400
431,204900
431,215300
431,252400
431,226500
431,211600
430,212400
430,203000
430,202300
430,260600
430,201100
430,219400
430,261000
429,261000
429,221700
429,217600
429,223200
429,248100
428,208100
428,200500
427,212400
427,197000
427,206700
427,204800
427,196300
427,208900
427,205400
426,209500
426,197200
426,197700
426,262500
425,196900
424,221700
424,197300
424,217500
424,193800
424,209600
424,270700
423,233000
423,203200
423,269000
423,278700
423,194000
423,189600
423,231100
423,193600
422,214100
422,281400
422,208700
422,197000
421,185100
420,202400
420,247700
419,202400
419,230100
418,184800
418,184600
418,172600
418,212000
418,279800
417,231400
417,188000
416,180000
416,198400
416,186800
416,179000
415,199600
415,178900
415,193500
415,185000
414,175300
413,187400
413,176600
413,255500
413,189400
413,181600
413,186700
412,175500
412,176900
411,182000
411,170400
411,170700
411,186600
411,238500
410,173000
409,175400
409,178100
409,191400
409,175100
409,224500
408,245700
408,168200
408,175600
408,173100
407,214500
407,181500
407,165300
406,164900
406,185700
406,165100
406,162100
405,213800
405,191900
405,173100
405,203600
405,159500
405,221700
404,168500
404,162100
404,223100
403,182800
403,174300
403,166200
403,159600
402,156200
402,172400
402,224000
402,158500
401,173000
401,168500
400,155200
400,166200
400,155200
399,152100
399,172300
399,151900
399,150600
399,212900
398,149100
398,149600
398,160100
397,155200
397,149200
397,180600
396,154400
396,136500
395,155000
395,208700
395,151600
395,145900
395,143500
394,141400
394,160300
394,158500
394,148000
393,143100
393,141700
393,141600
393,141000
392,140200
392,158200
392,147900
391,138600
391,140700
390,134600
431,284500
390,198000
390,185300
390,194200
390,126300
390,144200
389,179600
389,137900
389,135900
388,135700
388,132700
388,133100
388,194700
388,138900
388,134700
388,185800
388,133500
386,127200
385,130300
385,135800
385,128900
385,133700
385,127900
384,118600
384,125000
384,185900
384,129300
383,123800
383,124600
382,123400
382,122000
381,118900
381,118500
380,117400
380,121800
380,117500
380,118800
379,115800
379,115600
378,115100
378,114700
378,121800
378,116800
378,115700
377,117800
377,112200
377,178900
377,112200
376,116800
376,122600
376,163400
376,117600
376,115200
376,113100
376,113700
376,105600
376,119200
375,113200
375,173400
374,109200
374,107600
374,108400
373,112300
373,106400
372,102800
372,114300
371,206700
371,206000
371,266500
370,220400
369,275900
369,278100
369,225500
369,205300
369,205200
369,206400
369,212200
369,209800
368,202800
368,195000
368,199700
368,199900
367,199200
367,202800
367,200400
367,208900
367,199500
367,293800
367,200000
367,198200
366,197200
366,196400
366,199600
365,257300
365,247900
365,197800
365,252000
365,207100
365,197600
364,193200
364,193600
364,198700
364,200400
363,189000
363,191400
363,200100
363,191600
362,191500
362,246600
362,191600
362,203300
361,188800
361,187700
361,188300
361,189100
361,227200
360,255100
360,178400
360,190900
360,236700
359,186600
359,250600
358,190200
358,182600
357,211900
357,184600
357,181400
357,188000
426,192700
356,201700
356,236500
356,218200
356,276900
356,311800
356,274300
356,276700
355,359100
354,292000
354,270400
354,286400
354,229800
354,213000
354,213700
354,204800
353,239000
353,216600
353,225900
353,171100
353,191500
352,175000
352,174600
352,176900
352,175800
352,176400
352,178300
352,175300
352,174800
499,114000
351,173300
350,243800
350,220500
350,262200
350,222900
349,217800
348,227200
348,169700
347,166700
346,172600
346,180100
346,213800
345,165300
344,159800
344,157900
344,159500
344,172400
344,161900
343,157800
343,160200
343,159900
342,155900
342,167600
342,158100
520,148100
342,163300
342,157300
342,155800
342,162000
342,156800
342,156500
341,161300
341,154500
341,155400
341,218400
340,153300
340,197800
340,153800
339,152000
397,149900
339,174300
339,153100
338,148800
338,150800
338,150100
338,157900
338,149500
338,150700
338,151500
338,146900
337,157000
337,148300
337,249500
337,150300
336,157000
336,144800
336,146500
336,169200
336,197900
336,217800
335,183400
335,203300
335,202000
335,144300
335,146000
334,144900
334,146100
333,141900
333,168300
333,200000
333,143400
541,193400
332,138900
331,138200
330,143300
330,136100
329,136000
329,134800
329,134500
328,132700
328,132700
328,153700
444,126500
328,131300
328,135700
327,128600
327,179300
327,134200
327,141200
327,132600
326,128400
326,130800
326,127100
359,185300
326,139700
326,129800
326,129000
326,128700
326,128300
326,127600
325,127900
325,127500
324,131300
323,169100
323,128000
323,125200
322,121200
322,123200
322,122900
322,131700
322,122600
322,123100
321,177700
321,122400
321,120300
321,120500
321,127200
319,116800
319,124500
319,118600
319,119300
319,117200
319,124200
319,117600
318,167000
318,128400
318,112100
318,141100
317,168200
317,121600
317,124000
317,112900
316,119600
316,114200
316,111400
315,108900
315,111100
315,112500
315,198800
314,113100
314,117000
313,107800
313,107700
313,104500
313,108500
313,107100
313,118100
312,110600
312,104100
312,112600
312,106100
311,103700
311,103900
311,103200
310,100500
310,197600
310,108900
310,97000
309,203100
309,279600
309,261100
309,206100
308,202100
308,199700
307,206200
307,260800
307,198900
307,199600
306,198900
306,198100
306,201900
306,197500
306,257500
306,205000
306,216100
306,234200
305,197900
305,197100
305,195900
305,279800
305,209200
305,211400
304,233600
304,208500
304,201900
304,202000
303,191900
303,192300
303,201900
302,190600
302,193800
302,191900
302,196000
302,196500
302,191900
301,194100
300,196300
300,306900
300,188600
300,187200
299,186200
299,192800
299,193300
299,186400
298,189800
298,245000
297,186200
297,189700
297,183100
297,183300
296,188300
296,187600
296,188500
296,180200
295,180900
295,185300
295,186800
295,209800
295,181500
294,232100
294,187000
294,189900
294,181600
293,177100
293,182300
293,176600
454,140500
292,176000
292,302200
472,200000
292,256300
292,275900
292,209800
291,176200
291,171900
291,172600
291,179300
290,170300
290,169500
290,169800
290,176600
289,177400
289,233100
289,171500
288,169100
367,196900
288,174700
288,242300
288,169600
288,168700
287,163900
287,172700
287,172000
287,166800
286,162500
286,166000
286,170800
286,164200
286,170100
286,232800
286,166100
286,166400
285,167700
285,171500
285,163600
285,161200
285,164400
285,164000
284,163300
284,167100
283,164500
283,158700
283,161600
283,159700
283,166100
282,161400
282,158800
282,163500
282,156400
281,154000
281,157600
281,218100
281,294300
281,213800
281,205700
280,170900
280,155000
435,115300
280,154600
280,154400
280,210100
279,158600
279,152200
279,152900
279,153000
279,154300
279,160100
278,181600
278,154600
278,152100
278,151700
277,205400
277,214500
276,154000
276,154300
276,147600
276,145800
276,153700
275,148900
275,146900
275,146600
275,146200
275,145900
275,152200
413,171000
275,202600
274,144200
273,162900
273,169700
273,213300
273,161800
273,135300
273,189200
273,143000
272,135300
272,141100
272,145500
272,141900
272,140500
271,146000
271,140600
271,146900
270,145500
270,142700
270,136700
270,138500
270,137800
270,139200
270,144500
269,134900
269,199100
269,164500
269,171200
269,150500
268,126700
401,212700
268,135400
268,133900
268,130200
268,135300
268,133300
268,132800
478,228900
268,134600
486,193700
268,133000
267,132700
267,137400
267,138800
266,139900
266,132800
266,131200
266,130900
266,131200
266,130000
265,142400
265,130900
265,130100
265,128500
265,130500
264,127800
264,134000
264,135000
264,127000
264,128900
264,133100
264,127500
264,127500
264,128400
264,137800
263,125600
263,122600
263,124800
263,131700
263,231600
263,134500
263,129900
262,126600
262,124100
262,125200
262,124500
262,127000
262,123500
261,166800
261,162900
261,128000
261,132500
261,122300
260,119900
260,133800
260,125500
260,122400
260,122100
259,120600
259,163300
258,117500
560,113900
258,229800
258,109800
258,151500
258,159500
258,119300
257,151400
257,124700
257,170800
257,118300
257,118300
257,115600
257,121100
257,123200
257,135300
257,155600
256,160100
256,144100
256,117000
256,120800
255,120000
255,114900
255,110900
271,137700
255,111900
254,110100
254,115100
254,114600
253,109100
253,113800
253,108600
253,108500
253,112600
253,108000
253,115700
410,170500
252,117000
252,111400
252,105200
252,107800
251,151400
251,105100
251,103200
251,111700
251,104100
251,108400
251,105800
251,103100
251,111400
250,102700
250,101500
250,103400
250,104400
250,116000
250,108400
249,94300
249,104200
249,100500
248,105500
248,99600
248,98700
248,98300
248,99700
434,108000
248,147300
248,100300
248,98500
248,100400
247,200600
247,205700
247,204800
247,202000
247,246700
247,202000
247,251900
246,225100
246,199700
246,236300
246,214600
246,198500
246,197500
246,198200
478,180900
246,226700
245,216100
245,200000
245,197100
245,198000
244,286600
244,196200
244,195800
244,203100
243,205400
243,200500
295,180300
243,200500
243,245700
243,205400
243,195600
243,193500
243,193300
242,192200
242,198200
242,194600
242,189900
242,191300
242,192200
242,250700
242,189100
241,185600
241,200100
240,193400
240,228200
240,250700
240,234500
239,200200
239,188400
239,186800
239,201000
239,203000
239,230400
239,281600
239,200300
239,229800
239,197400
239,214600
239,188200
238,192200
238,193500
238,184000
238,186100
238,185900
238,186800
238,188500
238,193000
237,260300
237,192400
237,187000
237,185800
237,182800
237,183600
237,183100
236,191600
236,181800
236,194400
236,183600
236,182400
236,181100
236,232400
235,187800
235,180700
235,180300
235,179100
235,185900
235,185600
381,171800
235,181700
235,180400
235,265400
235,180000
235,181700
235,179700
235,179800
235,191200
382,121900
235,193000
235,180900
234,179300
234,215000
234,224100
234,215400
234,194300
234,183300
233,182500
233,175700
233,181900
233,175700
233,177700
232,182100
232,178000
232,232000
232,175900
232,175000
232,208500
232,186400
232,206000
231,180300
231,171800
231,179500
231,175000
231,174800
231,173300
231,182300
231,193700
231,178700
231,183100
230,169900
230,230200
230,185800
229,249600
229,171600
229,169900
229,170400
229,180000
229,170600
229,174600
229,168100
229,170300
228,167900
228,178500
228,171900
228,176400
228,167100
228,170300
228,170900
228,176200
227,167500
227,181400
227,167900
227,175700
227,208800
233,227900
227,229200
227,185200
226,171400
226,162300
226,166700
226,171800
226,245400
226,168500
226,172100
226,166900
226,244100
225,164500
225,163900
225,209000
225,164100
225,170300
225,165500
225,230800
225,171400
225,164100
224,163400
224,163400
224,230000
460,157500
224,167400
224,169100
224,174900
223,161000
223,159800
223,164200
222,158500
222,159900
221,166000
221,156900
221,158000
221,163000
221,162400
221,158800
221,158700
221,158100
221,157000
220,184900
220,234100
220,222400
220,199600
220,201400
219,208700
219,225700
218,157800
218,160800
218,153600
218,232100
218,159500
218,172800
218,144200
218,160300
217,158600
217,153700
217,151400
361,248700
217,154100
217,149800
217,144600
217,148700
217,142400
217,231400
217,142300
216,136300
216,153200
216,147100
216,152200
216,137300
216,140200
216,172800
216,160700
216,138800
215,148300
215,249300
215,151000
215,154600
215,149100
215,147500
215,152800
215,144900
323,122100
215,153500
215,161900
215,155500
215,145000
214,146700
545,192600
214,145000
214,241300
214,145600
214,152100
214,143300
214,144900
214,146300
214,267600
214,146500
600,180100
213,140800
213,144400
213,144500
213,150000
213,144100
213,156000
213,142300
212,140600
212,142700
212,163900
212,187100
212,150300
212,135500
212,139900
212,144700
212,147800
211,139700
211,141000
211,153500
211,141000
211,137800
211,139700
211,140500
211,179900
210,140100
210,138400
210,138300
210,137900
210,152800
209,168200
351,189100
209,138400
209,144300
209,136900
209,141700
209,137500
209,145000
209,215000
209,138300
208,135000
208,206200
208,214000
208,143000
208,132900
208,135100
208,135300
207,234100
207,134000
207,131600
207,133000
207,134800
207,131800
207,131600
207,140700
207,134100
369,206200
206,130900
287,166400
206,131500
206,135300
206,134700
206,129500
206,131900
206,137100
206,132000
206,129900
206,138500
206,132300
205,127000
205,135800
205,132600
205,129500
205,136300
205,158300
205,237600
495,218500
205,141200
205,128800
205,240600
204,130800
204,127700
204,141900
203,126500
203,126500
203,125400
203,130100
203,128400
203,124500
203,126200
203,124600
202,123600
202,122300
202,125500
202,155600
202,125300
372,110600
202,132000
201,124100
201,130400
201,123600
201,129700
201,123700
201,123700
201,128900
200,160500
200,131700
200,120600
200,122400
200,120700
200,121300
213,151900
199,119200
199,122200
199,119900
199,119100
199,146100
199,163600
199,157300
198,152800
198,282200
198,150700
198,144400
198,118800
198,152700
197,115200
197,140100
197,115600
197,142800
359,214000
197,113300
197,145300
197,140000
197,121100
197,123600
197,156800
197,158100
196,165000
196,162300
196,157100
196,158900
196,153700
196,119100
196,138700
196,119400
195,118500
195,115000
195,115300
195,119900
195,113300
195,113200
195,120400
195,114200
194,110700
194,110700
194,119100
194,120500
194,110000
194,194900
193,111400
193,109400
193,117200
193,180700
193,116100
192,113600
192,106600
192,112400
192,109100
192,107300
192,109000
191,159100
191,110000
191,103500
191,105100
388,132900
213,145300
191,106000
191,109000
191,104100
191,110100
191,106600
190,165800
190,109900
190,105600
190,102400
190,103200
190,112600
190,110900
190,137400
190,128500
189,145700
189,113200
291,174600
189,108500
189,104700
189,104300
189,105100
207,132100
188,113000
188,109000
188,98900
188,107300
187,99000
187,130200
187,190600
187,99200
187,104900
186,96700
186,96400
186,95500
479,187600
186,124600
186,149200
186,158200
186,136000
186,105200
186,136100
186,122000
186,101600
185,197700
185,199100
185,198200
185,205400
185,200000
185,199500
185,204300
184,195800
403,156500
184,199000
184,195600
184,196700
184,196000
184,201800
184,196500
184,202300
184,198400
184,196900
183,197700
183,196400
183,200700
183,194500
183,196200
183,239900
183,204800
183,227500
183,255900
183,196200
183,195900
182,203200
182,229100
224,188100
182,464600
182,282300
182,268400
182,198200
181,224300
181,250000
181,228300
181,297000
181,246300
181,196700
181,182000
181,255000
180,202700
180,221700
180,217700
180,194300
180,218400
180,199500
180,195600
180,209000
180,189200
179,189900
179,194700
179,186700
179,244100
179,191500
179,188800
179,262100
179,195300
179,187100
179,187200
179,188700
179,187900
178,190300
178,185600
178,186000
178,185600
178,194800
178,239900
178,188900
177,186400
177,183800
177,181800
314,110000
177,189500
177,184800
177,184700
177,189300
177,185600
177,195800
176,182500
176,184700
176,182700
176,182400
176,211900
175,221500
175,188700
175,204000
175,184700
175,192100
174,182200
174,180900
174,183300
174,240900
174,230400
174,193900
242,196000
174,279600
174,205200
174,181500
174,180400
174,178300
173,184800
173,183900
173,178700
173,181800
173,179700
173,187600
173,184800
173,177700
173,231800
172,178700
172,183000
187,97800
172,182100
172,176600
172,176100
172,182400
172,176100
571,146800
172,180100
172,175900
172,177100
172,182700
172,179100
172,182900
171,175700
171,174600
171,181100
171,176600
171,203200
501,118900
171,174500
171,177000
170,243400
170,188000
170,181700
170,250300
170,242000
170,168200
170,185800
170,179100
170,170600
169,171100
169,172800
169,191200
169,220800
169,173400
169,169900
169,177300
169,181100
169,234900
168,170800
168,169900
192,167300
168,176000
168,168800
168,169400
168,219700
168,292400
168,178800
168,172000
168,167600
167,167300
167,169900
167,167800
167,173800
595,177000
167,168400
167,169400
167,168800
167,168100
167,170000
167,168000
167,169600
167,169400
167,166800
167,288200
166,169400
166,170000
166,174300
166,165300
166,171600
166,165900
166,168400
166,172500
166,173100
166,184400
166,188800
166,176300
165,166500
165,192500
165,244100
165,212000
165,167700
165,166100
165,172800
165,168200
165,160900
164,163800
164,162200
164,161700
164,167800
164,173700
164,161100
590,171100
163,160500
163,161200
163,162200
163,229100
163,218000
163,170900
163,167400
163,162200
163,165000
163,161400
163,165900
163,160900
162,167400
162,159400
162,165000
162,159000
162,159900
162,218600
162,166200
162,162700
162,183600
162,163500
161,159800
161,158900
161,157600
161,171400
161,167500
161,157800
161,160500
161,162700
161,158300
161,166700
161,160500
161,164500
161,163100
161,158300
161,158800
282,231100
161,171300
161,198000
161,265700
161,181400
160,193400
160,161300
160,158100
160,164000
160,156800
355,183900
160,157100
233,176800
160,156800
160,168800
160,156700
160,163500
160,155200
159,154600
159,154500
159,156400
159,225200
159,186300
159,180000
159,174800
159,178200
159,159500
159,251100
159,231700
159,158700
159,225000
159,163500
159,149700
168,169100
159,155300
206,132300
158,159600
158,158700
158,155300
158,153500
158,162200
158,155800
158,152000
158,156200
158,151800
158,154400
158,151900
158,153100
158,159100
157,153700
157,186500
157,153900
157,158700
157,152100
156,151400
156,149700
156,231900
156,211500
156,159400
156,248400
156,149800
156,154200
156,151200
156,149800
156,158500
156,151300
155,156700
155,152100
155,148500
155,155300
155,149600
155,154400
155,148900
155,154400
155,149100
155,148100
155,147400
154,148600
154,147200
154,177400
154,149900
154,146800
154,142000
154,148300
202,137900
153,149400
153,210900
153,146400
153,213400
243,201700
153,150300
153,205300
153,145300
152,141900
152,141300
152,147100
152,143700
152,143900
152,143400
152,143600
152,143100
152,142400
152,143200
152,143000
152,149900
468,163500
151,141600
151,140500
151,144300
151,134700
151,187000
151,152200
151,144700
151,142100
150,141400
150,140200
150,206100
150,135100
150,146300
150,141600
150,157600
150,136000
150,149700
564,122100
150,139200
149,138400
149,137400
149,131800
149,139100
149,144700
214,139200
149,139900
149,140400
149,138300
149,143700
149,152600
149,141500
149,144800
149,137700
149,138500
149,139900
149,137300
349,201400
148,139000
148,162900
148,145300
148,139300
148,254400
148,132700
148,136900
148,136400
397,147400
147,133900
147,136400
147,138000
147,134200
147,145100
147,133400
147,173700
178,195300
147,144500
147,136700
147,139100
147,136000
146,175800
146,132600
146,141200
146,140000
146,131100
146,132500
146,132000
146,137300
146,137100
595,174000
146,135000
146,132600
145,130900
145,130100
145,138500
145,138700
145,137800
145,195800
145,186900
145,125800
145,135300
145,169200
145,123000
145,127000
292,215200
145,159700
144,157900
144,160800
144,160400
144,157400
144,164700
144,133200
144,138000
144,192700
144,141100
144,128400
144,128600
144,130700
144,136100
144,129900
143,173300
143,138900
143,156000
143,142600
143,128700
143,127800
143,129800
143,131700
143,130200
143,135000
143,127200
143,126600
143,127400
142,124700
142,126200
142,127900
142,129000
142,128100
142,126200
142,126200
142,124200
208,142600
142,125600
142,132100
142,126900
297,180400
142,124200
142,124600
142,131100
142,126900
142,132400
142,127400
142,127400
142,125300
142,126100
141,130600
141,128200
141,130600
141,131800
141,122300
141,132200
141,203000
141,128100
141,185300
141,132800
141,127500
141,150400
141,133500
140,124500
140,129400
140,124600
140,145700
140,155900
140,133600
140,122400
633,136500
140,122900
140,123500
140,131600
140,172500
140,174400
140,118400
259,121500
140,126800
140,124000
140,130600
139,121700
218,165500
139,122200
139,121300
139,121700
139,121400
139,123300
139,120000
139,120300
139,119900
139,122400
139,120900
139,128000
139,123000
139,125300
138,119200
205,128700
138,127300
138,118900
138,118400
140,124500
138,123800
138,150300
138,121800
138,120900
138,120200
138,121400
138,118600
138,121700
138,128600
138,122900
138,120500
137,116400
137,117800
270,143200
137,169900
244,207600
137,118800
137,115400
137,117000
137,115600
137,123300
137,118700
137,134300
137,128100
137,146300
169,179100
137,125500
136,139400
136,119800
136,146300
136,119200
136,139900
136,198000
438,115600
136,136700
136,135100
156,151400
136,117100
136,114800
136,116300
136,115200
136,114500
135,121700
135,131600
135,115600
501,117700
135,121500
135,155000
135,130200
135,114600
135,126600
135,115800
135,119200
135,115200
135,112100
134,112300
134,112900
134,112600
134,115600
177,202300
134,111600
479,179900
134,119900
179,194100
134,111900
385,127200
134,111800
134,111600
134,113500
134,112800
134,109600
134,121600
134,112600
133,116900
133,118100
133,109600
133,110600
133,110200
133,117300
133,117900
133,110400
133,115200
133,111100
133,110900
133,109300
133,108800
133,175900
132,110600
132,106700
132,157100
132,112000
132,116300
132,108600
132,106600
132,109600
132,115200
132,109500
132,122500
132,140400
132,147000
132,150600
132,151500
132,162400
131,146900
131,110300
131,108500
131,109700
131,107700
131,107000
131,113700
131,109600
131,114000
131,147500
131,101500
130,110900
385,127000
130,104800
130,106000
130,104500
130,104600
130,106100
130,107300
130,104400
130,106100
130,118700
130,129200
130,114900
130,107700
130,107700
130,105200
130,105400
129,104800
129,110200
129,102900
129,104600
129,104000
129,103300
129,104200
128,101500
128,127000
128,97200
128,113000
128,101700
128,115100
128,102800
128,100600
535,231800
128,131500
128,119400
128,137300
128,100900
128,104500
128,121500
128,105000
128,106900
128,90500
127,101400
127,98400
127,100600
127,107600
127,101500
127,100500
127,99600
127,104900
127,106800
126,96400
126,96500
126,96400
126,98900
126,96500
126,97000
126,96800
126,97400
547,290100
126,137700
126,113700
126,129900
126,121300
126,116700
126,127100
126,100400
126,98900
126,98200
126,99500
126,97400
126,98600
126,91600
126,97800
126,103300
125,95200
125,89100
125,100100
238,195500
125,96900
125,102000
125,98500
125,118000
125,101800
125,101400
125,94600
125,95400
125,96100
124,96000
124,92200
124,96700
124,99200
124,155000
124,96500
124,98400
124,95200
124,152800
124,94600
124,96200
124,93700
124,95000
124,100700
123,203900
123,192500
123,195900
123,264400
123,203600
123,196500
123,203700
123,196000
160,157700
123,201700
123,197800
123,196700
123,196400
123,199500
123,249100
123,350800
633,137800
123,195700
122,195300
122,196200
122,193300
122,192800
122,199500
122,290300
122,186500
122,201200
122,196500
121,273200
121,191300
121,196500
612,202700
427,218900
121,231300
121,211400
121,201300
121,258600
121,200100
121,227000
121,193900
121,193000
121,203500
121,195200
120,190200
120,196300
219,161900
120,191300
362,196100
120,189600
120,240700
120,191800
120,191200
120,251400
120,196000
120,192100
120,190900
120,219000
120,192900
120,190200
120,188700
120,191400
120,208300
120,192400
212,143800
119,189900
119,187700
119,192300
119,190400
119,192900
119,253800
119,190900
119,278200
119,196800
119,288900
119,207100
121,200400
119,189300
119,190000
119,237600
118,186000
118,195300
118,187400
118,193400
118,187600
118,191600
118,187300
118,185500
118,189500
118,184900
118,186600
623,129600
118,245300
118,196500
118,185900
118,187400
118,192000
117,188400
117,186200
117,184800
117,185600
117,192500
117,187600
117,250300
117,188200
117,189600
124,97300
117,184000
117,186100
117,183400
178,185800
116,216400
116,193100
116,227600
361,290000
116,236900
116,282400
116,193200
116,193900
116,195600
158,176100
116,207200
116,229600
116,200500
116,247100
116,174700
115,185500
115,185000
115,183100
115,210800
115,184200
115,249500
115,212100
115,209300
115,181800
115,171800
115,170200
115,172000
114,170500
114,252000
392,130800
114,185500
136,106300
114,167700
114,171400
114,222800
114,172000
114,171100
449,123800
114,177000
114,179300
114,177800
114,176500
114,184200
114,172300
114,169800
114,172400
113,177100
214,135000
113,168300
113,177000
113,185600
113,170800
113,217300
113,181100
113,202600
113,178100
385,157900
113,176100
252,177700
113,174100
302,192200
113,258800
113,196900
113,234300
113,174800
169,228100
113,231700
113,182200
112,244700
112,181600
112,177900
112,176400
112,183000
112,177600
112,185500
112,186800
367,197300
112,178500
112,177000
112,177600
112,217600
112,209500
112,219300
112,186500
111,224100
111,232300
111,207700
111,183000
111,176700
111,225000
111,179500
111,174900
111,180700
111,174800
111,182300
477,176200
111,176100
111,175200
111,176500
111,183300
111,181100
111,177300
111,179800
111,175600
111,175400
111,188900
111,258500
111,226500
111,183800
111,177600
111,261400
111,192600
111,177000
111,259700
111,184700
111,176000
145,130000
110,173700
110,173200
110,176300
110,172100
110,180000
110,179400
110,175300
132,117100
110,187200
208,179500
110,178900
110,174400
110,181300
110,184500
110,171100
110,173800
110,181700
109,174300
109,171900
109,175200
109,171100
109,170600
109,172800
444,131300
109,171300
109,176100
109,172400
190,102900
109,179000
109,171000
109,173000
109,258100
109,174400
109,171800
109,174100
109,172900
148,142200
109,181300
109,226700
108,172600
108,171900
108,222900
108,250500
108,176700
108,230700
216,176800
108,196200
108,182100
108,169500
108,173500
108,167900
108,204600
108,173600
108,170600
108,171900
108,172300
265,135100
108,179100
108,170400
108,178300
337,147300
108,170100
108,176700
108,171400
107,170100
107,168400
527,160800
107,179600
107,169200
107,168000
107,174600
107,170600
107,168000
107,242200
107,180200
107,170700
107,168900
346,162700
107,174900
107,169500
107,170100
107,172700
107,168200
107,168000
107,199300
107,177500
107,222400
107,170300
107,171500
107,173900
107,169100
107,169500
106,171300
106,167800
106,171500
106,166900
106,165400
106,166700
106,168800
106,166900
106,197800
106,173900
106,217400
106,191100
106,209600
106,175400
106,166700
106,167200
106,166700
106,166500
106,174200
106,210100
106,170600
106,176700
106,168800
105,229200
105,167300
105,162700
105,164100
105,170700
105,163800
105,192800
105,169100
105,159900
105,162100
105,158500
105,194300
105,173600
105,167400
105,166600
105,165300
104,168900
104,192200
104,176200
104,215700
104,170400
104,166400
353,179100
104,166300
104,164800
104,164800
104,161700
104,165800
104,166800
104,171500
103,159800
103,220100
103,169800
103,163400
142,127300
103,159900
103,170200
103,160300
103,161000
103,160900
103,250500
103,185400
103,167300
103,177000
103,200700
103,257800
103,165600
103,162500
102,160600
102,160800
102,164500
102,159800
102,161800
319,125200
102,160600
102,158600
102,168500
102,161200
102,166500
102,159100
492,206200
102,167200
102,168000
102,159900
102,160100
102,166000
102,159600
102,171700
102,171500
102,161500
102,160300
102,215500
101,160800
101,172300
101,159000
370,201300
101,163400
101,158500
101,165000
101,157200
101,156500
101,159300
525,151400
101,159400
101,162800
101,159600
241,189100
101,158900
101,170900
101,161900
307,253000
101,160200
101,164300
101,160900
101,157700
593,199000
100,201700
100,166700
100,208000
100,188800
100,212300
100,161200
100,159100
100,161700
100,154900
100,155800
100,181400
100,160000
100,158600
99,166800
99,156900
99,154300
99,161100
99,155300
99,154000
99,155900
99,155700
99,155100
459,202300
99,161700
99,155200
99,161100
99,162400
99,155300
99,156600
123,244100
99,174600
99,199200
329,136000
98,154000
98,152900
98,154900
113,186400
98,152000
98,154400
98,152700
98,152800
98,165300
98,154900
98,154500
98,213300
98,157600
98,157700
98,155100
98,159300
98,156300
98,153600
97,153500
97,159500
97,165900
97,161400
97,189200
97,243300
97,163200
97,153200
97,159400
97,153200
97,159800
262,117700
97,153800
97,155400
97,153300
97,152000
97,152500
97,151400
426,201400
97,157000
97,151400
97,298500
131,143300
97,191000
451,174700
97,174000
97,151400
96,154400
96,157700
96,153500
96,192800
96,176900
96,194200
96,189700
96,328600
96,210200
96,160200
96,174900
96,310400
96,204300
96,161400
440,118800
96,158800
96,160700
283,184500
96,154200
96,155000
96,165500
137,125200
96,230300
96,157100
96,164900
96,156000
96,154000
96,156000
96,171100
96,185300
96,153200
96,158700
95,196700
95,193300
95,165800
95,152700
95,149900
95,151600
95,149200
628,179000
95,165200
95,150700
232,177200
95,148200
157,162000
95,154700
95,215600
95,171700
95,151700
174,221600
95,153100
95,160000
95,154600
95,152400
95,155400
95,153700
95,160300
94,188700
94,155800
94,154400
94,151900
94,152500
94,151900
94,163500
94,154900
94,153100
94,146700
94,149300
94,154000
94,157000
94,150200
94,152500
94,154700
94,150500
94,159500
94,221100
94,158000
94,153600
94,226500
94,159600
94,172800
94,148000
94,148400
307,200100
94,149800
93,155000
93,183200
93,185300
93,186200
310,111200
93,161500
182,198600
93,155300
93,156700
93,157400
93,151100
93,155100
93,147100
93,302400
106,174800
93,151100
93,152400
93,150100
93,157800
93,153000
93,152900
227,176700
93,149600
93,147900
93,161300
93,153100
93,145900
566,128900
193,117000
93,149300
93,178400
92,159300
456,148700
92,150900
92,142400
268,141400
92,150100
410,180700
92,148200
92,198100
92,153600
92,162400
92,152700
92,149700
92,149300
92,143500
92,151200
135,124800
92,151700
92,157900
214,151900
92,148100
330,142500
92,154600
92,226200
517,154800
92,142500
92,152400
92,153000
92,145100
181,285200
92,177900
92,181700
92,163200
92,144100
91,199700
91,149900
91,143700
91,151400
91,160400
91,148000
91,143100
91,161700
91,148600
91,149000
91,143800
91,142900
492,207700
91,147700
91,148100
96,161600
91,142500
91,146200
90,137500
90,157400
90,136500
90,144800
90,150000
229,171200
90,144700
90,164600
90,148400
90,141700
90,145400
90,141100
90,145900
90,150000
90,144900
90,152200
90,155800
89,142000
89,142200
89,144400
89,182900
89,150500
125,99800
89,144100
89,141100
89,142400
89,246100
125,126700
89,218800
89,180500
89,149300
89,209500
89,146000
89,144800
89,144600
89,137900
89,208900
89,175800
172,246800
89,167500
89,161900
89,132200
89,142100
89,149700
88,141700
88,143100
88,137500
88,143000
88,137000
137,137900
88,200300
180,203300
151,146900
88,145600
88,143200
88,193400
88,153100
88,143400
88,145400
88,145800
88,137800
88,147100
88,149900
88,137400
167,167700
88,143200
88,148500
88,143900
88,145500
88,149100
88,140500
88,146400
88,147700
88,143600
88,148000
88,188900
88,144100
87,142600
87,137100
87,137500
270,157700
87,148000
87,136000
87,137400
87,140100
87,132800
87,139800
87,161300
87,148500
87,140300
87,145300
87,132800
87,148600
87,150300
87,135300
87,146500
87,145100
87,140000
87,141100
87,146400
87,173400
87,193300
87,200300
87,186400
86,151500
86,151000
86,203900
86,142700
86,142400
86,138200
86,139300
86,173200
86,141200
140,129500
86,139800
201,129800
86,138200
277,160800
86,177900
86,169200
86,141200
86,136700
86,135900
412,177100
344,278700
86,140300
86,130900
86,165100
244,196700
86,171900
259,171700
152,177200
86,130400
86,164300
86,138400
433,245000
86,131000
86,162400
86,130300
86,160100
207,136600
86,169800
85,130500
85,159600
85,129900
85,160300
85,136000
85,186300
85,184200
85,171600
85,172100
85,261700
85,200200
85,174600
85,191300
85,216600
85,176800
85,182400
85,169000
539,245500
85,168500
85,169000
85,181900
85,172900
84,166400
84,147800
84,136700
84,133500
84,138100
84,130000
84,132800
84,139600
84,131900
84,133600
272,143000
84,141400
84,132900
84,140500
84,131800
84,130300
84,130000
84,206200
83,134000
83,131300
83,138000
134,113000
83,127700
83,131600
83,129300
83,151900
83,132200
83,128800
83,129600
83,131700
83,136800
82,128000
82,137900
82,127100
82,127700
82,130200
82,135300
82,129000
165,164100
82,191500
82,133700
82,129200
82,129600
82,130800
82,129900
180,211200
82,129800
82,121000
82,130500
82,129100
82,129600
82,129300
239,200500
81,126300
81,125200
81,185200
81,133500
81,125200
81,125700
81,250400
81,118800
81,143600
81,130800
81,153000
81,157800
81,135700
81,130400
81,127500
81,125900
81,128900
81,133000
81,131200
85,137600
81,125500
81,126100
81,126000
81,126300
81,133100
81,126300
81,165000
81,177300
80,129800
80,125000
80,124000
252,108200
80,124700
80,143000
199,121100
80,131300
80,124400
80,123800
419,249100
80,131900
193,109100
80,130100
80,127100
80,125900
80,124700
315,110900
80,124700
266,135200
80,126300
80,123100
80,124400
80,131900
252,159300
80,127400
80,135100
381,120800
80,124400
80,122700
80,195100
145,133600
80,124100
80,136600
142,132000
80,123400
80,124100
80,124000
80,124300
80,125200
79,123300
79,122200
79,122700
79,122900
79,121900
202,126100
79,124100
79,123800
79,163300
297,235200
79,156100
79,161600
79,150100
79,115300
79,132000
79,124200
79,123700
91,144700
79,124000
79,123500
79,122300
79,152800
265,132100
79,123400
106,177100
79,120700
79,122300
79,122200
79,146600
142,135200
79,124200
79,123900
79,124200
180,192200
79,122500
79,129900
81,124900
79,121400
79,122000
79,152000
79,122000
79,123000
78,122400
274,146000
78,121900
78,168200
78,121600
78,123200
78,122600
168,366900
78,135500
78,122500
184,229900
78,118500
78,143900
78,114300
78,115900
78,148200
78,118000
78,150500
236,181200
78,178500
78,116200
78,150400
78,119200
78,144600
78,125800
96,178400
78,156300
496,124200
102,205900
90,171000
78,125300
78,112400
78,176000
128,139400
78,159000
78,160400
78,159500
98,216300
78,164800
262,168200
78,162800
77,160000
77,238300
77,169600
77,158500
77,159300
77,154600
77,160800
77,193800
77,177700
77,156300
77,158300
77,157800
77,165400
77,173000
77,165400
77,176800
77,175100
77,175800
77,188100
77,186800
77,163700
77,174200
76,170100
462,267000
76,214400
136,156400
76,120600
76,119200
616,213700
151,142400
76,118500
76,126000
76,125800
76,140900
76,154700
76,134900
366,203900
76,118700
76,117500
76,120200
76,118400
76,124400
76,119300
76,119900
76,123600
535,198200
76,133000
76,112800
76,134700
76,109400
76,136400
76,147000
76,123300
76,115000
76,125300
76,118600
76,119400
76,118300
76,117700
75,116100
131,206600
75,168600
75,165900
75,123500
75,117600
75,118300
75,123400
79,193800
75,124700
75,117600
75,124500
75,124300
75,115900
75,116300
75,121300
75,118900
75,124100
75,115800
75,116900
75,116600
75,117400
75,114100
75,128400
75,117100
75,117800
75,186700
75,117100
75,117100
75,115500
75,120800
75,117800
75,115500
104,163900
75,118000
75,157500
75,124900
75,130200
75,118800
75,116000
138,120300
75,115800
75,116600
129,105600
75,115600
75,124200
75,117800
75,122500
75,117200
74,120600
74,115100
74,121200
352,174100
74,118500
74,120500
74,115700
74,114400
74,114700
74,114000
376,111500
74,116400
262,170700
90,195800
74,150800
74,137200
74,177300
74,118000
74,122800
74,115100
74,115300
74,116100
74,116000
74,108800
74,115300
74,108100
89,172100
74,114200
74,115300
74,114800
74,122800
74,111900
74,115100
74,119800
74,114400
74,114400
74,116200
74,121300
74,114000
74,114700
74,113200
74,131900
83,172800
74,116100
74,114200
85,132700
74,113500
74,112000
74,121600
74,119900
74,121300
74,114700
73,111100
73,120100
73,113000
73,114000
73,111400
73,118900
80,123500
73,113300
73,114300
73,113200
73,113900
73,113000
73,113300
73,271400
274,221300
73,172000
73,154100
73,154800
73,222800
73,165200
73,194600
73,162500
73,156800
73,153900
73,153100
73,153400
73,166600
73,155500
73,156300
101,250400
73,152300
73,162900
73,155800
73,153800
72,154700
72,152700
72,153700
96,231900
72,153200
72,151600
72,151200
72,150100
72,151200
326,211200
72,162900
72,153900
72,154000
178,288700
72,156900
298,286500
72,150100
72,153200
72,153100
72,154700
556,333500
72,153300
72,152000
72,153200
72,151200
215,220700
72,152400
72,161000
72,162700
72,159200
72,183100
72,159100
72,158200
72,152600
72,153500
72,122800
72,150300
72,115500
72,114300
72,121100
72,111600
72,112200
78,175400
72,113900
573,174100
72,112300
72,112600
72,119600
151,145300
72,118600
72,105900
72,142300
72,129500
71,113900
71,136700
71,127500
71,136800
71,136700
71,122000
71,118500
71,110800
71,109800
71,112500
71,111100
71,111600
374,110200
71,114600
250,105200
71,118900
173,179900
71,113200
71,115400
71,116000
71,110700
71,280800
70,129300
70,114500
70,162700
70,109900
124,106300
70,125500
70,108300
70,108500
70,108200
70,108100
70,116200
70,109300
70,110500
70,109500
70,152300
70,101500
70,112400
70,107600
70,107600
185,199300
70,108900
70,122200
70,109900
70,109800
114,182200
70,116000
70,106400
70,109000
69,105900
69,118800
328,182300
69,108500
69,106500
69,107100
69,107200
69,106700
69,107300
69,112200
69,107500
69,114500
69,105800
113,179500
69,106100
69,106000
69,113000
69,116100
69,106800
69,106100
484,191300
69,105800
69,107600
69,105500
69,105800
69,150400
69,133200
69,130900
69,132400
69,102900
69,104300
69,98200
69,130100
69,108200
260,128500
69,110200
69,110600
69,105200
69,103400
69,107500
69,105900
102,167000
69,105600
68,112300
68,103900
68,104800
173,186800
68,109500
68,136100
68,106400
68,105600
68,104600
68,105900
68,104000
68,104300
68,104000
68,105900
68,109200
68,105700
68,106000
68,104200
68,103400
109,172600
68,104400
68,110500
68,117900
68,105300
68,104500
68,105500
68,108100
68,109000
68,103900
68,103900
117,208500
68,103100
68,104000
68,111700
68,109900
189,103100
68,103200
68,103200
68,113000
68,104200
204,176900
68,104500
168,172500
68,102800
68,105200
303,208500
68,104700
68,103700
68,109900
68,104900
67,95200
67,103500
67,103300
67,100800
259,231000
67,123800
79,152100
67,151500
67,103800
67,115100
577,176000
67,133500
67,132800
67,133400
67,133600
67,105000
67,130100
67,115500
67,107800
67,105900
144,139200
67,110900
270,137200
67,102600
67,95700
67,107700
67,104500
67,103300
67,103000
67,100600
67,101800
67,102500
67,100900
67,103400
67,116000
67,104200
67,102700
67,102400
67,101000
67,109800
67,102700
66,101100
66,98900
66,104700
138,120400
107,170900
66,101000
66,100400
66,100200
66,98700
66,107600
66,101200
66,126500
66,127700
66,112200
66,101100
66,100000
66,101500
66,107300
66,101400
66,103500
66,140600
339,159300
66,100700
66,100900
66,101300
66,100800
166,171600
66,100600
66,100000
66,99900
66,100300
66,101400
66,100200
143,127500
66,100200
124,129300
66,101200
537,236300
66,102300
229,172400
66,151800
66,101800
66,109600
66,103200
66,100700
66,101800
66,103300
66,107700
66,107700
66,99600
65,105000
65,119800
65,110800
65,128200
65,130300
65,130100
65,137100
65,130700
65,108500
165,170300
65,98400
65,98700
65,106100
68,103300
65,97700
65,104400
65,104900
65,97600
287,166800
65,148000
65,100300
65,99200
65,99000
65,98500
75,125900
65,99800
65,107100
65,99600
65,98100
65,97400
65,99200
65,99200
65,104400
65,110600
65,99500
64,102100
64,96400
64,97300
64,103000
64,96100
64,98000
64,95800
64,97300
64,215500
64,97400
64,95800
64,105200
427,248300
64,126900
64,108300
64,111100
139,119900
64,97300
64,103800
64,104000
85,133700
64,98000
64,97000
152,144400
64,100200
64,106600
64,95400
64,98000
64,96100
64,99200
64,99400
195,124300
64,106300
64,99200
64,96400
63,94500
63,94700
63,92400
63,97600
63,94700
63,93200
63,100600
63,94300
63,94800
63,101700
63,93300
63,95900
63,94300
63,95800
63,94300
63,95300
63,130600
63,101200
63,124700
143,195100
63,117600
63,97200
63,103100
63,117700
63,104500
150,140900
63,97300
63,105100
63,104700
84,131400
63,96300
63,97700
143,178200
63,101800
63,96200
63,100300
63,94700
62,90600
62,92500
62,91800
62,150300
62,98800
62,98300
62,91100
292,174100
62,92500
62,92700
86,134300
62,123900
62,115400
62,86100
62,82200
90,144500
62,90800
62,92800
62,91700
62,92800
62,120200
62,93000
62,91400
62,89600
62,89500
62,91000
62,93800
62,93000
62,93000
62,93900
584,160600
62,96500
62,100100
62,94200
261,130500
62,98900
62,103600
62,92900
62,101300
62,92400
62,87400
61,193400
61,199200
61,193500
61,197600
254,111000
61,201500
61,185800
61,193400
61,193400
121,207500
61,192400
449,140300
61,192100
61,195500
61,291300
61,220400
74,105200
61,312700
61,281900
61,199300
61,257100
61,246300
61,208200
76,118700
63,98000
61,195100
61,195200
61,201200
63,101900
61,195800
449,133700
61,195300
61,195100
61,206500
61,196000
61,197700
61,195800
61,196200
61,223600
61,198100
61,196100
61,199500
61,195700
260,127200
61,202800
61,196400
61,196400
61,201100
61,209200
61,197900
60,193100
60,201400
60,193400
60,225400
60,195100
60,255100
149,142000
100,157700
60,204200
60,193600
60,195800
117,239800
60,229500
60,213700
60,217900
60,271100
60,242200
60,195100
60,192700
60,189800
60,190600
60,205300
60,201000
60,190400
203,128400
60,192600
60,197600
60,200900
60,191700
329,143600
60,191200
74,114900
60,225600
542,190500
69,108000
60,190100
60,191800
60,196900
93,146500
60,191200
60,258400
60,192400
60,197200
60,191300
60,190400
60,196100
83,130800
60,371000
60,240300
60,234900
60,259200
60,195300
60,197900
60,200000
60,193300
60,207400
59,191000
59,197000
59,189900
59,198000
59,191000
59,191600
59,195300
59,299700
59,229600
59,198700
59,227000
59,194300
59,182500
59,189600
59,191400
59,182700
59,267400
59,193600
380,120200
59,197800
124,95500
105,169400
59,191400
59,184600
59,192300
59,202500
59,184100
59,192900
59,188500
59,188200
59,196400
59,196600
59,247200
59,191300
59,190700
86,140000
59,190900
59,189400
59,191200
59,188600
59,242800
59,194400
59,188900
59,188500
59,191300
59,202600
59,189400
59,190800
59,190300
59,187900
59,256800
59,193700
59,196600
59,189400
59,211900
59,209400
482,196800
207,206300
59,225400
59,199100
58,188000
58,189500
58,187800
80,132300
58,298000
58,208200
58,190000
73,112500
58,189600
108,181400
58,250000
58,190800
58,188900
58,189400
58,219200
58,188900
58,189600
58,190200
58,189700
58,189800
58,186900
58,189400
58,189500
58,187400
58,254800
58,197800
58,196500
90,142200
70,106100
58,220300
58,189300
58,189000
58,190100
58,187700
58,192700
58,191400
58,189100
344,168000
58,186400
58,192500
58,187900
58,189000
58,194400
58,187400
58,224500
523,189400
96,166100
58,241100
58,217200
164,339200
58,194500
58,190400
58,196200
58,207800
58,192400
58,193900
58,209600
57,201800
57,186200
57,321000
57,236000
57,258600
57,201500
174,191700
57,186900
79,123400
57,196300
57,190900
57,185500
57,187700
57,193800
57,189600
57,188200
57,186100
57,195300
57,188100
57,194000
57,366200
523,187200
57,208500
57,216600
57,187100
57,248100
57,199000
57,198500
57,201700
123,199300
57,243700
72,172500
57,193900
57,231700
57,287300
57,281000
57,268400
57,256700
57,190400
57,188300
57,186300
57,236700
57,195900
58,195300
57,192600
57,186900
57,198100
57,189400
57,188000
57,188800
57,179300
316,121700
57,238100
57,197800
57,192500
104,165200
56,185000
56,187100
56,184500
263,126100
56,184100
56,193500
56,177500
409,175600
56,185100
56,186300
56,183900
56,191000
56,185200
59,190100
56,244300
56,255300
56,184800
56,186900
56,185300
56,181700
56,194600
419,184600
56,182600
56,185300
56,192700
56,202900
406,219800
56,243900
56,176400
118,192000
56,229700
56,188200
56,185600
423,191400
274,149500
56,189100
56,184000
56,184800
56,182900
56,185500
213,251500
56,192000
56,181900
56,216000
56,181100
56,211000
56,186600
56,184700
56,185100
56,187800
542,250900
58,191100
56,185700
55,237600
55,190900
55,183400
55,186000
145,132600
55,184100
55,185200
55,206600
55,183700
55,184800
55,183000
55,182800
55,186900
55,184700
55,182100
55,186700
55,268100
55,264300
55,189000
55,182100
55,182700
55,213100
55,240100
55,203500
328,161200
55,222100
55,194500
55,183800
55,182200
55,184700
55,183500
55,197800
55,253700
55,183200
55,185400
55,181800
58,196800
55,189700
126,99500
55,182700
55,237300
55,225700
55,217500
55,189300
55,183200
55,182200
55,194500
55,185700
55,189800
278,150800
55,182900
55,190800
55,183700
55,190600
55,184200
54,182700
54,190400
54,182400
82,127900
54,183300
71,110200
54,188400
54,218900
54,185200
54,181400
54,182700
136,115500
54,311500
54,216300
54,256400
54,226000
54,245500
54,210700
54,285200
54,186100
54,190500
54,180500
54,180300
54,180800
54,219200
54,220500
54,188700
54,341000
69,115800
54,183900
54,188500
54,183100
54,182400
54,182500
54,187700
54,200600
76,119100
54,180600
54,182400
54,180600
54,199000
54,184300
352,172000
54,187900
54,181200
54,178500
54,187400
54,181900
54,178500
54,182700
54,243800
54,179500
54,183500
54,189200
54,182200
53,185400
53,202900
53,223100
53,182400
53,181200
342,158200
53,189600
53,181400
53,186200
53,180400
53,179100
53,254300
53,222700
53,315700
53,215300
53,193500
53,181700
53,180400
53,180400
53,181000
53,184900
53,187700
53,188400
53,219500
53,182700
53,199500
53,182700
53,186000
53,181100
53,178300
53,184000
53,250400
53,182000
53,180600
53,179600
53,326300
53,213400
53,218800
53,184800
53,204100
53,187200
53,178800
53,178100
53,185300
53,226200
53,182100
53,178800
53,181000
52,185600
75,119200
52,178700
436,111800
52,179400
52,177100
115,226300
52,190100
52,179700
52,178500
52,179100
52,179000
52,209900
52,210900
52,209100
52,212200
52,216800
52,174900
52,186200
52,238400
52,179700
52,196400
52,180500
127,101400
52,179300
109,174100
52,180300
52,202100
52,187400
52,178200
52,178900
52,184300
106,235800
52,180800
52,178500
52,178000
52,179700
129,102300
52,184700
52,185800
108,171700
52,185100
52,185100
52,191700
52,178100
52,178400
52,176300
52,179200
52,259700
52,179800
52,179300
52,177000
52,177200
52,185400
52,179400
52,183600
52,179200
52,237500
52,183900
52,178500
52,179300
52,178200
52,177300
52,280600
52,222500
52,177800
69,127000
52,244600
52,197900
51,179500
51,178100
51,177200
51,175200
51,201900
51,185200
51,178300
51,175600
51,178100
51,212600
51,182100
51,169400
51,185000
598,186700
51,193500
51,215400
51,176400
51,177000
51,176800
189,102900
51,182400
51,177800
51,229300
51,180300
51,176700
51,181300
118,288200
51,177800
51,177800
127,100000
51,194700
57,190500
51,176300
51,175700
51,177100
51,187500
51,174400
51,175200
51,174800
51,175800
51,178800
533,178300
301,187800
51,183200
273,143700
51,174700
51,211500
51,235200
51,187400
51,215600
51,206300
51,179900
75,115900
51,175700
51,198400
51,214200
51,179700
50,183400
144,137500
50,175500
50,175000
50,173900
50,176100
50,226700
50,179300
50,280800
50,225300
50,197400
50,176000
50,182200
97,153600
50,176000
50,176700
50,347300
50,260000
50,252700
144,195700
50,175400
50,218300
50,184800
50,175600
210,191700
50,177200
50,176000
6,102900
4,97600
6,101500
147,135500
6,106400
453,142200
6,101500
1,101000
1,99500
23,131100
6,105700
6,101600
58,241600
2,95500
2,114400
190,132500
6,122300
11,135700
6,120000
6,102600
6,121900
6,101500
6,102500
58,190800
29,170600
1,88100
6,120700
6,113000
104,184800
6,112900
36,147300
6,89500
301,179400
6,105200
3,128100
62,111600
6,108800
6,103100
6,102600
6,121200
44,193900
6,100700
23,165400
6,125900
6,137100
6,143000
3,109300
367,204000
6,126800
2,123600
2,96300
73,113900
17,120100
1,91900
6,104100
6,101400
158,161100
1,91600
6,106900
3,97400
32,156900
3,102000
12,112700
1,94100
1,100600
4,103500
473,174700
6,99400
312,107500
79,121100
6,107300
6,99800
6,108800
552,204800
297,184300
77,117900
6,103300
17,189200
79,124600
6,101500
6,100600
1,91300
55,199600
6,116700
6,127100
22,121200
6,106800
6,105300
20,113100
6,111200
6,136100
6,106300
3,87300
6,90500
6,89500
3,83800
1,80200
14,110100
6,107800
6,98300
6,233900
5,117300
1,96500
5,164200
26,143000
6,100600
206,133700
2,106600
325,129200
6,101800
6,102300
10,107500
6,99800
1,91100
6,107800
4,129200
23,130700
6,104700
11,107500
8,104700
15,122600
6,100000
17,124900
6,111000
6,97400
6,103800
6,100700
3,94100
1,92300
76,125200
4,98400
2,104200
46,184100
7,103600
6,101800
34,149000
6,102000
2,95700
18,122200
16,125000
6,106800
262,126100
6,102200
616,210800
5,102100
22,130700
6,108100
6,100500
6,111100
4,98200
69,111900
6,101800
60,192500
6,102000
8,105000
56,222700
6,97200
6,105300
421,196000
2,96400
1,90600
11,110000
6,103200
239,289300
4,87200
6,124500
2,128800
6,128600
6,96400
7,136600
11,115600
6,102200
6,101400
6,109000
6,102200
6,100500
93,153200
2,93200
1,94300
24,124500
6,103700
6,101600
6,101700
472,172500
26,134700
390,153900
1,105700
298,184600
100,159600
6,99600
6,102200
17,117500
6,101100
173,193200
28,139200
6,108000
6,102100
461,155100
272,140700
10,108600
6,107800
6,101700
6,101700
322,124000
61,193000
34,148900
6,99800
6,112200
130,164100
36,187200
101,163600
6,102600
1,92400
6,101800
564,146200
6,101900
6,117700
6,104100
14,116200
6,102100
6,100200
1,91600
32,386600
34,155200
6,116900
6,92300
2,109400
60,219000
6,164300
373,105000
6,97200
7,123700
89,133700
6,103200
1,91200
1,91800
6,145700
4,131500
111,227400
6,112300
6,97100
257,106300
3,97800
125,103900
6,103300
4,102600
21,127800
6,101400
1,91000
6,100500
316,112400
121,198300
6,103200
5,111300
39,158600
6,102100
276,208800
6,109700
394,161100
6,102800
349,170900
77,127000
19,124900
241,190600
6,102100
124,120700
6,103400
116,188900
25,128800
6,94000
20,126700
6,109000
121,244700
89,144800
69,106200
7,103700
37,153000
6,108900
6,99200
6,105900
6,101700
130,106100
5,97900
50,174900
174,180900
6,100800
6,102700
2,105000
7,104000
15,124500
405,162000
62,90900
6,101500
30,148400
6,101200
3,104400
15,117900
6,102900
6,103000
6,101700
6,101100
101,159500
6,100400
31,162300
42,165100
3,95600
3,99000
6,102300
6,102100
530,177000
10,108700
6,149000
3,117000
6,113700
3,84600
6,125400
6,94500
4,116300
177,197300
30,143800
6,101600
5,99400
6,102700
2,94500
6,100100
6,103500
5,103600
38,159300
3,91600
6,92600
4,101900
1,91800
6,102100
6,102000
23,136600
6,107000
5,98300
36,152000
6,102900
4,97500
384,128100
4,98500
1,94000
38,295700
6,117400
6,122100
6,119300
3,100900
6,101200
1,100200
1,117800
6,106300
3,97300
6,108400
3,96900
6,142200
18,127700
104,167100
20,137900
102,247300
6,104000
1,93800
55,183800
6,101700
6,101800
1,95500
2,94100
6,100000
4,97100
2,93600
6,108100
6,100600
17,119400
17,119400
2,98300
6,103100
6,102400
7,105700
9,106100
136,117300
16,119200
6,106500
6,118700
11,120300
6,102800
4,104000
6,102000
6,99900
178,321300
35,218900
6,121300
6,124400
90,199000
6,131600
165,218500
6,106500
6,102800
9,109800
235,184800
52,181400
22,128000
6,102500
3,102700
3,99100
6,108200
4,98400
8,111800
15,118200
22,128500
6,164800
13,106000
6,110600
4,104700
3,98100
6,102700
2,94700
174,180900
114,193200
12,105900
6,102300
2,97500
14,121700
23,130100
6,102000
8,104200
6,105700
6,102800
6,100200
88,138800
6,102000
23,128800
6,101400
1,91300
6,99600
59,199300
1,91200
9,106000
6,100800
3,102500
1,95300
6,102400
239,195500
119,199300
6,101300
1,89800
1,94000
6,101400
5,101800
2,92800
6,108600
1,96800
80,125600
15,117700
179,190000
74,114700
6,102100
2,95900
6,102600
6,232000
6,112800
25,125900
395,145800
30,140700
155,149700
6,126500
29,192700
6,127200
309,271400
5,137100
6,120400
21,243800
176,198000
5,99500
5,99600
2,95100
18,122500
241,194500
5,121200
518,162300
23,121100
33,141200
5,134200
1,126900
5,134000
5,126600
516,162000
5,99400
14,115100
6,108500
34,147800
5,107900
6,163100
6,103700
5,93400
34,149200
14,113500
14,115400
17,121900
57,192100
5,100700
6,99800
120,198400
1,94000
5,99600
54,182100
6,146800
7,97100
8,108900
5,98100
3,97700
591,170100
29,141100
5,105300
5,100800
6,100800
5,100400
48,170400
5,107900
3,103400
68,104600
5,100200
8,106300
5,98900
5,100200
3,99600
7,102200
30,141400
5,99100
2,94900
5,105400
5,98500
5,99900
12,112100
5,99700
84,130000
9,106700
5,98700
45,166200
3,112900
5,122000
331,155500
9,126800
5,127900
5,130200
8,109200
7,116500
5,100000
5,100500
18,122700
38,156900
5,99900
5,100000
6,96000
5,106600
7,104000
5,99200
19,124900
5,100700
12,169100
513,141500
5,100500
3,101300
78,120900
2,100400
201,125200
17,122100
5,102400
11,111300
44,166400
5,254000
5,100500
16,113700
5,87800
167,172900
10,109300
1,93500
15,121700
5,99700
223,166900
5,100600
112,184900
27,137000
5,99500
5,104900
5,102100
10,109400
20,125500
6,102100
3,104900
5,99900
5,99700
137,118400
5,108500
14,116100
34,149400
36,152300
281,158700
5,99900
3,103800
166,169000
5,107000
5,107200
4,98200
6,101800
9,105200
5,105200
5,99400
5,105300
5,100100
5,100200
5,100000
5,100000
5,98700
4,103100
10,108300
3,96300
91,161600
5,139500
5,92700
23,166600
5,146200
9,109700
5,121400
66,111200
64,98600
5,99100
1,90000
5,100200
4,105600
1,91700
7,104300
5,100000
5,99600
143,137100
17,123100
5,100600
5,104300
6,102200
205,137600
5,99800
5,100400
1,109000
23,132700
5,100500
5,100700
25,140400
5,107100
5,100400
18,121900
1,108800
5,103100
161,267500
144,133000
7,109300
25,127000
2,94900
35,183000
15,120300
31,147000
35,149400
5,100900
610,199300
3,96800
29,147800
12,112200
5,100700
23,131700
5,100400
224,163100
6,101400
5,98800
5,105900
5,100400
5,99300
1,94800
34,148700
122,196500
5,100900
5,111000
5,111700
5,103200
160,159000
5,99400
20,125400
5,105700
5,100100
5,99900
12,113500
5,99700
5,100200
5,107500
138,120100
5,99600
42,161900
3,96700
5,103500
4,108300
6,115600
3,87900
5,105700
5,121800
5,122400
190,113900
184,264800
34,150700
5,99700
13,113800
5,105800
3,89900
2,100700
10,109900
5,100300
9,107700
5,99300
1,90500
5,97300
14,113900
5,99500
5,122100
18,123400
14,116300
117,185700
5,100100
51,176900
4,97200
107,265300
5,102000
37,155000
4,123500
5,121600
9,114400
5,90400
5,90500
5,93800
6,108500
36,151800
1,92400
149,138900
5,99700
76,116700
10,107400
6,101300
425,222500
5,95900
158,157300
2,94100
5,100700
3,95800
5,99200
79,123500
5,99200
1,101200
5,99400
93,152900
5,98700
20,130300
112,178200
5,99700
23,140800
3,100100
20,126700
5,98700
32,162700
6,101900
314,118800
250,108600
161,203200
17,154600
28,152000
33,144000
5,131500
19,171000
2,101400
26,136900
5,108800
1,93300
5,110400
5,105400
17,146500
5,98500
6,111700
11,109600
5,99600
5,100800
14,122400
5,107400
6,180800
6,103100
5,103000
5,99500
235,180300
8,105000
404,158300
3,105400
2,96700
119,223000
5,100800
5,99800
165,173400
2,95100
37,154400
1,93500
5,99700
360,330900
5,102400
3,95600
123,202900
3,97000
5,99100
5,257200
101,219300
3,91200
5,89100
5,110800
5,102100
334,149600
20,126600
5,98900
4,97300
106,167900
14,115100
5,98900
5,100900
5,100300
44,177400
5,101900
2,93500
5,99000
5,102800
5,100100
4,98500
5,106200
51,186100
5,99600
51,182800
2,93400
16,117300
4,99600
46,167200
5,124900
5,110300
5,105500
4,118900
5,118900
5,89700
6,102600
5,100400
9,106700
295,188700
5,99400
15,124700
8,102600
8,104200
18,123800
66,102300
5,98700
5,106200
5,104500
5,100200
3,95400
5,106200
5,99000
5,100700
5,93200
5,103700
5,113100
11,111500
5,98900
5,98800
5,98000
1,92200
5,100500
5,100700
2,95900
6,106400
55,184800
52,180100
5,99400
5,99400
5,101800
5,98900
3,95100
6,110500
5,101000
5,168300
49,175300
137,119300
3,96900
5,105800
5,123100
6,101400
5,100900
496,109900
102,162600
3,96200
24,130500
5,97300
2,97000
163,163900
5,99800
6,101500
4,104600
12,112700
5,100100
4,98100
12,119300
21,131300
5,101200
5,99100
5,100700
501,120300
5,101500
18,128400
1,91300
14,147800
25,137600
5,106900
1,92300
5,100500
5,102900
5,100100
5,100500
327,149000
5,146500
5,93100
10,126600
88,181100
5,123400
3,117000
5,118400
2,99700
18,121000
405,160300
20,131200
5,100000
2,93400
5,101500
8,105500
78,125200
12,121700
2,98800
5,95300
5,94300
88,204900
15,222700
98,163300
24,132700
50,163600
5,88100
5,95600
5,88300
5,103300
1,83000
2,83700
211,128400
4,106500
381,121500
1,91100
9,106700
5,106000
5,120100
5,102000
19,124100
5,100700
5,99900
5,97800
14,115900
5,106500
5,98200
4,130700
5,103200
50,175000
15,115800
264,136200
5,97900
3,98000
26,141600
2,92300
1,92100
11,110000
118,190300
5,98700
295,180200
5,99800
36,156700
5,107100
175,186600
5,99100
5,99300
5,97800
16,117400
105,171300
5,100300
5,99400
1,90300
9,104500
5,99700
1,90100
5,98700
306,213000
4,124300
3,122600
3,130300
12,156500
5,130700
92,211000
5,134200
5,92600
2,96600
5,130300
5,103200
5,99800
5,101400
4,97400
5,105500
5,99600
5,105700
37,154600
5,100200
563,177500
177,185200
5,125800
5,113500
3,117600
5,99500
5,110800
55,256000
4,104600
143,158400
2,99600
14,115200
6,105100
5,92400
6,102400
6,100500
19,123400
431,229800
5,102400
194,113000
5,101100
40,158100
5,100800
3,94700
18,127800
180,209300
67,105900
5,99200
1,89600
384,126500
6,102200
7,102700
609,257600
5,99100
5,101600
213,144900
2,91300
5,99000
27,138600
5,100300
5,240000
2,88900
6,104100
9,113600
5,99200
5,99100
5,99200
5,100700
2,103400
5,101500
14,115200
5,99500
5,98300
4,107800
5,99900
3,95500
5,99700
5,138800
11,131900
21,132200
5,121200
5,104000
6,106200
25,210900
122,203900
38,144600
68,106600
5,112900
73,137000
7,104100
5,119400
10,108500
5,119000
603,282600
6,97700
19,116700
5,109400
16,154400
26,129700
5,88700
5,99700
3,123000
2,120700
46,176300
24,165600
1,97300
4,115200
108,171600
12,114500
39,189200
122,192700
6,120200
4,98400
4,117000
11,114600
12,117400
20,133800
9,107300
4,97900
365,197000
3,104200
4,97300
6,99600
5,122400
4,132900
24,164800
4,99700
1,90800
4,96500
293,177900
4,96700
2,102900
5,101500
14,116300
2,92300
4,97900
1,94500
1,89900
2,95400
10,107000
4,103400
11,111500
21,127200
4,99300
4,98100
3,101500
15,117000
21,132000
4,98900
27,249600
480,181100
4,111700
3,119000
6,105800
4,98500
3,130200
4,120300
4,114700
4,100500
4,96600
2,95200
8,103800
1,88900
4,98700
11,106800
265,132900
54,188600
4,96600
4,98600
4,100000
13,113800
4,97400
4,102300
3,97800
1,90600
36,151700
4,100000
5,101000
4,104300
34,148500
126,216300
4,104100
6,92800
4,131400
4,102400
4,100800
97,153500
49,200400
4,102300
40,160400
44,165000
4,97400
28,139600
9,114800
2,97600
4,99500
4,105400
1,95900
4,98000
4,98700
6,102000
19,129300
4,105300
4,113100
4,98500
4,98400
2,92400
6,101000
86,135300
5,98500
10,107600
4,98400
1,101300
1,102100
153,149200
60,199000
45,164400
142,127800
4,97900
4,109700
4,99200
5,100200
4,98100
4,97100
11,109500
47,169800
6,100700
4,97600
6,121500
3,128000
11,221500
4,133900
3,122900
21,160500
5,111900
4,101100
68,105800
4,94700
1,92700
35,157500
4,92600
119,184000
4,109800
25,135300
4,96900
6,108800
7,102200
4,98600
7,101700
29,195900
4,107600
7,103700
4,97400
5,98000
4,98700
4,104000
2,94800
3,95500
158,153800
48,210200
4,103500
4,98900
225,164000
90,142100
5,98300
162,191500
12,114000
33,147000
4,97600
6,101800
150,140500
15,117600
1,93600
4,117900
6,126800
8,108100
4,97300
41,160400
4,97000
4,107300
16,117900
1,110500
4,100100
325,127300
134,112500
4,98500
388,132700
4,101100
4,97600
4,99500
1,95600
176,185000
24,131800
4,96700
4,104700
2,93700
4,97500
31,142000
39,161300
6,99500
6,101000
5,100800
5,98400
54,182100
22,135800
4,231500
304,235900
114,225700
13,110300
6,120600
294,190200
4,101300
22,129600
4,99100
4,98500
1,99200
10,109600
4,98000
2,96800
4,97500
4,98100
4,99400
2,94200
61,192600
4,98200
4,96500
1,92100
67,106700
5,100000
12,112000
200,122600
4,98600
108,180900
4,98800
5,101400
4,128400
4,94100
6,105300
11,109500
4,104600
9,107200
33,147000
4,99800
2,95500
4,107900
347,167500
4,96700
3,96100
20,125200
4,95800
5,106400
5,99200
2,100800
4,99500
124,95500
4,98500
4,98000
102,162400
4,97300
7,109600
4,97200
338,204300
4,109500
4,100300
15,115600
78,128300
4,97400
20,125000
4,110500
69,106400
4,98200
11,108700
4,97600
11,117200
4,97800
4,97300
60,191600
1,94200
12,112000
4,96500
22,127400
5,98600
4,97800
15,116400
1,91800
3,147200
14,115100
318,118200
4,86300
3,110700
4,133000
73,146000
50,241300
4,104800
7,104000
10,114500
4,97000
76,119200
4,97700
9,105100
24,195100
24,189400
4,100400
20,124600
51,176700
4,98000
6,101500
4,120100
10,109500
4,99200
4,98200
7,101300
27,136800
4,99100
37,154300
37,159900
4,100200
1,98900
10,108600
4,96300
4,98600
4,97600
2,92900
14,114800
12,208400
102,175200
7,105400
549,228800
2,95900
4,90600
1,107300
17,156900
62,97000
2,96600
113,179600
2,92500
4,97200
34,147900
4,101900
3,91200
3,111600
4,90200
4,100800
4,97100
30,141200
6,101400
4,99000
18,137900
4,108100
4,98900
1,90900
4,105200
4,98900
8,105200
5,99200
4,91600
1,110600
5,102800
37,154500
4,98700
4,98000
11,110800
4,104400
119,202700
4,112000
5,108100
4,109600
6,142700
13,137600
4,120700
9,100500
4,124100
1,92400
4,98600
5,98100
4,106200
2,94500
4,98300
1,90600
5,100500
4,110500
4,99500
1,93300
4,96700
60,191300
4,98500
2,94100
75,115500
2,101100
20,173000
4,105000
1,93100
4,96900
43,164000
4,97800
2,95800
34,155100
1,96300
478,182400
4,95900
4,99600
2,93400
4,98500
4,98000
17,118500
4,134900
4,102500
4,99300
4,97200
2,94000
12,111600
4,98900
6,103100
89,147500
31,144000
4,91900
1,81600
4,91000
2,83300
4,100200
99,155200
29,139200
4,110000
9,104400
416,177100
6,102600
4,103000
6,102200
79,123200
3,95700
271,192300
6,103000
75,117000
4,105800
3,88500
4,98000
67,102600
2,92800
4,104800
36,158500
4,98600
169,172700
56,275600
4,99300
3,99000
103,175400
4,96000
17,109900
115,290100
27,182900
177,181300
4,102300
1,90600
147,137800
4,124000
283,169200
4,97900
263,184700
1,93400
9,107600
4,96000
1,93700
7,107400
4,97400
4,97700
97,152500
2,95900
4,96800
16,117100
5,97700
588,188500
7,105200
8,107400
4,96800
4,98600
4,144600
4,100300
7,102600
120,194300
5,99800
36,157300
4,98800
2,100200
31,143200
4,98200
437,119900
4,102400
4,97900
1,92200
4,96800
9,112300
4,99000
10,112800
4,103700
9,112900
206,141700
4,101300
4,98800
4,103900
12,110700
14,122100
4,97000
55,188100
22,136400
3,95700
27,135600
4,98600
4,95800
24,132700
5,100200
151,149200
4,97600
5,105000
3,102800
10,106600
74,114000
4,96500
1,89300
3,98200
6,154100
4,139000
1,101700
32,169400
248,123800
4,107400
1,113200
8,128000
4,103900
215,146200
6,109000
610,230700
377,122300
4,96500
35,150600
5,101000
2,94300
4,98000
4,98400
4,99500
4,97600
4,99000
11,109300
21,145800
21,157900
4,101400
116,197100
4,98700
3,95200
4,97200
4,96800
10,110900
347,167300
46,177700
4,98200
4,98700
2,95200
30,142000
4,103600
4,100100
3,94800
11,110800
102,162200
4,97400
191,109000
4,98400
1,91600
28,144400
576,205200
5,103200
4,99300
131,109100
4,96900
192,109400
3,101700
4,198800
12,134700
8,107000
12,113500
4,95600
4,95400
8,101700
1,89100
2,93500
28,136700
40,159400
3,94200
4,97300
4,94400
1,89800
5,98100
5,118100
4,97700
4,93800
191,95800
5,87500
15,105700
3,84400
4,98800
17,120600
4,103900
8,148700
16,151300
4,106900
12,154400
96,169600
4,102200
16,133200
24,131700
4,101300
4,98200
325,128900
94,149000
4,101200
1,93400
25,138500
37,155100
324,128600
52,178700
4,99600
4,97900
102,168900
54,261400
4,100400
8,106900
4,99300
10,107400
4,98000
110,174000
8,110600
4,98000
4,98300
2,94600
4,97100
4,97400
16,116900
20,132400
47,223500
4,107600
4,98400
257,116900
50,173900
5,98400
4,96800
4,97500
2,103900
5,106400
20,134500
4,97900
5,99000
1,94000
327,132700
6,148500
4,129200
6,103100
4,119400
34,152500
5,101100
391,137000
3,95500
4,98400
188,108800
1,92900
53,186500
24,130400
4,97500
4,97900
4,97700
372,105500
37,166600
2,104900
4,104400
31,144300
446,134900
4,97600
9,106200
106,168200
6,151500
10,121500
70,107200
6,106600
10,126000
4,110300
2,97900
4,99900
334,140800
61,193100
3,98900
4,97300
5,100300
4,98600
21,127300
3,103600
1,90400
4,98500
2,102800
352,172600
257,120700
14,116400
4,97800
14,195800
26,164100
5,119600
14,126700
25,159300
4,91000
4,85300
8,120100
27,138000
255,114700
4,97200
8,103900
4,96500
4,98000
165,165000
4,102700
4,99800
4,98100
134,112700
4,96000
1,96000
4,102500
4,97300
50,174200
4,102200
4,96700
4,104800
6,101700
4,97200
6,101600
25,131600
4,103000
5,100200
94,158000
4,95800
22,128300
4,96600
67,99600
1,91700
13,111800
5,100000
1,89000
14,122000
8,104200
4,104700
9,105100
224,170700
72,113000
4,101300
4,103000
3,106100
4,98400
38,162400
4,106000
4,96200
334,142300
117,185500
4,158100
436,124700
5,139900
4,118100
6,101700
1,120900
112,178400
27,158400
4,98300
4,98400
2,91700
6,99300
2,94800
7,103700
41,158800
6,110800
4,101100
1,91300
47,169800
4,106300
4,97500
4,98600
7,103800
4,97300
5,110900
84,191400
40,159000
1,89800
3,96700
4,104800
4,98500
300,227800
3,98400
4,97700
4,99000
4,96600
4,105700
37,153400
4,98700
4,103900
56,186100
6,100500
6,100500
4,117100
19,125400
27,143900
4,97600
20,125400
4,97700
4,96800
61,192500
2,92600
3,92800
6,101600
14,114600
17,151500
4,134800
2,94700
389,138400
46,170300
4,98500
36,153200
3,100200
4,99600
2,94900
4,96900
94,198400
4,106300
52,180100
4,99000
2,229400
4,100400
50,184800
3,95500
4,93100
4,119300
1,122900
4,154900
21,189800
4,107900
4,92100
10,150300
4,122400
4,101400
5,103800
1,113300
4,150800
1,97200
6,102700
5,101000
53,179600
4,96800
8,114800
4,99200
4,98900
4,105900
4,98000
4,98900
4,98100
490,205600
6,101400
208,136000
9,107100
4,97600
1,92000
1,93400
2,93200
6,101700
4,98700
2,103300
4,98600
4,98600
4,96600
4,98100
2,96700
70,106400
4,106200
3,98100
4,132300
161,161800
4,96900
1,93200
9,105600
2,91800
3,98500
38,156800
4,103200
2,99700
378,165900
19,124200
4,98300
81,126100
23,136700
1,92200
53,187700
4,97700
2,97200
9,106800
4,99800
4,96800
2,103400
4,98400
11,117400
4,98600
9,105400
5,101000
5,97700
4,98200
4,97800
1,91900
4,97000
1,90400
83,124500
4,98100
4,97200
4,105600
4,95800
23,130800
3,98400
10,108100
55,271700
5,96500
5,102600
14,118300
4,131300
7,125500
22,133400
4,104200
50,176500
2,93800
74,116300
4,95900
9,105300
271,141500
4,98900
4,101800
70,108900
22,124200
4,104100
438,113000
3,103800
2,98600
4,105500
9,116400
4,98200
37,155000
5,99400
12,113400
4,97500
2,93800
230,172400
12,116300
32,156900
4,100300
4,99300
629,203900
2,95500
15,115000
4,96200
4,194100
8,115000
20,121100
48,174200
4,97800
1,91100
7,102800
1,101600
4,99000
4,96800
4,98000
4,102000
1,90900
9,106100
6,100500
1,99600
7,118300
4,132100
4,118300
3,102100
10,110500
264,130100
7,111300
4,96600
4,97900
4,108600
91,151300
9,110000
4,97000
4,105100
4,107400
6,101400
1,91300
2,115500
24,132300
4,98700
10,109000
61,193300
4,99900
5,99100
1,91100
18,189400
36,189200
4,115300
11,150400
4,103100
166,170300
8,102100
86,142400
4,99400
1,89800
4,98200
14,126700
4,101300
4,98400
4,98800
228,169300
61,195000
4,96800
88,147900
4,97600
8,104600
4,104200
488,257500
3,97200
1,94100
7,103800
7,111700
4,104400
4,98800
4,100400
10,107500
4,98100
31,143300
5,100500
308,263600
25,135200
4,100200
4,98900
38,155300
4,99100
15,124600
4,109200
14,116700
4,105500
3,97700
10,108400
2,93500
26,133500
2,99500
4,97200
4,112600
240,189400
5,106800
4,99600
13,115200
41,159100
4,97800
5,104100
7,104300
17,128000
21,133800
2,95400
1,87900
22,129800
4,99400
6,100800
5,106500
17,121400
6,101300
435,108400
19,123900
4,97600
1,92400
13,112100
4,97300
14,133500
7,132100
75,125800
4,119900
3,111500
5,120400
4,99600
4,219800
4,111800
18,168400
4,100900
4,99200
8,104800
4,102400
4,103500
4,99200
4,103500
59,190200
6,100100
4,99600
38,156500
291,172300
4,102700
620,116700
4,99300
19,123500
4,97300
4,98800
21,124000
4,97700
3,105800
5,101600
24,134100
4,98200
22,134400
114,181100
2,95200
239,185700
5,99700
40,237700
4,100500
3,95700
2,93300
8,111800
5,99800
4,149700
4,101200
1,91400
5,100500
3,102100
4,96500
9,105800
56,185700
4,98500
3,107400
4,97900
1,94900
1,98300
6,107700
4,98200
22,128800
79,127900
5,121300
98,193100
4,100900
4,99300
4,97200
4,97300
4,98300
4,97200
1,91200
96,148100
4,102400
17,127700
29,139800
4,98300
4,99300
6,101400
25,157100
4,136100
1,107200
1,119200
12,163900
4,104300
6,133300
4,115300
6,101900
65,98700
3,95400
142,127100
23,129700
29,139000
41,168700
4,101600
19,124700
4,103800
4,97300
10,105700
4,97900
4,98000
132,109600
36,152700
121,196500
4,100900
129,106300
3,97700
4,98900
4,95600
4,97400
9,106900
22,135600
4,99000
2,94400
19,122700
4,97900
2,94300
31,144300
4,97900
32,160400
44,166300
144,130300
45,220700
177,186300
4,100500
386,134600
4,104300
4,97000
2,95500
31,149100
1,91600
4,97000
2,103000
9,213000
2,99000
3,92400
3,86400
1,92800
3,99300
60,194200
1,99500
27,147300
3,97000
2,96400
7,102800
6,102300
1,91700
3,94800
3,98600
16,117300
5,100500
3,96000
3,102900
1,93800
10,108100
3,131500
4,112400
1,93900
2,90500
3,97700
79,138700
3,116900
2,98200
6,129000
1,101100
12,111500
3,98300
2,95800
19,124700
585,159400
3,104200
35,157800
3,107200
31,141200
3,97500
374,125100
3,97200
8,106200
82,134200
3,101100
3,103600
3,101900
5,100700
3,95200
1,96900
1,86200
3,89300
37,147500
22,138700
118,189200
5,105200
3,94600
3,90700
3,122200
2,95500
15,104300
3,102900
5,101800
224,164100
37,154400
3,98100
12,110100
3,97200
12,110800
3,100800
6,101800
2,95900
11,110500
5,101900
4,100800
1,99200
3,96300
3,99400
44,171800
3,97300
1,92700
34,213100
180,192100
3,98000
3,95500
4,120700
3,120000
90,144400
2,94700
28,146200
3,98200
1,90000
3,98100
3,112800
28,138400
3,99700
3,96800
53,180600
2,97000
11,109900
5,100500
3,121100
35,165700
18,113700
3,114500
8,106500
29,170600
18,111700
116,194000
3,95200
551,251400
1,101800
181,192900
3,97500
3,89900
1,100100
3,99100
28,138200
6,101800
1,92600
47,170100
8,104900
65,104200
6,203500
104,209100
3,117100
4,126900
4,116100
4,103100
6,111300
36,149400
3,115300
3,96900
1,117500
3,96700
2,111200
12,109700
3,120000
3,92200
3,113400
5,102800
1,109700
25,131500
3,112900
3,101000
4,115700
4,126900
3,116600
3,94900
4,121800
15,120900
3,125500
3,106500
1,113800
3,113900
2,89700
7,91900
15,119500
6,102000
9,107200
209,140500
13,111700
4,117100
3,101400
1,92300
4,99800
3,105300
598,180000
2,94400
3,96200
3,98300
10,112700
3,97100
4,104300
4,97800
3,95900
32,162700
618,216400
47,326100
3,97400
3,105600
1,87300
3,83500
23,149100
3,105800
3,123300
3,100800
34,150200
21,127700
3,97600
4,97800
6,101900
3,97300
4,108700
7,97600
3,98100
4,100400
1,93100
569,139300
3,106400
4,101900
3,95300
3,99700
5,106500
4,103800
34,152800
4,95500
3,96600
13,111900
3,97600
3,96300
4,115600
3,90100
19,125900
5,99900
3,106500
3,99000
3,95200
19,122300
3,94800
180,200800
17,118200
3,96200
89,145700
6,100700
3,97400
11,110700
3,103600
169,170700
6,100800
1,92600
3,96200
450,134000
3,96600
4,97200
164,185200
7,115800
70,110700
24,132200
3,97800
9,107000
3,104600
5,98700
15,136300
3,129900
1,94300
10,97700
38,157700
429,264900
3,97600
1,201100
3,121200
3,106300
5,106300
4,93200
3,96400
9,114100
468,184500
183,256100
3,120800
3,96000
2,97700
202,169800
24,137600
19,151800
3,99600
3,97400
3,97200
4,104100
3,98000
2,93600
3,98500
592,177500
3,100600
10,107400
414,176300
3,98600
45,165200
5,104300
3,95900
217,157300
17,126700
3,103300
75,117300
3,95500
9,106000
28,145000
3,94300
3,101400
12,119400
149,145100
3,88300
3,96400
214,153800
3,104100
4,96100
30,153100
3,104600
1,89300
10,107600
109,171700
3,97300
3,98200
1,92400
3,103300
38,154500
3,99700
19,122200
3,96500
1,91800
3,96800
3,96100
10,107600
5,106100
5,99300
10,107600
3,96400
3,94900
49,174300
3,97200
1,90600
6,111300
3,97900
2,93000
42,161400
3,101000
177,185100
1,90400
55,191900
8,114400
90,141800
1,100500
5,98500
4,97400
3,95500
5,99900
18,120500
277,211400
113,209100
38,164500
3,112800
4,128200
3,89100
449,145300
342,158700
3,95600
3,102000
379,118600
3,88000
19,126300
3,96400
3,88500
89,141600
22,194400
101,159000
6,102800
3,95300
4,97900
29,141300
3,92100
353,230700
3,99300
1,92900
3,98000
1,92400
42,160800
4,106700
4,100500
3,94300
21,126300
3,97200
3,95000
8,110600
3,93600
4,98200
65,211100
3,102900
3,86000
3,107700
14,117600
562,152900
16,114300
4,86100
3,113900
1,92700
3,96300
3,95600
3,95200
18,120900
4,97100
361,188600
2,99900
2,96200
1,90100
9,105900
10,106900
3,95000
3,96700
26,140000
3,97200
305,216700
1,94700
7,101500
20,125400
5,180800
3,94500
122,208800
2,96100
3,91800
510,133200
3,96700
4,104500
11,109600
6,100300
3,96100
32,184600
3,130400
6,142000
3,115300
1,96900
10,95900
3,92600
16,120400
13,116500
14,114700
3,96100
3,97000
14,122200
52,185000
3,99200
5,100300
3,103100
308,203100
13,113200
3,97200
432,205200
1,88300
3,96600
5,105100
138,120900
31,144200
3,96400
3,98400
2,104400
1,88000
7,102200
3,103000
3,111200
3,98700
12,116500
534,240300
9,110100
3,96700
6,98700
3,111000
24,133300
7,102600
4,100600
8,105000
3,98300
3,98300
1,91900
2,95600
3,100500
3,95900
1,93000
4,97200
241,187600
10,109300
4,100000
2,95000
3,94700
7,112600
4,100300
11,108700
189,103300
3,97900
4,98800
21,124000
3,97700
4,100400
1,95400
4,100200
126,100300
3,95100
4,98300
1,91800
1,93500
1,94900
2,96600
3,114100
12,114800
3,95800
32,156400
72,110800
3,96100
227,167900
17,126900
21,266200
24,142500
3,93500
3,97600
2,101500
3,101600
16,121400
4,123500
5,91200
2,96300
4,87400
3,95900
18,123600
6,102000
4,97000
3,95900
4,112400
115,184700
1,92500
3,98500
3,99400
4,96900
3,101800
10,108600
137,130800
2,89000
7,103800
232,175900
3,99400
2,92500
20,124400
3,98600
45,182100
6,105800
75,123100
1,95600
15,116200
177,186200
4,104700
3,102700
9,111300
6,106600
3,99500
109,172700
13,111600
4,96100
7,102500
1,93000
1,96500
49,232100
40,161400
1,90000
1,89300
18,121800
2,98600
4,104900
3,103200
3,95800
3,98700
8,105500
6,99900
3,104300
1,98500
434,107400
63,92900
3,102000
337,148900
192,109700
4,98400
2,95700
3,98400
39,155400
3,95000
3,110100
3,98100
16,125100
3,106000
3,97800
3,96800
4,98400
22,130500
3,97800
1,126000
3,99900
7,135300
139,150300
3,118900
14,145900
10,115100
3,119600
3,106200
14,118400
3,97800
6,100500
86,135000
1,88700
1,94400
9,171200
4,100100
86,135400
63,94000
41,161500
3,97300
35,149400
25,133400
4,99300
5,102800
48,169800
634,144900
9,108500
20,125800
3,95800
14,128700
560,112300
3,102700
46,168800
3,94500
3,94300
238,184500
4,95800
3,179400
26,144700
3,94800
3,100500
3,102100
3,91200
149,179700
4,104500
4,129600
3,99400
32,154700
3,97100
1,92600
5,100400
3,95200
3,96400
115,196200
1,91500
21,123900
3,96100
3,95800
326,131000
244,201800
5,104200
1,92600
26,135500
3,95300
4,97700
5,107500
4,98200
3,96400
8,107200
6,120700
38,157800
51,207000
3,106400
3,109600
92,305400
32,198200
4,99900
3,132900
96,195100
2,115100
41,176500
145,134700
3,95100
143,130000
2,93700
3,98400
76,116000
6,106700
5,104600
139,125900
2,96400
7,95300
10,109800
144,131400
6,102100
204,128300
2,96300
25,142600
3,97500
21,126300
3,94800
288,165000
1,94100
3,96100
162,160400
23,146600
31,144100
3,98400
4,103100
3,97600
10,107600
3,95600
33,148100
66,104400
1,92900
3,96000
4,98800
3,96900
173,179400
5,98600
3,96100
34,158500
3,97700
426,198500
3,94100
16,116900
3,96700
3,96600
61,195700
5,108800
3,97900
362,196900
3,96000
1,96100
9,107400
369,278700
3,99400
22,163800
3,97000
222,161300
3,97700
3,96300
524,157000
3,101100
110,269100
2,95500
3,95900
116,185500
3,103000
4,98700
40,239000
44,174200
4,86200
3,83800
78,123300
1,113300
45,351000
6,121300
3,112000
25,124200
2,103700
3,106100
65,100800
4,106500
3,99000
1,99700
37,153500
6,102900
30,139400
234,186900
4,106900
31,142500
3,97200
3,97400
5,104900
3,98000
3,96100
8,103200
48,169800
3,118700
21,127700
45,168700
3,105600
2,88600
4,98000
14,115300
18,173000
2,95500
16,118900
4,97200
3,97100
32,161800
3,97700
48,172400
3,103300
245,199100
2,94600
3,102700
1,90400
15,117000
214,145200
3,97700
13,114100
113,187400
3,96700
94,147800
17,121300
128,103000
3,94800
12,111600
6,101900
4,97600
5,99400
451,138800
3,103000
5,99900
3,94800
16,118800
11,110100
5,100200
459,153700
5,102100
3,122400
4,128900
4,114400
3,115100
4,91400
4,86600
474,168300
385,130200
3,114300
3,99800
1,95800
7,104600
3,97900
116,184800
31,172500
3,97400
239,186200
3,98300
14,114600
4,99300
6,100400
3,103800
32,160700
3,99200
3,95300
3,100200
197,115500
3,98700
1,92600
10,107100
3,96800
75,118800
10,115500
3,100000
443,122300
5,99900
108,171100
85,132700
76,122700
2,94800
3,96900
3,95700
3,95400
68,103700
4,96700
529,166500
3,98500
2,95600
11,109000
3,100200
34,150000
3,93800
4,97800
3,96800
74,115700
3,98500
3,231000
3,99100
9,118600
3,85600
154,148100
4,109100
3,97300
14,117500
8,105600
11,117100
5,100200
2,96500
5,100600
3,95200
22,128900
2,93700
27,257400
3,107400
3,98000
3,103500
6,102500
99,211000
3,117700
3,101900
3,106000
5,101500
8,94200
3,90900
4,103800
4,119000
3,87500
18,131700
593,229300
3,96700
29,146700
39,163200
144,132400
5,107800
3,114500
3,99400
1,98800
107,170200
51,183800
17,120500
5,100000
45,185900
48,173800
3,97100
14,115900
3,99800
164,171600
1,97100
624,121700
69,107300
1,89600
32,153900
164,221700
3,98600
10,109000
3,90900
98,156400
3,96900
3,96200
6,100400
69,104200
3,97500
6,102100
21,126500
3,98500
3,109800
3,105700
4,97500
1,100900
27,138700
2,94800
4,99500
4,97900
3,102500
3,98300
3,98600
3,96200
3,99500
3,103900
15,118000
3,98900
3,106100
15,127900
5,100700
2,95900
48,174100
4,98100
3,95600
3,98500
2,95900
3,98400
123,203700
47,169300
3,97800
3,97400
99,156900
1,90500
1,92400
2,121400
4,105100
6,105900
1,99900
5,92700
3,95100
111,167100
90,144700
1,95800
5,107600
3,95600
101,160400
56,182900
8,111200
4,106000
46,213300
103,165700
68,104200
3,95600
6,107400
28,139000
3,98800
46,298100
3,112600
2,96200
6,105400
3,96900
42,165600
1,92100
253,118000
3,109200
5,97300
4,98300
7,102600
33,147500
622,117700
20,126400
3,92600
5,105700
1,90600
21,133900
40,158000
4,98100
28,137600
5,100000
13,113700
3,99100
3,96600
3,94500
7,102700
3,105300
3,96600
21,128500
46,169300
3,102900
12,112500
3,97300
3,95700
3,99800
3,94500
3,98800
48,229700
3,94100
194,261600
12,144900
28,186300
29,156100
33,147400
3,105300
95,151000
6,106900
3,90300
2,94100
4,99200
3,107000
4,98600
20,151700
3,120300
40,252600
3,106700
3,90200
4,90000
48,171900
16,130700
227,165500
3,94500
3,99500
2,93800
2,100500
3,101500
5,99600
77,193100
3,100800
4,105200
3,94800
3,100900
3,103300
296,181500
3,96300
3,108000
15,118600
7,102300
14,113600
3,96100
48,171600
3,94900
59,202400
4,102700
1,92100
1,93500
81,126600
61,192900
3,94300
1,93600
90,167000
3,97600
3,96900
3,102800
3,99200
3,94300
345,161100
3,97200
8,104500
3,99300
6,101700
5,99600
3,96800
3,95400
6,100000
3,94000
1,92600
3,94400
5,125000
54,181100
34,155200
3,97100
4,98600
9,105600
538,188600
1,97100
12,110500
16,118200
17,119600
3,93600
2,100700
5,99300
1,92500
5,99700
3,189700
220,173200
9,116500
128,135000
3,134700
3,113400
31,165300
3,111500
3,108400
6,101400
3,102100
8,123500
1,90100
3,84600
4,102000
3,102000
80,124800
7,103000
4,96700
4,100700
120,191100
3,96700
3,97600
3,101300
3,94600
4,104300
11,109600
262,123600
3,96100
3,96500
35,150800
86,134900
3,95400
42,161300
3,104400
3,104900
3,94600
3,95000
3,104800
1,92200
3,104600
3,98500
2,96100
3,89600
11,107300
3,98300
3,102500
3,93700
3,93700
15,121300
3,98100
6,99700
51,177500
8,104800
3,97700
163,168900
3,90500
252,114100
29,140700
3,97400
1,91600
72,110400
4,97400
3,97500
3,98100
3,102500
135,119000
7,109300
66,100700
3,97700
40,158000
7,102500
3,97000
54,182000
3,90300
2,114500
3,89200
3,83000
3,102300
9,107700
4,98900
22,127400
3,105400
3,98200
39,219100
3,97700
3,97500
3,96400
7,102300
45,166800
3,129000
5,135800
3,115500
2,131000
3,124700
19,136600
3,100400
12,115500
98,157400
14,122100
3,96400
3,96500
1,91200
3,95900
3,99300
28,138300
3,123200
3,97200
3,124500
72,147000
7,125400
14,144100
10,132000
6,151000
3,111700
1,93600
3,94300
2,92400
23,131400
234,178800
4,99000
4,235800
4,116600
18,154800
44,254600
46,195800
3,99800
3,111500
16,113600
3,98400
28,136900
4,96800
23,130100
11,110500
3,102600
4,98500
4,98200
1,92400
3,95900
4,98000
4,97800
3,95700
148,138100
3,107700
5,101200
5,99000
3,96300
1,91400
49,172200
86,135900
3,104600
4,97600
3,106600
131,114500
11,116100
50,174700
3,98000
4,99200
3,98900
3,98800
12,119200
4,97800
3,96800
32,154300
3,93900
5,101900
3,137400
2,98600
3,123300
6,126900
3,106400
19,151800
3,114400
9,108700
4,117300
3,102300
3,102500
3,101900
1,93700
20,125100
239,187800
3,96800
18,123000
16,118900
6,107200
46,168000
3,99100
3,97200
4,97700
3,95000
5,100400
3,95000
1,92000
3,101200
221,158900
4,97600
14,114700
3,95900
107,169700
3,97000
3,95200
2,102100
17,120600
6,102800
3,105300
75,176400
3,102600
442,122600
85,133500
3,95100
26,135500
432,207500
1,93900
4,96800
1,90800
9,107600
3,94900
1,122000
61,283500
3,116800
103,291800
3,124800
3,174400
36,189600
1,88900
3,115700
23,129900
3,114600
1,91600
2,130800
6,108600
54,209400
4,117200
47,199500
2,91600
5,104500
46,381000
3,88800
3,100300
3,123100
4,132900
4,132400
2,101600
12,114400
51,164900
22,171000
319,122100
1,91500
28,204000
4,100600
3,96400
1,93900
11,108800
3,95300
5,105200
240,194900
3,98600
3,99700
3,96000
3,96500
4,100200
3,96400
181,189900
7,108900
27,143700
3,98700
3,103900
253,109200
3,97600
336,147000
3,97200
72,111800
3,97800
55,200200
2,95500
15,118200
5,100700
7,104900
3,96700
1,92300
97,153800
3,114800
11,104700
5,102800
6,102400
3,98100
1,92500
3,98800
2,95000
33,148600
3,100700
2,95100
66,99100
1,92600
1,91700
3,98800
8,105100
8,102300
92,144400
9,113200
193,112800
3,97200
8,105300
30,145200
3,102600
3,143600
81,126300
67,111400
3,97400
2,93100
13,112300
3,97500
70,107600
3,106100
4,96900
13,119000
3,125200
3,116200
14,160200
3,97900
3,120000
403,189700
13,174400
223,211600
7,108800
61,200800
3,95700
441,119900
86,134900
3,100100
3,102100
27,138900
3,96000
6,101300
1,91700
5,98800
12,111000
3,104900
3,122100
6,110200
3,98600
3,96100
3,99600
54,182400
3,95300
3,95800
3,102300
28,146700
65,100500
3,95000
3,94800
3,98400
28,138500
4,96700
4,98900
3,102600
3,104000
3,97500
3,96700
9,107600
27,137700
52,179400
3,105500
11,132500
13,139900
3,102000
547,204900
97,152700
1,90700
1,99700
3,97800
5,97200
3,96300
4,97800
3,96500
90,141700
33,153400
45,189200
34,147700
5,100700
3,98000
5,99300
21,134100
219,153200
3,96600
113,176800
24,132100
3,99000
5,100600
3,96000
7,102100
7,101800
3,96900
147,201700
4,105000
3,118100
3,117500
26,153800
4,113900
3,118100
3,105300
3,107100
6,102300
3,98200
3,94900
12,112800
21,128000
3,91700
6,106900
540,188400
94,145800
7,105100
4,143400
126,101400
12,113200
3,100000
12,114800
3,94200
3,97000
29,139800
5,99200
17,119600
3,98600
385,127100
303,209700
40,158300
3,98700
3,97900
3,103400
5,98000
2,94900
31,141800
3,125200
3,98500
45,166200
538,182300
3,98200
3,97100
16,117900
47,179400
3,104500
3,104600
3,99600
3,94300
66,98400
9,107700
3,97000
3,97300
3,102000
81,128700
3,93800
5,100300
159,155200
9,107300
5,100300
73,112800
3,140400
2,97400
2,92100
4,97300
4,98200
1,93600
3,92600
9,106000
2,93000
18,136800
6,102400
3,102300
315,110000
2,94800
2,95900
86,136700
83,129200
3,114900
4,117200
60,310400
1,128900
4,107000
3,117000
18,212400
3,113800
1,123500
3,105600
18,149700
3,92300
3,113700
24,189600
33,179200
109,178400
49,204000
129,102400
3,113500
5,98900
2,126800
224,156900
4,86300
3,92100
3,120800
10,106000
73,134200
3,92900
26,165700
3,92600
42,190800
6,109300
9,127800
3,103200
3,91500
171,171200
60,228700
3,94700
3,119200
3,93200
2,112600
62,99900
3,115200
3,96100
3,113700
11,114300
5,100600
45,176600
3,103400
3,97400
17,121900
105,166300
3,95100
3,96800
3,97000
518,153700
14,116100
106,169200
5,101500
91,142100
28,138400
32,185000
3,99100
3,97900
1,90800
218,204500
3,97100
3,98700
2,93900
7,121400
7,148500
3,97200
6,135800
3,115500
3,88500
3,83500
11,136000
102,192200
3,98000
57,188200
3,99900
3,99500
8,105000
453,139500
3,103700
4,97800
8,113200
90,142300
3,105500
3,101200
3,105000
3,99200
5,100900
6,127200
624,125100
4,97500
1,92400
3,95800
9,113100
3,97600
3,153100
3,102400
23,129100
3,95000
3,97400
12,119000
3,100200
3,96300
373,105600
4,104500
20,134300
245,193500
120,191900
2,96000
3,98200
337,154800
3,96600
3,99700
7,103800
502,126600
3,96400
3,97800
4,97700
1,91700
2,96000
458,154400
3,99700
3,106300
3,96600
3,100800
249,140600
4,102100
5,91200
3,117600
96,163600
55,185600
3,95500
17,118800
2,94100
3,95200
4,96600
1,98800
2,93700
5,100200
5,98300
3,97800
96,153100
1,93400
2,92900
4,97900
30,183100
2,118700
3,104300
1,91200
560,189600
3,108900
5,119800
39,167800
3,98800
3,103200
219,154000
3,97400
7,103900
32,155200
222,165800
60,193600
3,97000
8,104000
3,98100
3,96100
2,91900
59,189800
3,102100
100,157800
5,101200
7,104300
3,96700
3,99600
101,161300
3,96100
55,253400
7,106900
3,105900
24,131400
4,97600
12,112600
7,103300
3,111500
21,135300
3,100000
3,97900
4,98000
2,93700
2,96500
10,109700
6,100500
30,148800
4,98300
29,139900
3,102900
3,98800
33,146900
4,98300
123,201300
3,104900
3,105100
4,99300
3,96300
56,182600
3,96800
1,93600
39,192400
3,96900
8,102500
3,98100
9,105000
6,102400
3,93500
3,97600
3,98500
3,123700
29,139700
169,173700
3,96300
46,175600
3,98000
3,96500
9,104500
232,246400
43,204400
3,114100
8,120400
3,115200
3,99200
6,106900
3,98700
4,96600
25,133900
3,101500
28,138200
3,98600
3,105200
253,194700
3,118100
1,113200
7,100600
10,110000
20,125200
90,143100
3,95300
3,105100
7,104300
3,96700
6,106400
3,102500
5,99000
3,95800
6,101400
5,164800
5,102700
260,121600
3,94900
4,97700
39,156700
343,158700
3,96600
3,122100
2,106800
5,107900
3,97200
4,103000
2,92500
3,98900
108,173700
5,99600
2,94000
3,97600
37,154100
2,94800
5,106800
153,149800
5,101200
3,98100
155,154900
21,128200
35,149600
3,95900
3,96700
4,98000
6,100700
27,137300
293,180800
3,96600
3,95400
3,97100
1,90500
3,97200
326,129700
3,94900
81,130700
4,98300
7,100900
3,93700
46,173400
3,97700
3,97100
12,111600
3,95700
3,107600
7,124300
7,147300
3,99100
3,117500
1,120800
3,112700
32,201700
5,111500
385,130000
4,97500
3,99100
3,97900
264,137700
14,114700
43,169200
3,96600
3,98900
1,96200
3,97300
3,96000
1,93100
3,97700
3,94300
54,183800
1,93100
70,112800
3,105500
3,94700
40,157500
3,93400
48,175700
4,97900
127,102000
1,92800
3,100300
1,98400
3,98400
24,134400
62,92700
3,117200
3,100800
2,92900
4,104800
77,119400
10,108500
3,96800
3,97500
45,171700
3,97600
3,98900
49,173500
3,97100
6,107500
3,98500
1,91600
3,101600
3,100600
1,80800
34,155000
21,229800
3,99900
137,125200
3,98100
3,83800
229,178300
3,95900
2,92300
25,133300
3,97000
6,101200
9,106900
6,109000
3,95800
3,98100
3,96000
30,148400
3,97300
3,98200
165,214600
3,106100
189,103200
1,99600
3,120300
22,129900
3,118900
3,115700
3,128900
9,111700
3,98100
3,97100
13,120100
3,96800
3,103100
6,102000
9,106800
3,104000
1,94300
3,103300
19,124000
38,156900
344,160400
3,95400
3,95800
3,125400
4,135100
3,146600
4,137000
23,203700
3,143900
3,142800
4,137700
1,87900
556,207800
3,89900
3,107900
31,149700
5,102600
3,105500
3,89100
28,128900
5,102000
1,93500
3,98300
49,174900
3,96500
24,136200
7,106100
3,98200
2,94300
147,201000
17,130400
2,95200
3,98600
3,101300
8,106700
415,180400
52,187700
7,101800
13,113900
5,101000
2,121700
1,92900
10,114200
2,93300
195,113700
74,115300
2,97800
2,98700
43,164200
32,151400
8,108600
264,130300
71,110700
3,94500
2,96600
2,92500
2,94500
327,177100
63,117100
4,94700
5,102000
376,139700
7,108300
125,98100
11,150200
5,141200
83,130200
2,96800
292,175400
265,130800
1,85800
1,80900
25,242500
1,118600
2,103100
2,101500
2,93200
13,119400
14,114200
2,102200
9,107700
23,131900
2,99400
5,105900
2,94500
100,160100
6,102700
2,91400
2,103000
4,99300
2,89000
2,105600
305,237000
66,107000
9,107700
2,102100
6,108700
1,100600
2,95400
4,99200
2,99100
2,99700
2,91800
27,139800
43,184400
3,95500
66,102100
3,97900
2,106100
2,99400
2,103000
2,85900
3,95800
5,106600
1,92100
67,105000
2,93900
7,112300
2,105800
10,104000
4,100200
9,106600
13,119300
19,127000
1,90600
284,164400
6,100400
9,107100
2,96700
100,160400
6,112400
8,112900
3,102400
53,180800
2,99600
2,94700
1,86100
8,107300
7,134100
528,175300
60,182900
27,176500
4,134600
15,136400
3,90500
105,212300
6,112400
2,98900
32,158600
1,116200
37,161700
6,174000
67,99800
2,87000
22,132800
152,155500
31,147200
2,92600
2,95700
4,101100
7,104300
279,159800
13,113500
2,93700
6,102000
2,97100
6,101800
3,94700
3,94900
1,88900
27,136600
38,161600
522,155200
2,94300
5,100000
254,112400
7,101800
518,154300
2,95100
137,124400
104,165200
32,157400
54,183200
35,152100
2,96500
1,93000
2,106700
1,92900
5,100900
1,95200
22,195500
3,100200
3,99200
1,90000
27,265300
237,204800
44,180900
2,110200
1,113100
5,105600
30,161400
3,97100
7,103100
19,131600
2,96000
5,99600
9,106700
4,105900
7,141000
2,129100
15,130300
1,124100
1,111800
18,130600
439,108700
1,93700
7,108300
9,106900
1,93800
1,94600
1,91800
1,94400
4,99000
32,156200
21,134000
4,94900
2,94300
472,172800
12,109900
1,93500
2,96400
5,98800
4,104100
1,99300
3,99400
8,105300
2,98000
2,95800
1,95900
5,100500
1,90900
484,252500
226,169900
1,93200
5,101100
3,97000
17,118200
36,151200
1,91500
4,102800
1,92900
2,93100
2,96800
1,89600
1,90800
19,123900
1,97400
1,93000
7,109400
5,98700
1,91200
6,102200
16,118900
68,104900
2,114700
4,111600
2,94600
13,136600
3,115200
18,147200
22,138800
1,81600
2,97200
111,176100
1,106600
250,102500
9,116400
228,172400
1,93700
2,88700
6,103100
42,160300
17,151000
23,133000
1,91000
4,97700
6,106500
2,106600
1,86500
1,94700
17,120900
7,167300
1,105500
1,90700
21,178500
49,215200
62,123300
1,125600
1,124300
4,87700
20,127500
11,110800
13,114100
14,122700
50,174100
21,131200
1,92100
5,100500
3,88500
9,108800
18,120500
5,107200
36,151800
2,102700
1,93600
3,102600
11,116900
17,120100
4,108400
6,103100
2,96000
3,97600
1,168300
1,111500
156,152300
2,93900
81,125700
23,138600
1,91700
19,127400
1,122400
5,109500
1,103600
1,93100
4,106200
1,94100
1,93700
1,90500
1,98000
17,121100
52,179300
6,102300
1,94300
2,95800
9,107600
1,94800
1,92900
3,103500
1,91400
341,213300
15,118000
5,100600
9,107100
1,95900
4,99000
1,98500
317,116900
117,185800
4,102300
4,98300
21,133800
2,97200
5,100600
7,113900
4,100300
11,109000
99,156300
2,95200
5,97600
2,98600
6,102700
1,109700
3,112900
47,223100
2,121200
12,142100
1,107400
235,283000
153,155600
27,138200
4,99500
7,103700
12,112400
1,89700
25,134900
15,126500
4,104800
41,168200
2,94200
6,107600
145,130800
1,93300
1,92700
473,186600
1,92600
2,94600
3,96300
1,99400
10,106500
1,99200
3,96900
1,92200
3,95700
6,101800
554,205800
8,150500
47,206100
320,187400
4,100500
32,156200
2,97200
49,187100
1,100700
8,103700
3,96800
14,115400
1,92200
1,95500
1,95300
1,90500
13,129700
1,92200
12,111300
40,158100
1,101600
5,99200
147,135900
1,92000
25,136400
2,95400
6,101200
3,97200
10,106600
263,125900
32,147600
1,91700
296,214200
9,114000
79,123400
31,143900
2,93800
155,149200
7,101400
1,219100
3,131200
6,145600
7,109400
24,128300
1,111900
72,169400
4,105000
4,100000
546,194900
2,94800
17,119200
94,148000
50,181200
5,101900
1,92700
39,171600
93,153800
2,92300
5,94200
48,166700
162,171600
4,98600
176,186800
1,93700
1,94200
38,157400
609,211600
2,86100
32,156600
105,167300
2,93100
371,205000
6,112800
2,108400
6,101200
1,93800
5,100600
4,100000
10,109100
3,95900
1,91300
3,96900
4,96500
1,94400
1,91000
50,182800
1,91000
1,99000
47,170400
3,96700
1,88300
2,100600
7,107000
14,115300
23,185600
2,95600
6,101800
140,125400
36,153700
48,178900
1,93700
8,108600
1,90400
3,90800
1,94600
2,93600
2,94700
22,211700
4,100600
31,143400
2,95400
462,231500
9,156200
96,238100
14,116200
4,118800
3,108300
1,94700
1,94200
11,111300
1,94700
5,107100
3,96300
221,158600
82,134300
18,118500
5,105800
40,164100
4,97300
8,104700
633,136300
29,138400
1,106100
1,81800
1,92400
2,93900
1,92400
56,184400
15,118200
1,94800
4,106900
1,91700
10,115000
14,116300
257,108900
1,92500
1,95000
3,94200
9,104600
3,103500
2,100800
30,140800
141,125900
8,112000
5,99300
77,119500
3,97800
83,250700
1,101700
9,150700
1,96200
1,93300
3,134800
5,112300
5,104700
1,93600
1,97100
3,102200
19,125300
20,128200
382,124900
2,94500
11,112200
51,186400
1,92900
1,92600
3,96200
1,91000
123,204000
21,127500
1,100300
25,134300
1,93500
239,188300
5,100800
7,105400
23,130400
50,212700
100,174300
6,103300
376,124100
2,94800
2,113700
1,106500
9,153400
97,161100
2,95900
6,103900
220,157000
21,127000
45,166800
2,97500
27,184900
6,94300
1,86400
4,97800
8,112600
2,96500
1,91500
356,181100
59,192200
1,90900
19,122600
5,100600
4,98900
3,96800
1,92500
17,128200
1,108700
5,101800
138,118900
4,97400
2,94700
3,99300
2,95100
6,102100
7,103700
21,165500
1,92500
1,93200
1,95400
1,92900
137,119400
1,90300
83,130100
20,132000
6,103900
214,148700
2,94900
128,104000
2,92200
1,90600
3,129700
3,98800
6,102100
1,98800
2,102900
4,99300
1,94800
179,195900
4,99300
218,163100
1,94000
61,193200
2,95000
5,100800
1,92700
3,96000
20,126000
1,92600
18,141100
1,93700
47,171600
1,92400
1,100000
1,91400
42,261200
6,141800
2,113500
6,96100
15,132100
1,108800
2,112200
1,98200
23,236100
23,133500
3,99000
1,96100
4,117100
13,107300
8,99800
3,98600
15,201700
385,146000
6,103600
2,89100
6,109000
1,84300
124,100800
9,105900
67,105800
14,118100
12,112700
489,202600
42,170200
44,161400
1,91900
2,101700
62,97000
7,103300
4,97600
18,123700
75,115900
1,101000
4,106200
1,85200
280,168900
1,123500
122,199700
9,118700
4,100300
1,95900
53,193800
1,98900
1,91600
17,121700
203,127400
52,178700
5,94200
2,97900
2,120700
138,118800
1,110800
9,120600
1,80800
1,82000
1,80500
12,99800
6,113700
1,90300
207,129700
1,100200
12,119500
2,125800
8,107500
3,97800
403,166600
1,102200
1,93500
8,105000
1,93900
2,92600
1,94700
1,90500
94,156900
17,119200
47,278600
4,140600
12,163600
329,171800
2,81100
4,99300
1,110300
1,100000
41,159600
4,99700
1,90700
3,96600
1,92500
1,92800
1,94600
1,119300
4,102100
335,154000
26,136500
31,144700
33,148400
4,102800
2,109100
2,101700
11,109100
4,98700
1,96100
13,115600
4,97700
1,96500
81,134100
18,128200
175,184700
4,98900
2,93900
1,91900
5,101900
135,115600
1,94500
104,169800
74,122900
2,102300
1,91200
379,119200
1,91800
11,110100
1,91900
1,115800
2,99700
1,89600
1,93900
4,101000
82,126600
1,94100
26,135200
4,104100
2,117100
9,109200
34,151600
1,95300
1,95600
4,98700
10,108500
41,163500
1,258700
577,153000
17,131200
12,129000
356,188000
5,100700
32,170900
4,98300
498,179800
3,97500
3,96800
3,97600
1,93000
1,102400
460,210700
7,124500
4,133400
1,98900
80,134200
2,123300
2,132700
96,228000
16,122800
6,102300
6,102900
1,92300
2,94200
11,109700
48,182000
1,92500
6,176500
2,96400
11,118200
1,94800
37,155400
2,97900
1,93900
1,95400
5,102400
1,94300
5,105300
11,109800
134,114900
5,100800
2,95200
1,104900
1,93300
3,96500
1,91900
4,98500
8,111100
239,194300
5,99600
8,140500
3,98400
22,130500
3,95800
39,204800
6,104500
3,97600
1,92600
242,208300
3,103500
1,93100
8,105200
2,96900
35,151300
2,96600
2,94400
1,101100
3,95200
3,98100
1,90100
121,192600
3,97900
2,100700
194,118500
4,102600
6,104300
160,158600
6,102600
17,120200
1,93200
82,129000
2,95000
7,121400
1,95700
3,107200
71,115100
16,118900
2,95400
487,197600
19,131800
132,134200
5,121300
1,91300
6,96300
2,85200
2,88200
1,112800
4,95200
3,87200
5,100000
1,118800
1,93200
4,96500
52,180300
17,119500
1,93900
2,93000
10,111100
6,103300
62,94100
4,98500
1,97100
1,91800
24,131300
277,152600
2,93700
49,289500
4,112800
84,160700
1,90500
1,99300
2,102700
18,161400
5,108700
13,150700
2,115900
1,125300
1,119100
2,93400
4,104600
71,116500
2,98300
6,102600
7,108800
1,94100
2,95100
30,147800
1,92700
66,100700
1,98800
20,124900
19,124600
285,164400
1,89900
109,179500
2,95600
6,119800
1,92000
3,96600
1,92200
5,104500
349,171300
45,168200
91,144200
1,101500
1,98700
4,99700
43,166200
27,137900
4,99200
1,91700
40,170300
1,87900
1,93600
1,93700
2,96900
2,95600
97,154300
8,104800
4,98300
1,132700
1,117200
2,99400
2,97500
1,113900
68,109300
2,112200
1,84500
3,84300
28,152900
18,123700
44,167300
212,144600
2,92200
43,165000
1,93300
24,135700
12,112400
1,100800
1,93200
3,99400
2,95700
6,109500
5,108700
1,88600
40,168300
29,143200
1,92400
15,111500
5,103300
2,101300
4,97900
2,98000
4,105200
1,101600
49,181900
1,99400
29,196600
1,98100
1,93300
4,97900
3,108500
12,114200
22,131100
7,104700
1,91500
13,113900
1,92100
4,97400
49,179200
1,95200
3,98200
58,191100
1,90600
149,196900
1,90300
2,99000
10,117800
1,101000
5,99900
2,94400
615,210500
16,118400
1,96700
3,98700
2,250500
61,275900
1,119100
24,268400
1,114700
3,100200
3,95000
2,95000
1,92300
9,107700
3,96600
1,93200
1,90500
6,130300
2,100600
3,100400
35,234200
3,124700
124,103800
5,104800
19,143500
2,126800
34,141300
122,197200
1,91600
2,95900
2,101500
37,161800
1,91900
2,95300
1,100100
4,96700
16,119700
1,92600
1,93500
2,92400
54,186700
1,95800
6,102500
5,99400
64,96800
1,91200
2,97700
66,100600
45,168700
6,112500
2,94200
58,189700
4,98600
1,90800
1,90900
5,99900
8,106800
1,124400
3,100100
11,111500
1,91200
520,153200
1,94700
20,125200
499,117600
155,154900
2,97500
5,101200
1,93800
4,99300
34,150700
1,92500
2,101500
1,95700
2,106400
26,136200
1,93300
4,98800
203,136200
8,105400
5,100300
1,92300
5,114900
1,94500
5,101900
55,187400
1,91900
2,94200
2,96100
30,142900
1,93000
5,106300
1,92500
23,130800
1,94300
1,87400
1,92400
1,90800
3,99700
2,97200
98,234500
5,103200
8,145000
5,126900
5,99100
5,95900
1,91600
4,111100
7,104300
1,92000
20,132300
2,94300
171,174400
1,88600
8,103900
5,104900
3,106900
1,92600
1,90400
12,112200
4,100300
1,91200
4,99000
250,105200
7,103000
14,124400
30,141300
4,104100
6,102700
16,117200
59,191300
3,96200
30,303400
319,142000
18,127900
1,102100
1,100500
6,127400
41,187600
57,193300
46,196900
1,102700
1,116700
1,91400
4,123800
2,101300
14,115400
2,94800
36,153200
1,94500
47,239200
2,125900
8,98800
27,148300
1,96100
129,106200
85,132600
1,91800
1,101300
2,111100
10,123400
76,130100
6,102200
64,96400
3,94700
6,101000
3,98400
30,141700
1,95400
373,110100
47,176200
1,91600
14,115300
1,93700
2,94200
1,92300
3,141900
1,98600
1,124200
6,140800
172,186400
26,150200
2,86600
14,149000
29,146200
5,103600
36,152600
1,89900
17,121400
414,233900
3,127200
2,96200
1,93300
15,118400
31,144500
1,99400
1,93300
4,103300
152,150700
59,240200
9,109400
1,93300
5,99200
1,94700
1,91400
95,169200
15,120400
2,96800
34,149800
421,189600
119,191400
6,102100
1,95300
6,102500
28,146400
1,93000
1,92800
1,93200
1,90500
36,153300
5,106700
5,106700
17,121900
4,97200
1,90800
174,179600
2,94600
13,114100
41,165000
1,93300
6,103300
8,104900
4,96900
4,98600
1,93200
519,148300
1,93900
6,116600
59,198800
12,112800
18,121500
1,92300
3,96500
191,107800
25,140900
3,106900
1,95800
1,94200
2,97000
1,92900
5,101300
3,98700
36,152400
441,117300
1,86900
1,96000
1,95100
1,93400
1,82400
1,80300
3,115700
2,126600
1,106800
4,99500
2,97200
14,115400
323,124000
133,110700
6,100400
45,165000
2,96000
5,93300
1,93400
117,186100
5,101000
9,106900
85,134000
2,99200
3,101700
1,93800
40,159200
2,97100
188,100800
1,96500
30,150600
1,89700
4,110300
2,98900
2,95300
2,93900
14,114900
45,168300
1,89500
1,92600
19,123800
1,123700
23,133200
1,90400
12,110200
27,135600
6,102000
16,117100
38,160700
308,268000
259,120100
2,94900
39,158800
1,103100
3,97100
3,103300
35,151700
1,92900
332,140800
2,97400
5,108300
7,102900
1,93200
2,94100
45,173000
4,98300
5,103100
74,115800
2,92000
35,150900
1,91500
1,92400
207,164600
1,96100
3,95800
14,113400
1,92300
1,89700
1,92200
8,105100
1,91300
1,126800
43,181500
6,113600
18,131300
1,99600
5,101100
2,92700
74,113300
4,132200
8,99000
4,103000
21,127200
1,92600
8,104500
4,99000
2,94000
6,99000
89,140300
55,185200
5,107200
329,135900
98,155700
73,113600
1,101200
1,87300
1,92700
7,108700
18,121600
29,141800
4,103900
36,152800
3,99300
2,107400
21,134800
2,94700
21,127300
1,92800
3,98000
4,97700
1,91200
11,210900
6,107600
4,113100
6,130800
18,204800
2,121000
3,100600
90,154600
3,102300
1,93100
185,197100
7,103100
1,91700
1,95100
1,93100
3,100800
5,100800
1,92200
27,144100
19,122700
1,93600
2,97900
2,95000
16,118200
92,150000
1,104800
6,102600
1,98500
50,181700
4,100100
11,110200
3,98100
1,101800
25,135300
17,119600
3,95700
3,103800
27,143700
2,95400
2,94400
22,219700
1,102800
94,214900
2,117500
10,125500
11,133100
1,107500
4,100600
11,111900
21,134300
5,100900
1,90900
6,99800
16,118800
13,114200
53,187600
4,97700
2,93200
1,92600
6,101600
1,92000
1,92900
2,100300
56,199200
4,100700
47,171500
2,95300
22,127700
34,149400
3,102300
1,92900
16,118400
1,94400
28,144200
1,93600
11,110400
27,135900
1,94300
1,92100
2,108000
3,99800
1,92900
2,93300
36,158100
73,114200
2,100300
2,93800
8,105900
17,126700
3,103800
33,147700
1,89900
5,100900
2,95200
3,95000
1,93700
1,96200
25,133300
1,93800
1,91400
5,100600
2,93500
6,101000
4,96500
1,92200
8,103800
8,114200
4,96900
4,96700
1,91900
3,155900
31,146000
42,171000
186,120600
1,96500
1,93000
64,96700
4,96400
20,125600
1,91000
1,92900
2,93400
2,94500
26,207600
6,99600
1,126000
5,144800
3,127200
5,92000
1,94600
1,201300
1,102400
2,96500
2,94200
1,95000
2,91600
483,192000
138,126000
63,99200
6,107200
4,103200
480,187400
3,98400
4,98000
1,90900
45,172200
2,96100
3,95500
2,92900
270,138200
10,108000
2,93500
4,98300
39,166300
2,95100
1,91900
1,91700
48,171600
1,92400
5,99800
5,100600
4,98500
382,166800
5,102200
9,107500
2,96700
31,144500
338,149200
1,91100
30,142300
271,144500
3,97000
38,154800
1,93900
2,94000
29,140700
4,96300
7,103600
3,99900
1,93200
67,102500
35,149700
5,107300
2,92100
15,116100
22,136700
1,94500
2,101100
16,117200
1,90200
1,92800
3,97300
1,90500
428,206200
64,96900
19,133100
51,179500
13,112100
1,93400
5,146900
1,107900
3,96900
258,248400
121,222000
1,98100
3,133500
7,115000
71,135700
5,112400
1,92500
5,100300
20,123800
5,100700
113,179100
1,91500
173,177700
3,109300
68,106300
2,94200
2,92100
1,91200
3,95600
32,160800
33,149600
1,95800
4,104800
2,92700
1,100600
5,97500
2,93800
17,126400
19,124200
4,98000
1,105300
1,86100
2,93600
1,91000
14,115300
4,99300
1,97900
16,118100
1,93500
1,98300
10,109400
3,96500
304,193500
3,96400
4,96000
1,93300
1,91800
2,102700
29,145600
256,110400
1,93000
3,98100
10,106900
3,96800
2,93300
1,90900
263,230500
2,92300
1,85800
10,103200
2,82500
6,105000
3,100700
39,192900
530,185200
1,85100
1,109900
19,125700
1,110300
5,98500
1,110300
17,118000
381,167200
1,86500
6,120500
1,95700
2,114000
4,95100
1,116300
67,103600
6,172300
48,236500
5,105400
1,111100
4,104100
12,161600
210,191700
1,101900
5,95500
1,113500
5,98500
4,90900
301,327700
1,104500
107,205300
12,109500
21,153800
85,131600
4,115500
6,100100
472,177000
15,140600
1,89900
1,109500
2,94200
3,113900
2,90600
1,109700
4,114300
1,100700
1,90100
9,108300
2,91800
312,106200
1,92700
1,93600
1,89500
8,112100
5,100800
7,104600
33,149000
1,93000
129,105700
5,108000
1,91400
40,188100
4,103400
1,98000
2,93400
17,122100
1,93200
124,92900
22,130200
1,94700
3,102200
1,92600
125,101000
1,91400
26,135100
1,90300
22,128500
6,103900
21,127700
3,105600
1,98100
2,96800
10,107900
4,98400
4,107400
7,102600
114,181900
1,98500
2,97600
1,92600
349,232700
3,99000
1,99100
4,98300
4,98200
1,118100
239,223600
1,90500
1,139100
1,128700
6,107400
3,116600
2,122500
1,93300
16,110800
45,169400
6,103500
8,105100
17,122200
2,101200
144,211800
8,113800
3,122000
6,115900
2,93300
8,104400
2,96800
3,97400
108,186900
4,106100
7,103900
93,143600
1,100400
6,101200
6,101400
29,141700
14,115400
30,142800
1,90900
1,93700
1,134000
47,172700
1,91800
156,151500
1,94000
22,134500
5,100900
24,136500
3,96100
4,97600
1,90500
5,100400
21,233200
1,94600
1,94600
1,94600
1,101600
1,94000
103,163900
42,170100
84,133600
24,144200
4,96400
2,97500
117,187400
1,99300
3,96100
1,98800
6,102300
41,160000
42,162400
2,93400
2,93300
1,91600
2,91400
3,98000
2,141000
301,210000
7,110000
84,168400
3,137000
3,102400
1,102600
6,109900
27,138000
92,143900
14,121800
21,132900
3,94800
19,130600
8,150800
1,119200
6,110500
1,99200
106,167700
1,93500
4,97600
12,111200
62,122200
2,100500
2,94700
4,104600
4,98900
1,90800
18,127800
5,100800
1,107800
123,199800
30,205000
5,101100
10,109700
6,102100
59,204300
4,100600
1,92000
1,90500
2,95500
2,96300
10,108800
35,151500
1,99800
1,97700
1,92100
1,90800
50,181800
45,172800
10,108600
1,90100
1,101000
1,96300
38,160400
1,92900
12,106000
6,93400
1,96500
13,112700
53,179500
35,380300
5,124000
3,123000
1,83400
1,111600
4,93900
4,128300
31,143900
3,114400
123,202700
1,120100
4,96800
26,165300
1,123100
72,145300
37,219900
3,116600
4,123400
142,171500
1,154400
3,122400
22,179400
23,178000
123,284600
1,111900
7,135500
114,258200
14,159300
5,123500
2,117300
2,114800
1,119100
10,137200
20,166900
1,113500
8,138700
3,119300
3,128700
1,121200
2,115300
95,207300
51,251900
6,128600
1,112900
18,188500
2,115100
130,133600
2,124100
2,117700
6,126600
1,118000
1,119500
444,165600
71,139700
3,120200
9,136900
223,227500
2,127700
13,166500
1,125100
1,142200
1,127000
8,155600
26,189100
1,128600
12,159700
3,128500
2,141000
1,114900
1,124700
1,125400
116,264800
4,131000
1,85700
3,127900
1,103900
1,103700
29,134100
4,106800
29,155500
11,112300
4,99700
2,94900
38,210500
5,101000
8,108500
5,99600
52,183700
3,99800
1,100900
1,94100
2,94300
4,105600
4,99400
4,99400
1,104600
1,96300
24,136500
1,89000
57,190600
1,92100
1,88800
14,115100
7,195200
22,183900
38,193400
219,226300
2,120100
1,104500
1,156800
2,102000
7,111500
1,103000
1,91600
134,114800
1,109900
1,96700
4,130300
244,217300
6,124000
1,106800
5,120200
1,117800
11,133300
1,113200
87,151300
1,92100
7,102700
354,179700
59,260100
28,176800
7,114000
4,97800
15,122700
3,95300
1,92400
2,94200
4,98600
2,91600
23,128700
27,137700
48,170800
143,127700
2,96000
3,97200
12,109600
1,95300
2,102700
35,149600
6,100900
1,112300
2,126200
110,206600
6,125900
1,118500
1,85000
34,196700
49,176900
26,136600
263,208900
1,102500
15,116600
2,95800
1,99600
2,96600
9,111700
337,150100
14,116300
2,102900
5,101300
13,113200
1,91500
2,95100
3,96100
1,93600
1,88400
58,189400
16,125600
1,101300
3,95700
41,161600
1,91000
2,92800
10,106400
4,97600
3,107900
2,96100
1,91900
28,138600
1,92800
3,93100
1,92200
3,95400
15,116400
1,103400
36,191500
1,98800
13,114500
12,112500
5,98600
244,196400
1,96300
11,121300
1,91700
5,99800
73,112900
3,102500
13,112200
5,100900
3,89500
9,108000
95,150900
2,92900
1,99700
2,95900
176,183200
3,96300
45,166600
3,231500
6,140100
2,126600
34,226900
1,119200
1,124400
2,128500
3,133200
6,132600
9,150300
42,254800
23,229000
2,124500
40,244600
3,123100
1,118000
16,162200
2,126100
2,122900
41,240000
1,119400
1,117800
5,131500
2,124000
2,131900
4,207800
8,201700
6,178900
1,129200
6,134700
1,120300
1,118000
1,118300
1,119800
2,122700
4,128400
2,122800
9,160000
4,130100
1,118200
22,183300
2,120500
2,122000
33,234800
1,119100
4,129200
1,119100
271,202100
1,119400
14,160000
94,225700
2,122600
12,152900
2,191500
10,220700
14,168600
153,215500
28,201400
1,121000
30,217100
2,141800
1,132800
2,122400
13,117600
5,108200
4,99800
26,143000
93,147600
7,144500
2,121500
2,134100
1,99100
13,139500
405,166100
11,110600
4,105400
5,102600
1,93800
5,102200
1,91100
2,94700
4,99900
125,98300
4,98400
62,105100
12,121100
2,94300
1,91200
14,175100
14,119300
1,99600
5,106700
14,150300
12,140200
32,165700
4,92700
1,95400
43,164300
3,105300
1,91800
9,112600
1,92100
2,94500
1,90900
1,93700
9,105800
18,122900
114,190900
1,289400
1,188300
2,120000
2,121100
1,118000
3,123900
58,231200
1,94200
1,92100
1,99200
3,96100
3,96600
1,95200
239,198100
5,105100
40,150000
2,89700
453,138100
1,93300
1,85700
4,92200
1,86900
1,85900
102,161500
5,100600
22,121400
1,86900
2,89300
116,183700
6,94900
4,92300
25,125700
1,88200
23,124800
49,167900
2,89200
1,87400
2,91100
2,90800
8,140900
23,131300
1,96100
1,126800
22,147400
241,252200
5,138500
4,130500
126,131400
22,160000
472,221100
2,119700
1,119100
1,116000
139,125000
29,141600
216,149200
5,100400
1,92300
2,98300
451,176800
23,133100
2,95400
4,98200
1,90500
1,103400
1,93100
7,102400
7,114800
3,98800
10,107300
2,92900
236,183200
1,85500
2,94500
5,99700
1,92500
19,131800
1,91700
1,93700
4,99200
19,122600
4,97700
5,99200
20,127700
4,98700
83,130200
2,95000
9,105900
1,95200
3,94800
2,96100
6,106400
13,113400
1,91500
8,111000
9,114800
39,158100
3,96100
470,166900
4,98700
1,93800
6,100700
1,97300
1,92500
153,144300
3,94100
1,98800
5,99300
2,97000
18,122300
41,164200
69,113900
1,92500
16,117900
2,94200
49,174500
350,177000
3,95900
388,174400
83,131400
8,104500
135,147600
9,116500
1,103100
20,162200
275,176400
4,103400
2,92700
56,187700
5,106200
359,254900
1,96300
27,139800
19,122500
31,144200
1,90700
1,93200
20,204100
4,106300
4,99100
271,140400
1,100100
1,92400
1,92200
3,98200
1,99200
3,102000
1,90200
23,129500
13,113200
3,95800
14,113200
1,92200
5,99900
14,122000
1,99500
1,95700
9,105500
11,111300
62,94800
28,145700
3,96200
4,98500
2,92000
21,129700
2,96500
1,89100
6,102300
3,98200
196,114800
1,96700
371,207000
21,136900
20,125900
43,163600
4,99400
1,92700
323,123400
6,100700
5,98900
3,98400
2,93400
22,130700
290,177600
6,100100
27,143800
4,97900
15,116400
149,222100
3,99300
1,94100
6,101000
1,93500
1,90300
25,141300
1,105800
1,114300
10,120800
1,111400
11,103700
17,137600
16,145300
23,132800
1,98600
381,122400
6,101000
3,99200
1,91900
19,124200
1,96700
2,93900
5,98900
1,88400
4,97200
1,92700
1,92400
1,98800
27,143700
12,110900
25,135700
1,93500
145,135400
28,147000
2,94300
1,93200
1,94400
1,93700
6,102200
139,121000
2,105600
161,212800
8,113600
3,95600
1,93700
4,99500
3,96900
2,93200
55,193400
3,94800
13,112700
1,93300
1,93400
4,98100
2,102300
2,95700
2,92900
14,152900
69,107700
5,99800
4,98300
3,100900
13,112900
1,96500
31,149700
14,246600
14,138800
38,209200
29,150000
7,97200
11,157600
1,88100
4,130000
3,100200
3,97800
27,136400
1,93800
8,104600
1,90100
4,117400
20,126300
10,108800
1,89600
10,106700
1,92600
2,93900
1,90900
54,198900
3,112300
4,130500
2,131900
245,239200
2,114700
10,113200
86,154200
81,134000
22,130800
4,99300
3,96000
3,100900
1,92300
2,97800
6,112100
1,90000
1,95300
12,111500
5,101000
1,90900
3,98000
15,117300
38,154500
1,96800
2,93200
1,91000
578,148900
5,100700
4,98800
1,99500
30,143700
1,96600
2,93600
42,163200
5,98900
4,101100
8,111900
1,92500
12,112800
3,95800
24,145300
12,113200
1,92500
14,115900
27,137400
492,280800
6,104500
18,123800
1,95100
44,226300
1,93200
1,90500
14,115300
4,97100
7,108300
36,153000
26,135000
30,137900
1,99500
18,121400
1,100100
5,99300
15,120000
95,156000
1,91400
5,105000
19,131000
5,99300
1,92800
2,93800
17,119900
1,101600
72,112200
4,99200
3,100700
47,173200
1,92000
1,92100
1,91800
1,105600
1,112900
42,172000
15,121300
112,168200
24,148400
1,111700
2,147900
36,156000
3,97400
1,94400
17,120800
1,91000
10,105700
1,93000
108,183000
2,92100
2,93900
1,93700
2,93600
18,121700
1,90000
1,93400
1,100000
1,191700
19,158600
10,109300
230,165800
1,111100
3,94800
65,130000
9,113800
16,141700
32,153300
38,184500
6,99900
5,117700
1,94900
4,134900
2,91800
6,104800
2,101700
1,91600
1,90200
1,91500
6,108800
1,94800
5,105400
2,98500
7,103100
1,91400
149,138800
5,98600
6,101500
81,127400
2,91900
32,160600
2,103900
24,121400
2,82400
7,97900
24,121300
1,106300
1,89800
3,84000
110,187400
39,156600
11,110100
3,94700
1,91000
1,92200
13,113300
1,88800
7,126500
1,92700
3,98300
4,105700
2,95800
1,92700
1,94700
316,114500
206,132700
1,107200
5,127600
1,116600
5,130800
23,184900
1,120400
1,125200
3,134600
5,106400
3,97400
84,132000
7,104300
1,92800
2,93300
6,108200
1,101200
24,135100
49,172100
4,98000
39,157900
2,95900
3,103600
7,104200
1,96700
96,151900
1,93300
40,160400
4,106100
1,90400
5,100400
65,105900
2,100200
1,90800
14,116100
1,90300
22,127700
4,99000
2,97200
9,106100
5,98100
6,116100
3,89700
594,175800
1,90900
9,112400
1,92700
30,142700
11,107500
1,126200
3,100200
58,196200
1,94500
4,100800
49,174400
4,98300
1,92400
3,100200
12,114600
2,103100
45,232800
1,95600
8,112000
1,93300
1,94700
1,99700
3,100300
1,95000
1,91400
5,99600
3,94100
1,92600
1,93400
2,94400
339,210800
57,196800
4,96300
43,520300
4,168900
1,125600
82,184900
63,127200
4,101900
14,118700
6,180600
1,104700
94,142100
1,131900
1,122000
5,128000
53,265100
22,154000
1,93600
255,120400
3,106000
5,107400
6,104300
66,100900
38,161500
1,98200
80,133400
1,98200
1,93900
6,101400
1,97300
1,92300
29,168100
2,117300
3,100000
11,109700
1,88800
312,105700
2,100800
2,100200
2,94200
1,98500
5,94100
5,101800
5,100800
4,92200
6,102800
1,93600
8,105400
1,94300
1,107600
2,94300
13,114100
73,113000
19,124600
2,94000
2,97400
1,99900
1,93300
1,91900
106,172600
1,92200
22,129600
50,175700
1,99700
146,136400
3,95200
65,103500
12,118400
29,141800
47,171400
539,190400
1,92000
10,107000
3,128000
2,124300
84,185100
1,122500
8,138300
2,118500
248,138200
11,119800
3,106300
3,97800
21,127000
3,98400
179,187400
23,132000
2,137100
306,200100
1,93000
9,106500
1,91600
17,119500
117,193400
19,133200
201,126100
2,95300
183,196700
3,98000
2,96600
210,139000
1,91500
227,175700
4,98000
1,95300
2,97000
1,98600
4,104900
482,252100
1,97700
35,151100
3,97400
3,94400
8,103600
3,98500
92,144100
4,98100
1,182100
398,252100
35,215000
5,150700
11,184200
396,211300
1,93200
1,107800
1,90600
1,90000
2,91600
9,125600
3,110700
45,178500
1,106200
1,114800
1,114500
11,136500
107,213500
22,178400
4,122400
36,166200
567,131700
17,121500
7,103100
11,110800
2,99200
613,377800
6,127100
1,94900
2,133000
2,91400
3,117800
7,106500
6,102000
35,151700
85,132800
3,95300
1,89700
2,95600
35,157800
113,181900
5,100900
28,139600
1,96300
1,94100
5,98500
4,99000
1,93000
6,106400
2,98100
1,89900
167,170400
6,102500
6,106500
134,119300
5,100600
32,198800
1,92800
23,129800
34,150700
270,241900
2,102900
1,93900
9,109300
1,93400
13,115000
1,94400
2,97900
3,96100
3,97600
1,98700
14,136600
1,94100
18,122100
1,95100
4,97100
1,93900
6,101800
49,175500
1,91000
1,117400
2,95400
271,141900
24,132700
103,162100
1,93200
1,93800
2,93900
17,127400
189,103600
9,105100
5,104600
2,104100
195,122000
101,160700
3,96400
290,183800
1,91100
35,150300
2,97300
6,103200
1,91600
6,105900
3,96100
18,161900
2,104600
3,135900
3,128800
20,165300
1,109300
2,98100
2,101600
5,101600
1,92400
16,126000
1,95100
4,103700
39,158400
1,95000
2,96400
6,241500
1,99700
440,115400
267,140100
1,93300
5,100200
1,92200
1,94100
584,164700
62,90900
4,106200
64,96900
3,97200
5,101100
2,94500
2,94600
81,129500
3,98200
2,95700
2,98700
1,91400
177,184700
1,99600
3,95700
7,103300
1,98900
149,140300
7,109900
30,142500
32,155300
2,90800
2,101000
11,109100
3,97300
6,100900
1,94900
2,87700
9,107800
1,92200
1,93600
2,96400
1,89800
1,110000
1,83000
12,115300
1,94500
6,102900
377,114100
2,94700
195,115800
161,159000
1,95500
38,155600
1,99000
5,100500
465,161600
2,93700
1,91100
6,103200
1,93800
9,109000
509,131800
24,132100
2,93700
1,91800
4,100000
36,150600
3,128900
3,105700
1,86700
5,108800
1,80700
2,82100
15,131400
1,91900
4,126900
16,124800
20,136500
19,125800
26,136500
58,188900
31,143000
124,89800
2,124500
17,123400
1,90900
5,100000
7,103500
2,96900
15,124000
46,168600
4,99900
2,96500
83,234200
23,139700
1,93000
1,91000
57,188100
17,132800
4,98100
1,94200
2,95700
12,112400
3,97400
12,112000
1,90200
1,93900
291,212000
1,113600
77,124600
1,90500
12,110400
23,130100
34,148700
6,114200
1,93600
1,95400
5,100300
2,94500
1,95600
3,104000
1,100300
22,136700
5,112200
4,100400
6,100800
2,94300
23,130300
244,195200
2,93800
2,95200
138,209300
1,96100
1,97900
1,100200
1,81900
1,98900
6,108000
77,122100
26,192300
26,138300
1,94500
2,95500
73,114100
5,100200
2,93800
3,98600
1,116300
1,101300
2,100800
1,93100
56,274600
3,104400
17,205500
133,153800
10,116800
1,89500
43,167300
5,100800
5,101600
5,99900
86,142500
2,94600
12,109200
44,166900
163,161000
1,96400
189,102400
4,96900
1,101600
31,145400
1,93100
42,168100
22,128300
1,98400
294,177000
55,227900
1,93400
10,109400
507,127700
5,100700
5,101400
14,115200
19,118500
563,125300
3,96000
4,98100
51,178000
13,112800
1,91400
72,111300
2,93000
13,127800
1,94300
2,97100
51,183100
3,98400
1,93600
1,91900
2,92700
61,229500
2,98800
3,99500
159,154600
1,91800
17,119600
4,96600
24,125400
8,115800
224,170200
6,101400
6,101800
11,109300
209,138000
2,92700
2,93400
109,174500
10,108000
166,166900
27,144200
31,142700
2,94500
3,97100
11,135000
6,106500
42,165600
1,90900
34,162000
1,82000
189,104100
6,121600
5,108900
1,93900
9,106400
23,136700
1,91100
3,96600
1,97300
183,271700
4,100300
2,94500
1,95300
55,183600
2,94300
1,90800
46,174400
2,185300
275,161600
1,91400
18,119800
91,134800
3,95200
1,92100
30,165600
6,134100
2,97100
1,93200
9,106200
45,169000
1,89800
5,99000
11,116500
13,115500
3,97200
1,95200
3,94400
96,150500
2,99900
8,110500
17,118800
3,104800
1,93000
6,100300
4,100700
1,93200
4,97300
6,101400
5,100900
3,98200
4,112000
3,98600
4,97000
4,99500
7,103200
190,106400
178,187000
3,95200
304,199900
6,102400
3,96800
1,90500
1,100600
155,149100
10,115100
1,89600
6,118100
11,112000
1,90500
103,163300
6,101500
11,110600
1,89800
1,93800
2,94200
5,119100
1,116300
5,129200
7,122000
1,81000
1,125700
1,88300
32,204600
9,116900
5,101400
2,91900
217,202300
75,172100
12,107400
2,87600
1,126200
2,93800
12,119600
156,158500
81,127400
1,93300
1,89100
4,97000
3,104100
17,128800
1,99000
22,129200
245,280300
4,100500
163,169100
22,128400
1,91700
2,94200
1,92000
4,97900
1,89800
2,95200
1,98600
1,92600
241,197500
1,91400
31,144200
169,171400
6,108800
12,119200
4,100300
5,114800
2,102400
1,95400
3,96200
2,91800
3,96300
22,128800
2,96200
3,98500
1,99000
1,98400
101,159600
2,94500
18,121300
1,92400
1,95100
26,142400
2,178200
2,101600
3,85800
2,96400
15,115900
1,96600
52,178400
2,93600
1,103800
43,163400
1,92300
238,195400
1,93300
3,96500
21,113900
1,92200
2,126200
1,120800
3,138600
4,122600
6,93000
6,132300
6,119700
2,97700
1,96900
48,172800
42,161800
35,151500
6,102300
4,97800
1,91800
2,101600
6,100100
40,152800
27,136800
2,91900
4,97700
1,95100
9,107800
2,93900
28,230600
99,157400
96,149800
2,95500
4,97800
2,96600
31,141800
38,166800
1,90900
18,122100
27,138800
224,162600
1,94100
1,93100
2,101700
1,94900
5,108200
1,95300
1,93100
5,101100
30,141300
6,108400
3,94600
70,118500
3,123700
2,99300
250,105400
1,86500
1,90300
3,95700
1,84500
8,105600
2,138500
2,99400
1,93900
11,108800
57,185500
1,89700
15,110500
1,91500
26,165300
6,103800
5,100300
6,101300
33,149600
50,176100
33,147800
7,103600
5,100100
25,132300
1,89700
1,92700
2,95300
28,136500
14,116700
1,89700
2,111500
2,138700
1,89100
7,111000
9,132100
3,113900
130,98200
3,98000
42,158600
1,93200
2,93000
2,92300
4,98700
7,102800
1,88300
17,118700
2,94100
1,89900
33,154400
473,173200
1,92700
1,92100
4,104300
1,89400
1,97100
1,88700
3,99800
7,103900
6,103400
1,91400
5,100500
2,92000
1,95600
7,103400
148,137800
1,203500
1,106000
6,94700
36,156300
3,111700
4,97900
20,176000
2,98200
3,98200
1,91300
28,139200
1,93900
63,93200
6,102000
1,102000
4,98100
26,145400
1,91400
1,91400
63,95800
2,93300
1,91500
110,173900
43,161800
1,95400
127,101200
1,90100
1,92300
19,123200
1,89100
10,106800
1,91300
1,91100
5,105600
4,98800
2,95100
5,100300
64,94700
13,113000
24,129500
3,95800
1,92500
12,121900
1,93400
56,184300
1,91600
4,104400
4,105000
1,94400
82,127400
34,190300
120,238600
1,119400
37,231400
1,114500
1,95800
1,90700
2,101900
28,139900
1,90500
6,118300
1,112900
6,102500
2,95500
4,98300
1,89900
23,130600
1,93600
466,164700
9,107200
2,91800
34,145700
4,96800
94,154500
2,100400
4,146600
1,114600
28,149100
3,95100
58,188100
3,97900
2,94000
6,128100
9,142800
173,183300
31,213900
3,99000
31,145700
1,94300
2,117200
74,116300
52,179400
4,99200
3,94000
2,96800
1,91300
3,97000
1,100300
13,113300
19,123200
2,96100
1,92700
16,119200
5,107500
318,117500
59,193800
13,115600
4,97000
4,97100
606,192900
2,93900
7,109800
20,131400
2,107400
12,113200
1,92900
13,112800
1,103700
4,98800
1,90500
454,149400
1,92900
25,173800
31,191800
1,127500
2,102700
1,94000
6,123800
7,133500
213,151300
3,92700
1,112100
1,91200
36,185800
1,90000
1,114400
3,96100
5,119300
170,226200
2,122800
433,334000
20,178100
21,166700
2,115900
200,139100
86,134400
1,91600
4,96300
58,188400
4,104500
13,112700
2,98400
32,156700
3,95300
43,163500
1,124800
8,108900
237,190800
4,97000
3,95700
31,144000
1,91300
3,95800
40,166600
5,102200
36,145200
38,158300
2,96300
5,102100
3,95600
1,90900
6,104700
18,125100
3,98300
16,195800
1,90900
9,99500
111,180100
4,142600
1,100800
9,108300
1,92500
2,94800
3,105100
1,88800
1,91600
104,185700
40,156900
82,130400
45,174100
1,92800
17,120700
3,105500
1,91000
22,179000
1,84700
13,139000
1,111600
4,99200
4,117100
2,94200
1,109700
1,95400
4,116000
1,88600
1,110300
3,127400
1,120400
26,138000
8,102800
4,124600
3,115200
34,181000
2,107700
3,96900
106,180100
7,107900
9,121300
23,132300
1,93100
1,95200
13,112400
54,179500
10,106800
1,81700
2,127200
2,109300
2,94700
137,120700
15,140200
1,109500
15,110600
101,324600
2,129700
5,120300
6,122300
1,109100
1,99100
146,213700
89,185600
22,134700
1,98700
4,98300
410,172700
2,94200
2,95700
5,104500
25,133900
6,101100
5,99500
6,102500
5,99000
2,95000
29,141000
2,95900
4,102100
3,98700
6,106700
3,99400
26,135700
1,92300
96,151700
38,163400
5,102300
1,94400
3,95200
36,152200
69,106000
1,90600
19,129600
5,106700
3,147100
87,186600
3,91800
1,90000
2,98400
1,92500
331,177500
1,122300
7,95500
305,206900
3,97300
21,133900
18,123000
3,97400
26,134400
1,96100
3,98000
1,95400
3,96900
1,88300
1,93900
77,185700
1,91700
168,202200
2,102400
25,133000
5,99700
6,108500
1,90200
16,119800
408,166700
17,127900
18,123700
1,88400
86,133900
2,95500
1,94600
18,123300
23,136800
44,170300
3,95800
1,88800
2,95700
1,90700
4,97900
125,96300
20,126800
1,91600
3,138600
53,180900
27,138100
3,103700
1,90100
151,142100
2,92200
2,118300
3,99000
6,105100
1,91900
209,143100
2,93400
21,126700
23,130900
1,100900
1,92500
2,96500
137,119100
1,92400
1,92300
1,91700
7,100800
16,117800
61,228700
6,104600
12,112600
1,92000
1,89500
6,102300
1,92200
4,103100
4,98200
2,236800
2,134400
14,174600
51,246100
5,127700
1,100700
104,222800
2,94900
261,129300
4,98800
1,101600
1,98700
8,105400
1,196800
8,147600
8,158300
9,123500
4,100300
53,183000
6,113900
2,94500
2,102900
1,93900
26,133200
1,92500
7,103300
11,110200
6,101400
222,159300
55,183100
2,97500
100,158800
3,95700
3,97400
1,92700
2,102900
2,95800
1,93400
8,105300
4,97100
2,94500
18,127200
3,103800
13,114700
1,107700
7,125600
3,89600
22,124200
2,96900
1,101300
1,94100
5,100700
1,85000
2,103000
2,94500
21,128200
50,234100
3,97200
3,97500
28,137200
25,159600
1,91900
1,94100
16,119100
42,161600
1,94100
1,90900
2,92200
9,106400
1,93500
20,124800
9,106900
56,184700
24,131300
1,90800
48,169600
5,142300
2,123900
1,94900
1,117700
1,114100
2,109400
33,181800
39,164600
2,94800
2,95300
1,92600
2,95200
2,93900
2,101400
4,96900
2,99700
4,103200
2,93800
1,91600
35,150300
1,100000
3,97400
1,94200
1,95000
1,89900
1,93600
102,159500
11,111000
5,101500
1,93400
436,111100
2,94600
78,126800
9,108600
1,98000
2,84100
39,157500
3,99000
5,100800
64,97200
2,96800
1,95100
39,254700
42,195000
554,206300
1,93600
71,117300
9,106800
1,91300
4,99400
2,96100
4,98700
6,100900
1,100600
2,97600
43,164800
4,97300
4,111500
3,98400
8,105400
3,96300
22,128700
2,93300
2,103300
1,91500
3,97800
67,107300
28,137500
3,95200
397,147400
1,93200
1,93800
29,141400
2,95500
1,102500
17,121600
3,102700
6,108600
4,99200
1,92000
1,90500
30,147300
59,226500
2,99300
2,100200
369,275200
330,146900
24,122800
18,130400
3,99100
5,100400
7,102400
35,151400
1,95400
2,94500
215,148000
102,170900
58,189600
6,100800
3,103200
5,100700
1,92500
1,92900
10,108800
1,94100
5,136100
2,95500
135,114000
17,118700
1,93000
27,137000
1,93200
33,146300
51,242100
1,99300
4,98000
41,161700
6,101600
198,116000
88,140900
78,129900
6,104200
13,113900
1,91900
1,89000
12,113300
1,90400
1,91700
24,141600
2,98200
1,89800
1,101400
10,115100
2,102000
2,95000
1,92300
67,102000
58,202000
3,97700
4,105300
8,104100
1,96100
2,92300
17,171800
2,94600
1,96700
1,93000
15,117100
29,141500
3,96200
9,105800
43,162700
4,98700
1,95300
4,103700
30,141600
39,157100
58,188300
1,93400
1,90000
1,93900
559,152000
16,154400
2,126800
1,84800
10,98200
2,111900
7,119400
3,116400
21,255900
1,93200
20,160200
6,110400
1,96800
3,106000
4,97600
36,186200
6,132500
44,191100
1,92800
3,86100
2,81300
1,93600
163,169900
144,132000
2,103400
394,144400
2,94300
59,190400
8,105400
89,146800
2,97100
1,95400
1,91500
492,206700
2,96000
3,97800
4,98100
49,179900
1,92800
2,95800
11,109100
1,93000
251,102200
12,111000
1,91300
198,125700
1,103100
1,93400
22,128400
1,95400
1,90300
11,109500
17,120100
1,89600
107,183600
8,106200
1,99500
6,102100
368,201000
5,100700
97,152200
11,110500
23,157900
2,95100
342,169700
124,96500
44,166000
5,101200
20,124700
1,95800
2,95200
83,130500
2,95400
1,91200
1,91300
24,137100
3,98600
3,96700
97,177300
48,212800
5,96400
2,98000
305,278100
6,107400
177,192500
41,159700
1,94300
1,92300
1,90700
129,101600
1,90300
1,92500
10,113300
1,92300
6,101600
2,94800
27,136900
3,96800
70,106100
1,92100
5,98500
278,155800
1,90400
7,102600
3,95600
1,93500
1,94200
199,162700
2,94500
5,105800
1,91100
27,136800
627,125300
1,91300
2,101900
1,93400
4,103700
15,113800
221,167200
3,98800
475,176700
1,97700
275,153100
6,100100
1,134100
12,194800
24,122300
26,136400
3,103900
5,100900
4,95400
1,92800
1,90800
5,239900
1,121700
10,125600
4,100700
6,102500
1,92100
1,147700
1,103500
218,155400
2,97100
3,103500
1,91100
2,99000
16,116900
2,92200
11,127200
2,103000
21,131000
76,124100
3,96000
4,97800
1,91800
1,96500
45,167100
11,169700
129,151500
8,147500
71,148000
3,100300
188,117200
3,123000
44,170200
1,92900
1,98400
162,162800
1,94800
10,109100
2,96500
10,113600
1,97800
3,97900
4,106400
21,128000
1,90100
2,94600
6,101400
2,93100
7,145200
43,165300
1,91900
1,90100
139,121600
1,92800
3,93600
1,95300
8,101500
1,93700
4,98200
36,158900
4,97400
1,94300
247,200700
11,115300
35,159800
1,99900
1,96400
2,92900
3,101400
80,129800
40,157900
1,94700
1,90200
1,108400
237,184500
7,102400
3,96700
96,145600
8,105800
1,90800
147,143300
2,95100
1,94100
23,128800
4,96700
4,98900
1,92700
165,164600
6,94100
89,148900
1,92700
4,97000
2,96300
4,98700
3,96400
1,92500
53,179500
10,111400
1,92300
6,100800
2,94000
3,96000
14,113900
2,95200
1,89900
31,143200
10,150900
1,118100
1,130500
17,155300
5,93300
1,108800
4,102700
3,114900
3,102700
1,89500
68,103900
2,92000
12,111000
1,91200
397,147300
2,92600
2,95300
47,259700
15,126400
38,159000
337,148100
151,141000
2,105200
6,96700
122,193000
2,102800
59,188100
4,99100
51,177000
1,92400
3,97900
56,190300
6,100400
1,132200
51,221100
1,87100
12,113800
1,90900
30,142100
3,93800
2,94200
3,114800
69,107900
2,93800
8,103900
1,92100
4,97900
1,89200
6,101100
216,149800
7,106700
2,97600
16,118500
1,100400
2,94800
8,105300
1,89300
1,90100
9,105900
2,100400
53,178400
4,98100
63,92100
5,97700
7,103300
15,122100
5,100600
349,269300
4,103100
1,94300
478,185000
7,102500
270,192400
27,179600
6,123500
6,127400
6,134900
5,131900
8,102200
3,97900
26,140800
308,203400
1,91900
28,138600
68,110500
5,98500
479,184600
110,181700
30,147900
13,112200
3,97100
1,93900
2,92900
284,160900
1,91100
29,150300
5,100400
5,98800
1,100500
28,139100
2,97000
52,178500
1,103500
1,93700
9,106600
1,90400
25,133500
2,94600
146,140400
5,100400
7,101300
1,97400
17,120800
1,90100
1,99100
21,127700
50,176900
2,95900
283,159500
24,149400
1,100100
1,92600
4,97200
117,185600
3,95900
4,96100
1,92000
1,94800
159,157300
2,91800
1,92500
3,98200
1,91600
562,167500
2,95500
4,227000
1,119400
17,117000
1,89200
165,180500
6,101700
2,96600
2,95100
5,104500
133,115000
4,99600
8,104200
2,94900
11,110900
15,116400
102,162300
20,184100
1,112900
1,96700
88,180800
1,101400
3,121100
119,238600
10,109300
3,97400
1,90600
45,167900
1,90900
1,92100
41,161700
158,158900
1,93200
5,100500
54,180600
1,89700
1,91500
2,100900
1,100200
15,158400
20,158000
3,92900
20,129000
3,97300
7,103600
2,94400
2,100900
73,145600
2,95800
33,149200
1,93900
2,94900
1,91100
1,91500
3,96600
33,155200
82,129900
1,89100
3,96700
44,174300
1,89600
2,93500
381,119800
240,223200
9,111700
10,110400
5,103500
14,116000
5,103000
26,175900
48,257700
4,99400
7,101800
3,95900
46,227400
1,93400
46,168800
2,107400
40,146300
1,92200
14,115400
1,91600
2,93500
422,189300
4,98300
47,189800
1,94100
1,95500
11,107900
6,102600
6,103600
1,91700
1,90200
32,268700
5,125700
445,161700
1,81800
11,98500
1,107100
3,116000
1,119000
5,102800
39,158100
133,120300
3,96400
1,93400
29,141200
43,168600
1,93800
15,117200
9,107100
1,94100
5,99300
125,98600
3,98700
90,144400
3,95100
3,94000
2,89900
3,96200
1,93300
5,106000
2,95600
6,100400
4,96300
3,93200
2,221300
3,106800
22,140900
5,120500
2,90300
1,96800
267,137600
9,109900
6,99000
7,127400
4,108400
12,137500
14,125500
159,221600
1,101800
1,95300
9,100100
168,171400
1,94000
439,117700
4,98900
3,90700
2,102700
1,93100
30,141800
3,103000
1,93100
1,101700
10,107600
1,91000
9,107000
168,188700
4,104700
39,157900
3,97200
3,95400
15,116700
1,98300
32,208500
24,137700
181,192200
25,133700
1,86000
2,101800
7,103500
115,183400
15,117000
1,95700
64,98400
25,171300
1,93500
2,121800
52,171800
6,105600
18,145000
3,86000
7,107600
3,116900
5,122900
2,90900
12,123100
2,117100
2,109000
1,119800
1,121600
1,124400
1,118300
7,136300
1,116900
3,132900
42,222400
1,111300
201,170400
2,119100
2,100800
13,144600
1,92000
9,126800
5,97900
1,109600
10,106300
337,146800
6,97200
1,110000
1,116800
1,87400
1,118600
18,120100
21,129500
6,103800
21,133800
1,93700
9,121400
3,130000
3,99600
3,97100
1,85700
2,96000
8,107000
9,108900
1,89300
2,98800
12,111200
22,127900
23,123600
3,97500
1,92900
1,120200
2,107200
16,132200
2,93600
5,111200
3,89300
76,119400
4,98100
2,93300
1,84600
44,166000
2,115400
16,155700
12,115800
2,101700
1,98000
1,99600
1,93100
5,100100
2,191500
2,100300
422,206200
3,112300
1,112400
1,86400
3,94300
38,171500
3,172000
1,88200
14,118300
25,128500
2,94400
26,134800
1,97000
3,200400
7,120300
26,144900
3,100000
1,93500
9,107900
3,94700
4,98300
5,98500
1,90800
2,91200
1,88300
1,102400
6,99400
31,233300
12,179200
114,223800
5,99900
1,99700
22,119900
1,94900
9,109500
1,96600
5,104200
3,100100
1,120100
194,144800
71,113700
2,101000
1,114700
4,118500
17,125700
7,108700
1,97400
11,114300
247,201400
14,118500
16,126800
6,171000
9,114000
46,169100
7,105300
45,180100
2,92600
38,159600
3,95900
43,164700
1,93000
1,97200
12,111900
38,156100
1,93300
2,93800
1,111100
26,135800
8,110900
37,152700
6,102100
505,135200
12,112500
433,264500
5,126000
609,240900
1,112600
3,117900
18,125800
1,118400
5,103000
59,189700
51,178600
3,95600
11,112900
3,94900
5,106100
1,92900
5,97600
57,186700
14,121500
2,91400
2,94200
2,95400
2,95800
6,105000
461,156000
4,99500
1,100000
5,99600
6,101200
4,98500
46,170100
1,127800
47,174000
2,93000
1,92700
3,103800
3,97200
1,89400
1,102700
13,117900
23,130800
3,95200
1,94100
107,174200
6,101300
5,101000
24,131400
1,225800
11,126600
1,93200
3,85100
2,95400
1,94400
105,167600
5,94900
1,97300
106,169500
1,94000
3,94600
2,96400
15,117000
32,162500
1,90100
2,99300
1,92700
26,134600
39,157400
3,104300
1,92400
24,130100
1,92700
3,125700
16,127500
2,94000
1,97500
1,101500
46,168200
122,195000
1,91200
1,112600
7,124300
20,231600
4,148900
2,100300
1,122300
1,95100
5,113700
8,120700
3,96800
152,145700
31,150500
1,94400
20,124600
52,194200
3,96100
2,87100
20,125800
4,103900
6,100800
1,91900
6,101300
1,103600
5,108300
3,104000
83,130700
46,169600
1,85900
1,93900
5,104700
1,92400
1,104300
6,101400
24,132800
18,122100
35,163100
6,101400
186,149500
173,199000
5,101400
5,100600
44,166000
1,94900
14,116400
1,91800
5,99900
37,166600
4,98900
1,86300
3,99100
158,153900
1,90700
2,89000
4,101300
3,96700
1,101000
1,99200
199,122800
3,99300
10,107900
177,238800
3,97200
1,99300
44,172600
1,93800
2,93600
1,96700
3,96000
39,157400
32,155100
6,104500
4,98800
30,149800
1,94800
1,91000
15,122200
15,114500
5,104800
1,101500
1,112200
13,126800
32,160700
1,113600
2,86000
1,116600
5,112500
1,123600
2,119900
1,95700
1,94900
3,97200
1,91100
26,135600
1,92700
22,129400
5,199000
1,119700
17,133600
2,102200
8,105500
1,89800
43,164900
4,104300
18,122200
23,138700
20,125700
1,92300
69,106800
2,93000
4,99100
1,87300
1,120700
2,103200
1,104900
1,99400
5,107300
2,92400
2,95100
1,94400
2,94200
15,124700
1,92000
1,79700
1,90700
92,144200
2,93800
6,101200
80,124200
9,112600
237,253000
4,100400
2,95900
2,97400
3,103900
2,94300
2,96400
6,98900
11,117400
48,172000
3,95000
1,92100
5,100500
1,94100
151,142700
70,106100
3,101300
1,91300
1,101600
8,105200
20,126200
9,107200
37,155300
1,92300
1,111400
2,99900
2,92900
11,110400
1,94700
3,95600
7,108400
1,94000
1,91600
3,118600
3,101500
6,103200
9,129300
11,102000
3,82800
65,122200
1,103300
26,127500
1,123400
164,163800
26,139200
4,99100
2,97500
112,176700
48,185500
4,97400
2,96800
4,97200
32,157100
1,91800
10,109600
3,98600
2,96400
145,137100
2,172900
2,98700
25,133800
1,92000
18,122400
32,154900
7,108800
1,93100
2,102500
101,159300
14,121100
5,101300
1,93500
8,104900
25,133800
64,111400
1,90900
25,133700
1,91600
63,103800
19,122300
206,131300
100,158200
36,151300
156,152000
1,90900
1,93900
5,106400
8,105100
112,176500
1,103900
4,99700
3,98500
2,92100
2,94000
8,105100
8,105200
1,89200
9,113500
1,240100
6,127000
2,113300
70,164900
1,86600
1,86300
3,83100
18,147200
5,142400
21,123800
64,108000
3,97500
42,162900
5,107500
7,102100
34,172300
3,132600
22,196700
27,131300
111,199800
3,117800
2,108000
16,119400
89,141700
2,94600
101,162500
26,195800
96,181600
2,94900
1,95300
1,92900
11,110000
3,97300
1,93300
1,93600
329,134700
6,110100
2,95600
1,90600
2,100800
3,96300
43,163700
1,91300
2,94800
3,97600
40,157900
1,99300
42,162400
100,183300
4,100400
1,91700
87,137900
10,110100
1,95000
2,96500
64,99600
2,98800
5,99400
65,98400
1,100300
99,156300
1,123900
2,111300
5,123200
26,144000
3,100400
134,113100
1,90600
4,92600
1,85700
243,206800
63,98700
3,97700
8,104900
2,103000
4,98300
40,160900
4,121300
2,92600
3,104200
57,186700
5,107300
1,100000
183,196100
1,94600
2,101000
4,99100
4,97900
6,102000
32,157100
139,121800
1,92100
2,96800
38,189300
588,198100
4,103300
1,93500
71,132600
1,107400
3,118000
7,105500
80,127000
1,92300
70,108800
1,90200
1,92000
31,144700
17,122400
1,100100
1,99100
2,94900
6,108600
2,92400
9,106600
11,111700
15,115800
300,188100
80,253600
1,100500
1,106300
286,225700
13,121200
18,122400
6,108300
1,87100
35,151800
2,86300
4,104700
4,99600
1,90600
4,103300
16,120200
56,189100
5,101500
2,95500
1,99200
2,110900
8,113100
510,142800
1,102900
29,141500
5,98500
4,97900
1,91600
147,138600
2,94700
3,97400
1,100300
48,172900
1,92300
3,96600
50,183300
1,94600
1,91700
20,125800
20,125500
1,98800
1,91300
11,115900
3,94000
1,105600
11,112000
14,115600
3,94900
127,101600
14,123500
1,92700
1,89900
12,111200
104,224700
2,96700
434,123900
107,183800
7,125100
1,113400
2,99500
66,108300
8,107400
1,91100
1,91000
2,94400
6,102300
3,97600
1,94700
2,94800
11,130300
13,115700
1,92600
99,159500
5,101800
8,114500
2,96100
2,96500
2,107900
2,96000
1,100800
3,95400
41,160900
1,98300
4,97300
2,97000
1,90600
15,122400
4,106700
180,190200
1,91800
1,92700
1,90500
2,97600
8,105300
24,159200
373,120000
1,98100
14,115400
28,138400
4,98400
1,92800
2,96300
6,108000
1,106800
1,123800
11,112500
2,95400
20,133300
5,99300
4,97100
80,183900
2,103000
9,105800
2,93400
53,185700
1,100300
1,90700
1,92500
1,92700
1,98100
2,95000
17,119600
3,93900
2,95000
190,111300
67,102900
2,94300
26,133700
5,247000
24,177300
19,122100
2,97600
41,162000
1,91600
25,135000
8,105500
18,115000
1,91900
2,94400
4,143200
6,129800
3,121500
1,119600
13,155500
2,121100
36,227700
1,124500
1,85300
3,91400
2,99100
27,138600
210,154400
1,90000
5,121700
3,98400
4,100000
11,109600
3,97800
440,175700
2,94900
1,91200
32,155300
1,94600
1,99400
12,113200
2,95500
1,124500
1,84700
2,101300
1,93200
29,140000
1,86800
137,120100
55,182100
1,98700
1,91900
8,113100
1,94500
2,97100
2,93300
9,112700
1,94700
1,92400
4,107600
2,95500
2,102600
588,172800
2,95600
2,97200
1,97200
1,94100
2,96500
1,105400
1,95000
18,122500
2,94400
9,113200
1,94800
2,93200
1,93700
1,93000
7,115700
1,94400
175,183300
16,119000
252,108500
34,149700
143,131000
37,228500
10,109000
1,95000
31,144900
1,93400
5,100600
15,116500
1,93300
2,130900
10,137700
1,85700
2,118500
1,122600
387,165700
26,195700
2,140000
2,98600
247,193000
3,101200
1,91900
1,90400
1,92700
72,112800
1,94600
28,147200
1,102200
21,127400
5,99100
2,93300
4,97900
32,156500
1,134600
1,96600
161,167100
129,105000
1,91100
2,94800
123,197000
10,108800
6,106500
4,104600
585,160700
3,96400
3,97100
45,174000
1,93900
2,94500
4,98400
1,91100
1,91600
99,288400
4,139800
1,117500
9,153100
1,118300
3,105400
2,92700
7,107300
1,93300
23,125400
6,93500
54,186100
3,110400
5,102500
1,90400
6,102700
419,185600
4,98000
33,146800
2,94300
1,114200
1,98300
24,139100
1,92300
5,101300
2,93300
73,120900
10,106600
2,94300
263,169300
2,106100
6,138400
2,128500
96,189300
1,86000
30,185200
1,94400
1,94300
19,129000
1,94600
2,95900
2,93100
18,123800
8,104700
10,114300
160,164100
3,99600
7,104200
31,143800
10,108100
1,92000
12,113200
6,114200
1,91500
33,148300
9,107800
6,101400
2,95400
1,91300
14,116700
1,90700
2,108800
1,92500
6,159400
4,102500
2,94000
2,96400
3,96100
1,91300
115,204900
23,139500
1,94500
5,106600
1,102100
26,137100
1,91600
2,97600
5,115800
6,103800
3,94600
9,106000
49,180000
1,92900
3,95400
1,92400
311,105000
44,173500
3,104400
8,106800
141,127000
63,94500
1,92600
97,154600
2,94400
1,92200
85,132600
1,94800
1,95300
6,101400
2,89200
1,89400
1,92500
1,91800
75,125200
1,93400
1,91600
2,97700
1,96300
1,91600
8,105700
1,92600
13,113000
6,155400
1,120600
5,123300
1,121000
87,149600
13,126200
43,209000
1,87800
2,88700
9,127400
14,121700
2,95200
4,99600
1,92200
1,100700
297,279700
4,108600
620,130200
3,111000
1,89100
2,97700
1,95200
1,110900
1,94300
1,96000
7,103100
1,84800
1,117300
6,104800
3,105800
3,105200
3,94900
386,133000
20,125600
95,221600
21,138500
2,93700
31,142900
1,183400
1,127000
148,148400
1,100000
1,94200
2,104100
2,89400
365,212800
2,88400
1,93100
69,155900
2,126000
8,133300
75,172900
16,130700
1,116800
5,96500
1,89600
16,113300
1,89900
5,95800
130,101800
5,93100
1,90000
33,241500
49,310700
85,174900
2,126000
1,123100
65,121800
36,189000
27,167900
1,99600
1,91400
2,101800
4,147600
3,107800
1,119600
18,114500
5,105300
2,116000
13,108400
44,189300
6,125100
2,114600
7,108500
1,94300
2,124600
21,130200
22,129400
9,105900
1,94900
2,93900
2,96800
346,174700
2,102700
121,192300
15,117200
2,92500
120,199600
1,91100
8,105200
3,102300
1,92100
9,112100
16,125100
1,98200
2,93400
1,95100
2,91100
9,106100
33,186600
2,96800
1,93600
3,94300
202,131800
10,115300
1,91400
258,126100
4,115300
57,193400
4,100600
8,111400
47,170000
1,99500
2,95900
1,90800
1,133200
2,104600
240,192000
48,174900
1,97200
1,91900
3,100800
8,193700
3,123700
1,112300
5,104100
1,112100
12,128700
2,97200
2,86800
2,121700
3,92300
2,82000
17,117300
1,91900
2,101500
1,92700
4,98800
2,100200
6,133500
7,119200
5,95800
1,90300
5,103800
17,141900
29,148200
2,116200
1,101000
4,98800
2,94100
4,103600
309,202500
66,103200
10,108700
1,96900
18,192500
1,95900
1,90900
17,121500
15,115700
29,141300
1,91700
1,98300
18,125200
8,108600
1,93500
2,94800
6,102200
294,244200
4,99500
69,106400
1,98300
1,98700
9,107200
36,173300
2,97300
25,132900
13,111200
12,110200
16,126600
5,106500
1,98700
22,129700
136,116500
4,106000
61,193100
10,142200
43,206900
1,95100
5,100200
1,92900
4,100600
1,91300
2,101600
1,104400
4,105900
1,113600
2,99100
1,91800
1,85600
8,105700
13,114000
9,105800
29,214600
1,95300
1,93700
2,94900
1,98400
2,102200
1,93600
7,103200
432,219600
67,103900
13,112700
1,92200
1,93500
1,93700
78,127700
5,100900
4,98500
32,279300
142,139600
121,238900
91,214100
1,115700
1,96700
3,103100
6,99600
5,104600
2,96700
3,94700
4,98600
1,93300
299,194500
2,94500
25,141600
6,106800
5,98100
8,102400
5,98300
33,145800
1,113000
4,98600
6,102100
12,112800
9,107300
10,108600
60,196900
4,105100
1,185000
3,100000
22,128300
1,111000
45,185700
1,124700
7,107500
31,159400
2,94300
43,163400
48,172700
5,99600
348,168100
3,99800
9,116100
215,149400
12,112000
62,96800
28,141500
1,93500
5,99600
1,93500
87,142700
1,92100
7,102800
1,92200
4,99200
1,87900
16,118100
1,91500
6,100000
1,96000
11,111000
1,100800
75,120200
3,97500
288,181000
9,107400
19,122000
3,107200
8,104700
8,105000
2,93500
33,146800
1,91200
3,97300
21,121500
16,135900
39,182600
2,124500
3,142900
31,178800
2,100600
38,202800
1,96900
5,108900
2,93300
3,98800
1,91900
1,92400
1,93300
10,109900
26,141400
1,92300
1,96600
19,130100
2,94700
27,153300
1,93000
2,104200
2,87300
6,112100
20,126700
4,98700
31,145300
34,148400
2,95400
2,95300
4,98500
4,108900
1,91300
6,110000
2,93500
7,105100
26,134700
3,98600
52,227600
20,153200
4,106900
30,142500
1,93000
12,113200
4,99200
19,124800
1,100600
3,109200
10,110200
15,118200
22,129900
1,91600
3,96500
327,131300
21,128000
1,100700
11,110300
25,133000
29,141300
1,119700
1,115000
3,93500
6,110500
17,120200
1,94300
6,170400
14,116200
22,131600
5,101200
1,98300
2,96200
2,98100
2,93800
65,105300
1,240900
132,122400
1,92900
1,83400
1,87200
2,129000
1,88000
4,86600
4,107600
33,147700
6,101800
2,95700
8,105300
5,98900
3,98000
1,94700
47,191300
2,114800
1,100200
1,103000
11,110800
19,124500
191,120400
19,130300
1,102100
4,100100
1,93900
1,94800
4,103100
1,101500
2,92700
61,198100
2,94700
5,104200
4,99000
1,93700
44,169900
1,94800
2,96900
1,90700
95,150300
45,176000
209,137600
2,95600
3,109700
157,154500
2,95500
6,94600
72,104100
5,115200
5,96000
1,98000
17,120500
1,90700
471,180200
6,108800
1,90800
311,113000
1,97100
479,181200
6,101700
23,132900
77,118200
4,102800
48,184800
1,94500
73,105600
5,101900
7,138900
2,99400
1,98700
64,102900
2,94500
7,121800
90,142100
33,149900
1,96400
1,93500
24,132200
11,110400
29,142300
378,124500
9,117300
3,108600
4,114900
2,130600
3,107900
3,110000
1,115200
1,97300
20,128400
4,98100
2,93700
1,92400
26,137100
5,97900
35,164000
3,96100
1,92700
11,109600
6,102500
1,91000
53,180800
1,90000
7,103800
26,150700
1,92400
7,102100
15,117200
46,171400
603,187900
1,93700
1,106900
2,94400
7,102700
47,171100
10,108500
1,93800
15,117600
21,127700
2,99400
1,95400
1,93200
1,101800
4,104000
3,102400
1,93700
4,98300
2,94000
112,278800
25,158900
1,88200
8,117200
22,153500
46,228600
4,109400
1,90900
4,97900
49,162800
2,82200
1,80400
1,88100
27,134500
164,240100
4,104600
2,83700
152,133900
2,113900
27,170500
2,111600
2,100600
275,215100
1,89000
18,148300
1,89000
4,116300
5,111500
19,170200
1,122700
1,120300
16,173400
12,156100
3,138700
1,108600
28,201800
34,187100
1,97000
357,183800
34,150600
105,166500
1,96500
49,175300
1,100800
2,94800
336,151800
42,160900
1,93600
1,90200
2,99800
1,91600
42,162100
210,138100
17,119100
49,174100
5,106000
3,105300
22,131600
1,100500
22,128800
1,92700
1,91400
2,96100
1,91100
1,93600
21,133900
5,102500
9,106900
2,91900
26,137100
94,157500
2,96500
279,164200
1,95800
1,94900
137,118100
3,97400
1,94600
6,107200
10,109400
1,91100
3,105800
371,255600
3,106400
5,100500
31,145300
1,91300
17,122200
1,90800
2,98700
205,131900
50,175100
3,95900
31,144300
2,95600
15,119200
4,101300
6,102500
5,99800
2,96400
3,99200
1,90900
1,92900
230,176600
6,108300
1,123300
1,102600
3,145700
1,103600
2,98900
1,104600
6,132200
3,120100
15,155700
5,104900
8,105800
1,91500
104,165800
2,95600
5,101000
13,120900
19,285400
188,101800
43,165700
1,94500
4,98700
118,196600
15,122300
4,97300
15,124400
221,158500
22,130000
1,86000
15,110900
3,97900
26,140400
1,91600
1,101500
18,123500
1,90900
56,184900
1,90300
1,95100
2,102900
2,92500
1,90900
1,99300
1,94200
13,113200
4,98100
7,104000
4,98000
1,108200
3,90700
5,108500
14,115900
3,97800
2,94400
534,180400
13,113600
4,97100
1,92400
65,121100
5,103100
3,96800
14,114400
1,95000
4,98900
1,93000
1,94600
45,176100
2,95700
7,102900
27,137300
1,92100
424,195700
4,97100
2,108200
1,91800
607,196100
2,92200
15,124000
1,92400
4,97700
9,107100
36,193200
3,115900
1,83600
1,96000
58,270500
14,145200
1,159000
5,94000
1,94000
13,151400
9,110200
1,90000
14,115600
23,136200
1,97300
1,91600
442,123300
6,102200
1,92300
28,140600
4,98200
3,98600
4,96700
1,104300
420,186800
3,100100
87,137600
1,88800
1,93500
1,93100
3,98400
12,114600
1,93900
5,106400
5,107400
37,154800
15,117600
174,187300
119,202000
107,176400
15,126600
2,95200
4,99200
1,93800
389,133800
7,102700
2,101600
205,140700
20,124900
29,144200
44,165600
3,103900
1,91000
1,93000
522,159400
1,91800
1,94400
3,101400
8,104300
89,138900
1,94700
2,95200
1,92000
4,203800
1,104300
4,98000
11,111000
109,171100
1,95900
3,98000
20,149500
2,104400
55,200100
3,100700
161,162900
1,101800
1,83800
1,115900
3,110400
28,219300
1,121100
1,111800
12,110100
16,121600
3,114800
93,143400
1,96000
4,98300
2,95000
11,110600
21,129700
30,145800
38,161000
1,91400
2,94100
2,96600
14,115400
29,140900
39,156600
4,107300
1,97300
1,91600
1,90900
1,90700
32,155600
4,100400
1,97000
2,94700
1,90200
1,115600
2,91800
50,185300
4,99700
5,100800
7,103100
3,95400
7,104400
1,104100
44,161300
6,103700
1,94100
206,133000
1,94000
41,160200
3,100600
6,133900
18,123200
1,92600
31,144200
2,97400
2,95300
22,128900
355,180100
1,102600
3,97500
14,115100
11,110600
1,91800
28,143800
40,159100
99,173300
17,122700
6,102100
1,92500
2,95600
5,100500
4,98600
4,98900
10,108200
1,116400
171,216900
3,98900
3,97700
1,93300
38,217300
2,96300
2,109700
2,130600
19,129700
3,116000
10,144200
40,244500
3,99400
455,153400
1,89800
48,171900
4,98700
3,104100
12,112700
17,120800
122,198700
3,97100
1,94300
71,156600
49,174600
10,107800
1,91800
27,232000
1,113200
48,200500
2,88900
1,80000
4,101500
2,92900
2,88300
1,97500
1,92700
1,86600
4,101000
8,104700
6,101900
4,100800
16,117300
2,99000
41,168100
8,106900
1,93400
8,103500
5,105700
1,93400
28,139200
5,111500
2,86800
6,103200
2,94200
3,95100
1,90800
13,114100
1,94600
1,91300
1,98900
10,108000
52,188500
2,95300
27,137300
116,201500
14,123300
1,85300
6,94400
1,113600
4,131100
32,207400
12,120900
14,116800
3,98800
1,92900
3,95800
46,179100
1,94300
6,101100
2,94100
21,126800
14,115000
4,98000
1,92500
1,122300
311,117600
10,161200
1,92000
1,125800
8,127300
1,97100
9,171200
2,107800
2,99500
12,113900
2,96900
3,98600
20,125800
1,89600
1,93400
4,102100
1,93800
1,115800
19,120100
22,133100
1,91200
1,94800
256,116900
2,94400
8,107700
1,95200
23,131300
1,101400
2,97100
7,102500
8,104600
2,94700
50,179300
1,98400
19,124500
3,97200
4,97900
2,94300
12,110400
95,155800
1,100000
63,96800
2,96000
1,95100
2,95900
2,93700
1,94600
4,97700
1,100400
3,102900
21,131300
1,91500
2,94000
113,184000
8,105600
4,98000
6,98300
2,91700
5,119000
433,207700
9,106300
3,98700
21,127300
3,97000
1,92000
6,108200
6,186200
3,105500
11,116300
3,114500
2,87500
35,173500
23,142400
1,107400
4,102200
2,113000
6,104900
4,97700
1,93200
25,135000
14,115900
26,172700
1,116200
2,128600
3,129100
3,129700
70,162400
28,144200
2,110400
170,177800
23,134000
7,112100
15,116200
1,101800
18,129400
1,98200
14,116700
2,88700
161,163700
2,95000
106,228400
1,92700
129,103700
18,128200
2,97600
5,99600
16,117500
1,93700
68,102800
53,182100
16,119500
1,95700
21,129700
1,101000
44,167400
3,97500
2,94100
4,99500
2,96100
1,105600
33,148200
3,98200
1,93500
2,96300
2,92300
2,96500
1,92700
5,108100
11,143100
2,96600
64,98300
23,130500
4,97500
1,92300
43,170100
469,244300
1,123100
4,112400
8,105900
1,91400
1,91600
1,89500
2,93200
21,180300
27,140400
5,103700
13,115600
1,95900
3,128900
1,98200
8,105000
46,171100
1,92000
1,94400
29,142500
16,135600
4,118000
2,121800
2,144500
2,132600
1,97800
27,185400
1,90400
22,159800
1,98100
1,95900
573,139600
2,94000
34,149800
1,96300
87,146700
11,112300
6,105200
7,103100
2,96800
1,93500
2,93800
3,97600
1,90800
276,154000
81,184900
1,92100
7,104500
1,93100
1,89300
17,121400
1,89600
31,225800
4,142300
3,109100
9,105900
1,92000
302,193400
6,100900
1,105700
20,127500
5,106300
1,93900
2,102600
218,162400
1,94100
3,99200
3,93400
28,165000
1,96200
4,98300
7,103100
15,125200
1,94600
3,98600
1,93900
4,103300
1,99100
170,193200
3,112300
2,88200
196,118400
5,99700
2,94500
23,155500
1,123100
1,98300
4,108000
1,93300
335,153300
5,106100
6,101400
315,138000
6,103600
2,94600
6,102800
4,104300
12,113000
2,95000
1,93100
3,97200
8,145600
19,134600
1,85800
1,112100
3,113100
239,182600
16,116200
299,223200
66,95200
9,112500
1,92700
2,152000
1,97700
6,103000
34,155500
2,93000
204,137700
1,95500
2,95400
2,101700
99,158100
1,92000
4,98600
6,102600
5,101200
3,96100
3,100700
21,126500
164,175700
38,158300
3,95800
1,94700
1,91300
385,126900
170,180800
4,102700
88,138500
3,98900
2,94200
2,96100
398,149600
270,139400
31,144800
20,187400
35,153600
39,158000
6,101900
1,92700
1,92000
7,112500
6,110100
26,136700
6,109800
33,147500
155,149900
3,98600
5,99300
1,92100
65,106100
2,94900
7,102500
424,192800
5,101800
10,108300
2,92200
2,92500
174,178200
1,93000
2,95000
271,138600
18,123100
2,94600
1,91100
10,106000
13,113500
1,126600
2,104100
3,101600
2,92900
24,160500
1,120900
3,131100
1,116500
1,90000
8,131600
1,89800
151,171800
1,87500
1,112000
51,183900
9,127000
5,97700
1,108700
3,93900
1,110400
6,105400
10,127600
4,102300
2,90000
2,112600
6,99300
4,116700
16,118500
40,250300
1,122300
222,154300
111,170800
4,122700
12,116000
192,134200
1,115900
9,154000
71,159800
19,156200
43,182200
3,126000
25,186400
2,115200
2,115300
2,122600
7,122200
4,102500
1,96900
8,130900
5,96900
2,175100
5,108100
2,114100
2,113900
5,122100
6,108000
545,249500
1,111000
1,106800
93,189200
43,199400
377,146900
1,97900
5,131300
3,126800
1,113600
2,93200
380,136500
6,131300
60,266700
38,192100
35,147400
1,98000
2,99000
6,125700
10,124300
3,98700
1,110700
16,139400
1,122200
15,160500
2,115900
2,112200
4,116600
3,132600
2,112300
24,162500
1,120000
2,117500
462,255600
5,116500
3,116100
1,117400
296,220600
25,141700
10,150600
1,114300
1,101100
19,145700
3,127900
196,140800
6,119000
3,125900
18,130700
26,184100
1,103200
58,233300
1,100800
10,132800
6,105300
6,222600
2,98700
3,103600
1,82400
4,107400
9,158600
4,119100
7,120400
2,113800
4,97800
2,125000
1,108400
140,145100
22,165700
3,115200
7,142700
1,115100
109,229700
55,222800
22,156800
1,98700
3,102400
1,100600
3,121200
4,129200
2,102600
1,113700
1,102300
1,97800
2,138600
7,109500
2,117700
83,235000
6,108100
2,89700
4,106000
2,101900
1,91000
1,93900
24,164000
1,111000
2,113100
174,177600
12,108600
1,150600
22,135200
2,97200
2,92200
2,94100
2,89600
2,122200
48,201300
1,95000
72,103900
1,108200
2,113300
450,140600
385,129700
1,95700
5,100700
92,157100
6,103900
1,93800
29,141700
1,95500
16,120500
7,95600
57,205500
3,104700
3,97500
1,102200
1,94200
68,104800
11,109700
19,123500
2,93200
565,141500
15,118400
2,88300
275,151200
1,92000
2,94300
14,116400
4,92400
71,114200
11,126700
1,96600
4,98000
1,93700
6,101100
1,90500
3,99100
9,107200
1,118400
46,205700
1,88200
8,113500
1,91500
4,100100
288,171000
1,85500
5,107300
1,97200
4,99100
6,101400
12,110800
18,122900
1,89100
3,97400
1,94000
27,187700
6,118900
12,115000
5,89800
38,144800
3,91400
1,121900
1,118700
1,105400
26,207500
5,105600
4,116500
24,157900
3,102300
29,384100
26,159600
1,108500
3,103700
7,107300
8,124100
6,101000
12,107500
3,102800
47,161600
4,100400
168,177900
1,93400
31,144600
4,107300
3,100700
11,111100
1,98600
24,139000
4,91600
35,153300
1,95400
1,96400
1,92000
2,112400
1,91100
7,141600
2,111000
1,92100
1,91300
1,98500
1,100600
16,124600
114,173900
17,123400
2,96500
3,97000
83,129300
17,122700
2,118000
2,94500
6,102400
10,108200
3,98200
12,112200
191,109300
2,96400
269,143900
13,115500
2,96500
1,94400
4,99400
40,168400
1,98900
456,149600
320,124900
5,104700
2,97000
2,89300
459,151200
165,180000
1,127900
7,117300
7,101700
45,225700
2,113200
2,94100
51,244800
1,113200
1,95000
64,104500
2,113400
6,109900
8,104000
2,94100
124,98000
3,113800
2,93700
4,99100
1,93400
5,100100
37,178000
65,109300
2,95100
9,106300
1,107500
36,161600
2,96500
5,101400
33,194600
3,106500
2,94100
2,95200
4,116100
3,107100
4,95100
3,95900
1,93800
2,109600
4,162000
22,130300
6,101100
2,111200
203,128400
2,96200
2,96100
6,120500
2,88100
3,102000
5,98200
2,95000
359,202400
62,92000
2,97300
16,119700
32,189900
2,94000
1,91700
2,81200
2,133800
9,120000
20,170000
2,234800
3,134800
128,125000
10,99200
3,90800
2,125200
11,142900
1,112600
12,173100
2,125200
4,120000
8,134900
2,151000
64,121900
5,117300
2,112100
2,136000
64,122200
2,110900
4,119000
3,126200
148,148900
16,126700
2,105200
72,112100
49,175000
1,94700
2,104100
32,165300
51,187200
1,93200
2,132000
2,96500
5,112500
2,95400
4,124000
2,97100
6,102900
2,94200
468,183600
88,139900
2,97600
2,93600
2,100400
6,120000
425,196600
113,181100
2,96600
11,111500
17,121700
3,96100
2,114300
2,92900
4,102600
5,99100
18,121400
38,174500
2,94400
2,94100
1,91800
1,109700
18,122700
2,96200
9,107700
2,94400
9,123400
10,110200
78,123400
2,102300
2,109400
27,138600
2,99200
1,98300
2,108900
1,92600
18,121800
1,90500
2,93900
1,105000
1,99800
50,177100
4,99300
3,110700
1,94900
25,191300
2,94300
1,124100
2,91800
32,190800
3,84500
251,150000
2,102200
1,109200
1,96700
2,143100
2,84900
2,89100
232,180800
9,120300
5,100500
5,98800
12,112400
2,94600
4,113800
2,109400
2,95600
17,119700
4,114600
1,91900
2,95300
2,93600
3,96400
9,128800
2,93800
148,137900
11,110300
1,110700
21,128200
21,128100
232,345900
2,101500
25,133700
84,151900
20,166000
30,170500
6,114200
3,121700
6,125400
1,86900
2,94600
2,95400
2,123100
19,126500
2,95800
324,127900
28,155900
25,135200
30,143400
235,197100
134,114500
67,110100
34,149400
4,119500
4,99700
9,123500
1,92100
12,155200
89,142700
2,100200
2,102500
4,106100
2,94800
2,94000
6,101700
1,92800
6,116200
7,117000
3,97400
2,94200
2,115100
6,113500
308,218500
23,119700
1,114000
25,202500
17,124800
4,126600
2,106900
9,127400
1,95800
2,98200
30,143500
2,93100
4,105900
42,169400
4,96800
2,93200
5,107100
3,96200
113,180400
18,121800
1,89400
5,111600
2,93400
5,108300
3,94700
565,184400
97,155500
2,94800
3,103300
2,101400
24,131100
6,101600
7,109100
4,98300
2,94700
38,155500
1,92800
2,104000
12,113400
2,94800
1,95700
7,104200
252,107100
12,111100
14,116600
179,197700
1,92200
2,96600
7,103300
17,126500
24,131700
3,98800
2,93100
1,105700
3,96400
2,94800
3,98300
17,119200
2,99100
8,105300
3,96700
54,182000
2,96800
134,114400
2,95600
2,95000
177,186400
36,153200
2,94800
16,118100
2,102400
2,83300
1,92700
2,105600
22,129100
1,91700
51,177700
2,95700
13,227400
18,173200
3,128400
2,120500
50,168800
5,89200
1,80900
107,178700
6,131100
19,127600
264,129000
33,146800
34,149300
1,109000
2,90400
423,196400
39,158900
3,98200
5,92200
3,97800
33,217300
1,92200
2,99900
2,91800
7,100800
29,142300
431,204300
4,92100
24,161000
133,115100
1,93800
5,99600
2,96000
74,114400
38,154600
6,100100
2,114300
1,92900
17,119500
2,101200
2,94300
15,121300
2,93700
3,102400
1,95800
2,102900
25,135600
165,159300
4,97600
8,103000
2,104100
13,113200
2,94900
210,158600
4,106600
2,95000
2,94800
3,97400
43,165600
2,94600
2,95200
2,94700
2,98200
2,93500
19,123000
2,96000
3,95600
7,101700
2,94700
181,193200
1,102300
303,196300
2,96600
1,92200
2,98300
419,184000
8,104300
8,108900
27,281200
84,176900
2,120400
2,117800
3,124500
2,123400
540,177000
4,108100
8,106100
2,95400
6,108400
2,92400
14,123000
3,97700
2,98900
2,96600
24,132200
559,115900
2,94500
367,194600
2,94700
9,111700
2,97400
26,139900
1,92400
2,94500
1,94300
4,105000
2,102000
11,114900
2,94000
19,186800
448,171700
9,110400
2,105200
2,94600
2,94800
19,123100
2,100000
2,100900
2,94500
1,95000
17,120700
21,301700
4,119800
48,239700
1,119900
5,122900
2,119700
2,116800
2,111300
2,121300
531,232500
118,275300
3,122800
1,110300
2,112800
1,108700
52,250100
29,185900
1,160200
10,134900
33,195100
2,108400
38,211400
5,117800
2,128900
6,138200
4,113100
2,89100
129,142200
1,85300
1,115300
8,128100
21,126600
2,87000
7,106200
5,122200
102,161300
9,103500
2,91500
7,91500
5,91500
6,126200
99,162800
3,97800
1,100800
1,93600
1,91900
19,123700
2,86900
1,103400
14,117400
158,156400
52,185700
6,99700
3,97300
44,169000
96,158200
26,135900
24,134100
2,97000
57,186800
20,126100
2,95000
45,178700
49,183200
2,92200
3,94800
31,208800
74,114600
3,95800
18,134400
2,89900
10,110400
5,99600
28,139500
2,94100
2,93900
5,99800
28,161200
1,94300
3,96600
2,92900
9,104700
2,94100
1,91300
11,109900
12,111800
368,213700
2,95900
1,90100
1,91400
16,118300
181,248600
2,104200
3,101300
493,209100
1,92400
48,171900
2,95200
617,211300
2,94200
2,124900
2,125200
4,161600
74,102900
2,108800
176,174400
2,97200
3,122600
1,128600
23,170800
14,125200
1,97600
21,125500
1,91100
30,246600
2,109600
1,121600
2,86100
12,100100
3,101200
2,87600
8,107500
24,165600
42,179900
217,149400
5,99700
45,165900
2,92100
2,94800
165,192500
11,119700
5,99500
9,107200
6,106000
2,106000
8,109600
1,89600
53,191800
2,84400
19,129200
2,95000
2,94700
20,164300
1,87500
2,107000
20,139100
26,139900
28,139800
44,159900
1,90100
7,103800
2,94000
28,144600
5,101200
4,98300
2,97800
2,96000
14,116500
2,93600
44,167700
3,99600
2,111400
253,110000
2,93200
4,98700
2,102100
2,99200
2,95700
1,83000
14,114600
47,174400
2,89000
36,160800
11,110200
229,170600
140,123300
25,133300
2,125200
2,105800
1,96800
4,88100
2,82900
3,120000
2,127600
10,159300
415,229900
1,94900
23,132800
25,132800
3,103200
31,144000
2,104500
1,99700
2,100000
28,139200
2,98500
7,102800
2,93100
186,105400
1,91200
43,172100
246,197400
1,97600
2,97500
1,93800
382,122500
3,94100
137,118200
2,96300
204,132300
3,97400
3,95800
116,192400
9,105200
2,95000
1,101400
43,170800
2,94300
6,101700
41,160300
13,111900
24,132600
3,98500
39,231100
2,91300
15,118000
2,88400
5,102100
5,100900
2,94000
358,186600
28,144700
2,94900
1,90900
5,100100
3,95000
27,137800
11,107700
4,98600
2,100400
2,194500
6,96600
2,113400
1,98900
2,131100
2,93500
1,85800
2,125700
3,92500
6,105200
2,112700
3,121500
1,86700
2,176400
2,137000
1,129400
2,130500
22,198500
1,136300
2,148200
3,134000
9,156100
4,146800
7,142900
399,333200
29,141700
2,97800
173,175700
95,159400
2,105400
2,93300
402,170100
1,91100
1,92500
3,102800
2,88900
4,97100
2,104100
16,112100
62,95000
2,100600
6,101300
3,99000
2,92600
3,98600
4,98200
2,101500
5,104200
39,163800
4,100200
2,94300
9,108400
24,139800
3,108200
24,133300
2,102700
2,92400
30,161800
1,87200
2,87600
25,137800
123,197500
6,102500
2,111800
3,100700
476,188400
1,84900
21,129400
6,103300
1,97600
2,95000
9,107600
293,185200
14,116200
25,134800
2,95300
2,97700
241,190900
1,93500
37,155400
29,158700
37,164000
8,105500
2,94800
37,159400
2,95100
90,140600
3,143400
29,184400
4,99500
1,123200
53,224100
2,110400
4,128100
2,114000
82,133100
2,96900
8,106900
2,96400
2,94400
1,87500
7,103700
28,143500
2,87700
601,194000
2,95500
15,116800
1,94100
11,110100
2,96800
3,113800
3,105800
1,93100
1,92200
8,105000
25,134700
2,94600
2,97300
3,93200
47,351300
4,106000
8,106800
3,96900
2,94900
12,117300
6,108700
5,132100
1,98700
2,121800
11,115900
2,94000
2,94800
2,96600
1,93500
19,146000
2,95400
23,133100
2,93500
39,156700
87,143100
3,94700
2,94900
25,137500
35,148400
63,95500
16,117900
36,152100
2,95200
34,155100
152,175500
1,132200
452,220200
12,167900
119,326500
2,146200
2,99900
105,166300
6,103300
3,96500
2,87900
2,108400
39,175400
3,113000
2,129300
2,130700
1,128500
301,302200
2,104800
77,132800
2,98900
286,174200
2,155700
85,199400
2,92300
2,95600
2,89300
1,94600
7,103300
2,89200
3,131400
529,180200
90,139200
1,92900
2,95800
29,188300
4,103000
19,124500
2,94700
2,96600
597,187700
2,107900
60,190500
2,94000
1,91600
2,96200
2,94800
85,140100
5,99600
2,102200
53,189400
33,148100
2,93300
1,89200
2,101500
14,114900
23,130700
16,121500
2,94400
50,174200
2,94600
4,97900
2,93900
3,96900
2,101400
18,125300
14,115200
2,97300
6,103800
14,122100
28,138200
2,96500
3,98000
1,101400
2,99900
268,181600
8,133200
575,230400
4,90300
2,101400
6,103400
2,104800
6,102500
1,92700
6,99600
2,92200
1,91600
6,99300
2,82400
33,133600
5,259300
204,201800
1,97200
26,129500
29,139700
371,217100
31,136900
2,86700
1,87700
5,100500
7,112100
2,96600
4,101000
3,109400
1,119800
2,85100
2,81400
20,113800
26,123100
226,169600
187,106900
28,144500
2,104100
74,119800
34,149900
8,106400
2,96100
82,130800
5,99900
5,101300
32,166600
2,97400
2,93400
4,97700
11,109300
3,95500
2,96700
4,104400
6,108200
7,108500
8,113400
2,95900
1,98100
10,108000
2,92500
41,160600
2,95100
1,95600
2,95300
12,113000
1,95900
6,105900
2,99200
10,111100
4,104400
1,91500
2,103100
11,111300
1,92600
17,120700
1,86200
42,163100
2,94100
24,130700
498,112800
2,94400
56,186600
4,97900
3,96300
2,93200
2,93400
10,108300
1,103700
13,117000
2,98600
390,137700
38,163300
2,93800
1,94500
27,143100
16,118000
4,150600
2,118900
19,144500
1,119500
2,97300
3,98000
6,123500
4,128200
3,121200
5,104300
24,131400
155,150500
3,96000
2,95000
3,98300
4,103200
6,102600
7,103500
202,126100
145,132500
4,99900
44,166800
1,92100
97,241300
63,96600
41,161700
3,96100
33,147500
2,95100
84,189500
23,136600
4,99300
56,186300
10,107400
2,104300
1,92100
4,104300
1,94100
2,124400
2,98500
3,96300
3,93300
2,93300
8,103800
3,97200
87,134500
4,97200
2,194500
17,128100
20,171200
4,108400
3,96000
12,112400
117,192000
4,122000
2,98000
2,95400
5,101700
8,102900
6,101600
3,100800
2,86400
27,142700
4,97400
2,92400
1,92600
25,133500
99,156000
1,91100
226,166200
2,100300
41,161900
6,100100
1,93000
1,90900
1,92700
2,94200
14,114200
2,95600
5,142100
421,222100
9,134200
39,163800
2,107700
3,92900
4,118000
8,106100
81,125900
3,95200
2,92400
3,93800
8,104200
3,103000
1,91400
14,120100
4,98600
1,86800
46,168500
2,100700
2,95300
4,94900
2,93000
3,97300
6,119800
1,92700
2,94000
4,104700
2,95000
2,94000
3,96900
7,102700
12,111700
34,159900
2,97100
285,165000
2,94100
1,90900
1,100700
2,94700
2,96000
2,93500
27,148800
3,96700
3,94400
10,105600
1,93400
7,102000
2,97400
2,94500
3,98000
208,140600
3,96600
2,94100
3,97600
9,104600
3,97400
4,97300
1,88500
18,129300
4,98800
2,95000
25,133300
484,193500
2,91900
2,92700
1,92900
2,89900
6,96700
10,112100
28,140800
2,94100
2,94900
25,128900
63,97900
4,97300
2,94700
24,136400
82,128100
1,92000
20,126900
2,95300
2,101100
2,94800
2,101300
2,147200
2,128800
2,130700
2,131100
4,148200
2,125400
2,99300
1,121800
1,114100
1,94300
6,108700
17,120200
2,92200
5,101100
17,120100
188,107800
6,211500
2,98900
74,102900
4,117800
31,141400
2,88800
5,96300
5,110600
2,89500
4,102200
2,92000
9,96300
4,108600
41,225800
3,98900
27,138800
3,97500
12,112600
2,95300
53,212600
22,125500
1,91400
36,165800
2,96200
8,100400
2,114200
2,93400
387,134100
1,92200
2,96000
1,93000
13,115200
3,103700
41,200700
2,88800
2,98300
8,105900
2,92600
2,101100
3,99000
26,186700
62,97400
8,106400
2,94500
2,95000
28,216100
612,207900
2,100200
7,101800
1,90300
3,98500
2,97600
2,94900
7,103500
2,96200
2,94300
2,100800
3,97000
16,116000
2,94700
1,92300
2,95200
5,99600
2,87400
14,116500
2,127000
63,107400
54,224600
5,117300
28,150200
1,83200
12,101900
2,134800
1,138000
18,202900
2,99100
2,94000
34,148900
1,85100
2,82900
3,100000
2,93300
602,248400
29,167000
46,170800
4,103300
4,98900
4,103700
7,103300
1,93600
1,92000
1,91000
1,91400
2,93900
35,148400
5,100900
2,111300
6,102900
4,98900
4,97200
4,98500
2,88200
120,193100
2,93100
15,145400
2,96600
26,136800
181,192000
2,97100
3,102600
29,147600
31,148900
6,103300
2,100500
16,118300
1,89700
4,100400
2,94600
8,105300
8,110700
2,103300
2,92300
2,93700
2,97800
24,132800
37,161400
3,95400
2,88400
2,85100
120,275700
3,97600
1,123400
2,88900
2,126900
72,129400
2,96000
3,112200
2,125100
2,99600
29,141400
2,108500
2,94800
49,173100
2,93000
101,244500
2,85900
31,151300
2,127400
2,96500
19,154800
72,126900
61,205100
1,92200
2,93000
3,103900
2,99900
5,101400
2,96600
92,153100
20,127800
18,124100
25,135100
2,93400
20,126300
43,165800
2,94600
1,98200
54,191700
4,96300
1,92900
15,116700
2,97400
64,99200
3,95800
2,116200
10,106500
2,87500
2,98500
6,101600
285,165600
4,99000
493,216900
24,147600
2,97400
5,97900
1,100400
2,94100
2,95400
5,98900
132,110000
12,115600
1,91700
260,185000
8,107900
233,175600
18,122700
2,94100
1,94300
2,105400
177,188100
21,127400
2,93600
5,101200
5,101100
21,128300
2,96500
110,236700
7,108300
169,185500
2,94200
2,95900
11,110400
3,95600
2,100600
2,98500
5,100200
44,164800
5,111400
1,92400
88,138200
2,99000
2,139800
5,118300
337,230600
5,141900
89,189100
1,97500
2,83900
246,201100
4,101600
2,94100
2,92900
1,94300
1,96900
136,117200
17,119400
1,100800
149,140200
2,96100
3,101500
2,96300
17,118200
2,95000
163,170800
1,102900
4,149600
1,113600
2,96500
443,131500
2,97600
32,158300
42,291100
6,130300
2,115800
4,103200
13,121700
2,103500
1,93200
2,106700
7,106200
27,140300
5,100300
4,95600
33,147800
2,92000
5,100300
1,93100
2,96600
41,162200
4,117000
2,102500
2,98300
2,94000
36,156600
2,89200
1,105300
9,106100
100,159400
2,100000
10,108200
8,105200
22,136200
2,95800
2,97400
5,101200
2,95000
2,94700
3,99500
2,116800
1,92300
2,82300
24,128100
2,82300
1,90300
44,155100
2,81700
3,82600
21,114700
2,80800
9,101900
1,79800
225,152700
2,133200
3,99000
43,256000
60,210500
2,84300
2,81700
2,106200
19,165800
29,144700
2,121600
5,103800
6,103800
3,96500
2,95600
2,127400
1,91600
2,82400
1,93000
7,110300
3,98100
2,96000
22,128400
2,93300
9,117200
1,91100
1,100800
196,117500
13,113200
9,112300
345,164200
90,149000
2,102600
194,111600
2,97600
2,101100
24,132600
5,99100
3,95200
169,172400
1,131300
1,94000
10,109200
368,199000
16,118600
37,154100
3,94300
2,102100
1,89900
9,109000
3,97800
5,99600
2,95500
2,93400
3,96400
2,100900
3,98100
1,95900
2,95700
2,97100
17,119900
177,186000
4,98900
2,94300
2,95000
34,155700
1,99600
11,109800
2,94000
128,101800
2,93600
2,99900
2,102500
11,106700
2,98500
1,93700
4,96300
2,94300
4,96700
46,170300
241,251200
7,111500
2,92000
1,81500
3,86500
3,93100
1,84000
12,124400
11,100300
5,138400
8,125600
2,135900
1,105600
2,98700
115,184400
21,127700
5,99300
7,108300
6,100800
2,93000
163,163300
3,96300
17,118300
3,95300
40,153400
1,95600
1,97700
26,141700
9,104400
184,197000
2,92500
29,146800
1,93700
2,105400
23,130900
3,96900
33,154400
2,100000
5,100100
3,96000
30,148200
2,101300
298,186000
2,92500
6,108200
44,164100
16,117500
3,95300
2,99100
120,243000
14,116200
6,102000
3,94800
2,93500
2,93600
5,99200
62,107700
3,99200
9,109500
2,94900
3,99200
3,97000
2,93800
11,115300
12,110900
6,126900
5,109600
5,103700
20,126000
3,96300
18,127200
14,116400
19,123300
34,159000
2,93700
6,105700
6,102700
2,95500
1,94100
9,107200
329,137800
45,237400
11,154200
17,140800
2,115900
6,113900
6,136100
32,175300
2,97100
41,195200
4,103300
2,96200
8,105000
11,110200
4,96900
54,186300
17,120000
21,133900
6,108000
3,103400
2,94800
8,105800
9,106700
249,115000
90,143600
2,100400
3,103400
14,122200
3,94700
2,92300
177,191000
21,145700
121,195900
15,115600
4,99000
2,95800
9,107300
1,93100
2,93800
89,146500
22,128500
30,142500
3,94900
1,90200
29,146500
6,102400
18,120400
42,166900
4,123500
21,151400
1,117500
87,146200
15,161600
1,111100
2,113300
17,122500
4,118200
12,117900
9,103700
26,146900
484,187400
1,86300
1,123200
2,97200
7,110300
1,83600
15,177100
5,108000
1,104800
4,100200
3,102400
3,101900
1,96300
2,97200
28,152600
2,98400
127,135700
2,126100
15,176900
11,162600
2,99500
1,82800
4,84600
7,125200
2,98600
325,175900
191,109800
2,93400
3,96600
2,96300
9,105600
16,118200
2,100800
574,149500
2,101000
40,157400
3,96300
2,95100
6,101400
2,91800
2,97400
177,185700
10,108400
2,98400
3,100800
2,96000
2,95400
1,101500
84,159300
17,120900
2,87100
144,132900
4,105200
1,90900
32,155300
93,146800
48,204800
2,95300
2,95700
32,154400
4,97800
2,99500
3,95800
4,93900
9,116100
3,99300
125,98000
2,94500
2,97100
1,89900
2,95700
2,95200
2,101800
4,103700
2,103700
2,95600
1,91800
16,117000
20,126000
2,97200
551,201400
12,115400
1,93700
165,164500
4,104800
1,92900
2,95900
2,95900
3,103100
2,100200
2,104600
1,94500
1,96100
2,97900
380,125800
56,184000
2,95800
4,99300
47,258500
2,85600
578,182300
72,144100
2,99000
2,116200
5,112900
2,86000
349,173600
3,96900
603,189600
13,114400
1,95800
2,88200
2,200300
2,103000
17,124600
17,122600
330,169800
2,105500
1,93000
2,100000
4,98400
2,97100
2,97700
8,98800
118,190600
2,100400
5,107300
2,94300
16,126500
25,134300
2,94100
1,94200
2,94700
40,164700
2,95500
40,167700
31,163000
6,103100
170,175800
2,111600
2,95600
37,149900
2,94000
46,174600
146,141000
2,101300
5,105600
2,88400
2,101400
1,94700
4,90500
12,132200
4,98600
2,96300
2,93400
14,116300
1,92900
3,95700
7,104400
4,98400
2,102700
6,101700
2,96800
32,147800
2,93600
19,132400
328,128900
5,104900
2,97000
460,154300
4,100700
2,95300
1,89500
2,95500
169,171200
9,105400
2,95500
75,220900
33,153300
10,138200
54,258300
5,124800
339,244800
7,106500
2,95600
2,93600
5,101200
27,142100
2,93800
2,96700
31,152500
2,101400
15,117700
255,120400
1,91100
3,96300
3,97800
30,143500
2,104100
2,96600
18,122900
1,102200
28,141300
6,107500
2,102000
121,192500
4,111300
2,96700
2,95200
4,97400
49,172800
5,98700
2,98200
1,93900
2,98700
164,167000
11,111500
60,193000
1,91000
3,96500
2,101000
1,91000
1,102500
2,94500
126,99500
67,103600
2,94600
2,104400
14,116000
1,94800
7,103100
4,116900
38,165600
2,94600
25,133200
2,94700
7,103400
9,105800
19,123800
3,236300
2,105100
2,91400
2,95100
2,95100
144,139100
6,96000
39,160000
206,134800
2,101200
1,93700
2,93700
22,129800
7,102900
24,139800
2,94300
1,129400
2,125000
10,170600
29,221600
41,155500
1,110600
14,131200
7,104700
10,107600
3,108500
2,95200
3,88800
5,104600
183,197600
23,137100
2,98000
23,131600
2,96300
45,169000
2,106000
1,93500
16,173000
48,168200
2,97600
2,92700
2,89800
2,95400
6,101900
13,111500
2,91800
7,138900
2,97300
3,96900
2,92900
23,132400
38,154900
82,128600
2,94000
5,107300
1,88700
2,96400
42,163200
4,131300
1,93300
8,105600
2,94100
9,105200
2,93700
31,142900
6,99100
2,93800
226,166900
1,99800
9,105600
2,93700
6,121100
2,128000
5,96000
3,113300
295,180700
9,106700
55,184800
2,95100
2,87700
2,96900
8,104700
1,94100
2,97300
4,98000
10,108200
2,94000
14,121900
17,128600
12,111800
3,94700
17,120200
9,106800
2,96400
2,93300
3,96500
1,95100
15,131000
3,123600
2,121100
10,131300
19,127900
143,170500
2,120800
4,90300
20,129000
5,101600
3,98300
2,96200
2,91500
5,100100
20,118300
621,175000
4,100300
2,95500
341,155300
2,93600
2,96900
12,111000
6,100600
45,228700
1,94700
12,113000
1,94300
7,101000
29,136300
2,94600
4,97400
3,181100
2,121500
2,121900
2,101500
26,140100
2,97100
49,177200
8,110300
4,101700
55,183200
7,103200
261,124700
1,92200
4,97700
39,157400
3,194200
26,153100
11,123300
2,96000
2,103200
10,142700
14,119500
5,128700
2,98200
13,135800
204,130700
1,86900
7,148000
2,127700
2,126400
43,210000
15,118800
1,85400
269,140000
2,94000
26,143400
179,231300
2,102500
399,157300
2,96800
1,93900
182,194400
88,139300
2,132300
3,120800
2,85900
8,94400
5,87500
2,88500
1,110500
3,92100
6,155700
2,119100
2,99500
4,100800
4,100700
8,104300
403,204700
12,115600
2,98200
3,94800
11,104100
26,137800
1,90800
2,94000
10,108500
5,107900
2,103400
13,121400
2,94100
4,98700
40,159100
2,98200
276,147100
15,116000
7,103700
2,107100
1,94000
2,93500
4,103300
2,91900
5,106400
8,103700
8,105100
1,92000
2,97900
5,100700
73,120200
2,94500
2,96200
4,97000
2,96400
2,94400
1,98500
2,117500
12,122800
32,167100
2,94700
19,124300
9,105900
4,98100
44,166800
2,104600
14,114600
218,153600
2,94600
2,94100
28,143100
2,94300
15,183600
2,105700
2,94700
110,174500
10,109600
19,127600
1,95000
28,146600
17,125100
34,149100
2,95900
2,94000
2,92300
7,102000
78,121000
1,92700
2,93100
10,280300
1,96400
6,106400
37,162300
4,92400
6,119700
3,87200
4,124200
1,96900
2,97600
2,90100
2,93300
4,98900
2,92700
4,97900
1,89300
8,107400
2,95000
122,196600
30,142200
1,91900
1,91600
4,95900
3,98500
2,96200
146,142000
90,142500
11,111300
2,94900
13,114700
4,99900
4,98100
11,137900
46,170600
2,92800
2,92000
2,101800
14,116500
36,152900
3,90700
2,99700
52,240000
2,98300
2,101100
2,93700
2,96700
7,103200
2,95200
2,100600
3,97100
1,94000
50,173800
1,93300
2,96700
2,98600
424,193600
37,167000
2,94300
2,101000
337,149500
7,104600
4,97500
2,94900
3,97200
2,87300
63,106700
2,96000
20,126000
1,91400
2,88600
3,95200
1,84600
10,107900
54,199200
4,99200
4,97600
343,159200
114,187100
1,91800
2,96100
4,97300
26,188300
2,110400
181,226700
2,82800
313,98500
11,114800
2,111900
1,121300
383,127900
14,118600
2,95000
8,110900
2,96100
8,105700
9,107900
11,123500
1,113800
2,94800
4,100900
9,105700
1,100800
2,96700
4,100300
2,95800
6,114600
11,128000
5,103000
27,138600
4,99500
287,169100
35,149000
3,96300
2,98800
320,120500
25,136400
47,172900
2,95200
2,95700
2,93000
2,95800
589,271600
72,117900
5,126400
11,118200
5,112100
4,100000
4,100000
1,134300
29,143700
1,92400
2,99900
4,95900
142,126100
82,137400
1,90700
2,97700
5,101100
1,91300
12,113200
3,96200
269,138200
4,97300
1,94400
2,97500
5,109400
37,156000
6,109000
2,94700
2,93100
122,194300
5,98100
362,231000
2,89900
7,107200
3,98300
2,95600
2,94400
2,96300
4,99700
2,97000
1,133900
185,213200
142,167500
1,88400
2,82500
2,91200
6,116900
2,121300
2,114800
127,106500
4,93100
2,86200
6,107900
27,138500
2,87900
39,224700
2,96700
1,92800
14,121600
2,106700
1,93200
2,93600
3,97400
2,94300
7,109200
4,98800
41,165500
2,88800
1,96600
2,92200
33,149400
2,88000
36,174900
16,118300
3,97900
2,103200
2,95100
3,99100
1,91200
3,101800
1,93400
6,106900
18,129200
4,99600
9,103400
2,88000
184,203300
2,95800
3,96300
9,113400
12,113200
14,115400
31,144100
2,93900
24,132400
5,97300
2,94700
1,91100
106,241500
2,93900
1,93500
2,94900
1,92100
12,110400
2,103100
27,149700
2,95200
3,104900
32,157600
1,91400
1,98900
1,93200
2,95100
3,96300
16,123300
1,81200
26,121900
2,81800
7,90800
2,80800
15,133700
10,106900
48,171100
2,133800
1,118200
4,117400
2,111400
1,131700
1,114600
58,234300
7,240900
2,98600
1,112100
1,96200
16,124700
2,94500
472,173900
2,94800
8,108300
13,113900
22,129500
2,95500
2,104700
17,121700
11,116600
17,126900
2,95300
162,197800
2,95300
5,93500
3,96400
7,102100
2,94600
13,158500
2,105300
90,143200
55,190200
2,93400
4,100000
3,96000
2,100900
13,121500
2,103200
4,97700
14,121300
4,98400
44,167000
5,98800
49,179800
2,103400
2,94200
2,95100
2,93700
5,106100
45,168400
2,103600
2,95400
24,139600
9,107000
10,109400
25,133600
2,94600
3,96900
1,90900
197,122200
8,113700
8,104000
68,103000
2,96300
1,92900
8,112200
3,97700
1,93300
6,102100
25,142400
2,93000
2,101300
25,134000
5,98700
16,123700
2,102100
2,93100
1,91400
1,131500
7,110600
6,141500
1,126000
2,108700
11,123300
2,117400
2,126100
611,210800
28,147200
42,160900
2,92100
14,115500
3,96300
2,105000
40,160000
2,99000
381,126700
4,100000
16,120200
2,95700
96,157500
3,100800
15,120200
2,92800
2,94900
7,102700
99,155900
1,93000
2,96100
1,91900
4,110000
4,106000
19,130900
202,159400
34,151400
2,94600
2,94800
2,95200
10,115200
77,119800
64,93900
3,107500
2,132200
13,123300
2,97100
2,97400
21,128900
205,134800
15,119500
2,97100
2,157900
5,100800
11,117200
227,168700
2,273500
3,120900
2,115300
2,114200
20,161700
10,146000
1,114800
46,228800
6,122400
4,120200
9,134600
2,122400
46,282100
6,128900
2,115700
2,113800
4,120500
4,116100
329,180300
22,250100
4,121300
4,120000
26,190400
4,117300
10,161600
11,153000
431,287900
141,161100
2,109500
47,251500
2,110000
57,254100
44,232300
2,118500
1,111200
1,129100
41,253100
6,129700
309,277100
4,122600
2,117000
97,197200
2,107500
575,181800
7,121900
188,119200
2,113500
24,184600
2,86900
22,133000
2,103700
1,91000
1,91300
9,105600
9,107800
12,127000
4,98600
45,166700
2,94300
4,99700
2,94600
93,146900
2,94400
2,94700
5,115500
3,96900
2,102400
441,121300
18,120900
2,93500
2,94500
2,95900
2,93300
8,107900
2,96900
6,100900
3,97900
31,153400
2,95700
3,95700
3,96800
2,102600
621,117600
4,98700
45,166500
6,109000
181,193900
12,112600
1,90700
2,124100
4,127700
10,129500
1,112200
3,114700
1,102300
2,111200
23,140200
4,100200
4,99300
4,97000
2,94400
2,95300
1,97400
2,94400
39,164300
55,193100
2,96900
6,100600
2,94400
2,95800
441,121400
1,94800
2,94200
1,92100
7,293200
137,140200
4,91100
17,153700
93,171000
2,95000
2,129400
2,89400
203,132200
2,94400
34,149300
3,97600
2,95400
67,101900
3,101700
14,115900
34,150000
2,95900
23,130000
2,97000
1,91000
2,88400
3,98600
29,142400
3,98200
1,94300
4,111100
6,100400
1,91400
2,93500
1,85600
98,176900
1,102800
2,95700
3,98300
8,104000
12,119000
9,105200
4,99200
6,109900
3,108200
9,107400
57,195600
5,99600
4,96200
2,99600
140,130900
2,93900
150,160400
136,116400
3,96300
2,94000
2,101500
2,92200
559,115700
4,97300
2,97600
2,135000
2,128100
6,128800
223,194900
1,93300
1,81000
3,113000
2,111500
3,123800
7,107700
11,110600
224,172100
82,127100
26,135800
2,93800
1,94400
2,92100
44,218900
12,113400
38,155400
2,95400
1,93500
9,119500
31,204300
1,86900
20,129100
34,158700
2,100400
112,178800
4,111500
4,99000
3,95000
2,93500
256,114300
1,87700
2,95500
2,91900
91,142500
3,102000
2,95500
9,106600
3,97100
13,113700
29,141500
2,94700
11,110600
36,151700
2,103600
22,129800
18,120700
1,111300
3,123100
13,119600
2,103900
2,95200
26,140200
2,96100
2,97200
32,168000
33,153600
96,199100
2,97900
32,154600
2,198200
1,88700
6,98500
10,97400
45,169300
4,97100
2,112800
1,92500
2,152900
2,109300
2,84500
141,114200
2,80200
71,136900
5,124300
15,125700
5,135900
147,135800
4,123500
13,113500
2,111600
2,96600
2,113300
10,112000
54,214900
1,86900
2,94900
15,123600
2,113000
3,94900
34,143300
1,128400
2,100400
40,192200
2,89800
5,98000
5,119100
8,104100
320,144200
2,89900
6,120200
371,205500
93,171300
76,119500
14,138100
2,91500
6,120700
2,95400
5,125600
4,98900
8,123800
2,94400
11,129900
5,99200
2,122800
607,199500
23,125900
2,113600
1,112900
58,272000
2,134800
2,115700
120,276400
3,128900
323,267200
2,137400
89,212500
30,222700
2,131200
5,135200
2,129200
17,198700
8,157400
10,157300
4,136500
1,113600
2,98400
7,104200
1,123200
2,122600
6,95100
1,111600
2,101900
2,121300
9,135900
2,89900
2,123200
82,135300
35,153000
4,97400
23,131100
162,162300
2,93500
4,119700
27,140400
2,96700
6,102200
154,148100
4,99500
2,95200
40,156500
2,104400
1,95300
12,113500
2,96700
122,195700
22,129400
1,93000
4,98700
25,257700
3,137500
24,139900
2,100600
2,93500
455,146300
10,217500
4,102000
6,100800
1,92400
14,115500
2,97900
2,101100
1,93800
1,93200
4,103100
3,96100
13,112900
2,88100
11,121300
615,265300
19,131200
2,101100
18,123200
1,92700
1,90000
1,91100
58,186700
2,91800
84,131700
12,130400
5,123900
3,99500
196,115100
2,97100
334,138600
11,110300
12,111200
2,99300
7,115000
2,87800
3,109800
3,95600
9,105700
2,98300
41,166400
1,92400
1,123300
11,114000
2,123700
12,169900
2,128500
2,118900
5,100000
207,137200
1,95900
552,206600
2,94200
1,91500
3,98900
26,135500
3,96400
42,167200
2,94600
2,94200
2,93300
14,115900
492,205800
2,103700
2,99900
4,119700
155,150200
1,86800
382,116500
1,92000
15,110900
193,111000
2,89700
2,106800
81,119700
30,144900
1,94200
1,93400
2,94100
4,97800
1,91700
457,148500
2,105300
7,104600
2,100400
2,88200
11,103400
6,103300
2,99900
3,96900
95,163500
33,147300
110,175000
6,103400
1,96200
7,103500
21,128300
35,158200
147,134400
2,104900
2,92900
2,94500
114,181500
71,110500
14,116800
26,141400
22,129600
2,91300
21,133000
4,98400
2,95300
2,95000
2,96300
1,94100
97,161200
1,93100
1,99900
2,94300
1,98600
465,161700
20,123500
2,93800
14,303000
21,190400
2,128200
1,120900
2,117900
2,124700
4,156300
17,178200
22,183500
96,230600
2,123000
1,129100
2,122100
1,118500
18,179300
13,154800
1,117900
3,132400
8,154200
2,124100
12,153200
2,122600
134,165800
79,173000
2,122500
6,144000
3,124200
12,151600
6,135000
6,135100
80,177300
6,152500
6,136400
6,135100
6,135300
6,143100
6,136400
3,126400
6,139600
6,134500
14,157900
1,119400
34,219100
6,134700
6,148000
6,136900
5,140500
6,134000
11,149800
20,178500
5,132800
6,139100
28,200100
22,183300
77,168500
27,292200
8,148900
6,136300
6,136300
98,237800
6,141100
6,154100
6,137700
18,162200
19,115800
6,93400
37,188200
6,143400
6,153700
4,104700
6,103400
43,164500
6,103700
47,168500
6,104300
62,109600
6,107200
526,271800
8,106600
6,101500
6,102100
17,121800
57,198500
2,94200
6,105800
25,142000
18,122400
6,102500
19,132000
6,101700
6,104700
17,129200
6,103300
15,117900
28,141700
4,101300
6,101500
3,97400
50,218600
11,112800
2,95100
25,135600
260,122900
6,101700
287,165800
18,196700
24,166700
6,95100
37,159400
6,104500
24,133200
2,88900
6,113300
343,163300
125,97400
13,114800
81,127900
6,100700
10,109500
2,94200
7,109200
6,105500
49,182400
18,129400
39,152200
6,103500
117,186400
5,107300
14,115500
4,93100
6,102400
6,100400
6,102300
6,100600
32,203600
6,140500
7,145600
6,143200
70,145800
6,134700
482,241800
2,96600
6,111800
6,94800
6,95600
6,102200
6,102300
8,105600
13,114800
50,223400
6,131800
22,133700
590,181000
6,107100
6,102400
30,142000
60,205600
6,102500
55,182800
51,171600
14,117500
2,88300
21,120300
6,107900
7,103200
18,124400
6,107100
6,99100
10,107100
6,102400
412,173000
1,97800
2,94900
8,103800
6,106800
24,132100
6,101900
33,224700
6,108500
6,101000
6,101700
2,93700
6,104800
78,127700
60,195700
4,101500
6,106900
6,103500
6,102100
2,96000
24,138000
51,177500
3,98700
34,149200
19,133800
6,109500
53,179600
47,170000
6,102000
6,107600
6,101800
6,100300
1,92500
15,119500
6,101500
8,104800
6,101900
10,108200
139,121500
6,102000
15,175400
51,353200
6,146100
57,226300
6,106300
6,118100
66,105400
63,97300
6,136300
6,141400
14,126400
39,180700
6,115400
114,189200
6,93000
1,94400
6,92100
6,104000
50,183100
13,117100
6,109500
6,101200
20,131800
6,103000
66,106700
6,99900
89,141000
9,111200
1,92700
14,122500
1,102900
6,102300
2,101100
2,95400
13,112600
6,101700
7,101300
9,105700
6,102700
12,112100
567,128500
62,95400
15,116600
6,100600
6,106700
2,92900
7,116700
6,102100
2,95500
15,115200
396,153800
6,100900
6,100900
41,169000
6,102000
6,108300
8,104100
52,178600
18,121300
4,99500
6,117300
6,105700
80,126000
6,102700
112,171000
2,96100
2,100700
44,169700
6,127700
6,93100
7,96500
99,158400
7,104100
7,102600
7,110500
1,109100
7,128700
19,154800
7,148300
7,117100
16,107500
7,125200
7,134300
1,146800
7,110500
7,108300
7,105100
7,103400
168,175900
7,101800
7,102400
33,182900
7,93100
18,124400
24,131500
7,109300
6,103200
5,104600
32,168700
7,106100
7,103200
22,133800
225,163900
1,94800
7,104100
2,95800
7,107400
7,104100
8,103500
455,222600
68,99600
1,92300
7,101500
7,102700
7,145000
7,105400
7,109900
23,132400
349,169700
7,108800
7,102900
7,101200
7,275700
7,98600
6,121900
7,137900
18,168400
7,114000
1,93000
7,93500
17,122100
7,110400
12,113400
7,107600
7,104800
9,106100
30,156900
7,108900
36,150700
101,160300
54,178300
7,100900
7,105500
2,87800
7,111900
7,104200
11,109300
16,121100
8,107200
3,99300
1,92300
7,102200
30,164200
7,106500
17,156400
28,187400
7,125300
7,110000
7,121000
7,117300
192,111200
7,102200
7,111700
16,116600
285,162900
2,92800
33,148200
3,99900
2,141200
7,103700
10,107200
10,115300
7,102700
504,123000
6,108200
7,129400
7,105000
44,166700
16,127200
19,124500
7,97800
60,195000
38,161900
7,110700
15,117300
1,93000
7,102300
5,100300
7,97000
7,103800
7,110500
7,97700
20,126800
318,119600
21,132200
17,122200
7,102600
7,110400
7,103200
7,107300
7,103400
7,104300
25,134100
7,103800
7,102900
55,191000
4,98400
12,136600
7,107200
18,124000
7,103200
8,105500
7,102700
7,102400
7,103900
9,125100
1,98100
10,117000
105,168200
21,136500
56,194100
2,94600
7,110700
9,106100
1,90300
18,123500
147,141000
111,178000
7,102200
17,120500
7,178500
2,110600
50,170200
110,253200
7,115400
399,155000
7,108700
20,128300
7,104600
155,150200
21,128200
4,99500
7,102100
7,200200
11,113700
15,201200
7,109200
7,103300
7,103800
68,112400
22,148300
220,158500
7,119500
7,103800
7,110800
7,104000
6,100500
32,158300
7,105300
7,101200
7,96600
13,114900
22,137200
7,102600
31,141700
7,103800
7,113500
6,103500
27,136700
7,96800
42,163600
7,104400
101,180300
10,114300
20,126900
7,109900
7,104600
23,132400
7,103600
7,103500
1,94100
7,109400
7,105700
2,93900
9,107100
7,103700
7,104600
19,124900
7,103400
7,104500
15,136400
8,107100
566,192100
41,163200
253,109800
1,92900
7,104300
7,103700
7,101900
72,117700
7,103000
26,162100
7,123000
3,96300
20,114200
9,105100
7,108300
7,103100
147,171900
1,100600
32,191000
8,108400
162,162400
7,104000
7,101100
3,99600
10,108900
1,101900
8,107200
4,97000
7,105200
7,102500
2,93100
7,102900
38,201900
7,120000
7,104000
7,108700
27,137500
7,104100
1,92900
7,108500
10,108200
7,103200
8,126800
3,97000
7,101900
7,101600
7,103000
479,182800
63,93800
6,101500
2,95900
1,92300
7,104400
7,101600
2,96500
2,93600
7,101600
25,135400
113,223400
1,93700
7,110700
17,120100
34,149900
20,132800
2,94600
7,104300
537,187300
31,145000
16,116900
11,110700
32,156500
44,168000
7,104000
468,358300
165,173700
10,102800
7,97500
256,116900
16,132900
99,156500
30,145200
61,195100
7,102700
257,115800
2,94400
16,147200
7,142200
7,103400
4,102200
7,126700
15,119300
7,115400
7,123900
9,104000
7,117400
7,101600
41,242800
22,130900
7,106400
37,147200
21,133600
7,105000
7,111200
385,136800
7,105500
7,104800
5,99500
15,123500
1,108500
7,129700
7,107100
1,93400
7,101300
12,109200
7,103100
3,97100
7,110600
31,151900
17,128000
7,103600
7,102800
7,104800
4,98300
5,98900
24,129300
7,106300
29,140200
1,96600
7,102600
48,171300
2,97500
7,104600
1,94000
7,111400
7,102600
5,100700
7,103600
7,102100
12,118900
15,118000
18,122100
7,103800
58,192100
7,104400
7,102900
7,103700
1,92600
7,102700
9,105600
7,102200
95,157600
7,104800
7,103300
7,102700
250,103600
148,138700
58,187200
3,108900
7,106800
6,102200
26,136000
16,117500
26,134700
7,108200
176,183100
7,142700
632,180300
555,247300
7,138900
1,128400
12,149000
7,106000
3,102900
7,103100
83,128900
7,101800
11,110100
7,97400
29,152900
7,97700
31,201700
7,112000
99,156500
9,106200
5,107200
27,136500
6,107100
42,162400
17,126000
7,103900
25,137000
2,93600
7,102500
27,219600
7,120900
7,140400
1,97600
7,99200
9,100800
6,107400
15,114600
7,114800
2,95100
7,138500
146,135500
12,111800
16,119800
7,102100
4,98100
7,109100
123,197800
12,110000
44,164000
7,103500
100,160100
7,102500
2,104800
7,105200
1,93100
2,95200
7,107400
49,173000
7,106500
7,103400
7,104100
311,105300
9,112300
10,108800
7,109200
7,102900
5,100100
1,119200
7,108400
9,116400
1,97400
7,96200
7,104900
29,142100
7,160400
7,104400
1,91800
7,122600
7,115300
7,114800
7,123300
4,142500
14,108400
5,101900
7,128100
4,111200
31,147300
7,103700
6,102000
7,105000
42,163000
2,94900
7,104800
7,108500
27,137900
41,160100
7,103600
14,114300
7,102300
14,116500
7,101700
3,106400
7,103700
1,99400
7,103000
19,125200
112,178500
46,177400
6,110500
7,111300
7,103200
7,104500
3,97200
7,101800
47,172300
7,104200
3,95600
10,113100
7,105100
39,158000
19,122600
25,132300
7,102300
13,122400
7,149800
7,113000
7,103500
3,97500
7,103100
138,121000
31,142100
23,135700
7,132100
7,106100
7,106800
7,104800
7,104700
7,103200
475,176300
181,216400
135,117500
9,108100
488,198800
7,103400
11,110200
314,110400
7,102100
7,106200
7,111800
7,102500
38,152800
7,102600
119,194400
18,123000
68,264000
7,118500
6,109200
7,94500
7,104400
10,141200
7,105000
79,151200
9,117900
7,104000
7,111000
9,107600
4,98300
7,103600
7,110200
24,140700
53,230800
1,95200
7,104900
3,100300
8,104900
31,156300
7,106700
470,214600
72,104200
7,105000
7,102500
65,99400
19,124300
1,94900
1,97600
7,121500
2,93500
7,104400
7,102100
7,104000
7,103900
7,103700
1,92900
19,126100
57,186600
5,102000
7,97800
1,98400
7,101400
1,91500
7,103000
1,94600
14,124600
283,160800
7,103800
367,204800
7,101500
7,103700
8,105100
7,107700
7,111500
71,109600
9,105200
7,100500
555,263900
7,102500
7,125300
3,103600
7,102300
140,121700
7,103300
436,115700
7,102600
9,111600
6,102100
7,106000
14,115100
7,103400
8,104600
4,96800
37,153400
7,103500
7,103200
8,122900
1,105700
7,143600
4,132400
7,110800
74,113500
33,199000
6,158400
7,107500
6,102100
7,102600
7,103100
7,103800
7,105200
9,114000
50,212100
7,107000
7,104000
30,144300
7,103100
7,102700
7,102500
44,166900
4,108800
2,94700
7,102400
7,101900
4,96900
3,97900
16,116700
5,100800
3,94400
7,108900
170,174100
79,124200
7,101300
7,102600
13,112400
32,156400
18,148300
20,129000
7,109700
2,95200
7,109400
7,102100
40,157800
7,107800
49,319800
7,116200
9,111300
7,104600
3,101200
9,107600
4,110700
7,111900
7,97300
1,94400
33,164100
7,102500
7,104000
40,165900
7,122000
14,119900
46,169800
54,180800
3,95200
16,118000
7,97100
31,133600
7,105500
3,99200
9,100100
235,176200
12,127100
41,163100
7,105100
156,214300
1,123000
7,152500
7,152600
7,126500
7,140000
7,146700
7,113200
44,177800
44,167600
7,120100
12,115000
7,104800
7,123700
72,119200
7,102600
591,164700
88,185700
12,114700
9,107200
7,124200
18,123700
3,88400
26,136300
7,104000
7,103400
58,190400
7,103800
139,129400
10,110400
7,103200
3,97400
7,105600
8,104700
7,102800
8,105500
8,103100
11,119800
13,116300
7,103300
2,94300
7,102700
7,102400
21,128000
7,103700
7,133900
7,104500
19,124700
157,208800
20,135600
7,105200
7,105000
7,130100
82,133000
4,96900
7,103500
20,126300
26,135100
2,99000
46,167700
7,115000
2,87200
7,111900
10,108100
7,111500
3,96700
32,156400
7,103900
2,110600
25,136200
7,103000
43,164800
13,113300
49,174400
7,104000
7,104300
23,209600
16,115900
21,128400
7,121000
7,124500
7,139100
307,256700
1,83000
7,93200
5,126100
7,112700
56,179900
7,112500
7,204800
11,129400
7,115900
3,86000
7,107600
14,122700
7,105000
23,131300
7,102000
8,104500
31,149200
2,93700
7,103800
66,107900
8,103200
7,103000
7,106700
7,103300
7,102900
13,114800
1,91700
7,103900
1,91500
7,103500
7,103700
347,174700
7,105800
31,143700
8,109100
7,109200
7,101100
4,97200
1,90900
7,109300
17,129200
7,108300
7,104800
30,143800
7,104900
280,155900
28,140400
7,116200
7,102600
2,97600
7,97000
7,103500
11,110500
7,104100
7,110500
7,96600
7,147000
17,126600
202,119100
1,99100
2,109000
41,155200
55,185600
7,102000
7,102100
26,135900
7,104300
2,97400
11,111100
19,121200
7,110100
206,168100
7,129000
26,166900
1,84600
7,113000
240,220100
7,150500
7,105900
348,169400
7,103900
7,101300
58,191400
2,96600
17,119700
7,111000
7,102000
4,98700
25,133800
7,104600
74,164800
7,104300
7,107500
8,104400
7,104100
43,165700
7,104900
7,102900
3,98200
2,94800
7,103600
23,149800
192,110200
7,105000
7,105500
4,98200
25,191900
267,135400
7,111000
80,127200
3,95700
11,111000
2,92500
21,134600
7,111900
6,105000
7,103400
16,124200
16,126000
7,103400
10,107400
4,97900
7,103900
17,120700
23,127700
1,113900
7,105400
7,104100
7,103400
25,134300
15,116200
19,124600
1,92200
7,239900
22,134200
7,109500
7,103700
7,103200
11,108200
168,182200
7,117600
2,90700
7,95900
2,115400
7,102900
250,106800
7,102900
3,99600
7,103300
7,132600
3,104600
21,122000
7,125100
7,121100
7,96500
243,203600
8,134400
9,119600
7,107500
7,105200
161,158000
25,138400
7,101500
11,113100
7,106400
7,126400
7,106600
5,104900
1,89400
7,98000
126,93700
88,139000
50,185600
7,101800
75,110000
37,160800
41,160600
8,103800
41,159000
29,151500
8,124200
17,118800
8,106100
39,161800
8,105000
8,105800
64,99800
8,116800
345,156500
87,137700
8,109100
8,104400
8,98400
1,98300
8,110400
5,126500
8,105500
9,99800
8,98500
8,106000
8,106300
5,99700
8,104600
8,116600
232,178400
8,104100
96,150900
8,111200
8,111300
1,93100
8,104500
8,112500
4,99600
11,110400
1,92100
8,102700
8,104700
4,96800
32,158000
136,116000
24,130000
5,99600
8,103500
9,107600
11,166200
5,123900
4,121500
8,146400
8,141200
8,104100
8,108500
20,133100
8,104900
4,98900
8,105400
8,107500
219,167100
70,104400
24,177600
99,214800
8,113600
36,154500
8,118400
8,100800
88,139300
31,145000
8,106500
46,170400
47,275900
8,107700
19,154100
8,133200
148,152200
13,113500
8,105400
222,259300
174,203500
130,144300
7,103700
8,125300
9,106500
8,135200
8,110900
28,129200
8,102300
28,142400
4,98300
8,105800
14,117400
8,104700
8,103900
281,164500
35,158400
8,114900
8,110900
32,156200
8,107100
36,153400
1,101400
8,107500
41,159900
19,126800
7,108700
8,118700
4,98900
9,106900
139,134500
8,119400
8,123200
200,131900
15,144500
8,108100
23,158000
8,101400
8,123100
33,199100
8,102700
2,114000
8,128700
314,139200
8,144900
496,163400
8,168900
12,142300
9,111000
29,156500
38,157000
8,93300
404,208500
2,95500
12,143500
1,110400
8,126200
12,112800
8,123600
44,178900
8,107900
8,99500
348,202800
8,107300
31,147100
8,103700
174,189500
35,152000
8,105900
5,98600
5,100200
8,105100
5,101800
8,103700
8,110800
8,109600
8,105100
8,111100
7,100600
8,103300
12,112400
112,186100
8,106700
8,114600
24,132900
25,139200
8,105200
8,105200
8,105100
30,149100
8,109900
36,160900
8,107900
52,177900
8,104700
59,191400
8,105700
4,104300
21,127100
8,107000
3,99900
3,97000
10,109100
26,134800
8,105400
1,91500
8,133300
632,157000
2,129200
8,145900
8,153600
8,123500
8,205400
72,189400
8,125500
3,121600
8,123400
8,114900
11,111700
32,218700
15,119300
8,104300
8,113200
1,91700
47,186100
2,125000
8,133000
1,119300
8,125000
8,136200
8,119300
432,231900
50,187500
126,110200
8,104500
8,107600
8,106200
8,113800
11,104900
8,107300
5,105300
8,104300
1,96500
10,108000
8,111400
8,104200
8,105200
8,104600
75,117600
33,152900
8,105300
8,105500
8,110600
47,176600
12,111000
29,147000
3,128300
8,115100
7,108900
8,103700
14,121800
1,89800
24,125400
281,159600
41,165200
8,105600
15,123700
273,151600
15,117500
37,153200
167,167600
8,134700
8,100800
3,97200
8,105400
8,106200
77,119100
11,111500
264,131500
8,128600
8,141400
1,111900
20,127300
5,126400
22,119800
8,142100
8,141800
8,113700
8,99300
8,106000
5,101300
25,133600
8,106400
15,117500
22,133400
23,138500
92,151900
8,101700
11,109900
14,115300
8,105400
6,100900
5,131700
1,91000
8,105900
4,97600
9,106800
15,122700
9,107000
7,103600
15,114000
224,225400
8,106300
34,150100
2,95500
8,104500
8,105100
1,93900
8,120700
288,214500
1,93300
8,106200
198,119200
10,108000
18,120900
8,105400
6,114000
3,96900
8,105300
6,101500
33,147300
39,156000
8,110300
1,93000
8,219300
328,163900
8,116400
8,116300
23,135200
8,111800
8,103600
8,114500
8,105600
8,106900
8,105600
12,113100
14,121800
6,102100
2,94400
8,113900
12,112300
13,109800
18,122900
8,112200
1,93500
8,111000
1,93200
1,97100
8,141400
505,177300
8,151900
8,166900
1,109100
10,136200
6,115300
8,99000
8,104200
8,109400
12,112200
8,103300
15,175900
55,187700
8,132600
11,118800
8,107500
8,105600
4,96200
19,125200
8,105200
10,108600
67,118000
8,100100
1,100400
10,109000
8,112800
3,102600
8,104700
31,141600
8,111700
8,106700
206,133100
7,101400
8,111600
8,110800
18,119600
6,101300
8,105800
25,140500
2,94600
8,105100
8,103800
12,110400
32,154000
8,111900
21,128200
8,107300
9,106200
8,104300
3,95000
8,106200
8,105400
8,111700
8,105800
8,118600
41,155900
8,106300
1,98700
12,119000
22,129500
8,105100
27,138300
331,145200
191,103700
1,93000
8,111800
37,155100
8,105800
8,111400
8,111000
6,126500
8,108000
8,104600
8,103700
10,107200
8,104300
428,199700
30,141800
8,139900
145,163700
1,93800
8,107100
7,141200
8,126400
35,192500
8,107200
8,105800
8,104500
8,103600
1,89800
8,104100
1,98100
8,111300
8,221700
8,110200
34,150100
2,127200
8,103600
8,131200
8,109200
154,161800
2,95200
15,116200
8,102400
8,108200
26,136600
8,111600
2,96400
32,185000
8,110300
8,98800
173,232500
8,111800
8,106400
11,109800
4,115200
18,123600
26,139200
94,148200
1,94200
1,90100
2,95700
8,106100
11,114000
31,150600
8,104500
3,105000
8,104800
17,119200
8,157900
5,103200
6,165000
25,138400
8,108500
7,109100
8,105100
19,122600
8,104900
8,102600
23,132600
8,105000
8,111200
8,104500
52,177600
8,102900
28,144500
8,116500
11,110300
3,97500
8,105200
1,90300
8,104700
8,104800
33,149700
8,105100
8,137000
11,126700
23,203600
3,106800
8,95300
3,117900
38,248000
8,109800
8,105300
8,105800
8,112200
8,104400
8,105000
8,102100
69,107400
46,178600
3,98400
8,98700
38,148000
8,121000
8,103300
8,104100
212,167100
8,105200
8,105500
438,113200
46,169900
8,105400
43,164700
8,105300
128,111300
2,95800
26,136200
8,104800
8,103500
1,93800
8,103900
8,105200
29,153200
1,95700
2,94900
38,155800
8,103300
8,105600
8,103900
12,111500
6,104400
8,105300
20,126600
145,132600
8,104800
8,103200
21,127400
8,105500
214,260500
8,125500
8,132200
10,106800
8,126200
39,169600
8,112000
459,166300
10,107000
47,159400
8,106400
2,87500
8,117000
8,103400
2,94400
8,102900
12,111400
269,136500
8,105400
96,160800
2,96600
8,112200
8,99200
8,110100
3,122100
19,194200
4,141800
8,147000
108,170200
8,115600
13,114600
8,99400
8,100700
32,147100
8,97000
8,97900
8,106800
37,184000
4,99000
8,104900
7,102300
11,110000
2,109800
8,104500
565,126500
3,125100
8,106400
95,149100
85,131200
6,98400
7,103600
8,104600
4,96000
8,119300
4,130500
8,110000
288,170700
8,106200
17,120500
4,98600
8,105200
8,136200
8,109200
8,105800
8,112000
8,105900
8,104100
26,141600
8,105300
16,127600
4,101000
14,114300
8,111200
8,105600
8,105600
61,194600
2,94500
8,109800
1,92400
10,107600
1,91100
8,105500
184,253100
8,107000
8,104900
117,194900
2,98000
11,109700
8,105700
8,105300
8,104700
11,108600
14,114900
340,221100
1,94500
27,139200
8,105200
8,102700
35,150600
12,111500
8,138500
5,140300
1,89700
38,239900
8,111400
186,128200
6,160300
7,109800
8,108200
17,128500
8,112000
1,91700
13,113800
8,105300
9,101700
8,104600
10,115500
8,105700
21,126100
8,103000
8,103400
33,148700
8,102800
62,198600
37,220800
1,96400
17,121800
8,110800
213,148200
3,117200
8,107800
451,146400
8,106500
99,156300
2,93700
8,104700
8,105400
4,105900
8,110000
1,91000
8,106100
8,105200
119,188800
18,122500
10,109500
8,101600
8,99900
9,99400
43,155200
31,151600
360,186100
3,93800
49,216300
5,95400
2,94100
9,105900
9,109400
18,123000
9,107000
9,105800
9,116100
48,178800
41,161500
111,195400
9,108300
100,178500
3,95600
21,127200
2,98500
9,107000
9,106300
9,108700
94,148500
9,103500
20,123900
9,143400
4,140900
48,292300
259,134100
9,104200
9,129900
9,112500
12,112200
9,108000
2,95200
9,107600
9,107300
9,108800
61,203400
11,110300
37,154100
41,159400
9,105900
9,106700
12,111300
47,192500
9,104800
11,115200
9,113200
50,174500
9,108000
7,108700
9,106600
118,207400
94,148700
13,114600
42,161000
97,220200
77,179800
9,110000
7,104000
9,106900
3,100200
9,105600
2,87000
9,107200
21,127900
29,152400
399,149800
9,105600
9,104400
3,96700
10,109200
9,105400
1,95700
9,109300
9,113600
9,106200
5,98400
10,106800
9,105900
9,105400
9,105300
159,155800
9,113200
9,106000
9,99500
9,107500
9,98400
9,107700
29,147800
5,100800
9,231300
1,85100
37,164100
124,111300
9,105200
9,109200
9,109600
329,146000
9,111400
9,109500
9,110700
195,148900
1,94700
4,98200
11,107600
9,145600
11,103900
2,100900
9,106200
28,140800
9,105100
148,148200
9,105100
9,106000
158,148200
11,111100
9,105100
179,223400
10,139200
9,112800
14,113600
9,115500
9,108400
9,108100
14,115400
270,143800
4,99000
9,107100
9,107400
49,174900
9,135800
3,84600
9,110100
25,131600
26,129800
9,107000
10,114900
117,193400
16,132100
30,142600
9,106600
9,111000
9,106800
7,102500
9,113100
5,91600
14,126300
7,104500
9,106600
9,105500
3,96300
12,111300
388,133700
9,113700
22,145200
9,116100
9,108700
1,90700
41,161400
9,107000
9,106100
11,108800
9,124900
368,259800
9,109800
9,107400
17,121800
9,107000
9,107500
22,158300
287,190300
9,129000
124,87200
5,96000
3,95900
6,96200
23,163500
8,109300
23,130900
9,107500
58,187400
20,126000
24,131200
5,96800
29,167800
85,135700
9,102900
12,114500
28,138800
383,125500
83,199200
4,101800
24,129700
14,115200
9,104400
9,106500
9,104700
144,133300
9,106200
29,146000
81,126200
9,106000
20,125200
4,104100
9,106400
12,111800
9,258500
25,162400
38,192000
4,98200
9,141200
9,112000
196,162200
61,202800
9,109000
9,105800
10,115600
9,106900
50,176300
9,119300
9,113400
9,108000
186,102900
9,106200
13,117800
62,87500
28,140700
9,141200
9,116900
15,118200
39,165400
9,107100
6,99300
37,153600
9,113600
9,101500
9,108600
9,106700
9,106500
9,105900
9,112000
9,106700
228,170500
35,186700
10,148900
9,127500
3,89200
9,103400
25,145300
9,99000
9,116300
9,107000
99,157700
22,127700
25,131900
376,105600
1,96000
9,105900
4,116100
9,106900
323,126000
25,134300
9,104600
9,100600
9,108000
26,135300
9,117900
9,115200
525,229400
4,92300
9,107800
183,203200
4,95900
9,127400
19,124400
5,101000
9,106700
3,99800
15,117600
15,116500
69,110900
9,113800
9,107500
19,131400
9,107600
14,113100
9,106300
9,113600
26,142900
16,123500
35,152500
9,112300
5,99900
9,106600
406,162200
44,174200
8,142200
9,111000
9,107500
14,116000
9,113200
9,106100
7,104600
9,105900
48,181500
9,105900
9,106900
10,102100
9,108000
6,100400
9,112500
414,175800
26,137600
9,114100
9,104900
9,106200
62,100000
45,241100
9,108300
16,302600
6,116600
9,102200
2,84300
9,95700
9,132300
351,207900
9,101900
4,102400
24,126100
21,153200
9,138700
6,133100
9,148400
9,143300
15,157700
9,187700
103,235600
9,151700
2,119500
9,131800
5,107100
16,151600
9,105800
9,129400
9,112900
3,116800
9,102600
25,162100
34,151500
42,291800
1,100800
9,107400
11,115800
9,107300
40,156100
9,127600
1,96200
9,112800
9,107800
122,193400
117,193300
9,105500
9,114900
9,104800
9,107900
59,196900
9,106700
237,182700
9,107100
9,107900
9,123700
9,106100
104,172900
4,90900
9,107300
19,124200
30,153100
77,122800
3,96400
37,161400
9,107700
85,134200
9,109200
53,183000
25,160600
2,116200
40,197800
9,111100
9,156200
9,118900
9,96900
12,140400
36,189300
9,96100
9,130000
9,112000
1,97600
9,132800
9,99500
78,125100
11,111900
9,106700
2,95600
16,118500
4,91800
14,135500
31,155400
9,97400
47,173100
1,85500
9,118100
9,107700
9,107000
283,182600
17,138000
387,159500
9,111000
6,100200
6,99400
9,106200
9,108000
9,105800
9,122800
12,112300
9,106900
39,164300
2,92700
9,110500
1,92300
9,107800
6,188600
32,194700
9,121900
28,131200
9,114700
5,96300
13,114000
9,134100
15,124000
17,194700
9,110400
32,156100
139,130500
9,107800
5,135100
3,96500
9,109400
16,113300
234,182900
7,108500
9,106100
338,159300
9,107700
4,99200
1,89200
9,106000
257,116800
9,105200
52,179300
11,132900
24,147900
9,150100
24,170500
4,100000
24,127500
9,129200
9,108600
7,108400
9,108100
9,108800
153,146000
25,134100
6,103300
9,106000
291,179100
34,149600
9,106400
9,108000
17,124500
198,116800
9,104800
9,105000
9,166300
1,96800
9,106300
9,106600
16,118300
276,146800
9,106200
4,104500
9,107100
8,102300
9,113200
9,108500
15,116000
9,105500
160,164400
9,120000
9,108900
9,107500
9,109100
39,157300
9,107200
13,118600
9,106700
3,105700
8,111300
12,142900
27,142000
207,135800
28,145900
17,126000
9,106100
99,172000
9,107900
9,105900
9,106200
49,174200
9,105100
9,105800
55,193400
25,141500
9,100000
24,133400
206,134900
149,140300
9,106700
5,109200
1,95400
9,106200
9,107200
9,105100
22,127900
9,105200
8,104100
22,130000
39,212200
9,153200
9,152300
27,213100
12,121400
4,102300
1,102100
23,136000
9,105700
381,192200
267,135600
9,108400
4,98500
3,194000
34,162000
9,109700
9,125900
15,124800
9,108400
9,143000
4,131800
9,106300
117,187000
3,95300
9,101300
268,137000
9,105300
9,117400
9,112600
9,106200
20,196700
9,110500
9,105900
9,96400
1,92000
9,117100
17,122200
9,107200
9,105800
20,123700
9,98900
40,164000
22,130600
9,111400
4,99300
9,106900
48,180300
9,105900
5,101200
19,122200
115,212300
5,102200
9,113300
9,112600
9,106500
9,107200
169,171300
7,102600
9,121800
4,93100
39,158300
9,112900
13,120100
16,118100
9,106200
9,105900
206,138200
9,105900
38,156800
2,97300
9,106300
1,89700
9,106100
9,104600
10,124200
513,186600
27,146100
26,172200
9,97900
9,110900
9,126100
83,209100
19,151000
9,110900
62,94900
18,122600
9,107800
3,96300
2,97000
9,110400
121,249100
9,107500
8,112200
9,109700
176,185600
23,150500
1,96500
6,101100
9,107000
9,107600
9,106200
20,124800
1,89700
9,106900
1,96200
48,173300
9,106300
9,106400
9,106200
15,118000
9,107500
9,113700
7,112400
13,137800
63,97500
19,122200
2,95600
9,106700
9,114600
21,127600
3,106100
9,108000
9,106900
9,107200
9,108200
9,106200
10,110100
10,107800
69,106400
43,179400
26,137000
10,108400
10,108600
23,130700
10,107300
195,116200
10,257200
10,100500
16,143500
10,110900
10,97800
231,217700
91,154500
10,108600
29,141400
10,108300
7,102900
3,94100
10,109600
14,116500
46,223600
1,98600
10,132000
23,172300
2,108700
10,132800
10,119000
10,111400
8,105100
10,108100
10,108000
20,127000
10,107400
123,283500
44,166500
22,130900
10,107900
69,113500
1,93200
26,136300
5,99800
49,187000
10,115700
10,108700
10,108300
35,150900
16,118800
13,111500
10,106900
10,113200
3,95700
8,105400
10,108600
35,157300
568,128700
2,95500
10,107200
2,98200
31,144500
10,109600
10,109500
51,179900
1,90000
10,101800
156,170700
10,109000
10,108500
52,181600
10,107500
2,97000
17,119400
10,109100
91,149700
10,110000
10,108200
10,106400
35,151900
10,114700
10,108300
4,97700
10,126100
1,96500
10,109800
2,95800
10,109200
339,153600
10,110200
10,109300
10,114400
37,148300
10,110100
4,97400
10,108600
44,163700
10,108400
108,172100
10,160800
10,176400
4,148500
38,265600
10,105700
24,143000
10,108000
10,108000
10,109000
4,98000
10,107200
10,108600
10,115000
10,109800
548,203600
22,130200
10,108700
5,100300
13,113100
10,109300
10,109300
14,158100
2,96400
48,172300
63,94700
10,110000
58,187400
10,107500
19,280200
10,135800
10,130900
37,161100
10,109400
10,107900
46,198600
10,115400
623,120600
2,93600
14,115000
4,97000
10,108300
48,172400
10,119600
10,117000
62,101900
10,109500
13,111300
10,107900
10,109900
10,107000
10,119900
10,107700
10,108800
10,106100
10,107100
10,108200
102,222800
9,107600
10,126200
49,180500
10,115400
10,107200
10,112800
499,114100
10,106700
67,113000
33,147100
10,107800
10,114000
10,108800
10,108000
2,93800
12,111700
10,108300
2,127000
10,132700
92,202800
1,122900
10,141600
22,142600
10,109600
535,230800
9,112600
10,113800
10,109500
321,121200
135,108500
3,96400
10,105900
10,109800
86,132500
35,151800
10,107300
10,107700
10,109100
397,159900
1,100300
10,108600
10,110000
2,94800
46,169500
208,135500
10,109100
18,137800
2,96200
10,109100
106,169000
10,107800
10,108900
10,114900
1,90500
10,106500
10,108900
3,97400
10,107900
250,101800
10,118900
9,130900
10,99900
11,113600
7,92000
10,104700
3,83000
10,96200
10,103100
85,146100
1,92800
17,121800
6,101900
10,108500
633,234300
10,123900
10,113100
10,109500
5,98300
23,136100
59,196700
12,118000
10,114800
10,108100
60,200400
10,109900
10,144800
10,108200
8,108400
48,173800
9,104600
10,106800
21,176500
7,104600
10,107800
4,97300
12,110400
10,107500
10,254700
11,153500
23,190600
43,178300
68,115300
10,118900
10,101800
10,102700
36,160800
11,114600
10,108600
10,108900
4,100200
10,116100
10,109600
32,157200
1,94400
10,107300
10,107600
10,109300
3,97700
9,111200
10,107700
10,111700
187,99800
28,138600
10,108900
1,91700
14,113700
10,107600
1,95200
10,108600
162,160300
7,102800
10,113800
10,115600
10,108500
38,155100
1,98700
10,134200
2,100400
10,109500
13,171200
31,147400
10,108800
531,182500
83,135800
2,100700
7,102700
10,108100
3,95300
44,172100
10,108200
19,126700
47,168800
10,114900
160,165800
7,102300
31,142400
10,107100
53,189800
10,108500
10,107000
11,110300
10,106500
10,108200
4,98300
2,96700
10,125600
5,102500
10,109400
10,114300
70,108300
14,115400
10,117200
1,91600
10,138500
36,208100
10,134900
40,149400
30,140300
10,106400
234,223000
10,111200
10,110100
1,95800
10,106400
2,95100
10,108200
88,139500
10,110900
34,147600
15,110200
10,112100
230,181200
1,92200
1,89500
10,108200
2,137500
10,109100
10,106900
182,199900
23,135500
10,104900
10,106700
149,142700
10,107100
10,107600
44,166000
10,108100
10,108200
10,109100
10,108400
10,118700
10,111100
3,95300
26,136300
29,147700
10,110900
10,108900
5,99200
10,108600
8,206600
10,126600
28,145900
29,139300
10,115000
10,107700
10,119300
10,123500
10,111400
14,122200
5,99200
10,107800
10,109400
184,245400
17,123800
61,192800
10,108300
24,133800
84,129900
10,107400
76,117800
10,121000
10,110300
2,93000
10,113000
10,106500
10,106300
74,114800
6,101700
10,138000
10,122500
5,104600
13,121600
25,181100
17,117600
5,94500
10,110000
186,102400
10,107100
52,236500
41,168800
10,107400
23,131100
10,108200
10,243800
3,127400
10,119400
75,120100
57,191200
10,106800
10,110500
10,109500
10,108200
10,107100
11,106400
10,99900
34,183700
3,127700
1,115700
10,134900
10,132500
16,173600
54,188000
33,146100
10,108300
10,108600
26,143200
10,107900
10,112500
10,107600
183,243700
3,98700
10,121700
15,119200
10,108600
9,107800
10,115700
7,102600
10,102700
15,117800
10,107400
10,116900
1,90300
10,109300
186,98400
33,147900
2,94700
10,108400
10,152100
10,103100
10,114700
19,123800
3,94600
10,112500
10,106600
247,201500
10,121200
10,130600
284,212100
3,86500
10,97900
189,125600
3,117300
30,162400
10,109400
11,110600
47,168100
59,190900
10,105800
1,93900
10,116600
6,101700
10,108400
38,155000
10,107800
30,141600
47,171500
33,257300
3,94000
10,142200
39,169800
189,104200
6,108200
10,109000
10,114700
10,109700
11,110000
82,128000
11,109900
6,101500
2,95600
11,110100
48,216200
11,112800
11,110200
3,95200
11,109600
2,93900
8,103500
11,110000
35,161500
11,110600
1,101100
11,107900
11,108700
2,95300
11,108000
11,110500
286,224000
11,119800
132,110300
26,135200
11,109100
11,117000
30,141100
11,120700
2,100700
16,118800
11,108200
2,96400
11,108600
7,109500
11,110100
2,147000
41,160100
4,99100
11,110400
10,106700
3,97700
11,109500
11,109100
428,236700
3,126500
11,102700
19,112000
11,103500
2,103600
18,151100
11,121400
3,106400
5,100800
11,108500
11,111000
11,109900
18,121000
11,108100
225,166300
11,111100
11,111700
10,107700
11,109200
11,110300
11,108900
11,110200
11,110200
1,100300
11,111400
4,97200
27,137600
11,109200
11,110900
4,98700
11,109500
22,161000
11,110100
11,117300
11,109600
87,136200
3,96600
14,114200
15,116800
29,144100
11,110700
213,146000
67,103300
11,109600
11,108500
2,94200
11,109700
16,143800
11,140000
424,195400
11,110900
11,111500
11,109000
11,111100
11,119500
431,206200
11,109000
505,126100
17,120300
11,109500
11,108400
16,118100
1,95500
5,101000
2,94600
11,107500
5,100600
11,110200
5,101100
3,95800
12,109900
8,228600
11,134600
11,109500
1,99600
7,104300
29,141300
100,156700
11,109900
11,110400
11,111200
36,173400
11,143900
60,318400
11,159900
11,127000
24,132300
515,164400
104,165100
11,111300
44,163800
11,111000
32,155600
43,166900
1,91900
11,110100
11,110400
7,104300
11,110100
11,117300
3,96300
11,111400
11,116600
13,113100
211,143300
11,110500
11,109500
259,121800
11,110700
11,109700
12,113700
5,104900
13,113700
11,108200
6,101400
21,127100
17,127000
11,110200
17,124900
11,110900
14,122700
11,164700
11,112600
11,161000
11,108300
73,120800
11,112400
3,97000
9,111000
19,123700
53,181700
11,104100
17,121100
3,100800
31,144100
11,119000
11,110500
11,109100
24,131100
11,107100
397,155100
46,192200
11,110400
12,118400
11,110600
11,117300
5,99400
18,119400
11,129300
27,139000
11,117300
2,93100
16,122900
11,109900
11,111300
11,111000
8,129300
11,118700
40,161200
11,141400
1,83100
11,115000
59,223400
11,138800
4,101400
11,109500
4,103100
11,111100
217,197800
11,112300
11,120200
3,98500
11,110200
146,132600
11,109100
116,183400
1,89800
11,108100
11,124200
11,110900
11,110900
3,97100
11,111000
65,97400
16,117400
5,99400
11,110700
11,208100
11,126700
29,158000
3,94400
11,123300
41,195500
11,175700
3,128300
11,145500
2,97700
11,109800
3,97500
11,110300
11,128000
11,111900
11,109800
30,142800
138,117900
6,107500
11,116300
11,108800
11,114200
17,120000
11,115400
11,108300
4,97600
12,110000
49,171800
1,93300
11,127200
61,192300
1,100300
11,109200
11,116500
193,109600
86,134500
11,108700
5,123400
11,109800
10,108100
2,95900
11,109500
11,110200
349,169500
2,99400
11,142700
2,125700
11,147200
3,135400
11,149500
42,208400
12,126400
11,109100
11,111400
3,104700
1,90800
1,92100
11,106200
13,113600
11,108900
11,108600
11,108400
68,104900
11,109100
11,107800
11,109000
21,126000
17,125800
11,143000
532,231100
1,92200
11,110600
1,90400
1,90600
11,110200
12,127000
11,110300
16,118000
22,126400
29,140500
11,108900
4,99300
11,114900
62,93100
11,110900
11,109900
22,128500
24,139200
11,117600
11,157000
30,141200
2,107400
39,158900
11,111300
107,169700
11,110200
14,112800
11,108500
1,105300
11,117400
11,108700
1,90700
1,96800
11,107700
20,125300
2,103300
11,109500
11,112900
250,104800
11,110300
1,91700
8,104700
11,109400
11,103600
629,129900
364,217200
11,109400
52,179500
46,167100
11,110300
11,108500
11,109500
150,290000
11,179800
61,295800
6,90900
13,98700
34,160600
11,111800
11,111700
11,110400
1,94500
11,108600
11,109000
76,118400
3,110600
7,103900
29,139700
11,103900
11,108100
11,108600
11,115000
238,191000
11,112800
31,143600
11,116000
11,109600
86,177000
11,109300
11,110100
11,128300
5,100200
2,94100
11,110400
1,92800
11,109400
1,89400
16,116600
41,159100
16,156400
11,138400
11,114300
11,110800
4,97300
2,93400
11,108400
2,94600
11,118400
11,109000
15,115900
11,110100
11,110700
47,170100
308,202300
11,110400
11,102000
51,178900
11,102900
21,126700
11,109400
11,109500
1,92100
11,151900
246,206800
173,179100
11,110500
11,108700
11,108100
11,109800
11,118600
1,91600
11,109600
4,155900
16,119600
9,107100
11,109700
11,109200
3,129800
11,138400
35,178900
329,145100
11,107600
11,150400
66,145700
11,119100
327,199800
76,123700
41,160200
11,109000
11,107400
1,89300
11,111900
34,149900
11,110300
11,109600
11,109300
3,99000
11,109700
1,98200
23,142100
16,118500
4,98300
11,109100
13,111900
11,109600
35,199500
11,116700
20,125500
16,124900
134,115000
11,109900
11,111100
11,114700
303,192500
2,198300
11,132100
5,118100
11,108200
8,110400
11,109500
16,118100
11,137200
11,110100
11,107400
12,134400
12,132200
14,112300
12,130600
12,109100
1,119200
2,92400
17,144700
24,157500
35,144300
12,130600
12,155100
141,189600
1,126300
34,225600
12,149800
17,133000
19,116900
12,124500
37,164200
3,96500
12,151100
25,138800
143,123800
12,134800
4,105400
16,140900
19,161400
12,119300
12,113200
12,118400
51,176400
12,112100
12,110700
12,111200
12,105100
1,107400
12,111200
12,112500
225,161500
12,119000
161,158800
3,95400
12,116900
6,102400
8,102300
12,111800
12,119300
7,103100
12,111400
12,110600
20,125200
1,113200
2,95800
12,111100
12,110800
12,110400
12,111800
111,175600
12,110900
12,118100
14,115100
12,111500
12,110900
12,111800
12,110800
12,110200
247,244000
12,105400
412,162100
12,115300
3,97100
2,93900
12,110600
155,149600
12,168400
12,113200
29,147300
12,112200
12,119600
46,168000
426,208600
12,112800
7,110000
12,112600
73,113700
10,108700
12,112100
12,112600
12,133400
20,127200
12,112600
12,110700
12,113200
13,112100
398,151200
1,98100
34,219900
2,97100
12,100300
16,160900
12,127300
76,154500
7,94400
12,248900
236,208000
12,108400
12,131500
12,130700
297,198300
26,136800
12,113400
12,112200
77,188200
12,113600
4,97900
12,108400
4,101300
21,128600
12,113200
569,183000
6,103200
12,110600
80,124800
12,114900
103,164900
14,116000
12,111200
24,131800
92,144500
12,111900
12,118700
4,103500
12,111600
16,118200
12,118900
12,117800
12,110800
12,110300
74,113500
12,122400
14,113100
553,208500
12,105100
2,84900
12,113300
12,110900
19,123900
392,133900
1,91600
12,111500
12,110400
223,167900
86,133400
7,102400
12,139000
12,116000
1,93200
3,94800
12,110600
12,112100
12,112000
12,118000
12,159200
12,127300
12,114500
12,112000
12,116900
50,174800
4,96200
12,112700
12,143400
18,176700
12,166800
12,104700
532,263700
134,122200
26,132600
23,141500
4,98500
12,111300
12,118600
14,113400
66,101300
1,92700
12,128800
12,111500
12,110700
12,110000
12,111800
634,196600
17,122200
16,124600
207,133200
12,109500
546,268600
12,113700
26,136000
22,132800
12,118700
149,140000
4,98000
2,93900
12,116800
399,151800
4,97200
40,162500
12,111500
12,111200
12,112400
77,127800
12,111100
12,111800
35,150800
25,145600
330,143100
302,192500
72,116900
12,110400
12,111900
12,111600
12,195600
12,146200
12,119000
12,110700
15,120400
12,108600
1,86700
12,135600
3,99500
7,104700
12,111300
87,136100
13,112900
12,116100
2,96400
7,100900
38,159000
12,112300
3,95300
12,112000
20,123300
12,112300
12,112000
134,113300
12,179900
2,101900
36,190100
12,135500
3,88400
16,139700
20,140700
12,124200
12,112700
2,94300
11,110800
12,110400
12,112100
4,97600
1,94400
12,117400
18,128300
235,182600
12,110400
31,150400
7,101700
8,104700
13,122000
12,112400
12,112700
12,110300
12,113800
28,136300
12,110300
12,112500
12,135600
12,111100
33,148400
41,160800
12,110000
1,90500
5,94300
12,111500
12,128600
29,140300
12,111000
108,171200
14,113500
12,111700
26,133400
283,198300
12,115900
24,132600
12,118500
48,178000
14,113400
12,111900
12,120300
12,114300
4,97800
12,108900
75,116300
18,122100
45,167100
7,103200
34,180000
12,113700
12,112900
69,105600
18,122200
12,110000
12,113200
377,114000
262,250700
16,120600
17,121200
12,119200
19,121400
4,96400
19,123200
12,177300
12,105500
2,92400
48,164300
12,113600
12,134000
6,106300
12,117900
10,109600
12,111700
12,118900
2,94000
18,122100
12,110200
16,112700
2,100800
12,110700
2,95800
12,112100
12,111800
23,136700
75,116200
6,100700
12,109900
13,222900
12,120100
492,256700
12,113800
3,98100
2,94700
12,124800
1,93100
12,110200
12,112100
36,150500
12,119100
12,112100
16,118900
12,134100
12,108900
12,115000
104,163100
18,122700
187,98300
12,110300
12,112200
12,118800
12,111100
12,111200
12,110700
12,111000
12,111000
2,94300
12,113200
12,116300
1,92100
25,134200
12,111300
1,89200
26,136000
7,108300
12,110100
8,104800
39,166700
493,208100
1,91600
12,118000
10,107400
12,112500
12,111900
52,205800
12,111400
17,118900
1,94800
12,109900
107,170300
12,110900
2,132400
12,132400
12,115300
12,114200
5,106500
24,134600
3,133000
12,155000
12,116800
86,136300
12,110100
3,99400
12,109000
21,124400
12,118400
12,127100
19,124800
12,111600
12,109500
12,112700
3,96900
12,118500
419,183400
12,117800
12,112100
25,131400
214,224000
12,114900
4,97400
12,111800
13,134600
28,171100
13,116400
2,94700
38,155300
3,98100
13,118200
13,111400
13,153800
4,113400
13,117400
13,112700
13,111700
71,109500
8,103000
13,128800
28,243800
13,113900
3,96900
13,114900
13,113200
13,113100
10,108200
12,110800
33,145300
1,92700
36,151900
13,111100
32,152500
13,136500
27,151800
13,117100
13,118000
13,114200
137,124400
56,183300
13,119000
13,229200
13,127800
13,110100
21,131600
52,178200
13,135200
13,128100
13,159700
26,170900
97,143500
13,128900
13,143200
101,170200
62,94800
13,119300
6,102100
13,112900
29,138800
143,129400
13,114900
3,105800
13,114000
13,114700
19,124100
13,114200
2,103100
13,112300
13,118900
13,118500
12,112700
13,115300
13,115600
226,165600
4,96900
13,112400
31,143500
15,160900
13,115600
5,100000
13,115200
23,130100
4,96300
13,112300
1,91800
13,125900
8,104800
13,103300
12,115700
13,112600
399,153500
55,185000
13,113800
37,162000
13,119900
36,212000
10,110700
13,111900
13,114300
598,192500
131,108900
13,119600
62,93100
24,133500
78,128100
13,113000
21,125000
1,102300
2,100800
13,113100
13,113900
13,113200
13,112800
173,178800
5,99100
16,135700
13,115800
162,158300
17,119800
28,138700
13,118700
13,120500
236,239300
13,133500
2,111900
13,102400
13,137200
13,137100
25,184300
13,205400
13,115500
5,98300
13,120800
27,136800
13,113600
13,113700
13,117900
3,96400
13,112900
26,136900
13,113100
3,95900
13,113700
13,113000
13,117100
44,172400
7,102300
13,113400
12,111200
13,120300
18,121300
224,169400
5,99600
13,120500
13,119400
13,112700
19,123200
13,113200
24,137800
83,236500
13,153800
13,116400
13,115900
1,92500
2,96700
8,114100
13,123800
1,92800
19,125600
13,113100
13,111700
13,118500
7,102100
13,111800
12,110500
13,117000
4,97800
40,156300
4,99500
13,114600
14,114100
4,98600
13,112500
13,117400
5,99800
9,114000
37,153600
12,111600
13,112300
29,139800
13,113000
13,150400
13,115200
13,114300
13,114100
1,93600
6,101400
13,120000
13,112400
329,203300
58,206600
13,138600
13,153900
13,138100
7,106300
13,119700
13,115300
13,114600
1,95400
13,112900
427,198400
13,111600
84,138600
49,176700
13,112900
63,94900
9,103500
13,113000
3,95700
13,112600
18,126100
13,114700
3,94200
13,111200
13,120200
6,99800
13,113600
3,95700
13,114100
24,146000
13,113900
13,114500
58,255800
13,115100
13,112800
13,128200
13,117000
13,115100
13,114300
13,112400
42,162200
13,113700
13,112900
13,121200
13,115400
13,119100
13,112800
627,128100
19,123900
13,113700
13,119100
13,134000
52,179200
31,268700
13,113700
13,112300
23,131700
137,128800
13,115100
11,109000
13,112000
13,112400
21,128500
13,111500
16,116600
13,131200
13,114800
4,96900
13,112300
243,200300
13,119900
2,96600
13,111600
343,277800
14,135800
21,136600
13,117300
18,110600
33,142600
13,121700
13,119900
13,115400
60,190900
2,95900
13,111500
5,99500
13,124500
119,190700
78,120500
13,119600
13,114400
13,114200
13,120200
13,112300
7,105100
7,104000
13,112600
22,128900
6,101600
13,110600
1,91900
13,113000
4,105100
13,105800
232,177100
2,95500
17,121400
59,188900
10,108600
20,127200
13,112800
6,101700
7,103800
25,133300
13,114200
6,106900
13,119100
546,206000
3,96900
13,108000
434,109000
13,105400
53,188800
34,147400
13,112800
1,92000
11,111600
25,135500
13,114900
49,175600
13,107500
93,148400
3,98000
13,112400
14,124400
1,90500
13,120600
49,173300
13,115600
9,106400
13,143700
2,125600
37,153300
13,133700
13,111700
32,194500
223,176200
13,160300
13,157100
15,166400
12,155400
13,172800
28,287400
151,187100
2,88300
13,138200
3,95600
3,112500
13,108800
46,196800
13,115600
50,259900
13,107800
2,111600
13,110700
14,151400
58,185500
14,136100
14,113100
14,135200
20,129400
14,144400
1,85000
14,110600
177,178900
37,185600
8,102800
14,142100
14,113700
312,103200
30,142100
14,126500
488,248800
14,110400
7,130900
22,127400
14,135900
7,101000
14,135600
14,120000
14,137900
85,137100
14,135900
14,117600
51,206700
14,111800
14,134800
12,142100
14,169000
14,147200
14,146600
2,112700
2,123000
17,154200
5,120400
14,197700
398,201800
14,146400
11,139000
14,143700
14,146000
3,115600
14,145500
14,148500
14,146400
14,147300
36,208400
14,156100
7,127800
14,148900
5,126500
14,152400
14,151100
14,153800
14,147700
189,129200
10,134600
14,149300
45,240600
14,158900
14,165600
14,120600
6,110400
14,115400
5,101300
8,105300
49,178900
14,117100
14,118900
4,103700
14,116500
14,120400
546,345800
18,124000
14,114900
14,114800
7,102400
4,97900
14,115100
14,123000
14,114700
14,116100
3,96400
14,112700
1,91000
14,114900
1,93400
16,140600
2,99300
8,105500
14,114700
14,119300
7,101700
14,114700
14,113000
84,149900
48,179400
14,115300
10,107200
14,111600
3,96500
22,127800
3,95400
1,96400
38,156200
14,113300
14,114300
11,105000
14,114500
368,268700
14,160000
165,345600
16,172900
3,120400
14,124400
163,360900
14,132000
14,130500
35,157600
38,166900
14,151000
47,183200
22,155300
39,163300
14,114800
1,89100
14,114000
14,118800
14,113900
8,104800
14,113200
14,116800
7,103000
14,114700
14,120300
220,195200
1,91000
14,121400
16,117800
10,108300
14,115700
14,114700
14,124800
14,117300
1,91900
14,108700
11,112500
14,121200
54,181200
13,114400
31,174800
14,116900
14,115300
14,115400
14,114900
14,114800
7,102300
14,115000
14,120300
64,99000
14,114100
170,172200
11,108000
14,114100
14,112700
18,122400
14,114500
20,125400
52,176500
21,127100
8,105300
14,114800
14,115500
45,175200
14,116100
51,176900
21,124800
2,96000
7,101800
14,121600
2,95500
14,142500
14,121400
14,144400
14,164300
5,130700
14,120900
14,151400
14,111400
1,94400
14,114500
14,116400
14,116100
14,116300
189,109100
14,120200
14,116600
220,155800
4,97200
16,117700
119,198200
19,124700
10,117000
14,115900
10,108100
14,115000
14,114400
14,114100
14,121600
14,114000
19,133800
374,115700
14,120900
14,113200
36,161600
14,115300
14,194500
7,116800
27,138900
14,115700
1,92400
14,114500
1,93100
14,115400
14,121700
178,211700
92,146000
11,109400
14,114800
78,119900
14,115700
14,115400
111,382600
14,134300
15,112200
47,172000
14,122500
11,110800
14,120000
1,92700
14,114000
17,120800
1,93300
14,114900
169,173300
3,97900
14,156300
14,116900
3,95800
14,119300
14,113500
420,186900
14,116000
5,117800
14,168100
2,92100
14,113300
14,104500
14,134100
14,142200
14,118100
71,114700
3,98800
29,147600
14,115100
6,99100
14,115700
54,183100
14,125400
22,129300
45,173500
14,116400
2,94400
14,114700
274,213600
27,137000
1,91500
14,116000
14,116100
14,147500
1,117100
2,112200
14,145400
48,225600
14,157200
14,155100
14,109800
3,116400
14,114000
14,110700
80,151200
14,112500
18,115500
14,166400
2,104800
3,90600
8,125300
14,118800
14,136200
14,119800
481,219200
8,106600
14,112200
19,124400
116,182100
14,113000
14,115200
14,137400
30,142400
14,122900
10,108000
14,114400
14,115400
54,178900
15,122400
14,122700
14,113100
14,115400
14,116400
453,141700
4,97800
1,90800
14,115100
11,153500
14,139300
14,128300
1,95100
14,104700
1,103600
33,186200
14,333900
17,158800
14,140600
14,140100
199,161600
3,110400
32,161800
36,160800
1,90500
14,115300
14,142600
14,128000
10,232100
14,192200
19,159800
395,179300
15,149100
31,217300
15,148400
15,120400
30,142800
56,184700
15,115800
3,106300
15,111400
2,100300
31,144600
86,197100
50,176400
15,115200
1,99500
2,93300
15,115300
15,117000
38,155300
1,91000
15,123700
612,203100
1,88500
15,124300
15,115300
3,94800
7,100400
15,116200
51,178000
6,101000
15,118300
15,116800
12,112000
20,124400
15,115700
15,116500
15,116700
10,107300
2,100300
18,122300
24,129800
3,101500
7,102000
15,115700
4,98200
15,115900
15,157700
237,232000
169,202700
3,105300
15,139500
18,126400
102,172200
15,122600
81,128000
15,117200
8,104700
15,114500
35,151400
15,122200
1,93100
15,116400
42,163200
16,118800
15,117400
15,114200
15,115900
15,128400
20,126900
15,116700
3,97600
15,115100
15,115700
124,96400
44,167500
15,127500
15,116800
15,117100
15,117700
3,94900
15,117600
6,101500
15,114400
12,118500
23,124300
5,101400
15,115700
15,117500
7,103300
15,115700
27,137000
15,133200
4,99100
2,93100
15,115900
2,96100
15,115900
91,210300
1,94300
2,103000
15,119800
15,118000
15,123300
142,131700
27,143700
15,111500
15,118000
15,117100
105,166600
2,94700
15,122100
16,117200
15,122000
6,100400
15,233300
15,122100
118,218200
15,122800
77,119000
1,100200
2,114900
15,163800
8,148700
2,136400
33,230400
3,102300
15,155000
522,159200
68,104500
15,119000
8,105100
45,167600
15,117100
76,118900
2,102600
15,117200
102,160500
15,116300
1,94000
18,122600
15,122900
15,168000
56,196200
15,117500
34,150100
2,96300
12,113900
38,154900
15,117200
524,151600
15,118400
2,100600
27,138100
5,98900
46,168800
15,131800
15,124800
345,162200
15,112600
15,116300
20,125400
30,142000
4,104100
15,124400
15,117100
1,100600
15,115800
20,122800
15,124200
15,113900
20,124200
15,120300
4,98500
15,115600
53,180300
19,123200
91,183500
1,100500
1,98300
15,116600
14,120700
15,115900
1,94600
15,115800
15,116200
22,126200
15,125400
312,107000
15,115200
15,117300
15,116500
15,116200
15,116700
32,155500
3,128500
15,150000
42,184500
28,173300
5,103800
15,127000
102,216100
2,96500
15,118300
17,120300
15,116600
15,116400
29,198800
114,189400
4,99300
15,115600
8,103200
15,116600
186,104600
15,117400
15,116400
316,117100
73,110900
15,124000
414,176400
18,121600
15,115500
15,115800
15,149300
17,123500
15,117000
1,91300
15,124400
387,131800
2,95900
15,115900
70,244200
15,127700
26,150600
6,95200
15,153100
15,126700
96,173800
15,122600
15,115800
15,117800
54,182300
15,117000
15,117400
15,116400
304,208700
15,116900
19,120300
15,121300
44,165500
15,117500
15,137600
34,154400
48,173700
15,123500
33,213400
1,90800
15,116500
15,123600
15,118400
1,91300
1,91800
15,115600
5,100900
15,116300
15,116200
5,109100
5,135600
15,136200
22,127000
15,105700
61,200800
15,120700
50,196500
15,118000
15,116800
15,116900
15,115900
15,118500
15,117300
9,106000
15,124900
17,121900
116,183100
13,114200
15,116700
15,115800
83,129800
3,109100
3,94700
27,143200
15,115900
15,115500
2,96200
15,115000
5,99000
15,128600
19,124100
15,116100
263,125600
12,112600
14,114800
20,125400
15,116700
15,144600
15,120900
11,110200
15,123000
15,116300
31,142200
15,116900
15,123400
15,120800
1,94200
33,206800
15,118300
15,116900
15,122000
15,124000
34,165400
14,116500
15,117100
7,103100
15,116100
15,122900
98,158600
46,179300
15,123800
10,107900
13,114600
15,114900
83,127500
15,115600
6,100000
15,170500
16,119100
38,156300
16,131100
16,170600
15,134600
1,127900
16,145700
16,123400
16,120200
21,235400
16,124900
16,110400
94,142800
1,98100
39,165100
16,120800
42,171700
20,125300
16,116900
230,174500
26,140700
15,115200
16,133600
6,102100
1,93200
16,118200
1,91800
16,116900
613,213900
2,94400
16,137600
16,125800
1,94200
14,115300
17,119200
16,118000
45,165100
16,116500
3,102700
16,125500
284,211700
4,121300
16,119700
16,117700
4,99800
16,145400
16,146100
104,176200
82,135900
1,91800
16,119500
4,98500
16,132200
16,154300
16,122000
16,119600
5,101000
16,116700
31,145100
337,157200
16,119500
24,131500
16,117200
4,98400
16,118100
16,118900
16,117700
31,146200
4,105400
16,118600
13,114400
16,118600
4,97300
1,90500
39,156000
21,152100
344,183600
137,121900
9,145700
16,128500
16,141700
10,107200
40,204000
16,120800
20,194300
29,143400
16,120100
16,118400
1,94400
23,125400
55,192300
9,100800
16,118900
16,118500
277,150000
45,182000
16,119700
16,117100
4,98500
16,117100
16,118000
279,154800
16,124800
16,127400
535,176800
116,189400
36,151700
16,118600
36,153300
16,149800
451,140400
1,92100
20,124500
1,99800
21,125500
4,97100
16,118200
16,132600
1,92600
7,103400
20,125100
1,92700
16,125100
1,90000
16,119400
49,258900
7,112200
16,131600
40,158800
16,139100
236,179700
20,117700
16,105800
272,141700
16,119100
16,118000
16,117800
53,180300
16,150200
16,118200
16,142000
111,179600
13,135400
16,116500
16,141600
16,144200
616,351300
16,176900
41,221400
1,127800
42,175700
2,121600
16,115300
305,198300
2,113500
17,117300
16,151800
1,90000
16,142600
91,141800
16,148200
245,196100
16,121400
16,126600
16,117700
16,119600
16,119200
22,128000
41,161000
4,98500
43,212400
312,157100
2,131500
16,180000
29,311400
68,207200
9,118500
16,122900
16,118700
6,100600
3,94500
16,120300
5,116800
1,91600
10,134400
16,123300
32,155900
98,157300
12,112400
16,120500
74,131500
5,104600
16,120100
7,102500
30,151700
5,98800
16,118800
2,96100
16,130000
27,137500
35,156100
8,104300
16,116300
16,117900
19,124500
16,128000
11,112200
16,119200
59,192600
28,138300
28,139000
16,118200
16,176600
2,104700
42,176500
16,146100
301,231000
16,130700
20,175700
31,148400
16,112700
3,96300
16,119700
5,101300
1,90300
2,92300
16,126000
97,146900
16,120000
14,116000
23,140400
5,100900
16,118600
16,240400
57,201400
12,104000
16,141800
22,160800
74,114700
53,198000
16,129000
2,90500
1,94900
16,119700
16,118600
16,118800
36,170400
16,124500
14,116200
16,118600
16,119500
16,118100
4,97000
19,123100
16,124400
16,118500
39,159900
103,222300
16,119000
16,117300
160,157500
40,166600
16,119600
16,155900
16,121500
6,103400
16,117800
1,97300
16,134200
27,139500
16,119100
16,118700
4,104800
16,113000
16,118100
2,124700
16,127300
16,122700
539,237600
16,116300
5,135300
16,121900
585,195800
457,172200
2,128900
16,178300
20,187000
177,216600
3,85600
16,106600
16,115200
16,144800
40,159300
16,140200
4,103500
16,125000
16,124900
1,86000
16,122000
5,101500
16,117400
16,118600
243,214600
16,120600
16,119300
65,104400
5,99300
20,125400
16,119100
11,111300
16,130500
46,170400
16,127700
16,119600
16,119700
20,125200
17,121900
17,119900
31,181300
17,128200
443,132400
17,120400
17,120000
83,130900
17,121700
156,150300
17,120700
14,115200
25,159900
4,131800
17,131900
14,117000
17,121800
17,121300
17,119900
17,120200
41,161900
30,141600
17,128600
4,101300
17,124700
17,152900
7,114000
17,121600
4,97500
27,137400
2,94600
44,298400
83,152800
17,125100
17,129800
488,253500
23,162600
5,105600
17,122100
17,146200
57,232200
17,125100
52,192100
5,101400
17,118800
17,128200
20,124200
5,99600
17,119200
38,155100
17,132300
56,240900
17,120100
108,173500
17,124100
17,119300
17,199300
7,105000
17,119800
17,121800
2,94800
17,119700
17,120700
17,124300
17,120800
17,120600
17,119800
17,118100
17,120400
17,128100
4,95500
17,133300
17,122300
4,98800
17,120800
1,101100
17,120300
1,92800
6,100100
17,118900
27,145200
17,122300
6,109000
17,118500
17,121500
17,119600
66,102000
17,120500
11,115600
17,127300
17,129400
195,114400
17,120000
17,120000
17,120600
17,133600
17,134300
17,122400
18,121800
17,119100
19,124000
27,136700
17,118100
17,126900
3,96900
30,142000
30,140900
33,147100
17,119700
7,102900
42,213600
17,168400
211,233200
2,100900
17,151000
17,123500
6,119200
17,123100
17,127700
3,97300
17,122600
18,122600
17,121600
277,154400
19,124300
66,99900
3,95200
17,125300
613,209400
138,120000
1,92000
17,129600
17,123000
4,99500
24,140000
5,102100
2,98600
17,127100
59,277200
22,129700
17,156800
17,120000
17,124100
61,198500
1,92300
17,137300
17,121700
17,120700
17,120700
1,91200
4,97000
17,120300
152,147600
17,120500
64,97100
17,119100
17,120300
82,128600
17,121400
17,119500
17,145900
54,220800
32,157300
17,120800
17,121400
17,121900
5,101200
6,105200
17,187300
17,123200
17,127700
17,113200
17,167900
41,163800
17,123300
17,122300
22,133400
7,100700
17,119700
19,122300
17,119900
17,130800
50,244300
17,168500
17,170600
2,124000
17,175200
22,136600
17,145200
17,116600
2,105100
17,123400
6,102500
17,120600
3,89500
25,142800
567,131500
15,125100
17,116300
18,129700
17,120000
277,151200
17,129900
17,117300
270,139500
143,136600
120,189100
35,150900
18,133700
17,122900
5,107200
17,122000
17,120500
13,113200
8,104800
17,123100
17,174300
17,130300
25,133800
17,119200
17,120500
17,120400
17,118800
17,124800
17,120900
17,122800
2,101200
17,117900
1,91600
17,119500
60,189900
1,129200
1,95400
17,122200
17,153400
24,134600
17,120900
311,106400
17,121600
2,114500
25,134100
17,127800
17,121300
16,117800
18,114100
18,122700
10,183100
18,160600
18,116300
19,127200
18,122500
15,121700
18,116200
18,149900
10,150900
11,109500
18,134300
27,198200
22,131800
20,169700
18,134900
18,159300
236,177400
5,104700
18,124600
145,133700
18,139000
11,103300
2,93800
31,151800
18,121600
44,232300
18,124400
18,131100
18,123100
18,120300
48,169300
18,121000
306,197800
18,123200
18,117400
18,124600
278,153500
18,181900
18,125000
18,122500
563,184700
18,124700
18,123700
8,106200
18,122500
18,125900
18,122600
18,128700
18,128900
304,185500
73,113900
8,101800
18,120100
18,120800
218,154900
29,152800
7,104100
18,120600
18,121500
18,122700
18,121000
23,129800
18,128400
149,138600
18,122400
490,202200
18,128600
18,121900
1,91600
18,129600
18,123600
18,120500
3,98200
10,107200
32,162900
18,121400
367,241400
18,139300
5,102000
2,100100
18,180300
3,105000
33,192300
18,141900
1,92000
4,98700
18,122300
18,123300
18,121400
18,121000
8,107500
18,134100
18,122000
18,123000
40,158100
18,124100
42,159900
18,121700
34,191300
4,101700
10,106600
18,121100
2,101200
18,127800
32,154300
18,136400
18,127000
151,142400
3,95900
18,122500
12,110700
32,162400
18,120700
18,255200
1,103600
18,139000
157,144800
18,125200
99,170700
38,226400
5,101600
18,122100
51,177100
18,122300
13,112800
46,175900
5,99300
18,122600
187,100600
18,121600
113,179900
7,110400
18,122300
18,124300
3,96100
18,121600
18,123400
18,128600
3,104600
18,120200
18,121900
15,132400
4,97700
18,123700
18,124000
18,122000
38,213900
337,162800
18,175700
18,114500
38,195400
20,114400
18,130300
18,138900
26,165600
3,103300
18,121200
5,105800
18,152500
18,147700
303,200900
5,108700
22,128700
3,105400
18,121600
18,128700
389,133900
18,127800
85,132900
18,123800
3,94500
18,119300
18,130300
18,120900
18,122700
4,97300
24,130100
18,132800
18,120800
18,120500
2,128100
31,144600
18,123800
18,122200
18,119600
5,100600
18,121900
1,100900
5,106200
18,122300
18,123000
36,152800
18,119200
31,145400
177,186000
18,165600
2,87400
21,128200
254,111700
18,121300
18,123300
89,138700
18,129700
57,187900
18,121700
18,121400
144,129300
45,165800
4,98500
18,125100
33,154600
3,104100
18,121100
18,129200
245,197600
18,211700
18,182500
29,138800
620,107300
18,148300
115,211700
37,268100
18,122500
1,121500
18,166800
567,118800
44,170200
62,105000
18,123700
59,190700
25,135200
168,171700
18,121100
518,148800
18,126700
18,130400
18,121500
521,152200
5,100800
11,116000
18,121300
123,200200
18,122100
5,126800
43,172900
18,178800
18,181200
39,216200
18,127700
18,126700
2,96400
18,122000
18,120200
18,121400
19,122000
19,124400
112,178400
19,127500
19,279500
10,145000
33,149800
4,99800
19,126300
11,110900
19,125000
19,123200
19,125800
1,89400
11,103900
19,117300
25,195600
9,144200
19,153000
10,141800
19,156800
19,127700
52,182300
1,93500
2,125300
40,204400
19,126700
11,139000
46,189100
98,286300
19,146900
19,135000
46,167900
19,123900
19,142400
19,155300
23,130500
251,100200
19,122300
2,85800
19,114100
19,125200
121,194300
19,128600
19,132000
11,110700
19,127300
36,151800
19,201700
3,97100
31,148100
19,124700
19,123700
122,193400
19,124000
9,107000
19,125300
34,153900
19,131800
11,110900
19,123200
19,124000
19,123500
155,156700
19,133600
19,123200
19,124500
1,94000
19,124100
19,124800
2,94900
45,300400
23,141100
18,116100
19,114400
19,144600
4,100100
3,95200
7,120500
36,194200
19,126700
7,101300
19,124800
19,123400
19,123300
19,133500
98,156500
24,133000
19,117900
19,124400
19,125000
19,124400
19,120800
50,227900
19,144000
112,230600
19,114200
35,187600
19,216400
3,92500
19,113800
42,151900
19,111900
19,118500
19,113300
42,159700
19,112500
5,87700
19,110700
55,188800
7,104400
7,101700
9,108000
29,145400
19,125000
24,139400
19,131200
19,121700
19,124600
19,122900
19,128200
54,182100
19,123600
19,123500
1,92000
19,129800
19,124900
19,131800
19,126200
21,128300
7,104700
19,124700
19,131000
610,203200
19,180400
191,172800
32,222000
19,126800
7,105200
19,124000
34,160100
19,126900
65,100400
19,122400
19,124500
12,110600
19,121600
5,98600
19,137300
19,125500
19,123400
267,139000
13,114300
29,138100
55,183300
3,102200
2,95400
19,122600
19,124100
19,124800
19,123200
42,168900
19,123300
6,141000
19,161300
19,180200
345,220800
123,237200
12,128000
19,127100
19,131100
25,134700
19,123700
549,199400
19,277300
22,146900
19,116300
44,209600
9,131600
19,126000
5,128300
19,128600
27,160400
19,146300
19,124800
5,101500
47,169500
1,94200
19,122800
161,159600
19,124200
7,104100
19,131400
2,95000
19,224200
19,128400
19,122900
25,132700
19,122100
1,98300
19,128500
21,141500
241,194200
19,124300
19,129400
5,99100
7,104100
19,125700
42,174900
19,163100
19,130000
9,106400
19,125900
19,125400
19,125200
35,167500
19,126100
8,106800
19,130300
2,95900
19,121200
42,161000
19,123600
39,168400
1,92100
19,123900
19,122600
6,101800
19,125100
20,198300
22,164800
20,162900
20,130000
1,83000
3,84800
20,135000
20,152700
14,149000
20,128800
12,110600
27,137600
45,167400
3,97500
4,98000
20,135600
20,129300
23,131100
7,104000
20,125900
20,125500
2,101600
20,126600
20,131600
20,127800
12,117000
20,125500
2,97800
20,123600
12,117800
3,96200
25,138700
361,189100
22,124100
28,139500
1,93600
20,131400
20,128100
1,105000
20,127600
2,92900
20,125300
20,131600
20,127100
101,158700
20,123600
1,90900
20,126900
20,132900
20,126100
35,148800
46,169200
20,125400
3,204300
16,167700
20,171900
4,104500
1,111300
20,138100
22,124800
20,129100
1,92800
20,124700
1,97800
2,101300
20,124400
5,98700
24,137400
20,132900
223,161900
20,125000
186,103900
41,159500
20,125500
321,147700
20,139200
20,114200
25,165000
20,189100
612,262700
2,213400
38,205500
207,169900
20,134500
19,133100
20,135700
3,99800
48,172600
28,140800
23,137100
5,99700
20,135500
24,175500
20,131300
3,96100
14,115400
20,127000
459,214800
49,172300
4,101800
1,92900
20,189000
20,127700
15,115900
20,126400
20,132500
20,133000
20,133400
22,126300
20,125300
20,125200
3,93000
10,105300
20,131300
20,160800
20,125900
20,124100
112,184600
20,125000
568,130600
20,139500
20,131900
6,101100
39,156000
69,112100
20,126700
71,110900
2,94100
20,157300
20,153000
478,185900
20,127500
20,125100
20,125600
20,124600
71,113500
20,132100
147,140100
11,116000
20,125000
20,133500
11,108300
20,160500
20,170800
21,132300
20,117800
404,177400
20,124000
35,193300
20,128200
4,88700
16,105100
20,113300
98,152100
20,136300
20,121200
16,201200
26,132500
20,149300
20,123200
20,128300
20,131400
15,132500
20,129600
20,124800
20,124400
4,94100
20,177200
70,118800
20,127000
49,177800
20,132400
20,124400
36,154400
20,125600
13,114700
23,129500
20,136400
20,128700
38,161000
20,126300
20,126100
20,173700
3,97300
43,171800
20,125600
20,131400
82,129400
20,124600
20,127000
16,117800
20,130400
3,105500
20,126100
21,183900
20,128000
20,132900
20,125800
261,143200
73,120700
20,132100
20,125000
20,126200
1,92500
20,125800
20,146900
73,119800
20,125500
5,100500
20,125800
1,95500
2,101900
46,168100
21,168000
24,177600
21,159600
21,132600
21,130300
21,192200
2,146700
21,134900
165,167400
21,127400
21,125700
21,125000
21,127100
111,195400
21,126000
21,128200
44,165700
32,155500
46,169900
21,132600
21,125400
21,127700
1,90800
21,126700
3,99200
37,160300
8,104400
21,129700
5,99600
21,128400
21,126000
23,140400
4,98300
21,127000
21,132500
3,98800
21,128100
2,96900
21,131800
21,131800
21,124600
92,145300
21,129500
21,127400
6,101700
21,127400
2,98200
21,126700
21,128400
4,97200
21,221100
5,142800
21,124700
24,134900
34,148800
54,183100
21,166800
136,120300
48,173500
21,134900
12,110800
21,132200
21,125800
21,134700
21,130300
21,131500
21,125200
21,126400
21,126700
45,166600
2,129500
21,173300
223,298300
6,121700
21,188300
3,112000
8,106300
21,127600
21,126000
21,125800
21,126800
21,126300
16,130400
21,136200
21,125700
21,133700
152,143300
7,103400
21,126600
21,134800
2,108400
21,132800
21,126500
21,125800
8,111500
41,161100
21,128300
21,131500
21,127800
8,102700
21,127800
5,99700
21,127600
63,96700
21,125000
21,141200
4,99000
21,125400
226,173600
21,133700
574,140700
1,92500
21,165200
43,166500
21,128400
25,135300
21,128000
21,127400
37,153800
21,135900
477,237200
22,131100
1,90800
31,144700
157,160400
4,110800
21,136900
33,157800
21,127700
21,128700
21,126700
21,127600
21,145900
1,92300
1,92500
21,126900
1,92100
21,132700
4,98400
21,130500
21,129300
228,248900
3,103300
21,156200
19,142300
21,155300
29,155200
1,90800
46,167800
49,177100
21,128100
5,99600
21,126300
4,97900
27,143900
1,95000
21,126600
21,125300
21,352300
27,207900
14,165400
4,130200
21,162400
21,140600
224,174900
23,133900
21,134100
1,96100
29,150100
21,198200
1,92800
21,134800
21,128900
1,93000
22,129500
22,135300
1,102000
22,136900
2,96500
22,135300
43,169600
22,177800
22,130200
118,210600
27,139700
22,129600
22,130700
22,128600
42,163100
3,97600
22,138600
36,155200
22,135600
3,97600
22,128400
155,147300
22,127400
22,135700
22,130600
16,117300
25,138700
25,133900
22,127600
3,95000
2,92100
22,207600
99,172300
22,189300
4,120400
22,134400
571,188500
22,131300
22,128500
11,110600
22,128100
22,129200
22,130200
2,96000
22,139200
1,91600
22,130100
22,128600
13,114700
30,149100
59,187600
22,136100
142,127500
22,128300
3,95600
10,106400
26,135900
22,134600
22,136100
22,127600
56,184900
22,127300
22,129400
22,129100
95,148800
22,159100
13,115600
22,130100
53,181500
22,127300
22,127400
22,134100
45,173100
19,124600
22,136700
22,128200
22,128500
22,127700
1,93600
22,132700
32,155700
22,162900
1,96000
1,91900
41,162000
54,181500
22,139700
22,129800
112,176200
2,92400
10,108400
22,128700
42,162100
8,203600
22,136600
8,106700
22,129900
2,93700
29,147700
44,183200
3,130900
40,314200
1,117900
22,184100
2,138800
2,127900
24,128500
18,124200
26,137800
22,135500
22,130200
25,133600
224,167800
4,99900
22,128900
22,128800
22,128000
24,132200
22,135400
22,140500
553,207200
48,180500
140,177700
22,129300
22,134800
22,133600
6,102700
42,160000
2,93200
22,125800
22,127400
72,111900
44,167200
22,127500
1,91200
43,162700
2,93700
4,98400
14,122000
22,126600
22,161100
1,91600
9,107700
22,129200
22,130600
22,135500
22,134300
48,190400
24,135000
13,112500
22,127100
12,111900
22,127100
484,196500
22,156100
1,129400
22,130100
423,192000
9,105700
22,126400
22,134300
22,132400
22,127600
22,126600
2,95400
22,126400
22,134700
22,128900
221,191500
7,134700
22,148700
22,169000
66,107900
29,149000
22,131900
526,153800
200,124400
31,150600
22,135000
13,114900
22,129700
22,141900
2,99200
22,128500
55,182500
4,97800
22,129200
27,137000
63,95000
55,226400
1,93900
22,125600
45,167500
9,106600
22,127900
16,120200
23,246500
22,140600
22,150900
23,198600
23,160500
5,107900
23,129700
23,136000
26,133600
23,130800
23,135600
23,128300
23,134100
66,101200
23,130200
23,191000
23,131700
23,130600
30,141400
70,117600
23,129500
2,101100
23,130200
97,152700
54,182300
23,129400
23,135800
23,130900
23,128800
91,149200
23,127500
23,127900
6,102300
23,130000
23,132800
139,123700
37,153400
95,151700
5,101000
38,162000
23,130100
23,155300
23,124700
28,146100
23,132900
23,141300
23,166500
11,139100
23,119300
160,158000
23,132500
23,129300
23,131500
23,123100
2,98300
23,128500
342,158400
23,136500
23,130300
23,131600
81,124600
23,147300
23,130500
56,185200
23,137100
46,167800
5,101000
23,129800
2,100600
23,130200
174,177300
23,130800
23,135100
23,130100
23,130200
23,144500
196,116700
89,147200
25,139600
18,129400
23,129900
39,157000
23,134500
6,100900
23,132700
23,137600
23,130800
23,131700
191,106900
23,148100
5,101500
29,139600
23,130200
23,131700
23,180400
8,105900
23,228900
16,147500
23,134100
23,130600
23,130800
23,139400
23,130200
19,252800
23,138900
23,166400
27,167500
437,119600
9,129900
7,126300
23,208000
246,330600
170,219500
23,140100
23,130100
23,128000
74,115600
7,103800
23,130500
40,156900
23,135100
23,132200
23,131600
107,168900
18,121500
23,130800
2,94900
23,139600
1,91800
4,98600
23,128500
47,170300
23,129800
1,92100
29,138500
1,97000
46,170200
23,129100
23,129800
23,131000
65,107200
37,152400
12,123900
23,132400
66,107700
23,129700
342,155900
50,181000
23,135300
23,171700
3,98900
23,133300
6,102200
3,104100
23,130700
23,129900
99,161500
23,131500
93,146100
23,129600
1,91500
2,93700
7,103300
31,143200
23,144400
23,132800
111,175000
1,92200
23,131100
4,99000
12,111200
23,135800
14,122900
23,130600
23,129500
23,130100
3,95200
23,131800
414,176700
111,259500
1,114800
23,152700
23,149600
23,233800
23,174200
34,178600
23,134700
23,130300
327,181000
4,100500
12,118500
16,119300
24,133300
24,185100
24,131900
29,139700
24,132200
24,147100
24,131800
222,159600
168,169200
1,91700
24,133500
27,137400
24,171600
72,111800
24,138900
24,237700
24,166700
134,123600
24,127100
24,130800
14,122400
24,207100
24,132200
33,185800
24,133600
24,131800
200,124300
24,132500
152,147000
24,132200
24,131900
24,129600
3,95800
2,94100
24,139900
351,199800
28,139000
24,132400
50,175000
24,131100
24,129900
24,147000
24,136500
24,140400
24,131900
125,97800
4,100500
12,108700
24,132300
1,110500
24,195800
45,173700
49,257300
24,144100
24,121500
24,134800
24,132300
24,132300
24,132500
24,131800
24,132400
24,125100
2,116800
24,133200
24,132200
63,96800
3,98700
28,136400
24,131100
24,140700
95,150600
3,100900
24,131200
311,105400
58,251000
24,134500
216,159100
24,130400
24,131000
2,94500
42,161200
3,96900
1,91400
6,100200
24,140800
2,95600
24,130500
1,100000
24,136000
380,120200
1,94500
24,130800
1,91800
35,151400
24,132400
79,130700
16,117700
24,133800
46,248300
24,135000
1,86900
24,133100
8,107400
24,131400
444,131000
24,131700
152,159300
24,134500
24,130300
24,130800
24,138700
279,153800
24,142400
221,157600
24,138000
59,189200
24,131900
24,131100
23,129000
24,148400
1,113600
24,152000
19,164800
24,164300
25,165500
36,445000
25,170500
14,140300
25,135900
89,134200
25,160700
3,90900
25,160700
4,95700
16,144300
25,130200
25,164500
5,96800
25,158500
25,130000
33,170800
25,128700
1,112500
25,139800
9,96600
25,164800
25,130700
25,155900
25,130500
25,158200
37,161100
41,154800
3,112100
1,90400
25,158900
5,98100
25,165700
25,151200
1,101100
25,161000
428,279100
127,96600
25,137900
193,174400
34,204900
23,127100
25,164400
88,134800
25,128600
25,188700
4,126100
25,135000
3,97000
4,100500
32,163400
25,135600
17,145900
25,138900
2,98200
30,142000
25,132200
5,103300
36,151600
349,184900
25,146100
19,126200
25,202300
25,175900
2,116100
17,138400
25,122100
25,136300
46,169000
46,221900
19,125500
25,132500
9,111100
25,132200
5,101000
25,133700
25,132300
25,131600
25,133800
77,139400
2,96500
25,134900
260,129300
25,134800
19,123100
12,120100
25,140300
14,124500
25,133200
25,132900
2,93500
25,135100
66,99300
25,138600
25,144500
65,99200
25,133200
25,131200
25,133900
25,135200
4,97300
2,94600
25,152600
25,134400
25,133700
25,131600
3,95900
25,133200
1,93200
25,237100
25,148700
32,167700
25,172500
25,162600
25,164000
8,120800
25,133200
606,195100
139,122600
4,99000
25,134000
25,135400
25,143000
16,118600
25,134200
25,134000
286,164400
38,233400
25,192900
1,95900
25,193800
47,205300
357,186400
25,143200
25,132300
25,132800
6,101600
18,122100
25,134000
217,151700
4,96600
2,130100
29,141600
148,136800
25,133000
115,184900
56,191600
25,133200
25,137200
7,102700
8,103800
25,172400
13,115500
25,134600
152,151700
11,110700
15,110200
25,134900
25,133500
25,133600
25,139100
25,133900
490,226800
25,214400
26,140800
26,136500
2,94500
26,134300
77,142100
26,135000
26,139600
26,142300
10,107500
26,135300
26,133700
58,191300
43,163000
26,136000
26,134600
26,134200
26,134500
158,185900
26,137800
26,135300
205,138100
54,179800
26,134500
504,196500
6,102700
26,135400
26,134100
26,135900
346,170900
26,141800
43,187100
30,208100
26,196800
33,189700
26,147300
54,260300
5,102200
26,136300
1,91300
41,164300
5,100600
1,91600
26,213300
12,156200
26,135000
26,188500
26,177300
26,183600
215,201300
26,174300
2,112000
26,172300
26,171000
246,296300
26,191100
26,187100
12,145100
26,182200
3,128000
7,129600
26,181600
1,112600
26,182400
1,122400
26,193900
10,138800
26,185600
26,182400
26,182600
4,123400
26,184100
26,182600
556,378000
94,212900
26,184500
2,115000
26,184800
13,145000
26,183200
3,119600
26,203400
26,196400
2,115700
26,184000
29,194400
26,198200
26,280900
37,252300
26,205600
13,176400
26,191800
58,304200
26,197900
63,140800
26,191600
26,182000
20,158200
26,131900
1,110800
26,141300
26,144400
609,201700
7,103800
26,136000
26,137600
17,120200
26,136900
192,114700
2,102200
32,164400
7,105900
26,135200
26,135100
26,135200
26,144200
26,136300
27,138100
100,159800
26,198500
10,110000
2,93100
26,145400
7,103900
26,136600
26,136600
8,102900
26,136300
26,135500
5,100600
26,274200
45,172000
26,144300
26,138800
13,113000
26,142500
9,111900
26,182900
26,146300
27,137900
13,114000
27,138100
27,146200
27,138800
8,103900
27,136300
27,136600
27,137400
3,97000
27,137000
14,164700
27,179300
27,128400
27,136300
2,98500
27,145100
27,136800
293,171600
27,136400
27,138500
27,137600
27,136100
27,137400
27,167900
27,137800
20,125500
6,107200
40,159000
40,175600
38,159100
27,136800
27,143800
7,109400
27,138700
11,110500
27,138900
27,204800
27,137400
27,135200
27,137800
27,143900
36,151100
27,137200
29,144900
27,137300
27,136700
27,138400
202,125100
16,118400
27,143300
27,151100
58,190700
27,138400
27,144700
27,138200
136,117100
96,290400
27,140800
15,116800
6,102000
27,136200
17,118700
27,138200
27,133500
27,137400
27,136300
27,137100
3,96300
27,137800
27,136700
27,140900
27,137300
3,94900
41,164000
312,106600
27,137200
19,124400
27,175600
29,203000
27,194100
202,185200
27,198500
41,182700
36,156100
27,135400
27,144200
27,136400
4,98900
27,145300
3,97300
27,137200
33,155100
27,137600
27,135600
30,140600
27,226300
27,149000
3,99800
27,135200
2,114700
27,142200
27,167600
27,156100
27,168300
7,103900
8,124500
27,135700
27,168900
3,93100
27,145400
27,168400
27,132000
3,112500
27,133800
1,108700
28,135800
72,151900
28,135500
28,167100
28,134400
117,216500
19,126700
28,204100
28,193500
2,90500
28,170200
29,139100
28,168700
28,136300
28,136300
28,168400
28,136400
9,124900
28,143600
2,96000
28,170900
28,140400
18,186600
28,191100
28,204200
28,217900
28,198100
52,285500
28,200100
28,225200
28,146500
28,145900
7,105300
28,140000
28,138500
575,152200
54,183700
6,102800
28,140000
5,99100
2,93900
28,139000
36,151300
238,190600
28,139900
28,144800
35,148700
5,100900
28,138500
23,158200
28,143600
49,174300
28,138000
77,120000
17,126600
1,91000
2,104200
29,141800
28,145500
20,125100
28,138000
3,95200
28,137800
6,100800
2,97300
28,140500
1,91700
28,138800
28,145000
292,173000
45,173300
28,153300
28,138300
69,105700
1,91600
47,169500
106,172900
7,103100
28,143100
2,91500
28,138400
75,113400
28,138400
88,144200
28,133200
208,268700
4,93200
28,153200
34,211600
28,163500
28,198300
2,112200
14,167900
28,215100
29,230300
27,150500
25,193600
28,140800
28,140700
28,208200
131,110700
28,175800
297,188600
3,90400
2,100400
28,138600
2,92100
28,143200
28,143700
23,130800
28,137500
39,157300
50,183200
28,140400
3,97300
28,148500
28,140500
163,163600
99,163700
28,138900
1,104100
28,140800
28,144000
3,98600
6,102800
28,139000
12,112200
37,159100
28,145200
28,141400
28,141200
5,100600
28,140000
28,138900
3,98500
7,103100
28,144400
28,158500
28,139200
28,140500
12,118600
29,140100
29,147600
29,151100
29,136800
3,98000
29,138700
29,141100
2,94600
29,140300
6,103500
11,140300
29,144300
15,117700
43,163300
2,94900
9,104300
29,138300
10,141100
29,222200
29,230000
29,194000
3,120300
29,159900
29,141300
4,99400
19,124100
29,141000
165,167500
29,148800
112,181900
29,141100
17,121400
39,157400
1,98600
29,139500
5,99300
29,151900
23,132000
36,153700
29,205500
4,100100
29,147200
34,270600
29,162800
3,103300
29,152700
29,220200
75,127300
10,126300
29,154700
29,143200
29,140300
29,140500
16,118400
47,183000
29,145100
1,98600
29,147200
7,102200
29,140500
29,141600
29,176000
29,142600
68,103400
29,139000
29,139600
338,150900
29,147200
2,117100
29,136800
29,143900
29,140400
75,115400
29,139700
29,140600
5,106800
11,108700
29,140900
29,139800
29,141100
29,141700
2,93600
29,138900
29,155300
7,109300
29,174400
31,134000
29,141000
37,195700
29,197200
48,174900
29,140700
29,138600
29,147600
29,142500
139,128300
19,124000
29,139900
2,93100
29,140700
6,102700
1,89000
29,140600
14,122300
29,140900
34,148700
29,146300
29,138500
3,95900
35,150100
62,99400
15,116800
27,136700
29,145400
29,147400
29,139700
6,101400
29,144100
5,100400
42,235600
201,125000
29,137700
29,141000
1,92200
29,157400
1,92200
38,156100
5,100100
29,138200
29,140000
278,158900
1,100400
29,141500
13,112300
29,139300
22,128800
30,195000
1,98000
30,178900
287,173200
1,85100
30,134000
30,147600
2,94100
30,142300
3,180300
45,207400
113,191500
30,141300
30,140800
9,106500
30,194700
1,96800
30,173100
37,218700
4,104100
2,84700
30,152500
30,143600
5,99900
30,142400
78,121600
30,142000
30,142400
4,125600
30,145800
30,142700
10,108900
30,140500
30,140900
30,138400
30,146100
30,143000
30,141800
32,162900
434,107300
157,153900
3,95100
30,151400
30,144900
30,139900
5,101400
30,147900
4,96900
30,143300
30,146200
30,141100
1,92800
6,99900
30,150300
30,141900
30,142100
92,149600
30,142200
546,243500
111,177600
30,142100
30,141200
30,225500
13,119700
30,141900
44,166300
8,106100
17,121200
30,141700
2,105300
30,132900
266,131200
30,142700
30,154800
30,146400
313,105300
2,97400
30,144000
33,146100
30,142500
30,148700
30,141200
30,141400
47,257900
48,184700
30,214100
278,191100
32,166100
30,144500
2,94700
30,152600
4,100400
30,148000
30,142000
37,161600
121,205700
30,143200
1,94000
30,149000
89,140000
30,140000
2,98800
1,89600
30,149100
118,188000
30,141500
30,138700
30,142500
30,141800
30,147300
30,140600
30,289500
237,264700
3,104100
2,99800
30,140400
497,115300
30,142200
30,145000
31,163800
9,106600
1,94700
30,140700
230,171900
15,116900
48,170200
30,194500
30,151900
4,98900
30,141900
30,141200
30,143000
30,149200
26,207000
30,145400
30,149400
18,122600
30,143000
30,141500
30,177900
5,101700
30,140800
90,141700
15,117300
30,142700
30,140800
30,174300
30,157900
30,156400
30,166400
4,123200
45,171200
12,119700
30,144700
30,142300
30,142500
30,142500
30,141000
282,174800
39,160200
30,142000
47,171900
31,143800
31,185300
31,150100
92,145400
31,143700
268,142500
175,181900
31,144100
87,136600
15,123100
31,142600
31,143200
3,97800
31,141700
46,167500
31,142400
31,149200
46,168900
31,142400
23,130200
31,142900
49,175100
303,211200
31,144400
11,110700
31,143200
185,204400
2,94700
34,152800
31,145200
2,94100
31,143500
31,149800
249,103000
35,149500
9,136200
1,91200
31,211300
31,143300
31,145600
249,144000
31,158800
31,150700
5,101100
15,115800
31,142900
2,102200
35,157700
31,152000
31,316400
3,142400
31,155900
31,210500
2,106700
16,131400
31,142200
21,127200
15,113200
38,152500
31,178600
4,177900
31,168200
31,152900
44,166300
31,142700
31,150700
37,166700
31,146500
2,92300
31,143500
4,96800
31,142800
31,144300
31,148600
31,145600
31,144600
31,143700
122,194900
31,192600
31,161700
31,144800
2,95500
31,143000
5,100900
20,124400
31,143200
31,158000
68,105200
31,148200
69,106900
31,144800
31,142100
31,144900
31,153700
31,144600
31,143400
26,135200
2,92700
31,143700
1,91100
20,141400
31,143100
232,184100
11,110500
31,144400
31,142200
31,150200
14,123900
31,151500
31,144300
319,118900
53,235800
31,145200
32,230600
32,175000
32,178500
32,178100
32,194100
32,165100
129,104300
32,152900
32,155200
32,154600
2,100100
32,153700
5,101700
32,154200
32,153400
1,90800
32,152900
3,95500
32,153600
48,177600
32,164200
1,92500
32,152400
32,155000
32,156300
209,142900
32,153600
3,97300
32,161000
82,128200
2,94200
15,119900
32,159500
32,156100
32,155600
1,93100
14,116900
32,152400
32,154300
44,278800
32,205100
6,105300
32,155800
170,176200
32,225200
38,176200
1,103000
32,209400
32,157500
32,154500
32,165400
1,93900
2,93000
32,155200
32,154800
32,155800
32,155700
3,107100
32,156200
46,176500
32,155300
527,166400
123,197500
32,234000
32,168000
42,151300
32,159900
14,184900
32,167700
32,156500
32,161100
32,154100
102,165300
32,163400
32,172200
8,105800
32,160800
448,132000
196,121500
3,96000
32,154900
32,159900
254,111800
3,104300
32,155100
454,142300
8,103900
4,97800
20,130800
35,150800
25,141200
32,159700
32,153400
32,160500
32,155200
32,167200
33,156500
5,99800
32,159600
47,170300
3,97200
32,160100
32,154800
32,151900
32,194300
32,159100
32,156500
4,119300
32,163900
32,160100
32,154600
5,106900
32,160700
15,115900
32,174800
47,171300
5,94600
32,154800
519,149000
32,153600
4,111400
32,201900
312,109700
2,94700
13,114000
33,147400
1,92800
1,91200
33,180700
2,105900
33,214900
33,216500
8,128600
33,153100
33,149200
33,146300
33,145600
33,154100
33,148000
33,146500
33,265600
33,228600
413,235200
33,144200
18,129000
33,293500
33,178400
33,193200
121,204800
33,179800
33,152900
4,97700
41,153900
5,117700
33,140500
3,91600
33,169700
33,146300
33,184200
69,100200
28,128900
33,142100
33,141300
3,89900
33,185500
1,95200
33,237300
33,234100
20,126400
33,171400
33,186100
33,196900
3,126200
19,150700
33,206300
2,121100
33,188600
33,152900
33,147400
33,148500
33,153800
1,92300
33,149200
103,163100
4,99000
33,146700
33,148500
20,177700
33,175600
67,135900
33,139900
239,192100
35,184000
33,152000
33,146900
33,147700
33,146000
33,147000
255,113600
45,171300
14,107700
34,153200
8,104700
34,147900
1,97900
34,148500
211,145000
34,211300
32,158000
34,150000
34,200500
34,150800
4,105500
34,151000
34,148700
34,156600
56,188200
34,149600
118,202800
52,180200
1,91800
34,155700
107,170600
34,149300
67,121700
34,150700
34,150400
34,157700
34,149200
9,106700
34,149500
6,293000
2,86600
34,157500
34,202900
34,199400
34,234600
14,121200
34,142400
34,158300
48,173800
82,129800
76,122300
11,111000
34,147800
1,92600
34,149900
6,101000
34,149200
20,151400
34,203400
556,246700
34,174000
34,222900
14,126600
47,175100
34,149100
31,145400
34,150900
34,156600
233,185000
34,149400
9,114000
34,147800
44,165000
43,164700
34,151900
22,136400
24,130300
34,149300
34,148900
34,216500
185,212100
102,164400
34,151000
34,205100
355,182700
34,150700
34,153500
34,155700
7,103200
12,110700
34,149000
34,150200
7,102700
34,151400
17,121100
34,148300
34,149400
34,148600
34,157400
34,156200
34,149500
34,148700
3,94800
3,94200
34,150200
40,161300
34,160800
34,153500
6,101700
34,149200
34,149900
34,148500
34,157800
34,165100
35,151600
34,149300
20,123800
1,92300
34,148500
34,164200
1,133600
35,166400
35,194000
4,93100
17,143200
35,153600
1,100100
35,157800
35,151700
48,170300
5,100900
35,151500
10,115600
35,267500
35,177600
35,152200
43,164000
35,147600
35,156100
46,170400
35,150500
137,120000
6,102300
39,246600
35,159700
3,103900
35,151300
35,151000
35,151600
166,168200
35,153200
63,95900
35,150500
2,101400
38,155900
3,96700
38,155400
35,158900
115,250600
5,102500
2,95100
35,148800
19,123000
35,150100
35,191500
35,152700
35,150900
35,151800
2,94100
35,158000
35,161400
3,98000
35,158500
35,150300
35,152800
1,91900
35,156900
1,100200
11,114200
35,153600
35,150100
1,89700
35,150400
35,151600
35,191900
35,187700
35,227500
35,177300
35,154500
35,186300
35,159500
81,133700
9,107700
35,151400
7,102100
35,150800
264,143100
1,91000
35,149700
2,93100
36,156700
36,151300
13,113000
36,156400
62,93800
36,152700
36,150400
190,99600
36,153400
36,153600
375,122300
36,152900
6,101600
36,150800
5,99800
46,168600
36,216900
218,167600
36,152400
36,152200
422,188200
36,152200
33,144900
36,156500
36,154700
112,179300
36,151300
93,145800
36,152900
36,273800
36,155000
5,107800
36,153300
47,227600
36,163800
102,160500
36,152200
36,151600
1,93700
36,152300
38,159900
4,105100
36,151700
6,101200
36,151300
29,140800
36,151800
33,162900
36,181500
42,179000
36,148400
36,193400
36,227500
36,165600
79,128600
36,159500
36,153000
36,151600
4,101200
36,158000
1,93100
36,158200
386,129900
3,99300
36,152400
11,108400
1,91800
36,166900
36,153500
7,104200
36,152900
5,99200
36,152100
4,99100
2,99600
47,170800
36,153700
36,150100
77,120800
36,231300
81,127500
36,152000
150,141500
36,185800
36,208900
36,155800
15,118200
36,152100
69,108600
36,150300
225,167700
36,153700
4,99900
36,153200
314,116400
36,176300
36,154700
4,105000
36,152200
17,119200
36,152100
36,193100
44,169400
36,152600
114,181600
1,95300
42,169500
72,144400
36,198400
36,257600
37,160800
37,187800
78,137800
37,154100
55,182800
37,159200
5,99700
37,157900
37,180000
37,157900
39,156000
37,160500
223,161000
37,160400
3,197000
39,168100
37,217800
46,247300
37,227400
37,166100
37,191600
3,114700
5,118200
37,183500
57,225600
37,180400
37,183500
1,108700
37,181900
37,152100
37,261000
37,184300
1,99800
4,99100
37,154400
37,153700
37,166000
11,110500
45,167300
52,176500
37,151900
37,154300
503,132800
37,155800
95,149700
58,194300
37,152400
37,154300
21,127300
15,116100
38,154200
37,197400
61,215900
37,189900
3,93500
37,185100
37,181900
10,133600
12,109900
37,181800
129,147500
37,260700
5,160700
37,259700
37,257900
1,126200
11,164500
37,348900
37,270300
37,248400
37,249500
29,224300
37,212800
4,107600
44,170600
37,156300
37,155200
37,154500
37,157500
32,162800
37,153500
2,94800
37,154500
37,160400
37,154300
37,166800
37,154500
7,104700
37,153300
37,151700
37,152700
37,297900
9,109000
37,155600
1,87900
29,142100
38,155500
64,96200
28,147100
38,163700
38,157500
67,102100
38,155200
38,154500
4,97100
50,553100
38,297900
1,113800
38,200100
38,166300
38,159500
38,156600
38,200200
38,165300
5,94400
3,111400
38,154400
168,167500
38,149400
38,148000
136,114900
13,106400
38,146100
2,89000
38,187100
48,167000
1,84800
38,153500
38,146500
3,89600
38,147600
123,187400
4,95700
2,89200
38,150800
1,86100
38,190000
38,207900
1,117300
20,155800
38,290900
2,100100
38,155500
480,186900
2,93700
4,97900
38,163400
38,157200
38,155600
2,94000
2,93900
46,169400
38,156000
9,125500
38,163300
5,99000
38,154300
8,102700
38,155100
38,153700
137,152900
46,267300
38,164800
38,155900
38,162400
38,176700
21,155900
38,194700
194,187200
38,172200
43,164300
395,186500
38,165200
38,159400
38,155900
38,156200
38,176700
38,158300
38,161500
3,98000
38,154400
38,157300
5,99700
38,190900
38,157400
340,153200
38,155000
2,100400
38,155700
3,97300
7,107900
38,154200
38,156200
38,154400
40,158300
38,155500
82,132700
18,121900
38,161400
38,154600
108,171100
1,93600
2,91900
38,283800
38,205100
153,213000
38,193900
38,174000
38,160100
38,156900
2,102400
38,155000
39,219300
122,232100
39,157400
39,157000
437,117900
4,96900
1,89600
39,158200
4,107700
39,159500
39,157300
4,96700
7,188400
31,145300
39,192300
372,137100
87,202300
1,98000
45,207500
39,185900
39,215500
2,96200
39,159100
52,177800
39,157700
101,158800
43,169800
39,157400
39,162900
39,157400
4,99200
14,114600
10,112500
39,160100
39,163300
39,157300
39,164100
3,96700
39,155500
42,166900
39,158900
3,98200
39,158500
2,97300
1,91000
39,158000
4,106400
39,163500
39,159100
39,156500
2,98300
15,115000
15,116900
39,183500
39,159300
39,155600
171,176200
39,157500
26,134100
39,177800
25,133700
39,163100
36,159400
39,156100
3,96300
39,196600
39,206300
123,200100
39,150300
5,107300
39,152000
39,164100
39,225300
39,160600
39,253600
39,158400
39,197300
1,129100
6,146700
48,184200
2,101300
39,163100
10,193800
39,163300
53,185300
39,166300
6,104200
40,161200
1,99600
40,162300
53,184500
46,168200
40,164900
28,140000
40,161600
40,160400
12,112700
45,166000
40,155600
2,96200
40,159200
24,210800
40,203800
40,199600
40,206300
3,118600
12,127900
40,158400
40,161000
40,160500
40,184200
113,207500
40,188900
40,205700
40,196900
40,196500
2,116000
16,133800
40,169600
61,194900
40,158300
1,92500
40,156300
40,165900
40,157000
5,100500
40,165600
40,159900
40,159500
40,162500
1,97300
40,158400
137,233900
10,112300
40,159300
40,218000
35,169000
40,261200
1,108600
40,147200
40,192300
21,162900
8,107400
40,164400
40,160800
40,159200
122,202200
40,160000
55,184200
46,169400
11,110600
40,165900
40,201600
8,106100
40,156700
425,194400
40,159200
4,97500
39,160600
45,169200
40,166400
40,163900
40,159100
2,94700
13,114000
40,162200
40,158900
40,158300
40,159000
40,159100
40,159500
40,291800
40,200300
40,168300
40,185500
8,119500
40,197600
40,164800
9,124800
40,160900
6,110200
40,159900
27,144000
40,160500
41,158300
5,101500
41,163700
41,159800
19,218300
41,162900
41,162500
41,162700
7,102600
41,161000
41,196700
41,201900
41,184300
41,196500
20,128800
41,228400
97,154700
41,168800
50,176300
41,159700
136,117900
41,169600
41,162500
53,181800
2,93700
41,161000
1,91000
41,159200
427,195100
41,160900
41,161400
41,158600
41,160400
392,144000
71,108600
41,160800
4,98700
14,114500
41,167700
41,159700
206,204600
62,93400
44,166500
41,162400
41,161200
41,161000
1,92100
2,99000
31,145200
41,159900
2,93900
41,160200
41,160800
41,165900
41,170300
41,161900
41,161200
41,160000
41,160900
321,162000
41,163200
18,190300
41,170900
364,195900
241,183000
63,96200
41,160900
42,162100
42,161500
42,163400
42,169600
1,109100
42,215000
42,192800
3,118000
42,156400
42,210900
42,196100
6,110400
6,102500
5,101700
42,237900
51,287300
19,144600
42,169400
28,137900
42,163200
42,162200
178,195200
42,162500
42,162600
2,94100
42,161100
42,162300
42,166400
47,171700
42,164100
42,159400
44,165700
1,100100
42,169800
21,123900
42,161000
42,162900
3,98000
11,117500
42,162400
403,165300
23,130700
42,163600
42,162800
42,163500
42,169700
3,100600
48,174000
1,90900
42,160900
42,222800
194,113100
4,97100
42,166100
5,102300
42,163100
4,97700
42,168600
42,162700
12,122700
42,164100
42,160500
42,162500
42,163400
42,163500
42,194300
3,125600
42,170900
42,174600
42,151800
3,116200
43,178000
13,114400
43,165500
43,164500
43,164500
43,166000
43,244400
82,132600
64,104600
5,100300
43,164600
258,117400
43,163500
15,110700
43,164900
92,143900
4,97100
43,164400
2,95500
43,174300
43,166000
44,167500
43,165800
43,171400
9,106800
43,169600
43,174700
43,163600
3,96700
43,170200
36,152000
43,162600
37,155800
43,164900
43,164100
2,94200
43,164000
517,148700
43,243000
13,133000
43,181400
1,94700
43,162900
43,170600
40,158700
39,157400
43,162100
2,206200
43,164100
43,194100
197,127400
1,99400
43,164300
11,110600
43,165900
159,201000
12,137500
43,194900
44,181100
44,154400
44,194400
69,138500
44,170000
44,165900
200,123100
44,166700
44,175100
44,165800
44,171200
5,99900
2,93700
13,113400
44,166000
47,179600
44,230100
49,175900
44,166000
44,166200
1,90800
44,168700
44,171500
44,165200
10,108000
44,167000
44,166800
1,95600
3,96200
44,165200
44,164100
44,164700
44,171900
44,182000
44,157400
44,168800
37,153000
44,239100
44,167000
44,170700
6,100000
2,100900
47,171200
44,163700
45,167400
44,205100
62,92800
44,165500
10,114800
44,163600
44,171300
3,96300
44,173700
44,172200
216,150100
44,164900
44,165800
44,165300
1,126200
11,146000
44,182900
44,228000
45,196500
45,178800
303,195500
4,99300
4,98200
45,166400
45,168000
45,173400
555,263100
45,167700
45,168700
45,167700
45,210600
45,271500
45,168100
271,142300
2,91500
8,104000
45,276000
45,173800
45,173700
6,103300
45,168600
45,177200
1,94900
47,177200
22,130300
45,168200
45,238000
32,164000
45,168700
45,166800
45,166600
45,168700
3,98200
45,166700
2,94600
45,165600
14,114300
45,211500
47,204100
45,164000
45,198500
38,183500
45,163100
45,195900
45,238400
3,113000
45,201300
45,204300
45,203800
45,239700
45,194700
45,202900
45,182700
45,169400
46,171000
46,169000
305,197000
2,104700
46,170300
2,96200
2,94300
46,168000
48,173200
46,169100
46,179700
46,168500
46,169900
46,169900
46,235300
194,148200
46,171000
1,94400
46,168600
54,182300
10,115600
46,176900
46,248300
46,171100
46,169800
46,169100
7,111800
9,110800
46,176800
46,167700
46,169500
46,168800
2,96100
46,185800
46,169800
46,169000
4,98200
17,124500
46,174300
35,156300
46,167500
46,167500
46,169400
46,168000
1,96500
35,150300
46,171500
46,169200
130,107100
46,169000
46,168400
46,175000
46,195900
46,187700
46,220000
49,180000
46,179900
2,103700
46,204600
259,124300
46,168900
47,178800
251,118100
47,173100
47,177400
47,170200
47,171200
47,186200
504,125100
2,94800
47,171600
47,168900
47,228500
11,201400
47,172700
48,178600
47,171000
47,170900
1,93300
47,204900
121,198000
15,117700
47,170200
47,170800
56,186400
21,135500
47,170400
7,102000
42,162600
47,171700
47,167700
5,105300
47,169900
173,179400
47,169000
47,178500
8,105400
47,178200
15,118300
47,168500
47,168100
3,105300
47,170800
47,202300
47,174000
4,98800
47,168600
47,170200
32,156600
47,207600
48,191700
1,85200
48,200200
364,186100
48,229900
48,208000
89,143900
1,91300
48,171900
3,96000
48,179200
1,109000
48,172400
48,177100
48,246400
48,173200
54,189700
48,166800
39,217600
48,178800
48,172100
1,94000
48,186800
5,108200
48,212900
103,167300
48,173300
41,181100
48,172300
48,171500
2,109800
48,179500
20,123800
48,357200
48,301600
48,190100
48,179100
185,211500
48,181500
16,116500
12,111000
48,163600
48,232100
203,168500
51,220400
48,216100
86,155300
49,189200
14,108600
11,109800
49,176500
49,173200
16,119500
49,167900
49,289100
134,164900
49,280800
4,118800
49,188600
49,177600
5,99200
49,180200
49,172400
49,273400
3,99600
49,171100
49,175100
44,161000
49,167900
5,103400
49,198900
49,173200
4,93900
49,206300
49,233000
3,121800
49,285300
49,223200
49,211300
3,98300
49,177900
5,104000
49,182700
9,113500
49,164000
49,175000
599,207500
1,98100
49,173100
49,177700
5,99200
49,172500
99,161100
49,174200
3,98300
10,113500
49,173600
14,115900
1,91100
33,145100
8,118000
50,175000
5,104100
3,95700
1,99900
30,134300
50,177400
16,123600
50,175900
50,172900
3,88800
28,140200
50,184300
160,192400
50,213000
50,264000
50,167600
50,273100
79,146500
69,112400
50,175600
5,102200
50,237200
8,108100
50,303600
50,199600
50,188900
50,175300
100,168100
50,204600
50,174500
90,139900
50,173500
