32201
14265325
3317557600
17,51600
1646,254800
2,12000
18,24500
6,11200
11,16200
101,51300
15662,2285300
1,9300
20,25400
23,31600
3,8200
187,29100
166,60900
121,79700
42,46100
132,29500
29,32200
2,6100
902,137600
1,8800
129,31500
9,14300
2,6500
23,25500
11,16600
11,15900
471,90600
28,43200
2,6800
2,6400
1,5000
1,4800
3,7600
1,5300
10,15000
9,13800
3,7700
1,4900
58,60400
239,76400
1,5100
8,12700
57,59300
10,15000
3,8600
47,48700
18,29800
78,36900
633,93100
3,13500
51,60100
381,57600
28,31300
2880,377700
376,54800
9,23100
130,28200
282,69200
7,12400
54,56100
190,41500
4,8900
2841,394500
9,20100
1,5100
133,29700
6,11000
34,37500
117,64000
1228,257300
1268,256100
30,43600
227,66700
4,15100
8,13500
63,12800
2,6200
4,8600
1,5000
38,41500
344,73900
14,28800
4805,620800
17,24000
23,27600
32,36000
1,4800
18,22800
8,12600
1316,174800
1052,188500
17,30000
14,18900
53,54800
415,95700
326,63600
404,83200
1,8800
27,36900
25,29400
458,91800
55,67000
14,28000
7317,861200
1,12000
10,15800
504,97100
1103,207800
12,18200
1,9100
3,13500
16,38800
21,49800
228,110700
3,14900
20,40800
168,62800
89,38500
590,103800
1,8800
31,43300
228,64500
1199,170000
10,24300
49,51800
13,27800
54,56500
111,68300
149,53900
2,10800
1001,126800
4,14500
4,8800
1,4900
1,4900
28,38200
5,10100
2,6200
67,18300
842,133400
251,45200
31,34900
186,26300
13,17900
74,24300
63,15700
40,42500
300,83800
2,10900
19,29100
9,14400
96,44900
275,61700
106,62900
6596,813200
9,15800
6,19800
17,22600
1,5000
2,6000
617,147300
33,48300
8,12900
12,16200
70,21100
13,17500
288,73400
3,13100
51,53800
7,20300
4,8600
10,14700
44,46600
4,8700
738,135800
45,56600
797,143100
1,8900
4,9100
61,60900
14,20500
7,21000
2,11800
37,78100
307,111600
1,9000
389,65600
45,56800
123,77900
4,15200
1,5200
28,32000
939,120300
2745,377600
5,10900
54,61700
6,11000
1,5100
2292,344100
31,51800
143,75100
1,6500
1,5200
4190,605100
160,87500
326,90700
44,53400
33,46300
6,23600
53,62000
14,20900
2,12200
301,127500
2,6900
664,160100
22,45600
3,15000
488,131600
285,78400
12,26400
87,48400
52,55300
25,29400
42,56300
8,12900
6,10600
35,39300
3,7600
7,11400
67,19700
29,32500
3,8000
1,4800
1,4700
4,8600
761,109900
3415,425200
3124,481800
1,6200
2,9100
801,227000
423,131700
47,60600
8,12800
12423,1529400
10,16900
22,26600
23,27900
5,9800
87,36300
3,7600
7,11100
23,27600
16,20700
88,37400
3084,407600
3,13800
1,5000
59,58900
2,6100
5,9700
6,10600
39,42700
475,90600
11,25700
3415,415700
44,51200
459,84700
133,38100
14,18700
2,6100
18,22500
1,5200
120,66100
27,31500
112,59400
21,35900
22,27200
30,33400
23,27200
1589,221300
3,14000
3,7800
1012,136600
1,8400
635,98800
46,58100
14,28500
50,53000
37,50900
91,49600
22,35200
23,27500
1745,262600
2,12600
14,19600
6,10900
7,11500
42,44600
315,47400
9416,1244400
87,44500
66,26800
30,50200
74,39300
3,13900
6,11000
33,38000
1,5000
1,4800
5,9800
38,40900
1249,168500
821,117500
17,30300
19,24400
29,32400
4,8300
243,79600
28,42700
5,10100
368,95800
18,33300
20,25300
6,11000
16,20400
857,146900
7476,1030800
987,190700
11,17100
511,130100
4,16600
18,23400
22,26400
22,26800
185,103900
2,9000
143,65000
3,8100
2370,404000
38,50200
15,19900
1,5000
40,43300
63,13200
11,15800
45,47500
1024,154000
10373,1369300
4,10500
16,20700
2195,309700
32,43100
1265,196000
5,17900
4,8800
12552,1609500
285,74200
19,33600
30,35000
65,16200
14,18500
587,100700
3737,459200
3402,447600
83,36900
94,51500
1,8700
14,24500
72,23500
2,6400
84,33700
482,105900
78,37900
33,37500
1,5000
9,13700
13575,1849800
3,16500
4,16700
6,11600
2,6700
19,23800
220,60200
1,5400
20,24100
39,42000
243,92900
1,5600
15,19500
2,6200
15,19500
43,45300
10579,1424300
1,6700
4,8800
415,89400
7,20600
3979,471400
14,21700
1,5100
2,6200
399,73100
1532,223000
5,18000
25,29500
2,6100
2,6600
2,6100
23,26800
160,54500
2,6200
1161,186000
1,6000
76,42900
74,34300
34,40700
6,11400
6,10700
950,145900
138,37800
69,21300
168,66800
18,25600
19066,2913400
161,59000
1,8900
4,19500
68,19400
5,9900
3,7500
23,27000
3523,460500
582,97300
20,33000
433,104700
11573,1666700
183,79600
5,17400
2,6600
2,6200
3,7500
626,87600
58,69000
69,29800
10,15300
4,8700
14,18400
4,8800
172,64600
18,33700
39,43300
1,5200
141,37600
3,7600
8,12800
6,10500
44,46800
225,64000
4,14700
68,19800
94,43300
2,6300
5,10100
8034,964600
1,6400
3517,462100
13,22600
203,45000
20,25200
3,7800
3,7300
8120,1016100
7,13600
50,53600
19,23800
11,25400
6,11000
44,47100
5,9900
1,4800
2,6100
28,31400
19,23600
34,38000
2,6400
86,35600
6,11000
3,7500
3,7500
1,4800
10,14800
9,13900
14,18900
26,29700
281,67600
37,39900
1,5000
13,17500
43,45700
1785,252800
1273,194900
81,39000
1,8800
124,23000
7,12100
2,6300
362,90500
3,12500
766,113500
59,68500
430,106300
7,19900
1,5400
3,7400
677,132100
2,11000
1,6400
214,92000
1,8700
78,36800
37,41000
7,11800
4084,519500
5,14300
8352,1206500
81,34100
10361,1564200
5,18800
16,26300
4,13600
4,8600
1,8200
216,63800
99,55000
4,8800
1,4900
10257,1456600
5,12200
516,87100
5,16800
31,35400
653,113100
2,10600
4,15300
3,7900
1,5000
36,39300
4115,549600
2,9600
2270,325300
1,9300
3,8100
2,6500
2,6100
4,8800
73,24700
155,49800
3,7600
8,12600
239,76400
7,20000
14468,1852100
26,32200
1,8700
1,9200
14,19400
6,11000
8,12600
15821,1979800
3,10500
4343,676000
1,10200
29,33400
239,76400
31,34300
45,47200
1,5400
21,24900
12,28800
865,153300
380,64000
6,19100
883,122200
9,23000
1,5200
1,4900
80,30400
18,22700
30,33800
50,51500
28,51200
67,47300
31,43700
2,10800
3,8600
11,16000
4,8300
4,8300
3,7200
58,58300
1104,190600
38,50300
6,19200
80,30900
339,76300
170,65200
10,25300
8,13000
19,23700
644,100900
27,40200
1,5100
21,25600
1,4900
3793,449600
3,12000
3,7900
167,60700
207,46800
136,32300
1,5100
4,8300
4333,588700
10,17800
5,10500
1,5100
451,71600
2493,336700
26,37100
1,5300
5,9800
1,4900
15,19400
2,6300
1,4800
1,4900
6,11100
3,7700
367,95600
55,57400
15,19700
6,11600
34,41600
3397,480900
1,10300
1,5300
37,41200
14,18500
105,52100
3139,431300
11,17600
28,36700
15,23100
472,100400
4,9200
18,22700
9,17000
23,35000
107,58100
3,12600
14109,2025400
144,44100
12,26400
20,26200
8,13000
10,14800
31,35000
3,7600
1,5000
806,97200
88,47700
1437,233000
16,30900
8,21500
4,15100
66,33700
13,34800
51,94400
155,58900
23,43700
78,100100
11,39500
15,37600
63,36600
1395,363300
1,12400
1,11600
40,61300
1,9300
113,69800
45,60000
6,18700
30,40700
3354,445100
5,11000
176,78700
4,17100
771,133300
3,14100
2,6300
3,7200
3645,623700
6,12000
45,46200
6,17600
144,39500
488,133100
25,48600
439,94500
3,13300
127,26100
8962,1706400
169,67700
5,17000
2,6700
384,66500
24,39400
31,35200
5,9900
313,47200
48,62400
21,26100
159,54900
1,5100
3,7200
1,5200
1220,191300
2,11000
3,8500
1455,207300
228,79800
11,26100
37,70400
56,67200
2550,323100
221,62000
64,22700
6,11200
55,63600
25,41500
358,92500
8,23900
36,41500
7,12300
51,53900
60,61100
9634,1284800
38,43400
51,60500
15,29100
7,12100
3,7700
913,209500
89,61500
30,34900
50,54000
3,12900
957,139300
7,19900
8,13400
77,28900
44,58800
2,6400
65,17000
2,6300
2,6300
53,55200
1,5100
49,51900
3,7700
1,4800
57,59000
15,19400
55,56900
2727,391300
8,20200
7,12700
9152,1395600
18,24800
17,23200
4,8600
2,6500
9,14100
83,33100
89,39500
710,117200
10,24700
2,6400
8,13200
5,10200
12,17000
14,18400
4,8600
4,8800
5,9600
13,17700
228,68100
424,97800
3,13300
4,9300
1873,232300
5,17500
40,45900
2,10600
1,8900
30,36000
32,35400
243,80600
16,30800
59,76000
4,14600
10,21500
2,6400
40,43600
6,11200
9,13800
4,8300
32,35000
113,60600
11,27900
5,10400
275,89000
54,66400
1,9000
29,38700
32,35600
6,10800
2,6200
1,5000
2,6100
12,16600
212,51600
10774,1527200
40,46100
37,50600
34,46800
63,21600
2,6400
16,20600
12,17200
6,10600
12,16800
4,8800
369,98000
247,93000
2,10900
2,7300
5,9600
8066,956300
75,28300
19,32900
169,64500
20,35500
61,62300
403,84900
58,67200
68,32400
72,24200
2,6300
7,11700
16,21200
12,16700
52,53400
629,87900
4,14900
1156,186900
46,56500
57,79400
4,14700
7,12500
6,10800
237,89000
7,12100
2,6300
1141,205500
15,29800
70,22200
2,6300
3,7500
2,10500
26,44000
673,130500
59,93300
7,16400
342,73000
145,52100
6041,751800
12,18300
221,61700
14,18500
5,9900
1,4800
4,8500
57,58600
107,55500
3808,468900
25,31000
16,29900
1,5000
43,45900
26,30400
6345,857500
86,38300
3514,455100
32,39000
4,8600
20,24800
4,9200
1097,197300
315,54600
4,9000
25,46700
10,29000
21,49800
49,80900
4,15500
1,9200
255,41000
1,5000
3,7600
2765,373900
97,57700
4,15300
96,45700
5,10400
8,13200
2,6200
17,21900
3,7600
57,57200
1,4900
105,52900
159,54400
1734,261300
7,18400
78,28800
77,27800
15,19500
157,51600
1,8500
4,15000
24,28700
2,6400
2,6200
3,7600
51,53100
39,41700
236,91900
54,74900
2,6400
508,160200
655,175700
8,22100
12,17400
2,6300
218,58000
72,33100
97,46700
126,21000
70,21200
15,19600
79,29800
6,10900
1,4900
26,38200
1434,234100
39,51800
6,14700
488,107700
74,33100
2,11200
15,27200
2,11200
1,7700
46,78500
22,41000
89,59200
13934,2368400
4,19600
3,14400
86,67900
44,85400
3,8200
8,23100
75,49500
3,15500
5,19400
4,16700
26,57100
2,7200
96,83500
3,9400
14,33800
11,30400
12,33200
181,84600
1,5400
36,71700
800,166400
144,71100
58,86200
2229,341000
53,87400
1,5400
7,17200
30,64900
5,19700
39,70000
5,10700
1,8500
3,14200
4,29500
10932,1602100
40,61300
1517,256600
1022,176300
3,8600
4,16400
177,118200
1,5600
641,141900
2276,341200
5,14300
149,54300
70,28300
395,76200
4,9200
94,42500
327,58400
4,14300
30,34700
43,45900
2,6500
3,7700
5,9600
721,121700
67,27300
108,56200
21,25700
77,27800
5894,715600
101,50800
14451,2397300
9,17800
1,5400
20,25500
3,7900
1301,210900
42,54000
14,20100
587,101100
1,8600
3,14100
21,26000
1,5000
184,76900
166,59800
257,53800
99,55700
238,80800
16801,2447400
47,79800
1,8800
5079,675600
48,58500
217,64500
13432,1770600
397,76600
147,53000
57,58000
10,14800
14,18000
1,4900
286,72600
4,9000
5,9800
18,22700
8,12700
120,66700
1334,196600
26,40200
15,20000
6,10800
11,16100
1,4900
11,16000
3,7500
328,78400
69,34700
1458,373600
11,31800
28,39300
1,5100
20,24500
2,6300
1,5000
196,37400
1661,287500
3,14900
451,72000
3,7800
11,16000
30,34300
8,12900
13,17600
101,49000
1303,168800
17,31600
18,23300
1,5000
46,47700
3,7600
1,5000
1,5000
4,8500
7,11600
18,22500
378,55900
161,56200
17309,2595400
16,24800
7,20700
4,8900
3,7800
7,11600
3,7400
2,6200
10,15200
95,76400
287,140500
1,10800
6,21000
4,17000
2,12400
51,102000
82,44300
14,19000
3,8200
74,25100
1,5000
10951,1433600
4,10100
16,21200
3,7600
29,32400
102,50900
5,10500
423,96800
6,18700
5,10200
29,33000
56,56700
548,117500
348,84100
2,11000
19,24400
3,7700
3,7500
871,107100
55,66300
12,25800
1,5100
13307,1840600
306,96200
25,38300
2,6500
1,5400
1,4900
13934,1819000
4247,588500
186,28300
3,7800
1,4900
111,63900
608,118900
143,48800
5,10500
554,127300
36,44400
54,57400
4170,551500
235,88500
1429,184000
1,9300
3,8000
6,11000
27,33800
1,5000
79,30000
19,24300
27,31200
41,44400
8,13300
38,41100
92,40900
53,54500
17,33000
4,14800
8,12800
3,7400
357,85900
108,65900
1,8600
1,9100
51,54300
85,35300
3,7600
9,14200
2,6300
74,24700
3273,424400
137,37700
3,13600
25,29900
29,32900
108,56000
2,10200
24,33900
352,80900
12,26600
174,67600
1007,147200
146,49100
9,23500
10634,1477200
390,71200
9,17800
9,13900
69,24600
12,28200
34,38200
6,10800
2087,417300
40,46200
535,105400
1,5100
15,23500
1204,196200
4,9200
36,72500
14,36400
1,10100
9,24200
24,49700
8,23400
1,9000
183,80300
3,13500
5,17100
29,39600
11,23300
179,71800
1334,200700
2,12000
26,30600
2360,301600
24,34200
45,54600
34,48300
6,19200
207,47700
1,8300
6792,832600
6,11900
401,77000
1,8400
7,13000
1,4900
23,27600
242,79100
14,18500
422,96700
24,37300
7,12200
4,8400
41,44300
23,26700
6,10800
23,27300
63,13200
7,11800
3,7400
4,8500
20,24900
32,35700
4442,598000
14,21700
14292,2077300
1347,245200
14583,2083300
9,26700
9,24300
51,67000
12,26400
3,13600
1,5200
15,19500
2,10600
901,144000
8,22200
2,6500
7,12100
111,58800
38,41400
3,8100
97,45400
5,10000
22,25400
1,4900
87,36300
2,6200
20,23900
123,67900
18,22200
13,17800
44,46700
66,16900
1,5000
89,37800
510,73600
7,20200
277,63300
5,16900
8,12900
13,17800
2,6100
23,27600
7,11700
1,5000
1,5000
6,10800
2190,299900
164,64500
2,10600
3,8600
1,4800
42,44900
3,7700
9,13900
9,14100
16,20300
4,8500
2,5900
4,8300
11,15500
264,51800
10,14900
524,96000
28,41400
2,11000
2,11400
958,139600
1,8600
26,35700
6,10700
133,29700
149,44600
263,50600
6729,824800
1,6000
35,39300
7063,882400
91,42600
5,17300
3,7800
3,7600
1,4900
8,13200
24,28300
45,47600
3,7700
3,7400
186,27500
94,42500
2,6300
3,7400
24,27900
14,18400
3,7500
9,14200
2,6000
1,4900
9,13900
25,29300
357,86400
313,47100
11,26300
152,48200
31,44900
6,11000
3,7500
69,20400
52,53200
1,4900
39,41600
12,16800
6,10600
6,10700
5,9600
1,4900
257,45100
352,83500
14,29100
3,8100
3,7500
17,21800
3237,449100
139,40900
8,22100
1,5300
167,61400
116,72100
14,27700
7,12000
1359,219700
4,15100
4,8900
447,117500
41,54700
142,46900
1,8800
893,131300
7,19400
84,44300
9012,1741200
19,46300
12,31300
3,8500
49,51400
52,96100
12,24900
202,71800
1083,224200
64,25500
6,10900
195,36100
30,33900
39,42000
282,68600
4,14300
250,35900
336,66600
6,18500
13,18300
3,7600
20,24300
226,63400
121,75800
8,21900
36,40000
138,34100
5,9800
1065,191200
12,20800
23,37000
18,26500
2,10700
603,165200
3,11800
9,19000
4,11800
3,12700
2,11100
3,7800
311,50500
111,92200
25,49300
3,7900
26,54600
1,9500
3,7900
7,18300
48,59500
5,10100
5,14700
12,23200
35,71100
2,6900
4,8600
11,15800
144,40900
8,13000
23,27200
23,27300
1,5000
261,49800
2,6600
4,8400
91,39800
2,6400
6,10900
533,112600
3,7800
20,25100
2,6100
4,8600
9,13600
23,28000
6,10800
1,5000
2,6100
2,6100
4327,589700
3613,448100
2,10600
87,38200
161,56500
697,102700
522,99800
2,10800
3,8900
6,11100
2166,332100
80,31400
33,37600
6,10800
41,43400
4,8400
23,26900
12,17400
2,6300
34,37300
1234,199900
10,24200
11241,1534500
2,7800
12,17300
23,27600
565,81600
59,70300
75,34500
20,24900
37,41100
1,5100
2,6600
727,128000
3252,427600
9,18700
11,16300
3,7400
5346,703600
34,55300
170,115400
41,77500
13759,1906400
2,8500
22,26700
261,49700
2851,416100
151,51000
8,22200
7,12400
69,20100
42,45100
1,5000
2,6200
1,5000
39,42000
10,14900
1,5000
1507,202400
8,20800
8,13200
15372,2042600
12,19700
4,14900
2373,312000
1281,195300
4,20900
1601,268800
5,11000
241,85000
3,7900
20,26700
6,11100
3,7600
33,36800
33,36800
44,47400
4877,644600
37,43800
4,15100
21,25900
10,15400
2,6200
41,43400
9015,1265200
11,18100
3,12900
8,19000
400,118000
6,21700
314,86600
3,15000
1541,260800
328,72700
4,17400
85,60600
2,12500
5,18500
7,23200
2930,403000
37,48300
1,5300
2,6400
6938,868600
99,50000
2,10800
1,8500
7,12600
2,6200
462,83400
4,14800
173,67000
59,75700
2092,312500
1,10100
3139,406500
5,14900
27,31200
793,137100
3,12900
102,50700
2568,392400
1,9900
3,8100
70,21800
77,27400
1,5000
4,8500
168,62100
14,18200
3,7600
41,44100
3,8000
106,53300
2,10500
21,36000
3,7700
23,26800
2,6200
6,11300
678,131900
5,17100
1846,319800
4,15600
8,13200
40,43000
3,7500
1,4900
9,14400
3,7700
3,7700
17,21900
40,43600
5,10000
34,51700
684,89100
2,10600
13,24300
3,7700
75,25800
17,22200
2580,350300
2619,335100
8,21700
8014,979900
1229,199800
6,18500
4,8600
7,11600
106,55000
55,56900
166,70200
27,30500
4,8800
96,44200
50,51900
36,39100
12,16900
23,27100
39,43100
4,8800
109,56400
395,119400
74,36300
2,6500
17,21600
50,52400
1,5000
58,59000
2,6100
20,24500
93,42100
17,21600
7006,1180500
9,17800
15,22100
4,63500
43,71300
380,79500
3291,639800
3,15700
397,89700
16396,2979600
1,9000
33,39900
26,30800
19,24400
5,9800
6508,835400
666,126900
35,47000
112,67800
33,47500
3,13000
16,20700
3,7600
2370,309900
328,60600
5,17100
45,49700
2,6400
46,48100
97,46100
6586,794500
248,34800
3332,513400
11,21600
8,13400
1,4900
1,4900
3,7500
44,46200
98,47100
1,4900
6,10700
10,14700
2,6100
7,11600
1,4900
40,43000
364,93000
137,34100
716,122600
2,10500
1,9400
2,7100
10178,1453900
11,18400
72,24200
10,15900
47,49900
4373,598600
974,156800
7,20000
10,15300
1192,164400
7,20700
17,22500
205,45700
14229,1951100
10,23900
40,53600
1,5500
41,44300
806,99600
2,10900
2,7800
235,72500
3500,454000
12,21300
4,9000
2,6300
25,29000
13,23100
16,20200
17,21500
94,42500
19,23700
110,58100
39,53900
109,64900
18,31800
2,6500
3,7500
38,41300
2,6200
169,118200
416,97300
32,43400
5,17100
72,23400
36,40000
197,38400
12,16800
217,55500
4,14800
925,159600
169,72500
2,10700
5264,695800
25,30800
1,8700
4721,603800
9,15500
2,6600
8,12700
2,6100
15,19600
160,73400
2,12700
66,29000
68,24500
55,86200
5,10800
30,51600
34,68800
1,5600
656,118500
2518,416200
74,32200
2,6500
41,44600
3284,440700
1,9900
2,6600
4,8600
45,48100
6,11100
4277,591100
1,8000
10,15600
50,52300
1,5000
2,6300
26,29700
5181,761800
7,14000
1,5500
74,25100
161,55700
177,78400
20,33500
1,5000
16,20400
8,12800
1025,162400
3,13800
162,56400
8,21800
47,50300
5,17100
98,46800
1,4900
26,29900
3,7600
326,57800
36,49600
6,10900
51,52900
418,90300
14741,2057900
46,51300
48,60600
5,17600
9,14200
1,4900
344,74600
142,48100
65,24900
4,9100
5,10200
906,157400
2,11000
35,40500
2,6300
3,7500
1,4700
476,94100
35,49300
4,15000
8,13200
6,10400
59,59500
1,4900
1,4900
1,4800
15,19400
8,12900
13,17800
62,11900
3,7700
134,30500
35,38700
48,49700
4,8500
1217,185100
112,60000
2,10500
17,29400
6,11100
661,121600
107,63500
4,15400
166,61200
1,19800
17,22600
15,20400
18,23100
6,10900
23,26700
85,35600
14,18900
160,54700
680,141100
3,13700
10,15700
8329,1150600
385,66200
6,19900
61,69500
81,42100
12,17100
49,50400
1,5000
56,57100
4,8600
10,15200
3,7700
3,7500
23,26900
3,7600
218,57200
139,36300
978,160200
25,36600
112,59700
1,8400
20,31800
37,40600
21,25200
2,6100
732,137600
1,8800
55,61700
1037,176400
4,15900
4,8800
10,14800
114,60500
6,11400
12,16300
1,29900
2,6400
5,10000
46,48800
316,49800
9,13800
6,10500
24,27600
32,35300
5,10000
23,26800
497,62100
4,14500
37,48300
38,41600
1,5100
195,35700
40,43900
4,21900
249,35200
12,16800
207,47300
8,21300
22,26900
1,5000
8,12600
32,35300
1,4900
42,44600
100,47600
8,12200
1708,231900
5,17300
4,8600
1,5100
22,26000
86,35900
18,22600
9,14100
1,4900
18,22700
11,15500
2,6200
8,12500
5588,679300
5,11000
2,6200
3636,556900
1,9900
304,128600
1712,269100
174,75400
22,36300
86,36400
310,42300
191,107600
1,9100
28,38100
54,56500
248,33600
1,5200
1,4800
4,8500
17,21900
21,25100
3,7400
13,17500
1,4900
1969,281800
4,15900
7,12200
5,9400
26,29900
3,7500
4,8500
19,23900
4622,645500
1,8300
107,55700
6,18300
14,19500
1,4900
1,5000
11,16200
1577,217300
91,62300
257,53100
472,94400
32,43700
2232,296000
2,11900
14,19200
1,5100
21,25500
3,7600
3539,632200
5,18900
12,29200
14,30000
32,59200
231,119900
1521,319600
226,74500
3,14000
7,12100
2,6200
543,114900
248,40100
4,15000
1,5400
34,44100
4,9100
4,8400
10,14700
21,25400
33,36400
146,42200
547,116900
2,10800
71,29000
2,6200
8,12400
99,47200
1276,205200
23,36600
761,115100
86,44600
9,23000
7,12000
6,10400
2,6500
2,6000
181,73000
1060,148300
18,31300
365,94400
64,23400
5,10000
207,47900
645,106200
6,18400
1304,169400
8,21200
9,14400
21,26400
76,32500
462,82000
3,13400
72,24200
5,9700
99,47400
50,52700
5,9900
40,42400
28,31300
643,104200
123,78000
81,40200
711,116400
12,25800
33,37100
1,5300
404,79500
55,66400
4,14800
4879,692700
2,8500
87,37600
27,30600
6,10900
8,17700
1,5200
2,6100
1,4900
7,11600
7,11500
70,20500
1795,311900
1,9300
2,7300
3862,471000
12,20000
13,18100
134,30900
3,7600
283,69800
497,70300
2,11000
8,13200
1,4800
212,51100
25,29100
705,110300
46,61600
27,39800
185,77800
18,33200
3,7700
152,47600
75,25500
37,41000
1472,232300
88,45400
8,12900
6,10500
14,18600
1,5000
39,42100
17,21900
7,11900
4,8600
12565,1794800
36,70600
545,209900
3,15500
5,16400
36,40500
3,7600
1,4900
132,29000
6,19200
5,17200
11,19600
4,8800
5,9500
3,12600
10,25300
218,66900
39,52200
29,40300
639,155200
42,61900
2,6500
2,6300
52,54300
260,48300
3,7400
14,18800
318,50100
21,25500
1,11400
2,6200
4798,660700
66,21400
2,9600
38,42300
238,132100
54,91200
231,70600
388,80800
92,50000
14433,1908800
2,8000
12,17400
404,78900
57,74600
2,6600
22,26900
354,83300
2,6500
223,67600
923,161400
5,17600
239,77600
68,19500
7641,931600
1,6400
1,5200
7,12000
1624,203100
35,46900
4,14900
28,31900
1,5100
11,16400
2,6400
2,6100
19,23500
4,8600
3,7300
81,37200
11,16300
7,12000
1,4900
2,6100
6,10300
10,15000
2,6200
1,5000
11,15500
944,123700
57,58600
20,24600
63,12800
399,72700
1,5100
40,43500
138,34200
5,10000
10,14800
2,6100
711,113100
10,25300
31,34900
9,14300
861,148500
36,49700
1423,226200
4503,630600
1,6500
285,72300
62,20000
6,11400
1,4900
6,10800
1,4900
5,9700
452,73500
588,146200
10,27700
1,8800
18,40100
2,8400
38,57800
167,61200
33,52800
2,10900
20,30900
423,99700
20,28000
19,42900
104,94400
2,11700
64,19800
11,28000
247,83500
9,23100
172,66500
4,14500
6,18400
210,50500
9,14000
69,19900
1920,334400
12676,1687300
2,8300
8791,1228900
141,39500
53,63100
6,19000
24,28800
279,67500
411,90800
861,155200
1384,194400
2,11600
13,17900
1608,239200
2,11200
2,6400
777,121800
2,10600
338,68700
104,61000
31,43500
49,51000
5,9800
11,15700
55,56600
2543,326100
166,64400
33,46100
43,45500
110,56900
94,42000
381,57100
2,10500
18,72100
1,9700
69,35400
134,38300
872,159100
32,62500
5,16100
34,67600
4,16100
2,11500
1248,347100
24,35900
1,9000
5,15500
24,34600
3,14500
11,30200
2,10800
1150,275700
53,102700
2,12700
246,156800
1,11400
70,43500
1,10100
14,35800
1,10500
286,140000
686,154700
2945,572900
15,23300
1,8600
2793,512700
4,24800
3,10500
4,11500
1,6500
7,14700
7012,1017400
17,24900
3,7900
7,11700
363,141900
1,9200
51,60500
1,8600
97,64800
6,18800
767,118100
68,28200
1052,268900
7,22900
5,16700
239,81900
4,15100
1,5000
16,20500
53,55300
1,5100
28,31800
5,10000
45,47900
2,6300
1064,154800
120,92400
219,61700
3,15600
238,115900
18,39800
226,71200
869,108800
738,143800
10,25000
99,48400
3,7700
10,14900
12,17100
181,72800
7,11600
738,177000
569,95500
1208,182200
9,21300
180,120900
4,14500
31,40200
2529,361500
136,38600
3,8300
1453,201900
7,19900
49,52100
356,84700
426,109800
5,18300
248,34200
66,17900
377,54200
5,16600
2,6400
123,69500
265,63600
10,23400
4,8600
18,22700
129,25800
18,22500
16060,2096000
718,199100
1,9200
2777,595900
2487,329300
27,38500
1270,184700
7,20500
22,27500
988,162300
1,8800
15,27700
6,11100
19,23300
20,24800
3,8100
20,24800
1,5100
4746,626500
641,105400
11,26000
228,97000
369,146200
3143,450300
21,31600
5,10200
4,8500
93,42100
1,5000
134,31500
3,7600
322,55200
2,6400
4156,549300
237,76600
6,19000
5,10300
10,15200
5,10100
18,22600
43,46300
30,33100
157,60100
23,28000
2,6500
25,34700
2,7000
5,9900
1716,239900
2,11400
102,51100
160,55000
8,21700
80,30600
874,110400
2,10900
1,6600
4,8500
30,33100
39,42900
480,97600
205,44900
663,170700
620,85200
18,31500
1,5200
8,12700
3,7300
30,33000
4,8400
1,4900
1,5200
38,41100
3,7400
53,54100
15,19500
82,31900
152,46800
2500,339700
2034,279600
1,9500
266,55000
4,8800
114,60800
264,52700
4,8900
376,52700
23,27500
7,11700
170,63500
32,35300
1918,274200
13,25800
12,17200
86,35600
85,34800
3,7900
2,6000
1,4700
231,68600
34,37400
1,5100
23,42300
1,5400
7,11400
41,44800
14,18500
10,15100
28,31400
3,7800
2,6100
1,4900
7,11500
5,9600
6,11100
5,9900
117,120900
330,118900
9,25900
7,12300
15,19500
4,8500
10,14900
2511,390000
2663,622400
31,66700
7294,975900
94,51600
34,42400
2,6500
295,81700
143,49400
27,31800
166,59400
4,14200
25,30600
18,22700
50,52300
15203,2023700
9,16300
2,11000
3,13400
3,7700
36,40000
20,25500
852,144300
1,8600
1,8800
505,70000
624,84100
4,14600
30,34000
3913,468200
33,41800
9,23200
447,70400
697,104300
87,44300
48,63100
185,84300
4,15100
169,63600
6,18700
79,30700
1,4900
27,31100
1086,167700
182,81500
13,26400
12,17400
2942,394200
2507,339500
29,37600
253,46300
9,23500
1795,260900
54,63100
71,29000
3,7800
8,12300
38,41500
62,11500
7,11500
66,17300
434,54100
3,8200
2,6200
22,26200
10,15100
1,4900
6,10500
702,104300
17,31900
7,12100
34,38100
17,21300
90,39600
1104,245000
2,11800
264,57300
12,24700
1,8700
140,40300
2447,336900
167,105100
4958,1011500
34,72600
1,7100
5,16600
2,11700
377,105700
5,14100
48,92200
1,5900
97,94600
3,9500
317,91400
2,8600
162,100600
4,9900
100,91500
1,6100
8,21100
41,84600
190,59100
130,46400
6,21400
9,27200
95,71400
1,5300
99,87700
5,12100
26,56600
7,23100
11,30500
45,73800
2,6500
47,87600
3,15900
378,101500
1,6300
968,190300
2,6900
3,12800
41,84200
4,17800
3,14300
40,83200
111,94200
1829,274400
2102,322300
5,12400
431,146500
264,87000
5535,758400
40,47800
216,95200
2,7100
3,11500
3363,491700
37,46400
4,8800
13,17800
383,61400
344,74300
1,5100
18,22900
1,4900
1,5000
450,71000
385,63900
335,67200
59,82400
2,11600
839,133200
25,38100
2,6500
4994,682900
2,8500
10,15800
1,5000
18,22600
4,8700
11,15600
179,71400
31,34700
157,52500
3,7700
2,6100
12,16700
8,12700
1,5300
1,4900
752,102100
4,9200
107,55700
2,6600
1131,160900
4,15200
253,39900
132,28800
1,5100
6,10600
30,33900
909,148000
21,35700
446,69400
368,104300
36,48100
4808,975200
1948,330600
37,70400
15,32900
1,5100
496,63600
471,90600
94,53300
117,72800
12,25600
102,50700
259,57600
832,128300
4,15300
2,6500
1758,234500
4,15600
17,22200
135,32900
9,13900
1,4900
3,7300
8,12300
1269,189000
328,69300
3417,428800
3,11200
4,8900
9,29200
270,59200
2,10700
73,29700
2,6500
75,25600
8,12500
1,4800
50,52000
1,4900
2,6200
37,40500
1370,235900
2,11300
27,32400
178,70900
3,12600
40,56000
6,18000
6,11500
104,66700
346,139600
2258,444200
77,39800
1887,287200
16,29300
15,36900
26,58200
629,115600
2,6800
22,48500
161,93200
1061,178600
13,27100
35,72900
12,18000
4,15700
2,11700
1,9600
19,44800
1,10900
100,92900
5,14000
1,9900
43,88300
17,32900
1,9900
23,52200
15,37800
23,52500
29,54300
2,11400
12,31400
35,74600
21,34300
35,59100
141,57100
5,17300
16,28400
39,49900
6,10900
6,10600
600,117000
66,27000
388,67500
35,48500
511,76800
25,38800
12,17100
12,16700
4,8600
1,4800
1,4800
367,96900
1,5000
4,8500
133,29700
10,14600
3551,452300
2,10900
6204,906900
70,23300
196,38800
3484,459800
4,9800
32,64500
447,103200
430,139100
3,8400
27,52500
8,24800
247,124500
1,5500
140,60100
4,17200
59,100600
5,18000
5,18600
84,65800
12,21900
75,47500
12,32700
40,76100
12,17500
5401,767200
8,14200
17,22200
31,34600
1,5100
22,26400
2,10700
3485,533200
4455,718900
211,70400
17,22400
42,58000
3,13400
4,15600
6,18000
2,11000
44,53700
197,45800
1,5600
14,29200
2,6700
199,42000
48,68300
1,5200
1,5000
2,6300
8,12600
1,4800
6,10400
3,7700
13,17400
22,26900
25,29000
12,16800
9,13600
335,67700
106,54600
130,28400
11,16100
1,5300
1,5000
704,116900
13,17900
20,24400
3,7500
6,11100
7643,930400
18,24700
3,7800
2,6200
9,14000
3,7800
549,116300
59,69600
3,13500
620,79900
1,8600
25,34900
1,4900
195,36100
2,6300
1,5000
92,41100
6,10800
5831,836800
2104,323100
3,13800
116,64100
3,13200
176,74700
50,64100
266,61300
821,114800
1049,192800
517,105100
18,32700
1,5300
6,11000
111,64200
172,74500
2,6600
26,35700
187,28900
4,8500
190,31300
14,18500
172,65200
7,11700
96,44400
7,12200
19,23700
20,24800
4,8700
3,7400
3981,580700
730,176100
4,15700
1,5500
357,101200
1,5400
22,40900
7,22300
11,30100
229,116800
16,40000
46,50000
29,32400
234,72200
6,18800
95,44400
5,9900
2,6200
1,5300
12,16600
1290,312600
59,71200
3,13300
108,57000
1152,183500
1,8600
4,14500
85,35500
2,6400
31,34500
22,25800
17,21700
2,6200
2589,375300
7,18300
110,58700
7,20600
6,11300
30,34900
1,4800
8,12600
1,5000
161,63200
3,8100
349,85300
60,71400
2451,343600
60,66000
65,24900
2,6600
457,77000
6,18500
3,13400
1,5100
1,5200
3,7500
1,4800
48,49600
60,61200
661,122900
3,7900
2,6200
3,7300
4,8100
7,11200
12,16500
1,4700
68,19700
140,35700
8,12600
224,62800
45,47300
1209,183100
639,101500
1,4900
1237,216000
8,13500
1,4900
1,4700
110,58000
4,8600
30,33600
95,44700
34,37900
35,38500
86,35600
3,7400
6,10500
18,22400
45,48500
82,32000
4,8400
908,145800
14,18500
11,15700
556,131400
2009,265000
8,12700
9,14200
17,21600
4440,678100
88,44200
12,17100
5,10000
28,32200
15,19000
252,38300
80,30300
4,8600
4,8400
19,23300
494,115200
976,158800
31,34300
235,72100
19,23100
9,13800
1,4900
2,6000
23,26900
7,11400
35,38800
460,110600
1,5000
5744,750800
26,30200
3,8100
33,36500
600,117000
186,27000
11,15700
3,7700
10,14600
23,26900
82,32000
11,15600
1311,169700
8,12900
26,29800
24,27900
14,18000
27,29700
4,8300
10,14300
87,35600
3,7400
1,4900
2819,633600
22,29100
42,60000
3,8000
15,19800
4,8800
172,69100
10,23400
516,108000
804,147600
5,10300
6,10600
5,9800
88,38200
4,8600
8,21700
554,235000
23,44000
19,24000
2,6500
66,17100
4,8800
1,4900
215,53900
4729,619800
18,24400
33,38100
431,105100
390,66400
60,63200
1,5000
2,6000
65,16000
1,5100
43,46600
208,48200
251,35800
3933,501600
271,61800
6,11000
1,4900
63,12700
22,26500
55,57800
38,43200
829,121400
2,6700
1197,197700
6,13100
4,16400
64,24600
1,8900
82,59900
2,11500
1,13600
7,35200
4,17300
326,208700
436,66400
56,67100
52,63300
7,20500
140,42700
3,14400
2,11800
5,18300
1059,261500
189,43500
3,8000
3,7600
631,95500
30,45400
43,47100
74,35300
12,17600
4399,629600
1141,175500
7,19700
9,14900
773,123900
177,80300
134,39400
3,7900
615,130800
76,42000
3,8000
18,22900
3773,500900
16,25500
9,14700
13,18000
48,51600
1545,244000
1096,230800
2,11300
3,8200
242,81000
1,8300
61,69200
2,10700
3,13300
23,28100
3,7700
4,8500
15,19900
30,32900
14372,2151800
32,40000
1,8900
38,48900
3,8000
25,30300
3368,427000
1,10000
2,6800
113,66500
2,6300
2,6200
306,93600
4,15100
47,49700
5,9900
5,10000
7,12300
23,26800
16,20300
24,27500
284,70100
34,48500
18,31800
104,52400
3851,491500
71,26600
617,127600
2,10700
55,62800
423,100600
376,57300
6,18800
3,7800
1,4800
668,125200
14,28400
3830,489200
10,18400
1824,244500
73,31600
73,24900
1,4900
91,41200
13,17800
3,7700
4,12600
4,8800
186,33600
479,98600
4,14600
1,5900
3,7500
450,72400
376,86000
181,84100
15,29200
25,29300
48,49800
1,8200
588,106700
6,18800
4,9200
9,18800
13,17800
43,52000
409,85100
6009,831800
1,6100
2,6700
1,5000
4,14400
3,7600
10,14800
92,41500
11,16000
3,7400
56,57200
7,11400
1088,168700
1,9000
57,64600
9,23400
65,16600
40,43100
522,91300
2389,338500
1104,184700
65,23700
37,40700
2,6300
266,52300
7,11800
14,19000
57,58300
363,98000
46,56400
3021,459700
10,26000
891,249900
2,6900
10,15400
62,12000
2069,425400
523,98400
14,27700
83,34100
581,148100
15,30800
72,23900
40,42900
4185,579400
916,150600
39,59200
3107,386700
10,18900
314,48000
36,40200
1,4900
3,7600
7,11700
14,18600
1481,227700
4235,621000
13,20700
506,72400
68,28500
202,43000
447,73000
9260,1315700
2,8300
1,5200
12,17300
2,6400
7,11600
6467,795600
9,15400
3,7700
173,67700
2004,257400
247,86600
7987,979600
62,13600
2454,431400
12,24200
107,54500
45,48100
3,7500
283,69300
1,8900
65,22600
996,119400
7,20800
105,53200
60,61100
6,11200
4,8400
2,6200
133,30400
20,24900
2,6000
2,6600
15,24900
6,11200
4870,819700
20,28700
29,34000
41,44000
44,70600
216,86000
1406,252200
34,47600
1,5200
24,28100
41,43500
18,22900
29,32400
11,15900
18,22500
36,39500
229,66900
32,52200
51,63500
9,17900
12,16900
1,5300
313,45600
9,14500
1,5000
2,6000
6,10800
18,22700
35,38200
34,37900
2,6100
2,6000
3,7300
18,22300
29,32000
7,11800
14,18300
369,95700
6,11100
9,14100
396,71100
2,10600
3,13400
28,31600
217,56200
66,17300
2,6400
10,14500
17,22200
5,10100
11,15600
5,9800
69,19800
327,58400
21,25100
2888,384200
126,26300
4241,668200
687,94200
11,24900
17,22100
277,63700
60,70500
2,10900
41,49200
53,63600
1,8600
45,52400
24,37600
5,9800
19,24000
2025,272500
1880,290300
5,16800
90,39600
1,5000
4074,606100
15,27300
31,50300
15,21100
21,37300
4,14300
202,70000
145,43700
5,10900
599,115800
1,7900
69,29400
46,58400
1940,306300
2074,411000
4,18400
6,11000
3,7400
9,15000
27,31300
3229,441300
26,36700
1211,186100
297,86500
5302,733200
27,32700
6,19500
16,20900
140,37100
2,6300
16,19900
871,129100
9,25300
3,13800
75,40900
4,14200
12,25900
78,44200
1361,367500
213,88000
2,11600
2,10100
4,15100
19,38700
23,46300
1,8700
2,10600
62,20900
1,8600
1,8600
25,37900
2717,390800
13,26800
3478,476400
10,20800
42,45300
19,23900
21,25700
4,8700
4,8300
3,7500
54,55100
8,12900
32,35300
74,25600
28,31700
7,11900
1314,179200
1,8800
1,8600
543,112300
771,122100
6,19100
1094,178900
3,13000
12,16900
398,74300
9145,1436700
2268,326500
32,41600
1,8800
26,35200
42,45200
8,22300
45,48300
128,32200
723,129900
42,55200
163,57600
1,8300
1,9000
2,6700
5,9900
49,51200
235,72300
2,10800
32,40700
26,29800
28,31300
52,53100
2,10700
2120,281400
2,11900
16,20500
58,58900
13,27800
409,84000
7,20200
22,26800
1263,179600
1,8600
6524,840600
9,15400
1,5200
8,12700
51,53200
47,49100
4,14500
1,6400
2,6200
166,61000
5,9800
34,37900
26,29600
10,14800
186,26600
42,44900
125,30000
251,40700
5,16800
3,7900
67,18200
21,25200
60,60700
1,5300
6,10600
236,72600
4,8500
957,138900
27,40000
19,23500
113,60100
214,63300
2,6400
1,5000
2,5900
1,5000
3,8100
306,90000
25,29900
74,25000
4,14700
7,12000
18,29200
24,28100
2,6200
243,127000
2,10700
1756,523200
14,31400
29,51200
4,13500
11,28000
1,5600
3,7600
2,10100
130,29700
385,80200
7,12100
8714,1310200
2,8800
5,10400
53,55600
14,18600
3,7600
107,54500
2,6500
1,5100
1336,194100
430,107200
18,32100
25,29400
10,14900
7,11600
1,4800
5,9600
561,76300
2781,397800
28,39600
45,47700
453,73400
80,40500
85,35300
16,20300
23,26800
15,19300
13,17500
20,24700
1,4900
441,63100
2,10700
94,48000
1,5000
26,29800
230,67800
15,30600
52,54200
2,10300
48,56100
2,10800
2,7800
46,49900
42,70700
6,19100
27,31400
807,99800
275,71100
74,24700
2,6400
19,23500
27,31200
10,15000
56,57600
7,12000
26,29500
285,70400
326,65500
359,92800
921,171900
52,63000
12368,1746700
4,11000
3,7700
6,10700
9,14100
1,5000
95,43600
6108,795600
418,93500
2018,272700
964,144100
109,63500
31,49700
3,13600
7727,1017100
4,10800
165,59900
1,8500
3,13800
142,38400
4946,656600
14,20900
21,26100
4,8700
40,42800
43,45400
1,5300
2,6200
20,24300
115,67800
205,45300
20,24600
25,29000
3,8400
21,25300
2,6300
4,8100
81,31200
62,11300
18,22600
7996,1058200
4,10000
121,73600
1,8600
2,11100
77,35800
3,8100
402,76500
135,32400
8,12900
1,5000
4,8100
3,7600
56,57800
7,11900
12,16300
1437,185900
3,13800
1,5500
16,20100
5,10100
2,6100
4,8500
158,52900
56,57700
3,7500
34,36900
27,30800
1,5000
1,5000
61,62000
2,6300
3,7800
97,45400
428,98700
2,10600
141,41800
5,9900
52,54000
2,6200
112,58600
225,71700
38,49900
5836,754500
3,8900
3,7900
321,53300
43,46200
5,9900
388,64200
275,84300
2,10700
941,151300
1213,187700
1,9200
12,17400
78,29000
1,5000
5,9800
18,22500
4,8900
5,9700
66,17400
4,9100
108,54900
16,20100
3,7500
20,24500
16,20400
5,9900
1,4800
82,32200
1,4900
9,13700
45,47400
15,19000
23,26600
45,47200
3,7600
837,137700
147,64400
6,19100
3,11500
49,76200
30,65200
1,10900
3756,563400
2,11800
33,37400
209,50600
4,8800
128,24400
87,37200
453,73700
6,18700
61,62200
4,8700
3,7400
106,53800
4,8700
1,4800
1788,257400
71,29300
6,11300
280,65700
3,14700
5,17400
1933,280400
4,11300
7,21700
1,9600
4405,696100
10,19600
7,12300
250,37000
231,69600
3878,558000
28,35900
280,68400
1071,157400
5,17400
24,28500
435,123400
3,13300
73,25300
2,6300
20,23800
51,53200
3,7500
230,67500
2,10800
14,24500
4,8700
6803,960600
4,12200
4,8800
356,85700
2,10700
9,20300
3,8000
8,12500
1,5000
2,6100
10,14600
57,58200
75,25500
199,39300
213,52000
8,22000
2,6700
38,41400
1,4900
21,25300
2,6300
12,17200
78,28600
4,8600
183,74500
1824,239300
35,48600
869,106700
268,68700
28,46200
2,10600
32,42500
10,15200
884,121400
4,15200
2,6300
1,5000
10,15100
61,62300
1,4900
1,5000
389,64700
7,20200
895,134300
70,29700
194,35000
1021,146800
28,41500
1,5400
303,102800
52,64800
64,23200
16,20700
49,51400
12,27300
7,11900
69,20100
26,29800
43,45600
41,54500
28,40600
2774,413400
435,60500
1,8600
892,130900
1,8800
11,17300
2,6100
14,18900
250,35000
30,33500
92,48400
204,45200
25,39800
65,16800
4,8700
11,15700
17,22100
18,22700
53,54100
1,4900
81,31600
649,117300
66,27800
1080,165200
2,11000
6,11300
72,23000
768,115900
8943,1482100
1,7700
545,116600
1020,153100
8,21500
449,69800
10,24700
1,5200
1483,229700
52,62100
73,33300
55,56300
4,14200
17,22700
270,57300
6,18100
1,5400
2,6100
3,7400
2,6300
32,34800
6561,839000
18,24700
9,14200
4,8900
5,9800
1,4800
140,37400
14,18600
101,49300
7,11700
8,12700
1123,150100
10,24700
3,8000
233,71200
50,63000
4,15300
1064,157800
2,11300
50,53700
45,59100
6,18800
66,17700
63,13000
6,10900
4,8600
119,66300
72,29100
1,5000
7,17600
49,58200
7,20800
2,10200
69,21900
7,15500
21,39400
8,23400
1,10000
6393,974300
1555,200000
1,9200
69,26100
11,16200
3,7500
2,6200
8,12800
1647,239000
135,39600
62,12400
15,19600
2,6400
23,26700
11,15600
109,57100
6,11000
1554,198200
55,65800
5,18700
26,30800
8,21400
7,12000
1,4800
7,11400
5,9900
739,145100
6,19300
81,45600
25,32500
32,35500
5,9800
1,4900
1087,169200
180,81000
21,35000
12,16600
233,69800
160,64700
125,28700
2,6400
8,12700
249,34000
651,110300
35,48400
1,20000
3,7800
216,56800
2,6400
930,114100
3,13300
190,39500
6,11100
44,47200
7,11700
15,19600
2,6300
24,28400
246,82200
10,25800
2944,418300
2,12000
41,45600
9,14800
337,111500
1488,189500
1245,166200
13,25400
5,10100
37,40800
2,6300
1084,204000
3,11300
2,10500
36,68500
26,44700
77,28700
1,8700
31,42500
5,10300
2,6200
10,14900
1439,191600
10,26300
1990,342800
3,15200
8,13200
116,62900
178,71100
1,8900
87,43800
3,8000
5,16700
7,11900
410,84200
7656,1092100
30,35800
503,121800
353,89100
3,13200
28,32400
1,5100
58,58700
6,18300
1,5300
16,20400
9,13800
25,29100
41,43900
3314,432600
126,25700
56,58000
12,32400
1,5200
34,38000
5,9900
3,7300
153,48600
749,98500
45,57900
5,17100
1,5100
2164,330200
7,19200
176,69900
36,49500
6,19400
70,21900
557,173300
9,25500
1,5200
22,26600
2,6300
32,34500
9,13900
21,25400
112,59900
24,27900
62,11500
3406,460500
1,6800
7520,1066800
9,16200
1,5600
2,6100
3,7600
113,75000
3,7800
17,22200
8,12800
1,4900
126,21700
265,52500
3,7500
3253,426700
91,44700
49,60800
5,17800
1369,173700
5440,731400
352,83100
298,88700
22,35800
29,32600
1,5100
165,59100
459,89500
623,87600
22,34900
1913,766200
32,46600
1127,190500
2,12500
86,40100
11,19300
34,77600
256,54100
570,99100
215,62000
18,31000
9,14800
2,6400
1,5100
11,15500
1,5100
5,21300
6,13700
29,38200
9,14700
698,149700
4,18400
969,204800
422,122800
1,11000
109,69900
224,86700
4,19000
127,30600
56,71400
39,63700
119,73600
18,33200
44,46600
40,43000
391,68000
677,142100
16,28900
3,7800
12,16600
3,7700
7,11600
2,6500
2,6100
4,8500
4,8700
4,8500
11,15700
14,18800
11,15700
3,7300
9,13700
33,37100
3,7600
57,58000
392,69900
114,60900
1598,288400
57,67000
534,108100
9,22800
117,64200
354,90400
7,20600
433,104900
34,48200
145,49000
8,12900
1,7600
13,31900
243,132500
57,71800
18,49700
220,60000
598,124900
2,10800
158,52900
206,54400
156,58700
55,66100
238,82300
11,24900
6,11200
676,134400
1,8500
30,39000
3,7700
567,89200
203,51900
75,34200
13,17500
1,4900
95,44100
8,12700
4,8500
6,10500
169,62100
2,10400
1,8800
3,7800
5,9800
8,12400
98,46900
42,44900
4,8500
3,7300
4,8500
423,96400
35,48600
257,50600
5,17300
62,12000
3,7500
265,54300
22,26700
484,162400
4,15200
51,54500
47,60100
702,112000
7,19800
52,54000
436,120600
12,26300
6,11200
1223,198600
21,34000
59,61900
2227,363300
63,18900
16,20800
1359,232700
2,11000
2,6700
56,58200
93,42400
2,6200
4,8400
1617,210600
3,13700
1,5300
674,132000
7,20300
2,6600
1,5000
11,15600
28,31700
1,4900
2,6100
3,7300
8,12400
1,5100
29,32800
247,151600
13,19100
9,14100
11323,1759200
65,19300
1018,142700
3,13200
611,122500
15,29200
80,30200
27,30900
1781,262900
11,23900
16,20500
6,11100
2,6100
201,41800
177,69600
21,36600
232,70000
124,27800
5,10400
3,7700
1,5100
1995,248200
7,19500
131,28700
955,138900
3,13100
35,45300
7089,968600
9,16600
51,68200
5,10300
94,43700
8,13000
272,64600
1141,178500
724,128100
3,13800
4,9000
49,51600
9,13800
116,61700
2198,347100
13,23800
19,23600
413,84900
3,13200
1483,230400
3,13300
20,25100
51,53900
8,21600
74,25500
2,6200
1,4900
2,6200
165,58500
65,16400
42,44600
21,25200
335,65600
22,36500
2680,349900
892,136300
3,13700
5,10100
13,17900
102,50200
11,16500
78,28100
184,74700
71,31500
448,67400
4,15000
72,23400
2,6100
22,25800
12,16500
7,11600
1,5000
16,20100
16,20400
174,83600
107,64700
31,43200
11890,2169400
21,42800
34,52100
13350,1757700
33,38800
1601,242200
2,11500
7,12200
55,56600
101,49200
10,15000
243,79000
295,78800
2,10400
43,52400
1,5100
81,31300
25,29400
12,16900
3,12200
60,61200
78,28800
75,25300
9,14300
28,31500
13138,1756300
4310,568600
34,39600
1,8900
385,64700
4,15300
3,7900
18,23000
52,53700
9,14200
5,9500
225,63200
1,10400
893,130900
3,13000
790,138300
20,34200
5,9900
12,17400
1,5000
96,45000
37,40000
253,39400
3,12600
3,13300
3,7700
22,27000
21,25300
96,44900
1,5000
61,61900
3,13000
105,57300
106,53600
10,14700
6,10800
28,32100
5,9900
101,48900
43,45900
66,17100
3,7600
13,17300
638,99000
148,52400
2981,370100
233,71900
7,20900
1,5100
386,62800
9,24300
5,10500
9,13800
4,8500
12,16500
3,7500
73,24300
4,8700
3,7300
2,6000
1769,328600
7,14500
7,12200
743,236000
164,59900
12,29400
1,5400
1083,185100
13,21500
35,70500
17,41300
547,169800
138,44000
227,79200
28,32900
15,20400
413,155900
4,18900
11975,1634200
242,102400
3,8200
1394,244100
1,6000
74,47400
10624,1388700
3204,425800
5,10200
38,42200
99,47400
7,12000
480,97100
6,13700
8,23000
49,94000
2156,340100
215,87600
12,28900
36,40500
873,110300
9,23400
72,23100
1,4900
2,6200
5,16400
10,25300
20,53000
44,88000
14,35600
2,11700
46,93400
55,107800
74,46600
2,11100
2,11600
131,50900
493,200800
4,16600
99,91300
9,26000
2,12100
1,9100
1460,398100
8,24900
1,9500
11,30000
8,23700
252,71200
188,54700
2,11800
4905,1057200
1,10200
473,108900
1,8800
65,23300
10,16300
44,47800
684,87600
185,85900
4,15400
141,38400
3,7700
4,8400
1,4900
7,11900
3,7800
605,117200
1417,251200
10,23700
1,5600
65,16400
7,11800
2,6100
109,56600
2,6300
1327,186500
766,115500
287,78300
206,52900
10,23800
7,12000
347,76800
1,8400
109,62300
82,41200
3,8000
4,8400
89,38000
244,124800
21,37000
36,39900
16633,2500200
361,94000
2,10800
98,48800
2,6500
72,23400
9631,1401000
4221,551900
1,8500
7,12400
7,11800
30,33600
10,14800
23,34100
15,20300
83,33100
60,60500
1,5000
1028,167100
413,89000
10,26100
54,56400
449,82200
61,72300
26,39900
11,16300
9,13900
38,41000
4,8700
5,9500
54,62200
2122,327200
3,8600
1,8200
1,7800
179,119500
5,15900
2290,444100
130,29400
5,10000
2,6300
12,16800
4,8500
17,21500
40,43100
1,5100
288,73200
1,8600
238,82500
11,25000
3,7800
8,12500
2,6100
987,166000
215,61100
3,13300
14,19500
27,31100
1724,257000
68,26500
4,9000
1,5100
103,50900
11760,1614100
9,16500
2,10800
3,13500
2,6100
2152,314700
1390,196800
48,68900
11,24100
2004,253300
2,11600
88,38500
8,12800
32,35200
34,37300
2023,271400
2,12300
769,115900
16,23300
1,5100
107,60500
984,163000
57,68000
6,19000
60,60900
8,21400
22,27500
2,6200
1951,250400
144,45800
135,40000
8,21800
686,93300
317,54400
32,43500
8,21800
17,22200
10,15000
1113,208400
2,11700
7,12700
859,146200
20,33900
5,10200
2,6300
1,4900
4,8300
6,10800
147,43100
3,7700
5,9900
3,7800
57,59000
1,4900
1,4800
1,5000
1312,178500
32,44200
9,23500
22,26500
488,105100
22,36100
6,11500
58,82700
80,40900
27,30900
95,44000
1,5200
7,11900
2,6000
21,25100
7,11900
205,44500
10,14800
5,9900
2,6100
80,42900
159,53500
79,29000
361,88900
116,71900
6,19000
2,6500
66,17300
64,13800
5,9700
7,11800
2,6100
11,16100
388,64300
22,26200
5,10100
3,7800
5,9900
1,4800
152,47000
10,14900
262,49600
61,63100
460,87000
147,51700
26,48600
2,11100
4,19800
12874,1820200
10,17500
11,16100
364,92500
154,58600
44,46500
113,60100
3,12700
855,144100
44,54300
62,20400
1,5400
11,16400
34,44600
33,48100
1,5400
1,5100
2,6200
1207,336600
215,85400
11,27800
1,5300
37,43300
2,6400
3,7000
159,54700
7,11700
13,17200
9,13900
15,19700
2,6100
2,6100
26,31000
4,14800
7,21400
1,17500
90,73700
33,74500
2,13400
93,79000
8,23800
3,8100
11,16000
29,32700
23,27000
72,23300
33,37200
6,10500
52,53300
8,22100
18,23900
69,20300
39,42700
18,22400
1,4900
458,78000
132,38700
20,25500
38,42400
3,7700
112,59200
31,45200
89,39300
1,5200
20,24100
55,57100
1,8300
2,11300
1,5300
2908,419800
14549,1902100
1039,182300
5,18500
9,32300
12,17400
3,7900
2,6100
365,92400
57,69000
8,21900
13,18400
24,27800
1,4900
3,7400
548,120600
957,136600
1,8700
52,60700
13,27100
14,18700
174,67600
4,14800
1597,237100
2,9600
3,13000
45,90600
2625,398300
15,49900
36,55500
1011,150800
2,11300
21,33400
35,39600
6,10900
8362,1364900
50,61600
5,14700
94,43500
1,5200
124,19500
182,75100
6,18900
5,10000
3,7700
371,99400
3,13100
75,27000
12,17300
10,14900
16,20600
20,24500
5,10100
20,24700
125,20300
51,53100
194,50300
47,60500
12,26700
953,145000
1,9200
4,9800
119,65900
748,100100
142,46400
2849,396100
16,25800
22,26200
2535,368500
352,91000
2,10800
128,23900
66,17100
1,4900
18,22600
1541,284000
131,36300
11,16200
75,25400
33,37400
38,41500
1,5300
154,48600
6,10900
80,29600
42,44400
2,6200
14,18600
4,9000
14,18100
755,102800
567,87000
62,20000
15,19800
7,11900
162,56500
1,8200
2026,270400
19,27400
3,13000
52,56500
51,64200
2,10800
49,58300
17,32200
55,73600
90,49900
2,11000
248,33100
1,5100
1,5100
214,53400
8,12800
2129,293600
7,19400
9,14000
3,7800
2,6300
1043,229800
3,13600
2,6500
21,25500
20,24300
31,34300
5,10100
1877,234600
1,8900
898,166700
11,27300
557,136600
2,11300
82,39900
3,7900
4,8600
12,19400
2017,264700
9,21700
23,28100
58,58600
87,47000
58,59700
6,11000
267,62400
41,55700
15,19900
36,39400
53,54500
74,34600
16,23700
2,11500
3,14000
213,99900
551,130200
4,15600
39,42900
111,58000
11654,1760600
124,22400
1,8900
77,33900
27,31200
1,4900
3,7800
50,58700
9,14300
92,41500
13,17800
1,5000
15,19400
1,4900
19,24600
1,5000
3,7300
497,61800
30,33600
7,11700
34,37900
7,11800
58,58700
24,40300
4,8900
9,14200
9,18300
1,5400
11613,1510300
7,13500
5,17300
2,6300
6,11100
3,7700
1,4900
48,51700
11,16400
4,8400
8,12900
9,14300
5,9600
6,10600
1,4900
81,31700
189,30300
51,54100
165,59600
46,47700
112,60200
5,9900
3120,394900
26,36000
1558,202400
1,9400
9,14100
576,90600
4,14800
285,70900
4,8800
4,9700
3846,480600
2,11000
15,21600
8099,994500
45,50700
55,64700
145,52200
2,7000
1,5100
5477,697800
128,25200
69,23100
15,19900
1,5000
12,17100
5,9900
184,75900
177,79200
18,31700
92,41500
5,9900
12,16600
25,29200
6,10700
18,22500
21,25300
5,9600
1,5000
9,13500
2,6000
216,55300
1,5000
38,40800
11,15500
9,13900
34,37600
2,6300
1,4800
2,6000
173,65600
4,9400
3,7700
2,6300
80,30200
125,27600
301,101500
6,24600
2,7700
1,8700
20,25200
17,22100
2,6300
73,23900
1435,191200
20,43600
9,25300
33,65500
35,71000
33,67100
239,88900
6,18900
621,142300
4,9200
44,46300
1935,242000
1443,194500
166,65700
44,56200
20,49500
62,20700
6,11600
6,10800
2,6200
4,8400
10,15000
17,21700
24,28000
22,38500
2,6400
50,51800
1,4900
100,48200
25,40600
143,74700
1,9900
86,43100
62,12200
21,25100
1,5000
476,95200
113,72200
45,57000
149,53300
44,56600
87,47100
5,16300
1119,287200
50,67700
363,91300
42,53400
10,15200
1,5000
4,8500
12,16700
18,22800
1,4900
4,9000
420,93500
14,19000
167,61400
5,9900
33,42900
53,55100
16,20700
68,19800
123,75400
1449,202400
13,27700
12,17500
12,26200
392,70000
1,8500
5,16300
2,6400
61,61500
3,7900
3,7400
34,37900
29,33000
3,7800
481,99800
6,18400
1,5400
32,35800
46,48700
74,24900
130,27400
46,48600
7,19300
1,5400
44,46900
1,5000
86,35900
8,12900
14,18400
12,16900
69,20700
64,14000
110,57400
1,4900
2,6200
227,64500
5,9700
9,13700
4,8500
1,4800
5,9400
1,4800
4,8400
1,4900
35,38600
165,58500
2,6200
95,43400
21,25500
2,6000
42,44200
3,8000
3190,417700
4,14800
4,8800
126,21400
4,8500
15760,2020000
50,55100
2,11200
19,29100
44,47100
6,11200
5,9700
155,50000
2,6100
8,12600
123,75400
15,20000
11,15800
11,15700
59,59600
2,6500
1799,217500
260,53900
53,63400
2,11100
17,30000
16,30900
2,10200
58,70700
5,17300
1,5500
12,17000
830,122300
12,29600
4099,642500
1,9600
1,5400
9,14400
313,45900
38,41300
153,57800
1310,183700
8,20600
29,33100
67,18100
58,58600
189,38900
3,8100
7,11600
936,115900
923,154300
96,50300
3745,460600
14,21600
12,20300
6,10500
108,55700
29,33100
2,6500
976,154700
4,15300
53,55000
7,11800
3,7700
11,16100
22,26800
15,19900
92,41300
456,74900
4,15000
6,11700
3,7600
14,18200
5,9700
353,81200
4,14200
20,26100
1,5000
12,17100
1,12300
195,48900
18,22900
561,77200
1,8800
1,8900
3,8100
4,8800
144,39800
5,9800
18,22600
11,16500
2,6200
3,13600
57,57500
85,34900
2,6100
232,71000
7,20800
7,12200
10087,1509400
41,46500
2,10700
5,15800
87,38100
1172,198900
3,13300
12,17200
210,50300
14,18500
148,44300
88,37900
137,34700
136,33200
147,42800
33,58300
8,20200
76,43600
10,22300
257,54100
1,8900
1,8800
1,6000
4,8500
14,18500
31,34400
475,95000
31,33800
27,31200
38,41400
3,7400
22,26600
23,27300
14,18700
4,8400
27,30400
2487,329600
3,13700
6,11000
7,11900
348,78800
8,22100
10,15300
4,8800
3,7600
41,43900
3512,464300
4,13200
2,7000
757,148800
69,28600
17,38100
11,29100
96,52900
417,92500
170,63700
33,37300
67,18600
146,51000
350,115100
111,101100
150,76800
9,24200
118,125800
6,19900
1,8100
12322,2177800
11,18800
51,53600
68,20000
161,56100
17,21500
25,29300
5,10200
4,8800
1,4900
149,45000
361,92400
1009,139000
9,21900
1,5300
2855,358200
1,9800
16,21200
1893,257900
16,28300
7387,1231600
800,238800
2,10400
419,149100
263,84300
1,10300
7,18600
7,18200
17,33800
4,13300
9,20800
3341,746900
10,23600
12,25400
1,7600
3,12200
81,48700
239,145700
587,171200
20,38400
6674,1635000
5,17600
4,13100
26,51500
13,30400
6,18200
12,29000
16,36000
1,8800
1,8500
41,82200
2403,584200
18,39800
898,232000
415,157600
4,10000
98,47000
1,5400
7,11800
1,4900
45,48000
6,10700
54,56700
186,27300
94,42600
5,10000
576,147600
12,24300
1,10200
17,42600
4,17200
46,79900
210,83500
3758,489900
104,85400
5,10900
25,40000
2,11600
2,11200
320,59900
60,70200
11,17200
5377,864600
48,97400
928,224100
4,11200
13,21900
22,37700
126,24200
9,22700
7,20000
2,13700
299,88300
1,5100
60,111300
14962,2093800
13,29800
12,20900
6,20100
12,24500
2,11300
17,35900
7,19400
6,17000
4,13700
8,20900
2,10000
1,7700
12,27400
5,15600
1,7900
135,53400
4,14300
1829,476600
73,41200
50,88400
4,14300
40,69500
4,14300
46,80000
26,49200
2,9900
194,60600
71,36200
1606,430300
3,16800
5,18300
43,79600
6,18100
98,79200
18,38700
23,45800
4,13700
78,51300
2,10500
3426,812700
43,77800
13,28400
360,166400
2424,602200
3538,793300
340,77900
40,54700
2,6400
236,74700
7,11900
10,15200
1,5100
1,5000
67,18200
35,38500
5965,732600
5,13700
16,21000
8,17200
1,8200
2,6400
3,7600
3,7800
13,17300
546,122100
3,13300
5,11600
20,24700
73,24100
4,8500
1728,252200
2,11400
194,35400
1,5100
16356,2160200
38,44000
276,70300
9,23300
45,48700
7,12000
4,8500
1,4800
16,20800
242,78100
1,5100
4,8500
7,11900
3,7500
7,11800
14,18600
1264,193400
39,52400
17,31300
4028,531500
39,45300
43,55700
40,53100
553,133200
6,17200
7,18900
2254,411200
97,48700
16,36400
31,56000
29,33300
287,116700
29,39000
1000,214600
47,51800
19,23900
3,7700
1193,174200
2,6700
2,6400
58,67500
1,8000
7,11600
765,131900
3,8500
28,31600
59,59500
3,7600
13,17600
8,12600
4,8400
15,19400
5,9600
1,4800
17,21400
6,10600
6,10700
4,8400
49,50900
362,89900
6406,776000
3,9000
55,57400
1,8600
377,57500
25,29100
22,26700
22,26000
75,25500
2033,294900
1,9500
16055,2133800
105,55700
1922,233100
34,44700
820,113100
447,71100
4,15400
10,15700
43,46000
25,29100
13,18000
1098,184700
10348,1433800
20,26900
4,15200
88,42700
10,15000
1790,257600
1,9200
4,9000
5,9700
302,86100
1,8300
17,28400
67,18200
2,6300
91,39500
8,12500
73,32600
81,31600
36,39500
35,49500
4,8800
18,22800
4,8600
50,52100
426,98700
6,18900
2,6500
1737,216300
1,9100
3,7800
6407,873100
18,25100
5,10400
95,74500
28,61800
47,76500
1,6700
5,10300
4,8800
7,11700
140,37000
4,8600
183,75000
1,8700
2,6300
5,10400
3810,467600
3,13800
3,8300
3,7500
55,56600
7,11700
2,6100
28,31100
2,6300
2,6700
1,4900
2,6100
2,6100
12,17000
2,6400
9,13600
4947,686500
1,7900
24,29200
2,6600
8,12500
3,7600
37,41900
32,60000
2,10700
322,59500
14,28100
38,41300
3753,506700
1,9100
14,19400
193,35200
80,30800
50,52100
5172,720800
96,47400
6,19300
590,105800
12,26800
7,12000
1686,213600
43,53000
6,18600
1145,213400
514,92000
333,71700
244,87700
137,41800
498,65000
2,10600
209,53500
4,15000
4,8700
1,4900
764,119800
44,57700
4,15000
9,14300
2,6200
5,9700
49,50900
7,11700
79,29800
21,25700
2477,422300
84,40200
4,15300
12,16900
491,110500
6,18600
43,46100
292,78000
126,30200
1,5400
56,57100
75,35300
73,24600
1,5000
154,48300
8,13000
8,12300
359,87000
1,8400
27,37200
3,7600
10,20500
4,15700
4,16400
2,12300
456,138000
1432,353200
297,101200
4,16700
5,10700
46,49600
84,37500
2,6400
1513,229900
5,16400
616,135200
75,33800
676,173400
67,26100
4,8900
1,5800
10,15200
8,12900
1,5000
151,46500
2427,544000
3,16200
19439,3526300
65,28000
20,35200
1,5200
18862,2653800
253,43400
8,22200
6,10900
1,5000
2,6100
1,4900
1,4800
4,8200
10,21000
1,5000
133,29900
1,4800
32,35500
1,4900
1,4800
15,19300
338,68400
238,82500
72,23500
3,7600
414,92800
13039,1802000
9,20600
25,35200
13,20900
17,22500
2552,497400
4,12800
1166,324800
59,86500
72,37100
1322,189200
15,28900
92,41500
7,11600
1,5100
52,53000
67,24300
2,10300
62,19200
10,25700
156,85100
2063,297500
5,18000
53,55800
14,18400
8045,990400
30,35100
123,77400
4,15800
281,73300
19,32500
297,81700
79,40300
27,31400
1,5000
5,9700
9,14100
12,16900
3,12000
80,39800
45,47600
2,6100
5,10100
1,4700
2,6200
3,7400
2331,331000
1890,248300
11,22600
61,62500
4,14200
2,11300
8910,1372100
94,45600
1,8700
3,14000
47,50800
6,11000
18,22800
2,6300
2,5900
4,8500
59,61400
49,59100
53,65100
19,32800
23,27600
5,9700
91,40600
21,28200
2415,355400
1,9500
1074,163600
389,70100
4,15100
58,59800
44,58600
16,31200
157,53200
132,29200
197,40800
12,23900
27,56100
123,112800
43,57400
218,56800
1,8200
35,46200
48,50800
126,31600
1,5300
5,9900
852,150100
78,38900
405,80500
8,21700
153,49600
7,20500
855,156500
12,26400
12,17200
789,142700
1,9300
519,97700
7,20800
2,6700
368,95100
2,10600
5,16900
2,10700
6,19400
835,214500
4,9600
824,198400
341,109400
5748,753900
17479,2713800
41,47400
2,11300
7,18200
5,10100
34,37700
6,11300
65,16400
50,51700
26,30500
5,9800
78,28200
7613,1076600
227,70000
159,62200
26,39300
2356,319600
1104,184500
1,9300
1,5100
39,42500
1,4900
312,50600
3,12800
4,14900
9,14200
22,26700
10,14900
33,43000
8,13000
494,113200
4798,614200
104,52700
27,40400
33,37400
12,17300
130,26500
348,81700
64,23900
2,6600
142,38900
2,6400
39,42300
23,27100
16,20400
15,19300
5,9700
21,24800
623,84900
3,12900
16,22200
709,111200
2689,366800
2,12800
3,13800
3,7700
2,10600
40,49100
36,65500
2065,436700
146,45200
865,157600
2,11200
1,5500
3,8000
2,6100
4,8600
1241,157900
2,10900
20,24900
18,22800
3,7600
28,31000
7,11700
485,101800
1,8300
7,18600
18,23200
1,5000
41,44800
7,11700
555,130100
4,15100
2,7000
98,47400
17,21800
5186,729300
1,6500
4,9100
1,5000
37,40700
5,10200
1,5000
570,87100
490,111400
6,19000
3,7900
7,11600
2,6200
126,20600
385,61700
134,30800
2947,382500
662,131000
7,20800
22,26900
2,6200
46,48400
2,6400
49,51500
60,68200
2,6000
1,4900
2,6300
7233,1023300
4,10300
2,6300
4,8500
201,42900
1,5100
65,16500
38,41900
3,7700
6,10500
81,31400
771,117900
12,30600
492,107300
4,14600
8007,999300
13,19200
2,10500
1,8800
206,46700
369,98600
2658,407500
6,16300
1349,225800
2,11600
6,11300
9,14000
2,6100
177,68900
173,65600
4,14200
200,41100
10,14800
3,7500
8,12600
53,54900
44,46400
2,10300
2342,414000
74,31300
33,37800
3,7800
111,58400
58,69700
47,58800
1,8800
15,24900
29,33100
5679,851700
17,34400
1,18300
7,26200
539,126000
1362,259900
12,26800
27,31500
4,9400
3,7400
43,45700
517,88100
14610,2073900
1,7500
289,87800
42,54700
5,17300
15905,2059900
2997,387500
16,25200
258,46900
4,9300
3,7600
21,25800
1998,245900
4,15600
621,80500
64,19800
130,26900
3,7800
960,142700
13,27400
1,5400
8,12800
418,90200
1,8600
993,126600
62,19000
3,8100
12,16900
1,8100
63,19300
920,153600
33,46200
1,8600
2,11300
40,43900
1186,158500
2,11400
33,37600
1,5000
54,56000
1,8400
30,40400
17,22200
4,9100
2906,396200
10,20600
61,63300
15,29700
5,10100
632,91800
138,42800
1,8700
6,16100
3,7700
15,19400
107,55400
8,12600
30,33900
35,38800
5,10100
13,23600
5,9700
7,11500
4,8600
105,53300
6,10800
61,87300
181,93900
2,10400
6,10900
76,27400
9,14300
2018,288000
6,12000
27,31000
10,25800
1208,181200
474,121700
5,16100
513,127700
218,66300
887,137500
2,11400
22,26500
47,49300
16,24400
80,30400
2,6200
12,16600
1,5000
294,78700
1495,243800
5,18400
1,5300
6145,804900
28,33000
738,143200
1,8900
76,27200
10,15100
8,12900
36,39800
2403,337900
3,12100
11,16800
4,8800
1,4900
5,9800
205,45800
14,19200
12,21600
5,47000
1,5300
6,11000
3,7800
33,38100
3,7300
31,34600
16,20200
34,37700
2598,373600
11,27300
308,93400
1342,201800
10,22900
174,70300
10,25500
3,8200
21,25600
1,5100
2,6100
13,17300
272,59000
106,53300
4,14200
1296,264700
130,41500
8,22800
212,52700
12,27200
35,46500
211,51000
4,14700
5,11200
6,10600
1,4900
4,8200
5,9800
1,4900
203,43800
414,88500
29,43300
11,16100
17,21600
18,22700
1,5300
716,171600
3529,464400
2,9400
101,49600
301,93000
7,20900
7,12000
588,105900
52,79400
8,22600
2,6300
3213,479900
2,12500
8,12800
5,9700
668,129300
80,39700
295,81500
1,8400
1,8900
3,8100
63,12900
2227,325600
979,160100
3,13500
26,31400
7,12200
9,14200
23,26900
3,7800
1,4900
6,10700
4,8500
33,36300
131,27900
2,6200
1,4900
204,44500
4,8900
1,4900
3013,538100
107,97200
101,83400
5,18500
12,24200
6,18800
1382,249600
4,15800
1,5300
11,16000
90,40400
1,4900
92,41200
6,11000
465,85000
32,46000
32,44700
20,34000
4,9100
4,8500
1,4900
302,86100
4,14700
1717,243400
4,15500
124,19200
4,9000
13337,1791900
5,12100
5460,696100
290,78500
2,10900
17,23700
212,52800
3,8100
1,4800
2,6000
4,8700
1,4700
253,40800
3,7500
96,44700
189,29900
171,65000
1,8300
37,47900
7,11900
4,8500
2,6200
17,22200
16,20700
215,54300
10,14600
1,4900
33,36200
90,38800
22,25900
1002,126400
16,26800
63,13100
26,29700
560,78000
549,122700
19,32300
2,6400
83,33000
4,8600
4,8200
14,18700
2317,311600
41,51200
3,13000
4,9100
6,11000
22,26300
19,23500
1,4900
79,29200
263,50600
344,80100
3,7900
54,55900
1460,208300
1745,225500
1,9400
68,25300
2,7000
118,65500
14117,1819200
11,28500
8,21300
4677,871900
9,19500
7,12400
1,5000
18,22900
1945,255500
1593,229500
105,60500
704,121400
146,54600
1,8800
2,10100
8,21100
17,36900
4,9100
2136,302600
9,22000
2,6400
13,17600
101,49300
2,6300
5,9800
4,8500
424,97300
170,72300
3,13100
438,59400
6,18300
17,22800
42,45300
2,6300
27,30500
2877,372600
6,16600
5,10000
1,4800
406,80700
4344,694800
5,13200
5,14500
795,142900
3,12900
3,8900
2,6300
431,103300
39,42800
26,30700
1425,228100
1617,200900
363,94400
3,13400
12,17200
32,35500
75,26000
10,15400
12,17000
155,49700
131,33800
15,19800
47,49700
8,22400
3,8100
13,17700
3,7500
136,32500
4,8500
65,16100
7,11600
192,43900
131,34100
11,23500
39,50100
361,105400
217,64800
2,10800
513,88200
766,118900
2,11700
3,7900
6160,767900
29,34300
40,54500
59,66200
1,8500
737,166100
1,9000
2,8100
2,6100
1,4900
1,5000
44,47200
24,28000
1,5200
5,9600
2,6100
64,72900
30,34100
2,6400
2,6100
138,33800
2,6400
472,90100
8,22200
6,11500
34,37700
1,4900
1,5000
1031,173700
338,76500
2,10700
122,68500
8,21600
8,13700
1,4900
6,10700
16,20400
10,15300
9,14400
32,35200
3,7500
5,9800
6,10600
17,21800
3,7800
38,41200
8337,1410600
89,42900
137,43300
270,59200
1,8300
2,11200
3,7800
7,12000
103,51600
4,8700
1,4900
3,7400
1247,168000
4048,514700
6,13900
10,15400
67,18500
2,6200
1016,186000
1407,224200
62,18800
7,12500
35,39200
20,24800
3,7500
1,4900
12,16700
13,17600
33,36900
235,73700
12,17100
1,4800
1,4900
4,8300
38,41100
11,15400
10,14900
1700,229300
2,11500
1,5300
8,13000
21,25500
40,43300
269,57900
13,18000
1326,193600
10,24400
1,5300
8,13000
372,92100
31,58100
14,32000
388,65600
666,130400
1,9100
145,42300
7,11900
21,25500
14,18800
1,5100
27,30400
2,6400
5,9800
713,117400
146,50500
1,8500
36,45100
16,21200
5669,725500
17,23500
6,11000
141,38400
1978,326400
3108,452400
113,63800
1,8600
1,9200
5,10100
68,20100
38,42200
36,40500
4,8900
72,49800
4,26200
2,6700
6,10700
11,15800
334,65700
18,22600
6,10900
647,106300
5,17400
4679,636800
10,20500
5,10100
18,23200
725,129300
7,20900
16,21100
75,26300
131,27700
5,9900
1,4800
42,44900
4,8600
2,6000
1,4900
103,50200
14,18600
5,10000
23,27100
8,12800
14,18900
1,5200
420,97900
6,14100
1,5400
5,9800
4296,698600
2,12500
2,24800
6862,1340300
85,39400
12,18000
741,148600
5,17600
1,5200
11,16000
66,17800
88,39100
151,52800
180,73600
42,57500
103,51800
2,10200
4,9000
12,17100
214,54500
1,5000
1,5000
50,52000
1,5000
34,37200
1388,196100
186,38000
1,5400
5,10100
2,6500
552,124700
7,20200
2533,362500
2,12100
1,5300
1,4800
112,59300
679,137800
37,51700
111,58900
24,28000
249,35600
35,38600
12,27800
88,37900
1,5300
35,38600
3024,464800
1,9900
28,33400
88,39400
13,17500
2,6300
1,4700
1,4800
3,7400
38,41500
15,19600
1307,173300
55,65700
54,64000
15,29000
3,7700
37,41100
2,6300
61,61300
37,50600
6,10900
1445,268400
8,21800
505,71700
595,123400
97,55200
11,25300
107,55600
2,10300
3,14100
5,10400
119,72100
4,8600
5,9600
50,52200
1,4900
346,76900
107,54800
1,8400
11,23300
5,10100
3,7700
138,35000
7,11600
704,110100
6,18900
114,62300
232,79000
12,25600
7,12100
4,8700
39,41900
171,65400
13,28300
3,7600
20,24400
126,25800
10,14900
173,67300
28,42200
19,24000
5,10200
708,114100
4,15400
3,7700
366,96800
2,10600
996,127100
12,30800
8,12600
1,5100
518,91500
159,63700
18,32100
147,43500
65,26100
1,5100
2,6200
5306,748300
4,13400
1,5100
1,5000
3,7700
5,9700
9,13900
3,8000
499,67300
907,147600
7,20900
1584,280300
6,19500
35,44500
3,8200
214,76400
1,8900
57,104800
16,33500
4,9100
2,6200
139,36600
9,14200
1,5000
6,10600
23,28000
215,56000
5915,843500
2045,294300
4,15100
1359,225400
122,77100
2,11100
14,25000
10,15200
10,14700
3,7800
1,4900
14745,2113600
1779,323100
1,10900
1,9000
23,31900
192,41500
62,19000
13,18500
3448,436300
94,48900
9,23600
4,8700
59,66400
2,6400
1977,288400
3518,457600
68,23100
427,104100
198,46300
10,15000
6,11200
17,21600
9,13500
72,23300
1148,173200
376,58500
196,43900
448,67500
32,44700
3,7900
1777,253400
89,46300
6,11100
10,15000
9,14100
426,99000
1073,155700
3546,428600
8224,1370000
7,15800
91,41500
342,74000
1570,226600
2,6600
75,26100
43,46000
10157,1456700
3,9400
7,12700
3,7500
237,76100
1,8300
1,8800
47,51400
618,133600
473,99900
6,19200
1,5100
51,52800
29,45900
29,61600
1,10400
1,5200
4,8400
7,11700
1634,227800
4,16200
7,12400
16,20500
5,9700
30,34300
88,44500
4,8700
17,21600
11,15800
77,28500
5,9900
118,65800
10279,1450600
40,45800
11,26400
4005,506300
17,26000
404,81200
20,34500
203,44700
8,12700
2,6200
2,6100
45,47700
8,12800
53,54800
19,24000
90,40300
15,27900
23,27300
47,49200
371,100400
4,14200
14,19800
3,7700
1,4900
7,11500
3,7400
12595,1697000
1049,185300
3,13200
78,30000
14,18800
19,23700
265,52900
1381,184500
28,40000
9,14400
24,44800
4,16800
12,32100
2,11300
2,6600
5,9600
16,20400
59,90800
70,35600
24,47700
30,56100
346,133900
29,55200
150,80000
4,14500
5,16500
6,19100
25,52300
8,18100
65,17000
6,10600
3,7400
33,36600
19,23700
136,33000
3,7900
1,4900
39,61000
3,7700
111,57400
72,23000
178,69700
4,8500
14,18400
57,57600
1,5200
1,5000
23,27100
3,7800
7,11300
16,20400
63,12600
1768,239800
1,9100
14,26700
10,15200
68,19300
268,55300
401,75300
60,76100
4,15400
12,17100
1,5000
3,7500
4,8400
8,12500
7,11800
15,19500
3,7800
8,12900
3,7500
6,10700
5527,713100
12,18500
191,35300
9,13900
9,13700
2,6200
1047,189300
1179,159700
2,11600
35,39200
10,15300
2,6000
258,46800
13,17800
1,5000
1641,223800
46,56900
15,29200
4,8700
12,16700
727,128200
2876,382200
6,15700
13,17900
16978,2632600
88,42200
5,17200
24,28800
5314,718500
2,8500
8,13100
3,7900
97,55500
14,19000
1,4800
49,50700
3,7800
1,4900
2,5900
1,4900
421,94700
2,6700
6,11000
11,16500
3,7600
45,47900
119,65700
2,6200
2,6100
17,21600
1,5000
2117,297100
1,10500
1363,358500
5,19400
42,74600
7,17300
1008,179300
4,15600
3,9200
33,37800
118,71500
29,32500
2,6200
38,40800
1,4800
8,13200
33,37200
142,37700
2,6600
34,37700
25,28700
16,20400
2,6300
4,8400
26,29500
3,7600
338,70400
4,8900
7930,1021600
98,50100
329,72600
1,8800
35,44700
379,69600
1,8700
11,22800
11,16100
552,122700
1627,213500
12,24000
1,24300
12,33900
52,54600
10,26100
5,10000
649,107400
13,27100
44,48400
5,16800
5,11500
2,6200
6,10800
74,25600
79,37700
10,22500
1,5100
32,35500
8,12600
4,8400
65,15700
68,18500
30,33600
1,5000
8,12400
408,82100
1929,257000
5,17700
26,30800
7,12300
609,121200
79,38800
2,6100
3,7500
107,71000
3,7900
31,38700
8,12900
2144,359300
2,11800
163,58700
382,58400
62,20100
22,27700
6386,869900
15,21100
5226,669000
68,23500
104,52300
305,90700
2,10400
219,61600
192,32800
11,16000
3766,534200
30,40200
2,6600
365,92600
59,69900
380,57200
22,36700
5,10100
106,59900
708,111700
205,53500
3,13300
250,36000
4,14600
23,34000
576,94200
180,118400
6,19900
9,14900
1,4900
46,48400
259,48400
94,43600
6,10800
8673,1548900
1,7700
4,9000
37,41100
145,42400
2,6500
5,9600
24,28200
141,37400
1503,205500
2,11300
674,131000
10,24700
10,15200
85,34800
74,24800
59,60600
3,13000
1,9200
2,6400
7,11600
1,4800
2,6200
1,4900
25,29000
4,8400
2455,345500
74,32100
27,31300
5,10800
53,54600
1,5000
522,92200
7,20400
9,14500
6,10700
37,41500
59,60100
4,8800
475,109600
10,25700
2,6600
32,35600
6,10800
1,4900
59,59600
85,35000
442,63500
3,12800
4,10000
151,70800
809,104700
149,54100
18,32000
6597,880000
391,68800
5,17600
1350,206200
19,32000
122,68800
68,28700
37,40500
11,15600
4,8900
21,25200
30,34300
1,8600
133,30000
3,7500
26,29300
86,35600
6,11100
5,9800
1,4800
2,6400
15,19400
17,21800
3,7700
89,38300
2,6200
323,54800
1,5000
4,8400
20,24300
6066,873200
26,32000
156,51400
3628,452300
127,49000
4,9500
29,33000
9,14200
1,4900
11,15900
89,38300
1284,197500
9,23100
1,5200
6,10700
3258,451300
31,40600
2743,398700
38,47400
114,69500
2,10700
4,10000
4,8700
1,5000
1242,175300
4,16100
2,10200
2,10600
10,25300
3492,485300
2,7100
1766,313500
5,18800
39,42800
3,7700
4,8300
13,22400
13,17900
1,5000
4,8700
4,8400
33,36400
21,25100
12,17100
4,8700
107,53500
99,47400
1,5100
7,11800
142,44700
3,8100
13,17500
342,72800
2,6300
1043,179400
21,34700
9,14500
1,5200
27,31300
11,15900
7,11800
1,8300
1,5200
18,23100
4,8400
79,29600
1,5100
186,26800
614,126600
329,123400
158,63700
28,41800
3,8400
1493,191900
5,17600
499,72900
2,10700
155,55200
80,40000
4,9000
2320,321700
18,30100
56,57700
6587,964900
51,55500
1,8800
4,15400
3,8200
2442,357300
148,49800
349,86400
261,56700
240,83200
12066,1737300
6,13100
2521,372400
1,9900
24,28500
37,40500
2,6300
659,114900
526,100400
1,8700
21,26900
2,6200
74,24900
352,80300
7,20400
27,31000
6,11100
2,6100
2,6300
1,4800
2,6100
87,37200
4,8400
8757,1421800
270,60200
3,13800
17,22700
13,17900
6,10900
2,6100
1,5000
1145,177100
42,54300
73,33300
29,33400
13,23500
72,23600
10,15000
1,5100
5,9500
14,18700
1,5000
175,68700
36,39300
3481,431400
3540,433700
47,52500
3,13300
3,8400
12,17000
1,5000
22,26500
20,24100
81,31300
8,12600
672,129100
34,47500
1,5000
1367,183200
48,63400
210,60100
151,55700
42,53700
58,67900
55,65200
4,14700
47,50700
11,16100
126,22300
74,25200
13,18300
2127,300600
26,37200
4,9200
540,114900
1,8400
2,11000
4,9000
1469,217000
2,11000
3,8300
9472,1432100
129,29500
32,35600
13,17800
2939,384700
434,59000
170,69900
3006,429700
56,59000
214,53500
29,32500
9,14200
121,66700
52,53700
3,7900
12,16200
2,6300
3,7400
30,33600
38,42100
36,55300
3,8200
9,14000
2,6300
83,33100
1,5000
1,4800
2,6100
132,30400
233,71100
18,23200
2081,305900
142,47300
46,49200
44,46700
22,26500
72,23700
62,17200
22,26500
1518,221100
1,9100
34,38900
20,24500
7,11600
27,30800
1,4900
1,4900
7,11500
733,217200
18,27200
6,11000
10,14900
2,11000
1,9100
6,11400
12,27000
1182,262300
1309,200500
2,11400
25,31200
1,4900
14,18600
4,9100
2,6100
21,25400
226,65500
3168,390400
1,9800
54,56100
1,8300
3,13500
1,5100
113,66500
4,8500
3,7700
8,12700
393,71300
3,8100
1,5000
110,57500
2968,441000
12,22900
1,5200
4,8500
12,16700
5,9800
18,22400
19,23700
25,28900
31,33800
2,6300
2,6100
202,44000
24,27900
15,19600
5,9600
31,34200
2,6200
196,37600
5,10100
37,41100
78,28800
4,8800
4,8600
61,61600
31,34200
6,10600
617,126900
1,8600
3,13600
76,27300
102,50600
120,65200
75,35600
104,51200
47,49400
189,39100
239,77200
1,8300
70,27500
78,29500
168,62100
75,35600
11,16300
312,46800
55,56500
2,10500
15806,2256100
30,39500
123,79700
4,15400
88,38600
1,5100
80,30800
2,6300
3849,464300
1,6600
2,6500
5,9600
3,7700
56,58600
59,65300
53,65800
342,78600
121,75100
264,57800
20,33500
115,62500
4,14800
300,84700
3,12800
22,27500
2,6500
2292,340200
22,32500
20,24200
3,7500
3,7500
232,70800
5,10000
6535,862800
457,97600
1,5600
60,101900
48,89300
2,7300
9,14500
50,52000
322,60400
21,42000
80,31100
199,39400
11,16100
776,122700
140,49100
246,124800
879,144900
4,17000
21,33700
6,19500
13111,1801800
5512,786100
159,63300
273,67200
83,41800
115,61800
11,16000
6,10800
1114,246500
7,23000
16,21000
558,73700
185,85600
7026,873400
20,26100
41,53800
1,8800
1,8900
23,27500
1,5200
75,25500
1,5000
1,4900
26,29400
16607,2582600
4,12600
5,13200
1,7900
37,68600
5,19000
42,76300
834,214600
1,10800
801,256600
162,76700
7,13600
315,89600
2,13800
6,20600
111,100700
34,62800
6,13800
5,18300
5,18900
18811,2728700
3,11300
1,9100
95,50400
1,5200
4417,571700
16,23500
1,5000
1,4900
75,25500
3,7700
11,16000
3,8100
3,7400
17,21500
1,4700
9465,1326600
23,38300
18,39200
506,108000
5,14100
5,13800
8878,1426600
342,81500
9,23700
914,150600
2,11400
90,40500
151,46900
468,91600
87,44500
270,72400
63,23200
3,8300
59,59900
22,26000
20,24700
15,19700
2947,428800
53,92200
17,23100
7,11800
57,58100
3,7600
16,20500
1,4900
3125,405500
1,10100
28,32300
4,9000
4,8600
1794,260900
1,9100
2,6700
72,23100
3,8000
5,10100
106,54100
2,6200
13,17600
1,5000
7,11800
69,20100
113,59500
6,10700
302,85200
2,10600
3,13300
34,45700
8115,1113700
19,25800
16,21000
356,86500
4,15000
211,51800
14,18700
9,14100
66,17500
31,42600
1335,197100
1287,200400
113,73000
3,13500
1478,227600
6867,923600
1,6500
2,6500
3973,587600
42,52400
31,45000
1,5200
9,14100
2,6100
1,4900
16,20400
120,66700
54,57100
546,114600
111,68400
30,43300
7,20700
5,10100
48,49800
158,53500
60,71000
10,24000
11,16200
107,54600
377,60600
9,22700
3713,493800
19,27600
385,61400
3,7700
17,22300
73,24000
1024,163100
3153,436600
93,46900
99,53100
29,32700
91,41500
4,8500
3,7600
19,23600
13,17500
627,88200
2,6300
3,7400
1,4900
275,61400
8156,1249700
4,19600
2,12800
74,47000
104,79400
55,60800
2463,370600
586,136600
44,61300
44,48300
2,10500
51,60800
15,19600
4,15200
3,13300
33,44500
68,19700
2,6200
232,69200
49,51000
27,49500
4,8900
21,25200
371,99500
20,35400
1822,274800
10,24200
148,44400
11,17600
155,151500
3,30100
2,12700
3,14100
8,23900
7,23700
3,15800
20,50400
1,9600
455,161700
45,64000
11,20500
76,37700
209,79600
32,79000
36,76700
11,22000
19,24300
1,5000
67,19600
10,15800
1,5800
60,62300
40,43300
119,65300
207,46900
1,4900
12,16700
15,19000
9852,1491000
7,13600
10,15500
13,17700
843,133700
3,13400
1,6900
2,6300
37,41700
25,29400
1,5000
882,118300
2183,353800
10,23200
21,31800
19,24100
69,20200
75,25200
675,131700
1,8500
2,11300
14,18800
11,15800
14,18800
96,45200
78,28900
8,12500
92,41500
9,14400
8,13100
15,19400
31,37200
17,28900
37,40700
29,32500
1178,170700
3,13900
7,12300
1,4900
38,41400
15,33600
143,60900
66,24200
82,32100
3785,653100
6,23500
1,10600
4,17500
9,27500
20,46700
1,22100
44,97900
257,47700
6,11600
601,167000
2,11700
1,9500
13,18100
2,10800
6911,1083000
2861,363000
4125,569300
369,121700
39,52700
144,41000
6,10700
1,4800
46,48200
29,33400
49,51000
1,8600
1,5000
1,4900
4,8400
30,32600
39,42100
25,28800
8826,1267000
1,6700
2235,334500
109,63200
100,57900
593,111900
6,19700
10,20800
5,9900
6,10800
3,7500
3,7400
554,121800
393,74900
2,11200
7,12600
7,11900
15,19700
10,14600
2,6100
67,18300
81,30900
3,7600
2,6100
13,18000
72,23000
7,11400
200,40900
26,34300
112,59200
36,39900
1681,210500
7,20400
72,23600
216,55600
5,34500
19,24100
13,17800
1,4900
19,23400
90,39300
353,81000
2,10800
3,13300
3,7600
8,12800
673,143500
17,31600
45,47400
123,68300
30,43600
1,5200
5,9600
117,63400
1,5200
1073,163700
234,78900
48,59200
45,56800
14,27500
3,7600
923,156200
771,145200
1,9400
16,26500
3,11700
14,18200
2,6400
25,32100
134,30500
14,18900
10,15000
15,19700
9,14500
4,8500
211,49800
156,50600
8,12700
2,6100
13,17300
9,13900
5,9600
5,9400
10,15000
19,23500
6,10700
156,49700
10,15000
171,63900
2800,352100
34,48600
2,11000
28,37200
1,5000
2,6300
2235,291100
367,100300
2,11300
7,16900
6175,1026800
35,42500
1,8900
161,61200
18,32500
62,12700
3,7700
15,19000
263,51600
10,15500
112,59300
84,44900
40,44300
5,9800
117,62800
7,19800
1,5100
3760,571000
42,51200
28,42000
23,27500
5,9900
9,14000
7115,917600
3,9200
22,27000
477,99100
121,77000
525,101800
185,83500
70,29700
815,108100
6,18800
8,13200
1732,259800
395,79000
675,139300
4,16100
1399,222700
1588,318000
46,56400
3,13300
778,124900
2,10500
2838,392900
2,11600
4,9300
927,166200
16,29800
1,5200
472,90600
2,10400
2430,377300
2,12400
14141,1882900
1,6900
117,65000
1532,226600
7,20300
136,33300
30,34900
428,172800
1,7000
72,24200
18,23100
11,21300
6,18300
90,50700
1,8500
535,123300
128,23700
2,6400
917,183600
11,19400
13,31500
333,113900
6,20600
2169,347900
1,9300
2,6400
17,22400
2,6300
21,25600
67,19000
934,120300
269,63800
4225,567100
6,12700
1,5300
3,7600
12,16900
2,6200
14,18700
657,117200
1,8700
2,11100
8,12600
1,5000
142,39200
297,81900
2,10400
69,25500
1,5300
14,19600
14,18700
1,5000
139,35500
25,28900
606,121600
4,14800
9,15000
63,13200
128,23100
1,4800
29,32300
2,11900
9,14100
9,13900
250,35800
21,25100
3,7600
781,126400
184,84500
734,137100
3,13400
5,16200
30,42500
32,47000
833,207400
601,170500
106,74000
2420,317800
197,43800
20,24700
8,12500
57,58600
19,23600
141,37600
107,54900
10,25900
2,6400
65,22600
29,32900
814,109500
36,49500
27,40000
1,5000
228,66500
12,16900
46,48700
7,11600
58,59700
17,21900
21,39500
27,31200
13,17600
1,5000
543,110500
10,25000
9,14300
24,28100
2,6300
10,14800
250,34400
39,42600
3,7600
38,40800
82,31700
18,22700
1,4900
4,8400
126,20900
165,58700
29,32400
539,109200
63,22800
4023,590700
124,22800
117,64600
1,8200
30,40600
9,14100
10,14800
4,9100
1,4900
49,51400
4,8600
1408,284600
25,38800
4,8900
30,33400
3,7700
403,77700
13,28400
8,12900
11,15600
11,15600
92,41100
30,33300
2,6300
1486,236700
280,73200
31,43800
3,8000
1,4800
42,44700
1,5100
1,4600
1013,139200
1,8900
2,14400
1,5100
1,4900
941,132800
6,19600
416,96300
1,8300
15,26000
3,7700
871,111700
27,40300
5182,908700
139,38500
1,5100
1,5000
6,11400
31,35400
69,20300
6,10800
7,11700
30,33000
484,99700
1,5000
33,37200
20,24500
53,54900
4,14900
7,11800
7,11700
11,15500
135,31400
1,5400
14,18200
2,6600
13,17600
8007,1204100
1698,233600
206,51500
12,26400
1,5200
26,30100
3,7700
670,125800
2618,338900
246,85300
18,23000
17,21400
1624,215800
9,22400
8,12800
63,13000
3,7700
16,20300
18,22400
2605,323500
52,59700
1252,236900
11,24300
23,28000
1,5000
32,35200
34,37800
6,16600
2,6200
708,121500
9,24400
26,30100
1,5000
8651,1277500
3,9200
1,5200
114,68000
14,36300
7,11800
2,6100
19,23300
422,101900
36,43700
7,12000
31,33900
2,6300
31,34500
160,54400
7,20500
2,11100
377,60900
34,45100
24,35700
25,29700
101,49000
5,10000
2653,369300
973,197800
88,46300
15,19700
2542,324600
15,27200
3,8000
20,24700
160,55400
5,9700
44,52500
80,30600
419,135300
7,19600
19,38400
20,45100
1,8400
38,51900
14,31200
18,24000
28,33800
2,6700
1530,382300
319,83000
9,25300
19,32200
54,62600
18,31100
218,61700
29,33100
38,52100
4,8900
206,46500
11554,1530400
126,24100
3,13800
2,6900
7,11500
70,21400
342,73100
23,27500
7,11900
2,6300
22,25800
53,54500
4,8400
266,60200
14,30200
153,49900
202,60800
21,35700
4315,588700
1,7600
2706,371400
11,22100
50,82400
4,17200
3,14600
30,64100
14,26400
23,27700
2887,391200
124,30500
66,18400
1549,267100
13,27300
5,10700
217,56900
8,22000
184,76800
90,49600
25,38400
46,49300
21,25900
3,7700
4,8700
910,144200
5,17600
1,5200
4,8400
144,40100
135,32300
120,67100
503,83000
5289,863200
241,80100
40,52800
30,43100
23,27800
4,8600
389,66200
46,58300
2,10800
121,68200
59,69600
5,16900
2,6500
9,13700
6,10800
1,8400
41,53900
1276,206000
195,42700
763,112400
2,10500
25,30800
1,5000
1,4800
17,22000
84,34200
180,71200
200,41100
24,28500
120,66000
50,63300
21,34500
14,18900
11,15900
13,23400
1,5000
6681,1011000
2,8900
3,8100
36,40200
11,15700
74,24800
1122,155500
1220,190900
11,23600
262,122200
67,29600
1164,197500
48,67400
39,42400
123,69000
155,60600
12,16800
17,21800
5,9600
88,36600
87,36500
1,4900
144,39400
4,8900
22,26000
158,52800
2496,456500
1,10700
1,5300
26,30300
6,10900
18,23000
31,34700
7,12100
84,34200
4,8800
3,7800
151,46600
15,19800
2732,358400
5,16500
2805,363900
10,20600
3,7800
1,4700
2,6000
1,5000
158,52900
4,8500
280,67100
1438,193500
14,27000
139,36100
327,59500
36,53300
2,6600
2245,310400
2,11400
51,53300
4,8600
22,26200
1048,188000
26,38600
24,28300
369,174400
3373,452800
1,9900
4,9100
338,69800
2604,402600
2,11900
4,8700
6253,900800
79,32800
13,27600
7,11900
8,12700
4,8700
2,6600
1,5000
11,16500
2,6300
20,24900
465,87300
36,39600
11,15700
1,5000
10,14800
3415,440100
200,43900
537,110300
106,62400
138,42100
3,8000
2,6500
7,11600
84,33900
6,10900
47,49500
57,58100
4,8600
8,12200
1,4800
432,104100
175,93500
34,62800
1,5300
141,46700
8,17600
9,22700
39,70700
853,245800
1,10500
52,77700
1,5300
5624,970900
25,31700
3780,506300
2,10900
72,23600
12,17600
395,72500
675,136300
4,14900
116,81300
6,18700
1,5600
3792,479100
14644,2038300
10,17200
636,101600
235,80900
3,13300
354,84000
55,65900
15,28900
322,54200
1,8400
7,17900
11464,1626600
651,111300
5,17600
547,114400
2391,340300
576,92100
4,15400
318,49800
2,10400
487,103500
19,32500
5,10600
188,28500
3,7800
71,22100
3,7400
72,22300
298,81200
3,13200
4,10400
3,7500
909,141500
660,162500
261,84700
62,21600
7,22500
14,19300
10,26100
9,14800
5,9700
29,38800
11,16100
35,38300
342,71500
90,39800
89,45400
1,9000
792,240000
15,27600
1474,233400
1,9100
20,35900
2,6400
111,58600
1,5000
120,65500
338,76500
1,8500
11,22700
4,8900
23,27600
3046,466600
6,17500
3,13400
9,20700
23,28000
15,25200
30,52000
90,53500
6,14600
2,10600
1,8900
1,5200
16694,2451000
88,41700
759,118500
8358,1213700
591,109900
1,8900
1,6700
2,6600
2,6600
9,14000
2,6300
1761,233600
20,32400
10,15700
5,9700
15,19000
1503,203400
6,19300
2,6900
8047,1080900
32,37700
4,14800
408,85900
17,32000
1367,176300
8,20800
5,10000
27,31400
35,39600
2,6300
16,20200
3,7600
50,52200
8,13400
7,16000
2,6300
1,5000
60,62800
6,18700
2,11000
351,83800
499,105200
9292,1415500
3,20000
228,69000
1,5100
3,7700
556,128200
9,24800
17,22400
264,52000
65,16400
3,7700
3,7300
4,8800
10,15000
10,14600
311,43900
2,6400
22,26300
323,54100
1,5100
2,6400
4,8200
4,8700
63,12700
76,27100
61,61200
10,14700
68,18800
173,66300
2,6300
2,6400
4,12400
6,11000
4,14900
10,16000
21,25600
16,20200
16,20300
4,8600
264,51400
7,11900
3,7600
3,7600
1,4900
2,6300
40,43800
22,26500
221,60600
7,11900
1496,198200
3,13500
43,46100
188,30000
156,50700
136,42100
782,135400
17,32300
756,104500
4,14800
32,35900
4,8800
9,14000
10,14800
67,18500
3,7400
307,91100
7637,957400
11,18100
13,18000
6366,893800
5,11100
158,53500
4,8800
9,14000
11,16100
10536,1661700
3511,467400
26,33400
6,19300
107,55500
2,6400
30,33500
4,8500
17,21900
22,26300
110,57000
34,37900
18,22600
12,16800
684,94800
4,14900
20,49900
10,27600
5,18600
1,9000
402,131900
1,9700
22,38000
384,61800
9,14100
3,10100
58,112800
16,28800
6,11100
4,9000
4,8500
8,12500
179,71900
4,8400
5,10000
5,9500
109,56300
4,8400
6,10800
61,61900
7,11800
42,51700
21,25500
32,35500
320,53800
4,8800
47,49000
42,45300
4,8700
588,102900
1,9000
2,11000
25,29300
5,9800
9,13800
771,117400
601,117800
3,13900
7633,979900
54,64000
76,34700
35,73500
12,20100
1186,163100
2,11100
15,25500
43,46400
2,6300
11,15600
878,115200
58,68500
4,14800
16,20400
2,6400
12,16500
22,25800
23,27100
1,5000
4,9000
10363,1462600
2,8000
1,5300
15,19800
96,45500
26,29900
4,9200
1,4900
11,15800
5,9800
13,17500
12,16600
12,16300
4,8800
3,7700
3,7500
3,7800
70,20800
830,120200
5,10400
376,52500
584,96800
49,62500
6,19400
25,29800
60,62000
3,12700
55,62300
235,79800
2,11100
11314,1628200
3,10100
1,5200
5,9900
1,4800
19327,2915300
3935,520300
169,67500
4,15400
957,179000
92,58900
29,42100
8,13200
7,11500
3,7600
6,10700
23,27500
183,76100
5,9700
21,24900
2792,379300
5,16700
129,26100
127,22500
31,55000
4,15400
165,70700
6,19300
4,16000
78,35800
60,81500
57,67300
1,11100
7,17200
21,33000
98,54400
788,132400
4,15100
15,26600
1,8800
4,15600
46,56600
1144,173100
34,43900
96,51700
3,13000
6568,876900
3,9400
3,8300
2,6100
8,12500
10355,1413600
18,31400
9,24800
1,5100
31,35200
1,5100
46,48400
1,4900
23,28000
125,20400
217,57100
8,13100
1,4900
2,6400
2,6600
187,28400
1,5100
393,69100
10217,1419700
3,17000
1,9700
3,14000
2,11900
76,60400
8,25800
1,10100
4,16900
1513,306900
11,19300
10377,1405000
675,132800
52,62500
13,27100
559,76000
1,8500
3,13200
1094,253300
5,17200
3,8500
21,25700
1,5000
45,48400
35,39000
405,81900
475,103800
2,10800
8,14100
1396,219100
663,126500
30,42900
1,5400
5,9700
33,37000
2,6500
26,30200
1,5000
5,9400
60,60500
2,6400
43,45100
9,14100
10,14700
37,41200
637,101700
108,66700
17,31300
11,16400
3,7500
21,25200
2691,372200
3,13600
16,21200
309,93300
338,76100
24,36700
2,6600
100,48300
4,8700
144,39400
4,8500
2,6000
28,32200
536,120700
197,47700
2,11000
40,49200
33,36800
1,5300
47,49300
1727,258100
25,37100
18,23400
2,6400
27,31300
152,47100
32,34900
311,43000
12940,1808800
11,18900
3,7700
324,56100
28,32800
2,6300
7,11700
20,25000
95,43800
41,44000
5,10200
178,80100
250,42700
146,42300
2,6300
8,12800
1,5000
1600,237100
43,53900
159,61900
12,25900
2,6500
8,12700
11,15900
321,53100
1,5000
84,33800
62,11500
97,46000
6,10900
127,22100
57,75200
35,64700
965,151300
30,39000
418,95500
948,203400
14,20200
4,9100
13,17800
8592,1416900
186,31600
1990,247400
15,26300
4,8900
58,59100
52,53800
2,6500
1,4900
1,4800
37,39800
13,18200
25,28800
168,62400
2,6400
3332,433100
120,70300
2,10800
110,63000
7,20400
34,38100
884,122200
8,22000
2,6400
7,17700
3,7700
51,53500
1320,187200
231,76500
2,11200
54,56400
4,8500
4,8500
7,11800
8,12500
25,28100
2,6000
16,20200
167,60900
10,15300
10,15200
2,6100
39,41900
10,15300
88,37700
3,7700
3,7400
7,11700
9,14200
1,5000
6542,827100
1,6500
12,37300
33,37400
10,15300
23,26900
307,90300
160,65700
762,113300
1,8700
75,26700
1996,248800
2,11700
93,42400
3,7900
6,11000
37,40400
4,8800
8,12500
678,131900
3,13100
342,72200
5,17000
11,16200
7,11500
22,27100
7,11700
1620,204900
13,25600
1369,185000
353,88300
5,17300
2,6700
16,20100
20,29900
4,8800
3,7600
2,6300
1,4900
67,18100
432,103500
13,17700
14,18300
8,12300
1,5000
2,6000
6,10700
1195,169700
4935,738400
11,17600
112,60000
8,22100
46,49000
11,16000
8,12700
217,56500
111,57700
47,59500
1,9100
111,63100
9,23100
4,10000
1,8400
6,18700
381,84800
1,9400
7,21500
74,47900
3,13700
96,84600
6,21400
32,46500
89,38800
25,28800
25,29200
1,4800
4977,656500
1812,238400
2255,338300
109,65200
49,58700
33,37000
9,14100
25,28900
13,17400
11,15500
1,5100
2,6000
8035,1064300
11,17700
15,20100
12278,1587600
1,6600
3,7800
3,7500
80,31200
3,7500
1,5100
4,8400
76,26400
2,6300
86,35500
26,30500
1,5000
8,13000
4,8600
34,37700
540,108200
3077,505100
11,21000
1,8500
83,45100
60,72300
2,10700
1393,219100
3725,501100
21,30800
1,5300
1,5000
29,32800
6,10700
208,49500
8,12600
7,11800
66,17500
45,48300
6,11200
2,6200
35,39600
2,6500
346,99200
4,15300
4,10100
29,32900
1,5100
4,8800
3,7500
2,6100
1,5000
18,22800
4,9000
2,6200
124,18800
7573,951700
9,15200
6,11000
37,40400
9517,1632900
96,48600
1,8800
2,11400
6,11200
38,41900
4,8800
2,6100
2,6100
2,6300
12,16800
17,21600
567,87300
3,7700
552,119400
194,43700
46,49100
4,8600
183,81000
65,26900
2148,315000
3,13900
12,17200
51,53400
17320,2786800
4,12100
251,44100
106,61700
6,19300
4,9000
16,20000
2,6300
8,12900
2,6100
5661,725500
10,16300
21,25600
33,37100
39,42000
2,6200
2,6000
364,92800
135,41600
4,8800
31,34300
1,5200
9,14000
15,18800
9,14100
39,41900
8,12600
11,15800
1,5000
205,45600
2,6300
15,19200
1,4800
3,7900
77,27900
497,63400
791,140100
19,33700
1,5100
6,10700
4,8500
2,6300
1,4900
42,45100
16,25700
19,24000
6,10700
19,23700
6,10800
1607,239100
102,58200
1,5200
4,8400
1,5000
3,7200
3113,387800
12,22600
1,5100
61,62000
712,118200
986,164700
45,80600
3916,623300
143,70000
110,115700
207,58500
44,46600
38,52600
6,11300
5,9500
3215,508400
57,64100
1550,219300
135,37400
32,39500
912,148600
1,8500
8,19400
929,185200
1,9900
2,7200
5,10000
5813,814800
2854,414700
13,23800
1,5300
19,23600
1,5000
31,34600
4,8700
4,8600
78,30700
82,32400
2,6200
4,8400
22,26100
3067,477300
258,80900
22,39500
13511,1834700
154,51400
59,69500
60,71300
70,30000
12,17200
20,24500
2,6200
3,7400
101,49500
20,24800
405,79000
1,5100
18,22500
6,10700
463,81100
2,6400
7,12100
224,71300
59,69300
1,8900
184,89800
1274,225300
502,70700
1,8900
11,18100
1,5000
2,6300
7,11400
2,6300
17,21700
227,64900
1754,229000
38,49400
36,48800
5,17200
176,69100
23,37600
1549,245100
151,52700
4,14600
66,17600
23,27000
670,154500
3,14000
25,44600
199,64000
17,34600
434,87200
3,12300
63,20900
23,48400
161,93200
144,68100
7,18900
102,83800
3,12500
17,35800
3,12700
3,13000
9,23900
53,84600
1,5300
7,12200
3,7500
112,72200
25,36500
2544,337600
2251,373100
35,67000
190,53300
9,21400
1,7400
101,66800
10,23900
7,19600
430,172900
6,17500
329,101900
3,12400
10,26300
84,54500
1332,339800
7,19500
1433,309600
4,14100
17,33800
4605,1054800
2,11000
94,63500
6,15500
6,15300
44,68500
1,7400
1,7200
2,9200
3213,474000
2,12500
1638,223400
2,11700
23,28000
235,88500
27,42800
1,5200
151,47500
81,31700
9,14100
27,30700
112,59300
4,15200
16,27500
2,6400
309,99000
4,15300
11402,1832700
12,20500
39,42500
33,37000
31,34300
685,89100
4,15200
41,43900
22,39300
7,20600
2,6600
2,7300
59,88300
2,11200
5,16400
23,47000
7,20200
15,31200
2850,520600
110,67400
2,6700
524,94900
3,13200
193,38300
7,12100
2,6200
1,5000
8892,1280400
119,68100
12,22300
283,75300
221,60200
37,55100
10,14900
14,18900
199,40500
209,49700
30,33000
338,76600
1,8800
7,18800
489,109100
1,8400
3064,422900
25,31300
1,5100
11,16000
525,95400
101,61100
329,67700
22,30000
12,17000
13,17500
57,58600
1,5000
27,30300
270,58300
6,11400
1475,223800
4,15300
644,103000
348,83100
8,21400
227,65600
1,8400
1,8900
1371,186800
667,126100
3,13500
592,107400
44,55900
2195,312400
322,60200
3,13200
256,43600
4,8500
56,57600
451,74700
3,12900
53,56100
2839,417700
733,144600
209,67800
12,26400
4,9400
11,29000
2,23200
1536,230900
6,19200
433,104700
86,45000
5,9800
3,7500
102,50000
14,18800
1,5000
219,58500
3,7600
2073,316400
328,64300
55,65400
7,20600
86,36100
1950,274200
114,67600
2458,362400
20,29900
1,5200
20,24300
5,9700
588,105300
31,44700
779,177700
1,10000
59,93400
11,18900
24,40200
3,8200
10,15000
3,7400
2,10000
103,51100
223,62100
17,22000
23,27200
286,93400
3,14300
3,13700
23,43500
68,30100
45,54900
27,37900
3563,561200
4319,696300
8,15500
3,7700
11911,1654100
13,19900
14,19100
6,10700
3,7500
89,38500
178,70600
5,16800
9619,1334700
3,9300
7981,998700
13,18900
87,42300
1,5100
7,12000
156,50400
13,17500
78,28200
215,54900
763,112500
26,41000
619,128400
600,117900
34,46400
8,12700
4,8500
11,15500
177,69100
59,59800
2,6200
24,27700
188,28600
7,11600
48,49700
11,15700
4,8500
16,20500
9,14100
2,6200
2,6200
1,4900
11,15700
11,15500
6,10700
14,18200
6,10600
1,4800
58,58500
7,11500
10,15100
3,7300
684,88000
12,16900
47,48900
29,32500
65,16000
12,16700
53,60400
1,5100
96,45200
39,41800
10,14900
1496,196400
392,73900
5498,816200
31,37400
7,20500
7,17200
12,17100
76,35400
11,23300
36,47000
216,63800
483,102200
2,10800
95,48500
36,39900
99,48200
2,6200
5,9700
28,31500
5,9800
7,11500
16,20500
21,31600
9,14000
381,60800
267,54400
6,18500
4,9300
9,14100
65,16200
13,17700
2,6600
1,4900
15,19500
1,5100
13,17300
2,6300
5,9800
6,10700
3,7600
123,69100
3,7400
59,59500
4,8600
6,10600
39,42400
5,10000
2,6700
1,4900
18,22400
4,8500
252,36300
6,11100
2,6100
482,100400
55,57300
6,10500
31,33900
1,5000
7,11800
2,6000
203,43400
10,33300
189,34900
14,18600
8,12800
47,49400
108,55600
1546,248900
1,9600
871,147700
81,40600
3,7700
10,14800
247,89300
255,48800
2924,394900
3,15000
6,16800
36,65500
2,11000
121,129000
15,38300
3,14100
146,42300
1,5100
3,7400
429,102800
1995,262100
9,20800
2,6400
34,38300
61,62400
1,8200
31,42400
2,6300
3,7500
36,39800
7,11600
4,8700
3,7500
507,77800
6,10800
3,7400
85,35100
67,24800
3,7700
2,6200
4128,576000
51,55400
22,38100
6,11200
694,102600
1133,166600
6,18400
143,39400
35,38400
3,7700
5,9700
17,22200
1,4900
4946,792800
2,8100
139,35600
38,40800
2,6400
1,5300
97,45300
12,16300
19,23100
17,21600
3748,470900
97,48600
3,13200
11,16100
4,8700
2,6100
96,44400
1390,197600
17,30500
4,14800
2,9300
1936,327600
30,69000
14,31200
5,10300
2311,316800
127,28000
49,79400
30,46200
3,14000
2,6600
162,56600
700,109700
30,48200
26,47600
6,18500
36,63800
7,12600
184,76800
4,15100
111,67400
20,25300
1,5000
4,8800
13,17700
59,60100
318,52700
29,43500
23,28000
160,55600
4,14700
4,10100
468,89500
29,42300
6,11000
4,8600
6,11100
6825,941400
3,9600
2,6500
73,24500
3,7800
38,47400
3,7800
1,5000
43,45800
46,48000
15,19600
48,50000
1,8200
155,57200
19,24500
3,7800
831,122800
51,62300
2,10700
188,32800
9,14300
3693,519900
26,34800
4,15100
46,49000
5,9900
5,10000
6,10800
6,10900
224,63000
291,76300
118,74100
15,31600
3,7900
3,7300
1614,203000
2,11600
23,28600
2,6400
18,22800
4,8400
6,10400
10,14800
530,98800
463,80400
4,14900
24,28600
5,9700
3,7400
13,17500
11,16100
1,5000
251,36600
12,16900
187,28200
19,23300
3,7500
269,55400
4,9200
1,4900
54,55700
78,34900
274,60200
26,41500
20,25400
3,7600
1,5200
44,66700
34,38100
2437,386400
305,91800
411,93800
8,21100
6,11000
21,25500
5,9600
73,23700
136,32800
342,125900
60,72300
15763,2071200
3,10200
6445,939400
1,11200
26,30900
4156,563200
118,67900
27,40200
1448,204800
3,14100
569,84300
1,8500
3,13300
97,46200
7,11800
4,8400
31,34200
39,42400
161,54900
12,27700
9,14200
18,23100
33,63200
42,45500
1,5300
38,40900
14,18400
18,22100
9,13700
3,7500
2,6200
11,15700
2,6100
33,36900
10181,1439300
7283,916000
11,18300
3,7800
9,14200
1547,387600
7,22000
1975,321400
30,41200
7,11800
209,49000
6,11500
4263,601200
4,11700
5040,650600
198,41200
351,86100
28,40500
206,46500
6,11400
17,21400
14,19200
5,10000
5,9600
82,42200
1,5100
1,5000
2,6200
24,27800
8667,1354800
6198,969900
30,63700
3,14500
1617,205800
2,11500
27,31500
344,73700
58,58600
2,6300
218,64600
7,11900
11,16000
4,8900
68,19800
62,12000
89,38400
8,12800
270,56900
3950,498300
2,10500
105,53200
15,19400
11,15700
2,6500
68,19600
168,61200
44,48100
1,8500
5665,761900
55,75300
1737,211100
28,37700
1884,260500
292,81000
33,46500
3,7500
5,9800
25,29700
706,108700
2,10700
92,41900
20,24300
209,49600
5,16800
4,9200
109,57100
4,8700
1,5000
41,43800
875,130700
27,41600
474,95900
2,6700
4,8500
96,83400
101,87500
2457,375400
19,31200
2,6400
255,39800
1049,186500
576,95600
5,17500
2,6600
1,5000
3,7600
28,32600
2,6500
22,26000
1314,224900
399,80500
7,20200
7,12000
11,15500
4,8600
66,17300
16,20400
3766,531900
162,60200
8,21700
21,25700
3,7500
8802,1307400
38,43800
5,17400
19,49600
277,64100
4,14400
19,30400
2,6300
16,20300
10,15000
13,17300
2,6200
155,50200
18,22800
1,4900
10,15000
71,22400
7,11400
147,42500
1,4900
33,36200
117,63600
137,33600
56,92700
13,24400
489,128200
2,10300
2,9400
914,260100
24,44000
33,55900
817,131900
1632,260500
4924,729400
177,72600
2,6500
8,12800
12,17100
146,42200
2,6600
1,5100
8478,1260700
1115,201500
61,69300
18,32400
79,29500
7733,1017100
22,28100
1711,254400
15,26500
1539,235300
103,58700
18,31800
1,5100
11,15800
16,20700
33,36500
36,39000
86,35200
8,12700
2,6000
244,79400
3,12600
17,28900
15,19400
56,57200
78,37900
3,8200
73,23700
1,4800
32,35000
4,8800
177,68900
8437,1235600
2,8000
2,6300
131,28800
132,29200
1,5500
29,32500
3,7600
37,40500
1044,178900
22,35900
4,8900
23,41500
5,18800
919,202600
37,51600
13,17600
4,8500
45,47700
6,10700
51,53200
64,14200
1621,211400
23,40900
2,6500
4056,566600
15,32800
441,102700
307,153000
94,93600
22,44000
492,182500
91,69400
3,14200
10,25400
46,80800
10397,1517800
55,59600
646,110700
197,44800
341,79200
4,14500
30,35100
57,58400
299,97300
147,50400
34,47400
355,83600
1,8400
1,9000
1444,209400
22,35500
32,36300
1,5100
51,52500
36,40100
5,9600
5,9400
9,13800
1,4900
2,6200
12,16600
41,43500
3,7600
2,6200
12,16500
1704,231900
22,34000
393,68900
69,29000
2,6200
2365,310600
6,16800
169,62500
23,37500
5,9900
443,70600
168,71100
4,14800
294,79300
56,67100
769,118500
4,15200
118,64300
48,60200
3,13200
17,22000
3,7600
149,50700
24,28400
493,108600
3,12700
26,36200
13,17500
11,15500
65,16000
287,71700
11,26100
29,32700
52,53700
958,143300
70,28900
6,17500
4,13900
22,32600
7,19100
49,60000
871,182700
12,30600
44,57200
567,84800
3,8000
655,112800
1,5200
275,63000
58,93600
6,20400
18,23500
19,23800
88,37700
25,29400
1890,254900
14,26900
1656,278000
14,27200
18,23300
336,67300
2,10400
11,22000
6,11100
533,103200
2,10400
13,23500
142,38300
444,66500
3,12600
172,72900
14291,2221800
966,148300
9,22600
1,5200
161,55300
4,8900
1206,178500
2,11200
26,30600
3,7600
11,16000
20,24800
15,19300
2,6200
63,12900
22,26100
185,77100
164,58400
22,26100
8,12800
31,33800
652,110100
37,51000
26,30300
15,19500
43,45800
10,15100
2,6200
35,38300
10,14900
5,9800
26,29900
54,61100
18030,2683300
2,9400
1,8900
7,17900
4,8900
41,44200
37,41000
8,12900
46,53400
9,24200
3,7800
14,18600
1,5000
2,6100
73,24600
12229,1608400
6,13700
5,9900
1,4900
5,9500
5,9800
1,4900
1,4900
67,19100
1,5000
1,4900
2,6300
1,4700
1779,255700
37,49800
28,32300
15,19400
211,51700
28,50000
194,35100
12,17000
2131,303700
3,14600
3273,467700
1365,182000
34,45900
3,8000
134,31300
6450,783000
3,9600
240,76900
432,110100
290,81200
2,10800
8406,1294400
95,47500
1,8700
112,65500
2,6400
38,44100
8,12600
2,6100
1,5000
2,6100
1,4800
27,31600
2,6200
11984,1787100
1,7100
860,148800
1,8600
97,50900
2,6400
24,28200
66,17300
147,42300
8,12600
2,6100
28,31600
8,12400
44,46900
4,8500
86,41700
3,8000
1695,239900
11,24700
150,52000
14,18700
31,34600
622,81000
669,130000
45,56200
2,10800
3,13400
767,129300
3,13600
3,8000
7,11500
7,11900
5,10100
2,6200
159,53000
2,6300
1,4900
317,49400
14,19100
1685,220800
23,34100
1,5000
12,16700
215,54700
486,101600
3,12700
75,26600
19,23800
1708,245000
6,19000
2,6400
1724,251400
402,83400
1,8800
2,11100
8,13000
1653,236000
165,70000
1938,277900
4,10000
2,10900
425,158900
113,80600
4,15900
3,13500
41,69400
173,113400
977,166900
717,125300
53,63100
105,106300
8,21700
1,5300
4,8600
14,18600
260,48500
752,101000
14,31100
4,8800
25,28700
1,4900
301,84600
2,10700
100,50500
37,51000
1366,204400
1,6700
24,28300
48,50800
4,8400
39,42900
2,6300
56,57500
2,6200
7,11500
9,14200
100,48600
75,25600
6,10700
41,43900
10,14800
3,7900
3,7300
12,16300
236,72300
491,115400
162,68500
17,22300
8,12700
969,153400
668,127200
2,11100
2269,347800
12,21300
2,6500
4,8800
4,8400
5,9600
547,118500
929,189300
10,20200
35,73000
189,37200
4,9200
1,5000
4,8500
21,25900
26,29500
100,48300
12,16500
1,4900
49,50400
9,14300
39,43500
3,8000
79,29100
588,103700
3,13300
278,69100
34,47200
8,13500
247,117600
39,54000
306,90800
436,64400
36,48800
5378,814300
2,7900
31,34600
90,39900
1478,228300
29,41000
1,5300
184,75300
3,7600
53,53700
3,7500
3363,432000
7,16900
657,115400
4,15100
2,6700
229,73600
2,10600
382,60200
3442,520400
9,19000
901,156200
129,34600
3,8200
7,11600
9,14200
110,74400
7,11900
2,6400
77,26900
383,59800
11,16000
3,7500
24,28200
95,43600
1,8500
2,11500
10,27700
13,34200
15,37800
2,12800
365,160200
1,10100
8,19300
69,20600
2,6300
1046,196900
159,63000
1,9000
291,82100
33,55600
402,100000
329,77800
45,86100
114,62500
110,68200
479,160800
30,35600
529,102500
399,122800
665,132100
14878,2156300
42,48800
5,17700
59,60700
4,8900
3,7500
18,22900
780,132800
152,55500
64,13900
15,19700
1,5100
16,20200
1671,270100
8,20500
754,104300
234,78600
2,10800
101,49900
61,62100
142,51000
58,68000
73,32500
3,7800
1,4800
4,8200
7,11600
56,57200
1,4900
1,4900
2,6100
7,11700
478,96300
1098,183000
184,88200
2,10700
7,18100
9,14300
104,51700
2,6300
1,4900
8201,1267900
1,6700
9,14600
1,5000
2662,382600
1,9800
945,139400
2,8600
1,5100
24,28100
41,44400
1,4900
2,6300
1,4800
2,6100
32,35200
44,46700
7,19900
168,62200
236,73800
32,36600
54,61100
29,32500
112,59000
695,100500
5143,695800
3,9000
32,35900
2570,426500
3,13700
10,15600
31,34700
3689,504000
13227,1939600
159,56700
168,70400
40,52300
29,42100
255,40800
343,76100
5,17100
16,20500
46,49400
2,6300
24,28500
22,32600
13,17900
1,5000
4,8400
6,10500
667,124000
254,44700
732,149400
10,15700
67,19500
145,41100
1,7300
22,33100
14,19600
1,5100
32,35400
16,20300
1174,227300
262,51500
6,11300
5,9700
2,6400
36,39400
134,31900
12,16400
193,34300
23,27400
84,37700
4,16600
4,8500
14,18500
16,20400
9,13800
13,17500
137,33300
29,32500
171,64500
1,5000
7,12300
1,4900
10,25600
1072,159500
1,8700
37,46000
10,15700
77,27600
1,5300
12,16900
23,27100
47,49600
4,8400
67,17800
1,4800
19,23400
17,21800
2,6100
20,24100
27,30300
5,10000
36,39200
8,12500
9462,1393000
1,6700
10274,1336900
4,10400
53,54900
226,73200
17,30300
2,6600
55,56500
20,24400
13,17500
136,32700
38,41800
57,64600
20,24600
3151,501800
8751,1436400
1,9800
2,9800
1,7900
7,19100
253,64500
238,121000
16,33200
4,13600
37,65100
2761,417900
2480,399500
107,98900
5,11200
314,87900
8,21500
11,30300
7,21900
1,10100
29,62900
12,30200
31,65400
13,25900
11,30000
24,54100
6,11800
8627,1288500
47,51900
3,13500
12,17900
24,28100
152,47200
1263,182100
2,11500
52,59700
75,26000
124,18600
181,73200
2,6300
31,34200
3,7500
29,32500
22,30800
1,5000
818,110000
210,57600
1,8700
4,14100
51,53200
42,45200
46,49200
1,5100
2,6200
1,5200
1,4800
156,54300
5,10000
11,16000
5,9900
3,7500
3,7500
57,58400
16,20400
12,16300
6837,870700
2309,358000
60,69100
171,73100
3,14000
143,40100
3309,425400
1,9400
20,25900
157,52200
12,26300
58,77700
24,36900
20,32100
4,9100
32,36500
2,10800
10,21800
775,128600
1,5200
4519,653000
19,25700
16,22300
13,17700
5,10000
173,66900
1,5000
90,39300
656,116200
29,35400
602,114800
39,52300
4431,709600
1,8500
5,9900
36,39700
12,17000
14,18600
183,75300
4,14600
72,25000
61,62700
1,5000
570,88500
24,41100
3,8000
1,4900
34,37700
2,6300
4,8400
1,4800
15,19100
629,92300
2,6400
4,8600
8,13100
173,67100
2,6400
1,5000
946,133000
20,48900
82,33000
22,26300
6,11000
4,8700
9,13900
13,17400
5,10000
59,60500
228,66600
114,101600
14,35300
2,6600
11,15600
1,5000
5,9600
4528,656800
1688,247200
81,39600
2,6600
3,8200
128,23200
53,55400
4,9000
1,4800
34,37100
2,6200
31,35000
26,29300
1,4800
2,6200
727,130100
2,10900
5,16500
30,33900
92,42000
21,25200
642,104600
249,40600
4,15200
50,52400
4,8600
99,47300
1,5000
2,6200
31,34700
6,10900
3,7700
137,33000
80,30300
7,12000
3,12500
246,85700
1,5200
6,10900
598,114700
6,19200
4,8900
1813,271000
2495,382000
994,123200
20,32200
23,28000
10,14900
2,6200
163,57200
3,7900
9,13700
28,63100
3,7800
22,26500
16709,2736700
12,20500
584,103900
62,19500
6,11600
1,5400
4,8500
2,6200
5,10000
2,6000
14,18400
20,24700
31,43400
1984,237000
1582,219700
1,9500
16,26800
145,41200
114,61200
17,33100
49,51500
34,47800
6,19000
61,62100
13,27600
17,22500
57,57300
8,21300
70,21500
124,18900
13,18000
39,41900
19,23100
451,70500
97,54600
7,20700
17,21900
12,16700
137,33600
64,13800
37,40200
196,36800
1080,164000
3,13800
63,13300
28,31500
79,29500
1046,180700
24,37400
10,15400
189,30400
6,10900
4,8900
69,20400
2433,335400
106,65700
1881,254400
29,38600
52,63300
2,10900
3879,493000
722,125400
2,11100
556,122400
7,20400
7,12200
11,15700
1,4900
56,57700
51,73000
21,40200
14,19600
22,26800
29,33200
7,11900
9,14300
80,34800
57,61800
1,5100
14,18800
2,6200
11995,1689800
5,17200
11,24000
165,92300
115,95400
19,36500
221,91200
67,28500
36,59800
132,42600
6,15300
17,33100
8,18600
209,78100
3490,728500
9,25300
3,12300
4750,650700
104,95500
6,15200
22,38000
4,8900
147,43000
111,64800
7,11900
7,11500
55,74800
94,81700
4921,685200
4914,719000
1,6500
3,7900
194,35900
470,89800
1122,154900
251,41300
336,72400
2,10700
7,13100
49,51300
71,22100
11,15900
3,7600
32,35000
664,120300
635,98800
48,58900
81,31500
3,7600
61,67800
32,46600
4,8900
15,19200
3,7400
6,10800
3,7600
1,4700
142,38200
75,25200
3,7700
21,25800
10106,1365500
6,13600
11,16400
1,5000
1,5200
835,126500
1,8700
15,25800
2,6500
91,40400
3,7700
43,46000
13,18000
5,10000
263,58800
2,6300
2,6100
1,5300
7,11500
2,6400
3,7300
1,5100
2,6500
3,7500
11,15800
10,14500
1,4900
9,13900
27,30700
30,33100
145,41200
1,5000
87,36400
10,19300
55,59600
22,31600
4,17100
2151,316000
1,9200
4811,645100
46,50500
11,25600
55,57300
6,18700
1,5200
1,4800
2,6200
3,7700
98,46500
128,24100
54,56000
5,10000
1,4900
2,6500
11,15900
9,14300
110,56700
145,41500
3,7700
3,7600
2,6000
21,25400
1394,242700
352,89500
7,11900
6,11200
7,15300
6365,866800
26,31700
1,5100
9,14100
41,44800
25,28800
59,59300
1,4900
174,67000
1758,245200
3,14000
1567,207700
3,13700
429,99900
36,49300
177,80600
58,68100
45,56500
349,90000
6,19100
6,11200
1,5000
3,7400
769,127200
1,5700
58,72100
1082,248500
1752,284900
7,13600
27,42000
104,65500
4,14600
9,25500
11,26400
1,9000
204,60900
22,47000
571,96400
30,36800
18,22600
5535,806500
57,60200
638,102600
305,91600
144,49800
667,125500
16,30100
1,5100
4,8400
102,50000
64,14100
1,8400
5,10100
46,48300
1,4900
1,4800
6,10700
15,19000
1139,170000
1,9000
2336,356300
46,54700
6,19500
3431,451100
8,17200
10,15200
442,63600
275,68600
4,15100
91,40300
183,75000
96,54500
91,49000
5,17800
1,5500
9,30600
48,49800
1,4900
19,23700
5,9800
3,7600
1,5000
10,28200
30,51700
2,10600
191,33800
26,30200
9,14000
12,26200
1413,219700
17,29800
4,8700
1,4900
148,44000
1,5200
28,31600
3,7900
2,6100
78,28300
1,4900
5,9600
2,6200
13,17900
60,60700
129,26200
75,32100
257,45900
282,68500
409,129000
492,115600
2,10500
9,14700
388,64900
11,25500
4,8700
843,138400
41,52900
888,129800
3,13700
3633,751100
1,7300
21,26200
260,48600
61,68400
17328,2623400
2,9100
5,10200
29,33200
102,50900
16,20100
3,7700
56,57400
4,8500
184,74600
564,80700
150,54200
6,11500
248,32600
167,60600
1551,190100
32,48000
12,17200
21,44800
2,12500
3,14500
7,22600
1,10100
6,20000
9546,1301800
27,33200
12,17800
163,57500
590,119100
4,15800
273,60800
16,20900
54,55600
3,7500
3,7700
8,12400
37,40500
424,97000
19,23900
469,85800
450,75900
6,18900
1,5100
329,61300
45,48400
11,16400
9,14100
5,9700
2985,391800
1292,208100
2421,318500
9,20400
11,16200
1,5200
29,39500
365,97700
5,10600
56,63500
503,69600
37,46100
5545,839600
5,13100
32,42100
134,31700
851,158500
73,33100
427,139300
1,9300
633,102000
2,11000
29,33200
35,39400
7,11600
1528,226100
123,75800
57,67300
8,21700
6,11300
1405,217000
148,51400
127,30900
2,6700
701,118900
2,11600
168,62100
10,15700
2349,346900
3,14000
1792,271800
267,77300
19,33800
137,33500
1,5100
22,26300
3,7700
1,5000
3,7400
30,34000
30,43400
4309,678200
52,57400
3,13000
13,18700
10,14700
61,61900
385,62700
40,56500
303,88500
14,31700
8,22400
7,11800
13,27200
8,12800
11,15800
26,33200
1,5000
2,6100
4,8600
1,4900
62,11500
2,6200
4,8600
4,8300
59,60000
12,26800
3,7700
1,4800
23,27600
93,42400
530,102400
1,5100
19,24200
1,4900
52,54100
10303,1507300
1556,208000
4,16000
599,114600
8,22200
30,33900
17,21900
373,55300
1,5300
19,23900
610,124400
1,8400
3,13600
1,5000
1,4800
1628,267700
2,13000
8,13500
96,45100
2,6200
329,60500
5,9900
9,13900
20,24400
2,6800
20,24800
18458,3050200
6,14800
3,13400
15,21000
14,18600
80,32100
527,98000
3296,408300
4,11700
7,12300
18,23000
157,52500
5,9900
1,4900
7,11400
8,12500
11,15800
164,72100
2,6500
26,29700
14,18400
1,5400
1,5000
1,4900
1,4800
44,46600
49,66800
2,12200
78,62900
8,26000
373,94600
47,61400
1,5300
24,29200
10,26300
1,5300
435,69100
175,71000
654,146400
44,73300
10,25500
3,11300
2,6400
1,8100
137,51100
14,35000
19,35800
10,27300
339,116900
10,18500
6,11000
1,7800
5,16600
3,11100
7,15200
2,6400
3,13300
2,6700
139,36300
169,87300
113,104700
8,21100
451,90600
12,29000
5,17900
1093,187700
103,52500
74,25300
2,6300
10,15100
63,13000
434,53300
721,128900
35,39700
9,14000
81,31000
2,6100
1,5400
1,4800
100,48400
1,4900
7,12800
5,14500
2,6300
1721,316000
5,10400
950,133300
14,28100
2,6600
76,27000
5,9800
77,27400
15,19400
226,63700
254,39100
6920,920700
1,6700
5,9900
1029,232800
3,15900
43,52900
2,6400
2360,304400
4,15000
1,5100
94,42600
28,31500
3648,487300
1360,221600
35,45900
14,27900
38,41700
89,38800
37,40400
2,6400
1,4900
8,12600
15,19000
1,4900
29,33400
63,22500
6,11800
3,13100
4,9700
11,25700
1894,438600
193,42900
1673,312100
224,110300
23,40300
4724,659500
2,9100
598,121300
6,19100
9,15000
3,7400
258,47300
1905,270000
43,53500
37,50200
24,37400
46,48900
7,11800
27,30700
293,78700
5,16500
972,157200
24,40600
10,15300
407,82500
649,168400
4,16000
42,45400
1,5000
2,6200
28,58300
42,87500
2,13500
6,11300
92,41900
1085,177600
79,40100
1,5200
1,5000
27,30700
38,41300
2,6600
4,8600
2,6100
22,26000
2,6200
5,9800
2111,290500
77,34600
20,25000
3,7600
2,6300
22,26000
3,7500
176,67900
18,22900
6,10600
1,4800
2,6300
2,6000
2,6300
30,34500
85,35100
22,30600
303,86600
5,16500
56,57800
21,25300
1318,184100
26,38200
14,19100
92,40600
202,41700
50,51400
124,18600
9,13700
67,18200
14,18500
41,43800
5,9600
218,56300
1,4900
33,36400
223,62000
76,36500
4,8600
3,7300
12,16600
435,56900
24,28100
2,6400
5,9600
492,114800
7,20300
38,41700
1,5000
305,89000
109,69000
2,10900
6,16700
29,33100
15,19300
184,75600
403,93000
89,47400
4,8700
4,8200
14,18600
273,60700
51,54200
647,111500
92,49300
5,17500
4281,733500
29,36500
3,7900
245,83100
89,48300
1327,193900
154,56200
4,15600
5,9900
1,4800
4,9000
140,37100
633,95600
81,67300
200,50100
12,25500
835,130500
28,40700
59,60200
28,41800
48,50800
47,49500
699,105900
116,78100
62,21100
18,37400
4,16300
3,13200
5,17100
5,18100
27,56300
2363,340000
180,115700
11,16700
138,62700
13,34700
65,31100
3,15400
41,90400
29,58500
142,46900
23,48900
4,12600
2,6200
4,12300
86,37100
3,7700
119,65400
161,56200
10,15100
2,6200
1,5000
1,5000
129,26000
11,15900
398,76900
8,12800
59,60400
36,39900
5,9800
1,4900
1,4900
9,13600
1,5000
4,8300
101,49600
2,6400
37,40500
1,4900
14,18500
16,20400
5,9800
15,19200
1,5000
18,23300
6,11100
2,6500
40,43200
108,55800
373,52300
54,57000
6,10900
19,23700
1345,215200
5,17300
11308,1685300
32,43900
25,39000
8,13300
2,6300
2,6200
176,101300
1,6300
127,22500
1,4900
1,5200
301,97100
1,5300
918,151300
344,75700
3,14900
340,77800
19,24700
11,18200
3,8200
51,53400
301,87000
533,103500
362,96400
2,10900
2,6500
36,39600
1,5000
15,19600
30,33700
230,67900
48,49900
13,17800
1,5000
2,6100
2,6200
33,51100
93,79500
9,28000
3,15300
1,10400
25,55400
6,21800
3,14900
15,37100
5,20000
17,23600
4,8800
41,51500
19,24000
4,8500
7,11400
696,102900
65,27400
148,44400
25,29100
1588,250400
110,62100
10,20600
1,5100
2,6200
272,59600
4,8300
11,15500
1,4900
41,43500
2,6000
2,6100
6,10700
126,27200
5,9800
126,20400
5088,652900
4,11800
3,7600
9,13900
4,8500
1,8400
19,30200
13,17700
1,5000
7,11700
14,18400
24,28900
1688,219200
2,11400
39,42700
6386,1043800
9,26200
5,16300
798,241900
49,93600
3,8100
88,65300
3,15700
102,95300
3,14300
1,9300
4,9000
435,56200
226,64700
21,25500
218,57300
76,36800
2,6500
1788,262800
5,17200
240,77800
4,14300
111,59000
4,14400
4,9100
5,10300
236,73500
26,31100
577,92700
8,21600
25,29300
4,8500
39,42800
33,36900
21,32900
602,155600
74,35400
1,5200
39,42700
42,50600
6,17100
13,17900
3,7600
38,41100
1889,250000
8,20300
38,41800
1,5000
36,39900
72,23300
326,57600
1411,226500
4,16000
128,24300
221,59200
2,10200
484,101900
601,120400
152,51500
3,7900
2,6300
82,32400
31,34000
2,6400
1233,208900
5,17700
5,9900
20,24400
2,6500
83,33200
2,6300
73,23400
72,23100
3,7400
29,32600
2,10500
618,221200
88,49800
3,14200
32,43100
3,13800
6,20300
30,51000
621,141400
16,22300
3,7800
39,42700
9934,1461200
3,9900
14,18800
9,14200
1,4900
122,68900
13,17800
174,73200
2,10800
43,55100
9,14200
229,67800
90,50300
3,11300
391,66200
7,12100
4,8800
563,86500
18,34200
235,72800
59,70200
5,40100
2,6700
19,24500
34,37900
5,9800
20,24500
21,25300
5,9800
32,35200
5,9600
102,49800
2341,357700
25,36900
1,5300
171,65800
281,69200
2,10700
2,10900
4,15500
2,11000
6,19000
5,11000
243,148600
189,54700
9,23400
19,40400
122,125800
1098,312600
1,7100
101,92900
43,89100
48,65300
273,61200
5,10500
4,8400
13,18100
1,5000
43,46200
1687,235300
3,14400
140,37600
25,30000
229,67800
1765,244600
2091,361800
4,16600
7341,1111300
19,26000
117,72800
4,15200
2,6600
43,46300
453,74200
3,12800
17,23200
11,16500
3,8100
7126,952900
6992,884900
121,70900
18,32700
518,106700
1294,210200
1,9500
51,54600
14,18800
3,7500
2,6500
1,5000
149,44100
5,10000
5,9600
295,80800
4,8600
480,97100
52,64000
3,13300
3,8300
672,128400
19,33800
612,124200
11,25600
45,48900
14,43700
208,48800
15,19400
2,6200
2,6100
2,6200
472,90300
12,16600
29,32400
252,37400
15,19800
20,24600
5,9800
14,18500
1,5000
19,23300
3,7500
1,4800
3,7400
3220,473700
17,28100
8,13200
3,7500
32,35500
5,9700
67,18100
369,95800
42,55300
178,77900
1,8800
16,25500
2,40100
55,113600
7,28100
201,67400
5,20500
186,46500
9,27300
24,45500
79,46600
16,27600
8,20200
23,35300
2,11700
860,218400
19,38700
4,17500
326,111900
381,65500
1,9400
918,157700
156,57800
4657,879300
429,108500
3,13700
3,8300
17,22100
2593,460500
4,15800
3,7900
29,39700
3,7800
5,10000
2,6300
1,4800
210,49800
18,22400
18,23000
129,26600
113,60400
40,42900
52,53900
5,9600
17,22100
7,11600
745,98600
2986,384000
16,24300
1160,232300
53,64400
4,15100
2,6300
16,20500
2,6900
6,11100
3,7500
10,14800
34,38300
21,26100
2,6000
306,89100
118,64600
30,44500
97,47200
77,34000
9,14000
20,24000
104,51600
2,6100
1,4900
6,10700
1,5100
804,152600
17,31700
5,10000
1,4900
2,6400
19,23600
517,88100
2256,314200
7,18300
336,67200
282,77800
52,63600
8,21800
30,61600
3,12700
138,39100
1,5000
2,6000
229,66100
712,123500
516,93700
72,31900
24,28700
42,44600
32,45200
170,64000
2,12000
93,42600
116,62000
158,61800
353,87900
20,33100
10,15100
3,7300
29,32700
4,8900
1,5100
2,6500
4,8900
20,24400
16,20000
6984,1110000
136,35600
3,13000
22,27100
1887,250500
8,19800
81,31700
19,23600
2,6800
7,11600
38,41600
546,177100
2,11400
17,38900
90,68200
496,108200
78,50700
102,89900
58,101900
1807,230900
8,22100
1,5300
2,6100
3,7200
105,52800
22,26600
24,28600
111,58500
8,12700
36,39400
6641,978800
45,50400
4,15000
3,7900
182,74700
165,67900
3,13000
22,26600
111,58300
755,115200
613,127000
9,22300
13,17700
13,17900
6,10800
16,20100
18,22600
15,19200
842,139800
3646,487000
6,13400
6,11200
31,34900
12,16700
1,4900
1,4900
20,24200
2,6200
57,58500
1410,214900
199,44500
3,12700
13617,1893400
1,6900
3,7900
390,67000
3,7600
19,23300
1,4900
7,11600
318,50800
53,54900
25,29300
2,6600
40,42900
85,35300
9,14100
13,18300
2,6500
2,6100
36,44900
218,57400
6,16600
60,61500
133,29700
1,5000
374,49100
34,37900
15,19600
14,18200
48,49800
5,10000
26,29400
104,51500
40,74700
1,9900
22,49500
3057,391900
1,9700
46,49200
3,7800
865,152200
32,45000
18,23500
1,8100
3,8900
1,5000
30,35000
37,52500
35,56000
3,13700
1,9000
1694,332500
39,84500
20,47200
1,10200
1,9600
1026,268800
8,24500
25,54300
142,70100
2,12600
144,71600
163,88800
11,16300
25,52100
4,16600
306,135500
1,9300
279,80200
86,45400
126,21200
12,17100
82,37600
2,6300
7,11600
6,10900
5,16700
6,11200
33,36500
4,8600
20,24600
378,54000
3,7600
20,24800
4,8300
2193,322100
1,9500
11,16400
1,5000
7,11300
5,9600
68,19100
370,97900
82,32000
6,10800
481,98200
8,22100
2726,390500
60,67400
6,18900
2789,398400
32,41600
856,148100
1461,219800
3,13900
4749,688200
2985,399700
101,52700
73,33600
13,18100
2,6300
2,6300
1,5000
42,44500
6341,859000
6,12300
123,68400
14,28700
3,8000
12,16800
7,11900
4,9000
60,60200
1,5000
75,25600
10,14800
57,57900
3,7600
27,30600
27,47300
66,17500
48,50400
962,176700
46,60400
487,104500
263,58600
1,8600
67,23100
172,65400
187,28100
1147,175200
15,29000
14,18900
6,10800
11,15500
10,15400
805,159700
2,11300
284,72100
1,5300
29,33100
2,6100
102,50500
12432,1921800
11,21800
1,8900
247,86000
3,7800
1,5100
568,84500
72,33000
3,14000
37,77100
2,13200
58,75400
96,55100
16,30500
1,9000
4,15400
3,14100
4,16300
383,114200
83,44900
14,19600
24,29000
9,13600
2588,365800
17,29100
1,5200
3314,431400
6,17600
150,51600
19,33000
1,9100
1,9100
2,11300
289,84500
9477,1567600
1,7100
23,27500
9,13900
13,17700
6,11000
22,26600
3,11800
2,6100
74,36000
195,37100
73,24400
2,6300
879,116600
80,44000
774,133800
68,19700
2,6500
238,78000
14,18900
12,16800
302,86000
58,77300
6,19500
17,22100
5247,727700
45,50800
3,12800
455,76100
68,28100
1,5100
3968,473900
7,18500
31,34800
24,28000
2,6600
217,56600
4,14200
29,38900
78,34400
1515,213300
4,15600
8,13100
47,49400
64,13900
1,4900
2347,342400
85,36500
1001,125800
17,24000
5,10000
9,13900
17,22100
193,34000
15,19500
46,49500
53,72300
40,43900
19,23100
7,20000
17,40500
11,30600
367,137900
120,77200
1,5200
37,40500
14,18900
20,24700
12362,2000600
7,15300
5,10500
2,6500
102,51100
165,59400
1,5000
1,5000
3,7400
33,36700
75,25300
38,41500
17,22500
128,23600
8,13100
1506,200000
9,22800
4,8900
1,4800
24,27800
4,8800
10,15100
54,55600
3348,439800
16,24600
7985,1041300
1,7200
1,5200
2,6200
251,36800
23,27600
17,22100
1,5100
4,8500
2854,362400
2,12100
2005,254800
2,11600
2,6500
2,6900
1,5200
37,40500
4931,654800
1512,209800
11,22400
4675,723400
10,17900
156,52100
105,63300
41,54200
25,38500
11,16500
796,140700
5,17100
29,33100
12,16500
140,37300
16,20600
12,16800
44,46000
2,10800
1,5000
278,65200
55,56100
890,128800
12,26200
522,94800
493,114100
271,65600
24,37100
1,5200
220,58600
769,122900
838,154700
477,98700
6,18700
1,5200
5,10000
1,4800
128,23200
18,23200
6,11100
18,22800
48,50300
7,11700
2757,375000
1327,318100
292,97500
2,9200
4,13700
25,54000
3,15000
123,134000
4,10400
180,133900
10,28000
3,15000
163,105000
4,47000
74,29000
66,22900
4,12200
1,4900
52,59700
36,79000
1175,289300
20,35900
754,106000
7,20800
16,27400
1529,228800
13,25900
2,6400
6,10700
4,8900
3,7200
4,8500
74,25100
15,19100
6,11000
480,98600
536,161100
42,56700
1863,278500
3,14300
2,6500
8,13000
32,35800
3026,426000
1429,187300
8,19900
1,5100
3,7600
34,37500
2,6200
185,76300
6,11000
3,7300
223,61600
37,40700
1664,244600
46,56700
57,67600
1,8800
93,46600
18,23000
4079,519000
2,9700
20,24600
10,14800
19,23800
22,26200
1,5100
10648,1592300
2,8700
7,12100
3,7500
193,34700
60,66200
117,74400
26,39700
23,27700
10,15200
1,4900
2790,349900
23,37200
617,129900
2,10800
51,58700
2,6500
34,38300
1,4900
97,45300
2587,361900
2,12000
3,8100
2,6200
1,5400
1,4900
17,21700
42,45000
3,7400
1,4800
312,44900
32,35300
14,18700
791,135800
145,43000
432,109800
833,132300
23,35500
31,34000
49,61100
44,67800
21,35800
177,104500
1,9100
50,112400
5,16700
356,144500
7,22200
15,20400
583,155700
26,46400
1,9600
589,149600
52,65300
13,18300
4,8600
16051,2160000
24,32000
69,30200
4,9000
2044,316600
8809,1132500
566,91600
974,159600
999,135100
115,69100
8,22100
2,6700
48,51900
2,6200
38,41600
103,50900
1012,136800
1,8600
2237,307000
2,11800
95,44800
38,41500
5,13700
30,47300
30,44700
3,7900
32,35800
121,69600
9,14300
3,7900
14,18900
1,5000
3,9100
25,29800
2,6500
2,6400
9,15800
4,8500
2,6100
16511,2519800
17,43700
25,48100
60,65500
2,11500
446,87500
7,12700
20,24600
33,37300
16,20300
17,22000
634,95100
118,73800
24,36600
279,65300
2010,260300
2,11600
4,8700
733,139000
119,73700
1123,154300
1,9400
647,104900
4,14600
284,69600
16,20700
10311,1415300
8,14700
2,6600
2,6100
6,10700
5178,674900
15,21000
2,6400
64,14400
7,12200
3037,423200
1,9700
2,6400
15,19600
37,41200
8,12800
273,59800
15,19800
16,20600
4,8600
86,35700
3,7800
226,70500
1,8800
484,101000
3,13200
7,12300
2,6700
20,24800
14,18600
26,30200
20,31400
4,9000
8,13000
3,7600
232,76900
31,34200
11,15700
180,72000
8,12500
33,36600
82,31900
19561,2899700
8,16400
3,13200
2,7400
7,12100
18,23300
483,112300
1,8900
47,70900
99,93400
2,11000
4,14000
6,17300
3,12300
33,60800
389,115200
239,132800
5,17400
3,14000
7,19600
4,15500
1373,312500
7,21900
6,19800
26,42600
963,151800
4,15200
70,22500
4128,616700
8,22300
581,105600
2,10600
518,151400
4,14500
4,13400
6,17500
93,69500
81,53600
744,146800
11,26500
16,32700
121,115300
119,72000
1689,222000
3,13800
3,7900
77,27700
4,8700
6,10800
1,5000
3,7600
2,6300
8,13000
104,52800
134,31000
2,6500
123,68700
99,56500
318,51200
1,5000
36,40000
4,8800
31,34100
13,17400
15,19400
239,76200
41,55900
7,12100
4,8300
20,24100
695,99900
8,21700
48,50500
683,89200
5,17200
15,19600
386,61700
20,34300
3,7700
1,5000
2,6100
114,61900
136,33600
44,46900
179,80300
1963,278700
14,24700
7,12000
307,91500
1,8700
76,32400
2,11000
1088,171900
8,13000
9,23900
2436,382200
1003,162200
7201,963600
1,10600
22,50900
106,93500
2,10700
285,115400
3,8600
36,88000
28,53700
22,51000
3012,422600
92,42400
215,65900
12,19300
71,46200
264,97200
3,8100
16,37700
3,14900
12,32100
25,55700
10,20200
26,29900
5,9800
8,12400
5,9800
41,44100
5107,835000
4,17300
1,9200
14,35100
23,52000
777,149400
3,8300
332,113900
541,118700
277,104800
113,96200
38,67400
5,12000
18,38600
6813,958000
256,74200
1,5900
3,8800
740,207400
18,28700
991,271100
15,36400
61,105500
6,15800
40,45800
16,20500
160,55000
3,7700
20,25100
68,19300
56,57300
15,22500
500,134000
1,6600
206,54000
285,71500
33,55500
2,12700
6472,916400
130,44100
976,219800
213,59300
8829,1388800
4,10200
83,35200
3,7900
19,23500
39,44600
29,35200
136,34300
150,47000
3,7800
21,25400
1,4900
8,13000
38,41500
20,24400
905,146200
18,26500
7,11600
5,9800
146,48000
5,10100
105,53700
5,9800
11,15600
39,42100
17,21300
59,59300
22,40800
262,50300
78,28400
5,9800
2,6200
17,22000
8,12600
93,41200
182,74300
19,34200
3,7600
6,10700
42,45100
194,36100
4,8800
1727,264900
5227,727900
40,96300
9,26000
231,94300
1,9400
200,70600
86,37100
69,21300
260,49200
8,12800
6,10600
123,75300
17,33500
77,28300
134,31600
2336,341200
61,68200
50,61400
23,36300
5,10100
21,25400
19,23100
79,29400
3,7500
4,8700
16,20200
40,43600
80,31000
342,73200
8203,1267600
480,99800
3,14000
1,5400
8,12700
4,8800
11,15900
8,12700
139,35400
8,12900
139,36000
65,16500
1,8500
19,23900
15,19800
3,7500
153,47900
28,32100
22,26000
8,12400
5,9700
24,27600
98,46700
1,5000
1,4700
804,148600
144,45800
264,55200
2801,363900
16,26800
18,22900
10,15000
6,10900
3,7500
20,24600
1,5100
3327,460300
2,11500
9,14600
174,67100
4,14500
245,82500
9,24100
10,15500
9,23100
5,10300
60,61100
73,33600
12,17100
1,5100
8,12500
1222,200600
41,52700
2,12300
1,5800
2,6200
24,28200
6,11100
50,52500
106,54200
1,8400
49,62100
4,15300
1,5400
1,4900
3,7400
2,10100
88,38400
10,15200
9,14000
6,10900
45,48000
814,109200
14,28000
47,50600
7,20500
6,14600
16,20400
20,24200
47,49800
6,10700
455,75700
4,9000
10,15300
336,67800
296,80700
2,10500
85,43200
28,32000
23,27300
1131,165900
4,15000
1513,215400
3,13800
1120,213400
3,14300
45,48700
2,15200
30,50900
2,6200
29,32700
5249,831800
8,15900
2,6400
17,22000
9254,1425800
136,35300
44,46900
1,5100
6,11000
327,61400
6,10900
4,8200
7488,940800
5,11400
4,8600
142,39500
26,29700
11,16000
4,8800
248,33000
22,26200
2,6500
69,20000
411,87400
1856,312300
15092,2090900
9,16800
1,5700
80,30700
2,6400
522,109300
130,47700
4,15200
68,35600
905,187000
150,57500
11,16700
3,7700
1,4900
2,6100
1,4800
142,38600
7,11900
3,7500
19,23400
1042,184700
16,20700
13,17700
16,20400
647,104900
879,115300
1,5200
12,16800
303,86600
4,8600
45,47800
4,8500
1,4900
587,102300
1,4900
5,9700
759,106300
15,19900
11,15800
14,18600
46,49300
2,6000
21,25100
458,103600
3,13700
17,27400
50,56400
2,10600
6,15900
14,26000
2178,292800
94,43200
2,6900
70,29400
1,5300
3,7700
151,46200
3,7500
166,59500
152,47400
25,29000
11,15800
15,19600
5,9800
2,6300
45,48200
4,8600
621,81300
2727,386700
2480,314100
1,9400
97,67300
4,15500
3,11200
9085,1446900
6,13600
100,49100
14,18600
341,73000
61,73600
254,40500
1,5200
31,34600
10979,1516100
5,11700
4,9100
365,118700
4255,590300
4,10300
1,5100
5,9900
424,96800
12561,1711700
16,23000
3,13800
56,59300
1,5400
10,41000
10,15100
9,14100
235,72400
191,32600
6,11000
6,10500
61,62200
3,7500
2,6000
5,9700
5,9800
767,133100
524,139500
15,20800
2,6300
27,31200
4,8500
7,11500
427,98400
6,10600
1,4800
246,82000
4,8700
306,89700
33,49300
4,14500
161,55200
29,32300
3,7600
1,4900
14,18400
2,6000
2065,295600
1,10600
18,23200
26,30300
8,12400
198,38400
3340,487700
8,14600
94,51100
17,33100
47,50500
1,8600
11,28700
7,18800
142,44200
16,20600
1,4900
4401,688300
56,61700
1,9500
129,31100
49,52200
4,14600
173,67100
71,31200
374,84600
4,17100
40,43900
1,5000
52,54400
46,48900
1009,137900
10,23100
11,16300
1,4900
2737,348900
181,78000
1,8800
4,14200
3,7800
250,36000
71,22300
106,61400
5,10200
91,73800
28,59800
31,46800
35,39600
264,53700
1,8600
15,27100
335,66700
5,16400
15,20300
7,11700
9,14000
3,7600
264,51800
14,18800
5,10100
933,113600
32,44900
13,27100
1000,126800
53,63400
6,19200
2,6900
2,6300
319,51100
25,29300
21,25600
2167,347800
14,25800
8602,1324300
4,10500
21,26000
2,6300
2,6300
8,12700
7,11900
1,4800
17,22100
7,12200
2,6100
50,52400
51,69400
655,112800
197,46500
140,36500
748,130800
4,10200
3,12000
2,11300
203,82700
5420,710700
13,19400
102,50800
5,10200
26,29700
4,8500
24,28800
257,46100
16,20100
2,6100
614,125800
27,43500
1263,186300
2,10900
1711,252600
2,12000
1,5500
5,9900
70,21000
846,136200
178,77500
9,22700
8,12700
856,148800
1,8500
43,51000
19,32900
43,45800
2,6400
95,43200
174,67400
295,154400
5,19900
1754,252400
7852,1113200
221,63700
540,116000
7,20500
94,44000
132,29400
1415,221800
13,26000
19,23800
428,99200
3,12700
11,17400
19,23600
7,11500
4,8400
30,33300
72,22600
2,6300
1,5000
7,11700
14,18600
2,6200
1,4900
7,11500
1,4900
1581,236500
43,54800
22,35700
19,24300
5,9700
64,13900
8,12600
1,4900
24,27800
4,8500
253,39000
462,80700
55,66300
6,18700
1,5300
81,30900
39,42300
31,34100
135,31800
32,35300
44,47000
20,35000
15,27700
9,14200
1,4900
1,5200
12,16400
2,6000
2,6100
172,65200
32,35100
9,13900
1,4800
8,12500
5,9700
3,7100
11,16200
12,16500
30,33300
1,4900
1,4800
32,35300
416,89300
9,13900
1,5000
4,8500
148,44300
1,5000
5,9800
3,7300
4,8400
24,86300
380,59200
1,5000
5,9800
206,45800
1,4900
3,7400
2,6300
854,194400
27,46600
5,10000
555,145500
45,50800
5,13400
122,93600
14,32700
31,66800
2,11700
79,35900
18,33500
36,51700
2927,499600
602,160000
424,123500
202,52100
17,30900
2,6400
15,19100
15,19200
3,8500
264,64600
40,43500
3,12700
48,56900
3,13100
8,13100
7,12000
23,27200
24,27500
2,6200
1,4800
26,29600
7,11500
31,34100
319,51400
53,54700
6,11300
22,25600
55,55900
6,17800
151,47000
1101,191400
72,31200
35,39400
11,15800
20,24500
26,30000
3,7400
42,44500
69,19800
7,11500
27,30800
14,19300
15,19500
3,7500
22,26200
59,59400
6,11700
4,8800
9,13800
41,43500
37,40800
30,33700
3,7600
3,7500
1,4700
13,17600
59,60300
2,6400
774,124000
2,10900
3,13400
1,5000
30,33600
81,31200
132,29400
6272,1015800
3,10300
192,33100
123,117100
1734,346600
1,6500
7,20700
12,31300
28,62000
1,23500
2,14400
72,45600
578,104200
33,46300
7,20600
18,23600
24,28000
2,6100
28,31200
1,4800
427,101800
6935,886900
4,10600
4,18800
11417,2062300
3685,470600
4,12500
15059,2083000
6,13100
9,23500
11,18400
5503,721900
2303,312100
2,11700
80,30400
1746,219200
7,19400
37,41200
25,29100
46,48600
25,39500
4,8800
66,17000
25,29000
2,6300
29,33000
4,8700
1,7000
19,28900
117,85500
28,32600
15,19700
20,27100
2,6700
11,15900
4,9100
681,138300
61,84100
358,92400
69,32700
3,8100
106,53900
3,9100
1,8000
4,15300
46,73500
35,39600
4,13400
2,10100
1,8400
64,25600
85,58500
27,43100
1,9200
61,99400
1,9000
3,13400
1,8500
25,36700
14450,1987200
1969,275300
126,25900
1,5300
7,11800
1,4800
2379,335200
11,23000
16,20700
2,6300
7,11500
28,31600
106,53600
18,22900
6,10800
7,11700
47,49100
1,5100
4,8300
8263,1185600
144,42400
3,13000
8,13600
7,11800
23,27500
4,8600
4,8500
22,26200
8,13000
14110,1836100
1,6500
1,5100
1,4900
1,4800
69,20100
9,14300
2,6200
24,29000
1,5000
1250,174000
101,59000
5,10100
1,5100
648,110900
5,16800
440,61100
6348,859000
40,78600
120,114500
36,60200
43,47900
7,12000
10,26600
3,13900
646,156100
376,60700
81,32300
239,84200
3,13000
821,114900
139,42600
38,51300
87,45600
9,22500
3,8000
1,4900
36,40600
8548,1258000
54,58500
7,73500
1,12200
2,7800
89,50900
52,57400
17,24100
4,8800
1,5000
16,21200
5,11500
433,143100
48,71700
110,82000
85,51700
2,14400
8,15900
1,6300
2,7600
23,33600
3539,676400
138,36800
21,52700
4864,644000
45,47200
3,13400
19716,3272400
3,11500
163,62600
8,13300
9,14400
8,12700
1167,265500
1,11200
1,9100
28,70400
1185,243100
31,47000
15,33700
20,30900
16,20300
1623,209300
207,54500
13,18500
223,62800
7791,961000
5,11400
5106,643000
7,13000
10,15100
230,73500
1,8600
1,8900
483,99700
247,90800
1213,186900
19,31500
39,42300
53,55300
1,8200
21,32100
3,7700
3,7400
3,7500
2,6200
350,80100
4,8600
42,45100
5,9500
87,36400
254,39300
32,51100
3,8000
7,11600
2,6300
41,43700
566,83400
4,14600
4,9200
2,6200
2,6100
2,6300
5,9700
47,49300
19,23500
2,6300
308,90300
63,22400
2,6500
299,84300
5,16300
2,6700
6479,808400
163,58500
31,43400
1,5500
1,4900
17975,2707200
2,10100
11,26900
2,6400
66,18000
9,13900
305,90100
3,13100
6,11800
1,4900
1,4800
8,15900
419,91600
88,39100
68,19300
168,61900
9,19900
1,5100
3,7900
33,37300
264,56900
27,53500
202,74900
7,22400
1,7400
26,30500
58,59300
1,9000
21,104200
4,22600
22,59900
227,101100
233,105400
123,134600
2,13600
2861,525300
80,38600
4,9400
159,56200
6,11600
1379,224400
473,110400
69,27900
20,25400
2,6500
124,19200
6,10800
19,23800
50,50600
2,5900
32,35400
192,32500
19,32200
2422,330300
1,8500
562,86000
16,26600
661,122200
453,75000
11,22100
9,13700
4513,813300
152,58000
3152,432300
5,13700
3,13200
2,7200
2358,300700
829,128700
371,105100
5771,739500
18,24700
38,43000
42,51200
1,8400
22,33600
3,7700
3306,446300
26,35700
1255,178200
19,32400
10,14900
10,14900
109,55600
7,11900
2484,317700
1463,212200
9,20900
13,18100
19,23400
310,42200
83,32700
2,6100
11,15500
148,43000
9,14000
4,8600
4,8200
6,10600
139,35500
1,4800
38,40700
3,7500
55,55100
2,6300
2,6000
59,59300
17,21700
85,34100
50,51900
2,6300
4,8300
2,6500
588,101200
2,10700
8,19000
22,26900
2,6300
668,130600
52,64200
25,38300
1494,212600
2,12300
147,48900
74,39700
4,13000
9,14400
28,32000
64,13900
1,4900
2,6100
2,6500
1020,312300
3,13100
406,107900
37,60900
6,20400
858,177300
30,71800
17,32000
136,46400
3,14800
11,30500
9,27200
71,43400
139,58300
2,11200
6,17600
130,34200
2,6300
342,73500
449,70900
3,13300
18,23800
1,5100
253,38400
3,7700
49,51500
9508,1348700
102,53800
214,62300
545,122900
13,26700
27,31100
286,71900
29,43000
6,11200
637,97900
28,41200
475,93500
8,21500
41,44700
321,54000
3,12700
59,61100
4,14100
3,9000
2,6300
177,69600
37,50100
1,8500
14,24300
47,50300
4875,664200
12272,1819600
2,9100
18,23300
254,39200
88,37900
13,17600
4,8500
8,12400
3,7500
61,61500
3,7300
26,29800
7,11800
172,66000
22,37300
128,23800
27,31100
3,7500
19,23400
435,56600
69,29400
1,5300
1642,227900
4,15600
54,55900
17,33000
1,5100
72,23700
2,6300
3,7800
18,22300
3,7600
74,25000
42,44800
83,33200
17,22100
1674,208100
33,44700
3,13400
83,34300
388,70400
8,22300
70,21400
3,7700
31,34700
1,4900
168,62200
217,64400
12,26900
17,38200
15,34900
475,141600
109,102000
3,12000
36,40200
17,22300
161,55900
314,65800
250,36800
11603,1562500
1,6600
19,24200
241,78600
39,53200
3,8000
32,35900
224,80100
6,18500
333,66300
3,7600
11,15700
5,12000
3,11300
11,15900
5,9700
21,25200
1,4900
4,8700
20,24200
27,30500
11,15600
4,8800
12,16600
968,147900
237,75400
14,29600
23,27800
1402,216400
16,28800
55,56900
8,21600
1,5300
40,43600
198,38600
1541,243400
11,24300
13,17600
5,9700
2,6100
559,77000
26,40200
29,32500
58,59000
15,29700
293,78500
14,29600
25,29600
49,52200
24,28500
8,21800
2,11800
13,25400
2,9300
1,5700
96,45500
25,28800
308,92200
26,41800
201,42200
710,122500
3,13800
16,21000
6,11000
1104,197000
18,31800
13,18100
6869,952900
3,9600
33,37900
936,122400
27,40500
142,38600
1,5000
60,60500
100,58800
214,60600
44,55300
10,28900
3,7700
14,18600
3205,476200
5510,794200
12,18400
5,10100
108,56500
265,52900
46,58500
2,10700
244,84400
2,11200
7,12800
1,4900
47,49300
14,24800
5,9900
37,40300
10,14900
1,4800
3,7600
61,62400
2,6500
436,58700
71,22700
3,11500
7,19500
29,50600
2,6400
893,151700
2,6900
180,93600
79,30000
23,27200
5,16900
122,120000
38,65000
116,107900
3847,505600
1,9100
1,5100
20,24600
2,6300
398,74600
1,8400
34,50900
24,38400
96,45100
26,29800
3,7600
54,55100
2,10400
8,19100
84,34100
2,9700
404,94400
2,10800
2580,366000
91,45800
79,38700
316,50000
57,58900
4,14800
1,6300
1843,292200
35,46600
48,50600
16,20400
22,27000
142,38100
3,7500
53,54600
1,4800
131,27500
3,8100
6,10600
169,62700
183,81100
134,40600
179,72100
1814,241600
49,56500
1,8700
8,17900
15,19900
2,6100
171,64300
1296,215600
1,8800
3446,484000
674,133800
4,15300
57,58400
8,21700
1024,198400
41,54100
74,33600
39,42400
36,39100
769,127500
21,34000
16,20700
1,5100
30,33500
728,132400
99,55600
5,17200
5,10100
4,8500
334,66200
5621,896800
46,55700
85,45600
3,13100
6,11600
27,31500
1,5000
8757,1344000
1,6500
441,62000
1,8400
690,94700
2,11300
40,44600
2,6500
13,23700
15,19900
5938,1164400
5,21500
3,15500
8,26500
815,121200
637,102900
6,19300
2,6400
78,28800
241,77400
4,14100
5,16200
5,9900
23,27200
10,15200
3,7800
121,66700
27,30700
4,8600
46,48600
3,12200
79,29000
20,24200
3,7700
3,7600
21,25200
5,10100
9,13900
3,7200
2,6100
2,6000
35,38200
54,55900
60,60300
33,37300
1,4900
3,7700
8,12500
52,53300
3,7600
54,55900
367,95400
1,5100
52,53800
22,26500
7,12000
4442,603900
6,15000
32,35900
35,38900
116,63700
28,42200
2,6400
50,74700
210,61000
1,8700
3,13300
31,34500
4,8400
6,10700
2,6400
166,59700
22,26800
70,21000
97,45100
13,28400
5,10000
36,38900
38,41100
3,7600
1,4800
631,92100
1,8600
384,69500
23,36400
30,34400
45,48500
114,69800
64,22600
5,10200
2,6200
625,86400
155,57700
95,52500
585,106100
5,17600
3,7700
2418,309000
2,11600
2,6100
21,29700
50,52300
3,14700
75,26800
205,45200
2221,329100
4,13700
38,41700
3,7400
38,41100
66,17100
111,58700
136,42200
41,43600
7,11600
52,53800
5,16300
2,6800
312,46300
32,34900
47,49300
16,20200
128,23000
43,45100
90,38700
38,41300
50,73400
2,6500
10,15300
1,4900
31,35200
1,8200
38,46000
20,28900
334,77000
11,16800
37,41700
81,33300
2935,593200
2,12800
271,58400
8,13300
45,47000
11,16000
3,7700
23,27000
56,57500
92,52000
3,7800
50,51600
133,30100
1,4800
2,6100
845,134100
18,32700
44,47100
1,5100
6,11000
6,10500
2,6300
68,19300
29,32400
2,6300
74,24500
4,8400
9,13800
448,67200
2,6200
679,140500
63,22900
3589,564100
19,29000
1059,145400
3,13800
4,8900
575,99700
300,142100
40,61200
18,43300
1,9700
5,17900
746,121800
1,9900
1,8700
2,10300
31,58100
345,104400
87,49600
8,13100
150,45200
2,6300
38,41400
612,133200
13,20900
28,58900
20,47400
6,30500
3,7700
3,7800
11,16300
6,10600
5,9700
40,43800
122,68900
5,16500
20,25000
4323,695100
1844,264500
1,9700
5,10100
111,58700
9,24300
2,6600
22,26300
1232,217100
16,29200
4714,746300
2,8700
10,15700
2,6400
38,41900
2,6300
762,109900
4,14800
166,60200
8,22200
3,7900
1259,179300
4,16000
10,15200
4,8700
2,6500
1,4900
4554,648500
207,49500
138,42800
22,35600
140,36600
74,24600
34,37900
34,37400
1,5100
5,9800
2,6200
1,4900
11,15200
761,109700
6015,837300
20,26200
10,24800
48,50700
15,23400
10,27400
831,166200
74,35100
3,8100
41,44200
52,53700
1775,265000
1,9600
56,58700
24,38400
149,44600
2,6400
9,14400
8,53200
179,189400
1,12500
2,14800
1796,635000
206,95700
522,193300
8,25700
7,23000
12,32700
20,48600
57,128500
28,64900
55,108300
12,30000
3,13300
1,8900
7,20500
53,102500
27,56000
2,11200
126,39800
8,24100
8650,1779200
7,22900
843,225000
9,31200
2616,380400
145,74300
3918,489500
132,35400
5,16500
39,52500
21,35600
31,43300
2,6400
78,47300
2,12400
76,54200
6,21800
24,54200
31,66400
2,6900
2,11200
147,81100
423,129600
437,89800
5,13400
787,140000
103,84800
8,17100
755,109400
12,20800
2,11500
36,89800
375,84600
76,44000
201,67500
146,73300
27,38100
112,81300
10,17600
7820,1120300
2,13800
2676,352600
3,14100
21,48600
2,12400
40,82900
943,152500
12,23600
19,34100
4,16100
2,11200
64,20700
23,34600
239,80800
1112,230200
1,9800
83,33900
86,36000
3,7600
8,12500
12397,1957300
22,30100
20,34800
3,8100
3282,451700
29,37700
12,21100
29,32200
1,5000
10,15100
19,23100
2,6000
10,14800
19,23600
29,32000
74,25500
16,20400
5,9700
234,70500
9,14000
7,11500
116,63400
14,18800
1,5000
215,54000
6,11000
2,6200
4,8400
2,6400
204,44800
25,28900
144,40500
6,10800
5,11100
5,9600
1132,163200
3,8100
3,7500
42,45300
4291,570800
21,29000
92,41200
271,58700
6,19200
96,45000
11,15700
3,7500
810,111800
233,79900
644,108200
9,22000
12,17800
4,8500
21,25800
10,14900
4,9000
2,6200
2,6400
10,14700
2,6400
96,44900
2,6300
227,65300
4,8600
106,54400
41,50000
2,6300
475,91600
1,5100
48,49700
553,120300
22,37000
45,47600
372,48900
87,47200
1,8800
2,11100
47,49900
504,69600
15,32900
102,50600
34,37400
4382,664400
1,7900
7,12200
156,51100
229,75500
99,55400
8,21600
3819,480900
47,52300
1,8700
462,83000
9,22900
96,51200
14,29300
8,12900
288,73400
443,70500
2,10800
32,36200
78,28200
72,23100
3,7400
15,19000
15,19400
431,128200
5431,782900
67,33100
79,56300
20,40300
1,10500
107,86200
527,167300
30,67400
12,23200
4,15300
30,40800
2,10800
9,21000
15,27100
1447,212300
2231,411900
399,134000
2,7800
6,11200
1964,266800
7,15000
1224,227300
3,8200
30,62900
1,10400
183,114200
1,5600
46,48800
36,39200
5,9700
4,8500
3,7600
633,93800
123,105600
30,52300
5,19400
74,47000
2,12800
9,26300
2,12300
1360,258500
2,6900
19,41500
43,81300
178,81800
2,6600
3,7700
1,4900
2195,361200
145,68600
128,31500
4,9000
16,19800
1,5500
55,59000
839,138800
2,8600
1,8100
1,9000
2,11200
29,62100
1971,394500
46,83200
2,11200
26,53000
7,18800
1,5100
114,66600
37,72700
3178,545000
5,18800
1,9900
3,13900
11,30900
390,103200
56,97900
5,18100
359,94100
5,12900
37,50200
17,29400
19,32300
191,43100
21,43500
2,10700
64,23000
26,51200
19,36600
6,11100
209,55500
2081,342100
200,48000
47,63600
72,31600
6,19300
88,48400
38,52900
1,5100
69,20500
26,35000
22,38400
123,91000
1569,268900
44,86600
10,25600
3,14200
7,23200
3,14900
16,39200
96,75100
4,15600
185,91600
6,18500
47,80800
12,21700
8,22800
29,61700
94,74500
4,9300
2,9900
1,9200
1,8600
33,64600
58,88800
3,8100
14,29800
3,14400
202,80400
85,66200
14,31400
2626,431200
16,81600
1,13900
352,167400
13,37600
31,85900
3,15900
85,50700
15,29100
2,12000
22,51200
838,261800
124,35900
63,19700
2,11800
23,51700
518,147000
39,74100
2,11500
3419,929900
1,9500
624,169600
3,14700
5256,1300700
3,16900
9,21800
10,19400
2,8700
295,130900
70,37900
14,22500
16,22800
40,50700
8,21200
10,23400
4,12800
2677,501100
39,54700
3,11200
1,8700
23,34600
55,71300
10,26200
76,35700
6,14600
5173,805000
12,19000
1,5200
6,10900
958,145600
1,5600
1,5300
4,14100
1783,315800
3960,547100
19,28100
2,6500
2,6200
270,59500
1459,225500
17,35200
143,64900
3,12600
1,7600
8,20400
96,79400
2,11900
49,95600
8,21800
59,104700
667,245900
6,26200
76,43200
5,21200
7,23300
26,46900
3753,709700
1,8000
12,24900
4,15600
9,23700
12,30100
11,27400
8,21800
2353,512900
131,49300
97,59800
4488,754200
3,10700
4,8600
22,26200
22,27300
1,4900
4805,877500
87,56800
11,32500
160,69800
355,116000
24,46600
4,11400
1864,289400
10,26700
197,51100
95,67500
15,20900
2,6300
34,57800
119,66300
1,8800
360,97400
37,51700
15,19800
115,61100
50,63200
4,14800
4,9000
51,52700
2,6200
3,8100
116,63600
4,8500
3,7600
2,6100
1,4900
219,58400
13,17700
91,40000
1178,157300
287,80000
259,53900
9,22600
294,78600
7,20800
807,100500
4,14300
1,5200
5,9600
3,7600
5,9500
1,5000
1,4900
16,20100
108,54900
4,8400
4,8500
8,12200
3862,600300
67,22900
34,37900
9,14000
782,130800
82,40800
11,16300
2435,322700
231,112800
1932,241100
2,12000
16,20800
2628,354400
12,22900
14,34000
376,79000
54,107300
48,63000
416,94000
9,24200
4,8800
7,11600
1,4800
188,29600
4,8700
40,42500
12,16800
13,18100
2317,342000
9,20700
81,31900
426,98900
53,64400
14,28800
3,7900
28,31700
50,51800
147,42900
4,8300
20,24300
7,11700
3,7400
3,7300
1,4700
6,10500
53,54100
35,45200
13,25000
1,4900
9,19900
4,9000
7,14900
8,19500
1,8800
436,117700
14,20500
18,23900
1,8600
6,18600
13,22600
4,9200
386,63400
4,14600
1,9000
4,13200
2,9400
10,26700
1141,217600
605,152600
11,17100
812,202900
17,32300
1,8700
147,79000
1,10900
7711,1096000
72,25500
4,8900
75,25800
4,14300
1885,246800
1245,164400
4,15600
4,8800
2,6100
11,15800
233,70400
2282,333800
18,29700
123,75800
2,10500
36,52100
225,63200
38,44900
27,31000
5,9900
16,20400
98,46400
4,8400
6,10600
9931,1640100
542,127100
15,23100
15,19600
32,34800
6,10800
681,136900
1,8800
2,11300
16,20900
17,21900
577,92600
12,26600
8,12700
9,13900
13,17500
1,5400
2,6100
15,19500
2,6600
155,50300
161,56500
282,68800
356,93200
5,17700
32,35300
733,133000
17,31200
4,8700
118,65100
3040,379100
1,9000
2,6500
299,83100
4,14600
89,39700
8177,1281700
5,12600
55,57300
2,11200
1,8800
13,24200
9,14900
257,45300
56,64600
17,22000
102,50800
3636,463300
13,22900
87,36700
4,8500
5,9700
2,6000
158,52400
25,29800
6,10700
9,14100
71,22300
39,42600
122,67000
27,42000
13,18100
3,7700
77,27400
128,22900
40,43200
4450,613300
14631,2110500
8,16200
22,37600
1,5200
17,22000
21,25500
5,9700
794,138700
1688,221200
2226,366800
3,8800
2841,411000
29,37400
130,41800
5,10300
2124,297200
26,37200
1,5100
5,9700
738,137600
6,19000
261,49900
18,32900
62,12300
1,5400
49,64100
5,16400
2103,326500
15,25200
46,48800
18,33200
4826,662000
63,15000
112,59900
6,18800
16,21500
16,20500
2,6400
11,15800
4,14700
1307,265500
15,22300
87,37400
31,34400
56,69500
4,9600
19,71800
36,75100
33,49300
192,33500
12,17000
1772,324400
538,147700
2,7200
1,5200
2,10700
3,14400
6,20800
186,51600
830,170400
14,29700
2,6800
49,52100
2,6200
45,48600
6,11000
1,4900
2,6100
101,50200
3,7800
4,8400
4222,635700
11,19500
72,23800
25,29300
13,18200
3147,424800
79,33700
2,10800
23,33800
1,5100
15,19500
174,74000
119,82200
107,62800
96,53400
433,110100
21,34700
68,19600
10,15100
108,54800
17,22300
5,9900
3,7600
115,60500
1,5000
46,48800
1,4800
1,5000
8,12500
2,6100
94,42900
96,44700
84,33500
18235,2674500
43,51200
27,41200
6,11400
468,97900
3,13200
733,135300
183,82400
6,18800
24,28400
3,7700
5,9700
7,11700
21,25600
111,68900
9,14500
444,65500
3,12500
71,23200
9,14000
105,52400
2,6300
1,4900
1,4800
29,32900
3,7500
256,41100
91,40500
243,79100
139,44300
413,92900
68,28500
2,6400
1507,218000
106,73400
205,51300
7,19500
14,35300
206,71600
4989,1029000
563,102200
126,31200
547,116200
11,26100
5,10200
1,4900
76,27000
6,10800
12,16500
3,7700
1070,160200
9,23500
2,6400
20,24400
27,41500
9,14400
47,49800
106,65000
52,62500
11,25500
669,138800
106,85600
4,9300
2,7500
212,60600
163,107400
26,59000
19,45800
71,41500
131,57100
3,8700
28,59200
40,72500
1579,265100
8107,1622200
1,8700
709,185100
8,19800
29,51100
7,18300
4,12800
13,27000
131,44700
4,13100
1,7500
2,9900
8341,1968400
9,22800
4,13200
15,30100
28,51300
14,39900
46,76300
106,88200
18010,4088300
45,53000
292,86300
17,24900
2016,281800
13,25800
1,5300
2,6200
4027,546500
447,70000
5,17300
445,66600
19,33600
238,76300
48,60000
67,27000
6,11100
3,7500
18,22600
12441,1685600
15,21800
3,13200
1307,172900
1,8900
1627,305900
4,19300
422,106300
65,17200
1,5300
69,20300
52,54700
15,19700
43,118000
67,34700
1194,276300
141,47700
63,21800
1,5500
1,5100
4,8800
461,88100
809,108800
1,9500
3767,600000
3,15200
244,118300
2,12100
3292,537100
2,9400
239,82000
6,18200
119,81200
2591,383500
1932,265500
33,51500
12,30900
4,33700
16,43800
327,83000
24,47900
2,8300
9,17400
4,10800
1,6100
8544,1556900
272,67800
10,24700
5,10000
11,16000
16,20400
6,10700
130,27900
87,38000
6,11100
1116,150000
2,11100
44,50300
48,50700
84,34900
1,4900
2,6100
108,56200
337,68100
3,7600
31,34500
1,4800
51,53600
4,9200
246,83400
14,29900
10,15300
2,6400
199,40500
1,5400
2331,348500
1276,207900
271,65000
255,40000
14976,1983600
1627,214200
5,16800
55,57600
1110,221600
39,53600
2,6400
29,52000
3,15100
36,102900
69,32300
31,35100
41,44100
1,4900
2,6100
29,32200
41,44300
2,6500
3,7300
6,10700
269,55500
47,48900
15,36200
1,5600
25,31200
5,9800
620,84500
284,103700
867,259400
2,16800
1,8200
9,22000
57,98300
51,79800
18,34700
14,27000
32,40900
142,42000
8,12800
372,47500
202,42700
5,10000
7,11600
3,7600
38,41200
1,5000
9,14000
37,40300
18576,2828000
64,29500
183,101800
9,26000
10,28300
1,9000
1,9100
1,5700
1,5000
14,18700
17,21900
2,10800
10,26900
2,12000
13,34400
42,87800
3,15900
32,67600
519,138900
13,33900
1,5300
1,5000
38,41300
10,15200
1,4900
537,106600
31,44500
11,16000
16,20100
2,6100
2,6100
32,34700
665,127800
89,48600
4,15400
3,7900
2,6500
15,19300
32,35000
19,23100
42,44200
51,53000
190,30900
19,23700
161,54800
19,34500
7,12500
116,62300
3,12600
43,49900
62,20000
3,8000
3,7600
1550,191800
39,49600
12,25900
30,34200
45,48700
4,14600
1,8800
7,12200
2,6300
11,15900
323,54700
6,10800
133,29700
2113,282400
162,61300
68,27100
9,14200
16,35800
49,92600
587,122400
4,15500
7,12500
4,9000
460,80200
2,10900
14,25300
1,5100
2,6100
3,7600
4,8800
31,34700
234,75800
25,38000
7,12000
14571,2173000
2,14900
1,8500
27,54200
156,65100
2,11500
1,8900
1,6200
177,70800
59,60200
8,12800
31,33400
88,37700
4,8400
28,31400
65,16100
16,20100
755,118600
3,13100
11,16600
51,60600
9,24600
7,12400
267,54800
143,39300
31,34000
116,61500
23,38600
612,124800
1,8900
15,25200
37,41000
2,6200
2,6100
6,10900
3,7700
25,28600
26,29800
1,5200
1,4800
3,7500
3,7600
34,37500
1,4900
6,10900
4,8800
28,31500
6,10900
3,7500
4,9100
4,8700
13,17500
2,6000
4,8500
2,6200
38,41200
1692,228100
2018,270200
14,24100
182,73800
4,14200
3707,488300
8,16800
6,24600
526,128000
66,26500
23,27500
56,57400
3840,504600
14,20500
127,22600
2097,321300
2284,355200
5,15500
37,41100
52,54000
5,17000
2,7200
73,24400
1550,243200
7,20200
1370,178300
352,85200
12,25300
20,25200
453,73800
34,40900
1610,248200
2,11300
15,19800
6,10700
42,45000
2,6200
36,39300
46,48500
10,25600
3,7800
72,23300
10,15000
119,64800
18,22300
713,121500
2,11200
124,19000
3,7800
2,6100
525,118400
2868,384500
6,15900
10,15300
8,12800
7,11500
6,10800
6,10400
2344,375800
17410,3145400
279,70300
8,22400
7,12600
186,36200
6,10900
3,7700
2,6100
10,15600
10,15000
10,14700
31,35100
138,35400
140,35800
2,6000
1036,175800
53,64500
35,48000
5,17400
6745,864900
53,56500
3,13100
171,66100
4,15000
19,23900
781,129800
36,48600
39,50900
2,6400
17,21800
7,11600
179,72500
54,65800
2793,354800
27,34500
45,47900
29,32300
2007,263300
22,33300
3,7700
160,53800
296,79700
403,83700
709,115400
17948,2804200
566,119800
4,9200
4,8700
76,27300
2,7900
3,12100
1,9100
1,5800
39,56900
6067,979800
14,21900
951,135200
2,10800
1,6500
78,29400
6,10900
74,24700
729,130700
12,26600
29,32700
13,17700
279,72500
7,20900
10,15500
19,23800
8,12300
14,19000
5,9600
3,7600
30,43300
2,6400
3,7300
2,6300
6,10700
209,48700
257,45900
124,18500
13,17700
4,8500
1428,182300
155,56500
7,20700
21,25800
9,14100
135,31500
204,43600
68,28300
1795,265900
252,41300
828,120800
41,52500
2,11000
54,56800
251,43600
19,32700
85,35600
21,26400
3,7600
228,74700
8877,1236500
14,21100
42,45200
1,5300
336,74500
1195,176900
66,23700
1,5000
32,35100
2,6300
305,106000
4218,554000
2,7800
1747,231200
1,9200
3,8100
71,22600
49,51300
1958,290600
49,59400
6,19500
1,5300
17,21900
212,51300
19,24200
8,12700
148,43200
13,17300
3,7300
1,4800
2,5900
14,18600
28,31300
51,52500
1869,239500
11,22000
2,6200
601,171900
1,9000
2,6600
399,74000
9,24600
2,6400
277,64000
232,77000
8,21800
331,63300
2445,368600
26,34500
164,72600
183,115600
66,28900
3,13900
6,17800
1,9000
2101,501000
2,8400
54,56500
6,11200
3,7700
6,11400
15,19900
12,16200
23,27200
676,132400
9,25600
63,13600
13,18100
313,45700
7,11700
20,24200
4043,549300
318,52700
21,34400
974,154300
1099,190900
19,29900
12,17100
3,7500
11,16000
158,52900
72,23000
2,6300
1,4800
5,9500
1737,213000
17306,2613600
4,12500
40,54400
3,8000
52,54200
2729,358800
841,136500
133,37700
9,14500
8,12600
1758,233300
124,24500
438,59000
136,40800
23,36000
1490,187000
800,144900
18,30900
1305,179400
413,92000
1028,168900
65,23000
2,6600
1,5000
5,15800
13,32300
1,9700
17,56500
2139,355600
26,36700
26,30100
12,16900
89,39200
1,5200
10,15700
16187,2383200
1,7600
38,42400
1,5300
3,7800
56,57500
287,74200
3,13200
196,42800
18,23300
6,10800
6,10500
934,115300
321,59900
56,90400
11,26300
1,5200
4,8500
2,6500
3,7400
237,74200
5,9900
806,133100
181,83400
8,21800
1,5100
13,18000
2,6200
78,28600
1,4900
82,32000
3,7600
9,14000
31,34000
2337,342800
127,28100
25,29200
428,100300
6,18000
8,13000
1,5000
1,4900
2,6200
9,13800
2,6100
4,8500
32,34900
2,6500
6,10700
194,35700
4,8700
4,8400
2,6300
2,6200
16,20300
9,14300
3,7300
1739,217000
17,22300
1,4900
10,20700
67,18200
8,12700
17,22000
2,6000
22,25900
1,4800
4,8500
64,13600
17,21300
240,76100
24,28500
98,46500
19,24200
10,14700
59,59600
55,56100
1,4900
1,4900
2,6100
5,9600
9,14300
161,55400
1756,229200
34,45700
1,5200
173,65800
5,9600
960,140900
7104,898600
137,37300
1077,171000
6,18500
10,15300
1,4800
3155,439000
10,20200
3,8000
20,24800
2,6100
27,30900
7,12000
4,8500
58,58700
4,8600
42,45300
2,6100
4,8500
35,38900
5,9700
16,20200
1,5000
404,79100
3,12900
7225,1028200
619,135500
20,33300
6,10800
313,46100
302,86500
353,90100
3,12900
1,8300
8,23000
26,49500
190,48700
4,14600
11,26900
21,42000
5,16400
137,60500
50,91800
45,86000
14,33300
255,66700
34,39100
55,56800
8443,1292000
2,7800
66,17900
3,7600
2,6100
24,28300
4772,715500
25,50900
1,9000
30,40200
198,40000
1,5200
1,5000
10,15000
74,24900
6,10900
431,104200
232,78100
43,55000
3,13300
291,77700
2,10900
1,8700
6,15400
3,7800
6479,863900
3,9700
21,39900
100,58400
1,10500
7,23600
3,14000
6,20800
51,86400
95,45700
2,6600
13,22300
281,69900
45,50500
22,26500
30,34100
1,5000
30,33500
560,79800
3,13300
6,17300
89,38700
74,24400
2,6300
15,19500
229,66700
3,7700
14,18600
3,7700
34,38100
2,6300
4,8300
478,98200
4,14700
10,15500
110,57700
19,23600
2,6200
41,44100
8,13000
68,19300
5,10100
1,4900
84,33800
4074,520100
439,110200
4,15800
44,48400
438,59900
46,58700
270,64400
14,27100
60,61200
17,31700
1,5300
650,110400
1716,274900
1786,258100
30,39500
3,60800
23,45200
21,30200
62,17600
36,41700
95,48200
296,99000
3,14700
3,8000
2,6600
11,16500
16,20900
57,60000
339,74600
807,118800
4,16300
10,15300
133,31100
8,13400
31,39000
2,6900
24,28400
2,6400
10,15300
228,69000
35,39600
14,19500
13,18000
5542,1398300
31,37200
18,29900
11,16700
2,11200
36,77500
81,58400
2,11800
32,50700
12,23500
45,45300
144,42900
60,65000
4,14800
56,54500
58,89000
542,142500
1,9500
1,9000
12,22100
1,8800
40,47200
941,120800
49,52900
5,16700
4,14600
23,32000
1,8500
352,81000
4,14800
1,8800
4,14100
3,13100
6,17000
319,51300
18,32000
9,21200
13,23500
177,75800
314,46800
615,124500
19,29100
24,29400
84,38300
4,15000
690,148700
67,24700
1,8500
5,15700
104,72900
2,11100
20,24200
5,9400
1,7400
51,50600
4,8000
10704,1847600
9,23900
10557,1463100
12,19000
12,27600
427,104400
7,20800
142,41800
80,62400
488,115300
4,15100
17,22000
26,29600
3,7800
10,15000
1,5000
2,6200
55,55900
10,14800
20,24700
1,4900
39,42300
423,96400
124,27900
6,11400
23,27100
5,9900
3,7300
24,27700
2,5900
210,49700
4,8600
2,6300
3510,503200
56,78700
1029,191000
22,36300
1,5100
2,6200
24,28100
2151,466500
270,62500
5,10700
2,6400
2,6500
61,67000
17,22500
30,34100
312,63300
14,22600
1,5000
3,7600
153,52400
1,5200
9,13800
25,29500
11464,1746900
178,73300
147,59300
1,8600
700,115200
1,9000
142,38700
3,9200
42,48800
4,8700
3,7300
82,32000
46,48300
47,48900
14,29700
45,48300
20,24500
10,15200
7,11900
8,12800
207,47400
86,35500
3,7400
474,91000
385,60500
1,5100
6,10500
3,7800
164,57600
19,24000
1,4900
1,4900
11,15700
12,16600
19,23200
9,13900
75,25500
5,10400
54,56100
6,11500
4,8400
5,9600
17,21800
4261,620300
23,30900
61,62800
713,121400
228,72400
4,15000
72,23600
51,53700
67,27200
5802,754700
14,19900
27,31100
1,4900
1,4800
2,6300
48,50200
11,16700
104,52300
353,89600
113,86700
8,22800
2,6400
2,6200
53,55000
4,8800
16,20100
226,65500
69,19700
18,22400
1,4800
2,6100
46,48000
15939,2388300
1532,241700
17,30100
1,5200
1,4900
4,8500
35,38900
2,6300
11,15400
41,44500
1,5100
2197,323200
1,9900
2,6300
13,17900
3,7600
538,108100
19,33600
13,18000
8,12800
6,10800
2,6000
2,6000
6,10600
3,7400
6,10600
9,14400
12,16700
17,21400
125,19900
6,10500
189,30300
21,26100
1,5000
2,6200
6,10400
16,20100
57,59000
68,28900
63,13100
7,11800
12,16900
3,7500
15,18800
28,31000
1913,288700
6,18200
5,10200
1553,200500
13,26200
1386,192200
11091,1601300
145,43100
2,10900
1,9100
2153,335300
3,9200
16694,2720100
124,22300
190,38000
52,55700
1,5100
375,50300
23,27500
22,27100
4,8700
107,55300
26,29800
11,20400
12,16800
32,35300
2,6600
310,75100
26,70400
814,113100
1,9000
3,8300
22,27100
7,20200
52,69200
1146,187200
5,10400
21,45000
1163,213800
132,48300
8,21200
2,10700
7,16100
8,12900
1779,254100
14,27800
43,46400
32,45500
12,16900
2913,457900
24,34800
4,9100
17,21800
6,10600
24,27900
5,10200
54,54900
161,55200
7,20400
100,50100
11,26200
3,7900
585,102000
2485,320900
1,9300
1,5100
853,143500
6,19200
2,6800
64,14800
20,25000
66,17100
17,22000
10490,1501600
152,55300
6,19100
21,26000
3,7600
16,20700
28,41700
1602,240800
5,17000
1,5200
4,8400
1,4800
4,8600
51,53200
76,26800
136,31800
101,48400
257,45000
2403,350000
2,11800
354,83500
5,16600
4,8900
147,42800
13,17400
53,55100
18,32600
881,120100
4,14900
1,5200
1,4900
4,8300
12,16500
174,67000
114,62600
200,43400
1,5400
237,74700
7,20600
3,8300
307,90300
101,57900
107,63000
1,8500
12,22400
5,10000
288,72400
367,114400
9,23000
5,10400
300,84200
80,39600
1,5100
125,19900
15,25700
34,59800
12,17100
29,33200
12583,1700500
5,12100
832,141000
7,22100
323,96800
24,41200
29,39000
44,75900
43,79400
9,24200
34,62400
6,18300
367,145900
2,10300
6,17000
648,115100
71,34100
3,7800
29,32500
26,29800
7,12000
223,61000
305,96400
12327,1772000
1003,132700
6,19000
23,28300
237,74100
1,8600
11,22700
1,5200
4,8500
14,18200
17,28300
1,4900
219,58900
3,8000
7,11600
32,35300
1351,220400
89,47200
172,65500
161,64700
2,10800
226,64800
3,12900
379,57400
214,70700
54,65800
75,35600
51,53100
44,47100
5,9900
3,7400
6,11000
15,23600
4,14300
7,21700
3,14200
4,16300
3,15400
31,66600
53,106700
11,24300
17,22600
33,37200
1896,270100
2,11700
9,14600
16,20200
17,21900
1365,178300
4,9200
49,50600
2,6400
8,12700
173,65800
3,13000
54,60800
21,26000
5,9800
3,7500
2,6000
5,9600
2,6100
505,69100
3,7500
72,22900
126,21100
82,31700
4,8600
2,6200
9,14600
125,19900
24,27800
19,23600
74,24200
294,77900
19,34700
13,18600
15,20000
82,32000
32,35000
2,6300
7,11800
116,63300
535,162600
36,50900
16,21000
31,35400
46,48900
149,55000
15,29100
13,17700
10,15600
8,12500
1,10700
3,7500
1,4900
3,7400
5,9600
225,62900
682,89300
17,31500
8,12800
4,8500
9,14100
1475,225500
21,33600
3,7800
53,55000
158,52800
1,8100
2,11200
2,6800
1,4900
8,12500
236,81000
5,10200
18,22500
470,87600
4,14700
4,9600
2,6100
13,18000
312,43900
33,50000
29,33100
3,7800
73,23900
194,34900
59,60200
6,18600
6,11400
93,42600
1,5200
1,4900
1,4800
3,7400
347,77000
4,8700
1,5000
7000,1127000
5,20900
43,82300
82,47300
64,27300
3,15100
8,24200
15,38100
4,16100
13,24900
8,12900
110,58200
4,8400
5911,748200
87,38700
8,21900
8020,1123100
5,11600
21,36000
1,5600
1,5000
2,6100
18,23300
1,5000
2,6000
4997,682000
11,17800
1104,195500
594,110800
37,48700
24,37700
2,6600
4,8700
137,33800
17,30500
683,91900
2,10800
3,14500
18,23200
5,9800
626,88100
73,33600
1,5100
3,7600
4,8400
1,4900
22,26700
88,37400
4,8900
3,7800
7,11700
45,50200
6,10600
66,17600
1,4800
32,35100
11,15800
17,21900
1,5100
2,6200
108,60900
3659,495800
225,69400
365,99200
441,66800
18,31500
157,52500
20,35000
636,99500
19,33400
755,126900
12,17400
6,19200
657,139600
21,32900
433,127100
20,32700
2,10200
39,78200
4,15400
2376,450300
53,62400
2,11000
2,11000
147,43800
230,68100
6,18800
490,109500
7,20500
192,34300
7,11900
8,12600
17,21500
3,7800
27,31000
39,42100
108,55300
12,27500
4,8700
8,15700
10,14800
17,21700
1,5000
21,25100
21,25200
1,5100
29,32700
4921,657400
9,15600
5,17000
2,10800
123,83600
21,43300
53,63400
47,57300
10,22900
18,41500
959,206800
18,24400
312,45900
30,45500
1,8500
90,46500
111,58700
48,50500
172,86500
4,14400
4,14700
5,9900
239,77200
3,7600
36,39700
19,23700
7,11800
2852,436900
220,64000
15,28300
382,68200
1,8500
1,9300
9,14700
12796,1935000
1,7500
5881,787200
1452,209300
4,15800
10,15500
5,9800
362,94900
5,16900
3,8300
6,10800
16,20000
3,7600
83,33000
17,21500
22,26200
2,6500
2,6300
2,6000
3,7200
96,44400
10,15000
14927,1934300
1181,164400
6,18500
490,109500
5,16800
1,5300
4,8400
293,77200
3,7500
1,4800
20,24600
23,26800
39,56300
48,51600
8,12900
8,12500
129,26000
19,23400
45,46800
9,13800
276,60900
7,11700
1,4900
81,31200
47,49400
274,61000
9,14000
6184,963700
4,11700
715,123800
54,67200
25,38500
8,13500
7,11800
60,60700
8,12900
7,11700
15,20200
1,5000
1,4900
12,16600
2788,408500
4,14500
40,45300
12,27400
8191,1157500
45,50400
26,40800
3727,450700
5,13000
93,48400
3,12900
253,42400
5,17300
33,37000
7,12500
1,4800
63,13000
41,44500
86,35100
3,7800
3,7600
24,28200
9,14000
6,10900
2,6200
2,6400
67,17800
2574,347300
3196,424600
89,41600
2,6600
8,12600
3871,543100
1084,178600
28,40000
4711,645200
18,29300
145,41000
228,66900
17,25500
10,23400
2,6300
16,20100
11,15600
1,4900
3,7700
24,27800
40,43200
14,18700
74,24600
56,57100
263,50900
1,5300
24,28400
2,6200
9,13900
8,12600
3,7400
3,7500
10,14700
126,20700
54,56200
22,26300
4746,694400
1,7700
1277,196600
3,13300
13,18000
3,7400
3494,491700
54,59700
15744,2273100
9,17400
3,13400
1865,231900
1013,138200
8001,951400
21,32700
39,52600
120,74700
11,25500
36,40500
1,4800
102,50800
11,16100
12,17200
123,78600
1,9100
514,92100
2329,339200
15,24800
70,21700
28,31800
2,6200
3,7300
16,20300
12,17400
4,12600
8,21000
39,49200
37,40900
1,5200
1,4900
60,60500
100,60300
3,13000
279,66900
6,18400
5,10200
51,53000
14,29000
21,25700
67,18000
577,92600
19,33500
14,18400
78,28300
113,65400
831,126700
214,59300
2,10900
6,11600
88,37300
364,91800
4,14600
1,5300
1,4800
12,16700
538,108000
111,67100
1,8700
3,13200
252,37900
2702,375700
113,63900
27,39800
3,7900
32,35100
12,16300
137,33300
8718,1340400
3,9700
23,29400
81,49800
350,108400
14,28900
1446,205400
13,26700
1,5200
4984,705500
4,14800
1,5500
26,30200
8,12800
213,68100
3,8000
967,212800
3,8700
16,35000
3,15100
5,18900
1621,249200
1,10000
26,31100
9,14300
214,53400
2,6300
688,92900
6,18700
12,17500
4,8400
5,9500
8,12500
2,6100
14,18600
1,4900
1775,254700
1974,284100
388,64500
165,65400
3,13000
189,30300
1,5600
5,9700
27,31100
53,54600
1480,235500
7,20100
2,6700
2,6200
5,10100
1,4900
2,6400
6,10400
11,16100
2,6000
46,48700
6,10700
42,44500
1,4800
106,54100
8,13000
2,6100
5,9600
232,70000
3,7600
183,74300
1,8400
66,24200
5,10500
1,5200
1,4800
2,6700
7,11500
8,12700
860,208000
12,27200
13,23900
78,28600
119,65100
19,34700
2927,374600
663,122500
22,35300
1,5600
9,33500
3760,483500
1,8200
3195,421200
28,36300
2,10700
8997,1327800
23,29600
23,37000
2,7000
27,31400
29,32700
6,11000
52,53700
19,34200
1,5200
2,6100
5,9700
46,48200
37,46000
49,51200
27,30700
235,73500
153,56900
30,42600
1,5100
6,10900
2,6100
443,63200
1,5200
43,45600
32,35900
33,36900
151,46700
16,20600
64,13900
162,56100
32,46300
5,17400
1,5500
5,9700
1560,203800
7,19500
7,15400
3,12400
7226,967100
1,11000
23,47000
144,57900
47,50400
313,47900
99,48800
2,6600
3,7400
7,11700
15,19500
52,54500
646,133900
17,25400
5,17600
17,40800
567,127300
15,31900
618,132500
1046,192300
8,20300
53,55600
10,25500
73,24800
12,16500
3,7500
4,8300
3,7400
2,6100
4,8400
354,83500
2,6400
7,11400
41,51200
1,5300
30,33500
2939,386700
22,32900
52,54400
235,81400
306,95700
23,36400
3,7700
25,29700
160,54800
15,29800
124,19100
5,10100
3,7400
2,6200
1,5200
2444,338400
6191,905400
19,26400
1,5300
110,59500
43,86400
297,95500
1,9200
25,79600
161,80600
4030,673400
2,8600
32,43900
3,13300
79,40600
266,93500
51,89600
44,80200
114,106200
17,37500
16,34300
273,105000
180,125900
17,37300
26,50500
18,37900
306,158300
1877,456600
1,9400
9,23800
530,175900
4057,806800
2,14800
329,113400
6,18000
33,61200
14,32200
18,39600
2,10500
4,13900
19,39200
5100,943900
4,18000
563,87900
3,8700
18,24300
19,24900
36,41300
93,44500
397,98600
13,21800
3,14200
3,13900
6,21400
1,10300
1,10300
26,58800
4,17600
6,21700
1012,190600
257,79300
1,6400
48,92600
5,19000
57,59800
13,18500
700,107900
1,8700
25,35400
398,76200
14,33500
2,6700
7,12000
7,12100
2,6500
38,41700
1130,168200
2,11700
2,7000
14,19100
14,18900
14,18700
66,17800
2,6100
2,6200
4,8300
1000,128900
7,13800
1451,209800
211,58400
72,31900
556,135400
3,13100
1951,267800
31,42100
11,25700
4039,549300
18,26800
2,6500
268,56500
26,29900
1,5000
10,14800
202,43500
8,12700
1,4800
1,4900
2,6200
9,13700
3,7700
18244,2768300
2,9200
9892,1476800
8,22100
4,11000
4,10900
5003,844200
593,163600
532,275000
6,29400
39,73100
137,43000
15,35300
112,62900
1,5500
3,10700
88,74300
218,92800
2,11900
2,11800
6,11200
11,15800
112,62900
4,10400
4,8800
64,15700
3,8000
2,9700
1026,221600
1,9600
15,20000
1,4800
91,40400
23,26100
5,9300
16,19600
2,6400
1,4800
2,9500
33,35700
53,52800
29,32500
449,92900
4,16200
36,68000
11,31400
29,60300
6,20800
1,9000
155,57400
1584,268200
2,12300
20,46300
14,34500
25,56100
19,33500
428,102600
64,21400
3,13800
17,27600
3514,804100
36,66200
1,10500
17,34000
1,6400
6,12500
90,47400
3,9100
2,7300
3,8900
23,33200
4,10400
5,11300
2,7600
17,25800
17,25600
2,7900
8,14900
24,32800
62,13800
2,7200
2,7300
46,53600
38,40500
63,14300
2,6600
4928,986900
7,20200
27,41900
1,6400
1,5800
144,54600
17,26900
73,29900
10,22500
183,145300
3,18800
28,47700
191,42400
4,17800
14,23800
25,35300
106,55400
176,78700
18,27400
8,13000
6342,977300
137,35800
3,7900
3,7300
120,67700
3,7500
3,7500
6,10800
46,48600
1,5100
4,8600
207,48700
1,5000
177,69200
810,103600
3,13200
5,12200
5,15800
117,74800
7,12500
50,91700
4,14400
4,8900
1,4900
9,14100
55,104600
10,30000
8,24700
34,73400
441,97600
3,9200
86,80500
3,9700
9023,1609100
7,14800
40,51500
19,24100
6,10700
29,33100
18,22900
3,7500
2,6100
5,9400
49,58300
44,89100
294,117200
55,69200
1,5300
10,15200
17,28700
2,8300
94,55300
9,14200
12,17500
14,19200
10,15800
274,62600
56,59500
423,97300
1,5200
460,79000
46,49900
14,19000
4,8800
1,35900
453,77000
3159,444000
40,53800
2,11000
2,11500
7,11900
162,56500
38,41800
1,5000
13,17300
23,27400
16,27700
34,50400
11134,1724500
266,58100
177,93200
17,24200
3981,585100
1,5400
4,8700
9,14200
161,55800
12,17300
3,7600
40,44000
24,28600
7,11700
14,20900
11,16300
1030,174600
9,25300
4225,559400
12,19600
11,19000
10885,1609600
1897,394500
8,23200
3,13300
12,23000
1,7200
431,130600
11,17000
2,6300
10,15200
19,24200
3,8100
17,21900
12,17100
14,30200
28,52700
2,10600
1,8100
48,64000
62,15900
1,5100
43,56200
985,179800
1,9400
197,38500
3,7900
2,6200
597,112800
26,40700
3,9500
13,19400
13,26800
6,18000
1415,221600
4,15700
12222,1667700
44,57800
13,26400
3,7800
14,18700
23,38300
696,153300
6,13500
368,129300
1005,183600
5,18900
836,177100
1,10600
22,49400
46,82200
5738,828300
1,8400
4,8800
8,12500
13,18000
21,25200
539,117900
1,9100
4223,639200
17,24200
8,21600
13,18300
528,99900
10,24700
468,85800
3,12800
16,21600
50,56300
9,14100
23,27300
609,158200
1,9100
6,18100
505,82700
12,27600
1,5900
7,11700
216,56300
13,18200
14,18600
741,150700
18,31800
14,20300
7,12100
241,77700
51,62900
5,17100
10,17100
123,69200
2065,316500
40,50400
11,17000
80,30700
19,23600
35,38300
9,13900
1,4700
2342,352600
84,37600
49,65100
60,65800
528,134700
27,33000
7,12600
24,30700
16,21700
858,247000
2,12100
4,14400
3734,622900
24,33700
18,24200
546,135300
9,24800
6,13200
1,5100
5,11700
9,17000
19,23900
11,16500
10,20200
14,24400
27,30900
1121,163900
5,18000
1,5500
2,8800
31,34500
26,31700
1,8600
7,11900
11,15900
23,27400
83,33700
3,7800
169,63100
9,24200
2,6400
54,56200
11,27000
6,13900
66,19600
2930,398200
46,54000
347,83400
98,55000
113,64000
9,24300
6,13200
3,7500
28,33700
42,46000
21,24900
13,17600
1,4700
4,8400
2,6100
171,64000
19,23400
1110,286900
1,10300
29,33700
467,86500
1,8500
963,148400
622,90800
6,18300
14930,2112800
2820,385100
22,28400
1,5700
4,8700
488,104700
3,14000
3,7800
1,7100
5,9800
78,32500
5,9800
47,53600
5,10000
167,60700
595,119500
3,14100
668,129500
1078,173300
1,9400
101,51000
240,85400
48,60000
2,7100
37,40300
439,66800
4,15200
317,55200
117,76700
23,35600
1513,233700
8,20600
1,5300
102,51200
226,64800
127,31800
2,6700
1,5200
2,6300
24,33500
5,17600
32,51100
45,63300
8,23400
6,18400
72,29200
96,45700
2,6300
4,8600
11,15800
7,14400
1839,342500
8,24500
688,135900
5,19000
103,55700
14,27700
170,78000
7,20700
79,30900
186,33600
1518,334700
4,16200
2,11700
8209,1366000
1,7400
15,20300
134,31700
67,18600
34,37800
1,5000
3,7500
258,81900
15,38800
6,21500
6476,860700
18,24700
6,13900
52,54600
1,5100
431,103600
5,17000
36,40500
2,12500
10,15100
14,18800
18,22600
287,73500
24,39700
1,7100
6,13600
16,29900
1782,261500
11492,1658900
1267,206800
188,35000
1195,184600
17,31000
5,11500
12,18600
14,18900
20,25100
93,42200
310,42600
4764,664300
2,10300
6,11300
4,8600
5,10100
61,62500
2,6300
1,5100
3,7400
593,107100
1,8700
164,63800
2,10600
67,23600
28,32200
17,21800
3771,621000
9,16200
2,6400
63,13300
6,11200
128,35200
10,32400
3,9100
5,15000
10,25000
843,232600
5,18500
1,9100
25,48800
89,38800
5512,752300
43,48600
11,25800
6,10800
7,11800
1,4900
5098,688900
196,39500
1,21300
9227,1372500
8,14300
39,43900
25,30000
1,5100
3,7400
20,24900
405,80800
6,18700
62,12000
5,15700
57,59000
4,8800
218,58900
526,100900
19,34600
9,14200
8,12600
240,77400
3,12900
5,16100
3,7400
162,56800
6,10700
396,71500
1,8400
37,47600
360,88500
26,40000
297,81200
12,26300
3,7900
28,31500
1,4900
2,6600
2,6200
29,31900
4,8300
1,4800
310,42800
1744,220800
41,51500
6,19100
4,8800
3,7300
183,76000
2,10300
539,110200
1,8300
19,24100
1,5100
22,26200
81,31200
86,50500
22,27100
245,81400
2,11000
6,17800
2,6600
53,54800
2,6200
162,101100
139,38300
34,38600
19714,3331000
198,50700
9,25800
9,15200
175,70900
31,34600
268,55300
399,74900
2,6600
155,50500
6,11200
2,6400
102,50900
5,10000
10,19000
208,64500
30,34200
2818,386000
28,32300
3,7600
21,25700
155,50100
38,41300
2,6200
12,16700
1365,172700
107,54900
25,35700
1,5100
352,87500
54,55400
73,23700
13,17200
3,7600
9,13600
3185,405000
24,35500
11,16300
2,6200
29,36900
79,29900
6,10900
32,34700
1,5000
9,14000
247,84000
16,32400
27,31600
14,18300
704,111900
130,36000
8,13000
3,7500
1,5000
139,35700
107,55000
116,62800
118,64100
1941,248400
1,16400
486,110300
13,28200
9,14400
67,18600
521,90900
18,33000
5,10300
11,15400
13,17700
653,112800
2,9100
56,57000
213,85100
1,8800
439,60400
56,57700
409,91400
1,8700
4,15200
424,97400
1,8400
1028,171900
1,9100
29,38600
3065,419600
7,16900
1,5100
60,68300
12,27900
4,8800
3,7800
39,42400
2,6300
49,50900
3,7500
260,49000
4,8700
7,11500
4,8400
12,16600
7,11400
1,5000
5,10500
1,4900
28,31100
97,46500
203,44000
7,11800
28,31000
2,6200
145,40800
19,24000
7,12100
2,7800
5,10000
2,6300
24,33900
4,8700
61,61600
448,69400
109,66200
7,20900
9,14900
55,56700
17,32500
311,45000
1044,190100
2,11000
2,6600
9,13900
3149,476400
4,14200
1312,175500
28,40300
51,52900
9,13500
1,5200
868,107800
14,28300
18,23000
5,10400
2,6200
2,6000
112,59700
44,63000
2,10100
95,59500
1,8600
89,61000
2,6700
1,5000
23,27100
2,6200
14,18700
1,5000
206,47400
5199,833400
661,170200
20,34700
34,38100
7,11900
33,36100
8,12800
2,6400
5,9500
87,36600
1,5000
7,11800
2,6000
4,8500
8,12900
1,5000
1,4900
3,7600
7,11900
13,17500
7,11400
108,56500
216,55900
8,13000
5,9900
61,61800
19,23800
46,59300
5,17200
4,15000
10977,1486900
49,53500
23,37000
23,27700
37,41000
65,16500
12,16600
3,7700
48,49500
89,38600
1,5000
96,45300
18,23100
19,23800
705,117600
1,9200
5960,760500
2209,334300
3,13500
8,20200
1,8100
1,8600
3,11000
510,87400
23,30100
1,8100
14,33800
518,139500
1,10300
2,11400
12,17700
1513,229200
27,39400
12,16700
620,91600
4,9300
8,21500
10,27700
1,10100
5,18700
398,145300
31,46500
270,58500
85,44900
5,10300
3,7500
10,14600
8,12800
3,7400
117,63400
43,46300
58,59200
1,8300
165,65900
120,74700
7,20800
24,28500
59,60700
1581,228200
25,36100
3,13100
2394,342200
5,16600
8,13400
122,68600
11,27500
405,101700
942,137100
4,16200
25,29300
3,7600
2,6200
10,14900
3,8100
12,16100
419,91300
8,22100
1,5200
3,7300
19,23600
18,22800
3,7600
7,11400
2,6200
1,4900
18,22200
21,25400
108,55500
17,21500
222,61400
1326,397700
1,9500
69,32200
102,85400
7,20300
99,76500
52,88600
147,73800
5,16400
3,11800
22,44000
1832,287700
3,14600
7,12000
2,6300
29,33100
4638,687900
1,8100
278,66800
6,18800
39,42500
33,36800
17,21600
3,7500
87,36900
2,6300
25,28800
2611,334700
3,13500
50,53000
488,104800
350,96200
1672,257600
1413,245900
2,12000
1,5300
2,6100
4,8400
179,73200
32,35500
5,9800
16,20200
7,11800
1,4900
10,14900
23,27600
37,40100
129,26500
184,75800
17,33400
251,38700
466,86500
561,82700
33,46000
41,53100
896,143500
179,79000
1,8700
1019,147500
68,33500
1,5000
18555,2872500
1,8100
35,50100
450,75700
7,20100
1261,210700
9,15300
20,24600
53,69400
2,6500
16,42200
7,22300
5,19100
54,108200
10,18500
31,35100
249,34100
2,6400
1,4900
610,123200
3,15400
29,39600
1,5100
3,7500
2,6000
3,7400
27,31000
71,22500
6,10500
5,9500
15,19200
276,93600
12,27800
1,8800
8,21700
859,237900
3,15700
7,13600
11,16000
1,5000
6,10900
24,28300
35,39300
12,16900
252,36700
12,16700
6675,851600
7,14400
24,28500
1,5300
5,10100
5229,777200
2,8600
24,29600
22,32400
9,14100
5,10000
1,4900
6,10500
273,60500
6,11400
4065,513900
1,9100
28,32200
14,18800
745,97000
1180,156300
31,42500
17,31000
118,64400
1808,226700
3,13500
46,48800
83,42400
77,27800
2,6200
8,12600
14,18800
3716,615600
14,24200
9,14200
12,16300
6,10800
496,63300
2,10700
48,60300
14,28400
1212,185200
117,71100
2,10800
11,22400
1,5100
2,6200
6,10600
1059,147300
1,8900
20,30900
189,30200
30,34100
3,7700
23,27500
4,8800
6,10800
1787,261700
3,13900
4,8700
2,6300
3,7200
3,7500
27,31500
5,10000
77,27900
23,27200
1890,251700
325,67200
1,8900
19,29000
179,72100
8,22000
2,6600
4488,654500
7,13600
2,6500
1301,222500
1,9100
4,9300
839,130200
120,74900
362,96300
176,82200
59,62900
509,73600
24,38900
17,28600
1,5200
5384,920800
57,61900
230,106700
3130,488300
275,66800
2175,298800
6,16100
120,66400
3,12900
1,9000
92,42000
4,8500
10,15100
461,78500
272,67000
1357,221200
6,18400
3,7600
93,42600
1,5100
3,7500
327,58600
76,36200
41,66700
403,107300
1,9300
3871,658000
6,16800
738,181800
4,16000
3,8100
116,62500
3,7800
56,114300
28,44500
2,11200
4,15600
5465,746100
2,7500
125,20900
138,34800
6,11000
483,99900
63,22600
54,55900
2,10600
15,31800
1,5400
19,23600
9,14200
3,7700
58,59100
31,34600
4,8500
2,6200
394,69000
4,14900
5,10400
22,25900
99,47800
31,34200
92,41100
84,43900
4,8800
97,46700
262,50600
8,21800
1,5200
1249,169500
45,55300
1,8700
6,16400
1,5000
7,11900
2,6000
21,25700
155,49700
2,6400
36,38800
23,27300
107,54700
93,41700
9132,1436200
6,13500
2880,395700
8,18100
6,11100
10524,1566600
11838,1623800
25,31900
15459,2022200
49,60200
10,25900
3,8400
179,73300
293,78900
896,138200
10,24700
16,20800
378,55200
2144,322200
869,111400
2,11200
1138,179900
9,23800
13,18200
603,119600
32,45100
1,5100
165,60100
6,11200
4,8500
2,6300
5,9900
16,20200
3122,425800
1,9300
4377,608100
83,35100
2,10800
3,8700
111,84500
2,6300
24,28700
2,6200
2,6100
46,48400
305,90200
10,26500
567,86900
3731,485800
66,19000
1,5000
3,7600
27,30900
12,16500
3,7500
2,6100
96,45100
1183,185000
3,13700
3273,575200
167,103700
27,31900
4,11300
1,8000
428,176300
4,17100
85,61600
2,9300
1,7600
20,39200
3065,411100
731,146000
1,9000
3,9200
2,6300
2,6300
13,17800
30,34000
4,9000
34,38100
1052,191000
3,13200
169,64000
131,36100
9019,1322400
1,6400
9,14600
508,73600
7,20600
1443,209300
130,34900
8,13500
4,9000
239,106800
473,103300
20,35500
2573,374100
27,38000
1,5200
1,5000
38,43000
14,19100
67,19000
2,6500
11,16000
29,33400
4,8900
4,8500
297,83900
28,32000
3,7900
2,6200
1,5000
4,8600
3,7400
22,26500
4,8600
54,56900
1845,269500
139,42900
5,17200
413,89800
275,70900
23,36800
6,11200
178,73500
35,65600
8,23200
10455,1505700
3494,469200
882,120900
2,11100
1,5300
36,39700
3024,427500
19,27800
279,66600
7,20500
9,14300
208,48900
4,9200
39,42800
41,43800
2,10600
24,35200
1,5000
89,38600
12,16800
19,24300
48,50500
34,48000
13,27000
882,126200
3,13000
382,90000
25,32600
33,48200
46,49400
20,24600
4,8700
4,8900
138,35500
89,39400
125,24400
20,33000
4,8900
738,241300
17735,2647800
6,14600
9,24100
4,8800
7254,874400
10,16700
234,72300
9,24200
19,23900
7,12000
177,70500
8,21700
6,11600
235,75000
55,66200
4,14700
15,20200
4,8900
43,46200
3,7700
16,20000
42,45000
4172,563000
523,97500
58,68000
96,55000
3,13400
2865,387300
4,14000
3,7700
3,7400
49,50800
21,25500
1,4900
15,19100
92,41700
379,54900
1,8400
36,46200
13,17900
108,55000
32,45400
7,11900
8,13100
66,17000
45,47200
112,59300
6,18100
113,60000
30,43400
4,8800
1123,156000
47,58800
23,38000
5,10000
71,22200
283,74700
4,14700
2,7000
6,10800
10,15300
1259,181600
881,133900
890,126400
8,22200
11,25200
3962,646500
15,21900
150,45700
24,28200
1673,409000
108,97300
2,10700
125,33700
11,26400
376,61800
7,12400
327,108200
63,24400
4,9300
5,10200
200,50200
44,54200
17,29100
443,68400
433,107500
494,113800
11,24900
18,23500
75,26300
79,29200
23,27100
14,18300
39,42100
3,7500
149,43600
6304,862200
2,7500
5,9900
609,121900
3,11800
73,43400
25,57100
34,49900
28,39300
23,27800
470,144100
2,11300
82,39500
13,20900
1972,277300
1,9700
1092,190600
7,20900
21,25500
8,13200
4,8200
4,8700
10,15600
19,24500
44,53000
37,46200
36,39300
150,46600
14,29900
27,30900
1871,238800
2,11400
40,44000
1,5000
53,54600
20,24200
12,17100
15,19400
22,26100
11,15800
66,17300
8,12400
42,44800
12,16700
4,8400
19,24000
7,11600
19,23400
79,29000
3138,422400
103,93600
3,11800
16,36200
377,92900
262,60900
1602,306600
1099,188100
9,21800
2823,444600
36,46100
2,6500
357,86900
43,56500
13,27200
58,60000
8,22300
20,25000
38,41400
7,11800
1,4900
10,14800
11,15500
14,18800
11,15900
49,69500
23,53500
478,103300
268,64200
5,18100
7,11800
3,7500
61,67400
128,33100
1097,235700
444,71600
2316,354300
16,26500
74,24800
1155,188200
5,17900
9,14400
7,11600
2,6100
29,32200
10,15300
8,12600
2840,506000
2,8800
4,8700
15220,2239900
3,10600
5,10300
223,62900
561,85200
1,8900
3,9100
339,70800
3,12900
4,15600
20,25100
278,64700
12,26800
1,5100
44,47300
11,15800
269,56100
6,19500
115,61100
842,148800
58,68900
14,27600
89,47700
2,6400
1,5100
3,7400
922,183200
1517,248900
1825,327100
43,47100
3,7700
58,58400
3,7900
67,17900
74,24200
17,21500
367,94500
2,11000
333,69700
135,39400
1238,215400
189,37500
3611,460300
2,8600
31,35600
176,69700
2,10600
8,19400
96,45700
10,14900
177,70300
29,43600
11,16500
165,59600
6,18400
2,6400
7,11700
1,4900
12,17200
3,7900
2,5700
518,92300
1,5000
83,33000
1,4900
1,5000
38,41600
29,32500
134,31700
16,20800
7,12100
5,9900
11,15600
10632,1467700
17,23700
1752,228400
2,11700
60,61700
3,12800
1,9000
2,6500
598,112700
47,59200
26,39000
346,77500
25,44900
894,227500
32,54000
1,10300
611,176000
457,94400
108,56500
9,24500
651,110200
94,43200
21,25900
42,46000
1,5000
2,6200
887,124000
2,10700
9,15600
2,6300
1022,147000
115,70800
27,40300
13,18000
7818,951300
20,26200
1894,256200
59,61900
3,13600
64,15600
10,15100
1,4800
3,7500
2,6100
1,5000
3,8000
21,25600
3,7500
25,29000
15,20900
265,52700
79,29300
4,8700
41,43600
2,6000
105,52500
1,4900
19,23300
619,130800
32,35100
24,28200
1594,311800
394,75500
3,13500
105,59400
1171,221300
112,66200
1103,193300
3,11700
3,7500
10,15000
7,11600
2,6200
75,25700
4,8700
166,60200
32,34800
6,11300
7,11600
22,26700
1,5000
6,10600
8,12900
1143,175900
5193,776900
6,12800
9,14300
44,47500
18,22700
1,5200
4,8500
153,47800
45,48200
60,75000
70,29800
1,5100
167,60400
1,4900
2,6200
1,4800
6,10600
1,4900
31,33600
2216,337300
1,9600
5,10100
11,15700
286,73900
28,42100
18,23100
1,5100
5,9500
507,75300
1,8500
143,45000
92,41800
268,57700
3,12500
2,11000
3,8200
414,97100
5,17000
3,7800
1,4900
8,12600
496,64400
3,7600
821,125900
3,13600
3,7700
19,23900
28,31600
113,60000
5,16700
10,15500
14,18600
2,6200
26,30000
493,109400
1,8500
42,51000
12,26300
74,24900
3,7600
1,5000
355,135600
45,66600
3,13300
671,183400
343,79800
68,29000
17,22000
2,6300
5,9200
14,18300
36,39900
11,15800
9,14300
2,6200
2,6100
14,18700
264,52200
4416,881600
15,22800
4,10900
61,75600
8,23000
14,26700
1800,228100
108,61400
15,28700
21,25900
154,49200
52,63500
8,21700
632,95900
111,66500
1216,198000
30,40800
4,15000
1684,230500
3,14100
213,53700
600,134900
119,76000
5,17600
8,13100
28,31500
221,63100
12,27000
16,21700
80,30700
3,7900
2,6200
4,8400
7,11500
10,14900
1,5000
4,8300
3,7700
5,9700
39,42100
1,5000
13,17600
7,11700
6,15000
2004,264400
711,174100
17,31000
2,6500
305,89300
849,147400
52,63400
4,14900
9,14300
270,57500
3,7600
68,19500
2,6200
47,55600
123,69500
135,43500
5873,910800
10,16600
990,166700
3,13200
14,19700
32,35100
8777,1307400
34,40300
5908,798600
2,30200
6,29700
69,36100
4,11600
9,18500
5,12700
14,24300
17,29100
7,14600
206,66000
4,11000
2,7600
1,6100
31,43900
7,14600
27,43200
5,10300
2,6200
46,51700
31,37000
2533,410000
56,60300
104,61700
1,9500
15,20300
1,5100
1,5100
12,17200
403,139200
11,50400
59,73500
4598,940100
1,13700
7,15500
22,33700
10047,1741700
4731,629000
4959,724700
13,19900
3,7800
14,18700
26,29900
1,5000
204,49200
66,17400
1,5000
5,9700
616,141800
1558,206500
39,48000
128,30900
12,17100
6,10700
2,6500
26,30200
8,13100
7,11900
2,6300
2,6100
2,6000
24,42400
438,85000
2495,387400
735,223300
48,64000
2,8700
141,38700
8,21900
30,34100
2,6700
115,69200
56,80600
118,73600
1,8700
167,72200
6,19300
1,5200
23,27600
86,35700
18,23200
18,22100
1,4900
123,68700
50,63000
2,11000
1,9200
875,112600
2,10900
3,11200
336,68800
1345,212100
2,11700
30,34500
89,42700
22,34900
294,82000
17,30900
2,6800
1,5000
554,119800
7,20500
185,79900
4,14600
238,79400
35,49300
57,67100
37,50500
42,52800
111,63200
19,33000
7401,1224000
9,17500
38,50100
11,45500
1,5300
10,15100
9,14300
101,50400
370,97400
2702,385000
3,9900
7,12000
4,8300
11,16500
741,146600
203,56900
62,20000
9,14600
169,63800
7,20300
194,35700
69,20000
1570,223200
5,17700
28,32400
8,12900
6,10700
8,12800
8,12700
197,38500
12,16800
6,10600
622,81800
99,60100
26,39000
7,12500
9,13700
1,7900
691,121600
3,13600
1,5400
90,40600
2,8600
6,14100
15755,2062900
1106,200700
12,26800
230,68600
323,55500
25,29900
4,8500
9,14100
1497,220400
8,21100
4,9000
1862,226700
257,49300
32,44600
54,56600
34,38200
221,60000
82,45600
18,23600
5,10000
40,43300
8,12800
48,50000
5,16800
10,15500
35,38800
4,8500
17,21800
3,12700
72,38600
1,9600
101,51600
6,18900
2,9800
168,62300
38,51300
56,66400
118,72000
1,8700
6,16500
664,129100
7,20400
20,24900
5,10200
6,10700
165,60200
6,18000
2,8000
3,7600
8,12300
108,55000
1,5100
1082,174300
2,11000
1,8800
388,69600
191,43900
213,60900
407,93900
102,79300
6,16900
394,103100
84,38100
30,33800
20,24900
6,12000
120,73400
1,5200
1,4900
1,4900
2,6100
24,27900
2580,549600
17,41100
1098,290200
55,68600
14,25700
6,11300
88,38100
3,7500
4,8600
2,6100
21,25100
2,6100
1748,257900
28,45500
99,51200
163,59600
8,22000
28,39100
7,20700
77,36000
4,8600
373,91800
111,78100
8,21500
7,19800
149,54400
9,21800
206,61200
1,8700
52,65600
8758,1295200
115,63400
8,22300
6,11600
1,4900
14,19800
12,17800
11,17300
329,63200
2,6500
29,32300
7,11800
3734,471100
969,159400
367,104400
11,24800
1781,265200
141,46800
2325,344600
18817,2841500
2,9400
296,102200
9,20800
31,38100
17,22200
1736,252200
2,12700
10,15200
2,6300
5,9600
35,39300
7,11900
9,13700
78,28000
1,5000
9,13800
4,8700
122,73300
10413,1569300
1055,169100
5,18400
12,17500
2,8400
24,35200
9,14700
288,74600
1,8900
493,115600
3,14300
12,17900
40,44000
6,11000
12,16900
7,11800
24,27900
5,9600
4,8200
17,22000
1,4900
4,8500
118,70800
7,11800
4492,626000
813,116200
17,29900
7,12300
214,53200
45,47800
2,6400
21,25200
4,8700
2,6300
1,5000
9,13800
30,33500
48,50100
1,5200
5,10200
2,6500
226,63500
4,8700
13,17700
21,25200
23,27300
18,23000
19,24000
130,26900
36,39500
6,10900
36,39200
77,26900
206,45600
4814,662900
4,14100
856,190900
2,11700
1,6000
61,72600
26,41000
41,48300
18,23000
5,9800
10,15100
6,10600
76,27200
3,7600
2,6100
1,5000
7,11500
104,52100
5,9500
172,64800
30,33200
2,6300
2,6200
4508,807200
49,56700
23,36800
28,35200
76,27100
39,41900
74,38300
6,12200
38,42600
73,35600
378,91000
2,12300
5517,779800
74,26400
5,17300
26,35000
102,54500
195,51700
161,67100
1,8700
38,46700
2,11100
6,15800
2,8500
14,20400
11,17200
563,91600
177,80800
5,17500
44,56700
29,42400
3,8100
21,27800
1,7100
1,7900
1,5900
242,82100
3,13000
7,12200
1,7100
18,22900
3,7900
1442,205300
2,11000
3,7800
27,33300
3,8500
30,34900
26,30100
1611,352800
32,62400
11,30600
3077,526600
16,26100
539,111700
5,17300
762,136800
7,20900
4,12400
11,15900
7,13100
1,6800
34,40700
3,8900
4,11600
263,59400
50,61600
3,13000
1,5300
2,6300
799,198600
2468,367800
3,12500
49,60700
1,5200
4,10900
51,53400
598,119900
11,25300
17,22400
19,23700
14,18400
111,57700
46,49200
134,54800
654,112600
36,50000
190,32300
1,5200
1,5100
1225,209500
3,14200
99,48600
3,7500
1,5000
2,6300
18,22600
6,11100
9356,1427600
9,19200
1,5800
56,59900
5,9900
1,8100
6,12200
789,141300
1,8600
1,9100
34,38400
17,22300
7,12200
69,29500
44,46800
71,37300
31,37200
6,11800
1400,217900
7047,940600
5,14200
8,14700
5,9800
2,9800
1,4800
1,4900
2,6800
2,6300
193,34200
4,9000
6,10900
19,23400
83,33100
2,6200
21,25000
115,60800
5703,763100
3839,584700
3,12100
31,34800
160,55200
380,64300
4,15200
3,8000
21,25400
433,106700
9,23600
2,6900
5,9500
60,61300
11,15600
25,29000
490,156700
1130,228900
1,9700
6,15300
122,74700
1168,313100
1,10600
169,85500
1,6900
11,23700
272,72000
3,14100
6,14600
4,12500
2,6100
10,27900
1,8900
25,53900
8,24700
65,21100
10,20500
11,25400
21,29500
6,11100
28,31300
62,15100
198,39000
20,32200
3,8200
3,7800
58,85800
2,6900
5,10100
3,13000
13,23800
774,178500
65,18000
5,13600
7,20400
1,9000
32,36200
43,45500
186,27200
1,4900
2,6200
7,11200
14,18500
1,5100
752,108200
4389,658100
210,52800
1,8700
227,69600
4,15300
14,19000
27,30700
2615,357800
1,9200
8,13000
1,4900
3,7400
11,16300
30,33700
9,13700
43,45200
1,4800
1,4800
1,4800
4,8700
17,21500
2,6200
61,62000
24,29200
1,5300
103,57500
10,15300
682,88300
24,29600
1,5200
109,120600
148,55000
70,21600
229,68100
66,26700
207,47100
3,7900
93,42200
76,26500
2,6200
371,99300
14,28300
1,5100
2721,442300
7963,1044600
36,42500
30,43200
2,6400
1198,176000
1,8900
2,7700
251,36600
6,11400
3,7400
34,37100
15,19400
44,46600
4,8300
324,56900
12,16500
22,26200
15,19100
3,7500
350,79500
94,69500
39,41900
1,4900
11845,1629000
13,33400
3,12400
4,10900
3,11900
4,12800
865,247700
89,80500
1,9200
50,85600
15,31400
5,16800
13,28800
2848,467600
3,14600
69,20700
415,89000
1,8600
2,12000
244,81100
2,10500
1,8900
12,17200
3,8000
1,4900
261,48700
4,8700
4,8600
290,88500
2,11100
11,22400
4,8600
3,7900
26,29700
24,28300
4,9100
2,6200
19,23100
7,12000
21,25300
343,72900
3,7500
3,7400
12,16600
3,7400
22,25600
6,10700
5,9500
70,21400
114,67200
90,50200
797,143500
5,17400
6,10800
4,8300
1,5200
194,34900
5,10600
40,43100
998,126400
2,10700
201,42000
32,35600
23,27700
749,99100
65,24900
2,6400
400,85600
4,14900
44,47900
1,5200
3,7500
1479,232800
478,98900
246,89700
1,8900
4,14100
3,7600
12,17300
2146,322700
24,34700
2,6800
4,8500
2,6500
7,11500
18,22600
151,47500
3,7600
14,18500
63,13700
291,81500
2,6800
4486,636300
1661,243900
2,11600
52,55000
742,164700
1650,282100
1,10300
243,80300
1,5100
454,73000
3,7500
669,129000
32,45000
158,58800
1,5400
85,34400
12190,1887800
3,10700
1798,233500
27,37300
6,10700
20,24200
40,42800
9,13800
4,8600
12,16500
4283,788000
2,10900
5,16900
1,7000
297,83400
112,96700
1472,270900
4679,625700
141,38600
1,8600
87,41700
2,6600
46,49400
10,15100
77,27000
57,58600
3271,447200
1,7800
933,142600
1,9100
703,117900
19,124100
47,74500
2,10700
1,9000
14,18900
4864,739300
2,8200
126,22100
67,18700
2,6300
2,6100
3,7400
62,12100
155,56600
1,5300
1,4900
1,4800
38,41000
3,7400
31,34600
1,4900
1,4900
75,25600
105,52700
1,5000
1,4800
648,109700
4,8800
929,159100
56,67800
3,13200
2,6600
37,40400
99,48000
2,6600
1527,227100
38,49300
28,40200
2,6700
1354,222800
2,11300
1,5200
2,6300
12,16800
1197,177300
137,41400
96,53700
50,60600
5,17400
794,145700
208,55100
1112,200800
2,11800
18,34000
1,5100
1,5000
5,9900
281,67200
87,36400
3,7700
14,18000
11,16000
1,4900
7,11400
3,7400
10,14800
2702,423800
1,9900
6,11200
2,6200
12,16700
3,7600
11,15600
7,11600
7,11500
25,29300
1,4700
2,6100
50,51400
160,54500
27,41400
25,34600
87,49400
1,8900
68,19800
4,13500
7,11700
1,8400
28,33200
127,25900
1,5000
1,4900
133,30000
16,20400
3,13200
2,6100
2,6100
21,27900
4,8400
1,4800
39,42500
15,19300
6,10800
28,31800
922,257600
2,14100
15,39700
38,79100
21,31800
4,9000
32,35100
9,14000
159,53100
94,54800
417,91200
48,60700
21,35100
4,8800
647,108400
5,17700
59,60800
52,63300
21,44000
14,33400
14,32800
11,30300
292,107100
454,76400
9,21000
79,30200
17,25900
361,104600
9,14600
1091,193500
34,71200
6,13900
1,5500
356,206100
59,73100
2,11000
3,9100
34,37800
1,5000
38,40800
10,14800
21,25800
46,48500
165,68800
8,22200
3,8100
49,51100
134,30800
14,18400
1487,265400
1,9200
7,23400
88,42300
775,170800
11,26300
24,36600
972,190800
5,10700
443,80500
871,165000
38,43500
3,11800
277,103200
45,52300
12,27700
2179,388000
18,30800
2,6500
904,148900
7,14300
575,97600
24,38500
152,47400
195,45000
2,11400
9,14300
26,29600
19,23500
4,8700
73,23600
1,4900
2,6000
2,5900
2,6100
2,5900
46,54500
122,68400
6,10700
2,6100
43,46200
2307,397400
116,69000
9,23200
168,64100
69,29600
207,49400
12,26100
3,8000
30,33800
59,59300
1,8100
59,66600
695,106300
6,18600
160,55600
86,45000
49,51800
99,48300
2,6500
13,17300
427,100600
8,21800
3,7800
2,6300
12,17000
3,7600
54,56600
12,16700
1,4700
2,6100
170,63500
11917,1737100
1,7500
41,48300
10,24600
43,46500
151,57200
73,32600
173,66000
8,22000
2,6700
76,26500
5,9800
42,44500
174,67500
131,27800
161,55300
3,7700
75,25400
3,7200
3,7900
40,43300
425,111000
3,13000
130,32000
9,14400
22,26000
38,42100
35,38700
85,34500
169,62000
14,18400
3,7500
3,7400
9,13700
9,14000
3,7300
10,15000
3,7300
212,86600
317,56400
4,15200
70,27900
1,8400
24,33900
945,127300
89,59800
125,39000
10914,1574500
4,11000
8,13000
28,32300
4090,550100
5,12900
381,60000
4,15000
16,20700
6,10700
1327,199500
40,52000
141,45900
742,144600
3,14100
1,5300
12,16900
12,17000
4,10800
887,149200
18,32500
19,23900
9,14000
1,4800
2,6100
2,6200
399,74700
29,32900
531,101300
118,79200
3,13500
6,11100
396,71000
150,53000
727,130400
74,32800
2,6500
33,37000
413,98700
4,14700
1607,253000
838,129000
67,25800
28,31700
3,7500
237,73900
666,128800
37,48700
3,12900
10,15600
280,66300
1,8600
100,53900
6,19200
61,62800
11,26100
170,63900
14,28700
225,64200
11,25100
149,45000
52,64800
10,24400
5,10200
66,16500
2925,395100
126,25100
6,11400
2,6400
1,5000
2530,412500
1,9900
40,44100
1435,238500
30,36300
1,8600
120,77100
11,29300
1,9800
732,221300
2,12700
10561,1574700
315,83500
21,34200
5,18900
6,20600
116,99000
3,8100
891,172700
9,24700
13811,1896100
1,7000
11,16400
6,11300
7,11800
4,8700
18,22700
389,64800
607,119400
23,36700
306,89900
18,32400
2,6500
7110,898200
1,6400
6,11500
4,8500
3,7500
116,62600
368,101900
14,27900
634,94800
962,142400
27,38400
7,12000
65,16700
9,13800
551,117400
10437,1452100
468,88300
2,11200
88,42700
25,29700
248,32400
11,21500
17,22100
1,4900
3,7400
14,18600
3,7400
5,9700
3,7600
2,6200
1,4900
20,24000
2,6600
52,53100
3,7600
1,4900
19,23400
1,4900
2415,357400
5,16200
6,11200
9,14000
2,6000
11228,1666400
2,15200
1,9800
97,84900
6,11900
291,84300
189,52300
1,5400
6,11100
1135,167300
37,50900
9,14600
1,7500
3,13800
17,42000
2596,397700
431,112700
336,73200
2,12000
1,6200
3501,458200
1,9200
75,27000
9,14400
19,25100
75,26100
15,20100
15,19500
86,42700
77,27700
3,7600
37,41500
19,24400
30,33600
1,5000
1,5000
4,8900
15,20200
16,20400
3,7500
374,49600
1,5000
22,26100
466,83100
2,10800
9,20300
7,11900
1,5000
11392,1605400
9,16400
29,32700
262,50200
10,24900
161,56000
46,80800
13,27800
3081,416200
1,9000
3,8100
1368,201600
126,28100
5,10100
1,5000
2,6100
225,63200
12,16800
1,4900
3177,407800
1743,229400
283,72300
7,20200
424,97200
3,12800
174,67000
1,12400
101,55800
195,43400
3,13100
3323,489800
290,76900
1,8600
1,9100
63,13100
19,23700
10,15200
3902,516700
2,8900
4503,687200
24,30200
983,164600
7,20500
1318,270000
495,220100
205,63200
32,48300
876,115900
1,5300
5,10100
859,210100
10,26100
16,20700
253,38900
303,86400
1,8500
49,58200
45,57000
94,51200
18,31700
14,18700
17,21500
72,23000
49,50700
1,4900
1628,216000
385,97600
5,10900
1,6600
179,71700
23,30300
2,10600
1,9100
2,10200
93,43100
21,25400
12,17000
3,7600
14,18200
1,4800
3,7300
10464,1501000
11,18600
148,45000
9,14100
12,17000
9607,1322700
1,6600
19,24400
26,33700
1,5200
22,26500
2,6100
72,23100
5,9900
1,4800
75,25400
19,23200
2,6400
2,6000
2,6100
6,10600
384,62700
6,11200
6,11000
9,14200
2,6500
2,6200
2,6000
138,34300
4850,641600
19,26000
2557,355500
12,21400
412,86300
103,60200
4,14900
189,30400
5626,769800
21,27100
6,11400
5,9800
216,54600
2315,309500
856,216000
2875,441900
1376,198500
3,14400
18,43700
15,22000
8,12700
25,28600
115,61100
56,74300
291,83400
34,46500
7,20500
875,165400
111,65700
270,63800
67,26900
1002,128500
2,10700
22,27800
3,7800
251,36500
47,49300
19,34200
8314,1218800
218,59700
3,13000
55,58000
11,15900
62,11800
471,90500
1,8300
6,10600
11,16100
246,82400
173,66200
178,71500
92,41600
3191,432500
9370,1341700
26,32200
3497,459900
7,13700
44,46700
16,20600
3,7400
32,35300
2294,313600
70,27300
23,27300
1489,191200
3,13600
3,7500
8,12800
15,19400
18,23000
41,44000
78,28500
30,32800
15,19200
3,7500
14,18400
2,6000
482,109300
59,70600
207,55300
8,21500
2,6500
36,39500
1,4900
17,22100
159,54400
2,10700
4,14300
7,11700
3854,514000
50,55200
13,27600
4,9100
424,95700
2,11000
39,48100
6,18800
25,29700
64,14300
7,11900
8937,1672100
104,55800
2,10800
215,58100
323,60800
22,36200
2880,403800
152,51700
31,44200
3,7900
5,9700
25,29100
38,41000
2,6200
2,6000
536,107900
102,59500
3,13300
496,62300
136,40900
2,6500
2,6300
1,4900
197,38000
1008,137000
27,39500
2,6500
3,7600
18,23100
6,17100
2,6500
57,78900
52,53900
2,6600
57,58200
17,22000
6,11100
158,52500
126,20500
9,14000
16,20500
55,56000
53,53900
2,10600
7,19200
278,64100
1,8600
1341,211400
36,47700
22,27000
385,60900
113,68200
15,28100
54,56300
1991,245000
122,71700
22,35700
52,54100
462,81100
79,39500
5,9900
16,20100
966,153900
279,71500
9,22600
48,51000
422,100600
23,35700
1133,172200
1,5300
16,30400
2,6700
56,63000
2,10600
49,67300
1055,163100
6,18700
11,27900
8,23300
18,23700
2,6300
18,22900
85,34600
3596,648800
2,10600
2,6400
876,121400
2,10900
4,10000
2,6500
9,14200
6341,935100
287,75000
2,10900
2,8000
40,43000
24,28600
72,23400
139,36300
10,15000
4,8500
10,14500
11,15600
4,8400
52,53200
3,7700
4,8800
208,48000
3,7400
859,155300
36,49000
3390,460300
46,72700
2,11000
3,13100
1,9400
887,147400
701,110000
1,5200
3,7900
2,6200
7,11900
10,15000
10,14800
7,11700
3,7600
3,7400
539,129100
85,36300
55,56400
96,44600
3,7400
856,150900
8932,1395200
116,66100
48,81200
97,55400
47,59300
1,5500
397,72000
1,5200
3,7800
7,11600
6,10700
1,4900
38,40900
97,45400
278,70400
18,22900
97,46000
10,15000
20,29000
5,10100
5,9500
9,13700
1,4600
37,40400
181,73700
781,132800
1,9000
8,13400
756,106500
14,28800
39,42800
22,34800
5,17900
27,59300
148,68700
1,9100
1,8800
30,34400
122,68800
6468,846000
705,112800
30,42600
177,70100
2297,318900
59,66100
6832,900100
2,7600
20,30300
3,7700
40,43200
17,21700
7,11600
1684,219200
11,24100
180,72000
2,10900
16,26300
1,5200
1,5000
20,24500
47,49100
2832,412100
24,33200
24,28200
9,14000
4,8500
1085,176100
4,15100
44,46900
62,11600
26,29600
27,30700
8,12600
40,43100
3,12000
19,33500
77,38900
349,125600
1,8700
6,17800
4,14500
5,15500
8,20800
20,41200
1,8400
40,73400
4,13500
38,66100
347,132100
29,52700
116,101800
2,9700
32,54800
2604,387700
1,5800
37,64900
912,230700
208,49900
1,5100
316,48500
206,79900
152,81100
229,101300
5,19800
79,56800
2,11800
15,37600
1158,295900
10,21700
1274,241900
6,12800
14,22800
6,11400
234,79700
9,23900
1,8900
1,8900
851,150700
473,129500
7,22100
1,5200
1,4900
8,12900
15,19400
6,10900
1235,242500
195,44800
232,69800
11,27000
2,6500
124,25000
9,14700
3,7600
42,45000
14,18700
1,4900
2776,397200
1,9700
48,50600
3,8200
14,18600
2,6400
1,4900
8,12500
9,13900
97,46100
21,25100
3,7700
62,11500
7,11400
2,6300
2,6200
5,9600
1,4900
1,4800
34,37800
3,7500
2,6100
120,66000
1,4900
31,33900
11,15800
6,10900
28,31300
131,27800
2,6400
10166,1584600
278,66700
59,69400
3,12900
1403,209600
100,55300
5,17100
7,12100
54,55700
4,8500
154,49500
16,20500
5766,726900
22,28500
9,23700
24,28500
39,42300
3,12500
3,13300
83,33900
3,7700
27,30700
1443,198100
3661,445400
2,8000
3,7800
31,34300
58,58500
215,63300
5,17200
2,6500
8,12700
2,11900
19,24000
12,16700
37,40700
30,33400
5,9700
1,5000
12,16700
1,4900
2,6200
3,7500
112,58400
2,6400
22,26200
10,14700
7,11700
36,39000
2,6600
2,6100
2,5900
11,15600
17,21700
50,52000
3237,493400
380,95600
56,70300
367,97200
2,10800
3,13500
48,59000
4,15000
4,15100
25,35900
660,122500
2,11100
733,139700
3,20300
1,5300
4,8800
4201,665700
57,64300
14,28200
36,40000
70,21400
3,7400
14,18600
1,4900
3,7400
20,23900
16,20000
29,32400
2,6200
312,46100
16,20500
15,19500
44,46100
124,18600
11,15600
48,50600
364,91900
1,8400
51,59900
1,8500
1,8300
16,20800
1,8100
4,15000
1,5100
3,7500
120,66500
34,38200
247,82700
12,31400
11,15900
26,29900
23,27000
8,12600
3,7700
2,6200
2,6000
105,52900
6,10800
9,13800
25,29100
1,5000
11,15800
28,31500
29,32400
8,12700
1925,235200
24,35200
2,6100
14,18500
42,45700
32,69600
2,10700
77,34700
26,29800
54,55700
1318,185200
220,63700
1,9000
14,23900
16,20600
21,25200
3,7600
305,88500
18,32900
37,40500
78,27900
392,67700
41,53400
71,30700
981,169400
304,95100
215,61600
13556,1939100
55,59300
13,27400
2890,486200
3,13900
4,8800
2,6200
2,6100
34,38000
134,31400
4,8800
235,73600
67,18800
1,4900
5,9700
49,51200
4,8700
13,17400
2689,422600
170,68300
2,10800
34,39200
202,43900
2,11000
30,39600
8,13200
161,55700
7,11800
12,16800
1340,237700
1,10300
996,202000
8,22200
9,23800
19,40800
3,13300
174,116900
3501,496300
8,18700
39,42500
66,28200
545,115300
12,26600
12,17100
147,43300
13,17800
5,9700
1566,206100
5,10600
191,32300
369,96600
7,20500
3,7700
22,26700
3,7500
11,15600
60,60800
68,19800
150,45800
63,22700
4128,559200
46,51100
1643,234900
11,22800
2101,352200
54,63500
2,10600
5247,791500
41,46000
55,66200
20,33900
12,17300
9,24200
75,48900
26,59300
67,21500
2,6900
190,31200
79,35200
2972,410400
59,65900
2,10700
22,32200
55,56200
63,23100
1,5200
1280,197900
44,55300
4,14700
2128,296100
88,43200
3,12800
4,8800
21,25600
24,28300
1,4900
8,12500
87,35900
8,12900
33,36500
2599,381200
14,24100
1,5000
50,52000
11,16000
61,74300
2561,370500
27,36000
81,40500
15,19600
119,64800
1,8400
465,85200
2,10900
28,32000
2,6500
397,72000
5,17200
180,97700
67,29400
13,17900
2,6400
151,46400
403,78100
112,68400
20,38800
57,59200
103,51100
2,10400
1,8300
9,14800
3,7500
4,8400
224,62400
399,73400
2,10700
5,15500
6,11000
14,18400
4,8500
7,12000
501,173300
171,86000
37,67700
143,39800
2,6300
3,7600
8,12800
15,30300
2,11200
5,16800
5,17200
1,8600
12,20900
9,23400
14,32600
14,32400
74,30100
977,160000
376,60300
2401,362200
15,25400
9,14500
5,9800
276,62600
5178,741900
4,9800
13,18300
7,11800
1,4900
42,45300
1,5000
123,68000
4,14700
12512,1952200
1,7500
13,18500
64,14500
2220,335100
2782,396700
271,60300
4,15200
5,10300
2,6200
8,12600
99,48800
5,9900
14,18900
100,49000
95,50400
11,15700
174,67000
1020,159300
40,51700
6351,819400
30,34900
4,15100
126,21800
1,5000
31,34800
41,43600
6,16500
12706,1729600
27,33500
12,27000
1,5200
5,9800
15,19400
5,13100
1999,426400
191,40500
16,22900
6,18500
136,58500
9,19700
2,6200
7,20700
2,11100
329,66200
9,21100
242,83800
11,16000
1,5100
429,99500
1605,245400
5,16500
1,5200
117,63900
1189,166700
1,8700
95,44900
56,57400
59,59400
395,71200
15,30200
84,34700
31,34300
15,19200
47,49200
4,8400
5454,750600
16,22100
2,6400
568,85500
2,10800
10,20900
7055,962900
96,47400
283,77700
23,36100
9,14200
9,14000
28,31700
611,122100
21,35600
25,29600
699,104000
1563,210200
408,84000
110,80900
2176,303700
58,66000
1,8700
82,36900
1,5100
1,5000
3,7700
5,10000
4,8200
13,17300
321,52500
69,20300
5,9900
323,54200
6,10900
2,6100
30,33300
434,55100
157,60700
3,13300
617,128900
1,8300
9,19100
44,46600
31,34000
2,6600
14,18100
3,7500
4,8500
2114,323000
1,10300
2,6500
134,48700
5,10000
1,4900
645,105700
632,96600
8,21100
2,6400
6,10900
9,14200
2,6100
167,61000
1,4900
3,7500
38,47300
9,14100
1,5000
34,43100
28,31800
37,39800
115,61600
1324,246500
1,9300
68,19800
31,44300
9827,1405600
106,78600
20,27900
16,21900
4,15300
58,81100
2,7200
1,5100
2193,419900
3,13400
1,7700
6,16000
1,7500
32,54100
115,95600
1023,241400
631,162000
2,9700
33,57900
47,76600
3,11600
1,7500
43,84600
6,16900
1,7800
1,7100
12,25400
100,75000
36,61200
206,71500
2,9400
9,21300
4544,996100
28,49400
121,104700
718,190400
29,56600
5697,1231300
4,13900
2,9200
5137,1053100
6,13700
215,61900
72,32900
6,13800
28,33200
72,24200
5,10000
175,67200
6,18100
42,45600
49,50300
599,165700
1,8600
1,8900
145,45500
1,5100
18,22500
554,125900
531,109900
37,52000
3,13100
50,52900
1,5500
1,4900
182,75400
2,6700
1,5000
1,5000
658,116200
22,36100
2,7400
2,8200
11,15900
682,89500
30,42600
235,76300
382,69100
62,18600
394,72500
6,18800
2,8900
209,49500
41,46200
281,66400
21,35700
165,60400
1,8500
1,8600
2,6700
88,37100
9,14600
2,6200
137,33000
6,10600
63,12400
143,38100
13,17400
31,38300
54,83300
2,6400
3,7400
91,39800
167,60000
6,10900
7,12100
47,49500
2,6300
732,132000
1789,359500
28,45100
13,18300
672,223100
25,42500
105,54300
3,12800
43,51500
38,42300
9,23200
6,11200
442,63400
164,58200
38,52800
1887,272500
594,115700
1,8900
9,15100
19,23700
4,8600
5054,845100
38,44200
67,26800
103,51800
2,10400
95,49300
173,69900
2,10400
8,18400
4,10600
6122,995800
11,23200
19,24200
11,16200
68,19800
3,7700
6,10400
61,66300
2,6400
1,5200
23,29600
1,5200
5,9900
2,6300
10,14700
29,32600
6,10700
2,6100
14,21800
8,13300
16,20600
301,90900
9,14100
18303,2787900
4,11500
72,33500
3,10000
90,39500
157,52500
95,54500
27,33200
3,7900
132,28500
429,104400
3,13300
109,57000
4,8700
3345,451000
439,61100
2,11000
23,28200
3,8000
2,6100
1764,250100
38,50600
79,38700
81,31300
1,5100
21,25700
1,5200
2,6600
1,5100
244,80300
293,96100
559,125000
16,36900
1,9200
83,57800
17,40000
319,92800
2,11400
8,20900
62,20600
356,90000
496,73900
1,9000
205,55800
3,14000
50,59600
8271,1160000
2,10000
1,5700
3,7800
1,5000
2,6400
607,133300
3118,410100
52,56600
4,15300
74,25800
2,6700
3,7300
502,66300
3,13000
57,59200
44,55900
3,12900
10,15700
119,69300
2,10800
152,52700
1,8400
452,85900
12,27800
28,32400
208,48300
4,14400
3,8500
9,14000
14,18600
103,61600
33,37300
4,8700
8,12400
49,52700
73,23700
42,44400
1,4900
114,59700
3,7600
109,59000
2,10800
33,44200
6,11400
395,71700
30,43100
6,11700
2,6100
83,37400
721,129000
48,59000
15685,2145600
6,13700
415,94700
4,14800
1,5200
547,134900
2,11000
241,81200
101,58100
5,16900
38,44700
437,56900
4,14800
1,5900
39,42800
287,77800
35,48000
11,25400
165,67100
160,62600
4,14800
24,32000
1,5000
82,31700
3124,435000
218,60100
2,11000
4,13800
5,11700
2,6000
23,31000
40,43100
8,12400
5,9800
2,6200
73,24100
19,23800
3354,411700
5,12100
935,187900
46,51100
896,237200
200,67500
526,150000
31,47000
406,81200
6,18300
416,113700
1,8900
7,26800
24,49100
8,20900
96,88400
1,10400
2,12500
479,170900
6,20600
23,28000
311,44500
1,8400
27,39000
2,6900
4,8500
21,25500
1,5100
534,113400
13,34100
281,67600
106,63700
44,54300
489,106900
42,56100
7402,967700
213,54500
67,27700
11,17000
631,93300
3,12800
31,34700
1,5900
126,26800
21,26100
4,8700
398,77800
1196,190000
35,45200
1222,207400
1,9600
1,7400
3,7600
13435,1854200
245,89000
120,71400
2,10800
6,16600
1,6500
16,20200
3955,514600
10,18100
1,6400
12,17100
7,11800
150,46400
1098,193800
15474,2152300
142,41900
6,18900
268,58700
112,60400
19,28600
193,63300
17,44000
94,55300
47,53800
688,100200
30,51000
7,12800
1,5600
29,33100
12,17600
108,54800
906,161800
4,16300
80,34600
2,6400
4,8700
7,20400
41,46500
3258,424200
2195,322900
149,52600
66,24200
138,38400
107,58300
142,49900
2172,296300
10,20400
270,57900
8,22500
2,8200
61,62100
22,44100
1242,165800
191,38700
4,15600
13,18000
3,8100
34,38500
7,11700
45,47500
8,12900
5,9800
3,7600
1835,256700
1,9500
1,5200
98,54900
78,28800
13,18200
5,12200
25,29400
12,17300
187,31600
35,38900
2,10400
3,13900
7,14500
2,6300
326,58400
100,51800
6,18500
40,44300
5133,712900
28,46800
1,9200
840,221200
3,13500
2,11200
1,9000
3,13700
7,41400
110,124200
1417,341400
3,16900
227,83200
93,79400
8,26200
235,139500
8,15800
9,14400
17,22300
337,67800
108,68200
303,103700
145,49000
739,213000
44,55400
34,47200
107,62400
60,70400
74,31600
70,22600
4,8900
4,8400
3,7400
1,5000
92,41000
249,34100
14,21800
11,16300
2193,322600
34,44500
59,68400
1,8700
1,9100
1,7500
4,8800
4,9100
1,4900
39,42800
925,163400
196,44000
4,15200
4,12300
4,8500
2,6300
30,33100
304,93400
13,28100
114,61200
5,16800
309,92600
22,46100
50,88600
4,14500
3,11900
14,31800
4,15400
1009,161800
1,5700
32,62600
3,15800
2,12800
22,50300
1,10500
2,11800
1,10300
2,11900
85,67700
1573,229300
1,9900
1197,179400
10,24900
25,29600
35,39200
204,44500
3,13000
3,13300
2,6800
3,7600
9,13600
14,18500
5,9600
395,77400
2,6300
6,11500
15,19400
50,51700
3,8000
26,30100
6,11000
5,9800
1,4800
26,30100
4,8600
3,7400
5,9700
3,7200
1,4800
390,66300
2,6300
1,4800
70,20900
3,7900
8,12600
13,17600
5,9700
6,10400
4460,837400
8,15400
4,8800
5,9500
27,31200
3,7400
47,49700
245,81100
2,10600
2602,515100
4,16000
6,31700
1,5200
25,29000
53,54300
932,120300
10,22600
203,44100
5,16500
52,54200
4,14200
3,8800
17,21800
1,4800
59,60600
9,13700
152,46600
188,29100
2,6200
6,10800
15,19400
15,19300
645,106200
14,28400
1,5200
58,59500
921,159400
62,18600
36,40100
16,20100
13,17400
201,41900
2,6200
2,6000
2674,374500
2,12000
31,34500
1,4900
20,24400
721,126500
9,23500
7,12300
633,95800
950,135700
328,64500
4,15400
1,5400
33,36800
47,49300
4,14200
49,51900
12,27200
7,12200
349,80100
26,41600
13,17800
22,26200
1375,321800
104,60100
2,10900
51,54400
12,27000
18,23000
54,61500
136,42500
6,11000
25,28100
23,27300
193,34900
34,37500
4,8800
1,4900
56,56100
141,37600
5663,829300
54,58300
1,8700
15,25100
1,5200
87,37600
20,24700
16,20400
2342,456100
4,10500
5,16600
1,9200
7,22300
4,16400
1,9700
142,73700
1,10800
35,74800
2,10200
27,30800
322,56000
61,61600
2,10700
696,148500
2,12200
2298,311200
1,9600
1,5200
7,12000
168,62000
3,7500
2,6100
3,7200
79,29000
202,43400
2,6400
707,116200
163,80800
74,25700
6,15200
179,95100
2,11000
31,40600
743,260600
143,73500
63,23400
2,6700
2,6200
38,41000
468,109400
10,20500
165,59300
4135,645100
155,51400
5,17000
17,22400
714,155500
1,10600
60,66900
1,5000
246,83600
26,40100
75,33400
138,74700
2,12200
5,15900
16,21100
1,5000
1617,210900
3249,511300
118,66700
42,54800
94,51600
13,27500
1,5300
308,92100
174,75300
6,18900
9953,1479400
9,16600
2766,381900
558,83500
1122,162400
339,74300
397,76800
9074,1321400
429,139600
2472,497500
21,45200
213,66300
96,57100
9270,1301000
2,7800
64,14500
2,6300
4,8600
4,8400
12,16500
1,5000
197,37600
3,8000
3,7500
37,39900
1,5000
288,73300
11,16200
27,30300
1,4900
340,79800
169,63000
2,6400
30,33000
113,59800
34,37600
29,32300
12,16400
1500,198500
9380,1506400
94,46200
2,11000
1391,201300
2,11600
11,16500
1,5000
5,10000
130,26500
1499,195800
6,18900
50,52100
3,7400
52,53200
1,5200
1,5000
2,6000
152,46300
17964,2762400
2,9300
8,12700
20,24500
70,21900
4,8700
8,12700
72,22900
179,71900
1,5000
16,20800
9,14000
34,37600
84,33500
1,5000
8,12900
2,6300
248,33300
11,16300
208,48300
3203,541600
142,69700
3,13200
46,92100
8,13800
6,19600
4,16400
2,12600
40,83300
2822,410800
525,97800
1030,173300
31,36500
831,133300
2,11600
178,72300
1,8600
29,40400
5,10000
216,54900
139,35100
2,6300
1906,275500
6,18300
6,11100
5,10000
330,60500
4735,627300
18,24000
8,12900
6,10800
13,17600
2,6100
6,10600
4058,502700
388,64800
1057,150900
12,18400
1144,173300
8,21200
164,57900
1,5000
4,8400
88,37300
4,8600
1,4800
3327,442600
111,60800
1747,228000
807,99900
199,46600
1,5300
6,11100
6203,808300
9,16000
4,14700
3,8100
13,18100
4530,581400
5,11400
62,11900
8,12500
62,11900
10,15100
260,48500
2,6200
1,4800
6,10500
1,5000
1,5200
9,13800
3,7200
38,40800
340,70100
202,42700
16,26100
27,31300
4,8900
2,6200
38,40900
38,41600
31,33900
4,8900
4,8200
26,29700
490,105500
18,33700
2,6400
154,48500
15,19300
8,13000
2,6100
3,7300
1,4800
118,64000
5,9900
10,14800
3,7500
8,12200
14,19200
13,17700
1,4900
1,4800
61,85500
656,166000
24,40400
221,60700
2,10500
6,16500
109,56400
444,71600
53,63500
1,8800
1,9000
1,5400
2311,394900
7,20900
1071,180500
1,19600
1167,367300
93,74400
179,84900
817,117800
6,19300
603,116200
280,74300
427,104500
5,18100
5450,726200
519,92100
93,51000
13423,1990700
16,22900
66,27200
17,22200
1,5100
519,90700
4,14600
17,22500
156,50800
31,44700
15,20200
4,8700
467,85100
86,45300
35,38900
2093,324300
10,16100
9,14000
1,5400
51,53500
7,11900
367,94800
2,10800
3,13400
43,46500
3,7700
480,103900
1,8500
95,49800
446,72200
41,53300
186,33600
20,25300
2,6300
11990,1636500
5,11600
9,24200
51,53700
15,19500
6,10900
95,44600
232,69800
7,20400
3,8000
879,115800
11,25000
1,5100
4,8600
195,36000
3,7800
448,67500
9888,1535300
1021,166000
10,25300
5,10300
17,22000
14,39700
5,10300
20,24500
54,56100
2,10800
58,66400
1,8700
54,61300
878,117500
4,16000
418,91300
239,83100
3,13100
4,9000
94,42600
33,36700
20,25000
5499,730900
54,57300
685,93700
9,23100
8,13100
2,8700
412,96600
3575,505300
1,10100
14,18900
3,7700
38,41500
1,4900
1396,211100
24,32000
70,30400
219,59300
1,8500
15,27900
419,92600
62,20500
46,49200
3080,422700
560,77200
3,13600
232,70000
9,23700
1,5100
2108,280300
3,13900
8,20400
127,23100
51,53900
2,10300
41,51000
3,13200
40,43900
1598,244000
18,30500
145,41000
64,14500
195,35900
10,15100
91,40300
35,38100
2,6200
3,7000
3,7500
18,23200
1098,182300
8,21300
4,8700
10,15000
52,54400
80,31000
12,16900
2,6200
133,30400
9,14100
2,6500
7,11500
8,12700
19,23700
46,49400
25,28300
6,10600
177,69600
3,12700
1,8800
7,16500
250,35800
30,37700
13,17100
11173,1679700
149,48400
2,10700
2,11500
1,5200
1280,227500
15,29300
868,107100
15,27700
24,32100
8,13400
26,37700
30,34300
4066,517600
27,32500
6,19700
57,59200
9,24400
12,19700
93,43300
57,75900
2444,347600
24,32400
1,8800
3,13500
1,5100
9,13900
3,7400
56,57400
77,38100
3,7800
29,33000
18302,2825500
1964,281500
2,12000
5,10200
59,59700
3,7700
12,16800
9,14200
3,7500
25,28500
2,6200
1741,218600
90,45900
70,29600
18,23600
87,36900
4,8600
51,58500
1,5400
4,8600
3,7500
38,41700
953,133600
390,71900
9,23000
5,10000
3,7400
4,8700
125,20400
18,22900
33,36500
14,28400
1,5200
11012,1504400
5,12100
4,8800
9,14400
645,106800
764,145700
18,32200
6,11100
126,20900
55,56800
1,4800
500,68000
3,12900
11,17400
364,92500
629,95800
1716,249900
22,32600
2,10000
36,51800
65,19800
2,10200
41,53600
1,9200
202,43700
2,6400
49,53200
3,13900
4,9100
2,6700
1550,234400
9,24700
1881,323200
1,10000
1,5400
2,6400
573,90400
81,40900
173,68100
186,35500
5,10400
5,9900
44,46800
163,57800
1,8400
97,52400
41,53100
7,20600
1183,162700
1,9800
76,28100
27,48000
92,66600
12,28400
12,27400
1,8600
11,17700
1,4900
375,52300
34,38500
7,12100
314,85200
575,95900
3,13400
6,17300
7,12400
4,8500
28,31700
3,7400
648,109000
24,38100
4,8800
62,28000
39,45300
46,49200
4,13100
3,7700
2496,346000
1,15600
40,44700
50,53400
24,41000
48,50400
1528,226700
3,14300
5,10100
1,5100
4,8900
4,8700
174,73400
13,17300
8,12500
5,9600
2550,339800
374,52900
71,30300
2,6400
1586,245700
1,6200
7,16100
4,14100
1,5100
4,8800
136,35400
49,52000
5,14300
8,21900
26,34200
387,70200
2,10900
169,61900
1376,193600
13845,1864000
1,6600
21,26300
327,58500
1,8400
3,13500
5,10000
26,30300
10,14900
2,6300
24,28400
4,8500
1,4700
112,58600
5,9800
2418,318000
19,29700
117,63900
705,116100
7,20600
673,132800
84,42600
17,23100
24,28500
981,163800
121,74400
9799,1789100
1044,191900
28,40200
3,8200
4,8500
15,20400
2,6500
6,10700
2,6300
9,13900
1,5000
321,53300
20,24300
33,36700
1424,230600
304,108300
492,117600
102,58300
716,122500
7,19600
43,46900
2,10300
2521,383800
296,81200
25,38100
58,59100
108,65100
861,155500
14,26700
337,80400
222,81200
1,8800
167,65800
8,21500
5,10000
367,93800
5,16700
136,32900
48,50000
21,36100
504,72700
7,20700
6,10800
597,111400
3,12700
437,58700
9,14000
23,27300
7,11900
863,163800
61,72400
19,33000
2,6300
562,82100
1,8300
10461,1440900
480,131200
4,15600
2,6500
38,41400
3,7400
211,49700
2,6400
397,71200
46,58300
12,25800
21,25900
5,9600
216,55000
1,8400
3,13600
82,33100
4,8400
431,101700
3,13100
38,42500
5,10000
1,4900
4,8400
60,61400
98,46100
8166,1039500
5,11500
326,64700
244,86600
4,15400
52,53900
28,31700
2,6000
546,118900
3,12800
2,7800
2,6300
1,4900
99,46900
1,6400
2,10200
98,64300
39,54000
3,12900
18,39200
1278,348400
764,157500
3748,538600
7251,1004600
11,18000
321,55400
1941,255400
2,11900
4,8600
16,20700
2,6500
457,76300
585,141700
3,14700
1,6200
50,52400
85,34800
81,30800
72,30500
4,16100
224,101400
129,29000
1,5100
3,7500
38,41700
4,8500
4,8200
65,16200
1,4900
566,84200
93,41700
193,33100
11,15800
2252,316600
529,109400
3,13400
2,6800
4,8200
7,11300
2,6000
11,16200
1,4800
19,23300
28,31700
7533,1027300
194,37600
5,17100
77,27900
3,7600
3406,471300
1979,289500
174,70100
23,36700
5,9900
239,75300
22,35900
53,54700
3,12700
25,34900
1,5100
1,5100
18,23000
8,12700
143,39800
2,6100
3,7500
11,15600
5,9900
3,7400
9,13500
269,56100
2886,433500
2,12300
9,29700
3,22600
366,101800
70,31700
1,5100
3,7500
40,43000
27,31500
1,5000
2,6100
1,4900
30,33500
7,11500
5,9700
409,83300
232,71100
22,41000
221,64900
10,48100
23,27600
158,52900
16,31500
1,5200
1,5000
585,138500
142,47600
185,83700
2,10600
3806,525500
1,6500
3,12800
2519,613700
36,56000
54,56100
2,6200
286,72100
8,22600
462,81900
465,92100
6932,938400
180,80800
61,72100
7,20600
8,13000
8,12800
549,119700
4,14800
7356,1033400
2,7600
5,10000
2204,322500
432,111400
1,9000
462,82100
9,23100
29,33400
4,8600
12,16700
58,58600
31,34000
3,7500
95,44000
1,5000
5,10200
19,23100
16,20500
2,6100
1,5100
309,91800
1,5200
10,14900
66,17200
7,12500
2534,370800
3,13400
2,6300
662,121300
2,10500
24,29800
812,107200
11,25300
11,16000
259,46500
9,23600
26,30400
91,40600
9,23400
129,26500
212,51700
6,18600
1,5200
10,14900
405,86400
1632,278100
654,129800
17,22700
12,17000
111,65100
10,21300
821,142600
17,27400
4,8800
5,10700
79,29700
11,16100
1,5000
2,6100
156,51300
1,8600
10,21300
54,84000
46,58600
152,54300
311,70100
31,44800
58,93800
63,13300
7,20600
240,125300
21,37700
93,42300
60,60700
29,49300
1,8900
337,72400
5,17000
10190,1479600
70,41600
77,54800
1,10900
19,46000
311,67900
44,80000
595,117100
146,64300
2,12500
11,16000
59,59700
5,16700
5,12900
25,40300
2,11300
2,11400
3,13700
6,19000
57,65600
32,42100
21,32200
25,36200
16,27600
25,35900
23,34300
5,17100
11,22900
11,28200
1725,451500
11,35200
942,263900
30,70000
1,10300
134,56300
1,8800
1,8200
36,73800
13,30900
52,97400
4,17000
2,11700
21,45100
319,95900
196,68200
1,11300
2843,788800
107,104600
1232,374700
14,31700
1,8700
11,26800
134,32400
2,6300
13,17700
53,54500
98,46500
22,26300
10,14900
3833,506500
842,171500
3,15200
2499,343700
10,21500
3285,485200
2,11200
4,8700
8,12700
99,47700
2,6500
7,11300
339,70600
16,30800
12,17100
4074,525400
44,48500
1,8700
4,14300
1209,239400
24,38200
14,18900
79,30000
133,29300
17,21600
15,19700
7,17500
5,10100
214,53800
1,8800
4,15400
1788,278400
68,26000
72,23400
181,72900
12,26900
6,11000
2,6500
1567,217200
55,64400
972,154000
1,9000
1431,207900
205,52800
715,193200
6855,994400
133,33000
1947,273700
7,18300
1122,185100
18,24000
271,63400
13,18000
3,13000
180,79100
50,62300
15,27200
86,43900
229,80100
45,75700
3,14800
1,8800
376,55100
9,21100
1,8600
285,75100
201,66400
11,30300
2,12400
459,110900
4678,828500
2,11000
47,76000
1,8700
108,87500
4,13500
4,12700
1407,397800
7,19500
35,60600
2,9600
8,19100
2,9500
1076,281700
1,8700
6,16000
48,73600
112,98600
15,27800
7,22800
9,27300
2,12100
2,12400
23,53400
3,14800
44,48900
687,100400
18,33200
5,18300
3,14900
148,81100
3,8600
24,51700
3683,484800
53,87300
470,122400
7,14400
72,44600
14,37100
47,82900
4,9300
325,97400
134,51100
98,58400
177,79100
4,9300
3625,528500
3,14800
8,37500
3,15800
2,12100
73,46400
3,13600
181,110600
1,5500
11,26000
4,16700
4,17200
808,132000
25,47400
22,51400
8,14300
10,27900
1,10000
1,10000
39,81500
2,9000
2,10800
1,9200
5,18600
40,83600
1,9300
7,11800
343,73900
25,41400
264,52500
8,22400
3,12700
31,59200
26,53800
2,6900
24,35900
3,12100
13,18300
260,71500
2,13300
14,34900
2,11400
52,100100
40,88900
2,9900
1,5200
16,26100
15,30000
5,17000
1722,314200
212,57000
19,32600
1,5300
25,28900
25,28700
52,53500
20,24700
3,7600
1,4800
403,79000
46,58800
674,135700
1,8700
6,11400
91,40600
10,14700
231,68400
750,156700
225,79300
3,11000
2,6400
232,69100
11,16100
731,132100
737,150400
5,17700
4,9000
224,63500
271,67500
376,60000
6730,961800
115,64700
197,46700
9,22700
205,46300
26,40800
54,61700
1965,286000
122,73400
93,51000
43,55400
1,5300
6,10700
81,31500
57,57900
51,53000
4177,671600
616,133200
4637,654900
41,45400
4,15200
76,34400
366,112000
27,50400
33,71100
2,11200
46,60300
4,9300
23,32200
112,68700
5,10300
1,4900
14,18800
32,45600
35,50300
174,97800
48,66600
2,8400
23,27200
276,65900
6,10900
13,17600
1010,136700
3,13600
34,43900
51,52700
8,22200
38,41700
6,10600
2863,400800
2,11700
4628,679200
6,12900
34,38300
39,42500
2,10100
1007,179400
36,70700
30,43000
2983,449700
41,46100
94,43400
2,6200
16,20500
23,27500
19,23100
35,38700
2,6200
1,4800
8,12600
1,4900
56,56300
22,26400
2,6200
3910,466500
1,9400
13,18300
343,75800
125,29500
1,5100
17,21700
64,13800
8,12600
98,45900
5,9900
22,26000
105,52700
264,52100
4476,721800
20,27600
25,29200
2,6300
1,4800
18,22600
3,7900
10,14500
32,35800
311,46300
10,15300
9,14100
8531,1339400
2,8300
146,42200
5,10300
2,6100
78,28500
91,52000
5335,670000
61,64000
11,25400
3,13500
1,5200
11,15700
1,5100
1042,185200
17,31100
2,6500
686,92400
3,13100
4900,638600
81,33000
165,67100
4,15100
1,5400
37,40700
1,5000
1505,289900
22,34600
68,20200
5,9700
37,40600
26,29600
50,51700
16,31600
2,6500
3985,484400
134,38100
1,8800
21,32000
926,159500
48,58900
203,50900
51,60900
137,41400
15977,2393000
344,78500
16,30300
9,14000
3525,509200
2,11800
3,13400
1216,234000
22,46700
155,57300
13,18000
5,13800
44,51900
2,6400
15652,2167800
7,15100
176,83500
707,114400
33,45100
225,63300
90,40000
5,9900
25,29100
1993,257300
195,45800
17,31000
1,5400
180,72600
6,18300
28,32400
12942,1756800
5,12100
3,13100
18,24200
7,11700
3368,558800
725,130600
38,42500
1176,234400
4,16200
1,5500
11,16100
6,10900
9,13900
31,34300
16,20300
103,50400
10,14900
75,25900
29,32900
40,43300
1,5000
16,20000
4,8700
1,4900
6,10500
50,52000
41,50300
86,36200
1,4900
766,114400
6,19300
12,17300
62,11700
1450,209400
27,39000
1,5200
29,32700
201,40900
15,28300
1,9700
3,14500
12,32000
4,17700
741,189400
1960,269800
28,36900
155,58500
1,8900
6,16400
30,34300
26,30100
16,20400
35,39000
9,13900
3,7600
1,5400
24,27400
93,41600
2,6300
6,10700
1,4900
127,22000
1,4900
8,12500
203,43400
9,20800
1,5100
781,126300
10,24700
5,10600
35,39100
413,86500
924,159700
6,18500
4927,697300
81,33200
1,8800
4,14200
17,22200
27,30900
1,5100
168,62000
55,56400
14,29100
108,55700
603,122100
1,8900
1,6100
11,16200
87,37400
508,72000
163,65500
843,136300
368,104700
97,54800
125,27800
6,11200
21,25200
68,18700
18,22700
15,19100
15,19400
1,4800
8,12500
2704,370600
3,13200
16,20900
1,4900
1,4800
12,16800
632,91900
555,127800
7,17200
148,81200
58,67600
164,58500
2,6200
406,78600
113,77800
1303,173200
337,71800
2,10900
27,32000
35,38600
3,8100
10,14800
7,11700
7,11500
106,53700
4,8700
19,37300
34,57800
56,68600
6,14800
15,31100
1,9300
7,23400
9,29600
10,27400
4,8900
2,6000
12,18900
1,4900
7,11800
1,4900
21,29700
574,93000
146,42800
6,12600
121,66500
316,49500
5,10200
262,50600
4,8300
14,18700
10,14900
39,68100
9,25700
2832,497900
4,15500
187,28800
28,32200
10,15000
8,12500
1,5100
1172,252000
10,20600
1,9100
15,19600
2,6800
5,9500
2,6300
2,6100
361,104900
1260,216500
1,9400
246,83000
5,16900
3,8900
371,98700
149,53400
50,61000
6,19200
27,31500
1,4800
3951,552500
19,28400
1419,250300
2,11900
1168,204300
1,7200
192,35000
3,8400
22,27300
26,30500
131,27400
4,8500
1,4900
71,23000
5,9800
3,7700
9,14000
74,24900
10,15000
21,25400
4,8700
14,18400
54,56000
1458,214600
239,81900
12,25600
345,77300
90,50500
2,10500
97,57200
3,13300
2,11000
565,83000
1,8400
14,24900
10,14800
5,9800
16,20100
280,66800
435,62300
1,8500
20,30400
11,15900
6,10400
6368,1058100
12,19400
13,27700
17,22600
1,5000
11965,1702200
13,36800
143,55500
4,13500
58,66200
1,5100
42,44800
94,43100
13,17600
3358,424000
3,13700
2,6700
2,6200
4,8500
559,77400
4,8700
31,34400
152,46900
259,55300
1004,133300
86,43100
12,17200
107,55500
50,51700
144,40300
13,17800
430,112300
327,67300
11,24900
6643,842900
190,59500
805,239700
12,26200
1614,224500
385,101900
4,17100
3,8100
8,12700
27,31400
2,6200
36,40300
4,9000
8,13000
14,24300
2,6500
3,7500
124,19100
49,51400
26,29800
2,6600
27,31100
8,12600
7,11600
137,32900
1,4900
218,63300
5,10000
5396,789100
5,11700
15,20200
1,5200
22,26700
1,5100
2,6000
5164,680000
8,13900
260,48400
13,18100
145,46700
292,78200
5,16900
1,5600
17,22000
5,10000
6,10700
4,8400
633,94500
29,42100
8,13000
18,22900
1080,231800
4,11100
1,5400
12,17200
40,46200
161,56100
2,6200
1,4900
1921,285300
123,76500
160,63400
72,31500
37,40900
344,74100
412,92300
86,43600
3,13200
585,102400
11,25700
5571,903100
14,21000
5,10400
92,41700
181,74300
5,48500
678,140800
1,8800
880,122500
1,8500
3,13600
23,27900
67,18600
2056,300600
66,23200
5,10700
166,60700
4,14700
1,6300
1509,211400
3,13800
1,5200
2,6100
86,36400
402,77300
5,16900
32,35900
6,10700
16,20800
2,6300
31,34400
3012,403700
8,17300
117,64500
68,29200
22,26900
5,9700
3,7300
120,66300
5,17000
7,12500
73,23300
8,12600
3472,575000
49,56100
3,13000
58,60100
4,14300
22,27400
53,54900
740,255000
132,55400
110,80200
55,69300
3,14000
2,11600
19,32000
3,13100
2,6500
17800,2858200
2,9500
90,50500
255,47200
4,15800
59,61200
2575,355900
8,16700
8,13200
1,5000
93,42000
2,6400
198,38800
10,14900
1,8500
207,47400
20,25200
3,7500
48,51200
43,45700
37,40400
92,40500
8,12800
11,15700
14,18300
3,7500
37,40200
5,9800
2,6400
2,6100
3,7300
1,4900
17,21700
8,12700
75,25600
2,6400
3,7400
477,100400
1,5200
11,16600
5,9800
13,18100
3,7600
244,80400
86,35100
214,52900
11,27600
449,72100
61,71600
183,83300
9,23200
4,8900
2,6200
1229,203500
2,10900
6,11300
2,6300
15,19600
9,13800
33,36800
1,5000
5,9900
6,10600
8,12300
3,7500
3,7600
706,109100
18,32700
401,76300
15,30000
959,142600
273,79700
32,38800
140,36500
28,32300
5,9800
423,94800
408,94700
1,8800
14,24500
14,18800
2,6300
5492,849400
109,67100
190,41200
126,21400
3,7700
11,15500
72,22800
1,5000
122,67400
331,79600
9,23400
29,33300
10830,1735100
21,36600
14,19000
4366,674200
17,27300
114,73100
1,9000
5,16800
117,64000
4,8600
2537,369000
2409,355800
1681,216100
163,61100
80,38800
20,25100
2,6300
6,11200
139,34500
16,20300
35,48700
482,98900
1,8200
37,46200
139,35300
1201,183900
2,11200
70,21400
240,76900
62,20500
48,51100
2,6100
1,4900
1,4900
42,45000
19,23400
163,56800
3,12600
3,13000
17,21700
1,5000
1,4900
2,6100
3,7500
281,66900
63,13200
61,61500
4472,668300
2,8300
4612,747400
3032,425700
121,69500
81,40100
23,27900
9,14100
37,41100
55,56000
7,20200
164,58700
224,61800
8,22100
802,155700
68,28000
3049,392100
29,36700
7,12100
1,4900
85,34800
15,19600
121,66900
47,59500
17,31100
18,22700
3,7500
13,17500
1,4900
5,9500
83,33200
800,153900
23,37600
535,105000
76,35500
169,62300
4445,746700
24,30500
1205,297800
57,62200
44,80900
2,11800
8,22500
74,26100
33,38000
313,45100
2,6600
30,33800
3,13000
3936,509500
1580,233500
611,127500
13,26500
6,11100
4,8600
8,12800
60,60600
3280,458100
1789,298300
3,13900
4,9100
177,71100
2,10500
2,11100
34,38400
3,12700
1,8900
16,22100
41,44200
2,6200
20,24600
82,32200
1,4900
406,80300
44,57600
5,17100
9,14400
3,7700
10,15200
64,14000
2,6300
39,69300
84,34400
3,7600
330,62200
18,33800
369,137500
24,40900
196,39800
16,20800
14,18600
5,9600
9371,1592700
6517,845300
14,20900
34,47700
36,39800
6,11400
18,22300
3,7500
2,6100
4,8400
21,25600
26,30100
35,37900
1,4900
1,4800
954,135200
1805,239300
786,132100
14,26800
1,5200
4,8500
1,5000
6,10700
61,71100
367,94300
18,32400
4,8700
8,12900
17,21900
210,49300
4,8700
2,6100
253,37000
1,4900
114,61300
1,8500
9,21400
91,40300
33,36900
128,23200
2,6000
2,6100
3,7400
4,8600
4,8700
86,35600
134,30400
479,95000
385,67600
7,15600
65,16100
2,10500
1717,254000
77,33100
2,6500
25,29100
6,10800
3923,551500
5,19700
1063,215000
10254,1627600
14,21000
23,27400
962,141200
2189,309900
35,45000
20,33800
2,6600
5,10000
39,42400
3,7600
4770,677800
32,37300
67,27600
3,7900
23,26900
48,51400
13333,1827400
20,27700
9,24100
9,14500
322,53900
34,48300
61,71500
4,15200
118,65300
51,62400
161,64400
24,37100
9,14400
257,45200
96,45000
8,12800
3,7300
3088,423400
1,5500
1020,152100
2201,332700
31,40200
25,38900
191,33300
685,90500
1,8700
13,24200
3,7700
90,40000
3,7700
4,8700
2,6400
286,77600
44,56600
10,23900
235,73100
1,8600
16,26300
48,51600
3,7400
15,19800
38,40800
21,25700
11,15800
1567,220300
1,9200
2,6700
47,49000
10,14700
459,77700
1,8600
2,11100
6,11200
1,4900
216,54900
14,18400
5,10100
1,5000
45,47900
144,39600
14,29700
5420,1031900
6,21100
6,18400
1674,244800
13,31700
26,30500
101,52100
45,47800
6124,835000
290,78800
2,10900
2,7100
184,76800
130,36300
5747,868900
14,21100
7,20900
4,8900
52,55200
6,18200
28,32300
649,111100
9,17200
62,11800
2,6200
43,46800
2,8100
17359,3024600
4,12300
1,8800
16,26800
239,76400
226,73200
1,8700
9,19700
29,33100
1203,191600
5517,742000
1875,251100
686,91100
387,72700
9,23400
25,29500
5,10300
29,32300
2,6300
1,5000
137,33100
55,57000
8,12500
15,19600
4,8700
31,34700
4,8800
32,35600
1,8500
3,13400
3,12100
3,12900
133,42200
14,28100
6,18400
7,12200
22,26200
13,17600
525,96200
4,15700
9,14300
8,12900
14,18400
422,95500
3741,488800
1,8600
2,6500
38,41700
96,44700
31,34300
208,48700
110,67300
3,13300
149,45300
1,10500
753,102900
37,50700
1144,180000
5,17800
1065,158100
6,22200
47,50100
11,15900
3,7600
7,11600
38,41300
3,7300
1204,181400
48,50400
11,16000
11,15500
211,50300
162,55500
2,8500
5,16900
8,22100
11,21900
1,8900
3,13700
939,122300
1,5300
15,19700
1,5000
29,32600
3,8000
120,66000
152,47500
682,87700
168,61400
26,41900
335,71600
21,36000
220,59400
58,69000
3,13000
5,10400
3,7600
2,6200
450,70700
3,7700
192,33500
139,35200
637,98900
4,14700
5,10800
898,134800
6,18700
2,6700
23,27200
1,4800
17,22300
191,111300
6,18900
56,58500
20,35200
84,35000
9129,1292300
6,12700
13319,1870500
132,31400
4,14500
7,12200
16,20900
25,28800
4,8700
1,5100
2,6100
2,6500
10,15400
7,12200
1,5100
288,77500
8,12300
44,47000
32,34900
69,19700
27,30600
2,6100
76,26200
15,19200
42,44600
5,9900
19,23100
37,40000
1,5000
2411,359900
20,31000
26,30800
17,21800
8,12300
1,5000
69,20300
368,94800
893,213900
2,12500
917,183200
3,8600
3,11900
55,104300
7,23800
168,77900
25,33900
3214,434400
3,13800
49,53900
99,48000
1,8500
5,17100
8,12700
2,6300
2,6200
7,11400
60,61000
11294,1855100
17,45500
60,117300
2,11700
2034,424400
27,50100
6,11500
290,75900
7703,999000
9,23600
115,63800
5,17200
31,40700
4,9000
199,40000
2834,395000
4,13700
16,20300
3,7600
84,34100
12,16900
20,24300
263,50600
14,29500
2570,352400
79,34200
106,62500
3,13200
13,23600
7,11700
209,58100
351,80500
4,14500
6,11700
122,67400
30,50600
5,17000
69,20400
9,13800
3,7400
1463,219800
3,13700
123,69300
9,24200
8,13000
1201,178100
9,22900
1,5100
1,4800
69,20200
36,40400
3,7700
5,9500
10,14800
15,20300
2,6100
2,6100
1,5000
8055,1264800
2,9700
4,9000
4780,614300
105,55500
1,8900
119,72000
10,24400
2,6400
25,29500
1,5000
64,14200
1645,232500
6,19000
2,6300
9,13900
1,8300
19,29500
1,8400
18,28200
17,29300
2,6600
222,67500
55,57200
9,24300
7,12000
3,7500
7,11600
436,57400
19,23500
4,8300
242,78200
16,30400
33,37200
95,43800
10662,1850200
2081,314000
1,9700
505,71300
35,48500
66,26400
1,5500
3727,488000
1,8800
973,163600
66,31800
48,51500
258,46200
1577,219500
79,37200
36,40100
102,50300
15,29900
1,5100
18,23300
3,7700
2,6000
143,39400
211,50900
1,5100
2,10200
12,21700
5,9900
65,16000
20,26000
1751,236400
2,11900
54,57300
3,12700
2,11700
103,53200
68,19400
3,7600
3,7600
925,174800
20,34700
114,68800
3,13000
22,32500
1,5100
102,50800
9,14200
10,15100
14,18500
1,4900
44,46300
29,38700
437,59000
57,69200
221,67400
1113,204300
24,36100
4,9100
17,21900
3,7300
9,14200
4,8600
6,10700
30,34400
392,67400
1,5100
12,16900
19,23600
3,7600
33,36700
2,6300
64,13900
124,18400
1,5200
94,42700
4,8500
7,11800
1,5000
46,48100
2618,344500
11,22500
1,5100
28,33100
50,52200
3,10800
11,28500
2,11400
5,17100
436,109900
2,12700
11,30500
2726,767400
279,110900
16,34600
12,27300
1,8800
11,27400
2,10100
71,37900
41,73700
7,21700
14,31600
9,22700
2,10300
6960,1035400
12,18800
6,17200
75,35000
1278,214500
37,50900
10,15700
14,18400
16,20500
2,6200
40,42400
1,4900
3,7400
2,6300
19156,2862000
6,14100
4,15300
1382,192000
10,23800
61,62400
164,66900
60,69800
1977,285400
487,106000
41,52800
2,11000
4,14800
25,48300
2480,342000
3,8500
17,25800
125,19900
9,14200
1,5100
71,22200
12,16900
1,4800
85,44700
17,22700
10,15300
26,31000
16,20800
39,42700
3,8000
2106,329700
15,29600
5,17300
341,120800
17,33300
1725,270800
1893,416500
167,97300
340,73000
34,60600
5,19800
53,94900
232,104100
1,5700
66,21100
662,221100
87,68700
1,10000
3,13600
12,35600
14,33400
3,12800
14,23300
1,5100
11,15700
424,97400
13,25200
4,15700
76,51400
1,10500
11,30700
1059,169900
17,37200
4,16800
46,77300
29,53500
12,31900
13,34600
652,141000
97,78200
19,36600
47,77600
3,8100
348,117400
335,98100
6,14000
1,8800
15,25500
23,35400
4,15500
7,19000
9,21400
1498,216500
298,121000
2,6800
54,99400
4,9500
265,94100
1,6200
440,102800
2,7600
263,91400
3,8700
276,100900
9378,1342100
11,18600
27,34800
1,5200
8,13200
19,23400
9,14000
99,48300
12,16700
11,16500
9,13800
158,53800
1,5000
42,44300
78,28800
49,51000
76,26500
8081,1047500
11,17900
1618,210500
20,31800
1,5100
451,72500
2,10400
120,70600
14,28000
68,19500
189,30200
138,34100
205,45400
634,97400
872,114100
15,27700
54,56300
14,29100
10,15300
3,7600
62,12400
9,14000
1522,235700
701,109700
14,27000
343,82300
149,60700
6183,979200
4,18500
30,65100
35,55000
6765,843300
490,109500
144,49300
53,56900
4,8800
2,6600
17,31400
677,190900
385,68600
6,19300
33,55700
2431,337200
1,9600
163,58500
4,14100
1,6500
446,74200
4,14900
103,52000
1,8200
64,23100
3,7800
6041,915200
36,72700
5,18000
152,49200
64,14200
332,67700
2,6300
10814,1631300
6,12900
1,5200
2,6100
13,18300
97,45900
63,12900
41,43800
44,47000
1,4900
25,28800
153,48900
873,111300
38,52300
6,11300
4,8900
103,50600
2,6200
54,55500
28,31800
1,4900
105,52400
7,20300
5,10200
102,50100
9,14300
121,72300
33,47900
83,33600
134,31000
21,25600
286,71600
7,20100
3,8000
2,6100
1341,207400
37,48400
368,96000
16,30500
32,35000
263,50500
5217,678600
24,30100
3,13400
39,43100
172,73900
107,62900
5,17400
3316,437000
8,17300
3,8000
31,57600
25,34100
1,5900
1,5100
3450,681700
288,78700
2,11200
2385,343000
54,61200
71,31300
2,6400
9,14200
1,5100
2,6300
4,8400
26,29600
1,4900
114,61200
343,73400
2,10900
309,96400
15,23600
68,19900
522,98500
3,13100
81,32000
18,23000
22,26200
2,6200
5,9900
295,80400
2,10800
51,59700
11,25300
21,26000
1,5100
7,12200
5,10000
3,7600
133,30600
89,38400
6,26000
1,5400
1,5200
26,30000
158,52700
7,12000
5,9500
22,25800
16,20300
175,67600
3,13200
1,9000
9,14200
191,32300
2,6400
58,59200
10447,1597000
9,16300
20,39700
3,13000
5674,740000
104,56000
792,141600
1,8600
3,13500
11,16200
1,5100
4,8400
58,59100
1,5000
1,4900
1,4900
239,76000
32,35400
4621,635000
27,32700
2,10600
8212,1275800
366,94800
14,28100
34,37900
60,61000
3,12500
222,61300
8,21500
3,8100
565,81600
18,32700
13740,2063100
407,84700
304,88500
218,68400
3,7800
29,39000
11,25800
25,29300
1,8400
105,58000
5,9900
411,83800
38,52100
12,17400
26,30400
52,54200
12,27500
13,18200
328,59400
8,22400
21,25900
19,24100
31,34000
1,5200
1,4900
1248,170400
10,23800
10,15000
2,6500
1,5000
499,64000
10,15200
103,51500
1,8300
1,9000
24,28700
17,21700
1,5000
196,36600
25,29400
89,44300
45,47900
12578,1714900
163,59800
22,37400
4,9100
372,48400
37,41100
48,50400
5,16600
60,62100
16,20400
43,45900
5,10100
235,99100
19,34900
3,8400
76,26800
24,28100
27,33900
7,11800
1245,165800
2,10900
31,35200
2,6200
6,10400
3,7600
109,56300
2,6100
5,9700
1,4800
22,26300
59,59500
11,15600
28,31700
261,49300
2,10600
2,11300
232,70100
17,32200
142,38000
82,32500
1,4900
5,9900
26,30300
1,5000
99,46800
2,6100
13,17600
598,111700
131,40700
95,43800
674,133400
22,35900
18074,2911600
26,47200
132,41200
356,84900
8,22700
52,54100
18,33100
16,21100
14,18400
1,4900
4,8500
18,29000
51,53400
5,9900
51,53100
2,6200
137,34100
5,9600
3,7600
32,35000
44,45900
3,7700
10,14700
2,6200
27,31000
2414,356500
4,15500
6,10800
18,22600
2,6300
9,13800
4,8700
1602,242300
4,15700
11,16100
114,60800
3838,571100
3,10500
5,10000
2595,386100
58,65400
10,24300
1,5200
823,116000
17,31400
2,6700
30,33300
89,38600
829,119800
376,58300
2,11000
2,11900
12,16800
38,42100
44,46100
30,44400
217,55700
11,26400
2,6600
1302,172200
11,24300
82,32300
8,12700
79,29200
1,5000
2,6000
93,41100
4,8700
2,6200
1,5000
6,10800
1,5300
275,67200
3,8400
15,19200
7432,982200
3,9500
22,27200
773,135400
29,42900
23,27700
8,13000
236,74500
5,16900
42,46000
1,5200
206,46700
2,6200
397,71100
61,71300
40,57900
62,20900
166,59900
35,49300
9,23300
6,11000
4,8300
1,5000
2,6200
1,4900
4,8600
2,6100
47,49200
1910,281300
206,52400
359,93100
146,49500
11,25200
2,6500
2,6100
7,11500
4,8700
3,7500
2,6100
14,17800
2,6200
2,6000
387,63600
1,5300
124,18500
7,11600
1539,235700
117,69500
2,10800
7,13200
41,44000
48,50000
3,12900
27,36900
260,48600
25,29300
2,6300
330,61300
6,18200
6,16400
42,45000
5,9500
9,13800
160,70900
77,27400
1,5000
3,7500
5,9900
23,27800
20,24500
22,26200
9,13800
423,97100
666,198800
149,66200
396,89900
1,7900
3,13000
5,17900
1,9700
1,9700
7,22700
7,23100
2,12400
161,106700
16,40800
4,12100
39,42700
5,10000
7,11500
21,25000
86,35400
45,47600
5,10100
36,39200
778,126800
2,11300
13,25000
22,27000
3,7800
54,54800
75,25800
4,8800
293,84400
231,78100
30,42100
25,29400
33,37200
10,15400
50,51900
97,56300
733,138100
3,13600
14,18800
8,12400
481,99800
5,16400
38,41700
48,51000
93,54900
1,8500
4,14000
34,38200
44,46600
7561,1123300
1,7100
14,19200
5,10200
26,30200
15,19800
5,10300
1461,225400
69,28600
1,5100
12,16800
426,100000
20,35400
10,15000
21,25500
43,45600
8,12900
2,6300
740,141300
249,48200
90,39200
2,6500
262,49400
3,7600
4,8600
12,24800
657,119300
51,63000
533,104100
2,10600
5,16400
1,5000
3,7500
3,7400
6,10800
6,10600
10,15300
7,12100
68,19400
16,20300
3,7500
862,155600
71,31800
65,16100
60,60900
6,18900
6,11200
4220,595000
3,12100
118,80700
623,92900
1,8800
42,50700
4,14600
2,6400
1,5100
46,48600
816,110400
20,34000
8,12700
45,47200
32,35400
12,16400
8,12800
10,14500
58,58500
554,127100
43,54200
4,14900
1,5300
7,11800
690,100000
2,10600
1,6700
9385,1525200
10,17500
2,11200
1,9100
7,11900
9,14500
3,7800
765,112800
62,20400
508,73700
437,98000
27,49800
3,11500
2,10000
1,8000
1,7800
85,55800
129,41000
94,68400
2,10300
304,108900
73,24200
8,13100
18,22900
1464,262000
13,21600
2,9800
14,28900
69,29500
510,91000
474,111400
8,20500
166,66200
1,5300
17,21600
1,4900
92,40600
30,33500
236,74100
4,15500
94,44500
2,6300
1,4800
7,11600
102,51000
667,130200
7,20600
49,52000
5,16300
9,15700
2,6100
103,50100
28,31100
12303,1676600
13,19800
450,70000
10,25200
149,45400
1,4900
40,43200
196,36300
7,12000
73,24100
392,67100
15,19800
12,16800
11,15900
90,39100
29,33000
3,7500
10,14800
18,22800
2,6300
1,4900
250,34100
40,43500
1,8500
96,51000
1,5000
14,18600
25,29500
2,6200
967,144700
306,97200
22,41000
8,13400
101,48900
56,57200
50,62100
12,26300
8153,1025800
4324,619300
1,6900
7361,1077000
271,62300
1,8500
14,24400
213,52900
1,5100
22,26700
44,45900
2322,343100
29,38400
656,116400
1,8400
32,41400
2,6200
51,53100
678,141600
6693,1283200
3,10600
6,11000
19,23900
378,56900
5,17100
1,5300
18,23200
42,44400
6,10600
643,105600
6,19400
56,58000
251,49800
3790,485400
4710,768300
21,27900
2,6500
5,9600
4382,625100
1472,224000
574,91300
5,17500
2,6300
3407,477400
8,17000
11,16500
4,8400
8,12600
6,10700
104,57900
2,6400
773,123300
19,33300
2,6400
26,30000
2,6200
1775,254700
2,8500
7,19300
5,12900
16,26100
6,18500
2,17800
4,15300
10,26400
1,9700
5,10000
1,7400
98,51600
46,48800
1,4900
1,4700
10,16200
3,7700
10,14800
2,6100
21,25400
4,8300
3,7400
5,9700
16,20300
1605,424400
7,20700
29,33100
12,17600
3,7700
30,33400
89,38900
12,16300
1,5000
1,4900
1,4700
5,9400
24,28100
216,54900
3,13800
9,14000
22,26200
12,16700
41,43800
3152,480700
1,9900
784,135700
1,8600
3,13400
8,12900
1,5000
295,79400
33,47000
1,8600
268,58200
19,32900
47,49700
52,53800
1811,238500
8,19800
9,14400
4,8400
130,28400
18087,2901100
86,41000
59,70000
39,52600
10,24200
13,18200
86,36300
28,31200
50,51800
257,47000
5,9700
4,8600
53,54700
18,22700
7,11900
406,79200
56,57600
20,35800
459,77600
49,68700
7451,913800
15,21800
6,18700
653,110900
460,83000
224,69100
1,8900
2,11400
303,95600
4,15100
16,21400
3,7700
2,6000
19,23800
22,26700
2,6300
13,17600
1,4800
4881,719400
6,12300
696,101500
3,12900
44,47200
32,35900
492,107000
6,18400
156,51300
4,8600
3,7200
358,86400
2,10500
28,37100
14841,1902600
58,62100
7,21100
12,17300
25,28800
2,6300
25,29700
18,23000
1484,241600
12,25300
77,28300
28,31900
75,26300
2,6200
21,25300
7,12300
7,11700
14860,2480300
16,33400
73,35600
274,91100
105,79200
10022,2212200
41,71300
20,37900
3,11600
4,13400
2,9800
1198,297900
1,8300
331,101500
45,76000
13047,2842700
38,66400
8,20600
12,26000
20,45000
223,100000
4,13600
8,19400
2,9400
8,19000
22,40800
13,28600
31,53000
43,75400
5,16100
3,11700
15,30500
6,17300
1,7900
16,38400
4,12900
5,14900
3,11700
253,63200
67,30200
469,139700
115,97800
13,27200
3,11300
82,51400
16,36600
1,8400
104,81400
159,89000
346,137400
2,11200
3,13300
1,8400
16,35800
88,67000
41,78500
364,180400
241,143000
63,23400
18,38700
2,9800
5,15600
573,151000
617,246400
87,62600
426,174000
2,11200
62,21100
53,104600
236,119600
78,53900
96,79000
23,43600
892,151100
2,7000
969,194100
48,62200
139,36200
146,42100
2,10500
1,8600
7,12100
2,6200
17,21900
1143,196100
12858,1856400
94,63400
54,66800
19,32900
2,6300
35,39200
46,48000
80,30300
252,37200
6,10800
26,29500
1,5000
4,8400
703,107800
41,54100
16,31400
2,6600
2,6600
2,5900
231,68700
3,7800
15,19100
7,11900
2,6200
69,20500
54,55500
1,5000
34,38200
8,13100
100,57600
6,19100
1,5200
7,11600
5,9800
1,4900
75,25400
2,6300
170,70000
3,7600
128,22800
3,7600
5,9800
3,8000
235,71800
38,52400
16,29600
52,54000
21,35300
157,52600
4,14400
6,18600
41,67500
5,13300
268,66300
486,115700
11,20500
3,8200
3,8100
32,36400
21,33900
23,30900
42,45700
5,9800
2786,602900
1,11000
1,5100
4,9100
20,24700
2873,384100
355,86100
37,49900
10,24400
12,28100
63,20300
10745,1770000
35,71700
4,9900
1,5400
16,21100
4,8800
2304,329200
1551,196200
5,16600
2,6600
2,6400
7,11500
28,31600
1282,200400
65,24400
75,25800
1237,217600
8,22900
2,6400
11,16000
3,7400
24,27600
6,11000
4913,702600
27,33000
9,23200
95,44400
7,11600
7,11700
6,10800
16,20300
63,12900
1176,227100
4,15700
54,56600
10261,1482900
59,63300
4,15000
1,5400
1,5000
1473,225500
52,62100
2,10900
27,36800
29,47400
11,16300
405,79500
4,14900
2,7600
11,21700
52,53700
109,56900
230,69000
1,8400
315,51900
156,50900
11,16400
2,6200
1,4900
296,80600
3,12700
12,17900
2,6400
30,33600
3,7500
237,73400
2,10500
7,18800
13,18100
21414,3393400
50,56600
144,53300
20,25400
5,10300
296,81700
1421,242100
40,51100
6,19600
16,20700
9,14300
295,79400
25,39200
9,14000
6880,890600
7,18600
20,39600
1,5300
19,36600
3,14700
685,128200
2,7000
5,10100
4697,810900
7000,998700
10,16800
6,11300
16,20800
3,8000
5446,787100
505,78900
11,25500
17,22200
10,14700
513,85100
27,40700
412,86900
4653,698600
22,28300
45,47900
3,7800
1,5000
207,47200
28,32700
2,6300
1,5000
1,5100
1,8300
106,55500
31,34400
48,50000
1,5000
34,38100
3,7800
3,7100
18,23300
65,16500
6,10800
4,8200
1,4900
22,25500
5,9700
12,16500
13,17600
18,23100
10,14800
381,64300
80,30200
205,45200
59,60300
984,169200
6,18300
11,16100
7,14700
250,64500
58,71400
148,45500
3,7700
7,11700
1446,249100
8,14000
5,17000
11,29600
1,9700
51,101900
2449,352800
58,70000
4,15100
18,23500
944,125500
6,24500
2,6400
28,31700
30,33700
30,48200
386,92000
36,50800
3,8000
341,71900
5,17200
5,13500
67,27300
11,16200
515,93400
104,59700
1,8700
1,9000
19,24200
1,5000
2,6200
315,47400
55,56700
727,134600
2908,421800
179,74000
149,53000
4,14800
30,34300
5987,1020600
20,27100
46,49400
5,10000
3,7500
10,14900
643,105200
7,20700
15,19900
121,67700
4,14200
31,37000
303,88100
16,30800
26,30400
7,11800
47,50500
48,60900
1,8800
32,44300
4,8900
122,67800
2,6300
379,64900
365,102300
3,13400
1,5300
373,51900
224,63200
5,17000
13,17800
409,110600
6,19300
9,15000
4,8500
220,59800
3,8100
1,4900
47,49800
20,24300
3058,400600
166,62300
3,13200
33,37500
5,9900
36,40400
4,9100
1851,292000
345,126200
3,9200
92,90900
32,67700
51,86100
3,14100
653,118000
5,18200
1646,238300
6,19300
5,10100
1,4900
1,5000
3,7700
73,24900
564,81000
1716,267600
6,19300
547,202700
11,24700
39,43400
48,50500
381,74400
9,24700
240,104000
9,14900
88,46100
12,23300
591,109300
165,75400
6,19000
2,6600
1,4900
14,18400
55,57300
51,53000
3,12700
56,70900
4,14700
498,104100
7274,1182100
2,8700
5983,773300
76,28300
1,5200
5,9700
3,7400
6377,1011400
257,48100
27,40800
159,55300
11828,1759600
50,54700
22,36500
10,15000
372,48400
4,8700
2,6200
6,10600
4,8700
2,6200
63,12900
1,4800
1875,242100
225,67100
24,37500
453,72900
1,8300
1985,244000
3,12900
3,8000
2,6200
7,11600
106,54300
93,42600
11,26700
4,9100
48,51600
3,12900
2,11200
25,34600
17,22500
20,24200
91,40600
1,4900
6,11000
49,73200
8,12800
4,8600
18,22400
16,20100
1,5200
6,10700
66,17200
166,60300
2778,396700
30,39600
14,28200
2,6600
15,19400
20,24600
2,6200
63,12700
243,80500
8,21300
3,8000
137,33800
46,49100
38,52500
840,139400
297,88300
7082,1040100
1769,369200
6,12900
111,59500
1,5100
2,6300
1085,255400
1,10600
289,74600
2625,367700
18,28000
5,10200
106,54000
14,19100
3,7600
16,30500
71,31600
191,53000
325,86000
2,11300
14,26100
3148,433300
68,24100
7,12300
3,7400
39,42000
1,5000
7192,1022000
11,30200
29,60800
3815,674400
20,29900
7,12300
50,52800
126,32300
88,38500
137,34400
115,62000
354,97400
3,13500
42,47300
64,14300
4,10300
7781,1072600
35,68700
281,78400
32,46000
177,71900
14,27500
154,51200
4,9100
3,7500
37,40300
52,54300
4,14800
209,53500
13,18200
3,7700
2,6100
22,26700
4,8600
14,24800
6,11000
90,43700
23,28400
111,58900
414,93700
1,9100
27,32200
4,8800
3,7600
44,47600
1,5000
10,15000
4,8700
12,17400
2,6600
1010,139600
3,13400
43,47300
20,25700
83,34100
14,19600
2052,301200
24,36300
13,18800
3,8100
11,23900
41,45600
13,17700
9,14200
15,19700
6,11100
284,70600
7,20700
7,12200
45,48200
4,8900
1,5100
9,13900
378,55800
20,24700
49,51600
2,11100
143,44100
4568,748000
1,10700
1,8100
14,30800
23,44300
7,19800
44,77800
43,75900
28,45300
7,12600
2,6200
47,50100
1379,244400
36,65500
50,89700
4,16400
12,17600
2,6500
574,94000
2,8700
32,35200
29,38900
13,18300
664,123700
58,62100
24,28500
22,26200
548,148700
50,86900
1,5200
2,6600
1,5200
8,12800
3,7800
7,11700
26,30700
4,8700
6053,925900
24,30000
89,55800
31,35200
6,11400
75,31700
1,5200
3,7600
279,67600
14,23000
1,5000
551,122300
2338,365100
2,10900
29,33800
9,14400
2,6600
1,4900
1,5000
64,14100
23,28100
11,16400
28,34100
8910,1339700
383,72600
14,28700
2,6400
1,4900
2733,357500
1,9800
2,6500
170,64500
2471,375000
2,10900
48,51400
8,22100
18,23300
34,38100
7,11700
12,17100
2,6200
1203,187400
2,11400
9,14700
7610,1006000
42,47200
3103,407500
3,10900
4,9100
7987,1367000
8,26700
5,19300
107,101300
51,65300
17,22600
1,5300
26,29700
34,37600
66,17700
339,73000
56,72200
18,27600
35,38400
5,9800
6,10500
47,49600
42,45100
19,23700
5,9700
3,7400
1520,219700
2,11300
2,6500
894,131400
1,8500
1,9100
3,7800
5,9600
424,97000
8,21900
9,14100
11,15800
2,6200
11,15600
6,10700
42,44900
4,8800
14,18200
62,11600
24,28700
1187,177700
136,53500
3113,414800
4,10900
9225,1360900
3,9800
7,11800
16,20500
36,39800
4,8700
6,10700
115,62100
1,5100
36,39600
2,6800
18,22800
5,9800
1554,206000
2,11800
6,11200
36,40100
5,9900
120,67000
52,55600
324,80100
4,15700
53,55000
4,14700
12,17800
6,10800
2,6300
77,27700
15,19400
1,4900
54,55400
6,11100
575,91100
28,42300
1,5100
1,4700
320,53500
25,28900
1347,214700
2,11500
3,8100
9,14000
4559,638100
25,31400
17,33300
101,50300
1,5000
31,36100
122,68300
5,16600
163,58700
1345,218200
3407,493900
13774,2136400
7121,933800
75,27900
12,17300
217,57700
4,14400
5,11600
72,23300
57,59700
4,8800
258,55100
83,33300
7,11800
523,99600
1,8400
3,13700
12,17100
235,72500
163,66000
12,26000
107,55200
7,20000
612,131000
1,8600
58,65100
2,11000
43,48000
32,35300
1,5000
15,19000
40,42800
28,32400
3,7700
2941,402900
316,51700
1,8900
239,80500
3083,478000
63,17400
84,34600
7,11900
12,17300
11741,1651000
5133,704200
1,6200
2537,394100
3,13600
1,5100
90,40200
67,18600
259,46800
15,19900
1246,181100
17358,2875700
6519,822800
34,39300
2,10600
3,13400
14,19200
32,35900
979,155300
12,26500
214,54700
3023,435000
759,110100
24,38100
134,31000
7,12300
125,29500
4,9300
9,18400
150,45500
22,26300
5,9900
2,10700
42,45100
24,28400
283,69000
92,51000
410,91600
345,82100
1143,178300
15,27000
1,5100
159,53900
1104,196400
140,44600
27,39700
11,16400
20,24600
35,38800
8,12900
454,74700
4,14500
139,36500
64,15100
1,5200
5,9800
153,48000
72,22900
3,7900
1,5200
807,101000
46,58900
33,46300
31,43500
37,40900
1676,258500
13,26100
1,5200
3,7400
17,23200
748,101500
4,15400
94,43700
3118,406700
325,59300
288,80500
1,8400
3,13200
1849,269300
19,31300
2,6500
2858,366600
113,63900
51,62600
13,42100
796,192100
2,11200
97,51800
23,27500
54,55400
278,73400
3018,416900
83,34900
505,70300
8,21800
54,78400
2,6800
5,14900
2,11000
6889,1158100
9,17300
368,126700
5,13400
68,30000
6,16200
4,8700
22,26700
6,11200
16322,2216600
15,22100
19,34000
1784,260200
9,21000
153,48000
36,49300
40,81700
40,55600
2,6600
14,18700
634,95800
9,24200
872,110600
15,29000
63,13200
5,9900
1,8300
2,11200
2,6200
2,12200
7,11900
5389,729800
615,127700
1512,223600
10,22000
2,6700
359,88600
62,19800
109,57400
3,7400
1,5000
5,9800
118,64400
12,16700
15,19600
7,11300
152,46600
28,31400
14,18600
1,4900
3,7700
40,43600
1,5100
13,17500
2,6300
1,4900
2,6100
341,77000
1,5200
2,6100
108,54900
52,53300
4,8500
321,52700
135,31900
3,12500
10,18300
63,12800
26,33300
3,7800
181,73500
5,17100
5,10700
1997,255800
7,18000
129,26700
7,12200
55,56900
9,24000
3,7900
7,11500
337,69200
4,14600
2,6600
1,4900
63,13100
6,10500
1,4900
16,20700
6607,907400
497,68400
7,15100
42,69700
47,51700
4,15300
6,11200
14,23600
98,83300
23,49000
26,44600
532,158600
4,9600
134,56500
12,33100
3,15400
2,12900
17037,2692600
4,12700
1,9100
26,37200
23,30700
5,10000
1,5000
115,63400
1,8300
9,22000
338,70000
327,65600
13,26500
1110,201000
30,42400
5,17300
1,5300
6,10800
6,11200
1,4900
204,61100
66,46500
25,48800
405,91000
4,15300
6,11200
32,36000
1054,145900
4,15400
1,5400
17,22500
23,28400
224,70000
2,10900
5,10900
211,52800
2,10900
17,27900
43,46800
713,122100
4,15600
6,11200
15,19900
1027,174200
27,41400
2,6600
2,6200
466,86500
7,20000
73,25200
5135,888000
80,34500
42,53000
39,43700
20,24900
682,89400
98,56600
217,57700
17,22700
1132,175800
1,9000
5,16300
360,90600
5,16900
39,64700
719,128200
4,16100
15,20300
3932,513300
143,41400
28,41300
100,48300
3,7900
8938,1627200
1,7700
46,49700
4,9600
76,26800
2,6400
6,10700
7,11800
1,5000
22,26200
41,43800
6561,859300
2,7600
410,84400
2,10500
10,22300
3,7500
3,7500
6,10800
101,50200
17,21900
6,10600
212,51400
1615,207400
1174,205100
1,9400
15,20000
2553,348600
19,29800
2,6400
107,55200
26,30300
3,7600
18,22500
8,13000
48,50100
158,53400
1,5100
612,126500
121,77100
427,105600
15,28400
3,7700
895,136700
18,31600
23,27400
10,15300
76,26800
3550,444600
924,164200
66,25200
68,19300
9,14500
84,33200
17,21900
1,4900
854,220000
15,31300
21,26400
20,25000
12,16800
8,13100
3,7700
6,10800
810,106100
13,27900
36,40200
93,42800
62,11800
337,68800
3690,514000
3,10700
1,5100
3889,514000
844,143200
330,68800
92,50400
7,12100
1934,246500
6917,960800
13,20600
55,66300
399,81100
32,51400
2617,454100
638,102400
4,9000
1,5800
238,142700
5,11400
239,122500
733,141800
26,38600
3,8400
42,46400
1724,279200
111,72400
7,21100
2,6700
1,5200
873,114800
5,17300
123,77800
1,8700
436,62700
3,13600
11,16300
272,65700
16,29900
28,36000
27,31300
25,35400
3,8100
5,9600
1,8400
735,140700
1,5100
236,73800
4,8600
12,16800
125,20000
24,27900
3,7500
6,10700
304,87000
24,34400
2,11200
53,55900
41,44500
94,51400
326,65400
9,22500
1935,251600
4,15100
164,59000
2261,398600
71,27300
1,5200
15,19600
111,58900
3,7800
2,6200
4,8700
6185,911400
9,16200
1,5300
4,8400
117,63800
4,8600
334,65700
274,70400
27,100500
329,85700
60,101700
3,15100
161,60200
2,11400
106,91600
1,10600
18,24000
89,39400
1223,264400
69,26600
153,49800
13,25100
3050,584900
8,26200
245,114300
64,28200
14,27500
2,10600
987,215600
6,19300
31,35700
2,8800
25,29400
10,16600
26,29900
175,74500
1,8600
1478,267100
2,12000
96,46900
7,20200
970,161800
2,10900
7,15800
3,9200
4,8900
6,13300
10,15600
5,9700
2,6200
3,7600
5,10000
1566,296800
22,35300
5,10300
506,73100
1,8500
57,67200
5,17200
6,12000
24,28200
1,5000
3,7500
562,83200
269,69400
2,11600
26,58300
18,42200
113,103400
4,15500
186,29600
1,9000
22,27700
752,179600
2,10800
11,23600
191,49800
11,27700
22,42100
75,32000
992,166100
3,14000
1,6300
214,57800
92,41800
3,11500
2098,350800
1,10000
64,18200
9,14500
22,28600
109,67100
5794,857400
55,63800
1,8800
4,15200
4,9300
44,51500
20,25100
17,23900
11,19400
40,45400
10,25700
3,17700
56,61600
380,69900
2,11100
1081,187300
108,64500
2415,439400
302,89800
113,73000
53,64200
45,56100
1032,193600
7440,1036300
992,124700
6,18800
3,9700
4666,629100
21,30500
1,8600
2770,467700
954,149700
212,59500
6,19600
9,14300
14311,2172400
4,17900
388,111900
5302,751300
1,6400
2,6500
4,8600
2,6400
1658,245200
223,70600
86,52600
12,28500
7,19400
31,59000
3,13100
4,15400
1,8700
222,61700
24,39400
168,62800
535,119700
1987,258400
10,18500
9,14900
17,29100
22,26500
51,52500
18,33100
3,10000
1,5000
13,17700
19,25300
2,6400
1,5300
6,11000
275,74100
73,32600
9,14800
627,93900
1,8500
3,13900
12221,1682000
5,12300
21,35700
33,37600
2,6300
24,28100
113,61000
4654,650100
5,15000
2,6500
1,5000
117,64700
23,28100
55,60400
8,22000
3,9300
137,41800
47,53100
4,14400
56,58200
33,49600
1,6500
947,135300
1,8900
427,105600
41,54400
7,20800
135,35500
2,8100
30,33600
40,43200
2,6600
5,9900
327,58100
2322,341200
44,52700
4,15200
172,69900
42,57500
11047,1638700
41,53000
3763,834400
40,54600
40,53600
1543,236700
2948,412300
3,11600
70,21800
36,40300
10,15100
265,52400
8030,1042400
68,24200
303,98300
26,39400
3927,552900
104,59300
9,14700
4,8600
2,6200
21,25700
141,37400
148,44000
16,20700
30,33400
1,5400
3,7500
50,51800
5,9900
359,92800
197,70600
3,15900
2,12500
3,15100
4,17100
7,22500
44,90200
5452,866700
1,9900
10,19100
20,24500
22,26300
30,33400
8193,1244700
7,16400
721,131500
4487,641400
6,15500
3,7800
17630,2981600
8,17700
6,19200
2,6700
2,6300
1,5100
15437,2124700
13206,1682300
1840,271400
1,10200
9785,1437700
2,7900
881,130400
658,117600
26,39000
414,87500
9,29100
69,25900
2,9400
4,10000
398,80100
1,7800
1,8500
1016,169600
58,75900
27,32500
19,23600
9,22100
43,73700
60,96200
9,25400
16,21300
1,5100
615,129200
748,98400
1752,249100
2,6800
2,6100
1,5000
3,7700
24,29000
2,6400
3,7700
9,14300
7202,887800
282,72800
6,18800
16,29200
4,15700
55,65200
4,9100
3,12900
52,105000
385,70600
170,110700
4,12900
89,74200
6,20100
1,9900
4,16500
40,70900
8,22800
33,52900
10,16100
1100,262500
1,9800
48,72400
81,46800
23,52000
1160,250000
285,78600
4,15600
2,8500
175,68400
7,11500
15,19500
15,19600
4,8500
118,63900
19,23500
221,60000
3,13100
344,80700
2,10600
12,17800
6,11300
3,10000
77,34900
3,10300
3,7700
11,15800
75,30000
6,11300
260,52100
1,5200
1,4900
103,51800
1973,283900
4,9000
10,15200
18,23000
1,5200
158,53000
2,6500
10984,1516600
31,36500
1696,252800
716,121200
11,24800
33,40300
5,10400
37,40400
28,31300
3,7600
7,11700
5,10000
17,21200
1,4900
1,4900
9,14200
729,130100
267,62800
1,8600
6,16500
1825,260600
21,32300
7269,1011600
10,29300
45,84300
62,21600
9,22500
107,94700
12,27800
2278,372700
17,30500
3,7900
96,44600
11,15700
430,102700
5,17400
1,5800
5,9700
11,15900
8,12600
1756,266600
83,40600
78,37500
128,23300
37,40900
2,6100
3,7500
5,9900
56,77400
129,37600
18,27800
1729,318000
205,53400
785,131800
3,13100
6,11600
59,60000
50,52400
850,144600
18,30800
25,29400
6,11400
3,7500
5,9800
27,30200
83,32600
13,17600
58,59800
7298,1087200
14,36400
1,10300
5,19300
132,58200
6124,909500
27,32600
3,8100
7,18100
691,147200
92,52400
43,55600
4,14900
8804,1284600
2,8000
25,30700
556,133700
34,48400
2175,295400
2,11700
1,5200
6,10700
2,6000
613,126500
816,122900
14,28200
768,125900
1104,234100
11,25700
27,30800
141,39000
3,8000
80,30200
145,40800
972,152100
19,32900
29,33300
22,26200
11,15900
45,47800
95,43700
27,37100
4764,852900
8,44400
5,17900
111,65600
1,8600
44,53100
124,19200
342,82500
17,33600
201,42300
1,5300
1,4900
3,7600
2,6300
1,4800
3,7600
5006,700800
17,23700
18,23300
319,52500
18,23900
30,33700
1,4900
4,8500
46,49000
1,5000
66,17100
12,17000
1,4900
29,33900
4,8800
1,4800
1,5100
1430,188200
24,37600
13,18100
25,29100
1541,291100
2,11300
85,35400
1,5100
813,107700
286,78400
1,8700
1,9200
28,33100
37,40400
644,107100
12,37800
15,19700
68,19300
29,32300
119,64300
5,9800
11,16100
10,14900
19,23200
1,4900
8864,1340200
4,10300
6,10800
1280,208600
96,52900
5,16900
155,51300
3,7800
1,4900
8,12200
331,62400
191,32100
5,9800
2869,385800
27,37100
437,65000
30,42100
76,35300
6,11000
1618,209000
245,85600
139,43300
10,24000
7300,934800
6,12500
4069,525900
10980,1748400
63,19000
3755,590900
2131,396000
6,17600
50,52700
12,16700
449,82600
114,70600
27,40400
118,82500
10958,1569300
390,68300
78,58200
11,26500
9,14200
5,9700
298,81600
100,57500
6,19100
41,44400
36,39600
10822,1511300
52,55800
9,23700
971,156200
1,8700
9,21200
12,17500
551,122300
1,8500
3,13600
8,13000
21,25400
47,50500
840,141000
32,50000
1,8900
1,9300
16,21000
10187,1558200
763,144700
1300,257300
27,43500
1,9400
2,11600
1,9300
5,18800
1,10300
13031,1820300
3,9600
238,75200
28,42400
435,56600
63,22400
95,44300
78,28500
1,5000
45,47500
4,8700
3,7400
94,43000
1,5000
1429,185800
894,141300
2,12400
729,129700
92,49300
106,62800
65,25000
25,29400
577,99500
381,64100
6,19900
234,71100
3,13100
3,8500
45,47400
217,56300
38,51500
8,21900
622,86200
20,33400
3,7600
242,79200
174,76700
751,104400
1,9200
3,7900
2,6600
24,28400
444,64900
42,56500
4487,634400
4,10700
4,8700
3,8000
10,15100
29,38200
158,53200
236,73400
20,35900
3019,455300
11,17600
1571,344000
47,58800
2,12300
1,10000
39,60200
8,16800
12,21200
111,95300
5,12600
501,77100
6,13900
101,60200
114,68500
1,5400
22,26600
99,59400
7232,925600
100,50700
7,20800
1,5300
982,182400
15,29900
3,7900
4,8800
54,70400
772,202100
461,104100
7,12700
2,10700
14,34400
35,90000
3,13500
2,6300
80,31700
5,17300
2,11500
7,19400
5,16500
16,33400
23,45600
1,5400
4,8300
2393,428200
2,12300
86,36600
10,15300
5,9700
3,7500
8,12600
31,34800
3,7600
62,11700
1,5000
3,7400
15,19000
6,10800
1332,202000
1,9000
3,8900
11,16600
39,51000
2,30900
3,7900
3057,409100
349,84700
3853,483300
6,12700
3,7800
2916,376600
17,27600
125,21900
1,5100
1,5000
96,46000
81,32100
1,5600
156,51000
1,4900
32,42900
22,38900
1,8200
1,8000
41,66400
38,42700
254,48900
8,14000
4,9200
3,8000
237,95500
159,55400
3590,615100
272,62100
84,43100
1,5200
3,7900
102,50400
206,46500
7,12300
8,12700
263,50700
2,6400
18,22400
20,24900
19,24000
13,17700
1,5000
9,14000
2,6800
16,20700
29,32100
47,49600
119,64800
421,101800
6,19000
40,43200
4,8900
26,30300
8,12700
14,18600
129,27100
52,54200
13,17700
75,26300
37,40600
9,14200
23,27200
4,8500
1,4900
4,8800
88,37900
129,26500
161,56500
1,4900
17,21600
234,71900
19,35100
112,60000
15,29500
3,7800
248,34100
14,18800
31,34200
4,8600
43,81900
371,123700
6,20200
2,6800
31,34600
1,4900
15872,2186800
10,32100
4,15900
170,104200
7,18500
6,16900
20,37600
3,11200
2,9800
11,27400
25,49900
2,10700
3,12300
4,14800
33,67100
2,6800
10,15200
23,27600
3,7700
3,7300
138,35300
6,10900
11,16300
1025,178300
4,15500
25,30300
24,28400
19,23600
4847,659300
38,43500
286,81500
3765,533400
1,6200
40,81800
22,51600
3,13800
52,58800
6,19000
158,99600
10,20400
2,6300
72,23400
1342,234400
1112,205300
4,15700
9,14200
1,5000
17,21900
408,82500
266,62100
30,37700
6,11500
8,12500
668,127000
2,6200
4,8600
58,58200
4,8400
4,8500
3,7300
4,8500
3,7500
9,13700
65,16000
1019,182000
14,20900
1,5200
1,5000
305,89300
349,79500
11,15900
2,6400
7,11400
254,38400
87,36300
1,5000
3,7800
8,12600
10552,1514300
243,81100
5516,763400
25,31100
357,87000
520,100400
342,78700
23,36600
54,56500
22,36800
10,15100
1246,173400
1788,279700
32,41700
18,23000
52,53900
127,22200
21,25400
47,49200
56,67400
271,65000
1,8800
71,28300
49,54700
23,37500
8,12800
4,8500
1229,246700
102,53400
4,8700
2,6300
6,10900
140,36400
36,51100
3,13800
66,23600
22,46600
1736,361800
2,13500
121,68700
45,63100
114,69800
71,32000
14,19500
69,20300
173,86500
2,11800
70,34500
16,31800
173,102700
3,8500
3,7300
6,11400
2,6200
6347,899400
2473,396800
3,12700
157,52800
2,10800
4,14900
1,5400
850,146700
8,21400
3,7800
162,56500
382,66400
5918,884900
31,38100
79,38900
35,39400
16,20500
26,30000
5,9700
5,9700
52,54600
19,23900
302,86500
1,8300
1,9000
256,60800
6,11200
51,52300
10,14800
1,4900
2,6100
2251,321700
4,14900
384,66400
28,41700
35,39300
75,26400
6,10600
836,155100
20,35000
144,40400
61,60900
5586,781100
10,16500
1201,186300
65,24200
6,11300
3,7300
1,5000
1138,191500
1369,188300
1107,199700
1906,279100
10,15700
7,11800
225,64500
1,5200
12887,2267500
5,13900
459,86500
76,36000
22,27000
2,6200
4023,562400
4,12100
26,30800
7,12200
9,13800
9,14200
1,5200
8,12700
2917,390400
63,17300
151,72300
2,12600
32,67700
15,36500
1296,221700
1,9200
156,51200
13,27700
685,91300
4,14400
15,20300
38,41300
2,6400
1,5200
18,23000
13,17500
43,45600
11,16200
52,53200
53,54300
2,10300
2307,318200
210,52300
1,8700
2,11600
1,5000
102,50600
36,39200
5916,781700
911,156300
12,25200
1,5400
1028,170500
83,41500
12122,1715100
38,43800
3,7800
5881,777200
35,41100
3,13200
2396,373400
1,10300
292,78800
1,8700
265,56500
93,42700
25,30000
17,21900
1,5000
110,57600
6,11000
4,8500
39,43000
3,7600
94,42900
556,214500
26,41600
4,15600
4,15600
55,109100
30,50400
2,10900
170,105400
69,33000
7,17000
121,109200
89,60800
6,17700
2,6400
5,9800
44,46400
5,9800
140,37500
259,48500
2,10900
75,33100
33,37300
24,27800
1,5000
99,47400
300,84500
52,64100
9,23500
6,10800
27,31000
15,19600
11939,1670200
6,13800
485,102000
4,15000
30,33800
4229,610800
10,17900
1,5300
19,24300
37,40100
28,31200
54,56000
63,22700
5,10000
20,24900
2,6300
1051,223400
7,19500
5,15500
1699,326500
10,23300
19,24000
1290,209600
34,46700
211,61900
4,15200
44,47900
42,45300
62,12100
292,76800
1,8300
32,42400
147,42900
1,8300
7,20300
4,9400
48,50100
3768,551600
1,6600
771,124100
10,24300
12,17200
143,39800
73,23900
1,5000
329,59600
98,56400
53,64400
2245,314000
16,21600
911,148200
4,15400
6,11200
1721,291600
6,18500
380,57700
3,12800
1312,186500
84,41200
11,16100
51,52300
1932,308900
1,9500
10,15400
4725,756300
72,38200
11,27400
32,60600
10,25700
10,23400
48,83400
3,12100
3,11800
61,104200
334,115100
6,20000
13,26200
733,142000
267,100800
29,69700
19,36800
3,7900
1,4900
17,21900
4,8800
278,65300
32,35400
30,33800
351,80600
9,24100
1,5300
7,12000
19,23900
12,17100
4,8700
6,10800
354,84200
2,10700
12,23400
1675,215900
19,30300
14,18900
1,5000
47,49600
69,20100
2,6100
716,121300
4,14900
10,15600
4,9100
10,15600
179,72400
10,25000
825,126500
2,10900
28,38600
1,5200
45,47700
2,6300
13,17900
14,17800
3302,467900
7,16500
1,5200
259,48000
2347,396000
2,12400
11157,1692900
203,46900
34,48800
268,56300
2,10600
1,9300
2,6500
4,8700
864,162500
56,66700
81,40600
14121,1875500
2,8100
1171,202700
1,9200
4,8800
134,31300
25,29400
62,11800
13,27200
101,49600
13,27800
9,14200
5,9700
73,23500
10,15100
5,9900
2,5900
2,6000
2,6100
8,12600
1,4900
473,107200
2,6700
206,46600
21,35400
5,17200
17,32500
162,89700
1329,363500
3236,477400
6,20500
89,49200
9,25600
1,9900
1,9400
14,22900
683,94000
1,9600
1,9200
14,27000
58,66000
29,39500
510,77000
1,8900
2,10800
208,48100
3,13500
756,131800
7585,994500
13,36900
445,134400
1,11100
1692,357900
91,50400
1,5300
1,5200
15,19900
25,29700
570,86100
87,47000
13,18600
7,11900
3,7800
12,17000
2,6700
167,61500
3,7600
66,17000
17,21900
3,7600
5,9800
85,35200
6,10800
103,51100
1254,237100
1,9100
16,28500
981,224700
6,19100
6,11300
3583,483600
16,24000
117,64600
3,12400
1,9200
2048,252800
11,21600
1,5200
61,61900
43,46100
613,126300
138,44000
1,5500
17,22000
6,11000
12,16900
569,85700
312,51600
27,39500
1,5100
15,19800
5,9900
5,9900
1627,225800
21,33500
21,25800
25,29400
66,17200
82,32700
180,72900
3,12500
1,8900
5291,787600
319,54600
4,15200
4,9000
440,62200
96,54000
2,10600
9,15000
6,10900
2,6500
13,17400
8280,1408000
1232,223700
3,13600
99,53400
1,8700
7,17800
16,33400
3,13600
2506,363100
14,23400
3,7700
118,65600
17,21600
11,16000
73,23900
37,40600
8,12500
4013,564500
12,20100
35,39300
11,15500
1,5000
4,8500
8,12500
153,48500
1,5000
231,69100
6,18300
45,47200
125,20100
639,103300
40,52400
691,100900
178,86100
190,39000
3,7700
2,6600
115,61800
5,9700
35,39200
6,11000
2340,349600
1,9900
88,38500
6,10800
18,22600
245,96600
1,9400
967,152600
4,15500
3,7800
1603,245900
7009,992400
2,8100
72,24300
5,9900
5,9400
116,63100
33,36600
128,84300
26,41800
2,6300
1114,201200
2,11000
2135,340000
10,20500
377,55600
3,12700
1,5800
349,80600
3,12700
57,78500
9,22400
1,6400
2,9300
34,67000
2453,399000
21,32300
97,46900
7,11800
2782,412700
29,37100
101,59100
162,66200
7,20300
10,15500
43,45600
194,37700
38,41300
616,140900
7,20100
3,7900
728,130900
1,8600
3765,512600
766,118700
765,145300
18,32400
62,19200
213,145500
17550,2835500
2712,390800
342,85000
50,64700
2,6500
4,8400
25,28900
24,28300
98,46700
23,26800
319,52800
71,22000
1,5000
68,18900
14,19100
15,19200
535,108200
4,15200
9,15100
2,6300
2,6300
25,30000
299,87000
2,10700
7,19100
12827,1698000
1172,218400
3,14400
21,26800
104,52700
32,35500
137,33500
312,44100
79,29100
6,11100
1,4800
224,61700
3,7600
2,6200
3694,474400
338,70800
29,41900
46,48500
991,168900
1,8600
1,6300
8,12400
9756,1444800
3,12200
74,42600
3,8200
18,23400
1,5000
2,6100
1,5100
27,30700
2,6100
26,29900
34,37400
252,40400
6,11000
2,8500
5,15800
76,45500
4763,662100
459,81000
99,56000
1,8600
3920,514900
89,40500
10,24600
22,27100
1,5000
241,77600
6,18600
21,26400
223,61300
44,57300
47,61600
6,18800
2,6500
761,110300
191,39500
23,37900
846,210000
36,45300
2618,425600
1,10100
259,61200
2,11100
308,98000
121,74700
258,47100
1,5300
5,9800
1,5000
9,13800
42,45200
41,43400
1013,211400
1807,240900
34,43300
14,28600
7,21900
7,22500
6,20900
1,9900
40,93800
930,113600
11,23800
10,15100
3,7400
3,7400
250,35300
10,14700
13,17700
51,52300
1,5000
208,47800
2050,280900
30,40300
3,13100
3,8100
7,12000
13,17800
55,57200
25,28700
6,10800
8167,1110400
1322,199300
50,59400
33,46600
7,12000
7,11900
2,6300
3,7600
5,15000
25,29500
456,76000
15,20300
2,6300
1379,207300
3,14100
98,46900
3,7900
1,4900
18,22700
30,33300
3,7600
1,4900
91,39900
7,11700
460,78900
2,10600
41,49300
19,32300
119,66700
44,57900
60,69800
7,20500
38,41200
2,12200
156,51000
2,6300
1,4800
8,12300
14411,2132000
17,24700
147,43600
16,20500
6,11100
3,7700
17,22300
9,14500
207,47300
28,32200
2,6800
46,48700
4,8600
1,4900
51,52700
57,57700
174,66500
70,33700
3,7800
49,51400
9,13700
99,47000
31,45600
3,7800
31,34300
173,65700
8,21800
8,13000
4,8500
15,19400
9,13800
2,6100
18,22600
70,21300
58,58300
90,39000
69,20100
3,7500
4398,635800
2128,307700
423,95700
9,22800
10,15000
9,13600
24,28100
25,29300
20,24500
4486,645000
54,57800
4,15100
102,50800
7,11600
1,4900
598,112000
107,63600
23,36300
18,22700
2,6200
2,6100
3,7600
130,26700
5983,775000
9,15600
7,11900
3,7500
6,10600
207,47500
188,29200
32,34500
1,4900
3,7400
122,92400
5,17400
18,23400
3,7500
326,57500
976,157000
326,64400
241,84000
1,8700
37,49600
29,41900
103,50800
9,13900
10,15300
128,22800
2,6100
3,7400
74,25000
262,51500
90,39300
124,18600
6,17500
7,18400
140,59100
3,11900
22,30600
184,104200
1,9700
7,22300
13,35200
9,27400
3041,473300
546,117200
12,30100
1,5200
7,11700
10,14900
1675,264500
2,7000
9,14600
7756,1218200
5,13100
16,21200
7776,959700
21,27500
13,28000
9,14500
196,38500
9,14600
77,27700
27,30500
12,16800
2,6200
29,32600
759,161100
11176,1517800
122,70300
5,17400
2,6500
5,10100
1152,186000
196,44700
5,18300
2,10900
5,13400
328,61000
33,37400
67,18600
13,17300
26,35900
43,45400
4,8700
132,29000
1,5000
12,16300
2,6100
19,23400
31,33900
34,37800
20,24300
3,7500
14,18500
45,65600
5,10200
123,68900
527,111200
32,44000
21,34700
29,32900
591,108800
1621,231800
1826,254700
2,11500
5,10000
28,32000
22,26300
8,12700
5,9800
660,117900
7,20500
1152,198600
30,42100
45,56700
4,15100
39,43100
3,7500
49,51000
360,90400
28,41500
6,11600
1,5300
38,41400
60,61100
35,50200
703,110100
2,10600
3,8900
69,20300
624,96800
1,8700
13,23500
1741,224600
2,11500
3,7900
1,4900
4,8300
98,46900
337,68400
2,10200
2,11300
1,5100
5,9700
64,14500
38,41000
28,31400
114,61400
54,55500
15,31200
6,11100
2,6200
96,44300
354,83300
28,49300
59,69200
111,67600
2330,344000
4,12600
14,18500
5,9900
7,11200
4,8500
31,34300
6,15000
72,40100
5,15700
589,153000
11,29500
2,10800
191,52900
32,58900
19,41900
76,45100
11,29300
82,61100
34,67000
1143,183800
16,31800
21,25800
4,8600
31,33800
1483,246800
4,16000
304,90500
3,13200
1,6100
2,6300
108,55400
5,10200
88,37600
2,6100
3975,548100
224,64600
182,82300
6,19000
12,17100
12,17100
68,19600
1,5000
1,4900
2,6400
1,4900
64,14300
4,8700
20,44400
43,46200
13,17700
1,4900
24,27800
28,31500
127,22500
24,38600
6,17000
3,12500
1,5100
4,8700
349,108000
1918,397400
4,9900
309,125400
1362,388800
29,35500
13,17800
8,22600
11,16800
318,55700
10,15400
73,24000
2,6300
90,39700
1,5000
529,103200
2,6400
6,10500
6,10400
2,5900
2,6200
82,32000
165,60000
1,5000
12,17200
22,26500
8,21800
3,8200
1472,304600
8,22000
22,27200
12,16700
421,95700
9,24600
38,42300
2,6300
108,56000
1,5000
183,74700
1,8300
1023,153400
32,42900
3,13100
9,14800
747,102300
3,13000
10,15400
162,56200
23,37100
18,22900
3,7600
2,6200
21,25000
36,39100
15,19300
4,8500
1914,285400
86,42100
2,10900
3215,524300
25,34000
58,68100
27,39400
6,11200
21,25000
1984,245800
2,12000
53,54400
1,5000
4,8400
5,9300
144,39700
3,7500
1642,235400
2,11800
7,11800
21,25600
6,10900
962,146100
7,20000
2,6600
38,41300
12,16600
664,124900
13,20300
10,15200
16,20500
193,34900
2860,425300
86,41000
11,16100
8,12700
5,9800
5592,1184000
5,20800
10,28300
3,14700
4,17300
22,52900
45,61200
125,21100
1970,307100
1,9700
15,20100
7,11800
48,51200
1,5200
35,53600
1371,185100
1,9200
42,46600
2,6600
47,48900
2,6200
33,36500
419,91100
4,14800
221,60900
25,39200
4991,807800
72,25600
573,89500
237,82200
9,22900
142,38600
103,51000
91,40600
142,37800
121,66100
1,8300
34,45000
5,10100
29,32600
23,27400
46,48300
1,8300
15,26700
9,13700
153,47900
243,78900
7,20800
5,10300
3,7400
1,5000
4,8400
3,7600
18,22400
204,44500
36,39700
9,14000
5,9700
11,15700
3274,469200
11,20200
367,97000
112,69000
86,43600
23,28000
28,32000
2,6000
1,5000
826,119400
613,129300
16,28800
2,6300
7,11700
555,124200
20,33700
1,5100
49,50500
4,8500
745,124000
220,67400
33,45900
4,14800
40,43700
181,73000
47,59500
61,69600
9,23000
196,62000
239,76400
1,8400
29,40800
1333,254000
90,48100
21,35500
111,58200
4,14000
22,27300
7,11600
695,99800
56,66600
6,19500
4,8800
2,6100
149,44400
12,17000
6,10900
10,14800
4,8500
9,14100
12,17400
1,5000
1,5100
882,143600
9,23800
42,45900
2,10500
633,96500
10,23900
2469,373400
52,82700
24,29900
1,8600
308,109400
39,52000
39,55000
8,13500
14,21100
247,103500
167,122300
15,30600
3,8000
6,10600
1,4800
271,60500
10,15000
8,12400
3,7400
4,8600
10,24000
8,22100
85,53700
76,45400
2,6600
108,55500
2,6300
7,11200
40,43000
4,8500
59,59500
12,21900
10,27400
32,67800
895,138100
3,7800
653,166500
7,13000
111,102000
13,21500
16,38400
124,36900
3,12800
3,8100
2,6200
2,6200
2,6300
5,9600
597,113200
5,17200
5,10400
3,7400
1334,206600
74,32500
4,9000
2,6100
11,15600
45,46800
1822,246300
2,11300
107,55600
38,51700
21,25600
69,19900
6,11000
6,10400
44,46800
906,144300
16,29700
60,60800
542,119100
69,28000
11,16200
135,31500
92,40900
41,48100
2,10400
24,34300
3,7800
19,23300
3,7500
2679,422400
8,18900
8,12800
41,43600
99,47600
3,12700
3,13500
2,6300
29,32500
5225,834500
12,20600
734,135500
162,73900
1,8800
3,13300
146,42800
90,39100
11,16800
3,11600
2,9500
10,23300
53,55000
2,6300
1658,244800
8,21100
84,72400
17,33300
82,32200
73,24100
1,5300
6,10600
176,68500
24,38800
1,5200
5,9600
2,6000
12,16800
1,4900
2,6000
4,8400
973,153300
209,56600
2,10900
103,55600
48,59000
1,8800
67,23000
1820,243200
1572,219600
140,41800
8271,1359800
8,15200
1406,230000
4,16200
300,86100
10,26000
3,8000
2,9000
114,81500
4,15800
24,49700
31,60700
35,70100
82,58400
1,5900
9,14100
299,83600
66,17600
770,140300
1,9300
3,8500
44,48500
1,5000
4,8700
38,41100
137,33400
169,63200
13,17500
1,4900
1,4800
116,63000
11,15800
1,5000
743,142700
6,18900
7,12400
1,5000
66,17600
1,5000
214,54700
149,45300
2,6200
2,6000
4,8700
2687,370400
12,17500
2,6400
3,7600
28,31700
187,27600
226,64900
55,68700
1,8700
9,19900
1,5100
7,11600
181,73600
2,10500
58,65400
9,23200
8,13100
27,30700
1096,267400
97,72400
426,104900
1030,178000
763,114600
129,33100
917,153100
14863,2316200
9,17500
122,78800
117,72400
9,22800
11,16400
312,45800
15,29800
399,75100
40,52900
4,14900
12,17600
16,22900
15,19500
116,66200
13,29300
2,6700
35,39200
2,6300
4,8600
2,6000
262,50900
1,5100
7,11700
16,20300
5,9900
1,5000
108,64300
23,31000
40,43900
15,19400
225,63100
3,12500
11,21600
26,30300
242,84100
2,11200
26,39800
9,14300
1,5000
273,60900
1158,194500
405,84800
9,23300
229,67800
82,41900
2,6300
3689,477700
2,9300
1121,171000
5,17800
2,6400
215,69300
11,26400
4536,678000
2597,394200
203,46300
625,92500
7,19900
72,23700
207,46500
1,8700
18,29200
1,5200
1,4800
59,60000
12,16600
4759,659900
7,13600
6634,940300
4,10700
177,70400
3,12900
14,25700
58,62800
53,65300
34,46800
5,17000
1122,191200
3,13600
7,12100
21,25400
3,7600
1,4900
32,35300
2,6500
5,9900
6086,835000
2,13600
16,20800
1,5300
1,5000
85,34600
14,18400
4,8600
1,4900
1,4800
1,4900
8,12400
256,41800
2,6400
96,44500
38,41400
1,5300
8,12300
725,126400
4,15000
74,32300
18,23300
40,51700
27,38100
4,8800
3,7600
39,42300
8,12800
21,25200
4,8300
163,62700
8,12800
411,84500
24,38800
57,58300
780,135900
863,153500
170,71200
7,20600
9,14200
159,53800
3,12400
616,134500
76,34200
151,47500
136,32900
96,44300
27,53800
949,152800
5,18100
5336,826800
432,107000
1,8700
3,13400
2,6400
3,10000
23,27700
111,59000
1,5000
1,5100
2,6100
5,9700
5,9600
21,25300
233,70300
34,37800
1642,233100
63,20600
2,6500
571,87200
172,74800
5,17400
3,7900
2,6100
2,6000
5212,764200
4,16300
294,125900
4,13200
431,124200
2,11200
9,23100
43,68900
15,29700
425,127300
5,10700
158,53000
2,6500
4,8500
36,39900
46,48900
1072,186800
5,18400
4,8800
293,79200
3311,476600
3,11000
47,50100
11,15900
24,27700
4,8600
234,71100
4848,754500
6,12600
36,40300
21,25700
1,4800
2,6000
83,32800
4,8900
269,60800
1,5200
17,21700
3,7600
3,7600
34,38600
82,35500
17,22100
298,82600
226,73900
7,20500
2,6400
2,6100
6,10400
159,53800
72,29500
59,61100
9,24200
8,13000
23,28000
5,9800
20,25300
3,7700
7,11300
49,51400
16,20600
7,11300
1,5200
13,17300
26,29800
3,7200
4025,534500
28,34200
62,20900
3027,442900
12,29400
132,31000
442,79000
7,21600
1945,266700
7511,1114500
3,9400
1590,244300
2,11200
6582,881000
17,23700
8,12700
4,8500
291,76800
9,23800
2,6500
323,56900
361,92000
9759,1752100
374,54600
10,24400
1,5400
3,7600
600,135000
132,37900
14,18900
22,26600
21,25800
4,8600
3,7600
12,16700
7461,1050400
6,12900
8,12900
155,50000
2037,299000
1,9800
487,110100
493,118900
1,8700
48,52200
2,6300
14,18500
356,87300
4,14800
4,9200
82,33100
14,18800
63,13100
4,8300
4,8400
36,39600
149,46000
5,10000
918,160600
520,103400
14,27300
1,5100
4,8500
4,8500
1,4900
6,10500
2,6200
6,10600
1,4800
13,17800
55,57400
2,9700
1,7900
99,79500
1386,212300
97,54300
49,59900
19,32500
11,16200
8,12400
12,16700
7,11600
18,22700
32,35300
4,8700
3,7600
72,22900
1,5000
3,7700
14,18500
11,15600
1,5000
4,8900
1,5000
106,53900
6,10800
2,6300
229,75000
7,12000
19,24200
453,78800
7,12200
1086,200900
79,38100
142,38600
5432,869600
6202,871300
12,18700
1,8900
2,11500
19,24500
38,41700
188,30600
1,5000
103,51100
6,10700
25,29500
10,15300
155,50800
890,131200
31,44500
5,10300
18,22500
14,18500
206,45900
2,6700
6,10800
1540,236100
3,14100
7,12500
8,12900
1,5200
3,7300
38,41700
5,10200
3,7400
44,46800
3,7500
7,11400
3752,567600
3,11800
42,45700
32,46200
173,83600
7,12200
4,12500
1,9000
187,51500
18,44700
7,23500
113,99600
18,35800
628,101500
95,55000
420,124300
13,27600
308,96100
3569,570300
1,7200
77,28700
17,22200
29,33200
2,6200
276,66500
12,27100
11,17100
1,4900
10,14600
92,41400
8,12700
1,4800
8,12600
1923,237500
6,17100
6,11200
3,7400
384,99700
1,8600
302,88000
5,17300
1,5900
77,28200
12,16900
7,11800
7,12100
637,100000
10,24300
1271,201700
24,37000
37,41300
5,10200
9,14100
19455,3081500
20,28700
568,92600
328,96800
444,100700
1,10100
37,46800
4,8700
7,11700
2,6400
8,12600
619,158100
3925,515800
22,28700
14,28100
31,34900
52,53600
34,48500
17,21900
16,20700
8,12700
9,13900
206,46700
3,7600
12,16700
553,122100
616,133800
16,24100
7997,1327500
9076,1494300
2,11500
1,8200
4,14300
3,11800
18,31000
33,38700
3,11500
1,8200
469,105600
21,32800
2,10600
7,19200
5,14100
1111,306700
320,60300
456,75100
2,6500
48,51100
16,20700
12,17000
4,8700
48,50400
5,9900
8,12600
3,7400
20,24900
36,39300
3534,442400
149,49200
5,17600
31,35300
101,49900
2,10300
1285,208200
2,11500
17,29900
449,91400
16,35200
11,24700
2,6600
8,12900
5009,698400
1,6500
145,42300
8,13100
23,26900
18220,2733600
4,11900
63,22600
2,6600
3,7900
9987,1702400
40,51400
46,59100
458,91300
8,21200
14,19000
3,7800
14,19000
2,6300
8,12500
192,36400
4,8600
337,71700
7,20300
152,50300
21,25800
2,6700
46,48800
2,10200
2,6600
26,30200
1,5100
138,36400
38,41300
49,50900
16,20300
2650,400700
21,31700
105,53900
1,8300
32,95800
1031,177800
1,9100
261,49600
4,15000
75,26100
7,11800
2109,295500
38,48300
395,75600
12,25900
1,5200
1,5000
936,118000
8,21000
5,10300
1,4900
100,48500
50,51700
171,74700
3,13100
32,35600
5,15800
14,18500
3,7500
2350,353700
75,31500
29,33100
21,25700
42,48700
8,21900
7,12400
9,14000
2,6400
2,6100
4014,516000
7,13800
78,28600
2,6200
30,33600
1,4900
4,8600
69,19500
4,8700
5,9500
7,11700
8,12300
1,5100
4,8100
41,43800
19,23400
7,11800
8,12500
10,15200
106,53700
61,61600
17,22300
220,58800
4,15000
16,27400
14,18800
1,4900
2,6300
2,6100
7,12200
3,7300
1215,196100
4024,536700
4,9700
2,6400
21,25100
255,40300
7,12100
5,9800
1,4900
198,38900
4,8600
2,6000
15,19200
2,6200
565,81100
4,14700
25,29500
31,34700
2,6200
371,161500
9,22900
9,23500
1,5500
61,65100
1,8200
17,39200
2,11900
23,56000
3,14100
6,21300
1137,346000
2,9100
855,145000
54,67100
7,12100
101,53700
237,74000
44,58400
2,6900
211,50500
12588,1979700
1,8100
2,6700
69,20900
20,24400
4183,659300
8,14400
14,19000
1,5000
1,4900
67,18800
1237,212100
1,9200
23,29000
1,5000
1,5300
71,22400
2,6100
20,24300
2,6300
17,21400
58,59100
3,7300
15,19100
2944,393800
57,62300
58,68900
12,26000
8,13100
13,17600
2,6100
886,122800
6,19200
373,50000
58,68200
329,66600
13,26500
77,27800
4,8500
2,6300
38,41200
123,68800
1118,157300
7,19400
181,73700
135,40400
475,120700
9,24100
2394,354700
12,23300
1,5300
4,8300
2,6200
12,16700
488,108300
7,20700
23,28100
4,8500
4,8600
4,8200
1298,230300
15,27600
7,11900
2,6000
6,10900
6,10600
900,142100
6,18900
2032,324100
25,35800
181,81300
7,20400
10,15400
3,11600
9,24100
898,145400
7,21300
55,57300
9,24400
7,12400
19,23500
29,32500
2,6700
14,18600
623,86300
491,112800
41,52100
7,21200
1,5200
2,6600
8,12500
6,10600
68,19600
4,8500
2,6200
33,37000
34,62400
19,23800
13,17100
6036,781500
3,9200
18,23300
267,55400
98,46500
9,14000
85,34500
437,59700
4,12100
159,99000
11,29200
2,6500
5,9800
19,23800
5,9700
33,36600
2369,415100
3,14100
1,7900
25,46000
19,38700
10,24300
4,14700
1085,349900
26,54600
5,18800
1,9200
79,57400
2,12700
7,22000
2,12000
93,73800
29,44300
1707,247700
26,39300
10637,1537600
89,73500
5441,740300
20,26400
8,22100
97,47000
13,17500
1044,197300
1,9400
8,14200
168,70500
1,8600
12,24600
16,20600
1,5100
75,25700
1,4900
16,20300
60,61200
1,4900
286,72200
18,33100
13,18100
5,9800
4,8600
2,6200
12,16400
1,4900
1,4800
19,23700
25,28800
12,16800
4,8800
4,8300
7,11600
82,31900
65,15900
19,23800
2,6200
102,49400
5,9500
22,25900
1,5300
107,54600
108,56200
10,14800
6,10800
29,32000
3,7500
90,38500
7,11800
3,7400
2719,389500
14,24500
32,35800
2,6300
107,54700
1,10100
7,12300
434,56100
12,26600
276,63300
434,61500
248,38700
121,74800
30,43100
31,34600
7,11800
649,113200
22,35800
4,9100
821,119700
121,75100
2,10700
1022,146600
2638,370600
3,11200
1157,235000
3,14000
43,47000
27,37100
34,38000
20,35600
1,5200
4,8600
6,10800
1,4900
8,12600
4,8500
8,12200
269,56300
3,7700
345,74700
1,8400
2,11100
1350,222600
5,17400
25,29500
116,63400
870,114300
462,85000
1625,223000
1,9700
213,53300
3,12800
1,6700
1005,223700
15,35500
38,98000
4,14800
7,19700
2,11200
5,14700
15,19800
9,20400
1,5000
141,37700
2,11200
431,114800
23,46600
10,28300
5,19200
6,20200
149,78600
1,9300
2,11600
13,18300
8,12700
3,7500
25,29600
58,59700
1135,177500
2,11000
69,21100
9,13900
117,65100
3,12600
992,121600
3478,483700
95,46900
8,22400
85,35100
7,11800
6,10600
35,39100
20,30100
3,7800
10,14800
2,6100
3,7300
3206,539000
3,11500
1633,228100
3,13800
462,83600
5,17000
12,17400
785,132500
338,75300
451,76700
23,35900
2,6400
5862,915900
1,7600
2,6500
9,13800
3,7700
4,8400
68,20100
4,8700
26,29800
472,93700
73,33900
3,7700
277,63400
86,45300
4,14600
1,5100
22,26500
146,41400
89,38000
26,30000
117,63100
5,16300
14,19600
39,45600
34,56500
74,37700
8,20900
5,16500
5,16300
578,100900
4,15000
13,18700
8,12700
62,11700
29,32600
15,19300
27,30500
3,7500
10,20500
3592,497100
3,11100
4,8900
3514,498800
1,8300
12,16900
12,16700
7,11400
30,33300
7,11700
149,45700
5,10000
4,8200
241,97200
7,12700
68,28900
10,24500
99,70100
2,10400
96,59600
394,79900
845,149700
14,28600
15,20100
1,4800
137,33800
19,23600
35,39000
8,12600
3,7600
660,167500
6,14900
17,22400
826,125300
17983,3048500
23,31300
420,99800
3,13500
388,68500
1,5200
74,25000
223,61300
2,6400
15802,2118900
217,59500
2,10800
3,13400
13,18200
17,21600
892,128300
54,63900
82,41600
11,16500
3,8000
2236,308900
21,31300
29,33200
36,39800
128,24200
3,7700
35,38300
46,48300
33,37000
54,54800
12,28000
19,24000
5,9800
1,5000
5,9900
5,9600
21,25400
115,68200
1,5100
1,4800
33,37400
224,62300
4,14500
22,27200
26,30200
12373,1678000
14,21200
5,10200
1437,193300
319,56500
102,58100
606,123500
7,20000
2,6800
4,8400
53,55000
504,69400
26,51600
6,16500
135,41200
35,71200
120,117500
270,101200
143,60300
18,30200
5,10200
1,4900
10,15200
3,13600
12892,1803400
75,28900
104,62100
8,22200
1498,228900
122,75300
11896,1696800
5,12700
79,39600
2,6400
33,37700
36,39200
42,44800
7,20400
80,31000
7,11700
46,48300
9,24000
1033,179700
1,8700
13,19000
11,15900
179,84800
2,6500
3,7700
12,16900
5,10300
876,124200
1902,269800
120,68500
4,15200
165,59200
1,8300
17,28400
3,8000
1674,210900
26,37000
6,11200
77,27400
1,5000
4,8500
48,50600
61,82900
17,33700
27,31600
41,44600
48,60600
8081,1012200
1,6400
1,5000
547,120100
97,55900
1246,215700
42,54800
1043,185500
1,8900
250,45400
50,52200
17,33400
1,5100
441,61800
72,31900
32,35500
201,41400
86,45800
214,65000
3,7900
38,68600
7,19500
1,8300
4,14500
4,15800
88,40100
182,83900
2,10600
53,71200
1503,358100
19,35600
23,28200
1544,241800
16,28000
6174,905300
88,40100
167,69500
1,8700
16,26700
2,6500
1,4900
6773,868400
31,37000
23,38200
138,35500
7,11900
1,5000
113,59800
288,82200
15071,2174800
1,6800
3,8400
2674,365400
1050,193300
3840,528600
9,16400
3,7800
169,63700
4,15000
56,58800
71,31800
5,10100
15,19500
1024,149100
23,36100
27,31400
4339,625900
31,36700
1,5100
21,30800
1104,190200
31,43600
7,20500
50,60300
1,8700
102,62700
2,11100
15,27300
118,65300
1,8600
275,66900
286,79000
61,97100
121,85800
6,15300
241,115600
2,15500
1,9500
196,66500
39,77200
13,31500
59,107400
20,39300
921,166100
10,24800
4,8700
764,112700
5,17300
19,24400
8,12400
35,38200
13,17800
236,73300
2,10500
17,29000
7,12300
81,31600
18,22700
5,9900
3,7200
26,29600
37,46600
184,75400
5,16900
10,16200
3449,466500
988,166700
4813,718700
152,48900
5295,696000
17,23500
246,89600
478,100800
20,33900
9,14400
1,4900
14,18600
37,40200
224,63100
833,136100
14,26800
1,5200
934,146000
8,22400
8,13000
13,17900
71,52900
4,8900
4,8300
1,5100
27,30600
866,154900
27,41300
20,24700
22,32700
3,7800
2,6300
25,29200
5,9700
1586,233300
45,54600
1,5300
6,10600
7,11800
8,12400
268,55900
3,7800
19,23900
5,10300
7,11500
1,4900
3,7900
17,21700
5,9900
27,30400
4,8300
36,39700
17,21700
498,61900
3,7600
11,15800
2,6100
303,139600
6,11200
5,9600
8,12700
667,124400
1,8600
10,22200
903,145500
1653,247500
337,70500
6,19100
2,6700
143,39200
4,8700
4,13900
5,9500
5,9800
1,4900
11,15900
19,27300
1,4800
10,14700
23,27100
182,74400
35,38300
6128,901500
36,41800
20,35500
28,31600
16,20300
3,7700
177,69600
1,8300
4,15500
12,17400
14,18500
1,5000
2,6300
227,66400
13922,2172600
5620,755600
3,9700
80,30900
11,15900
895,141400
64,23500
427,103700
45,58400
4,14900
10,15600
3449,476300
27,34300
8,22200
53,55500
19,34200
8,20200
7,19200
5570,846400
3,14300
57,102200
3,8300
20,45300
127,43100
44,81500
91,69200
16,27900
120,83600
6,11300
64,24500
77,52700
3,15900
875,143400
1437,240600
31,43800
138,44900
16,36600
4,17200
18,44600
10,29900
11,35900
3,13900
5,18500
11,31300
121,101600
45,81100
15,28100
7,22600
276,89900
118,97900
2,6900
11,27400
14,35500
5,19300
2,12500
30,64500
1,10500
9,26200
20,47900
57,98700
2,10300
8,20000
44,76900
20,39400
1668,283600
2,7600
45,89400
710,147400
5,11400
55,96300
52,86400
899,159300
1,5900
6,17400
5,17400
47,95200
11,22400
41,79600
8,13400
1,9200
1194,227700
34,54300
200,41900
2899,474200
4,13500
822,153400
1,5900
2,6300
113,114100
15,21300
2,11100
9304,1458600
15,33900
39,76700
222,91200
7,22100
130,49900
8,23500
174,96400
1715,284500
4,16100
118,64600
20,24400
12,17100
100,48300
4,8700
1,4900
181,73300
145,57000
6,19300
2,6500
4,8600
1,4800
754,114700
2577,370100
4,12400
140,36600
86,35300
6,11000
8,12700
64,14300
18,22300
168,62800
15,19300
8,12800
200,40700
52,54100
415,95600
7,20000
79,30000
9,14100
7,11900
9,13900
1,4900
8,12400
5,10000
53,74900
1985,275800
1,10200
5,10300
156,51300
6355,817500
4,10500
60,61800
1,8500
53,63400
7,21100
93,42700
8943,1411200
13,19600
15,29900
56,58100
5,17000
9,14300
7,11900
12,17300
27,31000
837,129200
436,62700
2,11000
3793,478500
639,104200
7,20100
13,23700
8,12900
2,6200
46,48900
578,96900
3338,526500
14,33800
17,42200
22,50900
137,46100
44,52600
49,51700
31,34500
217,70600
1,8800
385,83700
909,151100
3,13700
27,31400
2,6300
4,8400
1015,138800
16,29300
21,25400
42,44400
27,46100
1,5200
291,76200
37,50600
2,10800
8,14100
245,81500
16,31000
6,11300
3,7900
18,27800
427,177500
74,49100
100,75500
11,28100
1247,180500
832,129900
66,24800
1872,294300
3,15000
16,21100
256,41100
8,12500
6,10600
3,7400
1,4900
6679,856200
1,6200
42,46200
5,17100
57,59500
79,40300
16,21100
165,59800
113,68500
28,40400
2,6500
15128,2030200
1,6800
243,88000
2,10800
27,32300
4,8400
54,56100
4,8500
5,9700
6,10900
3,7700
1,5200
2,6000
189,36800
14,18500
1,4900
806,112900
26,30700
77,27800
1,5000
390,67400
908,184600
609,127200
2,11600
316,50700
16,20800
140,36200
4,8600
114,60800
15,19400
2,6200
97,56300
185,78000
7,20400
11,16600
36,40300
74,24900
61,61300
3,12700
33,43800
15,19400
2,6100
400,77300
6,11000
134,30600
2,6400
79,29400
20,24400
2,6100
1,4900
552,122000
283,78400
4,15100
187,33800
1,5200
147,42200
4,8700
68,18900
11,15700
10,14900
45,47600
1005,145600
604,150400
12,17800
1,8300
10,26200
18,39800
334,103000
1,10000
35,48300
154,87800
16,22500
612,134700
2,11200
41,50300
177,70800
1,8500
1,8900
4,8900
283,70300
2,10700
5,15500
7,11900
1540,241300
65,23700
19,23800
15980,2180700
3,10300
16,21600
1,5300
30,33800
3,8400
8673,1271700
28,61500
3909,722300
2,8400
119,71000
2774,410000
46,78200
746,137900
3,18300
40,53700
14295,2541700
6,17800
421,109900
93,54800
1,9000
9,20400
75,27500
18,22900
1,5100
15,19300
2,6300
1863,242200
1,9400
1,5100
33,37400
18,22700
19,24100
6,10600
8,12600
8,12900
10,15400
15369,2064700
18,24900
5,17500
206,46600
44,46800
62,12200
672,145100
38,51900
34,39000
82,32200
68,19300
6,10800
1,5000
1,5000
7,15600
124,18500
11,15900
2,6100
4,8600
50,51400
4,8500
15,19300
18,22600
42,44300
6,10500
681,143100
1,9000
10,21700
1,5200
285,73800
6,18500
18,25200
13,17600
198,38900
6,10900
88,37000
78,27900
1720,270300
93,49200
5,17700
45,48300
143,39700
1,5000
10,15600
137,33100
40,42800
4169,589700
40,44200
3,13200
10,15600
2,6900
7,11600
3,7600
139,41200
105,53100
4,8800
84,33400
1197,178300
75,34700
4,9000
40,43400
900,138100
17,30600
11,16500
71,22000
20,34600
3,8000
24,28300
32,35800
14,18700
1,8200
1,9100
532,115600
1,9100
11,22700
14,18800
488,105600
26,40900
224,64300
82,31900
3,7500
4292,589600
763,112900
24,36000
1,5000
11991,2042700
2,8900
114,62800
44,81500
4,8900
53,55700
8,12800
15,19800
110,57800
1,5000
6,10900
186,26800
15,19900
16,20100
337,68900
1,5100
907,141700
6,19800
3,7800
129,26400
2908,413900
2,10500
1,5100
256,41200
14579,1940100
7,14200
2,11000
3,13200
3161,455500
2092,321700
19,30300
121,67800
2,10400
5520,720100
20,27200
36,41000
2,6500
20,24700
101,49400
2,6200
8,12500
13150,2131600
72,43400
10,23600
867,211000
39,65600
2,11400
170,107900
246,93600
23,37900
7,12200
2,6100
55,56500
2,6200
10,14900
5,9500
140,36800
2086,329400
1,10200
4,9500
237,74100
908,158300
10,24300
11,16300
65,16600
5,9700
309,93300
122,77800
1595,242500
12,23400
1,5100
51,53000
1,4900
2,6200
2,6100
754,102800
77,36900
31,35400
80,30800
10,15300
19,23300
14,18600
10,14900
119,65200
14,29300
24,28600
22,26600
34,37500
9146,1306600
3,8800
749,104600
455,79700
1804,228500
5,15100
1,5100
4,8600
2,6100
2679,368100
9,20300
11,16100
250,34800
71,21900
150,45900
1,5000
7,11700
64,13900
1,4900
126,20900
654,114100
2,10600
9,20100
1,5000
2,6300
33,36800
65,16500
2699,387500
11,22500
164,59100
59,71000
105,66500
124,26800
13,18000
7,12100
12,16600
3,7700
2,5900
86,35900
109,57400
10,15000
11,15900
2,6300
1,4900
46,48200
35,38700
87,36000
37,40200
13,17400
3,7800
93,47200
55,56300
2,10400
3,13900
3,13200
381,58300
235,72600
90,50300
50,52500
47,60300
2186,321400
1222,200400
6,19100
558,76700
12,26300
4,9100
1,4900
2,6200
13,17200
14,18400
1,5000
1,4800
1027,175700
651,114500
1,8700
28,37200
15,19500
304,89700
2,10400
6,16500
430,110300
1154,231300
262,65700
10,21700
195,37900
7,12100
10,15400
1,5100
5,9700
20,24800
102,91200
698,106100
20,30800
261,77500
73,40800
360,151800
15,35300
94,56200
3126,463400
3212,453600
34,66900
2,12600
6,20300
263,90500
1,6200
1,9000
11,30700
16,40800
46,87400
23,42100
9,27500
144,75400
16651,2809900
4294,606700
3,9300
6,11000
17,23500
25,29300
80,40300
1,5100
6,11600
10,15600
10,15000
2,6200
1,5000
144,39600
67,18200
2,6300
7,11600
335,69500
3,7500
41,45000
67,18500
1273,198700
1,9100
325,57600
6,11500
1,7900
18,22900
13,17400
36,47200
859,149500
9,16800
6,13900
31,34600
11951,1734500
176,125800
2,7400
2,6600
2,10600
2,11400
4,16200
9689,1467300
5,12600
233,120300
2,12300
18,29800
4,9900
1,5000
4,8600
277,63800
5786,752600
21,28100
9,14200
268,101500
13,22600
42,46500
2,6200
17,22200
283,73500
2,10800
15,26600
1300,233000
45,49600
3,8100
3,7500
3,7600
3,7700
1,5000
2,6200
5,10200
766,115300
14,19000
17,22700
4,8900
2,6100
1,5000
369,96200
1,5200
1,4900
9,14000
10,15700
8,13800
34,38100
472,90700
292,85600
36,49100
3304,432900
27,32500
3,7700
1017,157700
19,33400
32,35800
25,29000
3,7900
3591,551500
4,13700
3,7600
1,5000
9,14000
4,8500
99,48500
17,23900
4,8700
1,4900
60,64300
18,27100
27,35000
32,35600
3,7500
199,40400
1678,215300
2,11400
5,10000
809,154700
158,62700
19,24500
238,75100
125,29300
5,10200
1,4900
440,61100
267,63300
3,8000
2,6300
222,60900
3,13700
19,34800
2,6400
2,6100
2,5900
20,24700
5707,738800
26,31300
10,15100
5,9800
57,59500
7,35800
9,14400
4180,667500
3,8800
10,15200
55,57900
58,80500
168,112700
192,35400
32,36300
24,41300
20,40200
13,30200
23,47200
30,44500
2,6400
36,39900
10,15800
34,44900
252,51000
2873,393200
410,86500
5130,788900
2,7800
958,149400
24,37600
66,18500
29,36800
49,51600
666,129500
2306,323700
1,9000
484,102000
69,28900
5,9900
4,8400
5567,832100
1,6200
35,39600
382,59900
7784,1118600
9,15700
5,10500
15,30100
9,26100
1891,310100
2,12700
352,84200
369,104100
3,13400
337,69000
18,32500
40,43900
5,10000
19,23300
795,149100
17,31300
7,12200
2621,377000
117,69000
29,42100
2,6500
3,7400
3,7700
8,12600
3,7800
362,90600
3,12800
8,14000
21,25600
1,5200
2,6300
1,4800
30,33700
28,31900
18,22800
1,5000
338,69500
58,59700
12,28100
98,69400
16,24700
24,28300
23,27400
11,16100
2,6300
12,16900
74,25000
83,32700
33,39800
69,20000
28,32400
3,7700
237,75600
15,30600
169,62900
308,94300
1,8300
23,33900
2,6400
5808,824100
45,58600
29,56800
2,11800
68,36600
337,86400
151,51500
2,11000
316,76400
73,32800
1882,324200
15,21200
51,53300
3,7700
1,5000
190,31600
34,37800
184,76100
4,15100
2501,351300
221,62600
2,10800
7,13300
1,5000
8,12800
4,8400
19,23700
18,22600
132,28900
26,36800
1,4900
305,99300
6,12100
824,142900
138,44300
3,13400
18,42500
4,14000
1,4900
1,5000
7,11800
3,12700
133,35800
38,63100
10,23400
2,10700
1547,339600
4,16700
524,99900
14,28800
1,5200
6190,913700
6,12600
92,41900
7336,915800
3,13600
3,12900
6,16800
13858,2146100
48,65200
1,9200
817,114500
3,13500
12,17100
1,5000
14,18700
44,47000
4,8500
2,6200
3,7400
225,63600
20,24800
3968,492300
57,61800
8,22400
35,39700
40,43500
25,39400
17,21800
6,11000
40,43900
5,10000
66,17300
1,5000
23,27200
63,12900
21,25900
15080,2166000
1,7600
746,115200
3,13900
1208,195300
75,34100
102,51900
32,46500
9252,1283100
775,129700
2124,302100
3,12400
3,7900
1210,189200
2,11200
2,6700
34,38000
357,85200
1,8600
34,43600
118,65200
1,8400
52,53400
25,28900
3,7800
45,47400
7,12000
3,7600
5592,749800
227,68200
12,17200
1,8300
230,126000
394,83700
11,24600
2269,327100
426,99600
3,12900
17,34900
17,28300
2,11100
1790,378900
5,18300
1746,227100
319,55300
3,13400
266,53600
80,30500
32,35700
26,29800
14,18200
2,6300
8,13000
9,13700
3,7300
19,23900
1416,223800
439,63500
5,17700
11,16600
29,32200
30,33200
1707,267600
45,63600
2,11300
4,15600
3,7700
13,18000
9,14400
220,93200
173,67200
47,90800
2,7300
60,105000
3716,638800
219,61700
7,21200
14320,2037000
9005,1179900
6,12800
425,98800
2,10800
137,38400
24,28200
5,10200
4,8400
7,12500
751,105000
6,19300
1207,184000
244,87100
175,76700
1985,246900
987,200400
44,55000
12,26500
1,5200
493,110600
4,14400
16,20900
3,7600
4,8600
1,5000
675,135000
1,8600
9,19700
35,39400
11,16000
3,7500
42,44800
403,76700
23,37900
42,45800
1,5200
66,17700
2,6500
3,7600
95,47200
24,27800
27,31000
2,6200
3,7500
1520,223500
1907,271900
10352,1473600
21,43200
2066,539900
52,98100
28,58300
68,35000
109,105000
1,10200
2,11500
7,12600
2,6300
138,34800
2364,319000
5,16000
2,6300
1,5000
477,94500
111,68700
1,8600
3,10700
14,18500
163,57600
5,9800
22,26400
28,31400
361,88900
1,8300
2,11200
3,7800
61,61800
1,4900
18,22600
1,4900
4,8500
13,17400
3,7600
4,8500
147,42400
11,22100
20,25100
74,24500
7,11600
23,26900
8,12400
16,30300
2,6500
1,4900
263,50700
3,8200
9,13400
9,14000
71,21800
7,11500
1,4900
2,6100
50,52500
432,123600
419,90900
56,57700
1,8500
25,37000
414,88500
18,32700
15,19600
5,9800
15,18900
17,21700
7,11800
77,27700
297,80900
6,18800
552,124600
1,8500
1,9200
2,6500
36,46000
2,10200
35,61000
6,11300
119,73100
212,54100
62,20600
4,9300
584,133000
374,58700
14,22000
4,14700
2841,535800
36,42500
3,7700
7,11800
14,18700
1,5100
2,6100
42,44500
5,9800
37,40500
4064,581700
26,56700
6,16800
35,42800
13,18000
787,134900
4,14800
109,66600
47,49300
1,4900
1,4900
3,7600
35,38500
3679,524400
29,37000
21,35200
5,10600
779,127400
122,75900
1,8900
242,82700
6,19500
13,18200
90,39100
62,11900
834,140800
4,15700
1,5300
17,22300
23,27500
488,105500
64,23600
2,6500
1,4900
3,7500
29,32500
7,11700
3,7400
76,26400
239,82500
2249,322000
3,14700
81,31900
3,8000
11661,1833900
22,31100
2330,345100
4,13100
92,42300
13,17700
16,20400
6,11000
145,42000
3,7500
2,6000
140,36200
7,11900
1,4900
10,25600
397,74900
8028,1054500
29,36100
4,15300
610,128300
377,62100
3441,461400
759,110200
727,129700
501,68300
135,45100
1,8900
30,58500
287,80900
1124,161400
106,61000
1797,275100
2,11500
99,47900
4,8700
29,32500
4308,597400
19,25600
9,23400
1,5200
36,39900
4,8700
25,28800
9,14000
190,32900
251,36900
7,11600
2,6300
14,18700
932,153200
560,81500
258,52700
5708,778800
8,14300
13,18200
3,8100
38,41800
6917,875200
35,40600
55,57000
12,16800
7,11600
4,8700
5,9500
264,53000
12,16900
6,10900
8,13000
4,8500
2,6200
15,19500
6,10900
6,10400
9,14000
59,59900
4,8600
108,55900
37,40500
62,12100
1,5000
1,4800
75,26100
76,26300
2,6200
143,38400
9,14000
5,9700
49,51200
27,30800
3,7700
38,41000
66,17600
537,137300
14687,2122400
15,22300
23,37700
1,5300
29,32800
2,6200
9,13700
931,113800
186,33800
33,37700
14,18900
199,39400
14,18900
3,7800
29,32700
34,38300
1946,273200
31,42000
35,48300
20,24300
16,20500
4,8800
14,19200
60,60800
203,44600
159,54500
1161,195200
1,9000
15,20500
3,7700
18,22300
6,10700
1,4900
3103,407900
6,15100
5270,691200
3291,417500
2,8200
1,5200
1,4900
1217,193900
1,8800
10,15700
26,30600
766,149300
1,8900
270,62200
3,13500
45,48600
1,4900
1,4800
771,145100
4,16700
2,6900
5,9900
26,29800
3,7700
792,138200
5,16900
2,6400
492,109300
3217,507900
58,62200
13,27600
1,5500
1031,180800
5,17800
4,8800
3,7400
3,7500
1,4900
1508,223300
1010,139100
110,65000
4,15000
806,100100
22,35000
3316,440000
162,58000
15,29100
2,6500
3,7600
12,17100
2,6600
2,6000
28,31500
1,5000
2,6300
387,109400
15,34000
18,39600
119,106600
825,158400
6,12000
1,5000
7,11700
479,104600
2,6800
63,21000
1,9200
2320,413800
1789,266900
35,44700
4,15200
4,8700
148,43500
6,10700
3,7500
3,7500
59,59600
51,62000
11,24200
1580,229900
6219,853500
38,44000
12,27100
5,10100
311,45400
58,59700
24,32400
42,89400
1,10700
3,7600
10,15200
284,71900
3,7900
132,29500
13,18200
12,17200
109,56900
11,28300
16,21000
222,61900
111,96900
4,16200
62,12900
11,16400
60,61600
149,44200
100,77900
7962,1085700
120,69500
2,11000
4,14900
5,10000
6,10900
17,22000
149,45200
36,50100
2,6500
860,152300
2158,393500
24,35000
136,33500
2,6200
1,5000
3,7500
23,27200
9754,1387700
12,18800
16,20700
994,128600
2091,325500
1,9700
1,5100
520,92800
23,37600
3,7800
98,47300
1,5100
223,61600
6,11100
362,90400
25,39200
349,101500
10,26000
241,89900
7,12400
36,40300
32,49600
2,11400
37,50700
4,15500
7,19700
1,8700
3,13800
459,86200
740,186900
9444,1381900
13,19700
8,13100
25,29900
1,8500
19,30500
6429,847900
16,22300
81,42200
14,18900
2,6300
37,41200
9,14000
31,34200
8,12500
10,14900
92,41400
517,93500
30,43700
3321,444700
10,18600
19068,2866300
1,8100
2607,414100
4,15300
29,33300
20,24700
4,8800
3291,427600
215,55500
102,60300
58,72200
3107,404300
6,14700
52,54800
3,12800
4,14800
41,45100
30,34500
3,7500
1,4900
422,94500
1,8700
2,11600
7,12400
793,169600
2,12100
97,59700
7,18900
3,11900
1365,311700
3,15200
67,30200
4533,686600
19,25100
8,22500
32,65500
192,62500
1,10600
3,15500
8,24300
920,210800
85,45500
1,5300
858,149600
10,24100
12,17600
6,10900
1147,185900
29,41700
139,36800
6,11300
19,23900
754,103200
6,19400
54,55900
796,144900
19,32000
27,31300
1495,200200
1,9000
14,19300
107,54700
13,18900
22,48600
14,36400
935,134400
4,16200
2,6400
1,4900
99,48300
4,8800
7,11500
81,30900
60,60900
4,8500
523,93400
57,69200
8,21800
47,53600
19,33700
45,74000
23,32500
3,7800
12,16600
123,75500
345,87800
19,32700
3,7700
11607,1647000
412,87800
361,96600
6,20000
7,12000
6,11100
95,44400
37,40700
58,59300
12,27400
11,16400
20,24600
2,6100
8194,1103700
8,19800
52,55300
5115,694500
102,52100
185,84700
34,46400
2469,477800
2,13400
225,72300
7,12200
1,5100
84,33700
1,8900
192,46500
2,11700
6,17700
7,33200
25,54500
6,20400
795,149300
958,142700
7720,983300
2,7700
2,6300
7200,960300
1,6700
943,132200
3,13200
65,16900
2,10800
7,18000
107,55700
6,10700
721,124800
1,8700
2533,378200
27,35300
12,26500
3,8100
1,5000
201,42600
3745,600600
23,31700
10,24900
2,6700
2893,456300
75,30100
39,52400
52,84000
7,20000
1,8100
283,75400
3751,499100
1,6200
2,6400
93,42800
1,5100
74,24500
2,6200
29,33000
16,23500
6005,932300
59,63400
7,20300
2,7100
83,34200
531,152800
10,25900
29,33300
139,36500
19,24200
1,4900
77,28200
7,11800
6,10800
2,6200
11,16300
2,6200
28,32000
16,21200
245,83300
9845,1493500
10,18300
79,51800
50,110000
69,22300
137,64200
1990,255600
76,34800
9,14700
11,16100
4,9300
21,25900
4,8800
11452,1655100
21,27700
4,14800
72,23900
330,61500
1019,144000
12,23900
302,85600
1,8500
315,50900
80,39000
865,156100
314,52900
13,26500
3,8000
64,14700
1105,194200
213,59400
3,13400
1,5300
12,17200
11,15900
195,35700
3,7800
271,57800
98,46800
1,5000
5,10200
70,21000
15,19400
38,41300
2,6400
13,25800
5,10300
3,7900
88,38800
1,5000
19,23900
325,57500
312,44400
79,40400
6,11000
268,55400
39,53400
2,11200
307,91000
1073,170000
20,32300
3,7900
125,20000
932,129500
1029,189700
235,79000
92,49800
11,24800
178,71300
14,28700
6,10700
7,11900
54,56500
3,12600
15,26100
34,38000
1,5100
