32201
14265325
49432539600
17,8510400
1646,4835900
18,212600
101,444500
15662,45512900
20,362200
23,334000
187,804700
166,1081600
121,683100
42,174600
132,540600
29,159900
902,3068200
129,634400
23,461400
471,1766700
28,131300
58,277400
239,816900
57,280400
47,287600
18,188500
78,479800
633,1895400
51,426800
381,1248000
28,123800
2880,9416600
376,1549900
130,521400
282,947300
54,512500
190,920200
2841,9029500
133,624900
34,303300
117,480900
1228,4467000
1268,3878100
30,196400
227,756300
63,475900
38,405200
344,1265600
14,91100
4805,14292300
17,196000
23,327300
32,222000
18,185800
1316,4767800
1052,3091900
17,223700
14,98900
53,451500
415,1560700
326,1216800
404,1585800
27,433700
25,392200
458,1601500
55,554800
14,81500
7317,22357500
504,1673600
1103,3933300
16,200600
21,273200
228,882800
20,249000
168,590700
89,548700
590,2427300
31,316500
228,944700
1199,4545300
49,387200
54,592500
111,687500
149,1318700
1001,3794300
28,134900
67,945600
842,2992700
251,1519400
31,252100
186,962700
74,456500
63,503700
40,571900
300,1255800
19,278400
96,773300
275,1406000
106,595400
6596,21213000
17,212300
617,1872200
33,393700
70,306100
288,1129600
51,455600
44,272200
738,2518400
45,306700
797,2650000
61,402000
14,100800
37,398400
307,1365700
389,1672100
45,317300
123,806500
28,157600
939,2792200
2745,8466400
54,569300
2292,7399500
31,271500
143,538800
4190,13082200
160,716700
326,1056700
44,283800
33,279200
53,484300
14,107100
301,1094500
664,2163100
22,294800
488,1719500
285,983900
87,385600
52,665000
25,482000
42,211400
35,425300
67,585400
29,201900
761,2482200
3415,10183200
3124,9834700
801,2527500
423,1518400
47,360000
12423,36758900
22,341300
23,316800
87,493500
23,349200
16,136400
88,405000
3084,9140800
59,345900
39,433300
475,1745600
3415,10399500
44,218900
459,1856100
133,721000
14,123600
18,289800
120,792800
27,454700
112,531700
21,343100
22,407900
30,223000
23,346600
1589,4757900
1012,2999800
635,2085000
46,307100
14,161000
50,456600
37,497900
91,452200
22,337500
23,357600
1745,5403500
14,123000
42,197200
315,1177100
9416,97257600
87,506800
66,505300
30,227100
74,377200
33,326200
38,429700
1249,4148300
821,3240800
17,221000
19,234900
29,186500
243,842900
28,116500
368,1251100
18,189600
20,249800
16,146100
857,2614700
7476,22011000
987,3295400
511,1750700
18,264900
22,296700
22,290000
185,759700
143,742100
2370,7287700
38,461200
15,119900
40,560700
63,410300
45,258400
1024,3273800
10373,32881200
16,192800
2195,6732800
32,267000
1265,3817200
12552,38527900
285,990800
19,238300
30,182100
65,505900
14,86900
587,1959100
3737,11846200
3402,10266100
83,664900
94,647300
14,130500
72,523000
84,383100
482,1686900
78,599000
33,268800
13575,41854400
19,262200
220,1183100
20,304600
39,542300
243,1074200
15,138000
15,113500
43,216700
10579,31508500
415,1534400
3979,11980000
14,94900
399,1440700
1532,4766400
25,410800
23,415900
160,853700
1161,3923200
76,424200
74,437900
34,331700
950,3194800
138,757000
69,639800
168,575300
18,211600
19066,57445000
161,775900
68,580700
23,450600
3523,11560300
582,2008800
20,239300
433,1818000
11573,34713600
183,756200
626,2264200
58,303100
69,563600
14,80400
172,716900
18,315000
39,609600
141,602700
44,260100
225,706300
68,620500
94,560400
8034,24093600
3517,11566300
203,1030200
20,308300
8120,25706000
50,468500
19,233100
44,219700
28,128600
19,227400
34,388700
86,374600
14,87500
26,396800
281,1105400
37,371400
43,201200
1785,6351400
1273,4578100
81,571400
124,863600
362,1463200
766,2724500
59,352200
430,1475400
677,2431100
214,883200
78,591700
37,465500
4084,12442000
8352,25346100
81,628600
10361,31697600
16,213200
216,796400
99,357300
10257,32266300
516,2130900
31,209600
653,2173900
36,439300
4115,13019100
2270,7089200
73,321400
155,835200
239,957400
14468,47972500
26,503200
14,87800
15821,49704600
4343,13872900
29,168000
239,960500
31,257700
45,267100
21,279300
865,3043400
380,1502600
883,2934000
80,523600
18,234500
30,251600
50,456100
28,136000
67,533200
31,286600
58,326700
1104,3980300
38,672300
80,678200
339,1552700
170,717600
19,255400
644,2013900
27,457900
21,321300
3793,12397300
167,1089600
207,1091100
136,733400
4333,12376000
451,1418200
2493,7715300
26,447400
15,116200
367,1251300
55,494300
15,113400
34,274100
3397,11106500
37,398000
14,87600
105,579200
3139,9269500
28,129400
15,134500
472,1580300
18,209700
23,333100
107,577200
14109,43264800
144,655600
20,252300
31,249000
806,2551000
88,441600
1437,4376800
16,139000
66,481000
51,385500
155,548400
23,355100
78,453400
15,132200
63,393800
1395,4255200
40,472200
113,424000
45,260700
30,172100
3354,10352200
176,863700
771,2607900
3645,11300500
45,281200
144,570100
488,1895600
25,464300
439,1555600
127,487300
8962,27025300
169,611600
384,1710400
24,411900
31,272700
313,1253300
48,429000
21,334400
159,612600
1220,3831000
1455,4716900
228,852100
37,375400
56,225100
2550,7465200
221,943200
64,465600
55,522700
25,363500
358,1321700
36,334700
51,446900
60,339200
9634,28921200
38,617000
51,1180500
15,126300
913,2747800
89,415700
30,197300
50,404900
957,2906000
77,493600
44,225500
65,439100
53,526300
49,383200
57,230600
15,133700
55,525700
2727,8795400
9152,28704600
18,281100
17,173500
83,821500
89,470200
710,2383100
14,86800
228,828100
424,1267300
1873,5700500
40,435600
30,194600
32,232900
243,879400
16,141200
59,288200
40,462100
32,234100
113,401000
275,1044500
54,498300
29,199600
32,221500
212,848100
10774,32136800
40,520900
37,378200
34,284600
63,421000
16,179500
369,1601700
247,1063400
8066,25115900
75,448600
19,251900
169,759600
20,296900
61,390100
403,1564700
58,275300
68,595500
72,541900
16,170400
52,459000
629,2636900
1156,4040000
46,304100
57,267600
237,1081300
1141,3710300
15,124800
70,261400
26,518600
673,2278800
59,304700
342,1301200
145,590300
6041,18885900
221,1239400
14,92900
57,243300
107,651100
3808,12189400
25,525900
16,170900
43,247800
26,434000
6345,19903100
86,375800
3514,10422500
32,254200
20,277800
1097,3383100
315,1316800
25,415200
21,322500
49,447700
255,1015000
2765,8208600
97,620300
96,637200
17,201800
57,250800
105,500400
159,658300
1734,5738500
78,480000
77,470200
15,119300
157,558000
24,343700
51,434400
39,426000
236,961000
54,491200
508,1928200
655,2159400
218,872100
72,314600
97,706300
126,417100
70,360800
15,156000
79,511000
26,404300
1434,4310100
39,452100
488,1767400
74,370600
15,123600
46,446700
22,317300
89,431700
13934,88649900
86,460500
44,215200
75,407600
26,411700
96,591500
14,101200
181,885400
36,353700
800,2481200
144,562900
58,254600
2229,6715100
53,520800
30,181900
39,422600
10932,33962700
40,563700
1517,4532700
1022,2923400
177,752500
641,2250900
2276,7364000
149,725500
70,259400
395,1328500
94,589800
327,1095500
30,180600
43,193700
721,2311000
67,518700
108,584500
21,349500
77,444900
5894,17136900
101,553400
14451,43039400
20,312000
1301,4454100
42,185900
14,81900
587,2033000
21,357500
184,655500
166,856800
257,930500
99,418500
238,727300
16801,50036000
47,348200
5079,15361800
48,401000
217,819300
13432,43920300
397,1528300
147,950700
57,241200
14,84000
286,1118500
18,219000
120,768100
1334,4304200
26,453800
15,110500
328,1205300
69,569500
1458,5060800
28,204700
20,354200
196,728300
1661,6426900
451,1733800
30,234500
101,531400
1303,4298000
17,212400
18,261100
46,325600
18,202400
378,1221600
161,719100
17309,53828600
16,256000
95,620200
287,1044700
51,640600
82,811500
14,97600
74,346600
10951,35808600
16,174200
29,190100
102,613200
423,1589400
29,204100
56,241300
548,1614200
348,1375800
19,298300
871,2700900
55,490500
13307,40800100
306,1274100
25,419600
13934,41964700
4247,12731700
186,715900
111,663100
608,2050100
143,546200
554,2022800
36,330300
54,480700
4170,13091000
235,1132400
1429,4638200
27,483400
79,546400
19,259300
27,408200
41,580200
38,540800
92,514000
53,438700
17,185400
357,1264500
108,598600
51,490800
85,405400
74,360800
3273,9679200
137,770200
25,375700
29,187200
108,637900
24,359800
352,1131200
174,656800
1007,3427700
146,723500
10634,31175100
390,1648900
69,682100
34,315300
2087,6018400
40,455000
535,1594800
15,130400
1204,3767300
36,376100
14,82800
24,357700
183,595200
29,150000
179,844700
1334,4391800
26,422700
2360,7084500
24,454500
45,304100
34,299900
207,912400
6792,20318800
401,1643000
23,376900
242,925500
14,118100
422,1303100
24,374300
41,480300
23,327400
23,329800
63,426400
20,268000
32,259000
4442,12841500
14,120400
14292,45217100
1347,4278900
14583,46043300
51,591700
15,271600
901,3424600
111,760100
38,430800
97,638500
22,366700
87,417400
20,390200
123,759400
18,217300
44,256300
66,484800
89,667400
510,1848600
277,1219400
23,327500
2190,7406800
164,863800
42,200300
16,154700
264,1204500
524,1945700
28,176600
958,3333700
26,517200
133,806200
149,855400
263,1112600
6729,21467200
35,410500
7063,22387000
91,610500
24,432700
45,247500
186,940600
94,594600
24,439800
14,84800
25,551200
357,1279600
313,1248900
152,1003200
31,238600
69,592800
52,520000
39,578200
257,978200
352,1205600
14,99500
17,205100
3237,11978100
139,867300
167,802100
116,578500
14,163600
1359,4230300
447,1998600
41,690700
142,626600
893,3193000
84,305700
9012,27138300
19,275000
49,449200
52,611600
202,978500
1083,3464700
64,425700
195,1048100
30,243100
39,429300
282,942700
250,1076700
336,1099800
20,261200
226,789300
121,681900
36,396500
138,865800
1065,3383100
23,325200
18,188200
603,1790700
311,1025700
111,661700
25,406000
26,501300
48,334100
35,314000
144,611900
23,369800
23,338700
261,1017700
91,639700
533,1631600
20,250700
23,331700
4327,13225300
3613,10939000
87,442000
161,831100
697,2219600
522,1704700
2166,7374400
80,512900
33,305100
41,581500
23,324400
34,284200
1234,3896800
11241,34383500
23,395500
565,2100700
59,341800
75,413500
20,247700
37,383900
727,2452100
3252,9633500
5346,16013800
34,411500
170,645500
41,535400
13759,41824800
22,401900
261,1022600
2851,8982900
151,799200
69,737800
42,242600
39,512200
1507,4803300
15372,46347100
2373,7484300
1281,4056000
1601,5076300
241,898400
20,313900
33,280400
33,275200
44,222900
4877,14381800
37,364900
21,294000
41,491700
9015,26196900
400,1539500
314,1199000
1541,4833800
328,1203900
85,317100
2930,9513500
37,399600
6938,20192600
99,367600
462,1433800
173,670000
59,293100
2092,6023600
3139,9091400
27,488100
793,2559100
102,439600
2568,7576800
70,285500
77,482400
168,481600
14,84200
41,493600
106,579200
21,256100
23,317100
678,2284200
1846,80286300
40,502300
17,187600
40,536800
34,303500
684,2384300
75,412000
17,161700
2580,7420000
2619,7614500
8014,23314800
1229,4491300
106,607800
55,525500
166,818600
27,627900
96,694200
50,381300
36,321700
23,333700
39,427300
109,675000
395,1294200
74,348100
17,163700
50,603800
58,279000
20,243300
93,562600
17,213100
7006,20986000
15,223400
43,244400
380,1473600
3291,9632800
397,1294100
16396,49871100
33,350600
26,413700
19,289800
6508,23301000
666,2403700
35,418500
112,410100
33,256200
16,144400
2370,8490800
328,1271900
45,279400
46,271900
97,660900
6586,21151000
248,1274000
3332,10609400
44,335400
98,384400
40,477700
364,1137800
137,939600
716,2199000
10178,30357500
72,363100
47,324600
4373,13330900
974,3036900
1192,3857200
17,247800
205,949400
14229,44891900
40,585800
41,489100
806,2576700
235,1028100
3500,10771500
25,427100
16,156700
17,171100
94,605800
19,263100
110,742400
39,444400
109,636400
18,210300
38,406000
169,786200
416,1522600
32,236600
72,373800
36,349200
197,614400
217,1139000
925,3021700
169,591600
5264,16096900
25,478500
4721,15398500
15,189400
160,990100
66,684200
68,588500
55,624600
30,249300
34,419900
656,2406200
2518,7581200
74,341300
41,522800
3284,10829300
45,311700
4277,13420700
50,548400
26,439300
5181,15240800
74,354600
161,752900
177,767300
20,348800
16,164600
1025,3442400
162,702600
47,555600
98,493600
26,686500
326,1138600
36,402000
51,439100
418,1602900
14741,45146300
46,364600
48,349300
344,1306600
142,503400
65,497200
906,3094000
35,371700
476,1544600
35,295700
59,338300
15,128700
62,411300
134,692600
35,328300
48,335300
1217,4552400
112,461500
17,188300
661,2091200
107,580200
166,851200
17,171800
15,158500
18,189300
23,326800
85,376100
14,90800
160,674600
680,2223900
8329,25425300
385,1519300
61,399000
81,549400
49,368500
56,257800
23,427000
218,928400
139,840900
978,3720800
25,451500
112,427100
20,378300
37,380200
21,287900
732,2487700
55,517300
1037,3196400
114,432600
46,292700
316,1285400
24,403300
32,268300
23,485200
497,1757900
37,391000
38,493000
195,1023600
40,843100
249,1132600
207,1417300
22,426000
32,295300
42,181200
100,454700
1708,5575500
22,354800
86,369800
18,187900
18,194700
5588,17290800
3636,10851400
304,1235000
1712,5271000
174,778200
22,428700
86,511700
310,994500
191,861400
28,133000
54,492900
248,1067700
17,241400
21,286300
1969,6494400
26,460600
19,278500
4622,15276100
107,603700
14,112500
1577,5733100
91,675500
257,958100
472,1737900
32,247700
2232,8110500
14,113700
21,313400
3539,11959300
14,107800
32,370800
231,969300
1521,5445900
226,976700
543,2065900
248,1152300
34,330500
21,289200
33,267800
146,674400
547,2045500
71,329400
99,339700
1276,4199600
23,358700
761,2544400
86,372500
181,920700
1060,4207100
18,254500
365,1144800
64,459200
207,989800
645,2080900
1304,4129400
21,278900
76,402800
462,1801800
72,389700
99,464000
50,474500
40,564700
28,155900
643,2590800
123,734200
81,593000
711,2401700
33,283400
404,1545500
55,747400
4879,15838800
87,418200
27,438700
70,247300
1795,5311200
3862,13277800
134,710900
283,923300
497,1558500
212,833400
25,385600
705,2381000
46,330000
27,604500
185,635600
18,263500
152,793600
75,383800
37,575500
1472,4559200
88,456600
14,97100
39,443900
17,169200
12565,39796000
36,480100
545,2294600
36,416200
132,654100
218,864500
39,418500
29,161900
639,2486600
42,178900
52,514500
260,1022700
14,86400
318,1281700
21,286800
4798,15082300
66,497900
38,421000
238,675800
54,510100
231,889100
388,1433700
92,510900
14433,45905600
404,1860800
57,468300
22,370900
354,1270300
223,1042900
923,3063200
239,942600
68,504600
7641,24068000
1624,5099000
35,396600
28,152700
19,281400
81,611700
944,3042200
57,267000
20,290600
63,455800
399,1474500
40,492400
138,845800
711,2841900
31,305800
861,3249700
36,351700
1423,4517900
4503,13924300
285,1133200
62,399400
452,1585600
588,1883700
18,205700
38,543000
167,931200
33,303600
20,253300
423,1477100
20,282600
19,216300
104,507600
64,511500
247,959800
172,647500
210,740300
69,556300
1920,5502400
12676,41361100
8791,27856200
141,639900
53,492400
24,374500
279,1157300
411,1580500
861,2927400
1384,5065800
1608,5133500
777,2515600
338,1036200
104,554000
31,222500
49,406800
55,513000
2543,8511900
166,826700
33,307800
43,201200
110,698500
94,558100
381,1210200
18,198700
69,601200
134,640000
872,2651100
32,223200
34,442400
1248,4127300
24,366800
24,363400
1150,3695700
53,554000
246,1108500
70,382800
14,116600
286,1198500
686,2464200
2945,10938200
15,179600
2793,8672700
7012,21871600
17,261100
363,1719300
51,528100
97,689100
767,2580100
68,605500
1052,3589400
239,805300
16,143900
53,492100
28,129300
45,256000
1064,3675100
120,592400
219,1130500
238,721200
18,251200
226,822500
869,2724500
738,2425800
99,377600
181,963000
738,2382700
569,1970800
1208,3774500
180,1031900
31,251300
2529,8928200
136,828400
1453,4762700
49,378300
356,1253400
426,1521200
248,1038100
66,466500
377,1578200
123,755800
265,1164200
18,205700
129,476300
18,190700
16060,51002500
718,2693000
2777,8721800
2487,7811200
27,466500
1270,73237100
22,316900
988,3105500
15,130300
19,270700
20,285200
20,257400
4746,14028400
641,2220100
228,809800
369,1204500
3143,8992500
21,298700
93,536000
134,598600
322,965400
4156,13714300
237,1136800
18,218400
43,201300
30,190900
157,550700
23,360300
25,461400
1716,5275000
102,497100
160,663200
80,480800
874,2727100
30,217100
39,506000
480,1506700
205,880000
663,2094100
620,2001300
18,216000
30,182000
38,419600
53,459200
15,109200
82,563300
152,773500
2500,7758100
2034,6320400
266,851900
114,407700
264,1262100
376,1408200
23,319700
170,582500
32,260400
1918,5490200
86,317500
85,319200
231,850600
34,504000
23,370600
41,641000
14,100500
28,145300
117,571300
330,1200400
15,111800
2511,7499900
2663,8981300
31,306900
7294,22010700
94,679300
34,378200
295,1061100
143,622700
27,435600
166,980800
25,413000
18,210900
50,378500
15203,45517400
36,385500
20,287200
852,2829700
505,1542000
624,1968000
30,196800
3913,11554800
33,257900
447,1676900
697,2652900
87,469700
48,431700
185,874300
169,561900
79,475900
27,466000
1086,3606100
182,648200
2942,8482900
2507,8154600
29,235600
253,777200
1795,5689200
54,564700
71,278600
38,414800
62,403400
66,464800
434,1322600
22,291300
702,2102700
17,176600
34,297100
17,402500
90,525200
1104,3836400
264,1263700
140,464300
2447,7419900
167,843800
4958,14937900
34,355600
377,1487800
48,323600
97,607200
317,1141800
162,774100
100,419000
41,494600
190,834100
130,537000
95,606900
99,365400
26,426000
45,236700
47,319200
378,1254200
968,3125300
41,457300
40,463700
111,760200
1829,5739300
2102,6722600
431,1634500
264,1116500
5535,16303600
40,447500
216,998300
3363,11894000
37,473500
383,1570100
344,1457200
18,195600
450,1545400
385,1479600
335,1417700
59,285300
839,2881600
25,383500
4994,14755000
18,234800
179,800500
31,264300
157,573300
752,2467200
107,598800
1131,3557300
253,829000
132,612000
30,198700
909,2990700
21,270500
446,1659500
368,1381300
36,322100
4808,14491800
1948,5765400
37,392200
15,124200
496,1670500
471,1863600
94,578200
117,501300
102,421900
259,971500
832,2744800
1758,5319200
17,192300
135,680600
1269,4357900
328,1239500
3417,9829700
270,978700
73,368600
75,409300
50,359900
37,496100
1370,4558700
27,441500
178,794500
40,468400
104,655800
346,1495400
2258,7228700
77,593500
1887,6485700
16,163200
15,114600
26,397100
629,2144500
22,381800
161,660100
1061,3927900
35,441900
19,371400
100,480900
43,192600
17,172100
23,372000
15,118500
23,314900
29,167600
35,306500
21,277000
35,348300
141,473600
16,144300
39,426900
600,2092300
66,494100
388,1474400
35,309200
511,1670900
25,460600
367,1208100
133,587800
3551,10697700
6204,19142600
70,235600
196,644300
3484,10562100
32,262200
447,1748200
430,1924100
27,582800
247,1222300
140,600800
59,351300
84,323700
75,600300
40,581400
5401,17878000
17,181000
31,207100
22,301800
3485,10724300
4455,13376400
211,750200
17,162500
42,154100
44,237500
197,695400
14,88100
199,636500
48,543300
22,338200
25,431300
335,1361700
106,585900
130,513300
704,2186400
20,265200
7643,24506100
18,228600
549,2055900
59,430100
620,1983500
25,430800
195,1275000
92,543800
5831,19003900
2104,7511300
116,544800
176,810400
50,528700
266,836900
821,2867700
1049,3472600
517,1903200
18,249400
111,690600
172,680500
26,436700
187,976100
190,891100
14,84500
172,681300
96,697500
19,218600
20,260800
3981,12891700
730,2397800
357,1241000
22,349300
229,775500
16,160000
46,288900
29,166400
234,913500
95,695500
1290,3921000
59,301200
108,668700
1152,3676800
85,377800
31,206100
22,297000
17,168900
2589,8532800
110,644800
30,204600
161,706800
349,1413100
60,294000
2451,7142200
60,384600
65,480500
457,1581700
48,331100
60,312600
661,2020100
68,576200
140,417100
224,671300
45,302700
1209,3947800
639,2559000
1237,3686800
110,686600
30,201600
95,552900
34,294000
35,329400
86,442700
18,194700
45,246500
82,633900
908,2944300
14,94600
556,2432400
2009,6037100
17,171100
4440,13673200
88,507600
28,140400
15,128600
252,748900
80,622900
19,256400
494,1521300
976,3115000
31,312000
235,934700
19,266900
23,386100
35,356300
460,1800400
5744,16808000
26,428600
33,286800
600,2232700
186,974600
23,370300
82,601400
1311,4055800
26,433000
24,371500
14,85300
27,512600
87,384500
2819,8652200
22,353700
42,159300
15,123200
172,641000
516,2197700
804,2587800
88,420200
554,2000900
23,327400
19,219600
66,521800
215,822300
4729,14807700
18,213100
33,527600
431,1902100
390,1440700
60,344800
65,464300
43,196200
208,997100
251,1074800
3933,12439100
271,956900
63,510800
22,299200
55,540800
38,413100
829,2551700
1197,3733400
64,421000
82,570600
326,1124900
436,1506700
56,203800
52,512300
140,529000
1059,3419300
189,763000
631,1873800
30,227100
43,202700
74,356500
4399,13751500
1141,3684700
773,2320100
177,876100
134,598600
615,2466100
76,529500
18,234800
3773,12552000
16,243300
48,427600
1545,4799900
1096,3228200
242,913100
61,364900
23,409600
15,111700
30,209300
14372,44024300
32,314900
38,404700
25,434400
3368,11329000
113,400100
306,1281100
47,327700
23,344100
16,148800
24,367500
284,911700
34,299500
18,243100
104,478800
3851,11304600
71,301800
617,2007500
55,663000
423,1303400
376,1416000
668,2257200
14,112300
3830,11873600
1824,5705600
73,369600
73,453300
91,505400
186,759100
479,1603100
450,1568800
376,1544700
181,917600
15,155900
25,393900
48,374000
588,1786600
43,242600
409,1475000
6009,18285100
92,543800
56,223500
1088,3643700
57,247300
65,442700
40,527200
522,1651200
2389,7203700
1104,3718300
65,445000
37,464000
266,786500
14,81500
57,342200
363,1509700
46,291300
3021,9995300
891,2903900
62,426500
2069,6348900
523,1649000
14,87700
83,633000
581,1860000
15,107300
72,344000
40,900800
4185,13001100
916,3158700
39,428800
3107,9547800
314,1300200
36,345700
14,93900
1481,5122500
4235,12796100
506,1976000
68,714400
202,827500
447,1614900
9260,28217800
6467,19815500
173,681800
2004,6001900
247,1063500
7987,25310300
62,414000
2454,7209000
107,767300
45,296500
283,1054500
65,452200
996,3482500
105,680000
60,327400
133,679800
20,288900
15,115900
4870,15690900
20,313900
29,197600
41,476900
44,251000
216,870200
1406,4587300
34,284600
24,351900
41,505200
18,217000
29,170800
18,201600
36,348800
229,858500
32,253100
51,415800
313,1011700
18,206700
35,311200
34,283400
18,280200
29,197800
14,86700
369,1293800
396,1402100
28,201000
217,853300
66,508400
17,199400
69,681200
327,1124700
21,331800
2888,57635300
126,466600
4241,12574800
687,2083900
17,200000
277,1117500
60,311500
41,477000
53,564600
45,318900
24,442400
19,295500
2025,6181700
1880,5413000
90,431100
4074,11933000
15,172000
31,252000
15,225100
21,317500
202,851400
145,570100
599,1957200
69,598700
46,274800
1940,6456000
2074,6328900
27,467000
3229,9989400
26,455700
1211,3890200
297,984100
5302,15291300
27,459300
16,218100
140,604700
16,137400
871,2905800
75,486500
78,451200
1361,4493400
213,778700
19,264000
23,522100
62,488300
25,374600
2717,8654400
3478,11750600
42,228300
19,250900
21,292900
54,494300
32,284200
74,397300
28,133200
1314,4722000
543,2511300
771,2666600
1094,3785900
398,1399700
9145,29680300
2268,7669800
32,330300
26,409800
42,182800
45,266500
128,528500
723,2463000
42,162600
163,736600
49,556200
235,1020500
32,239800
26,428900
28,129100
52,466400
2120,6582100
16,142400
58,305800
409,1268200
22,379900
1263,4560200
6524,20350100
51,463800
47,466300
166,1227700
34,398200
26,651500
186,884400
42,210500
125,895100
251,1258900
67,637200
21,333600
60,431000
236,1204900
957,3453000
27,497700
19,219800
113,396400
214,842400
306,1267100
25,419800
74,521000
18,202400
24,418900
243,970300
1756,5658600
14,103200
29,163300
130,525900
385,1554300
8714,27768300
53,476600
14,89600
107,711500
1336,5042800
430,1925700
18,299100
25,427800
561,2105800
2781,9826600
28,176300
45,337100
453,1594200
80,722400
85,401400
16,199800
23,632900
15,140800
20,306600
441,1831200
94,780300
26,545100
230,940200
15,152600
52,456100
48,324100
46,307000
42,163300
27,475700
807,2902100
275,1291100
74,373500
19,243000
27,523400
56,276600
26,405000
285,1152600
326,1149100
359,1507400
921,3286000
52,604200
12368,40477600
95,620300
6108,18496100
418,1673500
2018,6011700
964,3145500
109,627000
31,203300
7727,23364800
165,1011000
142,719400
4946,15902100
14,107900
21,270000
40,499100
43,188000
20,245600
115,499000
205,822500
20,256800
25,398500
21,301000
81,545900
62,366400
18,191800
7996,23523100
121,648500
77,467300
402,1515700
135,670700
56,207700
1437,4310400
16,178900
158,564000
56,196400
34,314700
27,493100
61,362900
97,753900
428,1459300
141,495000
52,428400
112,369100
225,758500
38,402200
5836,17370700
321,1265900
43,203200
388,1305300
275,980100
941,2887100
1213,3907100
78,454300
18,216000
66,494300
108,574800
16,138200
20,247900
16,138200
82,879200
45,305000
15,137500
23,399500
45,298500
837,2784100
147,643600
49,391800
30,186000
3756,11385800
33,296800
209,936200
128,429400
87,361000
453,1422800
61,400100
106,532300
1788,5524500
71,387000
280,979500
1933,5779100
4405,14039100
250,1434000
231,1151300
3878,12403400
28,204300
280,876000
1071,3388200
24,346900
435,1335100
73,307800
20,271100
51,405400
230,890800
14,82600
6803,19980500
356,1360800
57,265000
75,464200
199,694000
213,839900
38,449400
21,288400
78,464600
183,608300
1824,5394000
35,351200
869,2802200
268,895500
28,120700
32,232600
884,3086300
61,440600
389,1425900
895,3132200
70,244100
194,887500
1021,3317400
28,171900
303,1346000
52,450700
64,458500
16,142300
49,343600
69,621000
26,535900
43,187100
41,573100
28,199900
2774,8533500
435,1344800
892,3265400
14,123300
250,1187100
30,234200
92,517100
204,763700
25,442100
65,451400
17,211700
18,199000
53,496000
81,710500
649,2160900
66,462800
1080,3267700
72,362700
768,2906900
8943,27931900
545,2198200
1020,3723600
449,1483900
1483,4783700
52,484900
73,395800
55,612100
17,188400
270,1038400
32,246000
6561,21259900
18,259600
140,573300
14,104600
101,556300
1123,3590300
233,998800
50,390400
1064,3336300
50,376300
45,245900
66,507100
63,410400
119,699000
72,391500
49,392300
69,550300
21,278600
6393,19528000
1555,4938000
69,614500
1647,5299900
135,826700
62,472100
15,169400
23,499300
109,906200
1554,4817600
55,552500
26,458800
739,2430800
81,632900
25,384300
32,222300
1087,3562100
180,907300
21,272300
233,907500
160,648500
125,726900
249,1083700
651,2131200
35,306700
216,805700
930,3030100
190,790300
44,248100
15,118800
24,459400
246,1346700
2944,10464600
41,732500
337,1129100
1488,5018400
1245,3983200
37,391300
1084,3180500
36,456700
26,424800
77,455200
31,200800
1439,4471700
1990,5692800
116,443800
178,900000
87,480600
410,1430600
7656,23754100
30,224100
503,1760500
353,1147600
28,132300
58,392300
16,203600
25,492700
41,493900
3314,10113000
126,428200
56,212800
34,385500
153,1030000
749,2593500
45,256600
2164,6389300
176,989600
36,535600
70,326900
557,2005200
22,330200
32,230500
21,270400
112,368500
24,367800
62,394600
3406,10049300
7520,22356100
113,433200
17,160700
126,372800
265,1164100
3253,9893400
91,473200
49,377200
1369,4452100
5440,16757500
352,1216800
298,970800
22,298400
29,141900
165,904400
459,1630300
623,1971700
22,300600
1913,5762300
32,238700
1127,4156600
86,426800
34,338100
256,940400
570,2440600
215,995500
18,252600
29,191700
698,2989100
969,3293500
422,1265400
109,625600
224,645700
127,436200
56,228100
39,438300
119,537400
18,185200
44,386400
40,596600
391,1751100
677,2205400
16,160400
14,107800
33,247800
57,298500
392,1135600
114,513500
1598,4917800
57,250700
534,1669100
117,525800
354,1180200
433,1971800
34,378200
145,629500
243,918000
57,259500
18,199400
220,1006300
598,2112900
158,629300
206,846200
156,581900
55,518500
238,804400
676,2262900
30,189000
567,2213100
203,976200
75,509900
95,770900
169,726900
98,410000
42,202100
423,1495500
35,333500
257,1020400
62,383700
265,1509900
22,370500
484,1733800
51,433800
47,295700
702,2127700
52,461400
436,1467800
1223,4005900
21,326100
59,320200
2227,6772600
63,448100
16,138500
1359,4367100
56,238800
93,580300
1617,4785300
674,2182000
28,131900
29,194200
247,974800
11323,35361200
65,550300
1018,3598900
611,2202200
15,136000
80,496100
27,409400
1781,5438300
16,201100
201,813500
177,969600
21,397600
232,936200
124,866000
1995,6631800
131,570400
955,2863100
35,310300
7089,20830300
51,517200
94,585400
272,1273200
1141,4244400
724,2379200
49,418200
116,516600
2198,6876000
19,336900
413,1386700
1483,4907400
20,296700
51,451700
74,398600
165,876800
65,435700
42,184000
21,279100
335,1388400
22,295300
2680,8950900
892,2974200
102,484100
78,446800
184,647200
71,296500
448,1531500
72,438900
22,349100
16,150500
16,220200
174,726500
107,572100
31,287900
11890,36915000
21,334400
34,361700
13350,40230600
33,375200
1601,5026100
55,534900
101,479600
243,925200
295,949500
43,209500
81,560100
25,374600
60,306800
78,451900
75,375700
28,126100
13138,42940600
4310,14426400
34,357000
385,1318100
18,222900
52,439700
225,742100
893,3256600
790,2945900
20,351500
96,739700
37,412800
253,840900
22,318100
21,294300
96,653900
61,327700
105,476700
106,616300
28,156300
101,421100
43,224200
66,515900
638,2534100
148,655200
2981,9868000
233,1003800
386,1503600
73,341300
1769,5735700
743,2412900
164,821200
1083,3422000
35,315200
17,168000
547,1751100
138,927800
227,808300
28,159300
15,117600
413,1438100
11975,38871000
242,977000
1394,4513100
74,395600
10624,32530600
3204,9591300
38,412900
99,364800
480,1442200
49,391700
2156,6330300
215,933900
36,425000
873,3219500
72,327500
20,353500
44,274200
14,89900
46,268000
55,517100
74,453600
131,567300
493,1611600
99,350700
1460,4292600
252,737900
188,687900
4905,14870100
473,1641500
65,511000
44,231000
684,2317700
185,718800
141,466900
605,1824300
1417,4329100
65,490700
109,642500
1327,4104300
766,3062200
287,1099100
206,1099000
347,1383600
109,741000
82,587000
89,426400
244,1041500
21,349700
36,333700
16633,49428400
361,1565300
98,432900
72,349900
9631,28931500
4221,12832600
30,234200
23,362400
15,108900
83,586400
60,337100
1028,3429800
413,1459400
54,494700
449,1294600
61,392900
26,398000
38,380600
54,494600
2122,6058300
179,850000
2290,7008700
130,522400
17,200500
40,534700
288,1149600
238,823700
987,3459600
215,1066000
14,161300
27,602300
1724,5652200
68,538400
103,584800
11760,35544200
2152,6681300
1390,4593800
48,353500
2004,5814100
88,404600
32,235300
34,418400
2023,6668100
769,2643700
16,167800
107,548900
984,3082300
57,231800
60,365600
22,320500
1951,5766400
144,593400
135,636000
686,2027700
317,1212600
32,235500
17,165300
1113,3394700
859,2510600
20,265300
147,623700
57,295300
1312,4311500
32,271900
22,378700
488,1909400
22,355500
58,342900
80,618000
27,485100
95,577300
21,336500
205,875900
80,509600
159,724200
79,531900
361,1453300
116,564400
66,572900
64,415500
388,1754800
22,329500
152,880800
262,1212000
61,515900
460,1965400
147,760100
26,481000
12874,40105700
364,1307800
154,631600
44,265200
113,406600
855,2524200
44,266500
62,359900
34,363600
33,346700
1207,3973000
215,1000100
37,421100
159,652200
15,130500
26,419300
90,455300
33,262400
93,591200
29,155800
23,336600
72,316500
33,274400
52,621300
18,228100
69,868900
39,542000
18,205300
458,1636800
132,637200
20,308600
38,420900
112,379800
31,205700
89,443700
20,280400
55,525700
2908,9585100
14549,44458800
1039,3672600
365,1214300
57,234500
24,484900
548,2058400
957,2951900
52,562600
14,84100
174,763900
1597,5512400
45,314300
2625,8988000
15,150800
36,386900
1011,3243300
21,333700
35,347200
8362,25020600
50,452900
94,561400
124,768300
182,588100
371,1294500
75,364900
16,157600
20,244500
20,284800
125,759000
51,482900
194,922800
47,299200
953,2739200
119,546400
748,2383800
142,490400
2849,8298300
16,154400
22,336800
2535,7663900
352,1158900
128,448900
66,554700
18,280000
1541,5472100
131,624300
75,481400
33,250200
38,392900
154,498600
80,538400
42,187900
14,90200
14,87400
755,2607000
567,1801400
62,334200
15,140900
162,725200
2026,7068500
19,303500
52,459000
51,403700
49,498100
17,199000
55,525000
90,599400
248,1030200
214,814300
2129,6455800
1043,3478600
21,290200
20,278400
31,197500
1877,5473800
898,2649400
557,1901300
82,578500
2017,6221000
23,328200
58,310500
87,354500
58,267300
267,856200
41,474400
15,108500
36,336300
53,631600
74,547400
16,146500
213,840700
551,1917100
39,416000
111,707500
11654,34163500
124,819800
77,576500
27,441500
50,388300
92,639300
15,148300
19,215600
497,1787900
30,196000
34,350200
58,252600
24,374400
11613,35213700
48,376900
81,520100
189,908000
51,400700
165,791500
46,295300
112,398300
3120,10525900
26,416500
1558,4807300
576,1906400
285,930000
3846,11540700
15,122700
8099,24647900
45,279400
55,523800
145,649500
5477,15867200
128,540400
69,558900
15,128500
184,696100
177,738800
18,198400
92,529100
25,429800
18,203800
21,271300
216,891100
38,432300
34,275500
173,638300
80,573200
125,740000
301,1093400
20,251300
17,165200
73,332300
1435,4359900
20,256400
33,264300
35,328300
33,266800
239,754500
621,1956700
44,230300
1935,5866600
1443,4756300
166,925800
44,270300
20,245800
62,355200
17,192600
24,454500
22,374300
50,427800
100,398600
25,476300
143,608700
86,325100
62,408400
21,336500
476,1391200
113,468800
45,284100
149,801100
44,293100
87,421000
1119,3721200
50,371700
363,1431100
42,313100
18,250200
420,1368000
14,92200
167,907900
33,252200
53,551900
16,180900
68,566600
123,622900
1449,5072000
392,1411300
61,431600
34,315800
29,161400
481,1748500
32,310600
46,350100
74,407100
130,655000
46,343900
44,299600
86,502600
14,107000
69,588600
64,440000
110,702000
227,855400
35,304700
165,957700
95,643000
21,284500
42,264900
3190,9874900
126,597800
15760,51870200
50,435300
19,219000
44,242100
155,603900
123,693500
15,110300
59,293900
1799,5959900
260,1093300
53,660100
17,209200
16,151500
58,293700
830,2999900
4099,12463700
313,1206400
38,446600
153,839600
1310,4325800
29,168600
67,530900
58,254200
189,790200
936,2939500
923,3057200
96,660400
3745,11511300
14,106600
108,643400
29,248400
976,3262400
53,438500
22,283500
15,113400
92,534600
456,1701400
14,106500
353,1433700
20,359500
195,926100
18,206300
561,1749600
144,556500
18,193000
57,270700
85,355000
232,906200
10087,29909400
41,528500
87,335600
1172,3766700
210,665500
14,86900
148,660000
88,438500
137,761300
136,633900
147,725900
33,297500
76,406900
257,907300
14,95900
31,221000
475,1758700
31,205400
27,420700
38,379400
22,367700
23,334500
14,80400
27,410000
2487,7511100
348,1341100
41,557800
3512,10390000
757,2382500
69,555400
17,192000
96,629000
417,1633100
170,613700
33,318600
67,544900
146,648800
350,1010300
111,694700
150,818800
118,571600
12322,36759600
51,523500
68,569400
161,762800
17,183400
25,391200
149,683800
361,1507700
1009,3120400
2855,8696300
16,149900
1893,5960300
16,159800
7387,22619000
800,2681900
419,1751400
263,1166000
17,170100
3341,10050500
81,533400
239,793600
587,2033000
20,332700
6674,20444500
26,493100
16,142700
41,472000
2403,8067200
18,224600
898,2772800
415,1503400
98,334400
45,262100
54,498700
186,699000
94,607900
576,1738400
17,203200
46,283100
210,642500
3758,11652700
104,502500
25,373500
320,1336900
60,329700
5377,44208400
48,688400
928,2918800
22,317600
126,422300
299,1039200
60,365900
14962,45078400
17,238100
135,674900
1829,5718900
73,369400
50,454200
40,496300
46,262400
26,472700
194,933100
71,276000
1606,5035500
43,213000
98,319400
18,197100
23,373500
78,532700
3426,11215300
43,235300
360,1419200
2424,7380700
3538,11578200
340,1320000
40,468900
236,1286900
67,556700
35,380200
5965,17949200
16,164200
546,1824400
20,280100
73,360100
1728,5120600
194,953600
16356,50036800
38,467100
276,1093200
45,308000
16,169900
242,824200
14,94600
1264,3976600
39,443000
17,190600
4028,13257000
39,455300
43,225400
40,562600
553,1820800
2254,7100900
97,752500
16,161400
31,214200
29,145100
287,1014600
29,169700
1000,3167400
47,312400
19,260600
1193,3469900
58,256300
765,2545000
28,166800
59,350700
15,131700
17,185300
49,552500
362,1584200
6406,19470700
55,542800
377,1438500
25,380600
22,346500
22,325700
75,370900
2033,5897900
16055,48868100
105,635400
1922,5711000
34,291100
820,2568200
447,1981800
43,184900
25,406200
1098,3812000
10348,30577500
20,393000
88,511900
1790,9267700
302,1452100
17,176200
67,543400
91,486500
73,411200
81,647900
36,360900
35,311100
18,199400
50,454400
426,1572100
1737,5372000
6407,19287600
18,224300
95,608900
28,123300
47,286000
140,460600
183,640900
3810,12879000
55,600700
28,129500
4947,14576000
24,386400
37,345700
32,257100
322,978700
14,81100
38,549800
3753,10709200
14,111500
193,973400
80,575800
50,414500
5172,15999000
96,664100
590,1853800
1686,5151900
43,219700
1145,3576700
514,1871200
333,1276600
244,1019500
137,717800
498,1856100
209,1042100
764,2384500
44,234600
49,388800
79,492300
21,263000
2477,7379400
84,288200
491,1578300
43,189200
292,1267900
126,402000
56,205500
75,405500
73,389300
154,498800
359,1326300
27,418000
456,1646000
1432,4378400
297,958800
46,319900
84,295000
1513,4641200
616,1890700
75,500600
676,2326500
67,499500
151,846600
2427,7441000
19439,61372700
65,710300
20,308900
18862,58294000
253,1026800
133,746400
32,228400
15,119300
338,1146100
238,732600
72,314500
414,1427900
13039,39355800
25,450900
17,175200
2552,7682300
1166,3506000
59,404900
72,408400
1322,4382800
15,118700
92,530500
52,466300
67,521000
62,392600
156,639500
2063,7024300
53,626300
14,132400
8045,23452100
30,208100
123,663400
281,885300
19,230100
297,1020300
79,479200
27,471900
80,554500
45,261900
2331,6977100
1890,5918000
61,448400
8910,27840200
94,633600
47,329400
18,188400
59,290100
49,359700
53,521800
19,279100
23,321300
91,469900
21,324000
2415,7244500
1074,3457000
389,1436000
58,280200
44,204200
16,190600
157,599800
132,535800
197,665000
27,453700
123,991300
43,233800
218,834900
35,414800
48,412400
126,464500
852,3080400
78,592600
405,1793800
153,1000500
855,2886500
789,2465000
519,1741900
368,1211800
835,2637000
824,2698600
341,1149300
5748,17519000
17479,53417100
41,594200
34,322500
65,546900
50,384600
26,413500
78,494200
7613,22826100
227,805900
159,616900
26,408200
2356,7431700
1104,3608000
39,408300
312,1027500
22,331100
33,346600
494,1899300
4798,13873300
104,528200
27,454500
33,292300
130,571200
348,1316200
64,433900
142,613700
39,456200
23,322300
16,136100
15,123100
21,349400
623,2020000
16,145400
709,2301600
2689,8102100
40,650600
36,350300
2065,6167600
146,666300
865,2842800
1241,4466900
20,251900
18,194100
28,113800
485,1720300
18,220500
41,524800
555,1823600
98,309500
17,171600
5186,16441800
37,405400
570,1908900
490,1483200
126,444300
385,1395200
134,705600
2947,8719700
662,2050000
22,334800
46,272000
49,361000
60,322200
7233,22132700
201,834800
65,492800
38,380400
81,582000
771,2874600
492,1657700
8007,24855500
206,967600
369,1240100
2658,8003700
1349,4919300
177,965900
173,964100
200,1050700
53,555800
44,252500
2342,7494100
74,435300
33,271900
111,782200
58,339100
47,328100
15,121500
29,167900
5679,17748000
17,211000
539,1773500
1362,3994900
27,411000
43,192000
517,1927600
14610,44441800
289,1157200
42,170100
15905,48037400
2997,9287900
16,151500
258,929900
21,303600
1998,5892700
621,2228500
64,456600
130,684400
960,3477700
418,1984000
993,3804400
62,444400
63,493200
920,3562200
33,306300
40,456200
1186,3872800
33,311500
54,477500
30,178700
17,164000
2906,8333100
61,345900
15,124900
632,1931900
138,913800
15,157900
107,722000
30,253000
35,335200
105,526200
61,324000
181,881300
76,399100
2018,5903800
27,533800
1208,4063900
474,1755700
513,1863400
218,986600
887,2833400
22,296900
47,341100
16,147400
80,552300
294,887900
1495,36824800
6145,19734600
28,170000
738,2642200
76,426200
36,342600
2403,7072800
205,997100
14,109700
33,277700
31,216300
16,135600
34,314000
2598,7539800
308,948000
1342,5051200
174,804400
21,278100
272,991300
106,521400
1296,3923100
130,589200
212,706900
35,360500
211,684100
203,786900
414,1417700
29,172900
17,159700
18,217200
716,2263600
3529,10451300
101,558200
301,1167100
588,1872700
52,440900
3213,9970800
668,2304800
80,542300
295,1105800
63,393600
2227,7014200
979,3114600
26,1099800
23,319200
33,254700
131,581600
204,824500
3013,9182100
107,640300
101,468200
1382,4437700
90,477200
92,523700
465,1438100
32,221400
32,278500
20,240100
302,1184900
1717,6062600
124,937500
13337,39434000
5460,17460200
290,1417200
17,207400
212,1247300
253,821900
96,612500
189,966400
171,690900
37,398100
17,250100
16,258900
215,1318600
33,457700
90,772300
22,497800
1002,4715500
16,189600
63,421400
26,415700
560,1887700
549,2237000
19,252700
83,624000
14,97100
2317,7828100
41,554100
22,435700
19,491600
79,714800
263,1680500
344,1499000
54,510200
1460,4851700
1745,5588300
68,642400
118,628000
14117,43313700
4677,13878500
18,214400
1945,6044600
1593,4945000
105,492100
704,2120300
146,614000
17,168800
2136,6732300
101,485100
424,1399600
170,724500
438,1540000
17,162500
42,176400
27,568300
2877,8404200
406,1454500
4344,13254500
795,3714000
431,1910100
39,538300
26,463700
1425,5004400
1617,5033600
363,1534400
32,230200
75,408400
155,508400
131,526100
15,130300
47,309500
136,647900
65,463200
192,812000
131,583200
39,457600
361,1408500
217,874600
513,1753300
766,2605100
6160,18502700
29,183100
40,493100
59,324300
737,2392700
44,255000
24,366100
64,418000
30,201600
138,893600
472,1854100
34,322200
1031,3381800
338,1071200
122,602400
16,155200
32,250500
17,162000
38,432500
8337,24099800
89,474200
137,757400
270,1062300
103,476500
1247,3858200
4048,12706500
67,575700
1016,3120500
1407,4683000
62,371600
35,379200
20,283600
33,316600
235,1037800
38,443700
1700,5056700
21,288600
40,481500
269,1148800
1326,5210200
372,1644600
31,210800
14,81400
388,1537900
666,2250500
145,605800
21,434600
14,125900
27,449200
713,2650200
146,908600
36,433800
16,209200
5669,19304000
17,251300
141,610900
1978,6759600
3108,9691100
113,479800
68,542600
38,426300
36,341000
72,332200
334,1513800
18,210500
647,2107000
4679,13489300
18,204900
725,2398000
16,143100
75,401900
131,536600
42,174700
103,485300
14,81700
23,391300
14,91900
420,1250600
4296,13729100
6862,20660400
85,398900
741,2745600
66,492500
88,421400
151,757000
180,845300
42,167300
103,514100
214,751200
50,446800
34,423200
1388,4300000
186,712000
552,1763800
2533,7681500
112,365500
679,2430900
37,473200
111,739400
24,457300
249,1062700
35,383200
88,440000
35,322500
3024,8589300
28,168600
88,405400
38,380100
15,143300
1307,4531200
55,517600
54,550100
15,117600
37,379400
61,349100
37,376500
1445,4572900
505,1469000
595,1897700
97,634300
107,563500
119,565200
50,372200
346,1394800
107,682200
138,818800
704,2397900
114,447600
232,892600
39,430100
171,696200
20,277500
126,375400
173,648700
28,133800
19,253600
708,2237700
366,1378500
996,3564600
518,1829300
159,753800
18,265200
147,603400
65,562000
5306,16082900
499,1754000
907,3031300
1584,4766600
35,324800
214,747400
57,257400
16,183400
139,814300
23,333600
215,797600
5915,18926800
2045,6336500
1359,4125100
122,682300
14,82200
14745,44140300
1779,7222700
23,483400
192,1127100
62,407300
3448,10847500
94,580900
59,506200
1977,6243400
3518,11098700
68,582500
427,1621300
198,724300
17,162300
72,323800
1148,3740000
376,1639600
196,598700
448,1278300
32,233000
1777,5960400
89,489700
426,1777000
1073,3693800
3546,11234300
8224,25179600
91,564400
342,1208900
1570,4456500
75,424300
43,197400
10157,30952600
237,1149100
47,292700
618,1857400
473,1743600
51,478700
29,194400
29,188400
1634,5105500
16,178100
30,201500
88,452400
17,204100
77,421000
118,554700
10279,31064200
40,473400
4005,12510600
17,193600
404,1535900
20,270400
203,848800
45,247100
53,448600
19,284400
90,493100
15,110700
23,341100
47,283800
371,1324800
14,95200
12595,37936100
1049,3418200
78,491400
14,80900
19,238700
265,1084700
1381,4216600
28,131700
24,368800
16,145900
59,307800
70,228300
24,334200
30,167800
346,1607200
29,194700
150,937100
25,438500
65,474600
33,341400
19,223100
136,668200
39,456200
111,730100
72,295600
178,832500
14,86700
57,226500
23,357500
16,194500
63,400800
1768,5213200
14,88200
68,535000
268,909000
401,1528600
60,338100
15,144700
5527,16734300
191,818700
1047,3454000
1179,3865100
35,435200
258,981200
1641,5096800
46,323200
15,130400
727,2506500
2876,9772800
16978,50549300
88,544500
24,354700
5314,16175200
97,849500
14,133500
49,452300
421,1587500
45,311400
119,699600
17,302900
2117,6653300
1363,4178300
42,160300
1008,3023900
33,262500
118,575600
29,172700
38,484800
33,272600
142,497000
34,342000
25,416700
16,166200
26,393100
338,1059200
7930,23531500
98,378200
329,1158700
35,452200
379,1515200
552,1770800
1627,5223700
52,544900
649,2144100
44,225300
74,459000
79,601700
32,241900
65,469800
68,534000
30,198500
408,1256300
1929,5965900
26,440500
609,1960900
79,586400
107,724800
31,205600
2144,6647400
163,777800
382,1564300
62,459100
22,424900
6386,20212200
15,214100
5226,17108600
68,596000
104,535800
305,1177400
219,951400
192,805800
3766,11266300
30,223400
365,1160800
59,322000
380,1159200
22,349800
106,596800
708,2562100
205,1006500
250,1144800
23,399100
576,1749900
180,896600
46,309800
259,1145400
94,579100
8673,27258300
37,406200
145,567200
24,456900
141,566800
1503,28959000
674,2151700
85,401500
74,409700
59,308900
25,399000
2455,7007500
74,391400
27,438500
53,502800
522,1649700
37,349300
59,286600
475,1864300
32,282900
59,329300
85,336300
442,1650200
151,756700
809,2608000
149,716600
18,207400
6597,19113500
391,1601700
1350,4046100
19,274000
122,638200
68,711600
37,434000
21,300400
30,193200
133,603100
26,399600
86,347300
15,142500
17,185600
89,426000
323,1034800
20,270300
6066,18982100
26,439400
156,583600
3628,11206800
127,548600
29,161800
89,449300
1284,4546000
3258,10509100
31,304000
2743,8503900
38,388500
114,436400
1242,4409900
3492,11158800
1766,5743300
39,498200
33,262800
21,265300
107,641000
99,359400
142,495500
342,1504200
1043,3400800
21,314000
27,438300
18,210100
79,542900
186,754500
614,2569200
329,1300900
158,568000
28,144600
1493,4860500
499,1675600
155,584300
80,725600
2320,7245900
18,235500
56,250300
6587,20169800
51,435700
2442,7422200
148,942000
349,1390300
261,1048700
240,777600
12066,37516000
2521,7611100
24,525300
37,467900
659,2144100
526,1859400
21,274100
74,489400
352,1128400
27,566000
87,468600
8757,28350100
270,941200
17,246400
1145,3761200
42,186500
73,338700
29,274500
72,414800
14,106000
175,767200
36,476300
3481,10872200
3540,11174700
47,354100
22,307500
20,261200
81,597400
672,2208700
34,435600
1367,4544400
48,370300
210,765400
151,755400
42,223600
58,249900
55,540700
47,299300
126,410300
74,439100
2127,6543400
26,413500
540,1789000
1469,4695200
9472,27986400
129,562000
32,226900
2939,9608500
434,1741700
170,703900
3006,9843300
56,213400
214,851100
29,237500
121,743300
52,547200
30,211100
38,474300
36,349400
83,588400
132,737700
233,1036600
18,193200
2081,6498000
142,639400
46,302900
44,252600
22,375900
72,382300
62,377500
22,315300
1518,4739000
34,310400
20,249500
27,456300
733,2267500
18,186300
1182,3615100
1309,4118100
25,437200
14,81800
21,282100
226,738100
3168,9418200
54,512100
113,413100
393,1256200
110,669400
2968,8646700
18,250600
19,273800
25,383900
31,256300
202,873700
24,459400
15,119000
31,238600
196,626100
37,451600
78,509900
61,365000
31,196700
617,1959500
76,466500
102,446100
120,571900
75,427300
104,544500
47,315300
189,742300
239,798300
70,263700
78,476200
168,506700
75,388400
312,1087600
55,532200
15806,47545200
30,221500
123,683200
88,385200
80,557200
3849,11597100
56,208000
59,306400
53,518200
342,1158200
121,613700
264,1148800
20,245900
115,439400
300,1417500
22,354200
2292,7163400
22,352200
20,242700
232,970500
6535,19815700
457,1914100
60,383300
48,479500
50,374000
322,993900
21,274700
80,503200
199,740800
776,2473900
140,466800
246,1037900
879,3127100
21,280800
13111,41020700
5512,16604900
159,654400
273,1010600
83,650800
115,442100
1114,3401700
16,153200
558,1953700
185,650100
7026,21552000
20,305500
41,465000
23,355400
75,394200
26,423900
16607,51258700
37,423300
42,254600
834,2837300
801,2504300
162,707200
315,1206000
111,672000
34,310300
18811,58088600
95,788100
4417,15772600
16,198100
75,477900
17,269200
9465,31265900
23,510200
18,204700
506,1819900
8878,26330800
342,1405300
914,2891800
90,541900
151,798100
468,1633900
87,367200
270,948700
63,406100
59,409700
22,390400
20,263500
15,122300
2947,9428900
53,613400
17,184700
57,243100
16,142600
3125,9845500
28,171400
1794,5488400
72,336500
106,510300
69,545900
113,410400
302,1032100
34,326600
8115,25319200
19,263900
16,153200
356,1283500
211,720600
14,99500
66,504900
31,202600
1335,3985700
1287,4317600
113,417600
1478,4523200
6867,20175100
3973,11958100
42,174900
31,240100
16,146600
120,649300
54,592400
546,1663400
111,708500
30,223600
48,333100
158,643400
60,404200
107,686600
377,1628700
3713,11499600
19,350100
385,1386100
17,180700
73,376200
1024,3255300
3153,9173400
93,532600
99,354100
29,155000
91,446000
19,236500
627,2634700
275,1203200
8156,24896000
74,423800
104,543900
55,511000
2463,8635500
586,2422800
44,231400
44,331400
51,505200
15,174400
33,344000
68,550900
232,930800
49,376100
27,436600
21,306200
371,1524800
20,302600
1822,6068300
148,858300
155,661400
20,338600
455,2016700
45,277300
76,408500
209,963300
32,250700
36,382100
19,256900
67,625700
60,312100
40,440300
119,757400
207,965300
15,316300
9852,31846800
843,3197900
37,384900
25,383600
882,2790800
2183,7536100
21,347300
19,246800
69,603300
75,400800
675,2172500
14,99500
14,97000
96,719800
78,525100
92,513900
15,108900
31,218500
17,199200
37,411200
29,172200
1178,3645500
38,397500
15,122800
143,547000
66,814700
82,717800
3785,12479900
20,259700
44,330200
257,997900
601,2165700
6911,22941200
2861,10134800
4125,12281800
369,1261900
39,421800
144,542200
46,453200
29,187500
49,343000
30,222600
39,471000
25,493400
8826,26549800
2235,7731700
109,882700
100,543500
593,1922600
554,2023100
393,1186600
15,154400
67,499000
81,531200
72,311200
200,730100
26,400900
112,423600
36,353600
1681,5149800
72,318800
216,777100
19,241200
19,214900
90,446300
353,1107600
673,2052300
17,193600
45,262000
123,729900
30,215600
117,504500
1073,3324400
234,1053600
48,329500
45,271900
14,142000
923,3146800
771,2490700
16,194200
14,88900
25,373300
134,614600
14,104300
15,118300
211,700500
156,533800
19,282400
156,555300
171,668400
2800,8509000
34,310900
28,121100
2235,6621200
367,1464800
6175,19261600
35,362300
161,825700
18,241200
62,404600
15,138800
263,1164100
112,389700
84,329700
40,444600
117,601500
3760,12232100
42,264100
28,146100
23,328400
7115,42386900
22,341400
477,1737500
121,666700
525,1883200
185,667100
70,283200
815,2522800
1732,5671300
395,1585100
675,2345900
1399,4438700
1588,5057400
46,303400
778,2550000
2838,9416500
927,3332200
16,231400
472,1824600
2430,7990000
14141,41945100
117,615900
1532,4780200
136,691500
30,174300
428,1468900
72,315000
18,203600
90,465600
535,1562200
128,447600
917,3393400
333,1607900
2169,6782000
17,186600
21,287100
67,562000
934,3058500
269,955600
4225,12829200
14,101400
657,2231200
142,608300
297,1195100
69,563800
14,85000
14,82700
139,804200
25,433000
606,2239400
63,423200
128,460800
29,171700
250,1035800
21,294600
781,2548300
184,723000
734,2355700
30,175500
32,228400
833,2884800
601,2248200
106,585800
2420,7709700
197,642600
20,410700
57,305000
19,256000
141,501400
107,754500
65,468000
29,155600
814,2814600
36,386900
27,535300
228,890500
46,351000
58,265200
17,175200
21,273100
27,543900
543,2141400
24,351200
250,1095100
39,603900
38,442300
82,640200
18,297600
126,423600
165,893400
29,180600
539,2070900
63,416100
4023,12437200
124,800400
117,614400
30,190200
49,362100
1408,4973200
25,450400
30,180400
403,1647000
92,520300
30,190700
1486,5099200
280,1096500
31,261200
42,236500
1013,3458400
941,2931900
416,1510100
15,131700
871,2680900
27,476200
5182,16312900
139,823600
31,209600
69,585300
30,192800
484,1723300
33,296200
20,256200
53,565800
135,738600
14,88000
8007,25888600
1698,5847700
206,977800
26,482900
670,2226000
2618,8358500
246,1058100
18,250500
17,198800
1624,4743300
63,437400
16,149600
18,191600
2605,7483500
52,444900
1252,3918800
23,338300
32,250100
34,295800
708,2223800
26,390000
8651,26599500
114,537000
14,109600
19,296800
422,1592300
36,431400
31,225700
31,203400
160,663000
377,1539200
34,446300
24,404900
25,404700
101,410200
2653,8178500
973,2969100
88,413500
15,117200
2542,8042600
15,178200
20,282900
160,659500
44,205500
80,589100
419,1544000
19,272800
20,257200
38,418300
14,83700
18,184500
28,122800
1530,5929400
319,1475900
19,263600
54,517700
18,210900
218,916000
29,149800
38,391600
206,988600
11554,35674200
126,566600
70,268800
342,1208600
23,352100
22,302200
53,513400
266,788400
14,86000
153,751800
202,816700
21,267300
4315,12913200
2706,8185100
50,467100
30,215300
14,106100
23,453500
2887,8746300
124,727600
66,488700
1549,4642500
217,814900
184,597300
90,627300
25,485100
46,335700
21,360800
910,2870200
144,560000
135,758700
120,732700
503,2026900
5289,16025600
241,831600
40,461000
30,185500
23,345200
389,1938200
46,368600
121,727900
59,317100
41,534300
1276,4242800
195,1319800
763,2749700
25,418400
17,228000
84,373400
180,1003300
200,909200
24,435100
120,825700
50,536000
21,293000
14,94000
6681,21565300
36,502500
74,420300
1122,3391800
1220,4317700
262,1115100
67,639700
1164,3424700
48,368000
39,465000
123,652800
155,612300
17,193800
88,420100
87,395700
144,688100
22,317500
158,644800
2496,7868900
26,435900
18,268700
31,213100
84,303000
151,710500
15,108000
2732,8265400
2805,8889300
158,668800
280,975600
1438,4309100
14,84700
139,836800
327,1095500
36,580800
2245,6996900
51,422200
22,325700
1048,3226200
26,433300
24,346000
369,1196700
3373,10572100
338,1098700
2604,7924500
6253,19041200
79,670400
20,301100
465,1742700
36,444000
3415,11678300
200,758300
537,1689100
106,621700
138,968000
84,267800
47,363400
57,297200
432,1612000
175,720700
34,305300
141,479200
39,507900
853,3474900
52,648800
5624,17426600
25,434700
3780,11331000
72,397300
395,1284200
675,2252200
116,560400
3792,12551600
14644,43614800
636,2629200
235,963800
354,1263800
55,534700
15,147300
322,982600
11464,35205500
651,2365200
547,1751200
2391,7533400
576,1790300
318,1188200
487,1840100
19,218900
188,725600
71,269900
72,338700
298,1044400
909,3761300
660,1971600
261,1677900
62,352300
14,80500
29,153400
35,359500
342,1198100
90,511300
89,437900
792,2411400
15,152000
1474,4389200
20,282300
111,711500
120,763000
338,1121900
23,424200
3046,8926400
23,324200
15,132500
30,227300
90,470100
16694,53609000
88,479400
759,2290000
8358,25995000
591,1999700
1761,5519400
20,256400
15,124100
1503,4901800
8047,23768700
32,241400
408,1293600
17,190600
1367,4839100
27,563200
35,380000
16,162900
50,453400
60,437600
351,1463200
499,2098400
9292,29015600
228,934800
556,2286400
17,173200
264,1121400
65,459600
311,1116700
22,316300
323,950800
63,443000
76,370800
61,344200
68,737400
173,777600
21,353800
16,151800
16,153900
264,1098100
40,614200
22,316600
221,1010900
1496,4878800
43,191900
188,977900
156,739200
136,681800
782,2668600
17,211300
756,2576800
32,238600
67,599700
307,1287100
7637,23216600
6366,20063200
158,703900
10536,31714000
3511,11041400
26,419300
107,687100
30,361500
17,195900
22,319700
110,651700
34,325300
18,230500
684,2390000
20,362900
402,1462500
22,326000
384,1314100
58,290000
16,184000
179,874000
109,637300
61,345200
42,170600
21,316600
32,247100
320,1255500
47,306000
42,176200
588,1760500
25,360900
771,2412400
601,2039800
7633,22157400
54,530300
76,424300
35,321800
1186,3784000
15,177800
43,192800
878,2845600
58,271000
16,134500
22,396900
23,379500
10363,30783600
15,136000
96,621800
26,418600
70,264300
830,2688700
376,1588500
584,2025100
49,354100
25,410800
60,365100
55,490800
235,994300
11314,35749200
19327,58821500
3935,25521700
169,694000
957,3194100
92,528000
29,147500
23,330500
183,633500
21,276800
2792,8022100
129,551200
127,462600
31,209400
165,763800
78,449800
60,310800
57,232800
21,319800
98,349200
788,2417900
15,112700
46,273500
1144,3597300
34,343800
96,660300
6568,18430500
10355,30898700
18,221300
31,263900
46,311800
23,496700
125,766000
217,846800
187,752200
393,1244800
10217,31855900
76,576000
1513,4442000
10377,30667200
675,2546200
52,553800
559,2114100
1094,3925900
21,293200
45,277400
35,327500
405,2025100
475,1984500
1396,4375400
663,2180000
30,211600
33,278800
26,477500
60,337600
43,193800
37,411800
637,2039900
108,610400
17,173000
21,419500
2691,8315000
16,148400
309,1002600
338,1043000
24,364900
100,443100
144,634100
28,130700
536,1821600
197,850000
40,539300
33,425300
47,342700
1727,5250000
25,396700
18,201100
27,463800
152,744800
32,245500
311,1174200
12940,39976900
324,1156500
28,143500
20,256400
95,631000
41,568700
178,778700
250,1129200
146,689900
1600,4999300
43,187500
159,627500
321,1320000
84,287700
62,444700
97,888300
127,495300
57,277000
35,403400
965,3211200
30,222000
418,1533800
948,3333600
14,84700
8592,25830800
186,889200
1990,6101700
15,206800
58,318400
52,572700
37,375900
25,455700
168,587000
3332,10067800
120,708400
110,727000
34,317500
884,2697600
51,436400
1320,4146900
231,1044100
54,529400
25,382000
16,138300
167,873800
39,433500
88,401700
6542,19600200
33,316800
23,318400
307,1276800
160,635400
762,2303800
75,713500
1996,6243100
93,584100
37,398400
678,2099200
342,1612800
22,355000
1620,5136800
1369,4154400
353,1135400
16,154200
20,267700
67,510600
432,1530700
14,88600
1195,3798800
4935,14669700
112,419200
46,297300
217,846500
111,733200
47,290400
111,647500
381,1460500
74,355700
96,648000
32,287200
89,424300
25,381100
25,410000
4977,14882700
1812,5528800
2255,7171300
109,727900
49,448300
33,325000
25,438300
8035,24902400
15,196700
12278,37231000
80,523000
76,399100
86,571600
26,405400
34,330000
540,2000700
3077,9496300
83,590600
60,317300
1393,4279900
3725,11461100
21,322800
29,190000
208,978000
66,518600
45,274300
35,350900
346,1375700
29,143500
18,190200
124,696700
7573,24223500
37,413500
9517,29303300
96,720900
38,462800
17,167100
567,1928000
552,1835000
194,897600
46,264000
183,711300
65,477600
2148,6631300
51,492600
17320,52538100
251,1261200
106,520800
16,223700
5661,17808300
21,283200
33,254200
39,398100
364,1204700
135,780000
31,297700
15,112100
39,403900
205,901900
15,176900
77,437500
497,1694600
791,2511100
19,341100
42,182200
16,168000
19,245300
19,216300
1607,5065000
102,528900
3113,9904000
61,449400
712,2640400
986,3245500
45,259300
3916,12782700
143,674100
110,794100
207,1077900
44,246400
38,402200
3215,10082000
57,266200
1550,4956200
135,741800
32,251900
912,2823500
929,2936700
5813,18133000
2854,9207200
19,229000
31,212800
78,525000
82,640900
22,302900
3067,9361800
258,1092700
22,376300
13511,44047300
154,562100
59,347200
60,524400
70,343900
20,412400
101,459600
20,282200
405,1636300
18,209300
463,1381400
224,778500
59,346900
184,656100
1274,3962700
502,2031500
17,184400
227,784900
1754,5321400
38,399300
36,392700
176,850700
23,331400
1549,4820600
151,831000
66,452500
23,357500
670,2346800
25,426600
199,755100
17,220200
434,1594100
63,521400
23,397700
161,802100
144,734800
102,525000
17,345700
53,561600
112,462400
25,478600
2544,8033600
2251,6959400
35,308700
190,798900
101,551000
430,1477200
329,1298800
84,290200
1332,4175400
1433,4248800
17,161800
4605,14215100
94,848200
44,281100
3213,10060600
1638,5296200
23,412100
235,928600
27,444800
151,712400
81,547100
27,432400
112,383800
16,139500
309,914700
11402,36516200
39,533300
33,325600
31,202600
685,2519600
41,488000
22,315700
59,314600
23,345000
15,156500
2850,8598200
110,615300
524,2324700
193,1038500
8892,27887600
119,670700
283,1029400
221,998700
37,394600
14,82100
199,634200
209,1028600
30,196500
338,1144500
489,2023600
3064,9943800
25,391600
525,1726200
101,446100
329,1141300
22,360200
57,242100
27,445500
270,895000
1475,4265500
644,1821400
348,1338400
227,968000
1371,4367600
667,2177900
592,1959300
44,277500
2195,7893500
322,1054500
256,1080900
56,245800
451,1720500
53,692800
2839,8874400
733,2332400
209,937300
1536,5608100
433,1974600
86,420200
102,523600
14,108800
219,1103500
2073,6657300
328,1694200
55,544900
86,437000
1950,6784400
114,632600
2458,7972600
20,308800
20,306900
588,1989600
31,253700
779,3072900
59,328800
24,607100
103,571400
223,1332800
17,194600
23,363200
286,1231700
23,323400
68,675700
45,345800
27,484100
3563,13104100
4319,15008500
11911,37212300
14,120000
89,452000
178,907100
9619,28778100
7981,24910400
87,387400
156,508900
78,480200
215,925900
763,2443700
26,402100
619,1899800
600,2112800
34,285000
177,801900
59,296800
24,356500
188,765700
48,358700
16,184700
14,100300
58,285400
684,2332600
47,321500
29,142700
65,496500
53,521400
96,633100
39,461000
1496,4950200
392,1319900
5498,16561300
31,302000
76,474100
36,338400
216,812800
483,2173000
95,683200
36,343300
99,373500
28,140500
16,228600
21,308300
381,1355400
267,863800
65,475800
15,114800
123,645000
59,265200
39,459600
18,190300
252,752000
482,1558400
55,530700
31,215000
203,806200
189,801100
14,102000
47,398800
108,608500
1546,5284200
871,2539000
81,511500
247,928500
255,868100
2924,9195500
36,401400
121,713100
15,119200
146,690300
429,1671900
1995,6039600
34,293500
61,413100
31,245500
36,333700
507,27811400
85,402000
67,535700
4128,12521500
51,423700
22,346200
694,2528100
1133,3881400
143,648800
35,318200
17,233400
4946,15063300
139,747500
38,407600
97,798600
19,239800
17,172600
3748,11770100
97,882400
96,740700
1390,4776200
17,194100
1936,6361200
30,199800
14,90800
2311,7218300
127,481900
49,363500
30,172100
162,731700
700,2015200
30,182100
26,409200
36,328200
184,616700
111,664000
20,238300
59,309600
318,1174100
29,161900
23,321600
160,624600
468,1552700
29,153900
6825,20341700
73,394900
38,391700
43,199400
46,284700
15,108800
48,410200
155,563900
19,222100
831,2863600
51,411700
188,719900
3693,12501700
26,421700
46,278100
224,762700
291,1146700
118,563900
15,133100
1614,5071000
23,434400
18,215200
530,2002700
463,1522000
24,357900
251,1039900
187,790300
19,224800
269,991200
54,601000
78,435500
274,1092000
26,400500
20,234700
44,279000
34,293200
2437,7672000
305,1223300
411,1342800
21,369400
73,434300
136,662300
342,1359600
60,319600
15763,50310200
6445,19320800
26,419400
4156,13124100
118,571300
27,462700
1448,4811500
569,2190200
97,705700
31,263700
39,510800
161,735800
18,186500
33,264600
42,188500
38,459400
14,98600
18,208800
33,264700
10181,30353400
7283,21978700
1547,4823200
1975,5917900
30,204900
209,928200
4263,12451900
5040,16193000
198,693500
351,1378000
28,177900
206,1065800
17,217400
14,118300
82,604200
24,349400
8667,27171700
6198,19694700
30,220400
1617,4745800
27,418400
344,1326800
58,253200
218,902700
68,540200
62,373300
89,444100
270,937800
3950,11851400
105,590700
15,112400
68,523400
168,548400
44,294000
5665,17195800
55,658000
1737,5413600
28,137500
1884,5910200
292,1274100
33,264600
25,429000
706,2329800
92,519500
20,280100
209,1228700
109,769400
41,540800
875,3010400
27,459800
474,1860200
96,675600
101,512900
2457,7862600
19,233100
255,813800
1049,3732200
576,1911300
28,158000
22,441400
1314,4121200
399,1531200
66,479600
16,150600
3766,11456500
162,768600
21,384800
8802,27815900
38,476800
19,301400
277,1254800
19,302100
16,141100
155,540200
18,256800
71,393400
147,849600
33,460000
117,570800
137,732800
56,236800
489,1807100
914,2766700
24,509500
33,263100
817,2497200
1632,5076500
4924,15308600
177,806000
146,688300
8478,26705700
1115,3859500
61,425900
18,274400
79,552400
7733,22732800
22,313200
1711,5105200
15,113200
1539,5709800
103,537100
18,199100
16,144400
33,322500
36,370400
86,314800
244,832700
17,233800
15,128700
56,225900
78,479700
73,325600
32,232500
177,795300
8437,25165600
131,570300
132,575600
29,178200
37,371300
1044,3076200
22,295600
23,408000
919,3467800
37,374800
45,249500
51,422500
64,557300
1621,5238300
23,400700
4056,12600000
15,160500
441,1504500
307,1281700
94,552600
22,318500
492,1567300
91,533800
46,277000
10397,32222400
55,602000
646,2039400
197,703600
341,1140400
30,186600
57,282900
299,1393700
147,754300
34,403300
355,1281000
1444,4575000
22,315500
32,238500
51,437700
36,364200
41,467000
1704,5439400
22,343700
393,1387500
69,562200
2365,7600800
169,713900
23,363500
443,1614000
168,582200
294,837100
56,254900
769,3267400
118,775600
48,423700
17,229600
149,758400
24,350900
493,1666500
26,438000
65,536000
287,1231900
29,169900
52,435700
958,3286500
70,242700
22,405100
49,413800
871,2998700
44,224400
567,1971800
655,2595200
275,1295700
58,286100
18,248100
19,259200
88,401800
25,387200
1890,5769900
14,88000
1656,5774800
14,107900
18,239400
336,1277100
533,1730400
142,598200
444,1945100
172,877100
14291,46835700
966,3491000
161,933500
1206,3827400
26,455300
20,370700
15,152000
63,478200
22,336500
185,799800
164,789700
22,350500
31,236500
652,2447100
37,498300
26,515000
15,150500
43,244800
35,526900
26,465500
54,478800
18030,58413700
41,703300
37,437300
46,331000
14,105800
73,305900
12229,36884500
67,753000
1779,5309200
37,378300
28,128000
15,109500
211,669500
28,129000
194,940200
2131,6638300
3273,10195900
1365,4388500
34,292300
134,753700
6450,19328400
240,876000
432,1938800
290,1375000
8406,26429200
95,630700
112,349700
38,368100
27,576300
11984,36198200
860,2844900
97,680700
24,355800
66,458900
147,690800
28,137200
44,217300
86,311300
1695,5627200
150,811800
14,112200
31,258900
622,1955100
669,2427700
45,266700
767,2517100
159,708600
317,1140300
14,111600
1685,5131600
23,331800
215,991000
486,1724000
75,374800
19,215800
1708,5102100
1724,5490800
402,1426000
1653,4725000
165,746400
1938,6239000
425,1378600
113,433500
41,494000
173,660900
977,3050300
717,2258200
53,454000
105,617600
14,84700
260,1314600
752,2460300
14,86500
25,506700
301,1135400
100,395900
37,394900
1366,4293900
24,386500
48,382000
39,417200
56,240500
100,397700
75,407900
41,484200
236,1010900
491,2044800
162,774200
17,191500
969,2985200
668,2378400
2269,6985200
547,1621700
929,2756900
35,327100
189,753100
21,294700
26,434600
100,384700
49,371800
39,406900
79,509200
588,1673200
278,1180300
34,440600
247,1124100
39,500300
306,1409900
436,1342200
36,373600
5378,15956800
31,262100
90,627700
1478,4685800
29,218100
184,662700
53,442400
3363,10662200
657,2497400
229,853400
382,1540200
3442,11559900
901,2981400
129,661800
110,697400
77,443900
383,1269700
24,387400
95,806800
15,185800
365,1239300
69,663100
1046,3635400
159,662100
291,1175800
33,294300
402,1657900
329,1233400
45,311500
114,509400
110,821500
479,1859200
30,227700
529,2375900
399,1571200
665,2199400
14878,45651200
42,194400
59,344700
18,24932400
780,2823800
152,795900
64,475500
15,141200
16,193500
1671,5546800
754,2820200
234,1032300
101,416600
61,337400
142,504900
58,304900
73,325200
56,207200
478,1658200
1098,3345300
184,840100
104,545100
8201,25269700
2662,8283300
945,2988100
24,368300
41,491800
32,226700
44,220000
168,553100
236,977400
32,245000
54,580400
29,256800
112,434900
695,2790600
5143,15748900
32,238200
2570,7823600
31,232200
3689,10902100
13227,40148100
159,707600
168,527700
40,465900
29,198000
255,1036600
343,1592300
16,173100
46,283400
24,538800
22,333900
667,2375700
254,1036800
732,2359300
67,638500
145,573100
22,302400
14,118900
32,246600
16,156600
1174,3821700
262,1172900
36,377700
134,642900
193,957200
23,351600
84,272600
14,86400
16,171700
137,831600
29,159600
171,632700
1072,3385300
37,413200
77,411500
23,351400
47,317600
67,531400
19,216800
17,165700
20,256700
27,487300
36,354500
9462,28774700
10274,30483200
53,522200
226,927700
17,211400
55,582300
20,257200
136,846200
38,453900
57,232100
20,242100
3151,10348400
8751,27281000
253,974600
238,706900
16,149700
37,372700
2761,8703800
2480,8812500
107,751000
314,1193200
29,154600
31,283300
24,412400
8627,26334000
47,356000
24,415200
152,813900
1263,3765700
52,487500
75,390600
124,655500
181,887600
31,310300
29,159300
22,304400
818,2629500
210,664500
51,409400
42,170500
46,314100
156,523000
57,235700
16,137600
6837,19688300
2309,7233600
60,324700
171,622600
143,599200
3309,9885700
20,293400
157,590400
58,349100
24,362300
20,254900
32,233000
775,2441500
4519,13642700
19,232700
16,177800
173,653500
90,470200
656,2323700
29,182700
602,2137700
39,646100
4431,14918400
36,437100
14,93500
183,661200
72,406300
61,350000
570,2070000
24,398000
34,355600
15,133600
629,2910200
173,1024400
946,4021500
20,332000
82,575600
22,309200
59,296000
228,1001000
114,428000
14,83700
4528,15941500
1688,6231300
81,767100
128,542600
53,466900
34,281600
31,259400
26,429000
727,2672900
30,206600
92,493400
21,326900
642,2447800
249,1252000
50,391600
99,365800
31,205500
137,827600
80,538900
246,1065100
598,2267900
1813,5835300
2495,8668400
994,3306900
20,260300
23,323500
163,933700
28,143500
22,301700
16709,54985600
584,2527400
62,395800
14,81800
20,291600
31,210800
1984,6498600
1582,4613900
16,156700
145,560300
114,500400
17,251200
49,486500
34,403300
61,380700
17,227700
57,240400
70,265000
124,735900
39,577400
19,232500
451,1387100
97,841800
17,274300
137,746700
64,504800
37,393600
196,600500
1080,4102800
63,509600
28,156200
79,641900
1046,3566300
24,369500
189,1039400
69,683100
2433,7530500
106,678900
1881,5969600
29,182300
52,532600
3879,11404400
722,2242200
556,1852300
56,254900
51,423800
21,263000
14,93100
22,352100
29,209000
80,764000
57,234300
14,85300
11995,38105300
165,1106300
115,526200
19,269400
221,1003300
67,550600
36,367700
132,641000
17,217800
209,973500
3490,10313700
4750,14946600
104,481200
22,401600
147,675900
111,681700
55,572000
94,554800
4921,16019200
4914,15293100
194,888400
470,1562300
1122,3327200
251,1155000
336,1053300
49,430000
71,299300
32,245400
664,2270400
635,2242700
48,400900
81,941100
61,494800
32,391900
15,137400
142,566700
75,401200
21,391800
10106,34895200
835,3107900
15,133800
91,669600
43,249000
263,1392400
27,546100
30,243800
145,1066800
87,477100
55,905600
22,473600
2151,7939200
4811,16689700
46,309100
55,527500
98,448600
128,486700
54,557200
110,791200
145,918000
21,306200
1394,4693700
352,1224300
6365,20255100
26,637600
41,502400
25,394700
59,404400
174,932200
1758,6004600
1567,5963200
429,1565300
36,493900
177,809500
58,301700
45,238800
349,1452600
769,2953400
58,288200
1082,3680900
1752,5322100
27,528500
104,526300
204,960700
22,312200
571,2317700
30,224300
18,217500
5535,17169000
57,316900
638,2536100
305,1448900
144,692400
667,2764900
16,211600
102,484400
64,493000
46,281400
15,114400
1139,3705500
2336,7311900
46,286700
3431,10205700
442,1794400
275,1207900
91,482500
183,620300
96,806400
91,588800
48,429600
19,272100
30,251100
191,986600
26,509800
1413,5308100
17,213200
148,673200
28,132400
78,828100
60,329200
129,522900
75,581000
257,922600
282,1031100
409,1317200
492,1486400
388,1414100
843,2807000
41,557200
888,3047000
3633,10652300
21,344200
260,977200
61,346800
17328,55216400
29,266200
102,539500
16,157800
56,225800
184,678300
564,1771200
150,741500
248,1013000
167,924700
1551,5209300
32,271700
21,269100
9546,29211800
27,513600
163,756600
590,1812100
273,1185800
16,182100
54,534100
37,529000
424,1575700
19,222000
469,1735400
450,1735200
329,1591700
45,314500
2985,9878700
1292,3983600
2421,8036000
29,241300
365,1169100
56,201000
503,1809100
37,390500
5545,16647100
32,268300
134,667800
851,3208100
73,393700
427,1737600
633,2214900
29,188700
35,311400
1528,4933400
123,785900
57,242700
1405,4436400
148,668800
127,451700
701,2160400
168,610100
2349,7541600
1792,5443300
267,879600
19,237500
137,693700
22,331000
30,181300
30,179500
4309,13835600
52,454500
61,400800
385,1514100
40,477200
303,1513400
14,109400
26,443000
62,562600
59,406300
23,345700
93,634500
530,2278500
19,367500
52,457000
10303,33086200
1556,5075500
599,2172100
30,259100
17,200500
373,1760800
19,298000
610,2340800
1628,5270100
96,654700
329,1501000
20,253000
20,333200
18458,62500500
15,173100
14,128900
80,616700
527,2024400
3296,10972600
18,237600
157,657700
164,1011500
26,547500
14,103300
44,289000
49,474100
78,800000
373,2037200
47,476400
24,488900
435,1593300
175,916300
654,24987200
44,332700
137,755500
14,113700
19,230800
339,1534400
139,915100
169,760300
113,436400
451,2096100
1093,4788600
103,699000
74,507200
63,627800
434,1929200
721,2804800
35,585600
81,565600
100,529400
1721,6072300
950,3624800
14,129300
76,473700
77,507400
15,146200
226,756700
254,1145800
6920,21539000
1029,3356100
43,253400
2360,8661000
94,718600
28,362200
3648,11060200
1360,4521300
35,347900
14,88500
38,496800
89,525100
37,361700
15,114600
29,162500
63,430400
1894,6198700
193,1165000
1673,5192300
224,738200
23,354300
4724,14628300
598,2369600
258,978100
1905,6055900
43,221800
37,375000
24,520100
46,298400
27,449100
293,1326000
972,3408400
24,590300
407,1321500
649,2237300
42,218600
28,137500
42,190100
92,497500
1085,3955300
79,592200
27,443100
38,479500
22,366200
2111,6625000
77,439100
20,264900
22,375200
176,788100
18,202900
30,209800
85,323100
22,322000
303,1214700
56,258400
21,454800
1318,4188600
26,594700
14,97300
92,515000
202,835900
50,472400
124,774600
67,512000
14,81400
41,520400
218,907200
33,271200
223,1002700
76,451200
435,1281700
24,404300
492,1725700
38,397800
305,1302700
109,684500
29,242100
15,166500
184,684500
403,1586100
89,419600
14,84000
273,1136200
51,447800
647,2092900
92,558500
4281,13561100
29,228700
245,1085300
89,443900
1327,4299600
154,635500
140,480900
633,1963700
81,611100
200,803100
835,2808300
28,125900
59,278000
28,123400
48,318200
47,443700
699,2532600
116,520500
62,373300
18,207900
27,435300
2363,7998100
180,979900
138,785100
65,546800
41,473700
29,159500
142,571400
23,419100
86,387000
119,587400
161,808700
129,577900
398,1426600
59,333400
36,355800
101,467300
37,460900
14,98000
16,151100
15,133200
18,241000
40,463700
108,658400
373,1370000
54,632000
19,248500
1345,4383400
11308,36249600
32,266200
25,404800
176,762600
127,415600
301,1120000
918,3044000
344,1316100
340,1278000
19,239200
51,534500
301,1112200
533,1797900
362,1381900
36,353100
15,124100
30,178600
230,883000
48,438900
33,281300
93,520200
25,402900
15,109800
17,210300
41,650600
19,218300
696,2896100
65,472400
148,722500
25,392100
1588,4978500
110,852900
272,1010900
41,519800
126,421700
126,407400
5088,15811800
19,233000
14,92800
24,368000
1688,5153800
39,446200
6386,19506100
798,2554000
49,431000
88,440100
102,432200
435,1337900
226,698400
21,407500
218,974600
76,434900
1788,5644700
240,1041900
111,696500
236,1032100
26,474900
577,1931000
25,389300
39,512800
33,289700
21,279800
602,1982500
74,392500
39,424600
42,157600
38,525400
1889,6732700
38,490000
36,406500
72,337900
326,1085400
1411,4394400
128,579800
221,1022900
484,1976300
601,2267800
152,744300
82,612200
31,243000
1233,3742900
20,266800
83,593100
73,341400
72,319900
29,174500
618,1913900
88,380900
32,249800
30,216200
621,2040100
16,174000
39,411500
9934,29757400
14,113700
122,655800
174,683800
43,214800
229,868800
90,431000
391,1570600
563,1727700
18,224500
235,1092100
59,333300
19,226600
34,305100
20,251100
21,282600
32,230100
102,407900
2341,7038600
25,437200
171,610200
281,891000
243,817100
189,799400
19,233100
122,658800
1098,3618300
101,569900
43,271800
48,473700
273,1799500
43,197300
1687,5617100
140,504600
25,404200
229,968400
1765,5759400
2091,6914300
7341,22562700
19,255300
117,501700
43,232800
453,2650600
17,582700
7126,26166300
6992,20272900
121,643600
18,222700
518,1535200
1294,3895800
51,439100
14,83800
149,687700
295,1131700
480,1630400
52,475200
672,1982900
19,219100
612,2169200
45,267900
14,82100
208,933900
15,138400
472,1754900
29,164900
252,881300
15,116900
20,272200
14,85100
19,226000
3220,10253700
17,180100
32,245400
67,624600
369,1363700
42,195300
178,796000
16,173500
55,540300
201,748100
186,800500
24,379200
79,488100
16,161500
23,452800
860,3460600
19,284600
326,1054300
381,1255700
918,3489400
156,598500
4657,14561800
429,1721800
17,168300
2593,7877200
29,149500
210,637100
18,214800
18,210800
129,479900
113,398500
40,479900
52,414300
17,165700
745,2838400
2986,9068100
16,155700
1160,3695000
53,486300
16,141800
34,283000
21,343200
306,1509900
118,594800
30,179300
97,621700
77,580000
20,262200
104,483800
804,2591500
17,175700
19,236000
517,1961800
2256,7432100
336,1105600
282,943200
52,567000
30,201100
138,725600
229,952700
712,2425400
516,2084300
72,353200
24,370500
42,208300
32,528900
170,602100
93,588900
116,531100
158,586900
353,1136200
20,235700
29,153200
20,284500
16,141000
6984,21183700
136,800200
22,428000
1887,6375400
81,540300
19,252100
38,453300
546,1616900
17,286900
90,469900
496,1731300
78,471400
102,482900
58,263800
1807,5664000
105,660600
22,367800
24,360400
111,739900
36,375600
6641,21016200
45,254000
182,636100
165,788400
22,306000
111,660200
755,2775400
613,2342400
16,165600
18,201100
15,119500
842,2920800
3646,12179300
31,246800
20,275900
57,240300
1410,4785700
199,744100
13617,41574100
390,1585500
19,261100
318,1202000
53,496700
25,382900
40,491400
85,322000
36,522400
218,945600
60,346600
133,628600
374,1327800
34,315300
15,125600
14,84900
48,357100
26,467200
104,553700
40,450900
22,298200
3057,9177700
46,377100
865,2840000
32,249000
18,219700
30,191900
37,442800
35,342500
1694,5305100
39,435700
20,313900
1026,3187700
25,374000
142,546100
144,561000
163,734200
25,386900
306,1274300
279,1173800
86,319200
126,424900
82,674500
33,273000
20,243600
378,1229200
20,256100
2193,6491900
68,570700
370,1217000
82,590000
481,1575000
2726,8429200
60,355200
2789,8445100
32,259100
856,2550400
1461,4361500
4749,14479700
2985,9542500
101,439600
73,402600
42,191100
6341,21643200
123,834700
14,96300
60,353700
75,395300
57,339400
27,468400
27,435400
66,543100
48,392200
962,3526200
46,328800
487,1853500
263,1059200
67,533600
172,671000
187,659700
1147,3945400
15,132500
14,97000
805,2583500
284,908300
29,211400
102,463000
12432,37706000
247,1178600
568,2060900
72,327200
37,355700
58,295900
96,620700
16,138000
383,1342600
83,581100
14,98700
24,371900
2588,8272600
17,218400
3314,9906400
150,773000
19,236500
289,1229000
9477,28650600
23,412000
22,472500
74,376500
195,1098100
73,406200
879,3031200
80,681800
774,2371900
68,632900
238,733600
14,118200
302,1161700
58,273600
17,258200
5247,16371100
45,334000
455,1720200
68,589600
3968,13410500
31,250100
24,564400
217,1133300
29,153000
78,530500
1515,4725400
47,303400
64,501300
2347,8174500
85,471600
1001,3371900
17,180700
17,171500
193,848000
15,111900
46,293000
53,623900
40,515200
19,242100
17,175500
367,1322500
120,609900
37,497200
14,98900
20,263300
12362,37419200
102,599800
165,909800
33,335200
75,461700
38,397900
17,168800
128,671200
1506,4579800
24,374400
54,538600
3348,9721400
16,153900
7985,24174200
251,1333200
23,347000
17,199700
2854,8905800
2005,5801000
37,409300
4931,14406500
1512,4550300
4675,14632100
156,624800
105,525300
41,613700
25,425400
796,2864800
29,160100
140,504900
16,201000
44,336700
278,1173200
55,514200
890,3186300
522,1775300
493,1634300
271,1032400
24,368900
220,982600
769,2616900
838,2837500
477,1605800
128,516900
18,194700
18,185800
48,303500
2757,8676500
1327,4677500
292,1294200
25,371200
123,692400
180,909700
163,743000
74,357400
66,494800
52,442600
36,326100
1175,3995000
20,254600
754,2550600
16,157600
1529,4385200
74,381600
15,122800
480,1506100
536,1755800
42,166200
1863,5774100
32,236600
3026,8681300
1429,23292200
34,496900
185,649800
223,1202000
37,402300
1664,5623600
46,300000
57,281100
93,668900
18,230000
4079,12767700
20,249300
19,224200
22,316100
10648,32427000
193,911500
60,319700
117,495500
26,422000
23,321100
2790,9673900
23,380800
617,1924700
51,511200
34,280800
97,636600
2587,7714500
17,185000
42,167200
312,1032700
32,255700
14,91900
791,2501600
145,691000
432,2029400
833,3006600
23,471400
31,205500
49,362100
44,232200
21,279600
177,792300
50,419900
356,1365000
15,117500
583,2003900
26,424600
589,1735500
52,460900
16051,47131500
24,472300
69,568900
2044,6660300
8809,27627900
566,1903700
974,3166700
999,3169800
115,556000
48,390100
38,504500
103,480700
1012,3698000
2237,6766400
95,583800
38,380100
30,207500
30,178400
32,226100
121,637100
14,86800
25,407600
16511,49661300
17,271200
25,728500
60,415000
446,1661000
20,316000
33,269000
16,147600
17,180300
634,2023500
118,655500
24,377900
279,1133900
2010,6209600
733,2404800
119,545500
1123,3396200
647,1984300
284,997700
16,172500
10311,31826700
5178,16160500
15,151100
64,415300
3037,9372500
15,140800
37,357900
273,1007900
15,168000
16,133200
86,328500
226,724900
484,1659200
20,243000
14,84000
26,402600
20,240700
232,1009500
31,211700
180,908300
33,326000
82,549500
19561,58840700
18,261900
483,1671600
47,357800
99,363200
33,344200
389,1930000
239,967300
1373,4808800
26,426000
963,3103800
70,250400
4128,12392300
581,1964500
518,1525400
93,542700
81,534300
744,2208400
16,209800
121,702600
119,555000
1689,5454100
77,490100
104,496100
134,649200
123,623100
99,486800
318,1277600
36,388300
31,301500
15,112900
239,728400
41,573600
20,444000
695,2231700
48,362400
683,2254000
15,111300
386,1341300
20,247000
114,749800
136,767500
44,221200
179,856100
1963,6305000
14,104600
307,1335400
76,432800
1088,3384200
2436,7316300
1003,3328200
7201,21989400
22,317200
106,710000
285,1270300
36,361700
28,135400
22,291400
3012,9331600
92,500600
215,770000
71,294900
264,1092700
16,135100
25,454100
26,452500
41,465000
5107,15842400
14,140000
23,344500
777,2711700
332,1326000
541,1916200
277,1103300
113,414900
38,441900
18,188700
6813,21086600
256,1180900
740,2675100
18,230100
991,3286600
15,139700
61,346600
40,426900
16,133200
160,701000
20,325000
68,546700
56,195400
15,108600
500,1816400
206,946600
285,975600
33,278100
6472,19083100
130,617900
976,3266900
213,798000
8829,27391600
83,655300
19,222100
39,428700
29,209900
136,695100
150,713900
21,282400
38,587100
20,316200
905,2968700
18,259900
146,670800
105,561500
39,437400
17,189800
59,292200
22,331500
262,1070300
78,617700
17,191900
93,690100
182,668900
19,249100
42,183500
194,1092300
1727,5686900
5227,17529800
40,524600
231,1144800
200,780200
86,390500
69,561900
260,973000
123,877500
17,171400
77,523200
134,781700
2336,8308700
61,503900
50,442400
23,350700
21,270600
19,335400
79,560000
16,165300
40,476700
80,509100
342,1250700
8203,26579800
480,2067400
139,956300
139,796200
65,470400
19,249100
15,138300
153,834500
28,190800
22,391400
24,453200
98,411300
804,2675400
144,583600
264,1103800
2801,8204300
16,195800
18,218600
20,260300
3327,10105000
174,745100
245,972500
60,344800
73,338400
1222,4834500
41,568900
24,352600
50,490200
106,585800
49,382300
88,552700
45,236300
814,2839600
14,91600
47,294800
16,136800
20,279300
47,372700
455,1487400
336,954900
296,910900
85,381000
28,157400
23,333000
1131,4096200
1513,4489200
1120,3210700
45,275300
30,214200
29,171500
5249,16080600
17,182500
9254,26999600
136,750400
44,287900
327,1058600
7488,22313600
142,612200
26,414000
248,1173000
22,316500
69,595200
411,1368400
1856,5853300
15092,44333500
80,584200
522,1716000
130,588700
68,563800
905,3439200
150,940100
142,738600
19,314300
1042,3911400
16,141800
16,142800
647,2119400
879,2768500
303,1590200
45,371300
587,2966500
759,2527100
15,143200
14,116800
46,345800
21,346100
458,1721100
17,167700
50,514000
14,140500
2178,7994300
94,660700
70,309700
151,928500
166,1007100
152,927200
25,407400
15,132100
45,295900
621,1926100
2727,8745500
2480,7502700
97,731100
9085,27262900
100,401800
14,100600
341,1194300
61,353300
254,816000
31,221300
10979,34980400
365,1234600
4255,12949300
424,1594800
12561,37176900
16,339000
56,198700
235,991900
191,807200
61,359400
767,2704300
524,2046100
15,157900
27,458500
427,1524000
246,886000
306,1394300
33,276900
161,748700
29,178100
14,108400
2065,6440000
18,308800
26,506700
198,830400
3340,10801000
94,608800
17,192200
47,288100
142,544600
16,182600
4401,13612400
56,263300
129,528300
49,411700
173,661900
71,265500
374,1312900
40,463200
52,469400
46,270500
1009,3488600
2737,8377800
181,920700
250,1119100
71,272700
106,541000
91,489000
28,150000
31,202900
35,370300
264,1128200
15,108600
335,1468000
15,136600
264,1230400
14,93300
933,3218900
32,270600
1000,3104000
53,473400
319,1283900
25,362100
21,271300
2167,7150400
14,111300
8602,25764800
21,383800
17,209200
50,485900
51,424100
655,2288600
197,654500
140,496200
748,2248000
203,800500
5420,17552200
102,457400
26,427700
24,367600
257,869400
16,133800
614,2328800
27,641100
1263,3943900
1711,5006800
70,235400
846,2526600
178,754500
856,2596600
43,189100
19,221300
43,178400
95,609000
174,747400
295,1077600
1754,5313500
7852,23055300
221,971200
540,2134500
94,697100
132,673600
1415,4282600
19,229600
428,1503500
19,216800
30,247700
72,333700
14,81400
1581,4904500
43,212400
22,309800
19,297100
64,519100
24,362400
253,833700
462,1404300
55,561900
81,552400
39,489500
31,210100
135,835800
32,236000
44,219700
20,247700
15,126200
172,750900
32,266000
30,188000
32,228800
416,1507400
148,698100
24,459400
380,1321300
206,908200
854,2504200
27,499400
555,2012400
45,267300
122,665400
14,98200
31,244400
79,513000
18,190100
36,327300
2927,8958300
602,2812700
424,19552400
202,786700
17,165600
15,107400
15,106200
264,1166200
40,436900
48,339600
23,359200
24,361900
26,405900
31,229300
319,1214600
53,450400
22,298900
55,581100
151,726100
1101,3507900
72,336000
35,361000
20,252100
26,392200
42,164300
69,579900
27,467800
14,93100
15,112100
22,312300
59,285400
41,498700
37,351700
30,174300
59,278000
774,2298000
30,181600
81,539900
132,585600
6272,18098900
192,933500
123,635700
1734,5805600
28,150000
72,313000
578,1828800
33,262900
18,193700
24,338300
28,140200
427,1431900
6935,21685100
11417,33932400
3685,10920000
15059,44470500
5503,16049800
2303,7291400
80,705900
1746,5530000
37,436800
25,386100
46,295500
25,405500
66,556200
25,385900
29,174000
19,228400
117,517100
28,122300
15,134800
20,247500
681,2358700
61,339900
358,1297500
69,667300
106,628100
46,286400
35,307200
64,476000
85,343700
27,439000
61,345800
25,410600
14450,44376000
1969,6157900
126,527700
2379,7615200
16,159600
28,128500
106,580400
18,217300
47,305100
8263,23685500
144,607900
23,415000
22,510700
14110,43102700
69,712600
24,424900
1250,4128200
101,462300
648,2319700
440,1580600
6348,19844000
40,522200
120,647300
36,345100
43,231600
646,2013700
376,1507000
81,672400
239,954400
821,3090700
139,826500
38,418200
87,431100
36,507400
8548,26918900
54,535200
89,444200
52,440400
17,163600
16,177200
433,1596800
48,361700
110,624900
85,347000
23,352200
3539,10529800
138,832300
21,268800
4864,14732300
45,349300
19716,58863600
163,840900
1167,3526500
28,138100
1185,3916800
31,222300
15,119200
20,304700
16,150400
1623,4774300
207,944500
223,1064900
7791,23924900
5106,16113700
230,847400
483,1658700
247,1009700
1213,3955300
19,279100
39,443300
53,464500
21,270600
350,1119800
42,169100
87,338800
254,947600
32,250800
41,535500
566,2145600
47,398500
19,271400
308,1032100
63,383600
299,1247300
6479,19935000
163,787000
31,343100
17975,55473000
66,622100
305,1169700
419,1719400
88,442400
68,685300
168,858600
33,433200
264,1391000
27,464800
202,807500
26,434400
58,253300
21,288800
22,308800
227,757700
233,1143000
123,733700
2861,8686600
80,514700
159,661600
1379,4070500
473,1600900
69,582000
20,246100
124,719700
19,217500
50,382800
32,248900
192,808100
19,232700
2422,8230600
562,1723400
16,140300
661,1943300
453,1394600
4513,14037900
152,815500
3152,9881800
2358,7432900
829,2681700
371,1380400
5771,18063200
18,249800
38,408000
42,157300
22,318400
3306,10118900
26,448900
1255,3936400
19,236600
109,663400
2484,7496600
1463,4526500
19,217800
310,1024000
83,630000
148,657600
139,779700
38,387800
55,542800
59,329800
17,176100
85,340500
50,369400
588,1753700
22,309900
668,2196000
52,451500
25,376600
1494,4983000
147,632700
74,391300
28,121900
64,416900
1020,3212900
406,1241000
37,413800
858,2813600
30,220500
17,160800
136,699900
71,278100
139,904800
130,710400
342,1447500
449,1491000
18,191200
253,873600
49,489200
9508,28664900
102,645700
214,840200
545,1912200
27,522000
286,1045900
29,155100
637,2079400
28,128600
475,1848000
41,563700
321,1304500
59,358300
177,761600
37,382200
14,121000
47,528600
4875,14454000
12272,37740800
18,256700
254,893900
88,423700
61,340000
26,408800
172,695000
22,300300
128,495200
27,436300
19,250400
435,1357000
69,545200
1642,5362200
54,582000
17,170000
72,303100
18,272900
74,383100
42,172000
83,557000
17,179500
1674,5220600
33,345100
83,619300
388,1521900
70,245000
31,291400
168,549700
217,800300
17,285200
15,182300
475,2523900
109,777800
36,462200
17,242400
161,843100
314,1168800
250,1116800
11603,34847200
19,347400
241,929500
39,524100
32,247100
224,711000
333,1276400
21,265700
20,279700
27,493600
968,3398200
237,1212400
14,98000
23,392400
1402,4493400
16,150700
55,641000
40,436300
198,742900
1541,4662500
559,1968900
26,446500
29,154500
58,261900
15,121400
293,1236700
14,81800
25,381100
49,362800
24,371000
96,582000
25,400400
308,937600
26,409700
201,787800
710,2542800
16,197100
1104,4211700
18,244500
6869,20759800
33,275700
936,2979300
27,529200
142,475300
60,311900
100,475800
214,743300
44,215300
14,80800
3205,10371400
5510,16492700
108,655100
265,1126100
46,258300
244,1140800
47,377400
14,94900
37,456800
61,488000
436,1486100
71,320600
29,161600
893,3108800
180,869300
79,475200
23,422300
122,766500
38,410500
116,603600
3847,11474500
20,302800
398,1392600
34,271800
24,337900
96,612300
26,411700
54,489700
84,259400
404,1888200
2580,8181200
91,552000
79,666500
316,1259000
57,247800
1843,5886400
35,346000
48,324300
16,133000
22,307200
142,513200
53,556000
131,509800
169,541700
183,592800
134,727900
179,822600
1814,5760900
49,390900
15,114200
171,604400
1296,4051000
3446,10387100
674,2121100
57,351300
1024,3029700
41,527300
74,372600
39,398300
36,354700
769,2959000
21,376000
16,192300
30,241500
728,2223000
99,438000
334,1267500
5621,17129000
46,340300
85,305700
27,444400
8757,26392400
441,1628200
690,2165200
40,463300
15,111300
5938,17803900
815,2461200
637,2085700
78,604300
241,789500
23,321700
121,678100
27,421600
46,332100
79,678500
20,246300
21,274800
35,300200
54,647700
60,325000
33,261000
52,496700
54,637200
367,1247600
52,541500
22,293900
4442,13787800
32,284800
35,354300
116,596100
28,129600
50,387700
210,628200
31,207700
166,842700
22,305200
70,243500
97,644700
36,338400
38,387900
631,2176300
384,1399800
23,339800
30,203800
45,261200
114,400200
64,449500
625,2070200
155,529200
95,590300
585,2055900
2418,7280400
21,343200
50,396800
75,398300
205,928700
2221,8846100
38,577500
38,546500
66,499000
111,712000
136,713600
41,550100
52,481900
312,1350300
32,417800
47,531000
16,191600
128,475500
43,287900
90,559100
38,395700
50,397200
31,210800
38,397400
20,296600
334,1605300
37,444900
81,525200
2935,9220000
271,958000
45,278800
23,332400
56,264400
92,505000
50,360800
133,708600
845,2678200
18,238400
44,221700
68,550800
29,179200
74,383500
448,1394700
679,2185600
63,444000
3589,10671500
19,237500
1059,3337000
575,1753300
300,24890100
40,488600
18,206200
746,2418000
31,233900
345,1258500
87,392700
150,746200
38,401200
612,2304600
28,130400
20,275500
40,458500
122,614100
20,252600
4323,13707900
1844,5807400
111,779100
22,366700
1232,3986500
16,153300
4714,14311200
38,528300
762,2466300
166,883500
1259,4936200
4554,14729700
207,1017100
138,682800
22,312900
140,441400
74,361600
34,277000
34,279800
761,2387400
6015,18652800
20,293500
48,332500
15,120300
831,2927000
74,353000
41,467600
52,583200
1775,5611400
56,235900
24,347900
149,717100
179,925700
1796,5131100
206,1061400
522,1732400
20,242800
57,344900
28,138900
55,523000
53,453300
27,549200
126,432400
8650,26533900
843,3207700
2616,9252400
145,613500
3918,12569800
132,638200
39,448100
21,269800
31,195900
78,473000
76,437800
24,414700
31,205700
147,740400
423,1458800
437,1612200
787,2753800
103,461800
755,2707000
36,341500
375,1517500
76,557300
201,860400
146,640800
27,500500
112,374100
7820,22789700
2676,7954200
21,285600
40,432100
943,3094500
19,248300
64,472800
23,383400
239,730800
1112,3686600
83,662700
86,391800
12397,36085400
22,344900
20,248000
3282,9946600
29,185100
29,229100
19,210700
19,209900
29,141700
74,385100
16,134200
234,961600
116,450900
14,80200
215,737000
204,992300
25,399600
144,527600
1132,3763800
42,217400
4291,13040100
21,326400
92,504000
271,1222200
96,767800
810,2763200
233,1040700
644,2272900
21,306700
96,648800
227,822100
106,550100
41,515000
475,1868200
48,391200
553,1832000
22,321600
45,273300
372,1392000
87,378600
47,302500
504,1712300
15,132300
102,451600
34,394100
4382,13288400
156,607500
229,813800
99,351300
3819,11554000
47,334600
462,1336600
96,612800
14,95000
288,1081400
443,1566000
32,237700
78,481200
72,456100
15,125100
15,135700
431,1633100
5431,17609600
67,548200
79,509200
20,291700
107,565300
527,1887500
30,171200
30,187500
15,122000
1447,4475800
2231,6586800
399,1322100
1964,5918800
1224,3840300
30,184300
183,572900
46,335900
36,389100
633,2068400
123,748700
30,213200
74,349800
1360,3954400
19,234800
43,195400
178,1250100
2195,7169600
145,609200
128,452600
16,140200
55,492600
839,2734900
29,143200
1971,6174400
46,268500
26,476400
114,524000
37,369400
3178,9513500
390,1526800
56,217600
359,1366700
37,380600
17,193900
19,220600
191,791000
21,282000
64,532200
26,505700
19,295900
209,1167100
2081,7351500
200,980000
47,370600
72,548500
88,528400
38,499800
69,745300
26,463200
22,302900
123,725300
1569,4926400
44,244700
16,282900
96,735000
185,783400
47,302600
29,194800
94,560700
33,284400
58,295100
14,81500
202,783400
85,395400
14,117400
2626,8747900
16,208100
352,1113300
31,288200
85,394300
15,134600
22,307500
838,2873200
124,754200
63,418900
23,321500
518,1665000
39,533500
3419,10781700
624,2127600
5256,17041900
295,1543400
70,287600
14,102900
16,144300
40,457500
2677,8757900
39,445700
23,349200
55,587900
76,579500
5173,16242200
958,3422800
1783,5609600
3960,12586100
19,253400
270,1083500
1459,4448600
17,193000
143,555000
96,614200
49,449300
59,287600
667,2565100
76,546000
26,453500
3753,11156300
2353,7998000
131,596700
97,632800
4488,13804000
22,369100
22,303100
4805,14632700
87,383900
160,661000
355,1329100
24,354600
1864,5553400
197,722800
95,565400
15,215600
34,370400
119,605200
360,1772500
37,498000
15,140100
115,478700
50,361800
51,411700
116,469300
219,869300
91,509500
1178,3455300
287,999200
259,928600
294,929700
807,3132700
16,172000
108,639600
3862,11827200
67,490800
34,392900
782,2531100
82,936300
2435,8432600
231,1137400
1932,6216300
16,164200
2628,7866900
14,92000
376,1399900
54,488700
48,587000
416,1665800
188,724500
40,514400
2317,7404300
81,576200
426,1478400
53,540500
14,85500
28,131400
50,393200
147,777800
20,270200
53,436100
35,358600
436,1417800
14,86700
18,194800
386,1381400
1141,3777900
605,1937300
812,2624800
17,193200
147,638100
7711,23283300
72,435800
75,393500
1885,6096900
1245,4071400
233,1044200
2282,7112600
18,241600
123,684500
36,347800
225,785100
38,448900
27,453600
16,157700
98,355900
9931,30090000
542,2158700
15,120700
15,115400
32,234800
681,2238200
16,155000
17,194500
577,1758700
15,135900
155,678200
161,919900
282,967000
356,1133900
32,217800
733,2297900
17,161700
118,531900
3040,8863300
299,1103700
89,500300
8177,24619500
55,594300
257,948900
56,193200
17,178100
102,619100
3636,11409400
87,422900
158,570800
25,358700
71,349400
39,453500
122,629600
27,498000
77,468000
128,438600
40,466800
4450,13482800
14631,45299300
22,401800
17,173500
21,269900
794,2662200
1688,6298900
2226,7216700
2841,9746900
29,276800
130,691600
2124,7215200
26,523800
738,2899700
261,1362100
18,218100
62,420000
49,392900
2103,6818000
15,188800
46,391200
18,223400
4826,15628200
63,453300
112,403300
16,271300
16,160800
1307,4473700
15,146700
87,502200
31,238400
56,275400
19,242400
36,363500
33,278100
192,970900
1772,5966700
538,2135000
186,892400
830,2805200
14,95800
49,423000
45,277300
101,412700
4222,13484300
72,340300
25,430200
3147,9989600
79,520900
23,388300
15,114800
174,805900
119,552400
107,580800
96,657100
433,1641900
21,290800
68,525800
108,695400
17,185400
115,486000
46,397200
94,618800
96,745000
84,306600
18235,56875600
43,265100
27,503600
468,1583700
733,2247900
183,602300
24,350500
21,274600
111,761100
444,1635100
71,280100
105,532200
29,142700
256,834500
91,496600
243,853400
139,931900
413,1803900
68,726100
1507,4650900
106,541800
205,854600
14,97100
206,881200
4989,15723900
563,1912500
126,604200
547,1793400
76,430200
1070,3849000
20,259200
27,440700
47,302700
106,537600
52,562100
669,2354200
106,541300
212,730100
163,724000
26,388900
19,257700
71,294900
131,583900
28,119400
40,424100
1579,5085200
8107,23224600
709,2284900
29,158900
131,551100
8341,25004800
15,150400
28,138500
14,82900
46,343600
106,572400
18010,53669900
45,304600
292,1194300
17,184600
2016,6053800
4027,11776200
447,1635800
445,1580700
19,229300
238,805500
48,344400
67,543500
18,241800
12441,44297300
15,161200
1307,4087900
1627,4719500
422,1932200
65,803500
69,577700
52,468000
15,204200
43,215600
67,641900
1194,4040900
141,473000
63,377300
461,1733200
809,2577000
3767,11662800
244,1036900
3292,10022500
239,845400
119,593600
2591,8366500
1932,6222100
33,302100
16,162700
327,1170500
24,392500
8544,28444100
272,1038600
16,194100
130,530800
87,355500
1116,3489500
44,241100
48,332400
84,308600
108,566100
337,1083900
31,215300
51,412900
246,978200
14,108900
199,675800
2331,7726700
1276,3741100
271,925300
255,790500
14976,44901500
1627,5494500
55,589700
1110,3367400
39,413500
29,156500
36,338500
69,696700
31,217600
41,463800
29,182700
41,538100
269,893600
47,341600
15,117700
25,412900
620,2063800
284,989600
867,3171600
57,301200
51,412300
18,208200
14,87400
32,266700
142,545100
372,1291700
202,769300
38,394600
37,467100
18576,55224300
64,511600
183,810900
14,115100
17,232000
42,203900
32,295400
519,1710800
38,418800
537,1655000
31,244500
16,137100
32,263900
665,2114000
89,405300
15,154800
32,250600
19,267400
42,152500
51,453500
190,904800
19,367000
161,701800
19,264000
116,447800
43,180200
62,354500
1550,4730900
39,434100
30,336100
45,282500
323,1018900
133,599900
2113,6644600
162,747500
68,519200
16,148700
49,363300
587,2084900
460,1832700
14,91500
31,212600
234,1101200
25,375200
14571,44511700
27,554800
156,575900
177,739200
59,278000
31,199200
88,466900
28,144700
65,458300
16,161000
755,2705300
51,406600
267,886100
143,515700
31,209100
116,456200
23,331800
612,2046000
15,116300
37,347100
25,378800
26,409400
34,284600
28,137500
38,530700
1692,6167700
2018,6271800
14,116200
182,524900
3707,11135300
526,1717600
66,527300
23,358000
56,209700
3840,12482300
14,111200
127,444300
2097,6417500
2284,6785400
37,437200
52,453600
73,311000
1550,4986800
1370,4890900
352,1203000
20,258400
453,1587400
34,379300
1610,4888400
15,130500
42,170200
36,346000
46,284600
72,355400
119,629800
18,196100
713,2880700
124,741300
525,2130000
2868,9144200
2344,7354100
17410,53444000
279,1543500
186,814100
31,203000
138,727000
140,527900
1036,3187700
53,518100
35,317600
6745,20213900
53,517600
171,602600
19,328200
781,2605200
36,327200
39,415600
17,197800
179,812600
54,507000
2793,8171900
27,474100
45,267800
29,152300
2007,6212100
22,404700
160,719200
296,1128000
403,1570500
709,2385600
17948,53471200
566,1799800
76,403500
39,495000
6067,19007000
14,177500
951,3268100
78,445800
74,367600
729,2294200
29,167200
279,1308000
19,347300
14,151200
30,205800
209,1114500
257,1023700
124,737900
1428,4822400
155,566500
21,384500
135,690200
204,932500
68,555600
1795,5514400
252,776900
828,2596400
41,529400
54,501700
251,1090900
19,265100
85,308100
21,309700
228,816700
8877,26550900
14,179500
42,206700
336,1008600
1195,3992800
66,605800
32,244900
305,1264600
4218,13060900
1747,5412700
71,270700
49,351900
1958,5766500
49,363000
17,171400
212,692900
19,214800
148,650800
14,88300
28,116200
51,419600
1869,6040700
601,2112300
399,1418700
277,1234000
232,1089500
331,1220900
2445,8003300
26,436000
164,762800
183,770700
66,554800
2101,6427500
54,520700
15,114800
23,359100
676,2055500
63,424800
313,1088600
20,297800
4043,12282600
318,1222300
21,294100
974,2995500
1099,3450400
19,216600
158,592700
72,325200
1737,5294500
17306,50836900
40,504800
52,529600
2729,8568100
841,2527900
133,634100
1758,5261700
124,786100
438,1298700
136,710900
23,319800
1490,4672400
800,2796000
18,197500
1305,3811500
413,1348900
1028,3632500
65,579200
17,229700
2139,6859100
26,401600
26,481500
89,417300
16187,49064700
38,436000
56,317100
287,1098500
196,741300
18,190600
934,3341000
321,1296800
56,280000
237,1055300
806,2623700
181,851000
78,486600
82,556100
31,206000
2337,7953800
127,583200
25,431900
428,1437700
32,230500
194,885900
16,177900
1739,5615600
17,185000
67,575700
17,171400
22,298700
64,421600
17,173900
240,800000
24,336200
98,323700
19,437400
59,305000
55,663900
161,678300
1756,5353700
34,277500
173,667200
960,2977300
7104,20980300
137,709800
1077,3419300
3155,9871800
20,446200
27,505300
58,252900
42,318000
35,363700
16,200900
404,1464900
7225,22854100
619,1994000
20,253900
313,1009500
302,1295000
353,1228800
26,431500
190,995000
21,336700
137,1010700
50,382900
45,249700
14,84400
255,912400
34,340500
55,528700
8443,24224600
66,553100
24,446700
4772,14494500
25,552200
30,247300
198,718700
74,332800
431,1754700
232,1145400
43,257000
291,1252600
6479,19520300
21,304000
100,391100
51,411500
95,547000
281,887200
45,254300
22,304700
30,172900
30,189900
560,1645400
89,417900
74,662700
15,157700
229,1095200
14,115100
34,365400
478,1859700
110,797000
19,269000
41,561200
68,574000
84,275500
4074,12379400
439,1634600
44,238800
438,1408800
46,342000
270,969700
14,86300
60,292000
17,205800
650,2092800
1716,4982100
1786,5162300
30,193800
23,320400
21,309100
62,362700
36,326300
95,580000
296,868000
16,258600
57,410500
339,1113800
807,2918900
133,647600
31,222900
24,380000
228,1060800
35,507900
14,88800
5542,16446200
31,297300
18,253000
36,406600
81,519500
32,274900
45,302800
144,564800
60,287900
56,179100
58,266500
542,1814600
40,484400
941,2767800
49,373400
23,488100
352,1247500
319,1388500
18,209500
177,761700
314,1593600
615,2603300
19,331700
24,476100
84,335900
690,2608800
67,648000
104,611700
20,307000
51,484900
10704,32424300
10557,32771500
427,1436100
142,539800
80,653100
488,1719500
17,185400
26,444400
55,486500
20,341600
39,526300
423,1568700
124,673800
23,332800
24,430600
210,633700
3510,10896000
56,230500
1029,3175900
22,330400
24,342600
2151,6533000
270,1043600
61,357700
17,164600
30,225600
312,1204700
14,89300
153,780400
25,419100
11464,52812300
178,1201900
147,941200
700,2797700
142,691700
42,238400
82,797100
46,550600
47,510400
14,112100
45,273300
20,259400
207,1095400
86,397200
474,2326300
385,1603400
164,830100
19,240200
19,233800
75,433200
54,511300
17,173600
4261,14159700
23,402400
61,396100
713,2985100
228,841000
72,348400
51,525200
67,530000
5802,19647300
14,109700
27,487600
48,332100
104,481200
353,1169400
113,456100
53,477000
16,140300
226,703600
69,633300
18,191200
46,281200
15939,49062400
1532,4662500
17,183900
35,350900
41,581000
2197,6537000
538,1958800
19,296900
17,168200
125,733900
189,779300
21,268400
16,165800
57,220000
68,530200
63,401200
15,112700
28,131600
1913,6314100
1553,5261800
1386,4062900
11091,33951900
145,622900
2153,6691700
16694,55847000
124,1032600
190,1112800
52,540000
375,1613200
23,440500
22,316500
107,545800
26,414500
32,282200
310,1017000
26,395000
814,2549000
22,447500
52,584900
1146,4170600
21,367200
1163,3986100
132,667400
1779,5531000
14,114200
43,223600
32,297400
2913,9562400
24,483500
17,243700
24,456400
54,638100
161,843200
100,490200
585,2220700
2485,7877500
853,3036400
64,563200
20,234900
66,544500
17,196400
10490,31048100
152,897800
21,271000
16,137100
28,130300
1602,4998700
51,467700
76,452400
136,664500
101,411400
257,954600
2403,7111600
354,1262900
147,628600
53,523400
18,195500
881,2837300
174,746300
114,584200
200,797700
237,1169900
307,1319200
101,420400
107,594300
288,1018900
367,1211700
300,1047600
80,492100
125,685700
15,115600
34,299100
29,153300
12583,38806000
832,2653500
323,1056500
24,378600
29,168600
44,223000
43,202000
34,314500
367,1186000
648,2107200
71,325700
29,150700
26,390900
223,1021000
305,1157900
12327,35895700
1003,3377400
23,427200
237,1328500
14,122300
17,197600
219,1170000
32,346700
1351,4734300
89,559100
172,600400
161,772000
226,710200
379,1080300
214,746900
54,446600
75,510300
51,511000
44,281400
15,134100
31,294100
53,490200
17,160400
33,269200
1896,6299600
16,149400
17,157900
1365,4537700
49,350000
173,699300
54,509400
21,262200
505,1712800
72,374100
126,396200
82,574700
125,726500
24,422800
19,225200
74,344400
294,889300
19,359500
15,121000
82,557700
32,225400
116,470900
535,1661200
36,344800
16,133500
31,212500
46,315000
149,983800
15,137400
225,717200
682,2380200
17,216800
1475,4716200
21,438400
53,495900
158,670900
236,1061300
18,200300
470,1664200
312,1340800
33,329300
29,209600
73,443400
194,1104900
59,307600
93,539900
347,1334700
7000,21101000
43,247600
82,595700
64,457200
15,129800
110,637400
5911,17506300
87,498800
8020,24154300
21,429900
18,221400
4997,14909500
1104,4051200
594,2213000
37,465800
24,405300
137,687600
17,263200
683,2399700
18,213200
626,2043500
73,323800
22,342900
88,390600
45,294800
66,486200
32,252400
17,155600
108,551900
3659,11638900
225,930300
365,1212400
441,1646100
18,265300
157,643700
20,253500
636,2178800
19,438000
755,2771100
657,3260400
21,274400
433,1642700
20,269800
39,536700
2376,7921700
53,552600
147,620100
230,939700
490,1504200
192,835400
17,165100
27,433800
39,438800
108,609800
17,177700
21,265400
21,289300
29,172000
4921,14628100
123,676300
21,292900
53,491400
47,381200
18,244700
959,3476500
18,213200
312,1070900
30,176700
90,455000
111,747400
48,329000
172,734800
239,812700
36,370500
19,216500
2852,9274300
220,1155200
15,142800
382,1494400
12796,38059700
5881,17433000
1452,4751600
362,1465200
16,140300
83,635400
17,169400
22,306300
96,1008700
14927,42723600
1181,3713100
490,1510100
293,1224100
20,265300
23,430500
39,459000
48,343300
129,532900
19,284300
45,313700
276,1105000
81,570300
47,283700
274,990300
6184,18510600
715,2063600
54,478900
25,427900
60,368600
15,145700
2788,7989200
40,490700
8191,24840000
45,326600
26,538700
3727,11716500
93,591800
253,1103600
33,306300
63,405200
41,599100
86,400300
24,384100
67,500500
2574,7873000
3196,10915400
89,457400
3871,11775100
1084,3448400
28,131600
4711,14872200
18,222300
145,703000
228,777900
17,189300
16,199100
24,422500
40,453900
14,103100
74,369200
56,218000
263,1081800
24,392000
126,432400
54,455500
22,293100
4746,13439500
1277,3802900
3494,11307600
54,595600
15744,47186200
1865,5712400
1013,3195500
8001,24445200
21,310900
39,450400
120,557700
36,368900
102,459700
123,700000
514,1809000
2329,6737500
15,119300
70,310500
28,130900
16,150700
39,458300
37,367300
60,339500
100,455200
279,1254700
51,457600
14,98500
21,285300
67,526700
577,1888800
19,233500
14,110700
78,489300
113,371600
831,2587100
214,721500
88,405800
364,1081600
538,1708400
111,633200
252,861600
2702,7877400
113,498200
27,460400
32,223500
137,804400
8718,26118200
23,409600
81,527600
350,1088000
14,95900
1446,4121900
4984,14164100
26,427500
213,784000
967,2868400
16,177000
1621,5719100
26,480100
214,769900
688,2226000
14,130900
1775,5453100
1974,5755600
388,1626800
165,832500
189,799400
27,424100
53,519100
1480,4537500
46,373600
42,208400
106,596900
232,1017400
183,576100
66,465700
860,3261600
78,469400
119,598900
19,232800
2927,8770700
663,2215600
22,306600
3760,11585700
3195,9806000
28,136500
8997,27307200
23,372800
23,356400
27,472100
29,154200
52,440300
19,218100
46,283300
37,486500
49,408400
27,431300
235,1108600
153,868800
30,174000
443,1555000
43,189100
32,241300
33,281900
151,832600
16,157300
64,436200
162,772100
32,326100
1560,5073000
7226,22848000
23,364600
144,597500
47,326000
313,1137400
99,381600
15,141200
52,465300
646,2046400
17,204900
17,183300
567,2164800
15,147400
618,1937500
1046,3308800
53,507500
73,311300
354,1117200
41,498800
30,168700
2939,9055700
22,342000
52,411600
235,1029200
306,1174600
23,320900
25,380100
160,678800
15,130500
124,681000
2444,7419300
6191,18635400
19,316600
110,653800
43,297100
297,1019100
25,371900
161,693100
4030,27654000
32,292700
79,540200
266,776400
51,421200
44,253300
114,447100
17,164500
16,152700
273,1083700
180,815300
17,172800
26,553600
18,247800
306,1214700
1877,5594200
530,2013300
4057,12087300
329,1251000
33,270600
14,82900
18,231100
19,226600
5100,15274100
563,1726300
18,213200
19,232100
36,347800
93,486100
397,1295100
26,379700
1012,3123200
257,906900
48,340000
57,217000
700,2290100
25,471800
398,1568700
14,98100
38,415700
1130,3511600
14,101000
14,96600
14,81700
66,484400
1000,3563300
1451,4690400
211,647700
72,338300
556,2097900
1951,7016800
31,264700
4039,12403600
18,209500
268,849200
26,416700
202,798900
18244,54730100
9892,28543200
5003,15512600
593,1880500
532,2178100
39,526000
137,681900
15,116600
112,393400
88,454700
218,887500
112,340400
64,512200
1026,3133600
15,139700
91,472500
23,310000
16,156600
33,249300
53,465300
29,153500
449,1377400
36,408400
29,152800
155,476800
1584,4885500
20,247400
14,118600
25,413600
19,249400
428,1399700
64,464400
17,183800
3514,11026700
36,402700
17,160500
90,446000
23,329800
17,184200
17,162900
24,389100
62,405800
46,269700
38,488000
63,542900
4928,14959800
27,510100
144,571000
17,160700
73,343200
183,878600
28,181600
191,853500
14,96800
25,434500
106,642700
176,820300
18,256100
6342,21102300
137,889500
120,729500
46,287000
207,915200
177,814900
810,2727200
117,636500
50,383200
55,532500
34,384800
441,1493600
86,347500
9023,27487900
40,490200
19,334000
29,151200
18,195700
49,355600
44,237200
294,913500
55,505700
17,186800
94,540600
14,101500
274,1026600
56,232300
423,1537600
460,1767300
46,293000
14,93400
453,1537900
3159,9264700
40,534400
162,728000
38,579300
23,386000
16,146900
34,277900
11134,33898500
266,912600
177,823500
17,160100
3981,12567200
161,743900
40,462200
24,435000
14,94700
1030,3307500
4225,12985900
10885,33565000
1897,5599500
431,1576800
19,217400
17,165500
14,87700
28,123300
48,351000
62,475000
43,231700
985,3147200
197,649000
597,2286400
26,511600
1415,4103700
12222,35479300
44,288700
14,85600
23,466900
696,2430300
368,1286100
1005,3321600
836,2711800
22,319400
46,304400
5738,17201800
21,329400
539,2413300
4223,13127300
17,174400
528,2012000
468,2002700
16,169900
50,385900
23,342300
609,1964600
505,1581400
216,831800
14,82200
741,2514300
18,215000
14,81700
241,767500
51,387000
123,850600
2065,6934600
40,458600
80,572500
19,271300
35,309500
2342,6973200
84,322800
49,394800
60,619000
528,1845600
27,425500
24,379900
16,143600
858,2638000
3734,11513400
24,453200
18,211400
546,1859500
19,290600
14,108500
27,536200
1121,3350800
31,240400
26,392200
23,325500
83,667000
169,573800
54,450400
66,499400
2930,9452800
46,353000
347,1410200
98,335500
113,418700
28,129600
42,217000
21,359900
171,773500
19,226300
1110,3451500
29,159000
467,1543600
963,3243600
622,2058900
14930,46244900
2820,8644100
22,395400
488,2141100
78,551600
47,306000
167,952900
595,2114800
668,2209500
1078,3057600
101,403200
240,781000
48,375600
37,377000
439,1405100
317,1235200
117,745000
23,404200
1513,4379000
102,467500
226,719900
127,488500
24,372100
32,244000
45,289100
72,316200
96,666900
1839,5279000
688,2147400
103,495400
14,90300
170,583600
79,500800
186,670800
1518,4535500
8209,24407800
15,187400
134,627900
67,483500
34,366000
258,896900
15,113500
6476,20696000
18,214400
52,460500
431,1544400
36,333400
14,124800
18,188300
287,1225500
24,456800
16,183300
1782,5526200
11492,33460000
1267,4020100
188,716200
1195,4185200
17,270400
14,115500
20,349100
93,636300
310,1047000
4764,15083500
61,443200
593,1924000
164,760600
67,482400
28,115500
17,239200
3771,10798000
63,406700
128,554400
843,2819200
25,479500
89,529100
5512,17907600
43,362600
5098,16243400
196,680400
9227,28727000
39,522200
25,396300
20,262800
405,1756200
62,454200
57,286100
218,918100
526,1843400
19,231900
240,814500
162,797100
396,1470900
37,409700
360,1466200
26,405100
297,1106200
28,151500
29,148300
310,1180600
1744,5349000
41,549000
183,618800
539,2091000
19,283400
22,297900
81,542900
86,326100
22,341400
245,1002500
53,469700
162,722800
139,755300
34,275700
19714,59418500
198,786900
175,716500
31,208500
268,1131600
399,1733000
155,592200
102,566300
208,1128200
30,250600
2818,8646500
28,161400
21,303600
155,563900
38,470300
1365,4143400
107,707500
25,475300
352,1276400
54,522700
73,351300
3185,9830200
24,424300
29,151600
79,659900
32,303200
247,1125000
16,175200
27,429200
14,82200
704,2192100
130,595200
139,829400
107,707200
116,479000
118,541500
1941,5876900
486,1664200
67,694200
521,1649600
18,370200
653,2293000
56,209100
213,811200
439,1671300
56,269900
409,1592200
424,1362300
1028,3158500
29,167000
3065,9643000
60,413700
39,453700
49,368400
260,1055900
28,125000
97,616700
203,862600
28,132500
145,585100
19,216200
24,378400
61,342300
448,1312300
109,646800
55,531800
17,189500
311,957700
1044,3189700
3149,9495700
1312,4208400
28,153700
51,475200
868,2646600
14,86000
18,191100
112,340000
44,235300
95,713400
89,414200
23,323500
14,143600
206,1166400
5199,15431200
661,2186600
20,255000
34,315200
33,247000
87,389200
108,571300
216,792700
61,332000
19,218000
46,317800
10977,33418400
49,444600
23,376500
23,312700
37,420900
65,645100
48,334000
89,424900
96,723800
18,201400
19,216700
705,2223500
5960,17875900
2209,6837500
510,2064900
23,339000
14,105500
518,1555600
1513,4606200
27,505600
620,1956400
398,1305400
31,213900
270,1005500
85,327800
117,476200
43,221800
58,257000
165,1588600
120,631800
24,358700
59,378800
1581,4844400
25,511900
2394,7214000
122,643400
405,1640300
942,2835000
25,401100
419,1607500
19,213000
18,228700
18,191100
21,314200
108,587200
17,176000
222,986800
1326,4435700
69,562700
102,465000
99,383000
52,435600
147,699200
22,337200
1832,5667000
29,220400
4638,14751300
278,1269200
39,768400
33,299600
17,175000
87,411600
25,547000
2611,8188700
50,445800
488,1649000
350,1129500
1672,5615900
1413,4568400
179,920600
32,287500
16,147900
23,351100
37,400300
129,504200
184,629200
17,185300
251,1165000
466,1518700
561,1947400
33,379700
41,652800
896,3271400
179,952500
1019,3488200
68,587600
18555,55515400
35,355600
450,1428200
1261,4018000
20,291200
53,500800
16,142000
54,502900
31,288200
249,1065800
610,2151500
29,157800
27,466100
71,298200
15,113800
276,1097000
859,2649800
24,349600
35,378400
252,830800
6675,19861800
24,377700
5229,15698100
24,403400
22,323800
273,1172300
4065,11968900
28,142700
14,82000
745,2377900
1180,3517700
31,226000
17,213000
118,508400
1808,5387800
46,361400
83,711900
77,464600
14,92100
3716,11028300
14,97500
496,1607000
48,344100
14,85600
1212,3924000
117,612200
1059,3513200
20,278000
189,850600
30,191900
23,347900
1787,5769200
27,535000
77,561800
23,331000
1890,5685500
325,1064800
19,240300
179,802400
4488,13622200
1301,4504600
839,3034200
120,751100
362,1533600
176,848600
59,280300
509,1774000
24,529200
17,181800
5384,17929700
57,370900
230,972400
3130,11298500
275,1298700
2175,6877400
120,574000
92,575500
461,1988700
272,1143700
1357,4467400
93,598900
327,1108000
76,432000
41,506600
403,1493700
3871,12278600
738,2614500
116,525700
56,203700
28,127400
5465,17844200
125,782200
138,824200
483,1777600
63,516500
54,677100
15,126400
19,222500
58,299000
31,229900
394,1363400
22,346000
99,359200
31,262100
92,717200
84,326900
97,647100
262,1565400
1249,3869100
45,264600
21,329900
155,646200
36,340700
23,338500
107,597900
93,543700
9132,29698200
2880,8809500
10524,32295300
11838,38316300
25,460200
15459,47407400
49,451100
179,874300
293,1301500
896,2747800
16,162600
378,1177400
2144,6260300
869,2603200
1138,3349400
603,1819700
32,265800
165,775800
16,141700
3122,9048700
4377,12992100
83,655800
111,666900
24,354400
46,309600
305,1171700
567,1915100
3731,11748400
66,509000
27,454800
96,619000
1183,3745900
3273,10906200
167,883600
27,632500
428,1667800
85,408800
20,257100
3065,9861000
731,2242500
30,173100
34,287700
1052,3364900
169,670300
131,520400
9019,29214500
508,1631300
1443,4609800
130,529400
239,929600
473,1818200
20,253900
2573,8459600
27,467500
38,395200
14,89700
67,511100
29,166600
297,928600
28,134600
22,331800
54,490300
1845,5751100
139,802800
413,1447900
275,1128800
23,331300
178,882700
35,352400
10455,31107800
3494,10646700
882,2781000
36,481600
3024,9374300
19,265200
279,1267400
208,1077000
39,533400
41,575900
24,385900
89,417300
19,225100
48,397100
34,325600
882,2664900
382,1315100
25,384000
33,301500
46,395200
20,304200
138,753900
89,437100
125,867300
20,321800
738,2588900
17735,57899500
7254,22574700
234,1038300
19,324100
177,808400
235,1133700
55,503800
15,122500
43,218000
16,199900
42,166800
4172,13344700
523,1766900
58,288900
96,659100
2865,8660500
49,372900
21,296500
15,136100
92,509400
379,1243000
36,367800
108,588400
32,219900
66,505100
45,294800
112,403100
113,396600
30,170200
1123,3545400
47,366500
23,487500
71,270600
283,1082900
1259,4437300
881,2992800
890,2780300
3962,11365800
15,150000
150,739100
24,396000
1673,4987400
108,643700
125,692400
376,1504300
327,1099200
63,403100
200,696900
44,235200
17,163700
443,1477900
433,1555900
494,1767600
18,207200
75,381400
79,564400
23,323600
14,92100
39,419800
149,902200
6304,18991300
609,2234700
73,366300
25,549500
34,327100
28,144000
23,319500
470,1552600
82,546200
1972,5789000
1092,3069400
21,281800
19,239800
44,309200
37,416000
36,346400
150,749800
14,100400
27,487500
1871,5398500
40,538400
53,471900
20,265700
15,141100
22,374900
66,530900
42,175700
19,212500
19,233100
79,525700
3138,10336000
103,560900
16,149300
377,1493300
262,1006600
1602,5253500
1099,3575700
2823,8859700
36,440400
357,1417800
43,206300
58,239800
20,281400
38,468500
14,104000
49,354400
23,307700
478,1899400
268,887600
61,388400
128,476100
1097,3468100
444,1536100
2316,6744300
16,167200
74,481700
1155,3993100
29,203500
2840,9292800
15220,45703400
223,1029000
561,1759800
339,1112400
20,240800
278,1155300
44,224500
269,891300
115,456400
842,2438900
58,300500
14,96300
89,420500
922,3049200
1517,5154400
1825,5629400
43,255700
58,299800
67,518300
74,377100
17,196300
367,1219600
333,1266900
135,664500
1238,3812100
189,938200
3611,11198300
31,296100
176,743300
96,699400
177,736300
29,176700
165,799000
518,1723400
83,605000
38,421500
29,172400
134,632600
16,136900
10632,31771700
17,267400
1752,5317600
60,317800
598,2077300
47,298400
26,443300
346,1257200
25,378000
894,3201600
32,271200
611,2112500
457,1767900
108,717000
651,2256000
94,669800
21,300000
42,167900
887,2873000
1022,3187300
115,502000
27,421100
7818,24623400
20,323300
1894,5697700
59,289400
64,463500
21,287900
25,411300
15,111200
265,1140700
79,477900
41,501300
105,538700
19,270200
619,1954900
32,244800
24,415800
1594,4983500
394,1353600
105,547000
1171,3753900
112,378200
1103,3506000
75,369700
166,888500
32,243600
22,346900
1143,3591800
5193,16499000
44,290300
18,195900
153,916500
45,306500
60,322300
70,300400
167,1076100
31,209000
2216,7419200
286,1042900
28,133800
18,194000
507,1517800
143,526000
92,598100
268,846100
414,1431400
496,1615000
821,2658000
19,211500
28,116800
113,427300
14,83900
26,449200
493,1530300
42,213500
74,345700
355,1304500
45,267000
671,2227700
343,1207000
68,634400
17,212200
14,122100
36,371200
14,81400
264,1154600
4416,13314600
15,150300
61,344600
14,97000
1800,5359000
108,624500
15,130100
21,263500
154,501000
52,476100
632,1911900
111,745000
1216,3796400
30,230100
1684,5193500
213,760800
600,2185800
119,595400
28,133500
221,984500
16,145300
80,514500
39,434500
2004,6374400
711,2584600
17,204200
305,1219100
849,2642400
52,462200
270,961900
68,530000
47,300600
123,661400
135,652300
5873,18261200
990,4118100
14,174500
32,303800
8777,27711600
34,369100
5908,17704000
69,12788200
14,112600
17,176500
206,865500
31,250400
27,432600
46,340800
31,210900
2533,7550300
56,210100
104,465500
15,127400
403,1425700
59,285000
4598,14651900
22,314800
10047,30523300
4731,17141500
4959,17562300
14,134200
26,433400
204,798700
66,632500
616,1986800
1558,4835100
39,457500
128,471300
26,412200
24,339500
438,1411500
2495,7999400
735,2634600
48,361500
141,475400
30,178900
115,501200
56,212900
118,565000
167,813700
23,342600
86,350500
18,215800
18,196200
123,606400
50,443800
875,2677600
336,1052200
1345,4166600
30,189000
89,494400
22,349600
294,848200
17,235600
554,1949800
185,664800
238,672700
35,441300
57,257200
37,384200
42,154200
111,645200
19,221700
7401,22283800
38,407800
101,522700
370,1313100
2702,8280200
741,3155200
203,880000
62,365800
169,601300
194,958300
69,558600
1570,5140000
28,126600
197,805100
622,2073200
99,472500
26,519000
691,2486900
90,477000
15755,48938600
1106,3625700
230,809600
323,988200
25,368100
1497,4688600
1862,5467600
257,882700
32,237100
54,496000
34,296500
221,935700
82,658000
18,222500
40,466700
48,306500
35,352600
17,179700
72,395300
101,422100
168,509700
38,430200
56,232700
118,528100
664,2157700
20,443800
165,988700
108,918500
1082,3533500
388,1518900
191,950600
213,825000
407,1224800
102,439900
394,1204200
84,321700
30,198600
20,313600
120,580000
24,343100
2580,8481900
17,192600
1098,3557100
55,669200
14,92100
88,446800
21,287900
1748,5620800
28,125200
99,433100
163,814500
28,133000
77,470000
373,1454500
111,782700
149,732400
206,857000
52,430200
8758,29371800
115,569900
14,122300
329,1489400
29,191300
3734,12521200
969,3134400
367,1382500
1781,5805700
141,619200
2325,7072400
18817,56694800
296,1030200
31,200200
17,163400
1736,5013700
35,330400
78,623700
122,769800
10413,33261900
1055,4331300
24,514000
288,1077300
493,1662700
40,521200
24,392300
17,164900
118,596900
4492,15259600
813,2980000
17,184200
214,1029600
45,266800
21,289700
30,177400
48,339400
226,812100
21,301600
23,320700
18,246200
19,400800
130,775200
36,452700
36,417200
77,562900
206,1121800
4814,15375000
856,2946400
61,419800
26,467300
41,479600
18,319600
76,503700
104,634600
172,742500
30,211300
4508,14356400
49,407900
23,376100
28,148100
76,459000
39,476200
74,411400
38,448200
73,342700
378,1186700
5517,17902200
74,466800
26,544400
102,524200
195,1914400
161,793700
38,433700
14,90400
563,1861400
177,827800
44,240900
29,145300
21,278000
242,960100
18,254400
1442,4607500
27,459400
30,174600
26,427000
1611,4608300
32,233200
3077,10214900
16,220800
539,2276500
762,2954200
34,372700
263,1166200
50,391900
799,2510800
2468,7791900
49,357700
51,558300
598,2077100
17,277800
19,221700
14,83900
111,694000
46,318200
134,625500
654,2303800
36,378600
190,798800
1225,4415300
99,382600
18,205500
9356,28147900
56,274100
789,2658900
34,311400
17,180200
69,621800
44,226200
71,298600
31,246300
1400,4317500
7047,22127100
193,1340600
19,236300
83,612600
21,376000
115,529900
5703,18038800
3839,11789300
31,309700
160,631000
380,1361600
21,272900
433,1597400
60,313500
25,443100
490,1608700
1130,3548500
122,717100
1168,4121200
169,559100
272,1039900
25,384500
65,435900
21,362700
28,162600
62,395000
198,745500
20,307200
58,274500
774,2565500
65,489800
32,238500
43,216800
186,679400
14,88600
752,2390300
4389,13659600
210,622300
227,758000
14,81300
27,443600
2615,8106600
30,214000
43,189300
17,172000
61,324400
24,452600
103,488200
682,2387400
24,393700
109,631100
148,689400
70,288400
229,813400
66,534900
207,850700
93,547200
76,537500
371,1339400
14,124000
2721,8099900
7963,25957300
36,458400
30,231700
1198,3576200
251,1082600
34,297800
15,134600
44,226300
324,1122800
22,328600
15,109300
350,1065500
94,553600
39,502700
11845,35344100
865,3082700
89,457400
50,371100
15,108200
2848,8594600
69,629200
415,2119500
244,1191800
261,1074000
290,1076100
26,428800
24,498700
19,282000
21,347300
343,1283300
22,299600
70,240500
114,454100
90,513500
797,2709800
194,909400
40,609000
998,3163900
201,753700
32,259700
23,409500
749,2685300
65,530300
400,1442700
44,221400
1479,5056800
478,1512700
246,1285300
2146,7343900
24,487400
18,214600
151,817400
14,96800
63,389700
291,1426200
4486,14791900
1661,6085800
52,441300
742,2611400
1650,5756500
243,914400
454,1554600
669,2508500
32,241100
158,718700
85,323300
12190,35796600
1798,5273500
27,444600
20,269300
40,437700
4283,13016400
297,984500
112,343300
1472,4253800
4679,14078200
141,509200
87,363800
46,267500
77,436000
57,214500
3271,9876400
933,3011300
703,2912500
19,251000
47,534500
14,161100
4864,16184900
126,405000
67,537400
62,430100
155,481100
38,378900
31,241100
75,393400
105,535000
648,2198400
929,3367000
56,229300
37,366500
99,412300
1527,5193100
38,475500
28,139800
1354,4182700
1197,3650600
137,1141500
96,584600
50,460700
794,2678600
208,954200
1112,3629500
18,206100
281,973100
87,502500
14,85100
2702,9224400
25,515800
50,393800
160,840200
27,472100
25,449400
87,409200
68,519200
28,138100
127,480200
133,746400
16,162200
21,270400
39,487000
15,113000
28,124300
922,3230600
15,158500
38,392000
21,288500
32,232100
159,643800
94,626800
417,1552900
48,373300
21,384000
647,2215200
59,374400
52,485100
21,286800
14,113700
14,108000
292,1285800
454,2009000
79,615500
17,214800
361,1625200
1091,4185800
34,374800
356,1342400
59,326900
34,297400
38,394200
21,271900
46,353300
165,915700
49,374400
134,651600
14,109500
1487,5214000
88,473600
775,2735400
24,418400
972,3405400
443,1922600
871,3370200
38,435700
277,1200900
45,266900
2179,8033300
18,323700
904,3230700
575,2337100
24,514400
152,1224000
195,982800
26,554300
19,291900
73,373600
46,345700
122,847700
43,195600
2307,7749700
116,560300
168,518000
69,695600
207,1067900
30,304200
59,361100
59,411000
695,2727300
160,692000
86,371800
49,393600
99,426800
427,1463200
54,516400
170,772800
11917,38282200
41,519200
43,193500
151,880900
73,373000
173,676800
76,474600
42,203600
174,714800
131,561500
161,961200
75,613800
40,489600
425,1582700
130,522700
22,303100
38,387600
35,353300
85,353100
169,538500
14,95800
212,774800
317,1113800
70,286700
24,351700
945,2878300
89,460800
125,696500
10914,33926800
28,178200
4090,12188000
381,1194700
16,148800
1327,4773500
40,557500
141,533200
742,2314800
887,3104900
18,232800
19,231600
399,1588300
29,176400
531,2009800
118,638300
396,1351700
150,771100
727,2627900
74,542900
33,384400
413,1658400
1607,5189900
838,2998200
67,548700
28,128900
237,1141800
666,2277100
37,477200
280,790600
100,480000
61,365100
170,550800
14,84800
225,784300
149,687500
52,450000
66,514300
2925,22116300
126,441900
2530,7912000
40,472800
1435,4303900
30,226100
120,631500
732,2400300
10561,30601000
315,1162200
21,328500
116,623500
891,3448800
13811,41399600
18,265200
389,1682700
607,2077200
23,428200
306,1264500
18,199800
7110,22980300
116,596000
368,1166500
14,85200
634,2749200
962,3809200
27,625800
65,464900
551,2109200
10437,31620000
468,1669100
88,469000
25,561300
248,1026100
17,173600
14,83300
20,240800
52,540600
19,288400
2415,7606600
11228,34133100
97,668300
291,1306000
189,815700
1135,3431400
37,362900
17,219100
2596,8060000
431,1831600
336,1122300
3501,10728700
75,497800
19,227900
75,377800
15,123200
15,122800
86,506100
77,533200
37,465100
19,323600
30,233500
15,111900
16,210400
374,1537600
22,361300
466,1683400
11392,34958500
29,208000
262,1077000
161,727700
46,294000
3081,9060100
1368,4358700
126,384000
225,953300
3177,9669700
1743,5351200
283,1046200
424,1310800
174,644200
101,412200
195,924700
3323,10921600
290,1603500
63,510300
19,277200
3902,13362500
4503,14844600
24,460200
983,3947700
1318,4482000
495,2185300
205,1035000
32,300600
876,2907800
859,3180400
16,299000
253,832400
303,1517000
49,419300
45,279600
94,559300
18,260700
14,91000
17,177000
72,316900
49,344700
1628,5795400
385,1629300
179,1059900
23,387100
93,574500
21,277300
14,99300
10464,34959100
148,902700
9607,29049000
19,251900
26,447200
22,313500
72,343200
75,409900
19,224700
384,1274300
138,753100
4850,14528900
19,240900
2557,8358500
412,1531600
103,526200
189,963400
5626,17542000
21,439300
216,1423400
2315,8061900
856,3157700
2875,10275200
1376,4557400
18,209800
15,111900
25,455500
115,685500
56,260900
291,1475500
34,357700
875,3923500
111,846200
270,1266900
67,688800
1002,3356800
22,320000
251,1317300
47,333300
19,218100
8314,25671400
218,1084700
55,742600
62,424500
471,1644400
246,1080700
173,688000
178,871900
92,529500
3191,9445800
9370,28264700
26,493600
3497,10247000
44,222400
16,158000
32,236700
2294,6658300
70,318500
23,372100
1489,4321300
15,172900
18,267700
41,601400
78,593900
30,214500
15,143600
14,100600
482,1821700
59,291300
207,917500
36,366800
17,182200
159,587600
3854,11162500
50,381500
424,1433700
39,416000
25,380500
64,769900
8937,26660000
104,554200
215,767800
323,1253900
22,374000
2880,9834400
152,849500
31,262100
25,379600
38,408200
536,2026800
102,425000
496,1725400
136,1086900
197,717700
1008,3035700
27,652300
18,262400
57,513500
52,456200
57,239400
17,164400
158,718600
126,480700
16,135400
55,502700
53,717500
278,1271100
1341,4297900
36,352400
22,298100
385,1356800
113,426000
15,187300
54,677700
1991,6660000
122,706200
22,374300
52,459500
462,1331800
79,535000
16,146600
966,3147600
279,1209800
48,327900
422,1517200
23,313300
1133,3745500
16,142800
56,216800
49,411400
1055,3296900
18,197900
18,196900
85,320300
3596,11075300
876,2920600
6341,20127500
287,1173200
40,549700
24,356900
72,341200
139,805200
52,462500
208,913300
859,2787400
36,355700
3390,10522200
46,294000
887,3221500
701,2239200
539,2048800
85,353000
55,507800
96,715400
856,2820000
8932,26821900
116,536200
48,400300
97,651200
47,294900
397,1356800
38,394500
97,700200
278,1093500
18,206500
97,720600
20,256300
37,379400
181,878200
781,2550100
756,2216400
14,82000
39,447600
22,357300
27,487000
148,715500
30,200700
122,696500
6468,18580900
705,2469400
30,328700
177,805900
2297,6664400
59,334200
6832,20783200
20,265200
40,566600
17,197900
1684,5679400
180,1018500
16,199600
20,246800
47,414000
2832,9124900
24,379000
24,549600
1085,3608100
44,299400
62,385100
26,398600
27,448600
40,486600
19,232500
77,414300
349,1609100
20,299100
40,514300
38,399000
347,1291800
29,147000
116,535400
32,250800
2604,7999100
37,439600
912,2738400
208,866100
316,1166700
206,846900
152,844900
229,789600
79,515300
15,112200
1158,3537400
1274,3618900
14,109100
234,949700
851,2949000
473,1844600
15,144500
1235,3795400
195,948500
232,848900
124,774500
42,173100
14,89600
2776,8513400
48,392400
14,90000
97,603400
21,288600
62,418100
34,322900
120,574400
31,212000
28,196100
131,536800
10166,31337100
278,1212000
59,292300
1403,4774200
100,424200
54,464800
154,568400
16,169400
5766,18025100
22,318100
24,376900
39,434800
83,587800
27,528500
1443,4837800
3661,11352400
31,268600
58,253700
215,887800
19,253500
37,400000
30,184500
112,452000
22,351900
36,407700
17,164300
50,383600
3237,9804600
380,1269000
56,199700
367,1279400
48,327700
25,411000
660,2065800
733,2172800
4201,13395800
57,331400
14,126100
36,491100
70,343200
14,111900
20,319800
16,190300
29,248400
312,1499800
16,225600
15,230100
44,270700
124,863300
48,413900
364,1298000
51,673700
16,182100
120,599000
34,296400
247,1079600
26,543100
23,366100
105,728600
25,467100
28,131300
29,186000
1925,6052300
24,387800
14,95700
42,188900
32,543200
77,594500
26,530200
54,720000
1318,4149100
220,957300
14,106300
16,162000
21,268500
305,1202700
18,193000
37,452600
78,486500
392,1232400
41,458000
71,266800
981,2925100
304,1153200
215,1225000
13556,39963700
55,1310400
2890,8853900
34,314700
134,609800
235,1060900
67,508000
49,358100
2689,7987000
170,777700
34,282300
202,826000
30,183000
161,681200
1340,4089200
996,3239100
19,233100
174,735400
3501,10442200
39,447200
66,467800
545,2037600
147,840200
1566,5189900
191,1011300
369,1410500
22,373600
60,334900
68,584300
150,734600
63,385300
4128,12393400
46,430000
1643,4967200
2101,5961800
54,550800
5247,15704100
41,505100
55,517900
20,251700
75,385800
26,507200
67,600900
190,799500
79,596000
2972,8846700
59,305000
22,299400
55,519400
63,398300
1280,3947400
44,220100
2128,6901900
88,441000
21,298500
24,369600
87,356300
33,299100
2599,7805100
14,100100
50,392000
61,339400
2561,7884300
27,499000
81,586400
15,109600
119,662200
465,1851600
28,191700
397,21986400
180,994400
67,541100
151,764900
403,1433100
112,426200
20,335200
57,367200
103,781600
224,741300
399,1329600
14,113800
501,1922200
171,910600
37,365000
143,571500
15,115400
14,100400
14,96700
74,379600
977,3048400
376,1382500
2401,6996200
15,116900
276,1103500
5178,15077900
42,204700
123,677700
12512,38307500
64,559000
2220,7167700
2782,8478700
271,998400
99,328800
14,91000
100,378300
95,657100
174,682900
1020,3055000
40,433800
6351,18831400
30,255400
126,412300
31,245500
41,578400
12706,37525400
27,555700
15,175800
1999,6905800
191,974400
16,179300
136,675200
329,1351200
242,907700
429,1470100
1605,5916100
117,806400
1189,4425500
95,591900
56,199800
59,471900
395,1452900
15,160800
84,368500
31,248000
15,160300
47,331400
5454,16613800
16,223800
568,2001000
7055,21446300
96,631400
283,974000
23,389600
28,120600
611,2304400
21,364400
25,463800
699,2686100
1563,5017900
408,1312900
110,824500
2176,6958200
58,272600
82,622200
321,1527900
69,661800
323,1128900
30,192000
434,1554100
157,580200
617,1971900
44,231200
31,221200
14,81400
2114,6131500
134,596700
645,2010700
632,1981700
167,772100
38,528400
34,363300
28,200700
37,474300
115,486200
1324,4054700
68,571100
31,235000
9827,31707400
106,787100
20,256300
16,163700
58,288800
2193,6503800
32,290700
115,470300
1023,3309200
631,1831700
33,282100
47,304400
43,213900
100,345900
36,341000
206,892100
4544,13957200
28,252700
121,640700
718,3370500
29,171400
5697,18713500
5137,16764900
215,1143800
72,373800
28,144700
72,300200
175,833000
42,182500
49,398900
599,2018800
145,553400
18,287100
554,2311500
531,2387200
37,448500
50,403000
182,600400
658,1987700
22,368400
682,2716800
30,180600
235,986700
382,1196600
62,413000
394,1324800
209,998500
41,522900
281,877400
21,280900
165,812500
88,364900
137,777600
63,386800
143,493000
31,288300
54,567300
91,667300
167,916800
47,304800
732,2293300
1789,5821400
28,151600
672,2031000
25,380400
105,488400
43,225500
38,411700
442,1435700
164,872400
38,413500
1887,6259200
594,1963600
19,245300
5054,16995200
38,426500
67,514000
103,477900
95,583900
173,706900
6122,18502700
19,284800
68,532500
61,409600
23,382100
29,191700
14,95500
16,220900
301,1157900
18303,55924700
72,364700
90,814900
157,600800
95,829600
27,572800
132,701300
429,1890500
109,635900
3345,10605700
439,1821900
23,501800
1764,5860400
38,436800
79,498700
81,649400
21,272200
244,900500
293,1601700
559,2104800
16,142500
83,661800
17,182500
319,1255200
62,419300
356,1273100
496,2208100
205,842400
50,409700
8271,25932400
607,2138400
3118,9799100
52,452400
74,427100
502,1845000
57,240300
44,249800
119,549500
152,817400
452,1604900
28,148600
208,966200
14,82200
103,480700
33,254800
49,395300
73,360600
42,166500
114,400300
109,759200
33,359600
395,1260500
30,222300
83,632400
721,2607500
48,326300
15685,50284100
415,2267500
547,1790600
241,863400
101,550000
38,539400
437,1828500
39,551200
287,1590400
35,528500
165,1290500
160,1063400
24,603400
82,982800
3124,9989000
218,1443000
23,483100
40,491200
73,458300
19,268500
3354,10945800
935,3196900
46,278500
896,2935000
200,782900
526,2638100
31,227500
406,1326200
416,1668400
24,444400
96,687100
479,1651600
23,364200
311,1213000
27,479200
21,298400
534,1773700
281,929900
106,566500
44,272500
489,1999600
42,198000
7402,24639700
213,873700
67,639700
631,2021900
31,302200
126,412500
21,308900
398,1500400
1196,4531600
35,323400
1222,3922400
13435,44217400
245,1451100
120,562600
16,139800
3955,13091700
150,967400
1098,3992700
15474,48565600
142,573500
268,1027100
112,472900
19,329500
193,1045000
17,196100
94,605300
47,375200
688,2673600
30,261000
29,199100
108,805700
906,3481500
80,529900
41,528700
3258,11185300
2195,7111800
149,753300
66,508900
138,941800
107,754500
142,594300
2172,7645000
270,1049400
61,408500
22,373100
1242,4892600
191,1080100
34,355000
45,282700
1835,6629700
98,378500
78,477400
25,434100
187,854500
35,484100
326,1338600
100,499200
40,759500
5133,18219200
28,160500
840,2519500
110,843100
1417,4513300
227,874900
93,521400
235,1077600
17,195900
337,1252000
108,750300
303,1571700
145,635600
739,2749800
44,263500
34,370200
107,624500
60,340000
74,355300
70,338600
92,525600
249,1192700
14,105800
2193,7997200
34,370900
59,309900
39,430900
925,3009800
196,622800
30,201900
304,1185200
114,470300
309,1087200
22,321500
50,391400
14,82400
1009,3049500
32,241500
22,299300
85,662900
1573,5208000
1197,4102500
25,490600
35,429600
204,1045200
14,99300
395,1500300
15,185600
50,391700
26,605400
26,442300
390,1782100
70,289500
4460,15164500
27,512700
47,342200
245,1077300
2602,8379000
25,443700
53,489700
932,3782000
203,1013000
52,486800
17,172400
59,300600
152,806200
188,754900
15,112200
15,133800
645,1968800
14,101400
58,335600
921,3186700
62,373700
36,385300
16,150800
201,816400
2674,8400700
31,225800
20,278800
721,2378900
633,1939800
950,3113600
328,1149400
33,502200
47,326600
49,405500
349,1454400
26,409400
22,429500
1375,4357800
104,576700
51,406400
18,207200
54,549400
136,708800
25,391600
23,378500
193,934000
34,305000
56,215300
141,527100
5663,18105900
54,570200
15,428900
87,457800
20,272400
16,142800
2342,7086700
142,587700
35,523500
27,473400
322,1077600
61,331000
696,2307200
2298,7578700
168,671500
79,594200
202,1204000
707,2532700
163,905900
74,350000
179,846000
31,270800
743,2591000
143,627400
63,538200
38,512400
468,1652600
165,848700
4135,13376600
155,614000
17,182700
714,2146500
60,325800
246,1011400
26,446600
75,544900
138,780600
16,192400
1617,5968600
3249,10336300
118,551400
42,168900
94,793400
308,1092100
174,687800
9953,32201300
2766,9473600
558,2328000
1122,3927200
339,1188400
397,1393600
9074,28981100
429,1573100
2472,7927800
21,296000
213,1029300
96,713200
9270,28444700
64,463700
197,654000
37,366200
288,1086000
27,464300
340,1188500
169,559600
30,219300
113,14378900
34,464600
29,186700
1500,5739700
9380,29680400
94,700300
1391,4164700
130,540500
1499,4579600
50,381200
52,454200
152,844900
17964,58751600
20,351000
70,302800
72,349200
179,1030600
16,224900
34,424100
84,368700
248,1398500
208,1163100
3203,10727000
142,549400
46,389800
40,465200
2822,9420500
525,1862900
1030,3497900
31,223300
831,2874600
178,1028400
29,171900
216,1084500
139,819200
1906,6085900
330,1256500
4735,14554400
18,266200
4058,12680000
388,1831800
1057,3780900
1144,3709800
164,790800
88,415900
3327,10233200
111,780200
1747,6300400
807,2933200
199,832700
6203,19704000
4530,15575300
62,469300
62,355500
260,1201300
38,660400
340,1445600
202,800900
16,139000
27,458700
38,397200
38,430300
31,205600
26,401200
490,1495500
18,193800
154,530000
15,126500
118,563800
14,94200
61,327100
656,2277200
24,412800
221,1017000
109,702700
444,1825100
53,461000
2311,7318800
1071,3267100
1167,3508700
93,637800
179,855200
817,3021500
603,2312000
280,888900
427,1483600
5450,17223800
519,2000700
93,564900
13423,42211900
16,267400
66,498900
17,164100
519,1617300
17,170100
156,617900
31,202800
15,110300
467,1744500
86,387600
35,326000
2093,7668700
51,461300
367,1491100
43,240400
480,1770900
95,593600
446,2039100
41,552500
186,751600
20,306600
11990,38514500
51,485900
15,116300
95,622000
232,1239600
879,2908000
195,968900
448,1741700
9888,31193000
1021,4167900
17,213200
14,85200
20,311400
54,653700
58,324600
54,648900
878,3467800
418,1933200
239,962000
94,592800
33,332100
20,368200
5499,18634600
54,620700
685,3019700
412,1882700
3575,12873000
14,152200
38,410300
1396,4903700
24,401200
70,233500
219,1101800
15,167600
419,1746900
62,464100
46,278100
3080,10340100
560,2080000
232,949300
2108,7304100
127,590200
51,432600
41,469900
40,572400
1598,5041400
18,232600
145,699700
64,473100
195,945300
91,509000
35,558200
18,264300
1098,3742600
52,536600
80,605400
133,637800
19,285200
46,401200
25,435600
177,794600
250,1454900
30,204600
11173,35418900
149,821400
1280,4308000
15,146800
868,2828100
15,205100
24,510700
26,539300
30,244700
4066,13843900
27,488800
57,307000
93,629800
57,254100
2444,8832600
24,455500
56,238800
77,518700
29,190800
18302,61886700
1964,6693900
59,501000
25,594600
1741,5850000
90,542500
70,236400
18,227000
87,509800
51,529600
38,544500
953,3079100
390,1732700
125,996600
18,311100
33,352900
14,111200
11012,37086600
645,2264400
764,3033100
18,263400
126,543500
55,730800
500,2013600
364,1242600
629,2530000
1716,6008000
22,345200
36,344200
65,512900
41,576700
202,935500
49,351300
1550,5395900
1881,6626900
573,2250200
81,558300
173,740500
186,713900
44,296400
163,753100
97,642800
41,545600
1183,4363100
76,524000
27,589300
92,666500
375,1571800
34,292100
314,1563700
575,1689500
28,156600
648,1938000
24,370600
62,381000
39,443500
46,456500
2496,9222200
40,467500
50,393300
24,471000
48,396500
1528,6470000
174,873100
2550,9245900
374,1865600
71,446700
1586,5489100
136,800100
49,515600
26,568800
387,1407200
169,609200
1376,4675300
13845,44628900
21,321200
327,1330900
26,418500
24,404900
112,404100
2418,8192400
19,294300
117,557600
705,2473200
673,2358600
84,301900
17,167300
24,347400
981,3127800
121,650500
9799,31612900
1044,3997800
28,159200
15,139700
321,1552300
20,260100
33,285400
1424,5621500
304,1302300
492,1575700
102,601400
716,2701200
43,267200
2521,7620300
296,1097200
25,393300
58,297300
108,786400
861,2877200
14,125000
337,1383900
222,1378100
167,1230100
367,1490400
136,793200
48,446200
21,309600
504,1554900
597,2519400
437,1484300
23,400600
863,3243300
61,487900
19,312800
562,1831500
10461,33665000
480,1858000
38,485800
211,926900
397,1449200
46,311400
21,275300
216,1068200
82,611200
431,1982700
38,617100
60,408400
98,358300
8166,26004700
326,1282900
244,1075600
52,532200
28,147900
546,2299900
99,449800
98,423600
39,519300
18,303200
1278,4097900
764,3043400
3748,12160100
7251,24769500
321,1652700
1941,6754800
16,200700
457,2011300
585,2211600
50,410900
85,327300
81,587100
72,458700
224,919900
129,538500
38,461000
65,447500
566,2208200
93,589000
193,900900
2252,7437900
529,2330000
19,383700
28,144200
7533,23981800
194,938400
77,486600
3406,10270900
1979,6063800
174,816800
23,394900
239,972800
22,381400
53,549700
25,489700
18,231800
143,622100
269,910000
2886,10178600
366,1318900
70,332400
40,604900
27,434200
30,264100
409,1388800
232,1351700
22,325600
221,1010900
23,330300
158,616600
16,176600
585,2199200
142,633600
185,648500
3806,13118500
2519,8657000
36,431300
54,490800
286,1137500
462,1412600
465,1567400
6932,21314500
180,1152200
61,444600
549,1693300
7356,23908000
2204,7547000
432,2019200
462,1591300
29,176700
58,358800
31,233100
95,884100
19,246100
16,142300
309,1010400
66,492000
2534,8944200
662,2188300
24,361100
812,2640600
259,1238700
26,528300
91,654100
129,645200
212,921700
405,1915600
1632,4985000
654,15908800
17,209800
111,1039900
821,2761000
17,199300
79,520600
156,681400
54,501400
46,274600
152,765500
311,1076100
31,199500
58,243700
63,411700
240,832900
21,273700
93,578100
60,326500
29,190100
337,1171100
10190,34397400
70,351800
77,612600
19,386100
311,1269300
44,282600
595,2340800
146,823600
59,318800
25,383300
57,308500
32,346200
21,283000
25,411200
16,145600
25,381600
23,377000
1725,5501100
942,3313000
30,213400
134,776500
36,510100
52,531800
21,508100
319,1494300
196,625100
2843,8645100
107,868900
1232,4321600
14,146200
134,866800
53,577500
98,332100
22,336700
3833,13260400
842,3566800
2499,10302600
3285,13098700
99,716900
339,1445800
16,233400
4074,13370400
44,291400
1209,4497100
24,404400
14,105800
79,597100
133,779900
17,207800
15,160800
214,884400
1788,6231700
68,759600
72,309100
181,1019400
1567,6217700
55,603300
972,2963700
1431,5153000
205,903100
715,2487300
6855,22836200
133,704200
1947,6317400
1122,4315700
18,256200
271,1128200
180,1226400
50,539200
15,158800
86,379300
229,911900
45,250700
376,2023100
285,1083200
201,808400
459,1551200
4678,15264400
47,319400
108,690000
1407,4507800
35,350900
1076,3591300
48,354900
112,353400
15,109900
23,371300
44,416900
687,2798100
18,208300
148,719800
24,419400
3683,11535900
53,612300
470,1685700
72,393000
14,87300
47,342200
325,1048800
134,793000
98,474800
177,896200
3625,11862300
73,350300
181,900700
808,2813900
25,423900
22,339600
39,422900
40,532300
343,1299600
25,393200
264,1578000
31,241900
26,433100
24,396300
260,1205100
14,95900
52,655200
40,509900
16,154500
15,114800
1722,5895400
212,854500
19,273600
25,485700
25,513600
52,566800
20,315500
403,1698100
46,400500
674,2245100
91,497200
231,1161600
750,3098500
225,781600
232,939500
731,2235500
737,2370200
224,749200
271,1066200
376,1493200
6730,23606500
115,505400
197,791100
205,884300
26,467500
54,566600
1965,6191800
122,633600
93,673300
43,257000
81,646600
57,233200
51,483400
4177,12614700
616,1967600
4637,14942800
41,628400
76,513500
366,1227700
27,454200
33,265000
46,409000
23,469100
112,435700
14,117600
32,271100
35,333700
174,849100
48,556300
23,471200
276,1477500
1010,3336500
34,416000
51,646200
38,492600
2863,10082700
4628,15022400
34,348900
39,423000
1007,3502500
36,348400
30,364900
2983,9344600
41,505500
94,563600
16,156700
23,366800
19,273900
35,358000
56,204900
22,311100
3910,13144200
343,1411700
125,759900
17,201800
64,500700
98,383100
22,307000
105,554500
264,1211800
4476,14455400
20,339800
25,680500
18,499600
32,246100
311,1149000
8531,27820700
146,774400
78,524800
91,653300
5335,17798500
61,395100
1042,4291700
17,220100
686,2295800
4900,15699900
81,616400
165,999300
37,362600
1505,5485600
22,407700
68,605300
37,426200
26,495600
50,492400
16,170400
3985,14045500
134,678100
21,320100
926,2971000
48,366600
203,889100
51,542900
137,912700
15977,51055500
344,1551200
16,164800
3525,11795000
1216,4983500
22,467200
155,641800
44,224900
15652,53679600
176,1159900
707,2703500
33,269700
225,711700
90,663400
25,469600
1993,7562300
195,1137200
17,225700
180,886100
28,197900
12942,44034500
18,350100
3368,12099200
725,3089100
38,608900
1176,3905700
31,298400
16,155400
103,611000
75,590900
29,205800
40,459900
16,141900
50,448400
41,487500
86,383500
766,2673600
62,399000
1450,4671000
27,659900
29,187200
201,778500
15,116300
741,3341100
1960,7092900
28,222400
155,577500
30,198300
26,511900
16,204600
35,340300
24,369000
93,594500
127,492400
203,834400
781,2879100
35,328700
413,1460800
924,2675900
4927,15656600
81,778000
17,296300
27,437000
168,599700
55,628900
14,110100
108,582000
603,2152800
87,482500
508,1771100
163,727500
843,3024000
368,1300200
97,774300
125,955100
21,276900
68,706400
18,275600
15,143700
15,142800
2704,9035200
16,490300
632,2317900
555,2205900
148,696700
58,303700
164,780600
406,1475200
113,400700
1303,4158500
337,1339700
27,621300
35,572100
106,811800
19,281800
34,360100
56,314100
15,130500
21,305400
574,1931600
146,651100
121,603000
316,1275000
262,1240600
14,116300
39,704700
2832,9460000
187,979900
28,126700
1172,4322700
15,185100
361,1397600
1260,4389400
246,1076700
371,1472300
149,745400
50,491600
27,508100
3951,14375100
19,309900
1419,5222400
1168,3978300
192,1034800
22,336600
26,429900
131,797400
71,301000
74,356600
21,298700
14,105600
54,595200
1458,4626600
239,948900
345,1395200
90,606600
97,779300
565,2160000
14,130100
16,171900
280,1096700
435,1868700
20,338500
6368,20188200
17,197600
11965,38462700
143,736300
58,314200
42,167800
94,751300
3358,10657000
559,2405100
31,229300
152,854700
259,1423800
1004,4250700
86,394700
107,636800
50,503200
144,805200
430,2165800
327,1374900
6643,21539700
190,980300
805,2743800
1614,5259400
385,1613400
27,602200
36,418500
14,83500
124,741600
49,364200
26,399800
27,554900
137,893900
218,985100
5396,18462600
15,315300
22,484800
5164,18179800
260,1067100
145,613400
292,1468800
17,191800
633,2202900
29,181500
18,195900
1080,3760700
40,678700
161,923500
1921,6602700
123,702000
160,739400
72,343700
37,416600
344,1395300
412,1477800
86,462100
585,2192800
5571,17678800
14,106200
92,567000
181,1214400
678,2315600
880,3061800
23,346200
67,546200
2056,6986700
66,631600
166,873000
1509,5315400
86,399500
402,1501600
32,265600
16,176200
31,232100
3012,9794300
117,538500
68,643800
22,415100
120,676300
73,331100
3472,10711000
49,442600
58,331000
22,302400
53,468100
740,2671000
132,634800
110,679400
55,751500
19,299700
17800,58833500
90,537300
255,966300
59,343800
2575,9039400
93,563200
198,743100
207,929500
20,292500
48,424000
43,213700
37,389500
92,574600
14,84300
37,455800
17,223100
75,394500
477,1634800
244,1066400
86,397200
214,767700
449,1871100
61,505100
183,833300
1229,4719700
15,165000
33,276000
706,2461800
18,214500
401,1501400
15,117700
959,3537200
273,1056200
32,301500
140,560500
28,128100
423,1331200
408,1539200
14,101900
14,96800
5492,17868800
109,661800
190,1009800
126,459700
72,431600
122,932100
331,1435600
29,222800
10830,36509900
21,493400
14,125100
4366,14810000
17,190200
114,627600
117,633500
2537,8278600
2409,8262000
1681,5558100
163,911700
80,681800
20,297700
139,913700
16,158400
35,336800
482,1842700
37,373800
139,1031700
1201,4189600
70,258600
240,939600
62,521700
48,400500
42,183400
19,269500
163,835800
17,213500
281,988500
63,423900
61,386400
4472,15213500
4612,15859200
3032,10118800
121,638400
81,604100
23,497100
37,407300
55,524700
164,1091500
224,699800
802,2554100
68,567300
3049,11395800
29,208300
85,402700
15,155500
121,933600
47,441400
17,206300
18,242400
83,776300
800,3261300
23,332100
535,1885200
76,532000
169,747900
4445,14683200
24,458400
1205,4263100
57,270300
44,240200
74,355200
33,266800
313,1227400
30,206700
3936,13157700
1580,5385600
611,2754400
60,359300
3280,11151300
1789,6158300
177,830600
34,305500
16,161400
41,566600
20,251200
82,596400
406,1372100
44,238000
64,450400
39,447400
84,325600
330,1188600
18,214000
369,1333700
24,428700
196,748000
16,140000
14,126200
9371,31352500
6517,21445800
14,124400
34,374100
36,362400
18,203500
21,271900
26,426700
35,350800
954,2960500
1805,6448400
786,2815500
14,134100
61,464100
367,1514600
18,218500
17,186900
210,796300
253,846000
114,555400
91,503500
33,267300
128,657200
86,401700
134,610700
479,1611700
385,1700800
65,606700
1717,5635100
77,421800
25,483600
3923,13144300
1063,3878900
10254,35068600
14,187900
23,442000
962,3298000
2189,7294900
35,401300
20,259400
39,419000
4770,18026200
32,252600
67,806500
23,458000
48,509000
13333,45651600
20,372700
322,1760700
34,409000
61,401600
118,664000
51,565100
161,812900
24,393500
257,948700
96,626200
3088,11467200
1020,3897900
2201,7176400
31,237200
25,508600
191,1067000
685,2828100
90,587400
286,1154400
44,294200
235,1237400
16,189800
48,346600
15,153500
38,532800
21,276500
1567,5643400
47,349300
459,1745400
216,946000
14,120300
45,405400
144,591900
14,116500
5420,17448200
1674,5347500
26,417900
101,444800
45,281500
6124,19916800
290,1535800
184,721100
130,733100
5747,18434100
14,103100
52,628200
28,164700
649,2426100
62,413100
43,238000
17359,56705000
16,257000
239,890100
226,804800
29,206100
1203,4595000
5517,17958600
1875,6873400
686,2479600
387,1496700
25,402400
29,157300
137,941000
55,527300
15,118600
31,294900
32,252700
133,639600
14,92700
22,357500
525,1853300
14,86000
422,1741200
3741,13462400
38,642800
96,865000
31,286100
208,1174300
110,843300
149,878800
753,2562800
37,439900
1144,3795500
1065,3484300
47,545200
38,489800
1204,3774100
48,390700
211,735700
162,716200
939,3578700
15,127100
29,178400
120,736100
152,1016000
682,2454800
168,637000
26,470800
335,1465700
21,476800
220,1051800
58,293200
450,1423900
192,881400
139,739800
637,2393400
898,3133500
23,363300
17,203300
191,1091000
56,201000
20,260100
84,352100
9129,30806200
13319,45290400
132,732600
16,159600
25,494200
288,1261100
44,309800
32,339900
69,554700
27,528300
76,470400
15,127400
42,175600
19,231100
37,354500
2411,7923600
20,398100
26,431700
17,203600
69,583900
368,1532000
893,3507300
917,3807400
55,566400
168,672100
25,416800
3214,10588000
49,399000
99,371300
60,455100
11294,36739700
17,250200
60,392000
2034,7669800
27,444200
290,1202700
7703,25441000
115,604200
31,232700
199,699600
2834,9363400
16,157300
84,307700
20,289000
263,1153800
14,113800
2570,8620400
79,560900
106,570000
209,1020400
351,1130700
122,850800
30,238300
69,617700
1463,4956100
123,917800
1201,4606200
69,737700
36,437300
15,143700
8055,27648000
4780,15945800
105,739200
119,640600
25,443600
64,608900
1645,5906000
19,262700
18,439800
17,217400
222,1131600
55,549500
436,2078700
19,324000
242,1059900
16,151900
33,350600
95,660900
10662,36873800
2081,6925200
505,1627900
35,409400
66,479000
3727,13034000
973,3855900
66,729700
48,364200
258,1083000
1577,5646600
79,646900
36,419000
102,524600
15,132800
18,218800
143,577500
211,928400
65,676300
20,319000
1751,5968800
54,549700
103,508400
68,633300
925,3018100
20,273300
114,443700
22,327200
102,459700
14,102600
44,230400
29,144100
437,1674400
57,249800
221,1036500
1113,4090600
24,494400
17,235900
30,232600
392,1323900
19,254800
33,288500
64,454500
124,713900
94,767300
46,356900
2618,9190200
28,151000
50,413600
436,1505800
2726,9609500
279,1278700
16,146400
71,273500
41,587600
14,112100
6960,21953400
75,928100
1278,4656400
37,599900
14,118600
16,189900
40,508300
19156,63538400
1382,5519200
61,353600
164,879900
60,366500
1977,6538000
487,2067600
41,539300
25,391400
2480,8570100
17,249100
125,975900
71,379100
85,400700
17,239300
26,524300
16,179300
39,530300
2106,7489400
15,132500
341,1220300
17,181500
1725,5582500
1893,6716600
167,969700
340,1273000
34,321900
53,513900
232,1273900
66,536000
662,2525200
87,422800
14,116800
14,121500
424,1589300
76,422500
1059,4337400
17,200800
46,271500
29,154900
652,2327800
97,683700
19,223600
47,292100
348,1475700
335,1525200
15,121600
23,339000
1498,4732900
298,1362400
54,483200
265,1298100
440,1689000
263,1149600
276,1274000
9378,31198800
27,11124400
19,272400
99,375100
158,756000
42,219700
78,509800
49,367100
76,441600
8081,25142300
1618,5833100
20,264000
451,1694300
120,585600
14,96900
68,753500
189,857600
138,754400
205,1084200
634,2230800
872,3414800
15,179600
54,514000
14,92200
62,373400
1522,5232900
701,2318500
14,94900
343,1238500
149,759300
6183,20577300
30,199000
35,344200
6765,22245300
490,1686000
144,710700
53,466600
17,209400
677,2306600
385,1722700
33,263800
2431,8888100
163,750200
446,1930600
103,585000
64,434700
6041,19484200
36,563100
152,870400
64,528300
332,1326700
10814,34225300
97,754100
63,458000
41,496200
44,233200
25,417500
153,1159300
873,3070400
38,483000
103,500400
54,534100
28,117500
105,534300
102,445800
121,632200
33,271200
83,620700
134,724500
21,402500
286,1237800
1341,4586100
37,411300
368,1363700
16,219100
32,237300
263,1162700
5217,17544500
24,384800
39,432700
172,679500
107,632500
3316,11136600
31,264900
25,390100
3450,11805100
288,1127000
2385,8429800
54,591300
71,301800
26,438000
114,643000
343,1563300
309,1385700
15,145800
68,534400
522,2130900
81,653800
18,240000
22,339100
295,1114600
51,473600
21,266600
133,623600
89,547100
26,413100
158,611000
22,425900
16,208700
175,907900
191,1081900
58,273800
10447,34865400
20,279900
5674,18499700
104,689700
792,2884700
58,329600
239,758100
32,312700
4621,14722700
27,485400
8212,28012800
366,1336800
14,97300
34,351600
60,335300
222,999500
565,2296600
18,246300
13740,45065100
407,2140500
304,1488400
218,1047200
29,178500
25,401500
105,791200
411,1496500
38,461000
26,456700
52,433500
328,1289500
21,291400
19,232300
31,273400
1248,4589900
499,2067900
103,630000
24,358900
17,194900
196,668200
25,510300
89,452000
45,296500
12578,43805900
163,1171800
22,337700
372,1720500
37,417400
48,339200
60,312600
16,147300
43,258200
235,1049100
19,238800
76,482500
24,453900
27,527300
1245,5472100
31,418200
109,650700
22,381100
59,390500
28,197300
261,1222300
232,1276000
17,183000
142,849600
82,998100
26,680700
99,446500
598,2371900
131,696300
95,690400
674,2521500
22,398000
18074,64495700
26,667600
132,672300
356,1330100
52,438600
18,301400
16,162000
14,113300
18,196600
51,526700
51,588900
137,956100
32,394100
44,381600
27,674500
2414,9178000
18,211900
1602,5648700
114,475900
3838,13779600
2595,9169500
58,319000
823,3105900
17,194500
30,194300
89,439200
829,3003000
376,1883200
38,391900
44,226400
30,207500
217,975800
1302,4753200
82,687400
79,533100
93,581600
275,1230300
15,139500
7432,26061200
22,391200
773,3085900
29,179300
23,446000
236,1137300
42,190400
206,1082600
397,1717700
61,441600
40,598100
62,488500
166,978600
35,454800
47,347600
1910,6820100
206,1091200
359,1426500
146,757500
14,93900
387,1659300
124,798600
1539,5931200
117,615900
41,514500
48,333700
27,573200
260,1087100
25,391000
330,1489100
42,186900
160,669400
77,490000
23,326800
20,282800
22,320500
423,1589400
666,2188000
149,867000
396,1477700
161,864500
16,169600
39,682400
21,327600
86,499900
45,372300
36,379700
778,3464700
22,332500
54,555000
75,519600
293,1667900
231,1049900
30,210800
25,447000
33,341100
50,539100
97,668900
733,2839400
14,115900
481,2034700
38,461500
48,438300
93,699300
34,329700
44,235800
7561,25858000
14,118500
26,416500
15,117600
1461,5771300
69,657500
426,1756700
20,288000
21,390800
43,298500
740,3097500
249,1319700
90,490800
262,1115600
657,3043800
51,477000
533,1989200
68,677100
16,169300
862,3163300
71,328700
65,563100
60,356100
4220,15540200
118,727000
623,2219400
42,266200
46,405800
816,3074500
20,273600
45,260300
32,291000
58,293800
554,2008900
43,333400
690,2626100
9385,33865000
765,2844800
62,401800
508,1857400
437,1902300
27,533900
85,369100
129,585700
94,614800
304,1301900
73,361700
18,258100
1464,5725700
14,142000
69,618200
510,2032300
474,2098500
166,1054400
17,259700
92,492300
30,186400
236,1178200
94,756000
102,456400
667,2695200
49,441700
103,717700
28,145900
12303,44513600
450,1872100
149,880800
40,823000
196,746500
73,341800
392,1651000
15,188200
90,567300
29,178200
18,231800
250,1292300
40,500700
96,946000
14,136900
25,506300
967,3454300
306,1454400
22,321000
101,561800
56,299700
50,511700
8153,30662300
4324,17318700
7361,27104900
271,1352700
14,95300
213,824500
22,384600
44,294800
2322,9173200
29,275600
656,2778100
32,328600
51,490300
678,2530400
6693,24777700
19,433700
378,1718200
18,277000
42,225700
643,3399600
56,239900
251,1432400
3790,14228600
4710,17249700
21,505500
4382,17313000
1472,5108300
574,1975600
3407,12748700
104,646400
773,2552400
19,234400
26,621800
1775,6665300
16,183800
98,366300
46,356300
21,299600
16,171500
1605,5573000
29,181000
30,191300
89,494300
24,385500
216,831200
22,469800
41,684700
3152,11987700
784,2587200
295,1105500
33,285600
268,1063500
19,257200
47,338500
52,492700
1811,6649400
130,631200
18087,63709800
86,445300
59,335200
39,443400
86,404200
28,143200
50,479100
257,1107200
53,560200
18,247800
406,1329500
56,246900
20,266700
459,1906600
49,595200
7451,26158800
15,184300
653,2509400
460,2289200
224,761700
303,1381000
16,146500
19,243400
22,309600
4881,17009600
696,2803300
44,225900
32,395800
492,2091000
156,584700
358,1464500
28,220700
14841,50611600
58,532800
25,400900
25,380200
18,206700
1484,4855300
77,466400
28,165100
75,469700
21,354800
14860,51410000
16,302600
73,430900
274,1535100
105,540400
10022,37027200
41,627800
20,335600
1198,4766100
331,1777900
45,309900
13047,47597200
38,636600
20,465600
223,1205900
22,347300
31,241400
43,259900
15,136900
16,185400
253,985700
67,558900
469,2559800
115,528500
82,701900
16,183800
104,712200
159,771400
346,1685000
16,178600
88,408200
41,587600
364,1463600
241,1069900
63,607000
18,314300
573,3466600
617,2744100
87,483600
426,2001000
62,624900
53,586100
236,1410800
78,646100
96,1057500
23,666300
892,4659400
969,3695900
48,410500
139,902800
146,745900
17,201200
1143,4407900
12858,46336100
94,815000
54,638300
19,339400
35,338500
46,313500
80,578400
252,896600
26,446200
703,2526800
41,603900
16,147100
231,1135800
15,167800
69,704800
54,520600
34,316300
100,379600
75,429600
170,917400
128,494500
235,1360100
38,726700
16,322800
52,647400
21,474400
157,898300
41,567400
268,1062800
486,2175500
32,318000
21,282000
23,412400
42,206700
2786,9677500
20,273700
2873,9800400
355,1417800
37,427500
63,547400
10745,36311600
35,380500
16,147400
2304,7658800
1551,5632100
28,172400
1282,4284800
65,564600
75,423500
1237,4136500
24,406100
4913,16159300
27,468400
95,649100
16,175700
63,554600
1176,3735100
54,538800
10261,35424200
59,427000
1473,5124600
52,462400
27,540000
29,149700
405,2603800
52,680500
109,732000
230,877300
315,1136500
156,625200
296,918200
30,262800
237,1109900
21414,76278400
50,670200
144,640300
20,302100
296,965600
1421,5242800
40,492100
16,154000
295,1049700
25,393300
6880,23014100
20,283700
19,234400
685,2555700
4697,15661600
7000,24093400
16,203200
5446,17839300
505,1669800
17,194800
513,2257300
27,566500
412,2034500
4653,16024800
22,432500
45,262500
207,1177500
28,267300
106,793000
31,212500
48,415300
34,335800
18,204000
65,465200
22,390900
18,338100
381,1341300
80,637700
205,937600
59,327500
984,3565800
250,1087300
58,286000
148,793800
1446,5320000
51,465800
2449,8998500
58,370600
18,220800
944,3116500
28,130200
30,186300
30,218500
386,1713900
36,389300
341,1227500
67,595200
515,1920400
104,564300
19,282500
315,1186900
55,539700
727,2863100
2908,10641900
179,1012600
149,775800
30,187900
5987,21877300
20,330500
46,310200
643,2575200
15,251600
121,756600
31,307200
303,1412300
16,187000
26,423300
47,313200
48,844000
32,354800
122,937300
379,1460600
365,1443200
373,1836700
224,737500
409,1658300
220,1184500
47,327000
20,308300
3058,10837200
166,963400
33,490700
36,546000
1851,6835500
345,1525900
92,523400
32,243100
51,455900
653,2964500
1646,6043900
73,379100
564,2001600
1716,6016000
547,2048600
39,623800
48,507100
381,1653400
240,924800
88,757900
591,2161400
165,1032100
14,108200
55,611000
51,425400
56,269400
498,1886800
7274,27174100
5983,20184700
76,496000
6377,22510600
257,1016900
27,472300
159,720800
11828,40073300
50,682400
22,349300
372,1410400
63,431400
1875,6239500
225,824000
24,570400
453,1817200
1985,7236000
106,610700
93,608000
48,622800
25,414000
17,188100
20,251400
91,533500
49,507700
18,209300
16,160200
66,542300
166,1126300
2778,9595000
30,232800
14,111500
15,119200
20,267300
63,445000
243,1197900
137,775900
46,295000
38,420100
840,2808200
297,1071600
7082,26570800
1769,7022700
111,831600
1085,4492800
289,1193200
2625,9002400
18,239400
106,595200
14,100000
16,137700
71,304300
191,970900
325,1091700
14,87000
3148,11201600
68,569700
39,443600
7192,24385100
29,223500
3815,12769800
20,421300
50,439800
126,460600
88,444800
137,803700
115,508600
354,1371800
42,178600
64,491400
7781,27417800
35,437800
281,1378900
32,319500
177,951700
14,92000
154,495700
37,381500
52,699900
209,1237000
22,313100
14,177400
90,519400
23,363800
111,841400
414,1760700
27,462700
44,235000
1010,3280400
43,237500
20,271400
83,711300
14,87400
2052,6898200
24,450300
41,501400
15,131400
284,990500
45,251800
378,1291400
20,295500
49,391300
143,643900
4568,15822200
14,139000
23,429800
44,282700
43,300800
28,169900
47,424900
1379,4893500
36,357600
50,454800
574,2153400
32,268500
29,201400
664,2439900
58,325400
24,372700
22,330100
548,1900600
50,411200
26,449200
6053,21167500
24,460800
89,588500
31,271800
75,644000
279,1870900
14,177200
551,2618500
2338,8266500
29,199000
64,657900
23,386800
28,220600
8910,30549100
383,1648900
14,101300
2733,9379000
170,695000
2471,8710700
48,378600
18,199800
34,307900
1203,4613200
7610,27135700
42,378900
3103,10946200
7987,29049700
107,686100
51,523200
17,288900
26,629500
34,327000
66,531000
339,1224000
56,522200
18,258500
35,442900
47,361400
42,179400
19,232200
1520,6019000
894,3644500
424,1503700
42,170600
14,80900
62,516600
24,381500
1187,4249800
136,771300
3113,10986400
9225,32805800
16,294000
36,379000
115,499200
36,567100
18,213700
1554,5325300
36,469500
120,787800
52,702300
324,1117600
53,550600
77,493600
15,112300
54,536500
575,2189900
28,147400
320,1488200
25,522600
1347,5158500
4559,15535600
25,432700
17,195100
101,470200
31,227500
122,923900
163,1023000
1345,5808800
3407,11579300
13774,47933400
7121,24433900
75,444600
217,1023900
72,367900
57,378700
258,1155100
83,626000
523,2231900
235,1199800
163,945300
107,792000
612,2405100
58,442300
43,239200
32,327700
15,125400
40,515400
28,146900
2941,11835400
316,1520100
239,1024700
3083,11583700
63,545000
84,322500
11741,42083500
5133,20054200
2537,9916500
90,530800
67,736400
259,1625000
15,133400
1246,4577500
17358,61649800
6519,23913800
34,385800
14,85800
32,396000
979,3975700
214,1072400
3023,10092900
759,2557800
24,414600
134,848600
125,859500
150,1016600
22,335600
42,161200
24,355300
283,1106500
92,509300
410,1558900
345,1572500
1143,4130800
15,131800
159,801600
1104,3928700
140,495100
27,530200
20,309100
35,435000
454,1688800
139,981700
64,471500
153,1054800
72,423600
807,3102800
46,358800
33,366100
31,243500
37,378500
1676,6979400
17,193400
748,2817400
94,1202900
3118,10784200
325,1349100
288,1640600
1849,6774100
19,302700
2858,10108400
113,430400
51,420600
796,3040800
97,715000
23,338200
54,563900
278,1461600
3018,10248500
83,629600
505,1566500
54,513900
6889,20727900
368,1279300
68,534200
22,324300
16322,49180300
15,186100
19,225400
1784,5479500
153,830000
36,344200
40,470100
40,490200
14,88500
634,2187600
872,2836000
15,138000
63,396300
5389,17914900
615,2260500
1512,4802300
359,1527700
62,375700
109,728700
118,571500
15,111100
152,965300
28,150400
14,106500
40,444000
341,1131000
108,591900
52,410700
321,1473100
135,792500
63,490100
26,448000
181,956300
1997,6211600
129,499100
55,522500
337,1189200
63,443800
16,145000
6607,20695000
497,2689500
42,290800
47,460400
14,158600
98,568800
23,517900
26,627200
532,2071300
134,630300
17037,52851400
26,465800
23,410200
115,605300
338,1245600
327,1197700
1110,3650600
30,187100
204,858600
66,587900
25,409400
405,1583700
32,244300
1054,3459400
17,175100
23,366300
224,730500
211,661200
17,223300
43,224300
713,2428400
15,112300
1027,3224900
27,495200
466,1462400
73,392200
5135,15387500
80,642700
42,174100
39,461100
20,356900
682,2467000
98,310600
217,903000
17,190500
1132,3753600
360,1347200
39,419900
719,2327500
15,132000
3932,12301800
143,657300
28,176100
100,394200
8938,29005200
46,310500
76,415100
22,374900
41,518600
6561,20188600
410,1522700
101,437500
17,230500
212,907700
1615,5092200
1174,3944800
15,134000
2553,8467200
19,229500
107,641900
26,464500
18,205800
48,340100
158,799300
612,2399900
121,661100
427,1852600
15,170200
895,3105800
18,292900
23,380700
76,518200
3550,11931900
924,4301400
66,627500
68,581900
84,313900
17,186100
854,3069400
15,140000
21,277400
20,247300
810,2702500
36,490200
93,573000
62,401900
337,1186600
3690,11920200
3889,12386100
844,2569500
330,1175500
92,510400
1934,6056700
6917,21328600
55,589300
399,1453800
32,388900
2617,8724600
638,2214500
238,850100
239,815100
733,2263700
26,489600
42,207400
1724,5365700
111,877600
873,2984700
123,716700
436,1431300
272,965000
16,187900
28,137400
27,423200
25,379800
735,2418000
236,1071300
125,768700
24,351000
304,1289000
24,393700
53,504600
41,559400
94,613800
326,1063300
1935,5858700
164,795900
2261,7135500
71,314500
15,112700
111,750900
6185,18996500
117,713000
334,1534700
274,1044400
27,497900
329,1245500
60,307900
161,731500
106,600300
18,208200
89,471800
1223,4327600
69,573400
153,923800
3050,9801900
245,1014100
64,590800
14,124200
987,3853000
31,210800
25,421100
26,417500
175,757800
1478,4549900
96,622400
970,2984900
1566,5200000
22,302500
506,1798700
57,238500
24,378200
562,1807200
269,953900
26,432100
18,198000
113,382300
186,732700
22,327200
752,2509600
191,872200
22,296700
75,496500
992,3438100
214,767600
92,614900
2098,7066100
64,488000
22,305600
109,622100
5794,17555700
55,556500
44,282600
20,359900
17,168800
40,596700
56,204700
380,1256700
1081,3297800
108,675900
2415,7784300
302,1133600
113,612200
53,618900
45,263400
1032,3517200
7440,22741200
992,3585100
4666,14397000
21,468900
2770,8953700
954,2930700
212,720000
14311,45356100
388,1537800
5302,16426000
1658,5329000
223,1062900
86,348300
31,245200
222,922200
24,377400
168,557900
535,1737200
1987,6751800
17,175500
22,318100
51,426500
18,204700
19,224200
275,1077800
73,348200
627,2337900
12221,40877600
21,521000
33,349800
24,391500
113,410700
4654,16298200
117,772800
23,486600
55,843000
137,906800
47,484800
56,200900
33,315400
947,3485000
427,1621900
41,480700
135,658000
30,213100
40,613500
327,1173100
2322,7788600
44,230100
172,737900
42,184200
11047,39532200
41,756400
3763,14481500
40,631000
40,548400
1543,5546100
2948,10494800
70,261600
36,409700
265,1220800
8030,27599500
68,626100
303,1193100
26,430100
3927,12654100
104,605600
21,311100
141,644900
148,802400
16,188700
30,222100
50,387400
359,1500800
197,619300
44,229500
5452,17609400
20,307900
22,310400
30,184500
8193,25871800
721,2493600
4487,14891300
17630,54696600
15437,48499100
13206,40552000
1840,6571200
9785,29771200
881,3217000
658,2072100
26,483400
414,1502400
69,550100
398,1463100
1016,3751200
58,368200
27,450300
19,216100
43,186000
60,423100
16,202600
615,2256300
748,2453400
1752,5314800
24,404700
7202,21979000
282,942900
16,211100
55,561100
52,426400
385,1480400
170,720400
89,427300
40,449100
33,336900
1100,3651100
48,320500
81,799400
23,468200
1160,3768600
285,1133100
175,915000
15,118200
15,123100
118,538300
19,214500
221,1031000
344,1294400
77,483600
75,406500
260,1170600
103,557500
1973,6424500
18,200800
158,625500
10984,34373500
31,291800
1696,5041100
716,2409400
33,405200
37,385400
28,156000
17,164100
729,2466200
267,819700
1825,5721400
21,363300
7269,22432500
45,272000
62,370800
107,670900
2278,6908500
17,190200
96,589900
430,1602600
1756,5685100
83,654800
78,487300
128,496500
37,359800
56,213400
129,483400
18,220800
1729,5830800
205,969500
785,2346300
59,377100
50,552200
850,2807700
18,190200
25,388000
27,467300
83,574900
58,276000
7298,23715800
14,144200
132,619000
6124,18904600
27,488200
691,2256100
92,556100
43,183200
8804,26884800
25,436800
556,1891800
34,307600
2175,6839300
613,2538800
816,3025100
14,116200
768,3072100
1104,3698700
27,434600
141,603300
80,563100
145,568200
972,3297900
19,275900
29,157200
22,317000
45,247600
95,566800
27,551300
4764,14229000
111,836800
44,242000
124,765900
342,1417400
17,194900
201,808700
5006,15101900
17,223100
18,189600
319,1264400
18,221600
30,174400
46,269000
66,476700
29,160300
1430,4190900
24,360100
25,418700
1541,4585000
85,333200
813,2915500
286,1276400
28,141300
37,360500
644,2147100
15,140800
68,534500
29,169100
119,627300
19,254800
8864,27154200
1280,4271200
96,618400
155,574200
331,1256300
191,777900
2869,9035900
27,489900
437,1402900
30,180600
76,491500
1618,5453700
245,1068800
139,1081700
7300,22746100
4069,13081800
10980,33979600
63,537100
3755,11551300
2131,6281100
50,388700
449,1424900
114,401500
27,441800
118,629400
10958,33382000
390,1672700
78,461100
298,1228900
100,412000
41,465700
36,372300
10822,33546800
52,507600
971,3232500
551,1838700
21,302000
47,319200
840,2709900
32,262500
16,149000
10187,32721600
763,2480900
1300,4074400
27,595000
13031,39869600
238,952300
28,122400
435,1418500
63,508700
95,624100
78,475600
45,294700
94,583500
1429,4442100
894,3120900
729,2262800
92,511200
106,613900
65,440700
25,368300
577,2091800
381,1222800
234,997800
45,237500
217,915200
38,388100
622,2189400
20,326300
242,873500
174,842900
751,2781100
24,446200
444,1595800
42,165500
4487,14218400
29,174200
158,606100
236,947600
20,261500
3019,10025500
1571,5290700
47,400100
39,426000
111,760900
501,1897600
101,401000
114,420300
22,305600
99,362500
7232,22030000
100,459800
982,2932900
15,115800
54,475400
772,2522300
461,1910800
14,90100
35,317700
80,580300
16,163700
23,342600
2393,7680500
86,381800
31,217700
62,458200
15,180100
1332,4133200
39,429600
3057,9227400
349,1384000
3853,11755200
2916,8498600
17,195100
125,732900
96,607600
81,535000
156,514000
32,252300
22,306500
41,566700
38,387200
254,936200
237,1108100
159,801700
3590,11043800
272,971800
84,309900
102,475500
206,1158800
263,1108300
18,194300
20,313800
19,226600
16,168400
29,156500
47,301400
119,634400
421,1516100
40,460900
26,410700
14,85100
129,492300
52,438200
75,386600
37,387500
23,354700
88,405900
129,557600
161,1436200
17,186600
234,917900
19,260000
112,434100
15,109600
248,1037300
14,108600
31,211700
43,189800
371,1418200
31,280400
15872,48795100
170,698800
20,249000
25,429600
33,257900
23,390400
138,798800
1025,3226200
25,423700
24,348900
19,285000
4847,14855700
38,446300
286,1125500
3765,11655300
40,464300
22,349700
52,470600
158,573200
72,326800
1342,4244700
1112,3894200
17,209000
408,1369500
266,935900
30,264800
668,2322500
58,329200
65,470100
1019,3265500
14,102400
305,1206000
349,1310000
254,967300
87,368400
10552,33410900
243,939600
5516,16914100
25,400700
357,1280000
520,1585900
342,1259500
23,356200
54,468000
22,290200
1246,3836400
1788,10474600
32,287100
18,235900
52,432300
127,443800
21,281300
47,355000
56,228100
271,1023900
71,258200
49,416500
23,353700
1229,4114600
102,536300
140,459800
36,342600
66,553600
22,390800
1736,6097300
121,759400
45,351300
114,556500
71,329300
14,106300
69,709300
173,828900
70,294500
16,173000
173,828900
6347,18798500
2473,7664100
157,630000
850,3151300
162,703900
382,1281800
5918,17243400
31,231200
79,468000
35,335000
16,141700
26,478100
52,436800
19,310400
302,1118600
256,877000
51,431000
2251,7100400
384,1532700
28,125000
35,329200
75,417900
836,2697100
20,302900
144,647300
61,330500
5586,16148400
1201,3756300
65,426500
1138,3342300
1369,4718200
1107,3503200
1906,5529300
225,683600
12887,40147600
459,1767900
76,446400
22,340400
4023,12843700
26,453500
2917,8966800
63,443400
151,730200
32,261000
15,165200
1296,3912000
156,563900
685,2337600
15,139400
38,579900
18,205900
43,197300
52,421200
53,496500
2307,7700100
210,819100
102,519800
36,352900
5916,17716600
911,2638300
1028,3157100
83,625100
12122,35901800
38,422700
5881,17826200
35,458100
2396,7249500
292,1534400
265,1282900
93,530600
25,469800
17,184200
110,654100
39,432600
94,608800
556,2169500
26,420400
55,574000
30,184700
170,750900
69,601000
121,581100
89,507400
44,209700
140,466600
259,1059800
75,495600
33,310000
24,379500
99,468300
300,1452100
52,717300
27,655700
15,390200
11939,35683600
485,1657100
30,182600
4229,14005200
19,275300
37,442100
28,213000
54,633500
63,419600
20,256300
1051,3237200
1699,5856900
19,231800
1290,4070900
34,309500
211,685800
44,267400
42,163500
62,365800
292,1143900
32,253200
147,586900
48,402700
3768,12423500
771,2486000
143,596100
73,365400
329,1146300
98,388600
53,562400
2245,7168100
16,146500
911,3067400
1721,6789600
380,1498100
1312,4352300
84,310900
51,401300
1932,5946700
4725,15944700
72,423200
32,237200
48,321900
61,372500
334,1471600
733,2501600
267,879700
29,174000
19,222200
17,222500
278,1103200
32,304300
30,208900
351,1107000
19,286800
354,1194800
1675,5783000
19,310100
14,107400
47,405700
69,596600
716,2389600
179,928700
825,3551100
28,174600
45,252400
14,125100
3302,10341100
259,1127000
2347,7515900
11157,35962500
203,960900
34,383200
268,958400
864,3119400
56,253400
81,578800
14121,44258000
1171,3785600
134,795000
25,382300
62,371300
101,467600
73,418600
473,1735800
206,1008000
21,280700
17,169500
162,693000
1329,4461800
3236,10319800
89,489200
14,84100
683,2320300
14,104600
58,316900
29,152400
510,1691000
208,953500
756,2246100
7585,23356600
445,1648700
1692,5255500
91,489400
15,123600
25,386800
570,1903300
87,359800
167,844900
66,507100
17,164700
85,310900
103,581200
1254,5135500
16,174500
981,3334700
3583,11690400
16,146400
117,494300
2048,6843900
61,428900
43,227000
613,2729500
138,968300
17,178700
569,2097900
312,1135000
27,426000
15,108000
1627,5030000
21,332800
21,321200
25,383300
66,555900
82,580200
180,933100
5291,16977700
319,1607200
440,1881700
96,846800
8280,27427800
1232,4900800
99,534800
16,171400
2506,8286900
14,120700
118,702400
17,285200
73,455800
37,522500
4013,13736100
35,462100
153,1024100
231,974700
45,278000
125,806200
639,2203700
40,487300
691,2741300
178,898600
190,866400
115,581400
35,358600
2340,7949700
88,451200
18,196900
245,986400
967,3237400
1603,5473000
7009,25456600
72,362700
116,597000
33,273100
128,514000
26,558400
1114,3949400
2135,7130700
377,1782000
349,1508200
57,324200
34,335700
2453,8555800
21,351000
97,702900
2782,8914500
29,205700
101,448200
162,1087200
43,278700
194,932100
38,407300
616,1989300
728,2206600
3765,10963200
766,2457900
765,2476900
18,220500
62,371100
213,741200
17550,55891300
2712,9078400
342,1479400
50,409200
25,414000
24,343300
98,612800
23,364700
319,1363200
71,267500
68,647600
14,81100
15,133500
535,1752500
25,389300
299,1068900
12827,37824900
1172,3936100
21,297200
104,474700
32,250300
137,942100
312,1224800
79,523000
224,685900
3694,11119000
338,1077700
29,168900
46,298700
991,3212200
9756,30284400
74,444400
18,206500
27,587900
26,390400
34,367400
252,788400
76,575400
4763,14999300
459,1658100
99,346800
3920,12200200
89,536800
22,392100
241,775400
21,265700
223,1004800
44,254900
47,343000
761,2453500
191,897200
23,343300
846,3068300
36,401200
2618,7801000
259,968100
308,999900
121,620000
258,920100
42,278500
41,486200
1013,3382100
1807,5496400
34,284900
14,92900
40,511700
930,2966300
250,1071100
51,448600
208,931400
2050,6605000
30,239900
55,511500
25,384400
8167,24951100
1322,4449500
50,397200
33,268400
25,376300
456,1517100
15,119500
1379,4295800
98,573400
18,281800
30,194900
91,493400
460,1908000
41,541600
19,227700
119,557700
44,225700
60,368000
38,445600
156,617400
14411,47223600
17,301000
147,737500
16,155900
17,188000
207,983400
28,172800
46,281900
51,418500
57,239500
174,779800
70,319600
49,345500
99,361900
31,223200
31,255200
173,704200
15,107000
18,199100
70,248900
58,284300
90,478600
69,766000
4398,14679500
2128,6577100
423,1456400
24,369400
25,399700
20,243200
4486,14668200
54,510100
102,610500
598,2671800
107,815900
23,329900
18,188900
130,601300
5983,18783500
207,1489600
188,913100
32,333200
122,653600
18,204800
326,1074100
976,3038500
326,1139400
241,859400
37,428800
29,171800
103,503600
128,467700
74,401200
262,1110200
90,641200
124,984200
140,538400
22,319400
184,621900
3041,10881600
546,1778200
1675,5814100
7756,24297900
16,165200
7776,25059400
21,287000
196,636600
77,478500
27,472100
29,160000
759,2345000
11176,36863700
122,1001300
1152,3529100
196,796500
328,1239600
33,290300
67,542000
26,490000
43,224000
132,609000
19,249100
31,253800
34,310000
20,243300
14,86700
45,259100
123,891500
527,2005400
32,377400
21,294400
29,169400
591,2114200
1621,5286400
1826,6118100
28,174500
22,379700
660,2104300
1152,3673700
30,332400
45,341000
39,531400
49,380100
360,1554100
28,141500
38,500400
60,324400
35,397800
703,2221300
69,559600
624,2253000
1741,5625500
98,434900
337,1071400
64,429900
38,376900
28,122600
114,405700
54,626200
15,145200
96,619700
354,1192600
28,121800
59,290100
111,707800
2330,7989300
14,95600
31,339900
72,352700
589,1803600
191,861400
32,226000
19,239900
76,468500
82,601400
34,341300
1143,3686300
16,139100
21,264500
31,288300
1483,4878800
304,1201700
108,700900
88,466300
3975,12353700
224,859600
182,615300
68,683000
64,454700
20,281000
43,347000
24,398900
28,132900
127,450900
24,397100
349,1404100
1918,6138000
309,1263000
1362,5197800
29,226600
318,1361300
73,357700
90,442100
529,1867100
82,601600
165,809400
22,291500
1472,4446200
22,407000
421,1765600
38,429800
108,607000
183,780000
1023,3160000
32,330600
747,2677900
162,738200
23,317000
18,312400
21,335300
36,375400
15,116500
1914,6604500
86,397700
3215,10840900
25,488100
58,333400
27,425200
21,419800
1984,6302400
53,449800
144,641700
1642,5044000
21,276100
962,3394600
38,495300
664,2271800
16,159400
193,1031400
2860,9066200
86,359300
5592,17642700
22,330000
45,336200
125,745800
1970,6487400
15,129600
48,341100
35,372400
1371,5102300
42,341400
47,368400
33,267800
419,1736400
221,1094400
25,397400
4991,16085500
72,344800
573,2011400
237,1057400
142,587700
103,469300
91,461800
142,479100
121,698700
34,320400
29,172700
23,355000
46,296700
15,133800
153,751100
243,896300
18,206400
204,1050200
36,454600
3274,10128700
367,1201900
112,343300
86,378100
23,316700
28,203600
826,2614200
613,2321700
16,180800
555,2272300
20,266200
49,490500
745,2823800
220,1195200
33,320000
40,478900
181,914700
47,301100
61,337500
196,606900
239,886000
29,157800
1333,5057000
90,563100
21,323200
111,855100
22,368100
695,2782200
56,282600
149,853200
882,3167700
42,204500
633,1986200
2469,7793200
52,450300
24,368900
308,1643300
39,527100
39,442200
14,87000
247,1010100
167,798200
15,135800
271,1047300
85,331000
76,420000
108,934900
40,616900
59,335600
32,367400
895,3066700
653,2154100
111,712600
16,150300
124,682700
597,1970300
1334,4157600
74,365600
45,298600
1822,5657200
107,619300
38,408700
21,310200
69,540500
44,222800
906,3266100
16,203700
60,330100
542,2148500
69,588700
135,736700
92,685000
41,480300
24,365600
19,234600
2679,8634100
41,514800
99,385800
29,165700
5225,15582200
734,2389900
162,710900
146,733500
90,738100
53,581500
1658,5870600
84,316800
17,197400
82,612400
73,334300
176,828600
24,375400
973,3136500
209,964200
103,451300
48,375500
67,647200
1820,5607400
1572,4832900
140,464500
8271,25849400
1406,5049700
300,1204600
114,423600
24,468500
31,232700
35,352500
82,560900
299,1111100
66,582900
770,2436800
44,250700
38,400000
137,683400
169,531300
116,489500
743,2233000
66,505100
214,742300
149,718500
2687,8556200
28,138400
187,792200
226,777700
55,621500
181,906600
58,293100
27,593200
1096,3619600
97,667200
426,1748300
1030,3783400
763,2753900
129,497700
917,2894200
14863,46369200
122,730400
117,564400
312,1050500
15,131000
399,1629500
40,549100
16,169300
15,135300
116,602400
35,351500
262,1030100
16,462200
108,788300
23,353800
40,506000
15,125300
225,741300
26,529100
242,861100
26,391800
273,1043400
1158,3732000
405,1671800
229,1058400
82,743900
3689,13183800
1121,3809100
215,846700
4536,13757100
2597,7807500
203,959800
625,2145500
72,292800
207,1078700
18,204400
59,269600
4759,14209700
6634,20210300
177,847200
14,104300
58,329600
53,538500
34,295400
1122,4060000
21,354600
32,292000
6086,18367700
16,170600
85,358100
14,92900
256,864600
96,640700
38,432900
725,2398500
74,392200
18,224900
40,442500
27,507800
39,465700
21,309500
163,706600
411,1327100
24,359800
57,249900
780,2733700
863,3103800
170,604300
159,660600
616,1744100
76,402700
151,830900
136,772000
96,709900
27,510000
949,3129600
5336,16444900
432,1741200
23,420200
111,939400
21,340800
233,1276200
34,283200
1642,5079300
63,475100
571,2026700
172,670600
5212,15954900
294,932000
431,1576000
43,302900
15,130000
425,1592300
158,635400
36,331900
46,265600
1072,3549500
293,1448100
3311,10307500
47,385900
24,353200
234,1118400
4848,15839900
36,387300
21,266500
83,620200
269,911300
17,168200
34,292200
82,589900
17,162600
298,983500
226,855300
159,678400
72,393000
59,273200
23,349300
20,255700
49,520400
16,209300
26,434200
4025,13524600
28,159800
62,380100
3027,8806700
132,612000
442,1566200
1945,6545700
7511,22915600
1590,5396000
6582,21226600
17,273300
291,1337400
323,1219500
361,1468500
9759,29369700
374,1453400
600,2010100
132,569900
14,85400
22,307200
21,288000
7461,23166700
155,658600
2037,6330700
487,2157300
493,1597000
48,361500
14,95200
356,1310900
82,577600
14,89200
63,446400
36,457900
149,719300
918,3119400
520,1652500
14,85800
55,561200
99,359700
1386,4629300
97,760200
49,463100
19,292200
18,199700
32,259100
72,388100
14,122500
106,555600
229,897600
19,226000
453,1646400
1086,3890400
79,540300
142,476400
5432,18165200
6202,19360200
19,254100
38,408400
188,723300
103,482800
25,396700
155,490500
890,2900600
31,214500
18,198900
14,186100
206,1097600
1540,4697800
38,647600
44,300900
3752,12525600
42,177900
32,291200
173,680200
187,690700
18,231400
113,431200
18,193100
628,2588800
95,831200
420,1690600
308,1336800
3569,11964000
77,449600
17,217800
29,180800
276,1280100
92,486300
1923,5946500
384,1258800
302,1106100
77,470900
637,2142200
1271,5204400
24,449100
37,466700
19455,65566300
20,456600
568,2580200
328,1399700
444,2064100
37,576600
619,2223600
3925,13012500
22,338500
14,132000
31,226200
52,449900
34,311400
17,168100
16,152000
206,995700
553,2114400
616,2263700
16,174600
7997,25391300
9076,29916000
18,290500
33,275200
469,2020800
21,292400
1111,4025300
320,1563300
456,1576200
48,363700
16,167800
48,324700
20,260600
36,346800
3534,11338000
149,865300
31,278400
101,531500
1285,5266500
17,235100
449,1749400
16,182900
5009,16288600
145,598300
23,469400
18220,57173000
63,490500
9987,32477500
40,576000
46,397100
458,1813900
14,132700
14,88000
192,849100
337,1154000
152,809800
21,276200
46,333100
26,495300
138,973500
38,457000
49,348100
16,138500
2650,8823300
21,328400
105,528000
32,226800
1031,3416700
261,1036300
75,376300
2109,6796900
38,446900
395,1208300
936,3023000
100,431600
50,441600
171,670300
32,299700
14,82400
2350,8256400
75,428200
29,233700
21,307000
42,217300
4014,12610700
78,578300
30,207600
69,605900
41,530600
19,306400
106,581900
61,344200
17,168100
220,1019900
16,138800
14,102900
1215,4146300
4024,12714300
21,311400
255,842900
198,737400
15,130200
565,2021700
25,506900
31,340100
371,1643500
61,350900
17,175400
23,408000
1137,3747100
855,2591900
54,527500
101,477200
237,1049800
44,230900
211,690900
12588,37920400
69,604100
20,241900
4183,12968500
14,127000
67,584400
1237,4164700
23,330300
71,343400
20,276900
17,166600
58,260700
15,116400
2944,8991700
57,301000
58,263400
886,3035100
373,1390200
58,344600
329,1186700
77,470700
38,440800
123,735800
1118,4341000
181,963300
135,860400
475,1877800
2394,7692500
488,1800000
23,330600
1298,4585900
15,166200
900,3348100
2032,6451400
25,403900
181,913100
898,3073400
55,619300
19,259400
29,169600
14,99700
623,2051600
491,1678800
41,515300
68,550800
33,343700
34,297700
19,239500
6036,19050600
18,259900
267,874200
98,347100
85,324400
437,1358300
159,668600
19,260000
33,321000
2369,7644200
25,514900
19,225000
1085,3666300
26,417000
79,568900
93,545700
29,146000
1707,5689800
26,527500
10637,32004300
89,453100
5441,17315800
20,289200
97,660200
1044,3393500
168,505300
16,175600
75,401300
16,201600
60,473700
286,1081900
18,204400
19,220100
25,369000
82,612500
65,445900
19,213600
102,446900
22,346500
107,553800
108,650900
29,192600
90,440400
2719,8318900
14,93000
32,256200
107,676000
434,1818500
276,1257100
434,1390500
248,996600
121,602600
30,173000
31,223700
649,2113900
22,306100
821,2855900
121,695400
1022,3326800
2638,8283200
1157,3616400
43,194700
27,447200
34,314400
20,266300
269,967100
345,1402400
1350,5084100
25,481300
116,460100
870,2751900
462,1534700
1625,5002900
213,787900
1005,3273300
15,110900
38,427300
15,127900
141,503400
431,1828300
23,361900
149,678000
25,401900
58,250300
1135,3427800
69,579100
117,595700
992,3668400
3478,11074600
95,609400
85,341600
35,321400
20,272900
3206,9765700
1633,5524100
462,1400100
785,2454800
338,1144100
451,1465700
23,318100
5862,18379600
68,585100
26,420100
472,1662700
73,375400
277,1338500
86,450000
22,373600
146,831700
89,537900
26,461300
117,742400
14,112100
39,429600
34,294600
74,362200
578,2191500
62,455100
29,193100
15,131500
27,547400
3592,10807000
3514,10435600
30,233400
149,690600
241,850700
68,572900
99,362500
96,655200
394,1305300
845,2811300
14,93500
15,129300
137,795400
19,219900
35,303700
660,2121600
17,210500
826,2598300
17983,55144700
23,411300
420,1239400
388,1453000
74,376200
223,998100
15802,48956700
217,1048500
17,211600
892,2978700
54,501000
82,810000
2236,7957400
21,272100
29,160800
36,352700
128,500400
35,320900
46,272700
33,256000
54,498600
19,214700
21,295100
115,432000
33,266800
224,668400
22,293300
26,532800
12373,37236500
14,108300
1437,4574200
319,1238000
102,439200
606,2155300
53,589200
504,1536800
26,544300
135,668200
35,378700
120,606200
270,920900
143,542300
18,187900
12892,38862700
75,416700
104,497600
1498,4870100
122,731800
11896,38953000
79,531000
33,285400
36,367800
42,205600
80,544700
46,275200
1033,3601100
179,896200
876,2749700
1902,6536500
120,649100
165,852900
17,173000
1674,5535300
26,467000
77,458400
48,398400
61,556800
17,198100
27,540100
41,551900
48,491700
8081,25151700
547,1790400
97,646600
1246,3614500
42,168000
1043,3301200
250,1142200
50,414700
17,172300
441,1563300
72,305300
32,289800
201,757900
86,402100
214,943200
38,392600
88,379300
182,709900
53,549000
1503,4845000
19,220600
23,396700
1544,4783400
16,215900
6174,19068700
88,433100
167,825700
16,142000
6773,20211100
31,239800
23,481200
138,772600
113,481000
288,1119200
15071,48363800
2674,8633200
1050,3539900
3840,11993300
169,686500
56,216400
71,299300
15,110500
1024,3188000
23,414900
27,462400
4339,13517900
31,222400
21,330300
1104,3457600
31,280100
50,502900
102,446000
15,120900
118,611200
275,1235100
286,1299200
61,360500
121,623000
241,777000
196,651400
39,478800
59,286000
20,267500
921,3010500
764,2446600
19,242500
35,443900
236,1107700
17,164100
81,620600
18,209100
26,416600
37,553200
184,714700
3449,10908500
988,3371700
4813,14844600
152,971300
5295,15818200
17,189000
246,1007900
478,1600300
20,268700
14,101800
37,438500
224,728900
833,3054200
14,95000
934,3082100
71,335300
27,546900
866,2831000
27,572300
20,256100
22,303500
25,378600
1586,4950400
45,269300
268,868400
19,285800
17,221800
27,538000
36,358900
17,205500
498,1794200
303,1150800
667,2229000
903,2910700
1653,5116900
337,1104900
143,628300
19,341300
23,407800
182,751200
35,374800
6128,18504800
36,565700
20,269500
28,160900
16,138700
177,855500
14,103200
227,870300
13922,45461700
5620,18241800
80,549200
895,3388600
64,598700
427,1535200
45,279600
3449,10832500
27,507700
53,644200
19,297900
5570,18073100
57,294000
20,352500
127,503400
44,248500
91,556500
16,136300
120,562800
64,479200
77,465100
875,2976700
1437,4592300
31,244700
138,773700
16,135700
18,191200
121,812300
45,274400
15,133200
276,1133600
118,551600
14,124700
30,228800
20,383300
57,295400
44,314800
20,257400
1668,5130500
45,274100
710,2976800
55,674600
52,537000
899,3269300
47,371100
41,612800
1194,4273100
34,303900
200,815800
2899,9245900
822,2710800
113,454000
15,117000
9304,29554300
15,150300
39,455500
222,1145300
130,560700
174,666000
1715,5291400
118,596100
20,276000
100,427900
181,918200
145,601300
754,2605400
2577,8044500
140,495500
86,328700
64,427800
18,259900
168,573400
15,178300
200,732200
52,476300
415,1526500
79,634200
53,729500
1985,6197400
156,559700
6355,19251100
60,373100
53,478000
93,533200
8943,27105300
15,143400
56,234500
27,424200
837,2901400
436,1443200
3793,11975800
639,2287900
46,293300
578,1847400
3338,9822700
14,116000
17,170500
22,368700
137,726300
44,242300
49,357600
31,204000
217,895600
385,1408600
909,2984800
27,425200
1015,3092600
16,141800
21,355300
42,214700
27,540100
291,1430100
37,456500
245,1167500
16,178100
18,253900
427,1699400
74,461200
100,441500
1247,3808400
832,2685000
66,552600
1872,6755000
16,211100
256,943400
6679,19880600
42,236200
57,271100
79,501500
16,142000
165,856600
113,383800
28,119900
15128,45769200
243,912800
27,482900
54,528200
189,768700
14,115100
806,3509200
26,528800
77,589700
390,1865700
908,3381200
609,2196000
316,1198000
16,144600
140,449700
114,453300
15,117800
97,684400
185,649400
36,368400
74,373600
61,332600
33,264800
15,109000
400,1496500
134,779000
79,540800
20,264600
552,1938400
283,928300
187,767500
147,684900
68,505900
45,248500
1005,3302300
604,2113200
18,237200
334,1517100
35,345400
154,668800
16,209700
612,2539100
41,598200
177,939000
283,1133900
1540,5622000
65,577100
19,270600
15980,51672400
16,267300
30,363500
8673,29014100
28,238700
3909,12671700
119,904300
2774,8464000
46,330700
746,2379400
40,499700
14295,43584700
421,1394500
93,579700
75,430200
18,191200
15,112300
1863,5611100
33,280100
18,195000
19,236400
15369,47522800
18,311700
206,931600
44,233100
62,414200
672,2089900
38,486000
34,326700
82,581900
68,562200
124,764400
50,372300
15,115100
18,217800
42,159800
681,2531200
285,1183400
18,260900
198,982600
88,470700
78,467700
1720,5293500
93,556000
45,250600
143,530500
137,667700
40,491700
4169,12646900
40,475300
139,804600
105,573300
84,301600
1197,3890400
75,509200
40,489200
900,2808400
17,231600
71,379300
20,254400
24,398800
32,227000
14,109600
532,1589000
14,98000
488,1854900
26,462800
224,853800
82,626700
4292,13204500
763,2387500
24,414600
11991,37547300
114,535000
44,315800
53,486700
15,117800
110,662400
186,740100
15,143800
16,137000
337,1144000
907,2948100
129,538100
2908,8969000
256,899900
14579,44000000
3161,9835600
2092,6475400
19,265800
121,765000
5520,16502300
20,296100
36,390700
20,237900
101,402800
13150,40364500
72,413500
867,3074400
39,436200
170,593300
246,1669300
23,343600
55,508000
140,452600
2086,6328600
237,1048000
908,3137700
65,476300
309,1024500
122,699100
1595,4994600
51,415100
754,3065200
77,456400
31,221100
80,516100
19,217900
14,88700
119,550000
14,105900
24,461000
22,290500
34,271700
9146,27997500
749,2566000
455,1965800
1804,5778800
2679,8104600
250,1152500
71,447500
150,755700
64,419100
126,553700
654,2397300
33,322600
65,552300
2699,8093200
164,801000
59,283100
105,614400
124,705300
86,346400
109,696700
46,336000
35,406200
87,399000
37,474000
93,601200
55,522200
381,1234000
235,962400
90,481500
50,423900
47,304400
2186,6387800
1222,3821200
558,2176400
14,116400
1027,3911600
651,2563200
28,148900
15,162900
304,1450600
430,2299700
1154,3917500
262,1269100
195,1129700
20,250000
102,409800
698,2651100
20,298800
261,1174800
73,334300
360,1425400
15,127600
94,723000
3126,9617900
3212,10470200
34,324600
263,1236300
16,149000
46,305900
23,338200
144,621800
16651,50442000
4294,13142200
17,177500
25,450500
80,535400
144,553400
67,516500
335,1399300
41,519500
67,489600
1273,4372700
325,1120800
18,192300
36,362600
859,2631600
31,239200
11951,35888500
176,906800
9689,31276100
233,1109600
18,221800
277,1224600
5786,18911200
21,429200
268,1139900
42,191800
17,193600
283,932900
15,122500
1300,4117600
45,283900
766,2672100
14,154800
17,209600
369,1277600
34,309000
472,1806200
292,1193300
36,346600
3304,10284500
27,464800
1017,3421200
19,225700
32,244100
25,380700
3591,11516200
99,464700
17,180100
60,332700
18,202900
27,470300
32,230600
199,746300
1678,5521100
809,3049200
158,613200
19,218100
238,719800
125,1038100
440,1680200
267,1039400
222,1112100
19,262200
20,270000
5707,19103600
26,516700
57,328100
4180,13472500
55,621000
58,281800
168,510700
192,897500
32,307000
24,354700
20,283200
23,346100
30,230500
36,354400
34,291400
252,1043200
2873,8927300
410,1373400
5130,15218800
958,3059400
24,354900
66,486200
29,168800
49,345800
666,2165000
2306,7447100
484,1802000
69,654400
5567,16989400
35,467200
382,1284900
7784,23837400
15,164000
1891,5706200
352,1169500
369,1225200
337,1090500
18,218400
40,661600
19,386000
795,2796300
17,183900
2621,7886100
117,547200
29,158100
362,1544000
21,297300
30,180600
28,135100
18,232100
338,1272500
58,451000
98,459700
16,177700
24,465500
23,421900
74,451500
83,739300
33,276400
69,672800
28,177200
237,1145600
15,117300
169,636800
308,1149300
23,370500
5808,18636300
45,257200
29,149300
68,547700
337,1018700
151,870800
316,1326200
73,374000
1882,6123100
15,117500
51,399600
190,761500
34,310400
184,639800
2501,7641900
221,944600
19,226300
18,189500
132,672400
26,420400
305,1206800
824,2779600
138,855600
18,193100
133,652500
38,492900
1547,5001200
524,2455800
14,147600
6190,19441500
92,599300
7336,22136300
13858,41813800
48,359600
817,2525700
14,97200
44,210300
225,725700
20,283700
3968,12166400
57,279800
35,332300
40,422400
25,391700
17,164500
40,474100
66,483900
23,320600
63,414800
21,405900
15080,49345800
746,2393500
1208,4445600
75,416800
102,473100
32,336800
9252,29957500
775,2553200
2124,7281700
1210,4295200
34,356100
357,1491600
34,365800
118,620300
52,430300
25,443100
45,251900
5592,17634000
227,1080200
230,867100
394,1395400
2269,7027900
426,1504200
17,191900
17,168300
1790,6059800
1746,5597200
319,1380000
266,845000
80,538500
32,222600
26,416200
14,85700
19,367400
1416,5064000
439,1830200
29,202600
30,244000
1707,5612700
45,260300
220,1108000
173,769400
47,293600
60,331600
3716,11502400
219,1051800
14320,45310800
9005,27891200
425,1523000
137,831800
24,362000
751,2853200
1207,3865500
244,989600
175,795200
1985,6507000
987,3164100
44,339600
493,2230900
16,160600
675,2199600
35,360300
42,166300
403,1857400
23,370600
42,171400
66,495400
95,622500
24,418700
27,462600
1520,5031200
1907,5929600
10352,32413800
21,328100
2066,6065900
52,502700
28,118700
68,525500
109,712900
138,744400
2364,7418200
477,1562200
111,683800
14,104700
163,755500
22,353000
28,164900
361,1846100
61,363200
18,206000
147,761500
20,287400
74,351100
23,402400
16,265400
263,1161700
71,280900
50,504200
432,1912700
419,1571700
56,210200
25,395500
414,1487500
18,197400
15,112900
15,159600
17,188800
77,446300
297,988500
552,1919200
36,347600
35,355700
119,583700
212,842500
62,417100
584,2188600
374,1489800
14,93100
2841,9407400
36,378300
14,84200
42,160000
37,364200
4064,13209600
26,427000
35,332000
787,2588500
109,711200
47,331100
35,356900
3679,13598700
29,210600
21,367500
779,3146200
122,692500
242,1077600
90,513500
62,423500
834,2877200
17,226500
23,362900
488,1797400
64,434300
29,189400
76,447700
239,929800
2249,8095700
81,618700
11661,37762100
22,398800
2330,7992300
92,549400
16,143100
145,622300
140,491300
397,1346500
8028,23196500
29,163600
610,1943100
377,1520900
3441,12357200
759,2811000
727,3045800
501,1825300
135,803800
30,192700
287,1085500
1124,3609500
106,575100
1797,5581400
99,403900
29,183100
4308,13192000
19,251600
36,360100
25,572900
190,991900
251,1260900
14,89500
932,3294000
560,1781800
258,1125600
5708,17580200
38,451900
6917,20217700
35,437400
55,637600
264,1181600
15,116700
59,443300
108,619000
37,526000
62,371300
75,427200
76,415000
143,567500
49,373500
27,484400
38,514200
66,562900
537,1844800
14687,44747000
15,210900
23,324700
29,169200
931,3050200
186,762600
33,314300
14,83900
199,671100
14,113100
29,155900
34,295500
1946,6598400
31,352200
35,317900
20,243000
16,136700
14,85000
60,437700
203,799300
159,679000
1161,3720700
15,121500
18,185700
3103,9797400
5270,16051800
3291,11021200
1217,4266700
26,496500
766,2824000
270,994100
45,420900
771,2546600
26,405600
792,3010000
492,1957200
3217,12658500
58,324700
1031,3684500
1508,5406100
1010,3268600
110,681000
806,3058300
22,350000
3316,10038800
162,679300
15,129600
28,127400
387,1414900
15,131300
18,193300
119,609300
825,3004800
479,1810700
63,436300
2320,7046700
1789,5378800
35,320900
148,668500
59,292900
51,454600
1580,4788900
6219,20075100
38,464600
311,981200
58,386100
24,413000
42,233700
284,963200
132,686600
109,647200
16,148600
222,1255800
111,867900
62,470300
60,380100
149,960700
100,438900
7962,26960600
120,677300
17,187300
149,727200
36,447600
860,3592800
2158,7111500
24,442700
136,720800
23,448300
9754,33454700
16,202900
994,3446500
2091,7959300
520,1772500
23,346400
98,356700
223,1034100
362,1436700
25,414400
349,1379600
241,920100
36,342300
32,242500
37,411400
459,1792800
740,3076900
9444,30784100
25,507500
19,232000
6429,20643400
16,199000
81,664000
14,109100
37,410500
31,207200
92,520000
517,2117500
30,173300
3321,10545400
19068,59370900
2607,7823900
29,175500
20,339300
3291,10729500
215,817400
102,435000
58,254600
3107,9197200
52,483700
41,459200
30,169400
422,1321500
793,2762000
97,794300
1365,4410800
67,575800
4533,14191700
19,264900
32,341400
192,952500
920,3205400
85,359000
858,2857500
1147,3860000
29,194300
139,813900
19,223200
754,2706100
54,483900
796,2606900
19,236100
27,487600
1495,4591900
14,84000
107,637600
22,306100
14,81700
935,3123700
99,364000
81,730700
60,343800
523,1809100
57,244000
47,316800
19,215100
45,278300
23,323800
123,708900
345,1479400
19,372700
11607,36646500
412,1390300
361,1493200
95,680600
37,512100
58,292200
20,337400
8194,24769100
52,533000
5115,15812100
102,740500
185,788200
34,298500
2469,7955700
225,929000
84,384600
192,968200
25,396600
795,2562300
958,2892600
7720,23797900
7200,22642500
943,3031500
65,459900
107,601900
721,2324400
2533,8643800
27,463700
201,913700
3745,11255000
23,361000
2893,8826300
75,407700
39,431700
52,468200
283,941600
3751,11995500
93,555900
74,469100
29,153700
16,143100
6005,18852100
59,447400
83,715800
531,2204500
29,175800
139,782300
19,244700
77,444200
28,126300
16,133700
245,952800
9845,31173100
79,528000
50,396500
69,567800
137,800800
1990,6055900
76,488500
21,347900
11452,35286400
21,313700
72,460200
330,1307100
1019,3322400
302,1138600
315,1152300
80,505300
865,2863500
314,1337800
64,492300
1105,3642200
213,721900
195,926000
271,907600
98,344600
70,249700
15,108700
38,382300
88,408900
19,211900
325,1038700
312,1282400
79,505600
268,1036300
39,423200
307,1437500
1073,3742900
20,299200
125,706300
932,3424400
1029,3604900
235,1003900
92,573500
178,789500
14,85200
54,598500
15,136600
34,434800
