32201
14265325
14086034900
1646,12335100
101,1889500
15662,16193900
187,440700
166,1570600
121,2417100
132,507500
902,2993300
129,393000
471,1710200
239,2520800
78,904400
633,1319100
381,811800
2880,4017600
376,682000
130,464100
282,1646100
190,414500
2841,5894400
133,674500
117,2122400
1228,3721800
1268,2823200
227,1930100
63,201700
344,1976500
4805,6506100
1316,1941500
1052,3649800
415,1998000
326,1119400
404,2198800
458,1592800
7317,7586600
504,928900
1103,3055300
228,1782300
168,2011600
89,1198200
590,2000500
228,1755600
1199,2022300
111,2090500
149,1329400
1001,1854000
67,341300
842,2226800
251,468700
186,263700
74,566900
63,168400
300,2636600
96,1391000
275,1491200
106,1896500
6596,8576600
617,3054600
70,481400
288,1697200
738,2418200
797,3261200
307,2535900
389,1052000
123,2177200
939,1645300
2745,3899600
2292,4727500
143,857300
4190,5718000
160,1875200
326,886700
301,2062200
664,2487500
488,2689900
285,1523500
87,1019200
67,549500
761,1628500
3415,3805900
3124,4101000
801,3341000
423,2344700
12423,13935700
87,1217700
88,1286700
3084,4546100
475,2039900
3415,3435800
459,1255600
133,523900
120,2471800
112,2084900
1589,3330300
1012,2507200
635,1063700
91,984300
1745,2090300
315,873400
9416,12391800
87,1358800
66,304200
74,633500
1249,1909600
821,1539600
243,2561500
368,2926000
857,3130000
7476,9668700
987,3902600
511,1567800
185,3386900
143,1045200
2370,3452800
63,198800
1024,2557300
10373,14036200
2195,4009300
1265,2627200
12552,15237800
285,1703500
65,244300
587,2121600
3737,4108800
3402,5932500
83,680400
94,1312100
72,536400
84,1090500
482,2621000
78,798300
13575,17370500
220,1797400
243,2574700
10579,14571200
415,2325000
3979,3983500
399,1641500
1532,3327900
160,1590500
1161,2668500
76,762700
74,758600
950,1938000
138,1072600
69,449900
168,1474700
19066,23237800
161,1512200
68,288800
3523,5919900
582,1663500
433,3157100
11573,13845100
183,2790100
626,1637300
69,654800
172,2135300
141,876300
225,1842000
68,408400
94,1525500
8034,10141800
3517,5612800
203,1021200
8120,11610800
86,1095000
281,1633800
1785,3974000
1273,2242600
81,801800
124,244500
362,2172600
766,1783800
430,2501100
677,2899700
214,1286000
78,724100
4084,6593100
8352,10911700
81,926800
10361,10605000
216,1458800
99,1470500
10257,13673300
516,1497900
653,2682200
4115,4785200
2270,3663400
73,652000
155,1680100
239,2829700
14468,16832300
15821,18234400
4343,5041800
239,2894400
865,3620500
380,684500
883,1818400
80,917600
67,349000
1104,3353600
80,735800
339,1526800
170,2319300
644,1986300
3793,5355400
167,2229300
207,796100
136,561800
4333,5924500
451,1157400
2493,2396200
367,1994100
3397,5039100
105,1401000
3139,5497000
472,1606600
107,1506900
14109,17200700
144,1194700
806,1298600
88,1139500
1437,2121100
66,309300
155,1364800
78,958500
63,202100
1395,3105000
113,2091400
3354,4423400
176,2567100
771,2076500
3645,5662000
144,1131100
488,2599000
439,671000
127,394300
8962,10527600
169,1379800
384,880600
313,432300
159,1533800
1220,3604600
1455,3079400
228,1492000
2550,3081000
221,1710800
64,224100
358,2370300
9634,12324600
913,2831600
89,1170600
957,2567700
77,900900
65,294000
2727,6920600
9152,12325100
83,1448200
89,1370100
710,1930000
228,1840600
424,2647100
1873,3094600
243,1927000
113,1575500
275,1474900
212,1201400
10774,13084000
63,140800
369,2036900
247,2069600
8066,8104800
75,598200
169,2280600
403,1833300
68,341500
72,508800
629,1227000
1156,3295800
237,1793900
1141,2524600
70,503900
673,2773600
342,1769700
145,1060800
6041,8458200
221,1705300
107,2054300
3808,4199900
6345,7383100
86,830400
3514,5186700
1097,3173100
315,715800
255,729500
2765,4929500
97,1544000
96,1441400
105,1671700
159,1533600
1734,4089100
78,570800
77,583500
157,1393900
236,2616400
508,1541100
655,2198100
218,1751200
72,579200
97,1542800
126,354600
70,466100
79,806200
1434,1963100
488,2686300
74,699300
89,1275100
13934,17228800
86,820500
75,742300
96,1943800
181,2588200
800,3059000
144,1239800
2229,5267400
10932,14135300
1517,3461100
1022,2482000
177,1960200
641,1649400
2276,4059700
149,1228900
70,481300
395,1369800
94,1702400
327,1050200
721,2446800
67,347600
108,1997100
77,778700
5894,7239700
101,2052400
14451,16747400
1301,3573700
587,1747900
184,2942600
166,1642100
257,663900
99,1589000
238,2296700
16801,20799200
5079,6857700
217,1041100
13432,15340200
397,1544900
147,1144900
286,1916100
120,2371400
1334,2915600
328,1166000
69,441100
1458,2827700
196,707000
1661,3557700
451,1244000
101,1641300
1303,1716900
378,723400
161,1589000
17309,20823600
95,1709100
287,1489900
82,698700
74,671900
10951,15254100
102,1513600
423,100929900
548,2908300
348,2026500
871,1240100
13307,16539700
306,3050300
13934,16764400
4247,5724100
186,293800
111,2199500
608,2716700
143,1129000
554,2805200
4170,4745900
235,1690400
1429,1783500
79,903100
92,1431900
357,2242000
108,1993000
85,1095000
74,630700
3273,5490800
137,745200
108,1923000
352,2087800
174,1677900
1007,1580700
146,974600
10634,14301100
390,1405400
69,433500
2087,4145900
535,2213900
1204,2518500
183,3275900
179,2388400
1334,3053900
2360,3267400
207,1363000
6792,9867000
401,1817400
242,2460700
422,2479100
63,265100
4442,7166800
14292,15967400
1347,2432000
14583,16160900
901,2241500
111,1651200
97,1414800
87,1375300
123,2311500
66,326600
89,1159100
510,1174200
277,1419500
2190,3237900
164,2091100
264,982400
524,1891100
958,2236500
133,555900
149,1108500
263,979900
6729,8480500
7063,10028700
91,1247700
186,268700
94,1361700
357,2225600
313,596500
152,1356300
69,424400
257,720300
352,1972800
3237,4468500
139,810600
167,1777800
116,2401600
1359,3054800
447,812200
142,869600
893,1734000
84,741500
9012,10884100
202,911000
1083,2819600
64,264200
195,690700
282,1620800
250,443600
336,1919400
226,1810600
121,2144600
138,873000
1065,1432300
603,2373400
311,494000
111,2260900
144,737200
261,895200
91,1827200
533,2305600
4327,5861900
3613,5019800
87,1146700
161,1685700
697,1513900
522,1590400
2166,4730300
80,1088200
1234,5859000
11241,15377300
565,1158600
75,1781600
727,3113800
3252,4979100
5346,7456900
170,2247900
13759,18789200
261,1145500
2851,6503500
151,1182800
69,396000
1507,2894800
15372,20026200
2373,3145400
1281,3201900
1601,4059300
241,2632200
4877,7536000
9015,12362200
400,1660200
314,658500
1541,3812400
328,1268700
85,902900
2930,3672800
6938,8337200
99,2041300
462,1612100
173,2291700
2092,4142200
3139,4970800
793,3255400
102,1380700
2568,4028100
70,551500
77,907900
168,1974100
106,1631100
678,2554700
1846,4308600
684,1300700
75,790600
2580,4164800
2619,3632600
8014,9942300
1229,3416400
106,2636400
166,2239500
96,1956700
109,2792200
395,1189700
74,772100
93,1835400
7006,9727800
380,1036800
3291,4091600
397,1274300
16396,16622200
6508,7786600
666,2385200
112,1569400
2370,2496600
328,893700
97,1163100
6586,7192600
248,264000
3332,5079500
98,1598200
364,1825800
137,504600
716,2516400
10178,9263400
72,558700
4373,6246400
974,2329700
1192,1663900
205,781800
14229,14225400
806,669800
235,1918400
3500,4400200
94,1140900
110,1852200
109,2053200
169,1910400
416,2142200
72,577300
197,757900
217,1521000
925,3262300
169,1644300
5264,6074500
4721,3904600
160,1258500
66,258000
68,287400
656,2087400
2518,3969800
74,461700
3284,5039100
4277,5163100
5181,6298000
74,449700
161,1189100
177,2278500
1025,1771300
162,1145900
98,1146600
326,707700
418,2210700
14741,14489600
344,2043600
142,949200
65,412600
906,1779500
476,1435000
62,96900
134,417900
1217,3297100
112,1424700
661,1820700
107,1895500
166,2134800
85,1129000
160,1106700
680,2609700
8329,8764600
385,932800
81,833200
218,1616300
139,790300
978,2316800
112,1419900
732,2104700
1037,2990500
114,2233700
316,702200
497,627000
195,435300
249,305100
207,1140100
100,1697000
1708,2716400
86,756000
5588,6106400
3636,4287800
304,2782300
1712,2564700
174,1518600
86,761500
310,295900
191,348100
248,332100
1969,3956400
4622,6142900
107,1665300
1577,2202200
91,1086200
257,658100
472,2461100
2232,2431400
3539,4039200
231,1791700
1521,2713800
226,1622100
543,2746500
248,578200
146,731600
547,1835900
71,382800
99,1133400
1276,2036400
761,1407800
86,1042400
181,1685500
1060,1027800
365,1959100
64,196800
207,909200
645,1652100
1304,1241600
76,473800
462,1197800
72,381200
99,1327800
643,1220000
123,2616300
81,716400
711,1484700
404,1477200
4879,5895800
87,791900
70,340200
1795,2956200
3862,4447800
134,717800
283,1251600
497,463400
212,1052200
705,2142800
185,2077800
152,1064300
75,517100
1472,2593100
88,1057600
12565,12522600
545,1920500
132,496200
218,1444900
639,1659300
260,760900
318,657000
4798,4566100
66,339700
238,1908900
231,1549400
388,860000
92,1062800
14433,14032600
404,1571000
354,1605200
223,1528000
923,3101400
239,2155000
68,308400
7641,7379900
1624,2091700
81,816000
944,1695600
63,231800
399,1196900
138,651500
711,1385200
861,2168200
1423,3082900
4503,5125600
285,1761300
62,178400
452,1343000
588,1409800
167,1488100
423,1724300
104,1560200
64,260800
247,1986300
172,1617800
210,1160400
69,409100
1920,4211700
12676,12879400
8791,9341500
141,1024700
279,1705000
411,1488500
861,2454000
1384,2053100
1608,3428200
777,1607900
338,1050300
104,1274500
2543,2917700
166,1381800
110,1505700
94,1080300
381,750400
69,343600
134,514200
872,1182400
1248,1522100
1150,1861800
246,1790200
70,347100
286,1407100
686,1484700
2945,3254200
2793,2293700
7012,6311800
363,1635100
97,1614300
767,1560100
68,321300
1052,3397400
239,1678000
1064,2345300
120,1986000
219,1045400
238,1762600
226,2154900
869,1226300
738,2894700
99,1383300
181,2751800
738,2493900
569,1148200
1208,2195800
180,2286400
2529,3781900
136,469900
1453,2159300
356,2089900
426,2529800
248,323900
66,596500
377,604300
123,1783500
265,799800
129,324800
16060,15073400
718,2127900
2777,3463900
2487,2487900
1270,2778700
988,2498700
4746,5333600
641,1177800
228,1335000
369,1881900
3143,4669800
93,971000
134,565000
322,643800
4156,3368700
237,2099600
157,1076700
1716,2616200
102,1477000
160,1893000
80,749700
874,985500
480,1784400
205,1028200
663,2557100
620,921400
82,1050000
152,992900
2500,2969000
2034,4282100
266,1061500
114,1796000
264,748600
376,445800
170,1386100
1918,3591100
86,804500
85,812400
231,1642800
117,1950900
330,1090100
2511,2984100
2663,3525000
7294,9593700
94,1498300
295,1857900
143,668600
166,1229400
15203,14567800
852,2002200
505,732000
624,873700
3913,77043000
447,973400
697,1072300
87,958800
185,1781800
169,1421100
79,816500
1086,2218400
182,2115300
2942,4884400
2507,3507300
253,580400
1795,4233200
71,371700
62,229800
66,218600
434,398300
702,1268500
90,862900
1104,2732200
264,1042700
140,1351900
2447,4401600
167,2327900
4958,6437400
377,557400
97,1880700
317,683100
162,1593000
100,1575500
190,464600
130,529700
95,1386400
99,1655100
378,710100
968,2479700
111,2024700
1829,3397800
2102,3540200
431,1988500
264,880700
5535,5205000
216,1158800
3363,4642800
383,957500
344,1301100
450,1094100
385,1228000
335,1555300
839,1773800
4994,6729300
179,2147700
157,1445100
752,870100
107,1435000
1131,1828700
253,548700
132,388600
909,1787400
446,1045000
368,2327200
4808,5457200
1948,2435600
496,569200
471,1806800
94,1154500
117,2454400
102,1756500
259,743300
832,2135100
1758,2755100
135,599500
1269,2418400
328,1125300
3417,4075100
270,1188300
73,552700
75,499800
1370,1314100
178,2247700
104,1563800
346,1376800
2258,3428500
77,1208100
1887,2858600
629,1339600
161,1566600
1061,1538400
100,1648700
141,932400
600,2376500
66,299500
388,1085900
511,1309700
367,3556700
133,684600
3551,5369300
6204,8827600
70,407100
196,1071800
3484,5787400
447,1398300
430,2774000
247,1846200
140,858200
84,1005200
75,476200
5401,4499300
3485,4192800
4455,5578600
211,1322500
197,739700
199,922700
335,1275000
106,1772400
130,370000
704,1264200
7643,7860000
549,2621200
620,714900
195,478400
92,951200
5831,5414700
2104,4391300
116,1823700
176,2302000
266,926000
821,1214200
1049,2609800
517,1018500
111,1955700
172,1952400
187,274100
190,313300
172,1610500
96,1135200
3981,4334100
730,1907400
357,1973000
229,1445700
234,2528000
95,1383100
1290,2706200
108,1460500
1152,2545100
85,862400
2589,3602800
110,1447300
161,2005900
349,1925600
2451,3201400
65,180000
457,1331000
661,2348000
68,378300
140,745600
224,1880800
1209,2512000
639,1709000
1237,2906800
110,1502700
95,1215600
86,1051300
82,990000
908,1865100
556,2166000
2009,3336400
4440,5477600
88,973600
252,444600
80,865900
494,2558900
976,2354900
235,1681800
460,1490900
5744,10189300
600,2931700
186,298000
82,879500
1311,1930100
87,1453700
2819,5120000
172,2305300
516,1680200
804,3694600
88,1118800
554,2739400
66,319700
215,1079000
4729,5107600
431,2915000
390,1163200
65,267700
208,1065100
251,433000
3933,5236100
271,1028000
63,149300
829,1508100
1197,1519700
64,208000
82,1220800
326,949300
436,551900
140,557100
1059,984600
189,266500
631,786900
74,438900
4399,5584500
1141,2023400
773,1773800
177,2738200
134,461600
615,1962600
76,478100
3773,5211800
1545,2897400
1096,2939500
242,2410800
14372,14262900
3368,3810300
113,2081900
306,1850300
284,1556500
104,1689500
3851,3594800
71,389500
617,2526900
423,2065700
376,555300
668,1903600
3830,5154100
1824,2292800
73,450500
73,455600
91,1143100
186,243800
479,2325900
450,864500
376,561000
181,1924500
588,1482700
409,1438700
6009,9751600
92,1738700
1088,2670700
65,310600
522,1801800
2389,4020800
1104,4016900
65,313500
266,1099800
363,2378000
3021,4152900
891,2601400
62,205900
2069,2784500
523,1178700
83,927000
581,1594000
72,494300
4185,4814500
916,2595500
3107,3596600
314,424700
1481,2922400
4235,5058700
506,1108200
68,293200
202,736100
447,743900
9260,9831400
6467,6964200
173,2215200
2004,2664000
247,2251200
7987,10110100
62,208800
2454,3813700
107,1540700
283,1410300
65,227200
996,1281500
105,1594400
133,428100
4870,5600300
216,1558800
1406,2458100
229,1352300
313,471400
369,2324800
396,1454600
217,1133500
66,250500
69,310100
327,951900
2888,4003900
126,757400
4241,4337700
687,731400
277,1679400
2025,3166900
1880,2168300
90,1007100
4074,5544900
202,802900
145,797200
599,2313200
69,414800
1940,2491900
2074,2537800
3229,3550600
1211,2434100
297,1641700
5302,6238300
140,827400
871,811000
75,536900
78,686400
1361,3050300
213,1369600
62,117800
2717,4117900
3478,4189300
74,808400
1314,1538400
543,2143300
771,1481200
1094,2868900
398,1427600
9145,9886400
2268,4916100
128,417500
723,2014600
163,1467900
235,2138200
2120,2228900
409,1314400
1263,1840400
6524,6534300
166,1242000
186,183500
125,169000
251,340300
67,227700
236,1792000
957,1646600
113,1455100
214,906100
306,1873800
74,423100
243,2899800
1756,2075800
130,300100
385,734400
8714,9330100
107,1718800
1336,2655100
430,1880400
561,543100
2781,4237100
453,1061400
80,763200
85,719300
441,550300
94,1086700
230,1969500
807,720700
275,1356100
74,682200
285,1350500
326,690600
359,1806800
921,2356700
12368,12571600
95,1029100
6108,6535900
418,2027500
2018,3353000
964,2183900
109,1573900
7727,8794900
165,1457900
142,877100
4946,5983300
115,1495900
205,849900
81,1004700
62,139200
7996,9425800
121,1788900
77,557400
402,1350500
135,570500
1437,2263700
158,1423900
97,1037000
428,1835600
141,626600
112,1438900
225,1902400
5836,5715600
321,828100
388,1284800
275,1082100
941,1361400
1213,2529700
78,708300
66,285100
108,1805100
82,1033000
837,1955900
147,1334200
3756,4921900
209,870700
128,358900
87,874200
453,948600
106,1547300
1788,3948700
71,531000
280,1311900
1933,2481100
4405,4446600
250,393400
231,1412000
3878,5050800
280,1447100
1071,1494900
435,512700
73,434800
230,1457100
6803,7812600
356,2695200
75,530300
199,651400
213,1469300
78,567500
183,1687000
1824,2638200
869,1091300
268,1155000
884,1505500
389,1050100
895,1917400
70,356600
194,451800
1021,2358500
303,2076600
64,199700
69,443000
2774,4635900
435,523000
892,1407700
250,301400
92,954300
204,1053000
65,272500
81,627600
649,1854200
66,493200
1080,2124200
72,465300
768,1226100
8943,8434000
545,1811800
1020,2254300
449,1111500
1483,2722300
73,426300
270,905300
6561,7754400
140,652400
101,1873100
1123,1524700
233,1835000
1064,1538700
66,313400
63,169600
119,1802100
72,478800
69,467300
6393,6571600
1555,1832600
69,448800
1647,3788500
135,545700
62,125800
109,1765300
1554,2155500
739,2140500
81,583200
1087,2430000
180,2196300
233,2220100
160,1368400
125,192700
249,246200
651,1534000
216,1222500
930,1791500
190,429400
246,3767900
2944,5130700
337,1434400
1488,1579700
1245,1496400
1084,2364000
77,563100
1439,2025700
1990,1812600
116,1679600
178,2227300
87,1195400
410,1933600
7656,9482100
503,990600
353,2168900
3314,3854200
126,297100
153,1001700
749,1091300
2164,4586900
176,2347200
70,457700
557,3424500
112,2115900
62,176700
3406,6050200
7520,6678700
113,1763600
126,222900
265,945100
3253,3865200
91,1298300
1369,1585100
5440,7103000
352,2196900
298,2191500
165,1834000
459,1660300
623,1113500
1913,3037700
1127,1543600
86,1015500
256,579600
570,1186600
215,1502500
698,1416700
969,2245100
422,2074000
109,2120900
224,1410000
127,334300
119,1786000
391,1109400
677,3149800
392,962100
114,1477400
1598,3538200
534,2830900
117,2515300
354,2246000
433,3252600
145,821100
243,2339300
220,1213500
598,2151300
158,1675100
206,1569000
156,2006200
238,3177700
676,2319100
567,1282500
203,1242500
75,828700
95,1293200
169,2123300
98,1416900
423,3122800
257,591900
62,155700
265,1056500
484,2204700
702,1332200
436,456100
1223,2827500
2227,4525900
63,243700
1359,3183000
93,1338900
1617,2806100
674,2411100
247,1873300
11323,13458200
65,340100
1018,1569900
611,2823200
80,1050700
1781,2937300
201,799300
177,1952500
232,2599700
124,261300
1995,2390100
131,520400
955,1672500
7089,95908400
94,1621800
272,1130900
1141,1797900
724,2344000
116,1737800
2198,2759500
413,1781400
1483,3460000
74,506600
165,1696700
65,268200
335,1377700
2680,3481900
892,1860900
102,1571600
78,702500
184,2238100
71,517000
448,1108000
72,494500
174,2038800
107,1783300
11890,13212300
13350,14608500
1601,3947900
101,1592300
243,2300400
295,1867900
81,762700
78,739000
75,600800
13138,15215000
4310,5399800
385,728500
225,1236700
893,1682700
790,2180300
96,1344800
253,688200
96,1603600
105,1730200
106,1829000
101,1856100
66,361900
638,1644600
148,1290700
2981,3580200
233,2134300
386,988300
73,485900
1769,3143500
743,3749200
164,1476400
1083,1891100
547,2047700
138,687100
227,1845600
413,2014800
11975,11261200
242,2807600
1394,2348100
74,579400
10624,13191400
3204,4787100
99,1409500
480,2780900
2156,4002500
215,1337000
873,1074800
72,447200
74,538200
131,424300
493,2473800
99,1301800
1460,2667800
252,808300
188,286500
4905,4397600
473,1625600
65,218900
684,889300
185,1893700
141,603400
605,1870300
1417,2810800
65,574900
109,2077000
1327,1755000
766,1557000
287,1250500
206,967900
347,1781200
109,1573500
82,639600
89,959800
244,1940700
16633,16097600
361,1955900
98,1593900
72,541000
9631,9114900
4221,3944800
83,955900
1028,2510000
413,1386100
449,746800
2122,2109700
179,2210200
2290,3691300
130,426700
288,1476300
238,3244600
987,2202000
215,984400
1724,2615700
68,379200
103,1675800
11760,12402200
2152,3822200
1390,1967900
2004,2374800
88,1389200
2023,3556000
769,1243000
107,1297500
984,2500300
1951,2873300
144,1017700
135,483900
686,807700
317,699100
1113,3157800
859,2688400
147,927100
1312,1495200
488,2280500
80,870400
95,1173900
205,958300
80,628300
159,1441400
79,755600
361,1826200
116,2108800
66,275400
64,222600
388,957100
152,891400
262,616500
460,1078100
147,735200
12874,13893100
364,2202800
154,1189100
113,2091100
855,2543600
62,124600
1207,1783100
215,1050300
159,1188200
90,1184100
93,1361300
72,470400
69,301300
458,1069200
132,515200
112,1376900
89,812800
2908,4485100
14549,14622500
1039,2214400
365,2030100
548,2168100
957,2059300
174,2059800
1597,3026900
2625,3763700
1011,1753900
8362,9278400
94,1494600
124,244800
182,2342400
371,2089400
75,501300
125,196500
194,427600
953,1878600
119,2470900
748,951800
142,622300
2849,4429000
2535,4356500
352,1857100
128,316900
66,222100
1541,3014600
131,582700
75,604800
154,1068700
80,692000
755,1023900
567,723500
62,124800
162,1142100
2026,3608100
90,998500
248,372000
214,930300
2129,2420900
1043,3676300
1877,2215400
898,1613600
557,2687100
82,826700
2017,2706200
87,1046400
267,787300
74,569300
213,1393900
551,3253000
111,1486800
11654,11687100
124,322000
77,1032300
92,1123700
497,492900
11613,10740500
81,860200
189,382000
165,1653800
112,1546300
3120,3832200
1558,1587500
576,1531600
285,1487600
3846,3707400
8099,8629800
145,755000
5477,6061000
128,322100
69,387000
184,1954200
177,2071100
92,918700
216,1175800
173,1539600
80,565600
125,239300
301,2235100
73,641100
1435,1504200
239,1789500
621,670100
1935,1911300
1443,2370500
166,1641400
62,128600
100,1236400
143,642300
86,896200
62,138400
476,1572200
113,2008500
149,851100
87,1047700
1119,1344000
363,1920700
420,2120300
167,2256100
68,276000
123,1755800
1449,1755900
392,853000
481,2253100
74,698700
130,325800
86,728200
69,306100
64,179500
110,1406600
227,1287900
165,1704900
95,1554300
3190,3442700
126,225800
15760,14571700
155,1053000
123,1809400
1799,2073400
260,640700
830,1416800
4099,3560200
313,567000
153,1013300
1310,1786300
67,348500
189,426400
936,1053600
923,2485500
96,1319200
3745,5762600
108,1705900
976,2575200
92,1057800
456,983700
353,1561000
195,873900
561,845800
144,958500
85,1071200
232,2382900
10087,12238600
87,1233800
1172,3409200
210,1055400
148,1067800
88,980700
137,516300
136,590400
147,1111500
76,726300
257,524500
475,1433300
2487,2209300
348,1366500
3512,4335000
757,984700
69,352900
96,1070500
417,1735700
170,1958700
67,327100
146,744300
350,1770400
111,1961400
150,1171600
118,2463900
12322,15137600
68,442900
161,1438200
149,1095400
361,1880700
1009,1574700
2855,3674000
1893,2379400
7387,6842000
800,2726300
419,2965800
263,899500
3341,4724000
81,752900
239,2464100
587,1877500
6674,8679300
2403,5409100
898,2282500
415,2774700
98,1701800
186,290300
94,1433800
576,1470900
210,1184100
3758,5965900
104,1709200
320,911200
5377,9152200
928,3770100
126,236000
299,2911400
14962,17901600
135,507900
1829,3416300
73,575300
194,700200
71,472900
1606,3388100
98,1638400
78,953000
3426,3431600
360,1659600
2424,2913800
3538,3178000
340,1274200
236,1841700
67,326500
5965,6128800
546,2498000
73,519400
1728,2853400
194,388900
16356,15335300
276,1112900
242,1869200
1264,2349100
4028,4832400
553,2192500
2254,2766900
97,1135800
287,2041300
1000,1271500
1193,2141900
765,1362000
362,1779000
6406,6685300
377,521700
75,444800
2033,3712400
16055,18570000
105,1614300
1922,1582300
820,1204500
447,835500
1098,3014300
10348,11616000
88,868100
1790,3848500
302,1718600
67,248600
91,1070000
73,444500
81,634800
426,2516800
1737,1801800
6407,6994300
95,1304500
140,1026700
183,1845700
3810,4842400
4947,6320300
322,880100
3753,4402200
193,431400
80,717400
5172,5619400
96,1172800
590,1907100
1686,2276300
1145,2196700
514,891400
333,872600
244,1902100
137,736000
498,598400
209,958000
764,1444300
79,581500
2477,5419300
84,931800
491,1994900
292,1541600
126,241300
75,578700
73,618900
154,1497100
359,2136700
456,1145500
1432,1955800
297,2636800
84,1025200
1513,2394700
616,2084900
75,496300
676,3229800
67,323600
151,931400
2427,2721100
19439,20820100
65,369200
18862,18587200
253,475200
133,401400
338,1364400
238,2974100
72,484000
414,1746300
13039,13652800
2552,2342500
1166,2352400
72,496500
1322,2219700
92,1229200
67,288500
62,127700
156,1048100
2063,2015000
8045,9006500
123,2408400
281,1563000
297,1693300
79,548600
80,551400
2331,3578900
1890,2546700
8910,9177600
94,1351500
91,965200
2415,4713300
1074,1956900
389,1050500
157,1064500
132,383600
197,746800
123,2651100
218,1350500
126,273000
852,2151600
78,912600
405,1700300
153,1200300
855,2350900
789,1971000
519,1073900
368,2570600
835,2135200
824,1278800
341,1095300
5748,6476500
17479,17654400
65,257800
78,728300
7613,8433900
227,2021300
159,1877900
2356,2212800
1104,2454800
312,507900
494,2968100
4798,5339500
104,1640500
130,469600
348,1623000
64,224900
142,786200
623,76337500
709,2322700
2689,3756000
2065,2980500
146,1125000
865,4005800
1241,1963700
485,3533200
555,3661500
98,2054800
5186,6670500
570,980400
490,3241700
126,288800
385,983500
134,545400
2947,4318200
662,2498400
7233,9625400
201,646800
65,228300
81,829900
771,1568600
492,3036100
8007,7368300
206,1031600
369,2530900
2658,5180900
1349,3081800
177,1953500
173,2028600
200,803500
2342,3922400
74,629400
111,1913700
5679,7112900
539,2258500
1362,2794700
517,1245700
14610,17440600
289,2085400
15905,19240400
2997,3882500
258,901900
1998,2417100
621,615900
64,218200
130,418200
960,2443600
418,1903100
993,1537400
62,151300
63,200400
920,2461200
1186,1137900
2906,4544400
632,1055400
138,628700
107,1702300
105,1531800
181,2342600
76,697400
2018,2634400
1208,1639100
474,1594400
513,1282500
218,1069900
887,1402500
80,782500
294,1625600
1495,1863200
6145,6006400
738,2782100
76,776300
2403,4344900
205,757900
2598,5029300
308,1932900
1342,2007500
174,2601200
272,1191900
106,1481800
1296,2909400
130,338200
212,1382900
211,1095900
203,900900
414,1666000
716,2038500
3529,5121000
101,1161800
301,1850300
588,1539200
3213,4292700
668,1813000
80,812400
295,2675900
63,204300
2227,3451100
979,2158900
131,436100
204,1142700
3013,3655200
107,1722300
101,1773400
1382,2114200
90,864700
92,976700
465,1386600
302,1734100
1717,3386400
124,179300
13337,12111500
5460,5595200
290,2352100
212,1545800
253,637000
96,1392400
189,316000
171,1885000
215,1047600
90,1353900
1002,1657500
63,196900
560,889400
549,2532600
83,843700
2317,2617200
79,589000
263,934500
344,2308400
1460,2631800
1745,2023700
68,389500
118,2342100
14117,17044200
4677,5195100
1945,2929200
1593,2783200
105,1353900
704,1984400
146,1299500
2136,2498400
101,1169100
424,2212400
170,2159200
438,712300
2877,4250500
406,2365300
4344,4821500
795,2286800
431,2404300
1425,2737400
1617,2111600
363,2222400
75,462600
155,965100
131,346400
136,449000
65,215500
192,355300
131,331600
361,1984800
217,1667400
513,1493900
766,1244700
6160,8134200
737,2855400
64,220100
138,745000
472,1781700
1031,2542100
338,1516200
122,2208100
8337,10422000
89,1178100
137,659800
270,1673600
103,2026100
1247,2009500
4048,5404300
67,339200
1016,2221100
1407,3283300
62,192900
235,2738900
1700,3442600
269,1030500
1326,2622100
372,627300
388,1361500
666,2741700
145,946200
713,1584300
146,743300
5669,7536000
141,754700
1978,4118100
3108,3111000
113,1524000
68,345400
72,485200
334,1043300
647,2005900
4679,5404500
725,2573500
75,640600
131,499000
103,1571400
420,2272900
4296,4779300
6862,8705100
85,796600
741,2507900
66,258600
88,1196100
151,1496000
180,2187400
103,1684900
214,1170500
1388,2248800
186,215900
552,2053400
2533,3538500
112,1674900
679,3034300
111,1442600
249,321000
88,921800
3024,4660900
88,1019500
1307,1354700
1445,1925900
505,777300
595,2147100
97,1099800
107,1248200
119,1911800
346,1523800
107,2045000
138,633800
704,1392700
114,1526900
232,1667700
171,1633300
126,469700
173,2489000
708,1398400
366,1732000
996,875400
518,1354400
159,1278400
147,997400
65,197600
5306,6253400
499,780200
907,1845900
1584,2239800
214,906900
139,724300
215,1343200
5915,5813600
2045,4971700
1359,2997300
122,2310600
14745,16539700
1779,2585200
192,426300
62,114000
3448,4971800
94,1238800
1977,3108600
3518,5289800
68,363200
427,2401400
198,587700
72,434800
1148,2229100
376,670900
196,730800
448,862000
1777,3082300
89,904700
426,2399500
1073,1588700
3546,3822500
8224,9797700
91,1359700
342,1760800
1570,2059000
75,459400
10157,12124500
237,1830800
618,2175900
473,1481700
1634,3122600
88,1038500
77,541500
118,1639100
10279,11338600
4005,4754800
404,1198500
203,653800
90,1522800
371,2633900
12595,11705100
1049,3199900
78,578700
265,786600
1381,1999400
70,328400
346,1575800
150,934500
65,263900
136,705200
111,1806200
72,404600
178,1680400
63,173600
1768,2716200
68,370900
268,959700
401,1440700
5527,5729200
191,443500
1047,2691000
1179,977200
258,623100
1641,2282700
727,2558700
2876,3156900
16978,17989800
88,873800
5314,6862900
97,1098500
421,2344400
119,1937500
2117,2059300
1363,3521800
1008,2176600
118,1837200
142,640600
338,1149000
7930,9228300
98,1596800
329,1451200
379,784000
552,2052400
1627,1672500
649,1638000
74,580000
79,628100
65,225700
68,296900
408,1317500
1929,1782100
609,2118800
79,1275300
107,1803700
2144,3206300
163,1504000
382,1180300
62,115800
6386,7271200
5226,5550300
68,274700
104,1242600
305,2250700
219,1715900
192,369900
3766,5975300
365,2211500
380,656600
106,1427600
708,1299400
205,815400
250,433300
576,1415000
180,1629100
259,523800
94,922200
8673,11873800
145,839500
141,975400
1503,2066300
674,2103900
85,872800
74,482700
2455,3933100
74,509900
522,1266000
475,1508200
85,864300
442,833700
151,1173600
809,738900
149,1112000
6597,7001800
391,892900
1350,2362700
122,1872100
68,484000
133,585000
86,963100
89,1494900
323,775400
6066,7940800
156,1037400
3628,3923300
127,721500
89,954300
1284,2414000
3258,4126500
2743,3248400
114,1601000
1242,1004000
3492,4343800
1766,2193700
107,1514500
99,1089600
142,877900
342,1674200
1043,2205900
79,559200
186,191600
614,2180200
329,1062700
158,1335400
1493,1720800
499,629100
155,1214900
80,692800
2320,3331000
6587,8209900
2442,2661700
148,903100
349,1497500
261,618500
240,2088000
12066,12084600
2521,4157800
659,2111600
526,1895200
74,598700
352,1551400
87,1333800
8757,9497400
270,1302100
1145,1897800
73,540700
72,486800
175,1869000
3481,3827500
3540,3216600
81,823100
672,3301600
1367,1156500
210,797000
151,1127900
126,260500
74,570600
2127,2963300
540,2229300
1469,2482900
9472,12116100
129,575400
2939,4172100
434,496200
170,2000700
3006,3473100
214,1021800
121,1692800
83,918300
132,585500
233,1488100
2081,2933100
142,866900
72,411900
62,103300
1518,2582900
733,2116200
1182,1101200
1309,1214600
226,1188000
3168,3355200
113,1540500
393,1196700
110,1431900
2968,4479300
202,646100
196,522900
78,560600
617,2109800
76,538600
102,1730600
120,1873100
75,599800
104,1189400
189,342300
239,1720500
70,337800
78,564400
168,1936000
75,589000
312,459700
15806,16282200
123,1919200
88,850200
80,628000
3849,3728700
342,1248500
121,1781400
264,754600
115,1964000
300,2356200
2292,3994300
232,1405900
6535,6580500
457,1312600
322,588100
80,616500
199,761600
776,1969600
140,633600
246,1770900
879,995500
13111,14972500
5512,6787300
159,1095600
273,1091000
83,801000
115,1490300
1114,3373700
558,593100
185,2091200
7026,6622900
75,470200
16607,17196600
834,1482400
801,3197800
162,1785500
315,690900
111,1433200
18811,80108900
95,1464800
4417,4718900
75,663400
9465,11581700
506,1049400
8878,9872800
342,1652200
914,2205100
90,960600
151,895300
468,1524600
87,1540100
270,813700
63,154400
2947,3252400
3125,3795600
1794,3523300
72,378200
106,1269000
69,423400
113,2242600
302,2354300
8115,10619300
356,2107400
211,1190600
66,270400
1335,2919900
1287,4213800
113,2564700
1478,3483900
6867,8272900
3973,5080200
120,2087300
546,2684200
111,1826300
158,1165000
107,2264200
377,779000
3713,7497300
385,1387000
73,741800
1024,2830800
3153,4469300
93,1776500
99,1833100
91,1227800
627,1092200
275,1103000
8156,8206900
74,660800
104,1431600
2463,3916800
586,1201900
68,266400
232,1549900
371,2478900
1822,2762900
148,853000
155,1070400
455,1473300
76,613800
209,1117500
67,346600
119,2179700
207,1012300
9852,11354300
843,2448600
882,1441900
2183,2049000
69,363900
75,656900
675,2654100
96,1254300
78,707100
92,1310500
1178,1061900
143,805700
66,300500
82,758300
3785,4144900
257,618800
601,1896100
6911,7620700
2861,2852200
4125,5564100
369,1942100
144,665500
8826,9760900
2235,2230000
109,1431400
100,1109100
593,2031900
554,2280200
393,1086600
67,272800
81,674100
72,516100
200,760100
112,1775800
1681,2292100
72,414700
216,1118400
90,885200
353,1427000
673,2518100
123,1940800
117,1633600
1073,1618400
234,1576200
923,2919600
771,1601300
134,442800
211,902100
156,974800
156,1356500
171,1673800
2800,2654900
2235,2167000
367,2174700
6175,6669700
161,1862800
62,142500
263,1067000
112,1812300
84,744700
117,1573600
3760,5213000
7115,8247500
477,1733800
121,2021600
525,1341700
185,2670600
70,386100
815,1284100
1732,3203700
395,1543400
675,2444600
1399,2245400
1588,2561600
778,2713300
2838,3526900
927,3211100
472,1651700
2430,2275100
14141,13901800
117,1757700
1532,2444000
136,545300
428,2591700
72,460200
90,886900
535,1535700
128,276700
917,1857400
333,1008500
2169,3796100
67,244900
934,963400
269,933900
4225,4830600
657,2019600
142,653900
297,1527800
69,361900
139,609300
606,2642400
63,143600
128,313700
250,301200
781,1701000
184,1969900
734,2448000
833,1862100
601,1712400
106,1245800
2420,2152900
197,722600
141,819200
107,1400500
65,220500
814,1296000
228,1540300
543,1635400
250,313200
82,1105400
126,475300
165,1604600
539,1806000
63,174600
4023,5390900
124,288300
117,1797400
1408,2351600
403,1344800
92,1109000
1486,3447000
280,1070800
1013,1410400
941,1363000
416,2429200
871,900700
5182,6560100
139,814200
69,288900
484,1756300
135,454500
8007,8497500
1698,2114400
206,1126000
670,2157800
2618,2478600
246,2029100
1624,2333200
63,204300
2605,2325000
1252,1498300
708,1469900
8651,9740400
114,1576200
422,1624500
160,1065100
377,463400
101,1114900
2653,4154600
973,2403200
88,851700
2542,2665400
160,1320400
80,675500
419,1923200
1530,2436500
319,783000
218,1656200
206,793900
11554,13061900
126,360000
70,456000
342,1696700
266,1201700
153,1237400
202,670700
4315,5178400
2706,3755500
2887,4064600
124,261700
66,305600
1549,2762600
217,971600
184,1685500
90,1221700
910,1975000
144,699000
135,436800
120,1699500
503,665500
5289,6342100
241,2201300
389,1189700
121,2223400
1276,2605000
195,543000
763,1624800
84,883100
180,2806100
200,987500
120,1625000
6681,7456700
74,464200
1122,1254600
1220,2830000
262,925700
67,400500
1164,2397500
123,1760100
155,1225300
88,1194500
87,1197400
144,862900
158,1248200
2496,2826200
84,1016400
151,1333400
2732,2870600
2805,2568600
158,1035200
280,1692000
1438,1622800
139,540500
327,842000
2245,2612000
1048,2734400
369,2453100
3373,3441000
338,1445200
2604,2367000
6253,7539800
79,636000
465,1262200
3415,2638300
200,619100
537,2209000
106,1424200
138,790000
84,748900
432,1925200
175,1525900
141,880000
853,2664800
5624,7103000
3780,4696300
72,374800
395,1191200
675,2503700
116,1533600
3792,3143900
14644,14036000
636,1091300
235,2517600
354,1488700
322,615700
11464,11930100
651,1927500
547,1873900
2391,3046000
576,1224700
318,587300
487,2463700
188,339800
71,414100
72,391300
298,1600700
909,1930400
660,2003000
261,874900
62,106500
342,1181700
90,1002100
89,865600
792,2253300
1474,3316800
111,1426100
120,2117100
338,1366800
3046,3561700
90,1011700
16694,18439300
88,908600
759,1489600
8358,9553600
591,1775300
1761,2204100
1503,1765200
8047,10348000
408,2624500
1367,1546800
351,1360300
499,523500
9292,10850600
228,1564200
556,2312100
264,888600
65,365800
311,394500
323,874500
63,283200
76,557500
68,281200
173,1412000
264,617400
221,1250700
1496,1431000
188,357100
156,1214200
136,753100
782,1996100
756,899100
67,267100
307,1909700
7637,7678900
6366,6890200
158,1267200
10536,13460900
3511,5432200
107,2012700
110,1772500
684,960300
402,1192000
384,693700
179,2626800
109,2078700
320,952100
588,1401700
771,1560000
601,2285200
7633,7398000
76,749500
1186,1847000
878,1293700
10363,9968400
96,1209400
70,682700
830,1698900
376,640500
584,1311000
235,1527400
11314,13411200
19327,25088500
3935,6148100
169,1921800
957,1835400
92,1364000
183,2963100
2792,2830700
129,452800
127,311000
165,1603300
78,650300
98,1348800
788,2289500
1144,2103000
96,1513800
6568,8967100
10355,11127000
125,254700
217,1188100
187,278500
393,1104800
10217,10707600
76,829000
1513,2583800
10377,9982800
675,3292900
559,737000
1094,2325300
405,1416000
475,1660000
1396,2982000
663,2534200
637,1655800
108,1891400
2691,4221800
309,2543800
338,1364200
100,1799900
144,1005500
536,1749100
197,634500
1727,3901500
152,1825100
311,527700
12940,16840000
324,1100300
95,1407100
178,2520300
250,525500
146,1156600
1600,4726600
159,1975800
321,918000
84,1086500
62,145300
97,1520100
127,318500
965,2562200
418,2614400
948,1524700
8592,10625400
186,382700
1990,3041800
168,1752400
3332,4973100
120,2217400
110,1589400
884,1176200
1320,1504700
231,1515200
167,1904900
88,1354300
6542,7585900
307,1971800
160,1112600
762,1225500
75,492600
1996,3300100
93,1331500
678,2939500
342,1594300
1620,2252800
1369,1757400
353,1620600
67,276400
432,2588400
1195,1845300
4935,4717500
112,1988000
217,1073700
111,1371200
111,1360600
381,701200
74,439000
96,1312500
89,1166400
4977,5370800
1812,1820600
2255,3292600
109,1420100
8035,9564500
12278,11873100
80,727400
76,482300
86,742100
540,1671000
3077,4465200
83,1094400
1393,2441200
3725,3455300
208,1031200
66,249600
346,1325100
124,149700
7573,7236700
9517,10061500
96,1123800
567,924300
552,2581300
194,672634800
183,81934400
65,319100
2148,3971400
17320,18485000
251,551000
106,1495800
5661,5928100
364,2704700
135,791900
205,996600
77,581100
497,974300
791,2587000
1607,4136800
102,1434500
3113,4000000
712,2831200
986,3225900
3916,4864700
143,1098000
110,2332500
207,1545200
3215,6856300
1550,2204400
135,474100
912,2446300
929,2643200
5813,7417500
2854,2822300
78,658900
82,937900
3067,4390900
258,680800
13511,17431800
154,1310200
70,490000
101,1577900
405,1636100
463,1453200
224,1551000
184,2217100
1274,2561100
502,892900
227,1809500
1754,2613900
176,3003700
1549,3098800
151,980700
66,266500
670,2507300
199,745900
434,755600
63,164100
161,1171900
144,669300
102,1202100
112,1548200
2544,3256800
2251,2239400
190,400600
101,1360700
430,2670600
329,1245800
84,927500
1332,1869900
1433,1487400
4605,5400100
94,1070200
3213,5008800
1638,2209500
235,1433200
151,971300
81,716400
112,1911600
309,2040300
11402,14866000
685,1140100
2850,4088900
110,1831000
524,1606700
193,538200
8892,9756800
119,2254100
283,1920100
221,1892000
199,855100
209,984000
338,1053400
489,2182600
3064,3742700
525,1861700
101,1697400
329,1175600
270,1350000
1475,2942600
644,1576600
348,1542300
227,1862100
1371,1338300
667,2312200
592,1580600
2195,3243800
322,740400
256,449700
451,859100
2839,4045500
733,2679400
209,1088800
1536,2889400
433,2457600
86,1158300
102,1669000
219,1132700
2073,2364500
328,1158600
86,1097400
1950,2621800
114,1616100
2458,4172700
588,1502900
779,1657500
103,1206200
223,1291200
286,2201300
68,313800
3563,4002400
4319,5645900
11911,11272600
89,867300
178,2375100
9619,9203200
7981,8684200
87,885800
156,1162900
78,622200
215,1022100
763,1592500
619,2497000
600,1574200
177,1570100
188,293100
684,692000
65,222700
96,1543500
1496,1588000
392,874800
5498,6341600
76,616800
216,1109000
483,1750500
95,1025300
99,1086600
381,764200
267,1263300
65,358000
123,2776600
252,476600
482,1755300
203,730100
189,441700
108,1956100
1546,3172100
871,971500
81,593900
247,2404400
255,575100
2924,3177500
121,2157000
146,811500
429,3222800
1995,2033600
507,951900
85,867900
67,268400
4128,6055000
694,1127200
1133,1526100
143,1246700
4946,6312200
139,727400
97,1504100
3748,5538000
97,1415100
96,1576500
1390,2488200
1936,2762200
2311,3506900
127,312900
162,1802800
700,1118800
184,2046000
111,1754800
318,619200
160,1451800
468,1710300
6825,7287000
73,663700
155,1092500
831,1669300
188,350500
3693,5043000
224,1596400
291,1830800
118,2111400
1614,1464000
530,1864700
463,1576000
251,375700
187,284900
269,1028900
78,685700
274,1259500
2437,3415700
305,2568800
411,1772300
73,511800
136,494300
342,1103300
15763,16471700
6445,7744000
4156,4744900
118,2140000
1448,2488800
569,1087900
97,1768800
161,1397000
10181,10448700
7283,8941800
1547,3755300
1975,4149300
209,1160600
4263,5941400
5040,5717900
198,693600
351,1914400
206,959100
82,739700
8667,11368000
6198,9046800
1617,1616400
344,1219500
218,1282200
68,447700
62,189700
89,1332400
270,1460700
3950,36580900
105,1231400
68,283200
168,1441600
5665,5889300
1737,1774100
1884,3086500
292,1658800
706,1209100
92,927300
209,826100
109,1769900
875,1145800
474,1442800
96,1141000
101,1597100
2457,4222000
255,508200
1049,2470700
576,938100
1314,1290100
399,1266500
66,295500
3766,4397200
162,1749800
8802,11643700
277,1405600
155,987000
71,455600
147,1073200
117,1633100
137,833000
489,2433300
914,2013700
817,908900
1632,2109800
4924,6076900
177,1785300
146,1129700
8478,10191400
1115,3376700
79,772900
7733,8393700
1711,3314500
1539,2817700
103,1613600
86,1148900
244,2350300
78,537300
73,591100
177,1617000
8437,8121400
131,417300
132,415100
1044,3149500
919,2508800
64,167500
1621,1543100
4056,4841300
441,693600
307,1770700
94,1061200
492,2017200
91,1208000
10397,12147800
646,1660700
197,794400
341,2269900
299,2006200
147,1055600
355,1553900
1444,1743400
1704,3511300
393,1209900
69,388600
2365,2502400
169,1872400
443,792100
168,1572300
294,1760800
769,1279700
118,1976800
149,1127400
493,2146000
65,212000
287,1330700
958,1565700
70,382100
871,940300
567,1203500
655,1793900
275,1491800
88,853100
1890,2147700
1656,2982500
336,1077400
533,1553300
142,661400
444,752400
172,1441100
14291,14826200
966,3162000
161,1292300
1206,1742600
63,135900
185,1914600
164,1759300
652,1602900
18030,18406300
73,468300
12229,11410100
67,432600
1779,2783300
211,1066300
194,402100
2131,2539200
3273,5435500
1365,1632500
134,443800
6450,7961300
240,1782500
432,2854800
290,2295100
8406,9895600
95,1777900
112,2545300
11984,16655400
860,2691700
97,1571600
66,503100
147,1013100
86,1004700
1695,2470300
150,930300
622,668200
669,2648700
767,1349600
159,1213700
317,520900
1685,1894100
215,1236000
486,3299700
75,629900
1708,3866100
1724,4143500
402,1625900
1653,3644900
165,1872100
1938,2418300
425,2132500
113,1828800
173,2017000
977,2989400
717,1976100
105,1797800
260,910100
752,1138400
301,1965300
100,1812800
1366,1868000
100,1869200
75,685200
236,2345200
491,3245800
162,1767600
969,2869700
668,3015100
2269,4489300
547,3167700
929,4320600
189,580200
100,1513800
79,715000
588,2229400
278,1633800
247,2711500
306,2836300
436,871800
5378,7051100
90,1230300
1478,3071900
184,2194900
3363,4431300
657,1595200
229,1464000
382,788800
3442,5642500
901,1795300
129,301000
110,1489700
77,999800
383,917100
95,1105300
365,2109400
69,319000
1046,2733100
159,1776400
291,2143200
402,1475500
329,983900
114,1810700
110,2421200
479,1748700
529,1663700
399,1199500
665,2222200
14878,15460100
780,1994800
152,1084500
64,183400
1671,2818500
754,912200
234,2102900
101,1442000
142,823400
73,529800
478,1797900
1098,2293200
184,2594300
104,1248700
8201,7770300
2662,4912900
945,1711000
168,2031300
236,1689800
112,1497300
695,1259700
5143,6511100
2570,4115600
3689,3805300
13227,13768300
159,1271400
168,1667700
255,492900
343,1788100
667,1815300
254,512700
732,2297200
67,314700
145,756800
1174,3131100
262,730500
134,538800
193,604100
84,836100
137,511900
171,1405200
1072,2223800
77,801200
67,290400
9462,9661700
10274,11110800
226,1567500
136,632000
3151,4423600
8751,8774500
253,499800
238,1919400
2761,3358300
2480,2539900
107,1667800
314,553500
8627,9595600
152,1024200
1263,1785100
75,473600
124,202400
181,2090800
818,1440500
210,1082400
156,1237700
6837,7706500
2309,2479900
171,1387100
143,666200
3309,4215100
157,1153600
775,1796500
4519,7288000
173,2474300
90,1227500
656,1918300
602,1721100
4431,5452800
183,1854600
72,383600
570,822200
629,728100
173,1515800
946,2231700
82,674800
228,1499600
114,1685600
4528,4938600
1688,2114900
81,649100
128,256300
727,1804900
92,1343700
642,1603400
249,275400
99,1110300
137,509700
80,599400
246,1875200
598,2090000
1813,2594600
2495,3116400
994,1103400
163,1514500
16709,18117400
584,1703400
62,155800
1984,1976200
1582,3139600
145,986100
114,1827600
70,464400
124,161400
451,914900
97,1240100
137,799900
64,226200
196,695300
1080,1782600
63,157300
79,946800
1046,2361700
189,273300
69,293700
2433,3268900
106,1251900
1881,2214400
3879,4736500
722,2165300
556,2412900
80,785600
11995,12461000
165,1368000
115,1530000
221,1612500
67,380900
132,590500
209,892500
3490,3330500
4750,5857300
104,1240600
147,756900
111,1811300
94,1043500
4921,4791300
4914,4899800
194,783600
470,1679900
1122,1161900
251,511100
336,1070800
71,517600
664,2379500
635,989700
81,595100
142,774200
75,466000
10106,8841500
835,1450000
91,1019600
263,1085400
145,992500
87,753900
2151,3040000
4811,6255700
98,1526600
128,322900
110,1421100
145,943400
1394,2548600
352,1597300
6365,7436600
174,1458600
1758,2139300
1567,2512000
429,2246900
177,2067400
349,1550700
769,2237100
1082,1957100
1752,2189900
104,1519100
204,954100
571,1201000
5535,5841400
638,1277500
305,1990800
144,666300
667,1701600
102,1148700
64,204300
1139,1685100
2336,3858700
3431,3871100
442,855200
275,1396400
91,939200
183,1661700
96,1000200
91,963600
191,365100
1413,2986300
148,1260600
78,600300
129,320700
75,491300
257,546600
282,1142300
409,1327600
492,2710200
388,795000
843,1971700
888,1316600
3633,5323400
260,742700
17328,17324100
102,1241300
184,1883000
564,1149100
150,1203100
248,237500
167,1364100
1551,1287300
9546,12955200
163,1294800
590,1416700
273,1236200
424,1699800
469,1932100
450,956800
329,872800
2985,2531200
1292,2341300
2421,2439700
365,2471600
503,747800
5545,6434500
134,454700
851,1782600
73,411800
427,2275700
633,1027400
1528,2708700
123,1742000
1405,2931800
148,1028600
127,277500
701,1180800
168,1276600
2349,3776700
1792,3581000
267,852900
137,506100
4309,4752300
385,693000
303,1845600
62,178700
93,929300
530,1309800
10303,11168400
1556,1699700
599,1570600
373,376800
610,2185800
1628,2382100
96,1251400
329,1025200
18458,19198400
80,984300
527,1858300
3296,4182700
157,1268000
164,1606600
78,620300
373,376300
435,459400
175,1907900
654,1647100
137,555600
339,1619700
139,817000
169,1423600
113,1497100
451,996200
1093,2318800
103,1985000
74,730700
63,159400
434,500100
721,1817800
81,701100
100,1442000
1721,3526200
950,1920000
76,545400
77,591600
226,1283500
254,441900
6920,7355600
1029,2620400
2360,3007600
94,1412500
3648,5991600
1360,3353000
89,1081100
63,162700
1894,3221800
193,409800
1673,2833300
224,1268400
4724,5885800
598,2213000
258,817100
1905,3497100
293,2019400
972,2822200
407,1895600
649,1588800
92,951100
1085,2532200
79,824500
2111,2512400
77,730600
176,1860100
85,716800
303,2009700
1318,2148100
92,1139100
202,691600
124,186300
67,296000
218,1472000
223,1600000
76,556500
435,626700
492,2383800
305,1778800
109,1416700
184,2458900
403,1655400
89,1373400
273,1304900
647,1750100
92,1171100
4281,5643400
245,3242300
89,1307500
1327,2362800
154,1086900
140,593300
633,1003200
81,1332200
200,1397500
835,2177400
699,1317700
116,1801200
62,127100
2363,4878700
180,3135600
138,792000
65,247300
142,1032600
86,1045000
119,1593400
161,1141600
129,341700
398,1123200
101,1386600
108,2595200
373,799800
1345,4083300
11308,20565800
176,31574300
127,369200
301,1946700
918,2886500
344,2007200
340,1792700
301,2804000
533,2043400
362,2747400
230,2064600
93,1292000
696,1392800
65,252300
148,1179200
1588,2941600
110,1770200
272,1168400
126,276700
126,312300
5088,5909400
1688,1925100
6386,7742100
798,3468800
88,1351100
102,2005300
435,633300
226,2060800
218,1787000
76,787100
1788,4156000
240,2566600
111,2114700
236,2787300
577,1898600
602,3361300
74,757800
1889,3153500
72,522400
326,1060900
1411,3316100
128,271100
221,1751400
484,2626600
601,3127700
152,1880500
82,1184400
1233,4859600
83,1354600
73,771000
72,569600
618,3282400
88,1292800
621,803700
9934,12359700
122,2757400
174,2455500
229,1950600
90,1130100
391,1190000
563,934600
235,2117000
102,1624700
2341,4776600
171,2027200
281,1549300
243,2335700
189,437500
122,2348400
1098,2693500
101,1546800
273,1251800
1687,3362300
140,613800
229,1949600
1765,3245300
2091,4295800
7341,9746000
117,2308500
453,1272800
7126,10103600
6992,10476200
121,2555500
518,1729600
1294,3665600
149,1317500
295,2326400
480,2492700
672,3045600
612,2724600
208,1065000
472,1887900
252,589600
3220,6170800
67,838300
369,2679000
178,2410200
201,757900
186,338500
79,847300
860,3059200
326,1086200
381,843300
918,3502900
156,1441800
4657,5841100
429,2138200
2593,4378700
210,1123000
129,352100
113,1580200
745,979000
2986,2651100
1160,2979600
306,1925800
118,1712500
97,1209000
77,755500
104,1979800
804,3317300
517,1321600
2256,3272300
336,1309900
282,1436000
138,626800
229,1664500
712,2338700
516,1779300
72,517300
170,1413500
93,952400
116,1859400
158,1800500
353,1580300
6984,8016300
136,631600
1887,2399700
81,622300
546,1999100
90,1332700
496,483600
78,632800
102,1304700
1807,1960300
105,1386200
111,1897900
6641,5701600
182,2250300
165,1789700
111,1562700
755,1028700
613,2075700
842,2515800
3646,4320100
1410,3186000
199,651900
13617,16050000
390,1051200
318,592300
85,842200
218,1112900
133,470700
374,478200
104,1404100
3057,3675200
865,2285900
1694,1866100
1026,2523700
142,751600
144,670100
163,1160900
306,1743300
279,1032300
86,725200
126,278500
82,880800
378,647700
2193,2553100
68,284200
370,1810300
82,635200
481,2336700
2726,3722900
2789,4439400
856,2540300
1461,2114200
4749,6004100
2985,2973500
101,1541800
73,573300
6341,6102000
123,2225400
75,546100
66,257400
962,1731700
487,1962400
263,744900
67,335700
172,1571300
187,868700
1147,2775300
805,2349400
284,1225000
102,1775300
12432,12778200
247,1908900
568,1063100
72,616600
96,1151800
383,661500
83,663300
2588,3451900
3314,4345900
150,883900
289,1348900
9477,11833300
74,593100
195,539200
73,556700
879,957400
80,630100
774,1394700
68,291900
238,1836100
302,1947400
5247,5305000
455,1505700
68,378300
3968,3413700
217,1131200
78,526900
1515,2215200
64,252200
2347,3495800
85,757900
1001,1345100
193,587100
367,2267400
120,1828000
12362,11618300
102,1644800
165,1875000
75,462500
128,283900
1506,1681900
3348,2560000
7985,8339700
251,330100
2854,2903400
2005,2163800
4931,5091900
1512,2211500
4675,5492200
156,1356700
105,1632300
796,2830400
140,923500
278,1909500
890,1457600
522,1150900
493,2087600
271,1114500
220,1726200
769,2132400
838,1739000
477,1457800
128,261200
2757,4213000
1327,1798700
292,1481600
123,1750900
180,2282000
163,1276900
74,444300
66,215700
1175,2545700
754,1084800
1529,2817500
74,446300
480,1626800
536,1607100
1863,1538700
3026,4599400
1429,1363200
185,2308900
223,1867200
1664,2814600
93,918200
4079,5155400
10648,10814500
193,412000
117,1715400
2790,2818700
617,2643400
97,1052800
2587,3446300
312,546700
791,1945300
145,707300
432,2386700
833,1870700
177,2499200
356,1657900
583,1206400
589,1434400
16051,15972400
69,373200
2044,3814600
8809,8262500
566,733100
974,2204200
999,1135500
115,2107600
103,1200300
1012,1413300
2237,1894400
95,1418300
121,2479600
16511,16316800
446,864600
634,905100
118,1666900
279,1155300
2010,2800500
733,1970000
119,1742500
1123,1632200
647,1621300
284,1543600
10311,10173900
5178,6261300
64,327500
3037,3856000
273,975400
86,1024600
226,1869800
484,2000100
232,1485100
180,1675800
82,704500
19561,19122900
483,1952600
99,1390600
389,767600
239,2246200
1373,1370100
963,1678300
70,353300
4128,5384600
581,1503100
518,1302200
93,1172500
81,601100
744,881800
121,2417300
119,2265400
1689,2370300
77,602900
104,1714400
134,654300
123,2057200
99,1138900
318,589300
239,2306200
695,1493900
683,943800
386,826700
114,1492700
136,448900
179,1784000
1963,3095400
307,2363200
76,505700
1088,1876500
2436,2367600
1003,1896500
7201,6297900
106,1880200
285,1561800
3012,3763200
92,1158000
215,1284700
71,349700
264,740400
5107,4590900
777,2095300
332,1422500
541,2010600
277,1128500
113,1498800
6813,7930400
256,511300
740,3617000
991,3107800
160,1719900
68,404900
500,1027500
206,1100200
285,2379900
6472,7834600
130,438100
976,2491000
213,1473200
8829,10186200
83,1081100
136,720900
150,1296400
905,2668500
146,1025500
105,1924500
262,623100
78,641400
93,1056100
182,2562500
194,601200
1727,4054800
5227,5225800
231,1471400
200,551500
86,739700
69,301100
260,816800
123,2111000
77,796500
134,643200
2336,2991900
79,547800
80,628800
342,1711900
8203,12321100
480,2351700
139,799200
139,771100
65,238200
153,1636400
98,3148300
804,3218200
144,1137700
264,911300
2801,3405500
3327,5651000
174,1946200
245,2312000
73,630600
1222,3184900
106,1981300
88,1255300
814,1350200
455,1391900
336,1482800
296,2381400
85,1098600
1131,2147300
1513,3374000
1120,1773000
5249,8952700
9254,12467900
136,799800
327,1088200
7488,9826100
142,750400
248,341800
69,457200
411,2347600
1856,3545400
15092,15174100
80,781100
522,1316300
130,329200
68,276400
905,2050600
150,1130000
142,710700
1042,2685000
647,1425400
879,1278000
303,2166000
587,1472200
759,1039700
458,1042600
2178,2196100
94,1375100
70,450000
151,1246400
166,1718100
152,988100
621,774000
2727,4620100
2480,2239200
97,1106700
9085,9528700
100,1841800
341,1317600
254,418300
10979,11334900
365,2241600
4255,5569900
424,2261400
12561,13048100
235,1690300
191,505400
767,1658100
524,1422000
427,1985400
246,2029900
306,1847100
161,1514500
2065,2247000
198,677000
3340,4665000
94,1309500
142,832200
4401,5519200
129,464300
173,1735100
71,359700
374,445800
1009,1707700
2737,3089100
181,2480200
250,683200
71,362100
106,1262400
91,896800
264,677900
335,1057500
264,1016100
933,1274100
1000,1004600
319,631300
2167,3274200
8602,8914400
655,2145300
197,997800
140,639700
748,1043400
203,1117300
5420,7523100
102,2048200
257,866100
614,3100600
1263,2824300
1711,3389700
70,409000
846,2522400
178,1646400
856,2469600
95,1702400
174,1987500
295,1596000
1754,1970100
7852,8771700
221,1868500
540,1668500
94,983800
132,583200
1415,2815700
428,2810500
72,649300
1581,31144100
64,283700
253,437900
462,1461200
81,796300
135,468500
172,1433400
416,1468700
148,1296100
380,793200
206,878900
854,2076700
555,2026000
122,1806500
79,784700
2927,3808800
602,1682000
424,2560100
202,920200
264,716300
319,617200
151,992700
1101,2390300
72,479500
69,320500
774,2098300
81,884100
132,416300
6272,5845200
192,589900
123,1850000
1734,3089400
72,503100
578,1670300
427,2254500
6935,7804600
11417,10652800
3685,4524100
15059,15662200
5503,6329500
2303,3257400
80,665000
1746,1974600
66,273400
117,1681700
681,2856700
358,1789800
69,402500
106,1247200
64,251000
85,927100
14450,13707300
1969,3608000
126,292300
2379,3400600
106,1259500
8263,8645300
144,809300
14110,13759000
69,477600
1250,1287800
101,1381200
648,1328700
440,891900
6348,5467800
120,2486400
646,1582000
376,500000
81,589700
239,1727100
821,1092500
139,573800
87,1074700
8548,9827400
89,850600
433,1988600
110,1369900
85,803900
3539,3621400
138,675100
4864,4934000
19716,18451500
163,1331600
1167,2397800
1185,1333000
1623,2140300
207,773200
223,1598900
7791,8020900
5106,5418500
230,1841700
483,2229800
247,2296800
1213,2562200
350,1743300
87,972200
254,562600
566,695200
308,2521700
63,185300
299,2342900
6479,7044500
163,1242300
17975,18138900
66,289400
305,1845600
419,2316000
88,814500
68,281200
168,1302700
264,680100
202,603000
227,1375700
233,1521200
123,2482800
2861,2544400
80,630800
159,1083700
1379,1840100
473,1839500
69,412000
124,233400
192,482800
2422,2248300
562,549400
661,1758400
453,1348800
4513,4981600
152,1300600
3152,5259300
2358,2018500
829,1697000
371,2253900
5771,5233800
3306,4101300
1255,1506700
109,1292300
2484,2817600
1463,2731200
310,302700
83,706700
148,901400
139,621800
85,1085000
588,1967600
668,2000700
1494,1416200
147,870900
74,476900
64,166800
1020,2050000
406,1781800
858,2872900
136,763500
71,438900
139,724300
130,325000
342,1460800
449,1011600
253,390500
9508,9441300
102,1531700
214,1218600
545,2294100
286,1534600
637,1289800
475,1794600
321,752100
177,1920000
4875,6502300
12272,13235300
254,489000
88,966300
172,1487800
128,338300
435,470100
69,340900
1642,2841700
72,440000
74,604300
83,765400
1674,1498700
83,756700
388,934300
70,418400
168,2310700
217,1421600
475,1911300
109,1497700
161,1208800
314,745900
250,596100
11603,12179200
241,2176600
224,2245900
333,1219300
968,1947100
237,1755300
1402,3073200
198,510400
1541,3138600
559,579800
293,1581400
96,1208100
308,3288200
201,906800
710,1904300
1104,3047700
6869,7891400
936,1434000
142,934300
100,1480000
214,1322300
3205,4709000
5510,7636900
108,1504800
265,773800
244,1685100
436,463100
71,345300
893,2062000
180,2001100
79,653700
122,2033000
116,2131600
3847,3918400
398,1460600
96,1124200
84,706700
404,1730400
2580,3945100
91,1501200
79,550400
316,454300
1843,3363900
142,1090700
131,444300
169,1499800
183,1639000
134,414000
179,2111700
1814,1932700
171,1962300
1296,3577100
3446,4639400
674,2414300
1024,2650400
74,512600
769,2470900
728,2553300
99,2063600
334,1394200
5621,8053300
85,968100
8757,9387400
441,581100
690,1158200
5938,8446700
815,1287800
637,1539900
78,856600
241,2676300
121,3111300
79,838900
367,2120900
4442,6088800
116,1571000
210,803300
166,1305000
70,313500
97,1390000
631,1617400
384,833700
114,1492500
64,189900
625,672800
155,1033200
95,1320500
585,1669300
2418,2586500
75,717700
205,812700
2221,5506000
66,351600
111,2103900
136,525100
312,436800
128,550600
90,851400
334,1006200
81,931900
2935,4940600
271,1323300
92,1323000
133,691100
845,2505400
68,315300
74,774500
448,1096600
679,2856900
63,423800
3589,5587900
1059,1638000
575,1612200
300,1893100
746,1086400
345,2084900
87,1247400
150,1253200
612,2743500
122,2116400
4323,6450200
1844,4123200
111,2313400
1232,4524600
4714,6235000
762,2085800
166,1656000
1259,1880100
4554,6084000
207,1236200
138,704100
140,654200
74,468100
761,1230900
6015,7423400
831,1867700
74,490100
1775,3218100
149,934900
179,1845500
1796,4243000
206,1131200
522,1176700
126,315200
8650,10528400
843,2083500
2616,3331800
145,788500
3918,3465800
132,458000
78,821400
76,737800
147,1102700
423,2389700
437,684500
787,2211000
103,1813500
755,1066400
375,563400
76,557000
201,603300
146,733500
112,1411200
7820,9105400
2676,3711000
943,1243000
64,194500
239,1993900
1112,3000900
83,933600
86,914100
12397,14508100
3282,4336500
74,439500
234,1690500
116,2153000
215,1175700
204,780900
144,816500
1132,1296100
4291,4484200
92,997500
271,987500
96,1021700
810,791500
233,1696100
644,1719700
96,986000
227,1335600
106,1274400
475,1494100
553,2912100
372,457400
87,805700
504,656300
102,1163800
4382,5674300
156,1488500
229,1559600
99,1315800
3819,4780100
462,1245300
96,1024900
288,1616600
443,702900
78,903100
72,587100
431,2087400
5431,6393100
67,406800
79,728400
107,1746300
527,1543300
1447,2133400
2231,5081200
399,1252100
1964,3663000
1224,2236000
183,1864700
633,976000
123,2161400
74,600700
1360,3238100
178,1637600
2195,3462000
145,756200
128,314500
839,2076400
1971,3901400
114,2108000
3178,3552400
390,996900
359,2269600
191,451700
64,191700
209,917000
2081,2557600
200,720300
72,547600
88,1257500
69,372500
123,1795300
1569,2186300
96,1077000
185,2086700
94,1436900
202,960200
85,994100
2626,3546700
352,1564300
85,1011300
838,2218200
124,153400
63,192000
518,1034800
3419,3105300
624,865500
5256,6139700
295,1919500
70,418200
2677,2775200
76,514400
5173,5665700
958,2044500
1783,2772300
3960,5838500
270,838000
1459,2062900
143,651900
96,1625700
667,1950400
76,607700
3753,4320300
2353,4228700
131,474500
97,1041600
4488,5264900
4805,5381500
87,1051100
160,1434900
355,1484900
1864,1550200
197,500800
95,929900
119,2939400
360,2375200
115,1854500
116,1804100
219,1622900
91,891200
1178,984700
287,1425300
259,677800
294,2298000
807,1101300
108,1730400
3862,3865700
67,344600
782,2198600
82,1015900
2435,2677100
231,1617600
1932,2168900
2628,2878000
376,436400
416,1502600
188,265800
2317,2651600
81,943500
426,2252900
147,950200
436,657700
386,1009400
1141,1965900
605,2496400
812,948300
147,766300
7711,9095600
72,494900
75,546400
1885,2710100
1245,1436800
233,1740600
2282,3935600
123,2246300
225,1837500
98,1096000
9931,9616100
542,2505000
681,2951600
577,1021100
155,1253500
161,1165700
282,1632200
356,1851000
733,2044200
118,1873200
3040,3520700
299,2015800
89,923600
8177,8572100
257,545600
102,1422000
3636,5417300
87,1093900
158,1004100
71,328600
122,2095400
77,648200
128,296600
4450,4967700
14631,16247300
794,2732400
1688,1895100
2226,3194700
2841,4359500
130,365600
2124,2297800
738,2266100
261,852800
62,161300
2103,3216100
4826,5626500
63,176900
112,1667900
1307,1177900
87,866100
192,429900
1772,2677400
538,2106600
186,262100
830,1571300
101,1105600
4222,4686600
72,456600
3147,3943500
79,709300
174,1856600
119,1869400
107,1320900
96,1020500
433,1973800
68,266100
108,2497800
115,2007000
94,1238300
96,1406100
84,900200
18235,20122800
468,1691800
733,2163400
183,2442600
111,1536600
444,872700
71,393000
105,1429400
256,487800
91,903300
243,2187300
139,936800
413,1772200
68,405400
1507,1915600
106,1431900
205,1032400
206,929100
4989,4980900
563,773700
126,222100
547,2634300
76,34695500
1070,1472100
106,1639700
669,2413100
106,1489400
212,929000
163,1367000
71,412600
131,419300
1579,2741700
8107,8329700
709,1565400
131,453600
8341,9102400
106,1346500
18010,18195400
292,1797900
2016,3057900
4027,6169200
447,1034500
445,785400
238,1865700
67,331300
12441,14195200
1307,1230600
1627,1653700
422,2681500
65,211500
69,469200
67,382400
1194,1625700
141,750600
63,150300
461,1407400
809,918100
3767,4584400
244,1843900
3292,3428800
239,2093400
119,1876700
2591,4087600
1932,2060500
327,736500
8544,10216000
272,1187700
130,329900
87,1123100
1116,1496100
84,1089200
108,1975600
337,1207800
246,2813100
199,599800
2331,2814900
1276,2165500
271,1084200
255,550900
14976,14710500
1627,2215000
1110,3052200
69,294200
269,1231300
620,639600
284,1481900
867,3509700
142,842500
372,519500
202,897100
18576,18909500
64,247400
183,2744800
519,1214000
537,1489100
665,1889800
89,1199200
190,508100
161,1244200
116,1574600
62,113600
1550,1617500
323,703200
133,457200
2113,3141700
162,2221300
68,350900
587,1614000
460,1381800
234,2187600
14571,14087500
156,1692700
177,2208700
88,1247200
65,284300
755,1454000
267,1159000
143,1234700
116,1930800
612,1942800
1692,1756400
2018,4352700
182,1777000
3707,5220200
526,1343200
66,268000
3840,5554000
127,410900
2097,3440300
2284,4172100
73,681900
1550,1684500
1370,1587600
352,1752000
453,1118500
1610,3780100
72,503000
119,2107900
713,1880100
124,162800
525,2251300
2868,5291200
2344,4208700
17410,23416700
279,2205600
186,318800
138,600800
140,646600
1036,3677900
6745,10970300
171,1543500
781,1602900
179,2689000
2793,2601300
2007,2722200
160,1679400
296,1717000
403,1349600
709,1615500
17948,20999800
566,1003700
76,690400
6067,7698800
951,2067100
78,1023500
74,686200
729,2934600
279,1489300
209,1146700
257,707100
124,168100
1428,1485900
155,1408900
135,683800
204,735400
68,343200
1795,3820200
252,488600
828,2199700
251,533900
85,791500
228,1580500
8877,9146800
336,1310500
1195,1603800
66,308100
305,2100400
4218,3676300
1747,2067100
71,489700
1958,3479900
212,947500
148,775900
1869,1921900
601,2002500
399,1159700
277,1056500
232,1407600
331,872900
2445,3401400
164,1530800
183,1836600
66,282300
2101,3366000
676,2474800
63,192500
313,424300
4043,3452100
318,771100
974,2959800
1099,2398800
158,1033700
72,364700
1737,1366800
17306,17312900
2729,2358700
841,1609900
133,441000
1758,2551600
124,220000
438,701400
136,604000
1490,1668100
800,2385000
1305,1369400
413,1683900
1028,2047400
65,188800
2139,2506000
89,973000
16187,15891800
287,1606000
196,570200
934,1458900
321,745500
237,1999200
806,840000
181,1882000
78,669500
82,1131600
2337,4158000
127,340100
428,2249000
194,490700
1739,2424700
67,444600
64,206600
240,1734800
98,1087700
161,1093700
1756,2318000
173,1895600
960,1587200
7104,7202100
137,580600
1077,1459200
3155,4212300
404,1305100
7225,7033000
619,2673100
313,423000
302,1697900
353,2188200
190,443800
137,542900
255,560000
8443,8067300
66,283000
4772,6125400
198,843100
74,455900
431,2091500
232,1704900
291,1991900
6479,7167100
100,2108200
95,1060300
281,1174000
560,631700
89,933300
74,549200
229,1586800
478,1919100
110,1930800
68,321800
84,829400
4074,5441700
439,688300
438,606600
270,1056400
650,1621500
1716,3157800
1786,4099700
62,151700
95,1111100
296,1594900
339,1592300
807,1000200
133,421400
228,1353800
5542,5943200
81,870900
144,672800
542,2116800
941,1236400
352,1675500
319,887100
177,2068100
314,466100
615,2189500
84,1003300
690,1058700
67,247200
104,2377600
10704,11041900
10557,9895700
427,2376900
142,653600
80,589000
488,1831100
423,1888100
124,180400
210,858000
3510,4964700
1029,1859900
2151,3615900
270,867400
312,386900
153,975100
11464,11874300
178,2415800
147,778000
700,1166800
142,865700
82,771100
207,756900
86,878200
474,2075400
385,1051300
164,1625000
75,482800
4261,5665000
713,2576600
228,1901800
72,501900
67,291800
5802,8048800
104,2255500
353,2818700
113,2750700
226,2162200
69,463800
15939,17052200
1532,3227100
2197,3077500
538,2533300
125,204400
189,323100
68,272200
63,241000
1913,3694700
1553,1924400
1386,2110400
11091,12395500
145,1076800
2153,3805400
16694,17648400
124,215200
190,360400
375,614600
107,1828000
310,433000
814,1279700
1146,2303000
1163,2667700
132,482500
1779,3549700
2913,4156100
161,1552700
100,1401500
585,1613500
2485,2612400
853,2208800
64,222400
66,317400
10490,9796600
152,947600
1602,2733200
76,484000
136,491400
101,2067500
257,612400
2403,3285700
354,1485700
147,829400
881,1740800
174,1880700
114,1761600
200,737100
237,2061400
307,2681600
101,1549700
107,1765900
288,1766600
367,2403200
300,2165700
80,795200
125,345000
12583,14462700
832,1570100
323,1039400
367,1986900
648,1805800
71,420600
223,1229500
305,1833200
12327,16966500
1003,1690800
237,2808200
219,1631300
1351,3425800
89,1301700
172,1958000
161,1416500
226,1276300
379,761900
214,1259600
75,618900
1896,3508200
1365,1608300
173,1941500
505,908000
72,516800
126,375800
82,884300
125,229300
74,543400
294,2060800
82,910200
116,1930000
535,2366600
149,1053700
225,1245000
682,607300
1475,2627000
158,1375200
236,2170500
470,1861000
312,394200
73,549700
194,580600
93,1392600
347,1834600
7000,9718800
82,1019800
64,235600
110,1867600
5911,8040600
87,1319200
8020,8774400
4997,7273000
1104,3170200
594,2227400
137,616400
683,790200
626,822100
73,410500
88,946000
66,261700
108,1971800
3659,3086000
225,1423100
365,2543700
441,884400
157,1759200
636,1291200
755,1283800
657,2073900
433,2637300
2376,2412500
147,792600
230,1400000
490,2251000
192,579900
108,1689900
4921,6140900
123,1932100
959,1897600
312,396800
90,836100
111,1883500
172,2432900
239,2149500
2852,3917000
220,1951800
382,801400
12796,13942900
5881,7709000
1452,2171100
362,1702000
83,669400
96,1092300
14927,15666700
1181,1500400
490,2546600
293,1846300
129,338600
276,1048800
81,624600
274,965800
6184,7697900
715,1895900
2788,4901900
8191,9731800
3727,4472300
93,963100
253,366500
63,150400
86,726500
67,353500
2574,3773900
3196,3444100
89,817500
3871,5407200
1084,2715300
4711,8485600
145,1203400
228,2284400
74,621100
263,616700
126,254200
4746,5538500
1277,2927600
3494,3785800
15744,19728300
1865,3049200
1013,2063600
8001,9898500
120,2147200
102,1590200
123,2286800
514,1357800
2329,4136500
70,391300
100,1265300
279,2358800
67,748400
577,1697100
78,859600
113,2473600
831,2260800
214,36824400
88,862000
364,1970600
538,2246600
111,1693600
252,504800
2702,4249400
113,2082500
137,727300
8718,10883800
81,612400
350,2035300
1446,2308800
4984,4748700
213,1267600
967,2417700
1621,1761600
214,1277300
688,912900
1775,3286000
1974,2918100
388,978700
165,1219900
189,277400
1480,3441100
106,1335400
232,1940100
183,1950900
66,275300
860,3151800
78,711900
119,1638800
2927,2939200
663,2293900
3760,4799000
3195,4519800
8997,8267600
235,1613100
153,1107900
443,835800
151,1260500
64,211900
162,1630500
1560,1534500
7226,7864600
144,773400
313,528700
99,1386600
646,1692500
567,1067900
618,2612500
1046,2357400
73,383400
354,1637400
2939,3699400
235,1480300
306,1922300
160,1321500
124,196400
2444,2856900
6191,7397100
110,1516100
297,1608500
161,1346100
4030,4381400
79,744000
266,805500
114,1983800
273,1506800
180,2504600
306,1822000
1877,2057000
530,1519700
4057,4196800
329,1094100
5100,5035200
563,626100
93,969500
397,1026100
1012,1393300
257,469700
700,1509900
398,1732500
1130,1685000
66,475600
1000,1117300
1451,1853500
211,1014300
72,545600
556,2558500
1951,2341300
4039,4343800
268,1151800
202,678500
18244,17295600
9892,10593900
5003,5843700
593,1430500
532,1501700
137,1115600
112,1629100
88,852800
218,1575400
112,1637800
64,195000
1026,2271600
91,1165100
449,840800
155,1376000
1584,2220900
428,2404000
64,236000
3514,3718600
90,1360200
62,163100
63,191900
4928,6014600
144,785400
73,409000
183,1864200
191,706000
106,1682000
176,1890300
6342,7129500
137,784500
120,1601300
207,806300
177,1619200
810,1251300
117,1721500
441,1105900
86,984500
9023,8975400
294,1514000
94,1324900
274,1459500
423,1733300
460,1066500
453,979200
3159,4896400
162,1396800
11134,10897500
266,737500
177,2223300
3981,3549200
161,1185700
1030,2791600
4225,3818700
10885,10533500
1897,3550000
431,2571100
62,151100
985,2357900
197,718100
597,1883000
1415,2645100
12222,11830900
696,1289100
368,2409500
1005,1203800
836,1642400
5738,5664600
539,1690600
4223,4679600
528,1791500
468,1738200
609,2551800
505,787900
216,1149400
741,2275900
241,1968200
123,2822100
2065,2243600
80,578100
2342,3298400
84,920900
528,1379500
858,2029700
3734,3311900
546,2967100
1121,1264200
83,788000
169,1486900
66,247800
2930,3498000
347,1295600
98,1089000
113,1625300
171,1872200
1110,2994800
467,1274800
963,1674300
622,538500
14930,14919500
2820,3189600
488,2303200
78,548600
167,1437000
595,1692500
668,2186700
1078,1908900
101,1344300
240,2186800
439,511400
317,574200
117,2090800
1513,2158800
102,1424400
226,1611800
127,255400
72,371400
96,1213800
1839,3595500
688,722800
103,1247200
170,1448900
79,615100
186,213700
1518,2779800
8209,8343600
134,505900
67,253800
258,545600
6476,6056200
431,2085400
287,1342400
1782,2909300
11492,11578900
1267,2312600
188,264600
1195,1656500
93,1405600
310,606200
4764,4914800
593,2111800
164,1658100
67,281800
3771,5688200
63,226300
128,440300
843,2185100
89,889800
5512,7240300
5098,4499100
196,640300
9227,10999700
405,1523100
62,173100
218,1332900
526,1291300
240,2560500
162,1279900
396,1003200
360,2190900
297,1945500
310,406700
1744,2043700
183,2132700
539,1885500
81,689600
86,1196900
245,2243500
162,1609000
139,696100
19714,20685600
198,646300
175,1527500
268,800600
399,1201100
155,1066200
102,1501100
208,1262200
2818,3161800
155,945900
1365,1089600
107,1655500
352,1880200
73,499100
3185,3340200
79,596900
247,3036600
704,1343900
130,312800
139,534200
107,1252600
116,1493800
118,1871300
1941,2496800
486,2016400
67,234600
521,1120300
653,1697000
213,1335100
439,690500
409,1452300
424,1787400
1028,1832700
3065,3763600
260,601100
97,1117300
203,762200
145,719500
448,1095700
109,1941500
311,444700
1044,2232600
3149,3948600
1312,1900300
868,791200
112,1480700
95,1092000
89,931700
206,1121800
5199,6338300
661,1663600
87,776300
108,1979300
216,1403200
10977,10139200
65,199600
89,914900
96,1228400
705,1683400
5960,5174300
2209,3270200
510,1081700
518,1132300
1513,1794300
620,473700
398,1002600
270,897100
85,1290500
117,1819400
165,1450400
120,1707900
1581,2498400
2394,3574500
122,2038800
405,1244700
942,1421700
419,2325500
108,1313200
222,1335800
1326,2065100
69,318800
102,1877200
99,1213100
147,754800
1832,2457600
4638,6149200
278,1073600
87,742400
2611,2914800
488,2226100
350,1493400
1672,3223300
1413,3227800
179,2044200
129,346500
184,2660000
251,408400
466,1780500
561,891100
896,1600900
179,1594700
1019,1898700
68,277400
18555,18518400
450,1274600
1261,2100600
249,354000
610,2543700
71,490900
276,1158700
859,2155600
252,892300
6675,7541000
5229,5638800
273,988500
4065,6342000
745,1020900
1180,1530300
118,2851700
1808,2567400
83,1026600
77,827300
3716,6083900
496,429000
1212,1748400
117,1591600
1059,1076100
189,279700
1787,4026200
77,636600
1890,2173200
325,801900
179,1978200
4488,5492600
1301,3625300
839,2404400
120,2184600
362,2124800
176,2421800
509,1266700
5384,7627200
230,1823800
3130,4518100
275,1359000
2175,3090400
120,2489400
92,1449600
461,1692400
272,1310200
1357,3911000
93,1623700
327,776900
76,525900
403,2075500
3871,8038900
738,4880300
116,3666100
5465,8103500
125,533000
138,1308100
483,3184500
63,332900
394,1366700
99,1121700
92,973500
84,665200
97,1147900
262,923000
1249,1977200
155,1378700
107,1766200
93,1277700
9132,10553300
2880,3738400
10524,13326500
11838,16800400
15459,18263600
179,2448600
293,2446200
896,2150900
378,737400
2144,4214100
869,835700
1138,1613000
603,2456100
165,1648800
3122,4493900
4377,5636100
83,1229800
111,2071900
305,2476100
567,1071600
3731,4524800
66,358100
96,1087200
1183,1276200
3273,5076600
167,1710700
428,2484700
85,949900
3065,3235900
731,2295200
1052,3327800
169,1351600
131,441100
9019,9426300
508,943000
1443,2581100
130,561600
239,2367500
473,2120700
2573,3847300
67,252900
297,1521200
1845,3533700
139,889700
413,1871800
275,1101900
178,2573200
10455,14125500
3494,4580400
882,1653900
3024,4251800
279,1488400
208,1147200
89,1279500
882,1044000
382,600500
138,685800
89,1189500
125,209500
738,2307500
17735,19060100
7254,8062800
234,2151100
177,1746400
235,2307600
4172,5019100
523,1706300
96,1460200
2865,3147000
92,968200
379,561500
108,1419500
66,271700
112,2205300
113,2469500
1123,1712800
71,479400
283,1967800
1259,3031000
881,1492400
890,1853800
3962,7678700
150,1194400
1673,3849000
108,1443100
125,223600
376,561000
327,801500
63,183300
200,878600
443,785700
433,2623800
494,1998900
75,441500
79,576000
149,1047200
6304,7104600
609,2332600
73,562700
470,1888500
82,942600
1972,4017000
1092,2825800
150,1219300
1871,2426600
66,326300
79,555800
3138,4409700
103,1774700
377,765900
262,858900
1602,3821400
1099,34504200
2823,3692900
357,2143700
478,1833800
268,879700
128,390800
1097,2150700
444,758900
2316,3399700
74,686100
1155,2924600
2840,5212100
15220,17784500
223,1226300
561,669100
339,1671700
278,1533400
269,1167900
115,1552100
842,1763700
89,863500
922,2854200
1517,2199400
1825,2822600
67,356600
74,593600
367,2546400
333,1314100
135,489900
1238,2894300
189,431100
3611,4683900
176,2076100
96,1294500
177,1981500
165,2109100
518,1401400
83,911900
134,600000
10632,13559600
1752,2647300
598,2219000
346,1994900
894,2017700
611,2647000
457,1304500
108,1678200
651,1824800
94,1216100
887,1518100
1022,2294000
115,2457000
7818,8338600
1894,2876800
64,208900
265,799700
79,1189200
105,1666800
619,3009300
1594,3148400
394,1302900
105,1632900
1171,2537400
112,2041000
1103,3185200
75,752100
166,1767800
1143,2420300
5193,7267100
153,1295300
70,529100
167,2285300
2216,4674200
286,1827500
507,1154500
143,1086400
92,1273100
268,1112000
414,2079100
496,672400
821,1714300
113,2051800
493,2798800
74,718500
355,2208500
671,2457800
343,1413200
68,377200
264,974000
4416,5664100
1800,1990000
108,1899100
154,1368800
632,1264400
111,1883300
1216,3512600
1684,2632600
213,1343800
600,2343000
119,2275100
221,2046400
80,910500
2004,3135100
711,2213900
305,2165400
849,1923000
270,1062400
68,363000
123,2294500
135,858600
5873,6978800
990,3798100
8777,11658200
5908,8747200
69,623600
206,1465700
2533,5434700
104,1985800
403,1431500
4598,5718600
10047,11367600
4731,6316800
4959,8048500
204,1112200
66,300400
616,2599800
1558,2055300
128,416900
438,724300
2495,2671300
735,2373800
141,787000
115,2040300
118,2281300
167,1795200
86,997800
123,2332600
875,1770000
336,1313400
1345,2960400
89,1621800
294,3524100
554,3115200
185,3045000
238,1826600
111,1648700
7401,9246400
101,1272800
370,2742900
2702,3295300
741,3306000
203,1247200
62,139200
169,1487000
194,468000
69,411400
1570,1746200
197,636500
622,1537800
99,1901900
691,1055700
90,851700
15755,14758000
1106,2950900
230,1487100
323,769900
1497,1997400
1862,1928600
257,624400
221,1284300
82,782100
72,496300
101,1550600
168,1931800
118,2228000
664,1858800
165,1559800
108,1965400
1082,2340400
388,1052100
191,516400
213,1284700
407,1785800
102,2367600
394,1173800
84,837800
120,1651200
2580,3819600
1098,2272200
88,864900
1748,2056600
99,1937100
163,1872800
77,633000
373,598400
111,1705600
149,896700
206,1122800
8758,9618700
115,2028500
329,870900
3734,4679600
969,2325800
367,2266400
1781,3829200
141,969600
2325,3834300
18817,21365400
296,1957200
1736,1793700
78,1004400
122,2816200
10413,12187100
1055,1435400
288,1932000
493,2643700
118,1998300
4492,5966300
813,1091900
214,1234800
226,2121300
130,370400
77,585900
206,718100
4814,5131800
856,3209900
76,700000
104,1705400
172,1885700
4508,6528700
76,1632600
74,800500
73,1036800
378,810200
5517,10215800
74,816800
102,2251700
195,1428100
161,1737100
563,854200
177,1656200
242,2922400
1442,2466900
1611,3340700
3077,4568000
539,1656600
762,1127500
263,859400
799,2816200
2468,4238400
598,1834400
111,1623100
134,578800
654,2169400
190,402200
1225,3018700
99,1543900
9356,10320900
789,2045700
69,388700
71,417500
1400,2410200
7047,8575200
193,831500
83,1233800
115,2564800
5703,9043000
3839,5719800
160,1380600
380,615700
433,2401300
490,2976400
1130,1778300
122,2116100
1168,2999700
169,1695000
272,1077300
65,218800
62,114600
198,717600
774,1850800
65,253600
186,195500
752,1421500
4389,6071900
210,1687500
227,1935400
2615,2442000
103,1575300
682,927300
109,2027200
148,1153600
70,377000
229,1448900
66,229500
207,863600
93,1034900
76,507000
371,2687400
2721,3759900
7963,8396900
1198,1504100
251,352300
324,857100
350,1892600
94,1101700
11845,11176900
865,2880500
89,892200
2848,4414600
69,353600
415,2222500
244,2357600
261,688900
290,1545400
343,1248900
70,372800
114,1861800
90,1206600
797,2461000
194,640400
998,1155800
201,859200
749,902300
65,258700
400,1617900
1479,3652600
478,1836900
246,2570200
2146,3435300
151,1089300
63,177400
291,1453500
4486,5234400
1661,2630900
742,3666500
1650,2272800
243,1976400
454,1308900
669,2510400
158,1140600
85,868500
12190,13440400
1798,1587700
4283,4243300
297,1854300
112,1662900
1472,2362700
4679,5852100
141,728800
87,911700
77,747600
3271,4599500
933,840800
703,1171200
4864,5646000
126,270500
67,356200
62,182100
155,1374500
75,550200
105,1253900
648,1331400
929,3302600
99,1128000
1527,2458900
1354,3407800
1197,1754600
137,808000
96,1196400
794,2016800
208,1318200
1112,2886500
281,1521600
87,837200
2702,3816900
160,1871300
87,901200
68,269500
127,262200
133,390500
922,2418200
159,1502000
94,1480100
417,1961800
647,1347800
292,1662100
454,1605000
79,1027200
361,1918100
1091,1937300
356,1531300
165,1679600
134,585700
1487,2763000
88,949200
775,1620900
972,2897400
443,1039200
871,823800
277,1279700
2179,1825000
904,2234700
575,1156000
152,993500
195,492300
73,446900
122,2132700
2307,2760600
116,2146400
168,1393700
69,345800
207,766800
695,1024400
160,1252200
86,1023400
99,1331700
427,1855600
170,1567500
11917,10699900
151,1434400
73,448800
173,1513500
76,737800
174,1553900
131,454200
161,1285900
75,498200
425,2465800
130,327400
85,702100
169,1531400
212,963600
317,546000
70,408900
945,1746800
89,1171100
125,283900
10914,10743100
4090,5575300
381,691800
1327,1737500
141,605900
742,2251400
887,1557700
399,1333100
531,1431600
118,1821800
396,992800
150,1111400
727,2865800
74,771000
413,1644900
1607,3326200
838,2192900
67,277100
237,1623600
666,1813500
280,1148300
100,1703300
170,1768500
225,1228400
149,879500
66,248500
2925,2775200
126,257200
2530,4225600
1435,1642400
120,1948900
732,2501600
10561,9864600
315,439200
116,1822700
891,1354400
13811,14208800
389,804500
607,1854400
306,2365400
7110,7199100
116,2320100
368,2296800
634,1022600
962,2469600
65,250300
551,2101700
10437,10039700
468,1260300
88,804000
248,218600
2415,4519800
11228,10070300
97,1128100
291,2015400
189,317300
1135,2044300
2596,4038200
431,2529900
336,1408700
3501,4292500
75,614900
75,663100
86,926500
77,613000
374,514000
466,1553500
11392,11929400
262,976300
161,1258200
3081,3955800
1368,1399200
126,308600
225,1575100
3177,3199200
1743,1448600
283,1171300
424,2305900
174,1388700
101,1714400
195,550700
3323,4694000
290,1388600
63,139200
3902,4938300
4503,5700800
983,2518100
1318,1991700
495,2017800
205,687900
876,858500
859,2155400
253,646500
303,2064900
94,1614500
72,367300
1628,1843600
385,673400
179,2296900
93,1034200
10464,10131600
148,841100
9607,11174800
72,707400
75,672300
384,707600
138,601300
4850,5669700
2557,3084200
412,1453900
103,1460900
189,472800
5626,7485800
216,1453800
2315,3849500
856,2709400
2875,4118200
1376,1649500
115,1713500
291,1891800
875,1507300
111,1804000
270,948100
67,331800
1002,1226800
251,344400
8314,7723600
218,1278300
62,196200
471,2005200
246,2180600
173,27961300
178,2115800
92,1187100
3191,4295600
9370,8451000
3497,4764900
2294,1774300
70,409100
1489,1197100
78,672200
482,2156000
207,818300
159,1082400
3854,3285000
424,2086100
64,235500
8937,9167200
104,1296500
215,983000
323,688100
2880,3720500
152,1031400
536,1709900
102,1274700
496,501900
136,495800
197,498800
1008,1349100
158,1405400
126,303800
278,1271500
1341,2498400
385,953700
113,1921900
1991,2483800
122,2166200
462,1454400
79,694800
966,2364500
279,1855000
422,2399700
1133,1713100
1055,884500
85,886600
3596,3048900
876,918600
6341,6564700
287,1712100
72,477700
139,621000
208,782300
859,2855400
3390,4155400
887,1596700
701,1270600
539,2466800
85,833600
96,1143500
856,2335700
8932,10286800
116,2168700
97,1112600
397,1118200
97,1032800
278,1217800
97,1572600
181,1913900
781,1806000
756,921000
148,814100
122,2552800
6468,7002000
705,2115300
177,2231800
2297,3017300
6832,7854800
1684,2219300
180,1850100
2832,3560800
1085,2357700
62,144900
77,650600
349,1383400
347,1416700
116,1844900
2604,2896900
912,2293100
208,852600
316,675800
206,959500
152,992200
229,1928200
79,685900
1158,2956400
1274,2709000
234,2246800
851,1979500
473,1874300
1235,3420300
195,568400
232,1886800
124,227100
2776,5389300
97,1687400
62,146700
120,2408200
131,413300
10166,14536700
278,1661700
1403,3172900
100,1862600
154,1570100
5766,6591900
83,1297600
1443,1799100
3661,4962900
215,1045400
112,2574500
3237,5553600
380,843700
367,1902400
660,1937200
733,2946300
4201,6132500
70,456100
312,475700
124,153100
364,1739700
120,1691800
247,1805400
105,1977900
1925,2185600
77,511200
1318,1791200
220,1144500
305,2395600
78,679400
392,1074100
71,518000
981,2583000
304,1981800
215,1538300
13556,13943300
2890,4508400
134,528800
235,1766800
67,264700
2689,3677200
170,1343600
202,597700
161,1093800
1340,2249400
996,1500200
174,2083800
3501,4572700
66,245500
545,2466900
147,1061500
1566,2046300
191,348900
369,1979300
68,264200
150,1248800
63,447900
4128,4425700
1643,2787100
2101,4141700
5247,6396500
75,687300
67,363400
190,312500
79,638800
2972,5011000
63,217400
1280,1980500
2128,2620400
88,895000
87,1196100
2599,4751100
2561,2752000
81,923100
119,1655100
465,1325000
397,1142500
180,1992300
67,319400
151,1351400
403,1530300
112,1588100
103,1467300
224,1462700
399,1262300
501,898900
171,1643400
143,961900
74,633200
977,2442200
376,661100
2401,3958400
276,1227900
5178,6243500
123,1947200
12512,13617400
64,346200
2220,3852900
2782,4329600
271,840300
99,1054600
100,1073800
95,1173600
174,1991700
1020,2537300
6351,6217600
126,381100
12706,12920400
1999,2498900
191,509900
136,481400
329,965800
242,1903500
429,2158500
1605,3581800
117,1724600
1189,1263800
95,970400
395,1047700
84,742500
5454,6967400
568,1169900
7055,7638400
96,1780900
283,1261400
611,2362700
699,1510600
1563,1905700
408,1716600
110,1373600
2176,1977400
82,635900
321,552400
69,303600
323,716900
434,683000
157,1515100
617,2153600
2114,2128800
134,521700
645,1454400
632,1576600
167,1406700
115,1940600
1324,1637000
68,326800
9827,10979300
106,1541600
2193,2633000
115,1715400
1023,2345200
631,915600
100,1499900
206,811300
4544,5114400
121,1874500
718,1673800
5697,6943500
5137,6430200
215,1121300
72,433100
72,372400
175,1522700
599,1726000
145,1091000
554,2244100
531,1393500
182,1941800
658,2218400
682,977300
235,1481900
382,572900
62,112900
394,1038300
209,824700
281,1094800
165,1839600
88,1233000
137,707500
63,172600
143,1172200
91,951600
167,1354200
732,2129300
1789,3323000
672,1886800
105,1505500
442,595100
164,1907700
1887,2559400
594,1520000
5054,6507300
67,308600
103,1176800
95,1361300
173,2215900
6122,6300600
68,382400
301,2351500
18303,16709100
72,481800
90,893800
157,1113500
95,1354300
132,379100
429,2319000
109,1548700
3345,4445500
439,569900
1764,3184200
79,755300
81,860100
244,1707500
293,1503000
559,679900
83,1005800
319,602700
62,117100
356,1604900
496,528600
205,776800
8271,8650100
607,1857600
3118,3627800
74,480700
502,567600
119,1931300
152,1003700
452,946500
208,1058100
103,1380500
73,657100
114,1930400
109,1525500
395,1028200
83,687200
721,2360700
15685,16008800
415,2070700
547,2062200
241,1817900
101,1530200
437,596400
287,1264500
165,1461200
160,1137800
82,666600
3124,4383400
218,1488800
73,477100
3354,3323000
935,1255600
896,1764300
200,696300
526,1303400
406,1240900
416,1634900
96,1582600
479,2024000
311,423000
534,1687900
281,1339900
106,1671000
489,2484900
7402,7210300
213,1024500
67,259500
631,930000
126,202400
398,1532900
1196,1576400
1222,2777300
13435,12153800
245,2061400
120,2518800
3955,4632600
150,1156400
1098,2730800
15474,14592500
142,1080100
268,898300
112,1532800
193,409700
94,1098800
688,904700
108,1908800
906,2073400
80,615100
3258,3964700
2195,3333600
149,1157000
66,273600
138,705800
107,1253300
142,642200
2172,2373000
270,895200
1242,1056700
191,325200
1835,2935300
98,1719900
78,766000
187,246500
326,769300
100,1205800
5133,6068700
840,1817000
110,1484500
1417,3751500
227,1820200
93,958700
235,1545400
337,1160100
108,1426100
303,2507900
145,965900
739,2547400
107,1340300
74,553800
70,407700
92,1276200
249,442500
2193,2247600
925,2260000
196,489700
304,1846600
114,1967500
309,2324100
1009,1465600
85,730500
1573,2129300
1197,1740200
204,710000
395,969900
390,892400
70,354100
4460,6326400
245,2265400
2602,4626400
932,1307300
203,875200
152,1202200
188,303800
645,1668500
921,3218900
62,179900
201,770500
2674,2344400
721,1796500
633,1335400
950,1499900
328,761000
349,1337800
1375,1497300
104,1232600
136,1153500
193,635900
141,821500
5663,6598800
87,992200
2342,3118200
142,657800
322,636800
696,1347000
2298,2731400
168,1302000
79,553000
202,598800
707,1218800
163,1271900
74,469400
179,2336100
743,2234300
143,679100
63,181700
468,1476600
165,1987500
4135,5014500
155,1100900
714,1497500
246,2298800
75,490000
138,621300
1617,1519900
3249,4156300
118,1859400
94,976200
308,1937500
174,1879300
9953,11185000
2766,3464900
558,488100
1122,990500
339,1541900
397,1199400
9074,9919500
429,2167700
2472,4637900
213,1359000
96,1277400
9270,10358400
64,244900
197,1208300
288,1721000
340,1344700
169,1366900
113,1542200
1500,2389900
9380,11166500
94,1544000
1391,2181100
130,450700
1499,2285200
152,1254400
17964,21259800
70,552300
72,403600
179,2234400
84,1057000
248,500400
208,1148700
3203,5889300
142,981900
2822,4944300
525,1377400
1030,2283600
831,1497300
178,2143200
216,1590000
139,844000
1906,3673600
330,1389300
4735,6965900
4058,5491400
388,1176100
1057,1401300
1144,2273700
164,1497000
88,990100
3327,4783200
111,2123100
1747,2261000
807,993500
199,774000
6203,6423800
4530,5824600
62,138500
62,100600
260,619300
340,1147500
202,642100
490,2580000
154,1164800
118,2407300
656,1958700
221,1758400
109,2484000
444,1198900
2311,3993800
1071,2645900
1167,4078900
93,1738900
179,2089000
817,1357900
603,3264700
280,1704500
427,2740700
5450,10114000
519,1397100
93,979500
13423,15846400
66,272200
519,2180900
156,1161500
467,1292200
86,793900
2093,3080000
367,2523100
480,2040100
95,1167700
446,918200
186,254900
11990,12542200
95,1390900
232,24840600
879,1149200
195,608600
448,875400
9888,11564700
1021,1800700
878,1059400
418,1898800
239,2400100
94,1164200
5499,6477100
685,843700
412,1402200
3575,4282500
1396,3203800
70,530500
219,1085500
419,1510300
62,114200
3080,3827400
560,528700
232,1375000
2108,1566400
127,299100
1598,3190800
145,1094700
64,253900
195,471700
91,1016300
1098,2385000
80,670500
133,537900
177,2455900
250,392300
11173,10499500
149,1034200
1280,2624300
868,1145000
4066,4258300
93,1675600
2444,4280100
77,513200
18302,16419300
1964,2865500
1741,2028900
90,905600
70,320300
87,814500
953,1511900
390,893900
125,191700
11012,10817000
645,1799100
764,1558800
126,235700
500,543700
364,1954200
629,835900
1716,3406700
65,205300
202,708300
1550,1252800
1881,1960500
573,1085100
81,1134800
173,1797800
186,214800
163,1294200
97,1044700
1183,1250500
76,596700
92,1224100
375,505500
314,540800
575,1046200
648,1267800
62,105200
2496,2329000
1528,3043600
174,1488500
2550,2237000
374,418900
71,339200
1586,2482900
136,743000
387,874900
169,1535100
1376,1537000
13845,12111300
327,1268000
112,2039700
2418,1917300
117,2057100
705,1592600
673,2212600
84,720900
981,2315700
121,2083600
9799,9224500
1044,2360800
321,580300
1424,3005100
304,2176500
492,2165900
102,1154700
716,1643500
2521,3564000
296,2061600
108,1535400
861,3179900
337,1234200
222,1663800
167,1338100
367,1962200
136,661000
504,980800
597,1566200
437,487600
863,2625000
562,586100
10461,11726000
480,1792500
211,883400
397,1272200
216,1166300
82,755800
431,2739600
98,1543900
8166,9715600
326,836000
244,2782300
546,2001200
99,1434300
98,1106200
1278,2048500
764,1559600
3748,3739000
7251,8876300
321,588500
1941,1952500
457,1418700
585,1299300
85,826500
81,664400
72,399700
224,1547300
129,333700
65,199600
566,837800
93,1434000
193,598800
2252,2449300
529,1298600
7533,8416700
194,486000
77,570000
3406,4972000
1979,3467000
174,1916700
239,2074600
143,654400
269,821900
2886,3440300
366,2824200
70,482500
409,1591100
232,1361200
221,1220400
158,1428500
585,1620400
142,688500
185,1838500
3806,4412900
2519,3833100
286,1247600
462,1115800
465,1664700
6932,6720700
180,2197400
549,2189900
7356,8627300
2204,3017500
432,2524700
462,1492800
95,1091300
309,2092800
66,224300
2534,3974800
662,1783100
812,834700
259,660100
91,1145400
129,409800
212,1480600
405,1960700
1632,2472500
654,1582700
111,1731600
821,1577800
79,642500
156,1193900
152,987800
311,292600
63,129500
240,1592600
93,970700
337,1461600
10190,9655800
70,388200
77,548000
311,390800
595,1479800
146,805500
1725,3615500
942,1164800
134,443600
319,553700
196,457000
2843,3974500
107,1663200
1232,2670300
134,421600
98,1111100
3833,5809400
842,1797500
2499,3158600
3285,4504200
99,1574600
339,1332200
4074,5891800
1209,2379500
79,922700
133,485400
214,1047000
1788,3184300
68,335400
72,464100
181,2064300
1567,2125000
972,1888300
1431,1205200
205,693000
715,1525800
6855,7017400
133,515600
1947,3178700
1122,1136700
271,872800
180,1685300
86,767500
229,1755100
376,525700
285,1316200
201,852400
459,1582700
4678,5256000
108,1383000
1407,2253200
1076,1360800
112,1841300
687,907100
148,903000
3683,4119500
470,1675800
72,483900
325,851900
134,502900
98,1178900
177,1556500
3625,4270900
73,508900
181,1651300
808,799800
343,1247400
264,711600
260,604500
1722,3466000
212,928600
403,1129800
674,1931800
91,859200
231,2032500
750,906800
225,1224000
232,1377800
731,1970700
737,2487600
224,1425800
271,855100
376,548800
6730,7509000
115,1620700
197,496700
205,770900
1965,3165100
122,2389500
93,1239400
81,882100
4177,4744200
616,2134400
4637,5827700
76,578000
366,1811900
112,1672700
174,1828300
276,1366600
1010,1368600
2863,3431000
4628,6466300
1007,1292400
2983,3150400
94,976600
3910,3205100
343,1327500
125,223000
64,210900
98,1286100
105,1677700
264,945300
4476,4715600
311,444500
8531,9165100
146,1303800
78,599300
91,976500
5335,4660100
1042,2534500
686,703200
4900,4246700
81,856500
165,1931500
1505,1844100
68,289900
3985,4161900
134,483400
926,2565200
203,702000
137,650500
15977,15276900
344,1230300
3525,5726200
1216,2501600
155,1050400
15652,14988200
176,1749700
707,1935000
225,1506000
90,890800
1993,2221700
195,701700
180,2572500
12942,13671800
3368,3650900
725,1804500
1176,3092500
103,2170600
75,522500
86,1074200
766,1696400
62,128600
1450,2284700
201,838300
741,2493200
1960,3228000
155,1207000
93,1305000
127,339700
203,975500
781,2596500
413,2179300
924,3559700
4927,6118700
81,1242300
168,2304400
108,1816300
603,2127800
87,1326200
508,1201800
163,1713900
843,1868100
368,2036300
97,1604500
125,245900
68,533900
2704,4123300
632,1129000
555,2795500
148,1108700
164,1538300
406,1641100
113,1696600
1303,1451700
337,2113500
106,1662800
574,1362000
146,986800
121,2326100
316,728500
262,873600
2832,3838500
187,252200
1172,3668600
361,2314200
1260,2138100
246,2741700
371,2729300
149,1051300
3951,5641600
1419,3715500
1168,3986800
192,701300
131,581800
71,582000
74,649300
1458,2431100
239,2307600
345,1787000
90,1601000
97,1625300
565,1263100
280,1947700
435,1326300
6368,9214300
11965,17357200
143,1261600
94,1539500
3358,4791800
559,939700
152,1320000
259,621300
1004,2091900
86,1006400
107,2106300
144,1130200
430,3084900
327,1255300
6643,6683200
190,515300
805,3498500
1614,1465400
385,878400
124,151500
137,981900
218,1463700
5396,5717200
5164,5065300
260,610600
145,696400
292,1956700
633,1146800
1080,2233900
161,2061900
1921,5287000
123,1771200
160,1375500
72,608300
344,1502000
412,1925900
86,957300
585,1471100
5571,6834800
92,878500
181,1992500
678,3069700
880,1943100
67,444500
2056,2905100
66,377500
166,2032100
1509,3464500
86,1234400
402,1546000
3012,5228000
117,2765600
68,558800
120,2586900
73,785700
3472,3787900
740,3216300
132,1017200
110,2298800
17800,24961800
90,973400
255,520000
2575,3972500
93,958000
198,553100
207,800300
92,997800
75,478900
477,2270300
244,2784400
86,886900
214,1177700
449,938100
183,2681500
1229,3273700
706,1673500
401,1621900
959,2781500
273,1590400
140,682200
423,2571500
408,2190100
5492,8221400
109,2372000
190,431100
126,297800
72,451700
122,2634300
331,1419300
10830,18936300
4366,7872200
114,2252900
117,2259200
2537,5662100
2409,4952300
1681,2524100
163,1734500
80,786800
139,655400
482,2683000
139,840100
1201,2267400
70,430700
240,2355800
62,177000
163,1779300
281,1677300
63,157900
4472,5762800
4612,5000700
3032,6582300
121,2241500
81,921500
164,1527100
224,1438500
802,3050200
68,389200
3049,4274400
85,845200
121,2003300
83,900200
800,2971100
535,2133800
76,719600
169,1764100
4445,5867800
1205,2258700
74,469800
313,405500
3936,5932700
1580,3059800
611,2573800
3280,6212100
1789,3867100
177,1889000
82,981600
406,2182000
64,269200
84,984400
330,922600
369,2526800
196,805900
9371,11504500
6517,7998600
954,2044200
1805,2190500
786,2760100
367,1875600
210,861400
253,385000
114,1715900
91,1434100
128,429500
86,1404100
134,627300
479,2201500
385,925300
65,236700
1717,4084100
77,809700
3923,4739100
1063,1344900
10254,35612200
962,1938000
2189,3043100
4770,7467900
67,361900
13333,14870500
322,783600
118,1935600
161,1981400
257,817000
96,1447200
3088,5053500
1020,1805500
2201,2759900
191,380700
685,1064100
90,1524500
286,1575100
235,2145200
1567,2489000
459,1573000
216,1462900
144,1087100
5420,7134400
1674,2259300
101,1250300
6124,8242700
290,1955300
184,2361700
130,425400
5747,7640200
649,2032600
62,214600
17359,21748900
239,2377600
226,1653100
1203,2325100
5517,7098100
1875,2632700
686,823100
387,821100
137,553200
133,531800
525,1481200
422,2246100
3741,4819400
96,1353100
208,1143900
110,1905000
149,1014200
753,1070100
1144,2045200
1065,1375500
1204,2662500
211,959800
162,1301800
939,1172600
120,2347300
152,1478200
682,942900
168,1987700
335,1442500
220,1685900
450,1365400
192,431300
139,605600
637,1610700
898,2383700
191,611100
84,1025600
9129,10549600
13319,17925100
132,651900
288,2198200
69,516600
76,778200
2411,5534600
69,396600
368,2638300
893,2296600
917,3450300
168,2433000
3214,5104000
99,2063300
11294,13423900
2034,4569000
290,2007000
7703,10829100
115,2155900
199,1276300
2834,4541200
84,1138900
263,1009200
2570,4442100
79,743300
106,2103400
209,1844900
351,2657000
122,1730900
69,311200
1463,3180400
123,2739800
1201,2487200
69,466800
8055,12285700
4780,5605900
105,2155400
119,2242200
64,196200
1645,3394800
222,1914900
436,644900
242,2137500
95,1124800
10662,15535900
2081,4082600
505,1019200
66,383200
3727,4227200
973,2993900
66,482600
258,614600
1577,2691000
79,775100
102,1587800
143,949400
211,1519900
65,266700
1751,2652300
103,1665200
68,376200
925,3305100
114,2108200
102,1641400
437,703400
221,1568800
1113,3290400
392,1102100
64,201100
124,174300
94,1021000
2618,3787300
436,666100
2726,5428800
279,1974300
71,806200
6960,8760400
75,470200
1278,2785300
19156,25399500
1382,2591300
164,1415500
1977,4410100
487,2553400
2480,2721300
125,202700
71,468400
85,995500
2106,5212500
341,1840100
1725,3942900
1893,3218800
167,1732600
340,1768900
232,1993100
66,265300
662,2365900
87,1231300
424,3652300
76,690100
1059,1344600
652,1785000
97,1368000
348,1851900
335,2055600
1498,2450200
298,2634800
265,1250400
440,738800
263,985800
276,1510100
9378,13257600
99,1622400
158,1789600
78,945500
76,847100
8081,10540600
1618,2446700
451,1265900
120,3114700
68,502900
189,413300
138,824700
205,1178700
634,1649600
872,1294200
62,226500
1522,4551400
701,2102600
343,1949400
149,1471700
6183,9446800
6765,8019700
490,2377100
144,1191600
677,3305100
385,1169600
2431,3169300
163,1293300
446,927100
103,1630000
64,220300
6041,7451400
152,1735100
64,220700
332,919000
10814,14561500
97,1572000
63,167800
153,1270600
873,1204800
103,1684700
105,1752700
102,1655600
121,2417400
83,993100
134,705500
286,1995400
1341,2899600
368,2984900
263,1103300
5217,6807900
172,2297800
107,2206400
3316,5511400
3450,5427300
288,2044800
2385,3522200
71,509100
114,2113300
343,1590600
309,2935400
68,377900
522,1980200
81,702000
295,2356700
133,757900
89,990400
158,1327900
175,2340300
191,674900
10447,12836700
5674,7446500
104,1519800
792,2654800
239,2383200
4621,6654500
8212,9732400
366,2459500
222,1554800
565,907400
13740,18142600
407,1838000
304,2865800
218,1796500
105,2140500
411,2096700
328,1397000
1248,2973400
499,747500
103,1594800
196,747500
89,1058900
12578,15379200
163,1689200
372,418100
235,1972200
76,688000
1245,1276500
109,2003500
261,870700
232,1899500
142,931800
82,952700
99,1539600
598,2636900
131,444600
95,1286900
674,2236100
18074,21250300
132,634100
356,2140500
137,549900
2414,5000100
1602,3953500
114,2342900
3838,5005800
2595,5210600
823,1758100
89,1037800
829,1727600
376,724100
217,1185200
1302,1361100
82,918300
79,724600
93,1211300
275,1252200
7432,10225900
773,1650200
236,1703700
206,925400
397,1222200
62,121400
166,2168900
1910,4027000
206,958700
359,2270500
146,1192500
387,875200
124,153500
1539,2725300
117,1872000
260,820700
330,1392600
160,1872200
77,699600
423,2409900
666,2705700
149,1127200
396,1082000
161,1136900
86,766900
778,1494400
75,473700
293,2205500
231,1658000
97,1444600
733,2597200
481,2262700
93,1240000
7561,9742600
1461,2597800
69,391300
426,2718900
740,2560700
249,286000
90,896500
262,689200
657,1777200
533,2937600
68,506600
862,2749600
71,386700
65,228000
4220,4754100
118,2028000
623,704800
816,929800
554,3232100
690,941300
9385,10497900
765,1639500
62,148700
508,852900
437,710700
85,1099600
129,409700
94,1557300
304,2831300
73,495100
1464,3390300
69,515500
510,1290200
474,2110800
166,1726800
92,1388700
236,2434800
94,1360900
102,1590700
667,2911600
103,1719500
12303,15882100
450,1601600
149,1004500
196,799900
73,476500
392,888500
90,1418700
250,422000
96,1446500
967,2800800
306,2419100
101,1664700
8153,9362100
4324,6016000
7361,9460100
271,943200
213,925500
2322,3079400
656,2514900
678,2703500
6693,9089700
378,796000
643,2298800
251,458300
3790,4783600
4710,8262100
4382,6466300
1472,3571600
574,1413200
3407,5431800
104,1561400
773,2064000
1775,4011200
98,1807600
1605,4476600
89,1456000
216,1626200
3152,5797800
784,2777700
295,2342200
268,1265700
1811,2762100
130,542400
18087,21668500
86,1050200
86,790100
257,497900
406,1469000
459,1433600
7451,10515600
653,2519200
460,2232900
224,1408200
303,2288200
4881,8034700
696,1541800
492,3251600
156,1108900
358,1853900
14841,17746900
1484,4583200
77,860500
75,768300
14860,21300300
73,731900
274,1559100
105,2181200
10022,14019400
1198,2514300
331,1669700
13047,14993000
223,1379100
253,438300
67,361900
469,2096600
115,2130500
82,1134700
104,2141400
159,1896800
346,2132500
88,1406700
364,2853400
241,23815100
63,326600
573,1180600
617,2893600
87,998500
426,2355100
62,114500
236,2053800
78,1165400
96,1491400
892,1440600
969,2497800
139,769800
146,994600
1143,2165200
12858,19776500
94,1070800
80,1445900
252,664000
703,2270200
231,1965000
69,452900
100,1132800
75,581300
170,1879300
128,384200
235,2195400
157,1692700
268,869500
486,2773700
2786,5465200
2873,4375700
355,1861800
63,121900
10745,14670100
2304,4161400
1551,2332600
1282,3399300
65,325900
75,711500
1237,3749500
4913,4935000
95,1676000
63,178400
1176,3644400
10261,12057700
1473,2893600
405,1632200
109,2241700
230,2129900
315,545400
156,1186800
296,2070000
237,2418000
21414,24996400
144,1478700
296,2801900
1421,4694100
295,2070400
6880,9917500
685,866900
4697,7408200
7000,9386100
5446,8163100
505,1042100
513,1400300
412,2027000
4653,6170400
207,1172900
106,1941100
65,289700
381,964400
80,965100
205,1109100
984,3321700
250,448900
148,1123100
1446,2452700
2449,3766300
944,1815500
386,1186600
341,1452700
67,326200
515,1585800
104,1921000
315,636800
727,2778900
2908,5796500
179,2214700
149,1150300
5987,8309700
643,2016500
121,2557500
303,2905200
122,3023700
379,875100
365,2898000
373,405100
224,1272200
409,1811100
220,1538500
3058,4529100
166,2268000
1851,3929300
345,1825200
92,1543400
653,2203300
1646,3467300
73,905700
564,1566000
1716,3430200
547,2578900
381,597700
240,2453200
88,1026900
591,2275000
165,2069900
498,970500
7274,9872100
5983,8810200
76,561400
6377,7483500
257,707500
159,1349900
11828,12430100
372,622400
63,174700
1875,2232000
225,1459800
453,994100
1985,2102300
106,1919600
93,1256400
91,1202800
66,332000
166,1894700
2778,5342100
63,225000
243,1880100
137,578300
840,2091400
297,1849500
7082,8016700
1769,2570500
111,1390900
1085,2400300
289,1419000
2625,2606300
106,1354900
71,398100
191,326400
325,956800
3148,4472300
68,392000
7192,6757600
3815,5300800
126,309300
88,1137400
137,556800
115,1969700
354,1597500
64,367100
7781,8513300
281,2003700
177,2057300
154,1158200
209,921600
90,924200
111,2022200
414,2132200
1010,1514100
83,755200
2052,2498900
284,2650500
378,870300
143,809200
4568,5560400
1379,1612100
574,1064700
664,2220800
548,2213400
6053,6595700
89,914100
75,654800
279,1392600
551,2105000
2338,3208600
64,197400
8910,9481100
383,966800
2733,2874500
170,1598100
2471,4465300
1203,1886300
7610,8437400
3103,3398500
7987,10117400
107,1349400
66,252100
339,1094100
1520,2099500
894,1744600
424,2307600
62,154900
1187,1254000
136,655400
3113,3282900
9225,10702700
115,2028000
1554,1841500
120,2015700
324,926000
77,996900
575,1235100
320,839000
1347,2859900
4559,5945600
101,1214700
122,2981100
163,1533800
1345,2620700
3407,5304900
13774,13909300
7121,9117600
75,806400
217,1420400
72,490400
258,570500
83,870200
523,1480300
235,2280500
163,1298100
107,1381000
612,2053500
2941,4093200
316,551300
239,1819400
3083,4614000
63,213900
84,853300
11741,11588400
5133,6957900
2537,5123600
90,1111400
67,291000
259,598800
1246,1254200
17358,19752800
6519,6292800
979,2819700
214,1168500
3023,4386500
759,1498800
134,659800
125,251000
150,859000
283,1442700
92,1152200
410,1366900
345,1566400
1143,2399700
159,1476800
1104,2323300
140,740500
454,1110600
139,756900
64,217200
153,1242400
72,591800
807,1248100
1676,2220100
748,881900
94,1433800
3118,4274600
325,1110200
288,1643400
1849,3740800
2858,3296800
113,2029300
796,2694700
97,1139300
278,1118900
3018,4167900
83,677800
505,661700
6889,6578600
368,1986200
68,314200
16322,15663100
1784,3110900
153,1043500
634,1323300
872,1147300
63,166800
5389,8710000
615,2462100
1512,2281300
359,2366900
62,129400
109,1648100
118,2349300
152,1074400
341,1554800
108,1712500
321,735200
135,500400
63,145500
181,1691600
1997,2243200
129,455600
337,1630700
63,202200
6607,8483300
497,611200
98,1360900
532,1775700
134,555100
17037,20448500
115,2369300
338,1068700
327,747200
1110,2988400
204,697800
66,227400
405,1642700
1054,903200
224,1337400
211,991800
713,1996500
1027,2271500
466,1309900
73,442600
5135,6506700
80,699500
682,600600
98,1256300
217,1496100
1132,2337600
360,2265500
719,1780100
3932,4629600
143,800900
100,1193100
8938,9218900
76,500600
6561,8125000
410,1478000
101,1675800
212,1085500
1615,1398500
1174,2493200
2553,3133400
107,1429900
158,1249100
612,2401000
121,2076700
427,2299900
895,1944700
76,553700
3550,4340300
924,3197700
66,448800
68,388500
84,863800
854,2822500
810,960600
93,933200
62,123700
337,1537700
3690,5155500
3889,5087600
844,2375300
330,1193400
92,1264000
1934,2531500
6917,8389000
399,1815000
2617,3072100
638,1008200
238,1546100
239,1659500
733,2738400
1724,2735500
111,1420600
873,891100
123,2711700
436,532400
272,1391700
735,2805100
236,2189100
125,344800
304,2350000
94,1264900
326,1079200
1935,2617900
164,1876700
2261,3552300
71,507300
111,2520800
6185,10129300
117,3013500
334,1058600
274,1341800
329,1316900
161,1530500
106,1414100
89,835700
1223,2601700
69,311800
153,1391100
3050,4024800
245,2267900
64,179500
987,3735100
175,1698800
1478,3223800
96,1543300
970,2785300
1566,1767400
506,1084200
562,1135500
269,1533800
113,1930800
186,294600
752,1009200
191,377700
75,567700
992,1039900
214,1482200
92,1090400
2098,4575100
64,198700
109,1816800
5794,7275500
380,1069900
1081,2223800
108,1895200
2415,4703000
302,1753800
113,1471400
1032,1893600
7440,8648400
992,1223300
4666,4807800
2770,4545300
954,1775200
212,1252800
14311,21616600
388,1445200
5302,7069700
1658,2609000
223,1165500
86,795900
222,1803600
168,2058100
535,2231400
1987,2425200
275,1470600
73,748800
627,839100
12221,14971300
113,2140900
4654,6094800
117,2335500
137,715900
947,1820900
427,2576000
135,606000
327,1125300
2322,3342500
172,1407800
11047,13558100
3763,5612700
1543,3481400
2948,5240700
70,427100
265,712400
8030,10573800
68,346400
303,2422400
3927,4842100
104,1793700
141,1165300
148,1182600
359,2164400
197,888000
5452,7879300
8193,8983800
721,1781900
4487,6389300
17630,34656800
15437,18943300
13206,14504000
1840,3057700
9785,13550000
881,2263100
658,2513800
414,3330900
69,494400
398,1726900
1016,1614900
615,2376100
748,1438600
1752,2592900
7202,8665300
282,1685700
385,964600
170,2262500
89,1218300
1100,2834600
81,834700
1160,3011000
285,1690100
175,2042700
118,2145300
221,1812300
344,1867200
77,737000
75,655700
260,1053700
103,1764100
1973,4584400
158,1492300
10984,12810600
1696,3030400
716,1724700
729,2791400
267,1157100
1825,4063200
7269,11176000
62,173000
107,2110900
2278,3480000
96,1289400
430,2244100
1756,2430400
83,981000
78,784500
128,382100
129,401000
1729,4268800
205,1098400
785,2755700
850,2602300
83,1061000
7298,9933800
132,490900
6124,9603100
691,1085200
92,1281400
8804,10394800
556,3007600
2175,2817700
613,2391500
816,1167600
768,1968800
1104,4119400
141,903600
80,788700
145,951700
972,2538500
95,1537000
4764,7780700
111,1940200
124,210500
342,1481700
201,789700
5006,6973000
319,900600
66,350400
1430,2050000
1541,4004600
85,1220800
813,1133400
286,1587500
644,1882200
68,322300
119,2554300
8864,13367300
1280,3364600
96,1380500
155,1290000
331,1107300
191,457500
2869,3677200
437,696300
76,728200
1618,2446500
245,2522700
139,968000
7300,9671200
4069,6453800
10980,13542800
63,447400
3755,5369400
2131,3250300
449,1092000
114,1976800
118,2313400
10958,13690400
390,1194900
78,537500
298,2602300
100,1155100
10822,13749300
971,2425500
551,2700400
840,2517900
10187,12311100
763,1845200
1300,3564500
13031,15810200
238,2643400
435,481800
63,171700
95,1323700
78,682200
94,1369300
1429,1733100
894,1817200
729,2419800
92,1215300
106,2060500
65,365800
577,1482700
381,784600
234,1585500
217,1303200
622,870900
242,2075000
174,1891000
751,1257400
444,857500
4487,6370600
158,1506000
236,1833700
3019,4197000
1571,1907900
111,1953700
501,897500
101,1755600
114,1769000
99,1412600
7232,7681400
100,1724600
982,2831400
772,1629000
461,1337200
80,642900
2393,3552000
86,1193200
62,142600
1332,2240400
3057,3500700
349,2029800
3853,3478000
2916,2836100
125,239500
96,1555900
81,675500
156,1155400
254,588300
237,1998200
159,1347400
3590,5291400
272,1055600
84,706300
102,1133600
206,1393100
263,1049700
119,2090500
421,1705200
129,278400
75,613700
88,1118700
129,586900
161,1997900
234,1636700
112,1476700
248,273700
371,2779600
15872,17583300
170,1916100
138,560800
1025,1755900
4847,5883800
286,1308300
3765,5472200
158,1325000
72,480900
1342,2321400
1112,3160800
408,1613700
266,725700
668,1846900
65,404200
1019,1929900
305,2461600
349,2184200
254,535900
87,1071800
10552,11899800
243,2090800
5516,7916300
357,2075900
520,1448100
342,1591800
1246,1626300
1788,3827500
127,317400
271,1300400
71,444200
1229,3721000
102,1233800
140,718300
66,239100
1736,1439000
121,2804600
114,1597300
71,405600
69,313100
173,1471800
70,363500
173,1846500
6347,7346200
2473,4914200
157,1151700
850,2472800
162,1929400
382,986300
5918,7334200
79,1151300
302,1672300
256,482600
2251,3008500
384,1145700
75,454300
836,1868600
144,910400
5586,6565700
1201,2521200
65,265100
1138,1952000
1369,2056500
1107,3018100
1906,4214500
225,1432600
12887,15841700
459,1682700
76,921800
4023,7380200
2917,3625600
63,382500
151,1183800
1296,3473500
156,1673600
685,903400
2307,3175300
210,1143100
102,1508500
5916,7448800
911,2700700
1028,3178600
83,995600
12122,14906500
5881,11409700
2396,5623000
292,2997400
265,1274200
93,1612800
110,1773800
94,1041800
556,4155900
170,2186800
69,492300
121,3122800
89,1128500
140,1202300
259,1269200
75,807800
99,1699100
300,1967200
11939,15761100
485,2139400
4229,4935400
63,178600
1051,3170200
1699,3127000
1290,3078300
211,1232900
62,106100
292,1809000
147,1060000
3768,5668900
771,2077800
143,922100
73,455800
329,820200
98,1428400
2245,2514600
911,2625700
1721,3461000
380,755000
1312,1591700
84,1214300
1932,2471200
4725,6178500
72,689100
334,1184100
733,3396900
267,1532300
278,1487800
351,1826800
354,2134100
1675,1558900
69,495400
716,2520500
179,2908800
825,1277000
3302,4500400
259,746400
2347,3900400
11157,14304900
203,1093000
268,1135000
864,2556600
81,783600
14121,16835600
1171,3252300
134,580700
62,138200
101,1572200
73,540700
473,1874200
206,1048900
162,1370800
1329,2745600
3236,3959500
89,1170000
683,866900
510,1240200
208,1109800
756,1499900
7585,8636300
445,969400
1692,2046600
91,1166900
570,1247900
87,1135700
167,1567400
66,303500
85,834100
103,1411400
1254,1956200
981,2811400
3583,4791200
117,2459700
2048,1826400
613,2529800
138,687200
569,1074300
312,831200
1627,1995000
66,253100
82,724600
180,1640000
5291,6104400
319,731900
440,710200
96,1243100
8280,8763400
1232,3814900
99,1510500
2506,3230500
118,2313500
73,547200
4013,4545200
153,1440100
231,1837200
125,237100
639,1162600
691,841800
178,1848900
190,323000
115,2024500
2340,3873700
88,967200
245,2365600
967,2331400
1603,3173500
7009,7353100
72,552200
116,1986800
128,285400
1114,3288000
2135,3045900
377,546300
349,1443900
2453,4041000
97,1303100
2782,4357000
101,1379900
162,1542500
194,549600
616,2295500
728,2236200
3765,5410100
766,1230000
765,2122300
62,144600
213,1039400
17550,17089300
2712,5713700
342,1508900
98,1263000
319,571700
71,440100
68,487900
535,2737000
299,2032900
12827,13274200
1172,3532600
104,1312900
137,502100
312,715800
79,632900
224,1468800
3694,4720900
338,1299600
991,3865900
9756,11285700
74,469800
252,338800
76,540400
4763,6662400
459,1715000
99,1351500
3920,4539900
89,882000
241,1684400
223,1452500
761,1667400
191,409500
846,1851100
2618,3091800
259,675800
308,2722900
121,2036100
258,694700
1013,1462800
1807,2260500
930,1013900
250,374100
208,1314200
2050,1855900
8167,9767700
1322,2315700
456,1590400
1379,1957500
98,1494600
91,1084200
460,1370900
119,2351800
156,1066300
14411,15730900
147,990500
207,985500
174,1918300
70,518300
99,1624000
173,1624600
70,379400
90,1197000
69,375000
4398,6189200
2128,2579500
423,18156000
4486,6089100
102,1203600
598,2258600
107,2256800
130,446600
5983,7612600
207,1013000
188,405300
122,1854700
326,808500
976,2730000
326,783200
241,1885700
103,1199100
128,262400
74,434500
262,824100
90,1036500
124,220400
140,1003600
184,2901300
3041,2703700
546,2301700
1675,1826400
7756,7997500
7776,9351000
196,509300
77,735800
759,1162300
11176,12592300
122,2040000
1152,2403800
196,629600
328,1207500
67,289900
132,433000
123,1883700
527,1871300
591,1628200
1621,2654900
1826,2453500
660,1612100
1152,2133600
360,2003500
703,1288500
69,520800
624,972800
1741,2219600
98,1576900
337,1275900
64,193500
114,1477300
96,997300
354,1482100
111,1401700
2330,3537600
72,381100
589,1355400
191,420700
76,584100
82,855700
1143,2684200
1483,3480800
304,2032800
108,1846000
88,1188100
3975,4457300
224,1543900
182,2456500
68,290700
64,234200
127,236100
349,1413400
1918,3426500
309,2745200
1362,3775700
318,684000
73,516100
90,1139600
529,2219000
82,1102300
165,1580100
1472,2779100
421,2192800
108,1387700
183,1983400
1023,2207000
747,1320200
162,1460100
1914,3256400
86,820700
3215,5660800
1984,1666100
144,799600
1642,2936300
962,2635400
664,2308400
193,451500
2860,3541100
86,770900
5592,5734000
125,304200
1970,3637400
1371,1712100
419,2177600
221,2120300
4991,6336600
72,500700
573,1056300
237,1679300
142,637900
103,1220100
91,1159000
142,831200
121,2426000
153,1109600
243,2154200
204,709100
3274,5256700
367,2014900
112,1877400
86,756700
826,1684900
613,2246800
555,2645900
745,831900
220,1763500
181,1833500
196,560100
239,2247200
1333,2041800
90,1165900
111,1945700
695,1128900
149,818500
882,1660000
633,1137700
2469,3950700
308,2296300
247,2016900
167,1937700
271,1059200
85,972000
76,548100
108,1736900
895,1485100
653,2058100
111,1968400
124,180300
597,1519500
1334,2364300
74,476300
1822,2623600
107,1282000
69,362000
906,2225500
542,1937000
69,470400
135,693500
92,1370100
2679,3686900
99,1601200
5225,5384000
734,2518100
162,2134000
146,917900
90,908000
1658,3684400
84,931700
82,868700
73,661300
176,1755900
973,2350100
209,1074500
103,2127800
67,338700
1820,2838600
1572,2808500
140,622400
8271,10288100
1406,3562500
300,2291100
114,2358700
82,783700
299,1666800
66,232400
770,1701500
137,797000
169,1699900
116,2060900
743,2750000
66,346100
214,1201600
149,1076100
2687,3369300
187,291800
226,2178300
181,2137000
1096,2829900
97,1718700
426,3009000
1030,2685800
763,1549900
129,300800
917,2472400
14863,18059500
122,2834200
117,2641300
312,579800
399,1777900
116,2342200
262,673300
108,1291800
225,1853400
242,2778200
273,1548300
1158,2844200
405,1659900
229,2474600
82,738600
3689,4369300
1121,1625900
215,1774400
4536,5817400
2597,6758300
203,1283400
625,1084400
72,1513200
207,878600
4759,6761900
6634,8980300
177,1736400
1122,2374400
6086,7435000
85,1047000
256,670800
96,1335900
725,2703700
74,739000
163,1480700
411,1383700
780,1963600
863,3050800
170,1661100
159,1419400
616,2978700
76,629500
151,1583500
136,511900
96,1004900
949,1713900
5336,5595300
432,1977300
111,1639400
233,2518000
1642,2259600
63,151600
571,845000
172,1507500
5212,5566500
294,2351400
431,3632900
425,2046900
158,1238200
1072,2243900
293,2139000
3311,3628400
234,2484900
4848,5627700
83,907800
269,1319900
82,743000
298,1795600
226,1636300
159,1858700
72,440400
4025,9882200
62,332200
3027,5503400
132,511400
442,774300
1945,2816300
7511,8075900
1590,3649800
6582,8890200
291,2074700
323,903700
361,2422500
9759,11512400
374,618000
600,2007900
132,438500
7461,9445500
155,1475000
2037,4664400
487,2367300
493,2745900
356,2338800
82,648500
63,126800
149,1160700
918,3209700
520,1723600
99,1666600
1386,1879000
97,1211700
72,506100
106,1711300
229,2027100
453,1044800
1086,1803300
79,685900
142,806700
5432,7551800
6202,6641300
188,357500
103,1853300
155,1294400
890,1849400
206,1408300
1540,3097500
3752,5430400
173,2423400
187,311600
113,2111800
628,1301500
95,1545400
420,2082200
308,2207000
3569,5375200
77,684100
276,1006200
92,876600
1923,2373700
384,741500
302,2362000
77,657000
637,1315900
1271,2496100
19455,22383100
568,1353600
328,1167000
444,982100
619,2548100
3925,4355000
206,1282200
553,2573400
616,2793900
7997,12020200
9076,9838500
469,1531500
1111,3855800
320,787000
456,1096300
3534,2902200
149,1481200
101,1164700
1285,2267700
449,1313700
5009,6209500
145,995600
18220,18149400
63,220900
9987,10810300
458,1581100
192,442100
337,1284300
152,957400
138,691500
2650,4939800
105,1458800
1031,1952500
261,701300
75,761000
2109,1848500
395,970500
936,1279400
100,1184900
171,1718500
2350,4469300
75,510200
4014,5235700
78,760400
69,409200
106,1880500
220,1719300
1215,3026300
4024,5697000
255,492300
198,687900
565,1066000
371,2255200
1137,1702100
855,2184100
101,1947600
237,2125300
211,888700
12588,12000300
69,386400
4183,4592500
67,330400
1237,2873900
71,553100
2944,3179200
886,1461800
373,563800
329,830200
77,745000
123,2297100
1118,1175500
181,1689900
135,463700
475,1511700
2394,3855000
488,1970300
1298,2958100
900,2148500
2032,3160500
181,1669100
898,1784800
623,909200
491,2705100
68,397800
6036,6258700
267,1043300
98,1178500
85,936300
437,646600
159,1321200
2369,3001200
1085,2415800
79,737300
93,1169400
1707,3831800
10637,14814700
89,1272600
5441,6520700
97,1583800
1044,2592700
168,1416000
75,504500
286,1624700
82,1046600
65,192800
102,1526000
107,1922800
108,1895700
90,1269200
2719,3765900
107,1491900
434,485500
276,1135500
434,521300
248,298100
121,2384400
649,1555200
821,1149800
121,1965000
1022,2362200
2638,3109900
1157,2006700
269,867500
345,1629700
1350,2736300
116,1623900
870,1041000
462,1179200
1625,2284800
213,1031800
1005,1355800
141,739000
431,2118000
149,1179900
1135,2081200
69,502700
117,2280000
992,956400
3478,4031000
95,1121000
85,959500
3206,4385900
1633,2390600
462,1592700
785,1884000
338,1066900
451,1182600
5862,5829100
68,280600
472,1589100
73,627000
277,1236100
86,1118000
146,776000
89,842600
117,1594200
74,458300
578,1014600
62,124000
3592,5280700
3514,5610100
149,1283000
241,1991500
68,309700
99,1293800
96,1473600
394,1235600
845,2118100
137,490900
660,1590700
826,1277100
17983,17942000
420,2178400
388,919500
74,547200
223,1327400
15802,16900500
217,1124400
892,1979100
82,732700
2236,2337700
128,328300
115,1921400
224,1526700
12373,13792000
1437,1895000
319,889100
102,1272300
606,1845400
504,663100
135,476800
120,1616000
270,799100
143,952500
12892,12359900
75,529900
104,1202100
1498,2184100
122,2648800
11896,11836000
79,1236800
80,1018300
1033,2793300
179,2080800
876,1024700
1902,3216000
120,1700600
165,1280200
1674,1293400
77,561400
8081,7392200
547,2296800
97,1388500
1246,1562200
1043,2857400
250,375900
441,718400
72,601400
201,859800
86,829300
214,1162300
88,897500
182,2006800
1503,2144500
1544,3110500
6174,8089400
88,1226000
167,1864900
6773,25093700
138,808300
113,2416000
288,1368400
15071,15229600
2674,2883500
1050,2948700
3840,6060900
169,1555000
71,683600
1024,2490500
4339,6418600
1104,2378000
102,1148200
118,1885300
275,1280200
286,1786500
121,2078000
241,1978200
196,568900
921,3513900
764,1771900
236,1734500
81,659600
184,1841300
3449,4620600
988,2649300
4813,8161400
152,1583900
5295,6184600
246,2808600
478,2963700
224,2330300
833,2635200
934,1777700
71,635700
866,4275800
1586,3363900
268,844400
498,523100
303,1730500
667,2314000
903,2370500
1653,3117100
337,992300
143,841100
182,2194400
6128,9128500
177,1886300
227,2375000
13922,16627800
5620,7788200
80,914400
895,2604000
64,211200
427,1923500
3449,4735300
5570,5976300
127,258200
91,1407000
120,2052200
64,267100
77,510600
875,1109600
1437,1384700
138,624200
121,2107200
276,1314600
118,1781500
1668,3893100
710,1913500
899,1634400
1194,1662400
200,587200
2899,4108200
822,1334700
113,1801500
9304,8847300
222,1245300
130,428400
174,2201400
1715,2839000
118,1704400
100,1128300
181,2126400
145,781900
754,1037000
2577,2971000
140,697800
86,876500
64,204000
168,2002900
200,867900
415,2143100
79,596400
1985,1764400
156,1169600
6355,7401100
93,1563200
8943,11134200
837,2048100
436,642900
3793,4981600
639,1303900
578,1309200
3338,4772100
137,620700
217,1225200
385,853100
909,2181900
1015,2007900
291,1362100
245,1890100
427,1926400
74,462200
100,1800800
1247,1294600
832,1390400
66,216500
1872,2503200
256,535000
6679,6648000
79,749500
165,1481000
113,2093200
15128,13699600
243,2323000
189,388900
806,934100
77,778600
390,835000
908,1832600
609,2508900
316,502900
140,604000
114,1546700
97,1008500
185,1760300
74,430800
400,1906500
134,636300
79,765500
552,2142500
283,1778100
187,348100
147,1037000
68,352000
1005,1711800
604,2590600
334,1050100
154,1113800
612,2830700
177,1935900
283,1272200
1540,2776100
65,261000
15980,15540000
8673,11643200
3909,3395600
119,1799800
2774,4739900
746,1002300
14295,15469500
421,1620200
93,906900
75,446400
1863,2287600
15369,16033300
206,1056200
62,158900
672,2021400
82,721500
68,365700
124,168100
681,3025100
285,2168400
198,712800
88,1086600
78,706100
1720,3057600
93,1294600
143,869500
137,702400
4169,4137800
139,840300
105,1982500
84,877500
1197,1857100
75,579700
900,1984100
71,413800
532,1822300
488,1912700
224,1291400
82,643100
4292,4747400
763,1218000
11991,12477200
114,2327600
110,1902400
186,252400
337,1579100
907,2191800
129,470700
2908,4094700
256,529400
14579,13865000
3161,4797700
2092,4096700
121,1976600
5520,6136700
101,1752600
13150,12375700
72,773500
867,2433400
170,1397500
246,2336000
140,925500
2086,3168600
237,1586100
908,2017400
65,299400
309,2471400
122,1966100
1595,2649300
754,1530300
77,650000
80,784400
119,2012400
9146,9726900
749,885200
455,1628200
1804,2385100
2679,3189600
250,412600
71,463200
150,1250700
64,257200
126,286300
654,1867400
65,210500
2699,3662100
164,1723700
105,2127000
124,247300
86,1009400
109,1599800
87,1073100
93,1074600
381,833000
235,2274100
90,1165000
2186,2575800
1222,3997100
558,640900
1027,2571600
651,1531000
304,2267500
430,2176900
1154,2398200
262,739500
195,593400
102,1888400
698,1478100
261,602300
73,765900
360,2275600
94,1340100
3126,4152100
3212,5081600
263,1002800
144,1306500
16651,20748800
4294,5267000
80,824900
144,885500
67,318600
335,1309900
67,302200
1273,3055100
325,980000
859,2846000
11951,14835700
176,2045900
9689,11177300
233,2058400
277,1334500
5786,7761100
268,1034800
283,1876100
1300,3500500
766,1966200
369,2241000
472,2044900
292,2107500
3304,3472400
1017,2466200
3591,6783400
99,1478000
199,561200
1678,1807300
809,761900
158,1102800
238,2200200
125,223300
440,646300
267,1018500
222,1459700
5707,5261500
4180,5921000
168,2018100
192,384300
252,376600
2873,2928800
410,1425500
5130,7411400
958,2147400
66,270200
666,2509700
2306,2592300
484,1892900
69,355700
5567,7502400
382,1017800
7784,9965600
1891,3783300
352,2524100
369,2574800
337,1479600
795,2287400
2621,3414800
117,1944900
362,1844400
338,1016200
98,1539600
74,619900
83,1035900
69,463800
237,2202500
169,1661200
308,1803300
5808,6619300
68,310200
337,1239200
151,1773800
316,851000
73,436500
1882,2110100
190,404200
184,1749100
2501,3184300
221,1315400
132,483200
305,1894500
824,1380300
138,836100
133,790000
1547,3158000
524,1233000
6190,7201200
92,902600
7336,7616200
13858,14453700
817,1194100
225,1417700
3968,3815700
66,379300
63,141500
15080,16571700
746,861000
1208,2502100
75,646000
102,1799300
9252,9521300
775,2332200
2124,3244200
1210,2923100
357,2485800
118,2335100
5592,6929700
227,1784200
230,1852700
394,1076100
2269,3290000
426,2581200
1790,3595500
1746,1751100
319,544000
266,903100
80,750000
1416,3587600
439,543400
1707,2367500
220,1160900
173,2281200
3716,5707000
219,1579800
14320,17783400
9005,9789000
425,2163900
137,799700
751,1547900
1207,2463900
244,1836500
175,1728900
1985,2038200
987,3839300
493,3003700
675,3359500
403,1944800
66,280900
95,1322200
1520,3695900
1907,5173200
10352,14557600
2066,2654200
68,420800
109,1523600
138,618900
2364,4470300
477,2278700
111,1527800
163,1574600
361,1888800
147,1052600
74,578200
263,998300
71,461900
432,3275100
419,1958900
414,2069100
77,692700
297,2603100
552,2634300
119,2711600
212,1070900
62,115600
584,1168300
374,359700
2841,3617900
4064,4989900
787,1928000
109,1759600
3679,3954400
779,1552900
122,1669600
242,2009400
90,994800
62,108600
834,1462000
488,1813900
64,161800
76,560600
239,2086200
2249,3016800
81,758300
11661,11267600
2330,3256000
92,1073800
145,736200
140,604300
397,1027900
8028,8059300
610,2228300
377,621200
3441,3887100
759,1116800
727,1747600
501,970100
135,640400
287,1363600
1124,1306400
106,1407900
1797,3510100
99,1310900
4308,4283000
190,325400
251,387000
932,1006000
560,877000
258,640400
5708,5774200
6917,10606600
264,903400
108,1735100
62,149200
75,692300
76,640000
143,945200
66,312200
537,2060500
14687,16686300
931,1310300
186,348100
199,758000
1946,2883600
203,853600
159,1644900
1161,2170400
3103,2455800
5270,4960300
3291,2618300
1217,2376900
766,1870100
270,888300
771,1459400
792,2130600
492,2547300
3217,4702200
1031,2305300
1508,2324200
1010,1251500
110,1316100
806,692600
3316,4139200
162,1471800
387,20506200
119,2136700
825,1708000
479,1879300
63,212000
2320,2784800
1789,4000600
148,918400
1580,2013400
6219,7493000
311,428700
284,1754100
132,542900
109,2023000
222,1217500
111,1454400
62,109200
149,835200
100,1087200
7962,8029200
120,2776800
149,905000
860,2213900
2158,2893700
136,517900
9754,9873400
994,1245100
2091,2983000
520,1080100
98,1217800
223,1525800
362,1872000
349,1552000
241,1851500
459,1416400
740,3058000
9444,9402600
6429,7686500
81,641000
92,905400
517,984400
3321,4075500
19068,19819600
2607,2981300
3291,3005500
215,971800
102,1177700
3107,3371200
422,1689000
793,2134600
97,1112900
1365,1449200
67,388500
4533,4401600
192,402400
920,2513500
85,1086500
858,2331200
1147,1925100
139,561400
754,947200
796,2826800
1495,1739300
107,1440400
935,985900
99,1316400
81,625500
523,1759300
123,1788300
345,1210700
11607,10414000
412,1933600
361,1962000
95,988100
8194,8201400
5115,5640200
102,1275700
185,1756000
2469,3656200
225,1837500
84,911200
192,409200
795,2664200
958,1495000
7720,7775000
7200,7901300
943,1128500
65,242100
107,1774000
721,1920400
2533,3623800
201,726500
3745,4962600
2893,3547500
75,658400
283,1296000
3751,3787500
93,1186500
74,417900
6005,9041500
83,1030500
531,1626500
139,709900
77,512400
245,2021000
9845,13366100
79,787600
69,546200
137,785100
1990,2670600
76,721800
11452,13194100
72,669900
330,1155900
1019,2040100
302,2535700
315,657500
80,868800
865,3709700
314,646100
64,235200
1105,3683800
213,1564100
195,816700
271,1493900
98,1544000
70,519800
88,859800
325,879300
312,383100
79,678400
268,1204900
307,2232700
1073,1996800
125,243300
932,1165600
1029,2019500
235,2297800
92,1107000
178,1754900
