19391
1726354
341936389800
1000
38694500
39378300
35167200
26188400
26228800
25627900
25535600
26995300
25387500
25408000
25652400
25295600
25914400
25734000
25363200
27454600
25547800
25185700
27415600
27928900
26071300
25195500
25957900
25783100
25846200
25760700
25351300
25305800
25779400
27205200
25456100
25100100
25890700
26643700
27052200
25391700
26762900
25293800
28418500
25701600
25280600
26493200
25292000
25633200
25388400
25616800
25628600
25157500
25600000
25308300
25689100
25928000
26532200
25742400
26920100
25312100
25514500
25449900
25736200
28159500
25252600
26114600
25553800
26278500
25705800
25183500
29231800
26006600
25514600
26032100
26086600
25747700
26485000
25464000
27027900
26121300
25488600
27596900
27971900
25498900
25701200
26706800
26155300
25964100
26236300
25634300
25688400
25830000
25569200
26925400
25603800
25381300
26656300
25896400
28369600
28177900
27187300
26495800
26069700
25674100
26966900
26951500
30073800
27291100
26747500
26642600
101461100
25657400
26295000
27143600
25582200
25887100
25538100
26305400
26009500
25369700
25910000
25907600
25297000
25548500
25335800
25621000
25666700
25712200
28337700
25931500
25540000
26005400
26150500
27319200
25728000
25180000
25928200
25570600
25405000
26350300
25758000
25426000
26167300
25378200
25617400
26769700
25654200
25690600
25743900
25589900
25383600
26045200
25522900
27354300
25623800
25263800
26671700
28569500
25333100
82077000
26721400
25748100
25903500
25476700
25803000
25254400
25837200
25315800
25803300
25860100
28940700
25439600
25463100
25097300
27156400
26947600
25860000
25622700
25306100
25780200
25581200
25636700
25903600
25509800
27448600
31859300
33536400
31661100
33486100
28732600
27857000
25792900
28730800
25720100
26367600
25437500
26136900
28884400
25383900
25554800
25814700
25181600
25285300
25397900
25639900
25718300
25702400
25732800
74050800
25445600
27859700
26282800
25250600
25771300
26052200
25617500
25340700
25455000
26122900
25592200
25665500
25958000
27226900
34319700
29338400
27499300
25487600
25116800
26595400
29020700
26161400
25655900
25652500
26015000
26122000
25330400
25408400
25860500
25224800
25561500
25861400
25551000
25471300
25593000
27001400
25375000
25281300
25386600
25128300
30980500
26329700
25415100
25598400
25419000
25554500
25353700
25784400
25525000
121949600
26501300
27829900
25326800
28921000
29231500
26493500
26095000
25524600
25732300
27069900
28932400
25657000
25695200
25144700
25491300
26783300
27374000
29662000
26411600
25391600
27354900
25935400
25328700
25468100
26177600
25727700
25857700
25407300
25458900
25549600
25659000
25461400
25779200
25256600
25571800
25472000
25622600
26135900
26470700
25666800
26959100
26740900
25698700
25727900
25721400
28135100
25392800
78146500
25538900
25941700
25851900
25586300
25985000
25393300
25717100
25325200
26247800
25234100
27545600
25495800
25710200
27334300
26450600
25829800
25511500
25464400
25120200
25508200
25105400
25603300
25201300
32840300
31777300
37634700
39522900
39916500
39101200
35910200
37409100
37361900
30189300
31033900
32749600
27189800
27270800
27717600
27186500
25726800
26187100
26168600
26258700
25650400
26895900
81655000
25816300
25472500
26270900
27994900
28473200
26262300
25727200
26199600
25516400
26013800
27612400
25592300
25623200
26201700
27825300
31957600
28222800
30674000
28176100
34451400
25876300
25665000
25662600
25848600
25752300
25628800
26046800
25972200
26234200
25702400
26009700
29335700
26399800
27370200
25815100
26150000
25972700
26465000
26251400
28578400
25865200
28240100
26351700
25747400
25666900
25695900
25335000
26716500
78529500
25656100
27061200
27583600
25390700
26211700
25768900
25780600
28026800
25814200
25694300
29853100
27358000
25768300
25802300
25529500
25955300
26013600
30159400
26786400
26470100
27051000
26798400
25966100
26496000
25767200
25589300
25067300
25529200
25774500
25160700
25878500
25507200
25621300
25765000
25324100
25566000
25409600
25442900
25154400
26105000
27058300
25781700
26336500
25472400
25338200
25407500
26160000
25605600
25345400
78038800
25239100
25463700
25368300
26040900
25604200
25597500
26000600
25503600
25792600
25009300
26573000
27122300
25375700
26068200
27554100
25339700
25409600
25423500
25487900
25420700
25166000
26720400
26878400
25568400
25550800
25335000
26208600
26864200
26709900
26321000
25403700
25589300
25545800
30345800
25535900
26200400
27929300
25851600
25429600
25424100
25633900
25802800
25531000
25877700
25466500
25518800
25713900
25186000
26905200
74860800
25126300
27201700
26140700
25223200
25716500
25417300
25195200
25464300
25158600
25652400
25631400
25243600
25968600
26978900
25993800
26829600
26678500
26069000
25181400
25537600
26068500
28432100
25964500
25942900
25275700
25526000
25519600
25689300
25639400
27844400
25447100
26014000
25578600
25628900
25502600
26724300
27221000
25487100
25073800
25661000
25482700
25476500
25583700
26185400
26131800
25297500
25621700
25524000
26232100
25237100
67851000
26111300
25395000
27578800
25640000
28280100
29870600
27082600
37562600
36482200
26908300
25669300
25950400
26738000
25757600
25361200
25501000
25936600
26070200
25608200
26056600
26262300
26113300
25739400
25535300
26389600
27077000
27319800
25609500
27258900
27589100
26455800
26034200
26012100
26039600
25624300
25713200
26276900
25711700
25907700
28207500
26274000
25425600
25615200
25592600
27311600
28643900
25619400
28846200
25856100
347470200
25432300
25729000
25676400
25861600
25331300
25517900
25554100
25236900
25602500
25609800
25639300
25080900
27172800
25667300
25622200
26964500
27886900
26478000
27205200
29099600
26275100
25457900
29105000
28883900
26049800
25528600
25235500
25526200
25500800
25510000
25561200
25815000
25459700
25881800
25427900
26473400
26888500
25419000
71227200
25712700
26271500
25509200
25868400
25622000
25910400
25549300
26188700
25906900
27913100
28410300
26295300
26786300
26506500
27736400
27943200
27960000
26524000
26194700
33717500
31487000
37761000
29651400
26310900
25495000
26008600
25855600
25784200
26149400
25426400
27833500
26362200
27019600
25643700
25741700
29352500
25806600
25849400
25995000
27560900
27081100
25602000
25584100
25921600
25269900
25787600
25507800
25309600
65823200
25391300
26926500
26566500
25423900
25507700
25566400
25051000
28744700
25389900
25320400
25590700
25231300
25507300
25032200
25895400
25433100
25343600
26168900
25247100
26092300
27570500
25704400
25503900
25747400
25628600
25704200
25178700
25469900
25190700
25842700
25153400
25563100
25064400
25838900
25415800
25471100
25437700
26186500
26057400
26479300
26686600
26752400
29636700
26871300
25604200
25356400
32845900
31501300
30692100
38150200
221987900
25762400
25730400
25752300
25631000
25473500
25456100
25336000
25445400
25905800
25573100
25601100
25443800
25825600
26547500
25221400
27869700
29737400
26187400
25166900
27193900
27769600
25186200
26600200
25922900
25946900
25521200
29016700
25960000
27051900
25651000
25266100
25198100
25379500
25658200
25750400
25908600
26143700
25661400
27184700
25745900
25167700
25781000
110911200
27008400
25697400
29537900
39068300
39210000
31979300
38434300
35156200
28589400
26114900
29712800
25813700
25519200
25618400
25589900
25720600
28345900
27642400
29183200
26226800
25914600
26103100
25921200
25639500
25515200
26329700
25203400
26082500
25786700
27920500
25630400
25414100
25514500
25193200
26321100
25523600
25288700
26098400
25742900
25442000
25599300
25624300
27383300
25738000
25503800
25582200
79614300
103663800
27983800
27886100
29171700
26250100
25758300
25638000
25534600
25867000
26224800
25465300
25945600
27782900
26141100
29452200
26995800
27697500
25294600
25503400
25820000
26034800
25872400
25341000
25777200
25156600
25512700
25286300
26482600
26228200
25543500
26270900
26379300
25504400
27201200
26486100
26736200
26433100
25443500
25139700
25491800
26481200
25292700
28631500
27619500
25515400
25756300
56774600
25615900
31164400
27539300
26187500
25343000
27497000
27527400
25884900
25431900
26348500
28049300
28133100
26708700
25829100
25575100
25737400
26225800
26615000
25751200
25794200
27169200
26656900
25440300
25728400
25809700
27417600
26209300
26023300
25667900
25871500
25390900
25746200
28932200
25605900
28457600
30066100
27360600
37918500
32056200
26059900
26007400
25629000
25766700
27790300
25433900
25725100
25894800
25718300
26017200
54376300
26930700
25740300
25424700
27229300
26481400
25754800
26122300
26710500
27000500
27052900
26290100
26322400
27453100
26371400
25791600
25635100
26685700
25993400
25931400
26820500
26418400
25626000
25789100
26410200
25894500
26008000
25800500
27553500
26024000
25957100
26925800
27459900
29508600
27586100
25850100
26033600
25928700
25689200
25520100
25814200
25574900
26169000
25906900
26154700
25349500
25329300
25059400
26255100
25824700
25303300
92300500
25729700
25772200
25801300
25274800
28503500
25807600
25781300
25822400
25486500
25975200
25516400
25023600
26487800
25453300
25996500
27296300
25727400
25665500
25431800
25397600
26126400
25756200
25450100
25210300
1,212900
1,154600
1,143500
1,146300
1,142200
1,147700
1,156200
1,180000
1,136000
1,162500
1,132700
1,146700
1,155800
1,169200
1,142500
1,140600
1,138400
1,142900
1,139500
1,143300
1,146800
1,131300
1,143900
1,138200
1,149300
1,178300
1,155100
1,154500
1,149100
1,151800
1,140900
1,136100
1,139000
1,147400
1,144500
1,145600
1,137000
1,149200
1,136700
1,142700
1,136400
1,136200
1,138300
1,139900
1,145900
1,171900
1,168600
1,135800
1,140300
1,141700
1,139200
1,141600
1,137000
1,146000
1,137900
1,137800
1,139600
1,136700
1,139500
1,139600
1,139900
1,137200
1,144400
1,143700
1,227100
1,157000
1,177800
1,148700
1,168800
1,139700
1,182000
1,165600
1,184500
1,168400
1,194000
1,167900
1,177200
1,174300
1,148600
1,139000
1,145800
1,144200
1,158000
1,139600
1,141600
1,140900
1,135600
1,136500
1,138300
1,136500
1,141500
1,139000
1,139800
1,139000
1,133400
1,135800
1,139700
1,150500
1,137400
1,144200
1,136700
1,139900
1,136900
1,141400
1,136900
1,138200
1,138900
1,139400
1,145000
1,159800
1,148100
1,137800
1,140800
1,142600
1,138700
1,144900
1,135800
1,142600
1,131300
1,140600
1,138300
1,136400
1,194700
1,141600
1,144800
1,146500
1,140700
1,137900
1,138600
1,136200
1,142700
1,147400
1,156700
1,130900
1,141400
1,137400
1,146900
1,170000
1,141400
1,139100
1,137500
1,151000
1,141500
1,140300
1,138100
1,138700
1,136400
1,167500
1,140800
1,131900
1,135600
1,138200
1,162800
1,149300
1,137300
1,153300
1,137200
1,155200
1,138000
1,154500
1,136300
1,161100
1,139000
1,171200
1,137900
1,163000
1,143300
1,157100
1,142000
1,157000
1,135600
1,162400
1,138800
1,162300
1,137400
1,162200
1,148000
1,166900
1,148600
1,160000
1,149700
1,165800
1,141200
1,164000
1,139400
1,162600
1,138100
1,157800
1,147500
1,158300
1,141000
1,179800
1,146300
1,187800
1,183500
1,143400
1,176600
1,150400
1,151400
1,144900
1,151000
1,145400
1,143600
1,138300
1,137600
1,138100
1,133000
1,139800
1,138400
1,144600
1,142300
1,139400
1,140100
1,145100
1,139500
1,141000
1,162500
1,142500
1,135500
1,142400
1,141000
1,138000
1,138700
1,169400
1,148100
1,141000
1,144500
1,156700
1,144500
1,137800
1,138600
1,141800
1,139200
1,139400
1,141600
1,135400
1,145000
1,141800
1,144400
1,140000
1,141100
1,139700
1,140700
1,167200
1,145600
1,140500
1,143500
1,138100
1,137000
1,144000
1,139700
1,137800
1,143200
1,148900
1,149700
1,144500
1,162700
1,204900
1,202300
1,166300
1,151400
1,157900
1,143200
1,145000
1,140100
1,146400
1,141900
1,135300
1,141100
1,129300
1,153100
1,139900
1,136700
1,140000
1,143100
1,134400
1,139200
1,145300
1,136900
1,148500
1,138400
1,135900
1,140800
1,138600
1,149200
1,148200
1,137100
1,137400
1,145600
1,138800
1,148300
1,140500
1,145400
1,146100
1,140200
1,141000
1,138800
1,144800
1,140200
1,141100
1,144400
1,146300
1,137800
1,138500
1,135500
1,145500
1,137500
1,144300
1,145000
1,138800
1,142700
1,144100
1,138100
1,139900
1,141300
1,166500
1,142500
1,141400
1,138100
1,138800
1,136400
1,138600
1,165100
1,184900
1,190000
1,187300
1,203700
1,138700
1,145700
1,137700
1,157700
1,141100
1,144300
1,156500
1,159700
1,166700
1,163600
1,141100
1,158800
1,143200
1,146900
1,140500
1,145000
1,147000
1,140800
1,146600
1,168500
1,149000
1,142100
1,159400
1,155500
1,138600
1,166700
1,145000
1,140000
1,143000
1,146700
1,141000
1,144100
1,137600
1,138500
1,141700
1,137200
1,138400
1,138500
1,139600
1,140600
1,137600
1,139500
1,154400
1,139700
1,137800
1,136400
1,134200
1,137200
1,139400
1,139500
1,134500
1,143600
1,140700
1,141300
1,140900
1,138300
1,148300
1,144600
1,146900
1,156800
1,139900
1,146100
1,142000
1,159600
1,167400
1,144500
1,141800
1,146300
1,144400
1,147400
1,146200
1,140300
1,138900
1,137800
1,138600
1,140900
1,139700
1,140400
1,141400
1,138700
1,143600
1,138700
1,146800
1,138200
1,138700
1,157100
1,139500
1,145900
1,140800
1,139500
1,138200
1,141600
1,140900
1,138100
1,136100
1,138600
1,138200
1,140200
1,149300
1,138100
1,144200
1,135200
1,140600
1,134000
1,136900
1,138300
1,135800
1,136200
1,140300
1,139700
1,140200
1,141900
1,137800
1,139400
1,138300
1,144700
1,132300
1,142900
1,146400
1,193200
1,214900
1,221600
1,211900
1,210600
1,207100
1,207500
1,188200
1,144500
1,145800
1,148800
1,140200
1,140100
1,151700
1,141000
1,139700
1,181500
1,143400
1,141800
1,136300
1,138200
1,142200
1,146000
1,137600
1,136900
1,139400
1,146300
1,140300
1,140200
1,138200
1,141300
1,138700
1,147900
1,138900
1,138200
1,144100
1,145100
1,136900
1,137900
1,139000
1,143700
1,142400
1,138000
1,140300
1,137800
1,143600
1,134900
1,140800
1,144800
1,136800
1,149500
1,137800
1,143900
1,151700
1,139900
1,146700
1,144300
1,144100
1,135200
1,138000
1,143500
1,140100
1,166200
1,145000
1,143200
1,144600
1,144400
1,150000
1,155500
1,180900
1,184800
1,169400
1,184800
1,161900
1,139600
1,140000
1,138700
1,141300
1,151500
1,141200
1,153400
1,145100
1,136500
1,148900
1,145700
1,141100
1,150400
1,151400
1,145800
1,145500
1,136200
1,144700
1,141100
1,139700
1,138400
1,138000
1,134700
1,140500
1,138000
1,135800
1,149200
1,163200
1,170000
1,169100
1,175600
1,147000
1,144000
1,141000
1,138500
1,138000
1,136900
1,144900
1,142400
1,141800
1,138100
1,138000
1,138300
1,151600
1,141400
1,140400
1,137500
1,144600
1,135100
1,138300
1,140200
1,136500
1,137200
1,139800
1,138300
1,143900
1,150700
1,141200
1,136900
1,162800
1,167500
1,146900
1,162300
1,166500
1,161000
1,146700
1,144200
1,141400
1,137200
1,146200
1,139200
1,143200
1,147900
1,130900
1,138800
1,142900
1,138400
1,137700
1,145100
1,137500
1,142400
1,136100
1,138100
1,141300
1,141300
1,167300
1,139200
1,140500
1,139800
1,137900
1,142200
1,135500
1,140200
1,136300
1,139000
1,144300
1,145300
1,137800
1,146400
1,139000
1,141500
1,138400
1,137000
1,137900
1,135300
1,139100
1,140900
1,137200
1,140500
1,141500
1,146200
1,137700
1,138800
1,158100
1,144900
1,138000
1,134900
1,140400
1,143800
1,137800
1,146500
1,137500
1,139200
1,145600
1,139400
1,153200
1,151100
1,148400
1,134900
1,163200
1,193000
1,157300
1,140200
1,141000
1,144600
1,143500
1,144000
1,137500
1,135000
1,142300
1,141500
1,135800
1,135900
1,137200
1,140600
1,137800
1,139400
1,139200
1,138000
1,146300
1,137000
1,140700
1,160600
1,145200
1,137500
1,135000
1,134700
1,140300
1,139800
1,141300
1,142900
1,137000
1,141100
1,151500
1,138000
1,140200
1,138200
1,138100
1,137900
1,133600
1,141800
1,134500
1,142800
1,136100
1,136300
1,139000
1,146200
1,139600
1,136600
1,136300
1,138200
1,146400
1,139300
1,136000
1,136500
1,165900
1,138200
1,139000
1,138900
1,138800
1,148800
1,141300
1,158700
1,157100
1,141800
1,137300
1,139700
1,135600
1,172100
1,171800
1,140400
1,145300
1,143500
1,144400
1,135800
1,136600
1,140600
1,141800
1,137700
1,142500
1,138100
1,138900
1,139000
1,141400
1,139400
1,137500
1,141500
1,138600
1,135000
1,142800
1,142900
1,141900
1,138600
1,134700
1,143500
1,138400
1,140100
1,145600
1,137800
1,144000
1,143600
1,143300
1,171000
1,157100
1,168200
1,135600
1,143200
1,158700
1,175600
1,163800
1,139600
1,145700
1,141900
1,146900
1,139900
1,141500
1,138100
1,136500
1,151000
1,137600
1,154800
1,141600
1,142000
1,142300
1,137700
1,139300
1,143800
1,148500
1,165200
1,164800
1,134100
1,156000
1,161700
1,138600
1,172800
1,204900
1,173600
1,186500
1,144900
1,145400
1,135900
1,138200
1,140600
1,138200
1,137700
1,140500
1,139300
1,145200
1,138400
1,144400
1,139800
1,146400
1,137600
1,137000
1,170300
1,139500
1,146200
1,136400
1,138900
1,137600
1,142100
1,138900
1,146000
1,135200
1,141400
1,137100
1,136500
1,135300
1,145300
1,136200
1,142400
1,137000
1,140900
1,144100
1,143100
1,141100
1,138300
1,148300
1,135700
1,141300
1,140700
1,141700
1,137600
1,145600
1,139500
1,137500
1,144700
1,148800
1,150800
1,153800
1,140400
1,138100
1,165300
1,164000
1,138300
1,148500
1,140300
1,145700
1,134200
1,138000
1,140300
1,169400
1,140400
1,179500
1,148500
1,139300
1,142200
1,153500
1,147800
1,131100
1,165500
1,174900
1,172300
1,141600
1,146300
1,135000
1,147200
1,146900
1,134200
1,142900
1,143200
1,142600
1,139100
1,142000
1,138400
1,139100
1,136700
1,139300
1,145200
1,146500
1,143000
1,134500
1,142200
1,153300
1,135800
1,140100
1,135600
1,139600
1,135600
1,140700
1,135800
1,139200
1,141300
1,149600
1,137800
1,140100
1,141800
1,142300
1,139400
1,145200
1,139500
1,140000
1,137500
1,180600
1,191900
1,142800
1,148000
1,143500
1,167300
1,166700
1,164700
1,139200
1,140300
1,137800
1,139500
1,141500
1,136500
1,139300
1,138000
1,147400
1,138500
1,136300
1,146100
1,135500
1,139600
1,142800
1,138400
1,133400
1,136200
1,142700
1,139300
1,137500
1,154800
1,192600
1,197300
1,189800
1,187200
1,179000
1,176800
1,174800
1,175600
1,157900
1,161000
1,149100
1,165000
1,139900
1,162300
1,140700
1,162000
1,136000
1,157000
1,151700
1,140800
1,171100
1,178200
1,190200
1,139600
1,160500
1,137200
1,163300
1,142100
1,152300
1,155400
1,158200
1,171300
1,156200
1,134000
1,158600
1,161600
1,147800
1,137000
1,137200
1,140100
1,148700
1,137900
1,140400
1,139800
1,139000
1,152700
1,136500
1,141000
1,157100
1,139800
1,139800
1,141400
1,139800
1,137900
1,140400
1,137600
1,138800
1,138400
1,133700
1,140400
1,146200
1,139900
1,144700
1,141400
1,133300
1,137000
1,242700
1,247700
1,201900
1,194500
1,191600
1,184900
1,331300
1,214500
1,185500
1,203300
1,194100
1,190300
1,193000
1,204800
1,252700
1,230600
1,233200
1,229000
1,194600
1,212500
1,200100
1,197000
1,198800
1,204500
1,204400
1,190900
1,186900
1,184000
1,196000
1,187200
1,184000
1,191500
1,192200
1,195200
1,191100
1,183200
1,192400
1,188600
1,216800
1,246700
1,223900
1,192300
1,186300
1,188700
1,180800
1,185500
1,189000
1,187300
1,186300
1,194000
1,192400
1,193400
1,179800
1,188200
1,185700
1,183800
1,192200
1,187700
1,195500
1,187900
1,199400
1,190300
1,190700
1,191500
1,200200
1,193600
1,183600
1,221900
1,224100
1,265800
1,270400
1,258200
1,184700
1,187900
1,194800
1,186800
1,192400
1,189800
1,195700
1,188600
1,208500
1,187900
1,198800
1,187500
1,191600
1,200700
1,191900
1,192000
1,197900
1,192600
1,182900
1,186300
1,184700
1,191100
1,185400
1,183100
1,191600
1,182100
1,195300
1,191200
1,181100
1,193000
1,189200
1,194500
1,185400
1,192900
1,182000
1,185200
1,195900
1,184700
1,187900
1,184600
1,185300
1,187700
1,186900
1,203000
1,216900
1,202600
1,247300
1,213900
1,215600
1,186700
1,186300
1,183800
1,195200
1,193200
1,187400
1,195600
1,188400
1,191800
1,189800
1,192800
1,189700
1,189700
1,178800
1,190700
1,189500
1,193300
1,191400
1,182600
1,188600
1,187000
1,182300
1,186000
1,191800
1,186500
1,195300
1,207300
1,195300
1,188000
1,185800
1,194500
1,184400
1,182500
1,183000
1,198500
1,188500
1,194900
1,186900
1,189900
1,191900
1,200400
1,189800
1,187000
1,194700
1,235500
1,273400
1,260800
1,216900
1,196600
1,184100
1,184100
1,194100
1,204800
1,186000
1,188200
1,188800
1,193100
1,204300
1,191600
1,193000
1,190300
1,205000
1,209600
1,190300
1,195200
1,192200
1,187600
1,188500
1,190200
1,179400
1,193600
1,188100
1,194700
1,213100
1,199900
1,187700
1,186500
1,183200
1,183500
1,187000
1,183800
1,185800
1,190700
1,185300
1,187900
1,189700
1,183100
1,187200
1,183700
1,185600
1,182000
1,190000
1,193600
1,203800
1,185800
1,190500
1,235000
1,179900
1,190600
1,187700
1,185500
1,199900
2,217500
2,234900
1,186900
2,214700
2,216900
2,213900
2,220000
1,185900
1,182000
2,234200
2,225400
2,220800
2,211100
1,181700
2,210500
2,216800
2,218100
1,195700
1,190200
2,213900
1,194400
2,218800
2,213300
2,213800
2,221200
2,209400
2,218500
2,221400
2,218100
2,216300
1,190100
2,213500
2,220200
2,215900
2,212200
2,256000
2,318700
2,283900
2,227300
2,216400
2,220800
2,214800
2,206500
2,250400
2,255600
2,241200
2,227700
2,227600
2,220400
2,216300
1,191900
2,214200
2,212600
2,217200
2,213900
1,180400
2,213300
2,216400
2,211200
1,189600
2,233600
2,212900
2,224400
1,184800
1,183800
2,218500
2,213800
1,180900
2,221900
2,232400
2,214600
2,210000
2,223800
2,233400
2,217600
2,212100
2,221600
2,207000
2,283500
2,239700
1,192300
2,237100
1,261600
2,221000
1,186300
2,211700
2,211900
2,223300
2,218100
2,216200
2,226400
2,213000
2,209900
2,221200
2,209800
2,220000
2,223000
2,259700
2,246400
2,217200
2,215400
2,241600
1,184200
2,215200
1,183800
2,212800
2,223000
2,216300
2,214700
2,210000
2,236400
2,264400
2,213000
2,226600
2,230600
2,218600
2,216800
2,210200
2,230500
2,246400
2,254200
1,188300
2,239400
2,228900
2,216300
2,221300
2,260000
2,249700
1,196800
2,214000
2,218900
2,263000
2,218900
2,210500
1,186300
1,182500
2,202200
2,214000
2,211700
2,211200
1,189600
2,220500
2,210400
2,220700
2,217500
1,186800
2,216500
2,214500
2,213300
2,217800
2,218100
2,214800
2,221400
2,213600
2,215200
2,232000
2,222800
1,191400
2,238100
2,222300
1,183800
2,207000
2,217800
2,213300
2,235400
1,242700
2,305700
2,253900
1,184000
2,220000
2,230400
2,226000
2,219300
2,216200
2,222700
2,227600
2,209400
2,220200
2,220900
2,239700
2,257100
1,192900
2,246700
2,232800
2,227900
2,221100
2,221200
2,241400
2,221300
2,230900
2,214600
2,213900
2,383600
1,201700
2,227500
2,221900
2,206000
2,205400
2,202100
2,320100
2,235900
1,186400
1,180500
2,208600
2,235400
2,242600
2,310500
1,249200
2,260900
2,207000
2,203000
2,200400
2,207300
2,207700
1,211000
2,312700
2,301400
2,219100
2,218600
2,226200
2,221300
2,218800
2,217900
2,238200
2,214400
2,214400
2,219000
2,209500
2,212800
2,211200
2,227500
2,212000
2,222700
2,271100
2,224300
1,186300
2,213700
2,216200
2,225600
2,212900
2,217700
2,215700
2,210300
2,222100
2,214700
2,215900
2,242500
2,245100
2,226900
2,249200
1,215400
2,216600
2,210900
2,217000
2,209100
2,226700
2,215800
2,215100
2,210200
2,223100
2,223900
2,216200
2,221400
2,213200
2,217300
1,183100
2,214900
2,212800
2,213600
2,214700
2,213500
2,239800
2,218800
2,221300
2,218300
2,220700
2,214600
2,208300
2,218700
2,211500
2,214600
2,214800
1,192800
1,188500
2,216700
2,224400
2,215500
2,212000
2,214900
2,213700
1,241800
2,263300
2,240600
2,209700
2,219700
2,220400
1,186500
2,212200
2,213200
2,221300
2,217100
2,213000
2,219400
2,219700
2,210800
2,215900
2,219100
2,255700
2,218600
2,218400
2,218100
2,216600
2,220700
2,215400
2,222300
1,189300
2,262200
2,266700
2,224400
2,224500
2,213600
2,233400
2,222200
2,222100
2,218000
1,200400
2,220300
2,213700
2,219000
2,219300
1,183100
2,216700
2,208800
2,245000
2,255900
1,228700
2,247600
2,220800
2,215000
2,216600
1,185800
2,215100
2,219000
2,224200
2,210400
1,191900
2,214100
1,183200
2,211300
1,185400
2,223300
2,221100
2,218900
2,214800
2,227800
2,218700
2,220200
2,213300
2,213600
2,220800
2,225100
1,183800
2,225100
2,215700
2,211700
2,216300
2,211800
2,210700
2,214100
2,223100
2,221100
2,209700
2,220900
2,214000
2,218900
2,217000
2,226100
2,306100
2,322100
2,248600
2,233900
2,208800
1,185400
2,213400
1,197700
2,273300
2,235800
1,202900
2,244500
1,180200
2,231300
2,229000
2,245000
2,281300
2,246500
2,226400
1,215000
2,266700
2,258800
2,255700
2,214700
2,214800
1,189000
2,220100
2,250000
2,219700
2,223200
2,231200
2,218700
2,216300
2,221300
2,219600
2,249800
2,241500
2,238200
2,248100
2,255500
2,234100
2,215100
2,244200
2,220800
1,171400
2,215100
2,217600
2,216400
2,215700
2,212700
2,218400
2,218900
2,214700
2,217100
1,187000
2,220000
2,222200
2,217200
2,241000
2,220400
2,211800
2,214900
2,211400
2,222200
2,214900
1,189100
2,251900
2,224900
2,213500
2,208400
2,233500
2,219500
2,209500
2,217000
1,180500
2,236300
2,250400
2,221700
2,231100
2,227200
2,221400
1,192900
2,214900
2,235700
2,307700
2,223100
2,228400
2,215400
2,213600
2,215500
2,223300
2,218500
2,220800
2,220300
2,209000
2,213300
1,193000
2,241800
2,223000
2,216000
2,225600
2,214200
2,222100
1,187200
2,212400
2,211700
2,214900
2,217700
2,218400
2,220000
2,222400
2,218100
2,218700
1,186500
2,209000
2,215900
2,212900
2,212900
2,224500
2,214300
1,198400
2,212900
2,224400
1,184600
2,221000
2,213700
2,217300
1,242100
2,257800
2,270600
2,217700
2,250800
2,212600
2,222900
2,216700
2,211300
2,212500
2,221400
2,224300
2,228000
2,220800
2,213700
2,220700
1,189400
2,214100
1,186200
2,254300
2,257900
2,230500
2,225100
2,231600
2,224600
2,224700
2,213300
2,222000
2,217800
2,219200
2,216100
2,210400
2,239100
2,215800
2,213100
2,232900
2,219600
2,225400
2,217900
2,217900
2,208600
2,210200
2,274200
2,312700
1,262500
2,234600
2,205100
2,241400
1,191900
2,219000
2,214800
2,212000
2,229500
2,213700
2,219000
2,219200
2,213300
2,213200
2,232700
2,212300
2,213600
2,222100
2,213800
2,229300
2,215600
2,215100
2,210700
2,278900
2,218100
1,198400
2,216700
2,222300
2,222300
2,218000
1,191400
2,215900
2,213100
2,213500
2,225200
2,215200
2,289500
2,219300
2,213100
2,216100
2,257000
2,244700
2,294400
1,230800
2,288100
1,211400
2,242600
2,254600
2,219400
2,214700
2,223100
2,218400
2,226800
2,213300
2,223700
2,220100
2,217100
2,219700
1,197600
1,188100
2,210400
2,217100
2,210000
2,235200
1,191600
2,217300
2,214000
2,221700
2,223000
2,222200
1,186200
2,213800
2,212000
2,213500
1,181500
2,211400
2,217800
1,190400
2,213200
2,213300
2,214900
2,217100
1,196800
2,247900
1,191900
2,234000
2,251300
2,295500
2,295500
1,195400
2,216000
2,216800
2,235200
2,248000
2,218400
2,248800
2,234000
2,216100
2,219300
2,222100
2,204200
2,220800
2,219300
2,214600
2,260400
2,218300
1,188500
2,221900
2,224600
2,249100
2,227100
2,221800
2,217600
2,210300
2,239200
2,228400
2,220100
2,213300
2,215200
2,223900
2,213700
1,184000
2,217200
2,265100
2,284400
2,264100
2,228600
1,192700
2,220200
2,217600
2,213300
2,222200
1,181500
2,207000
2,218300
2,219800
2,226100
2,218400
2,218800
2,217900
1,181000
2,219200
2,213500
1,192000
2,212000
2,234100
2,209600
1,182600
2,214800
2,214400
2,223800
2,217200
2,217300
2,209500
2,220400
2,218600
2,214300
2,213300
2,213000
2,213400
2,218400
2,216800
2,227700
2,210200
2,217300
2,217700
2,231100
2,325700
2,253600
2,226800
2,332800
2,291800
2,221600
2,223000
2,211200
2,238600
2,224100
2,214000
1,198400
2,221300
2,219400
2,218000
2,215800
2,211900
2,220500
2,259900
2,212400
2,228000
2,216800
2,215600
2,217400
2,231700
2,205000
2,214300
2,220500
2,225700
1,187200
1,183200
2,216000
2,213000
2,216400
2,216700
2,216000
1,186800
2,235000
2,271500
1,192700
2,219500
2,220200
2,211700
2,222700
2,220800
2,213300
2,215000
2,223200
2,217800
1,189800
2,240800
2,214200
2,213300
2,219900
2,218500
2,224000
2,212900
2,208300
2,213500
2,211800
1,182000
2,220900
2,217400
1,180400
2,225400
2,217900
2,222500
1,188300
1,187300
2,216300
2,217100
2,220500
2,218700
2,250800
1,195100
2,211700
2,206000
2,213300
2,256800
2,263800
2,233200
1,203700
2,248700
2,241700
2,206300
1,193300
2,217700
2,223200
2,217900
1,179200
2,247900
2,220800
2,216300
2,213600
2,219000
1,176200
2,219500
2,209000
2,213800
2,220700
2,213400
1,185400
3,243700
1,203000
3,244300
1,190700
3,236800
3,247800
3,241700
3,240600
1,186900
3,246200
3,250600
3,276500
1,189800
3,252800
3,243200
3,246100
3,257000
3,295500
3,310400
3,270800
3,262100
3,250200
3,238200
3,250400
3,239500
1,190100
3,244900
3,247600
3,249400
3,240900
3,245900
3,238800
1,194100
3,241600
3,242500
3,240600
2,217700
3,323500
3,330000
3,298600
2,256300
3,285700
1,213100
3,255600
3,240800
3,243100
3,247200
3,238500
3,246000
2,210700
3,238600
3,258000
3,240000
3,241600
3,241500
3,280900
3,402400
2,288200
3,269400
1,192200
3,241400
3,241500
3,246800
3,245900
1,179300
3,245800
3,270700
3,243700
3,243000
1,198500
3,256300
3,242500
3,243400
3,237700
3,262300
3,237500
3,238300
3,239900
3,240100
3,241800
3,239700
3,236700
3,246600
1,182300
3,234200
3,281500
3,296200
3,244900
3,246100
2,214200
3,249400
3,243000
1,184500
3,244300
3,306900
3,361700
1,200300
3,275000
1,214200
3,260200
2,215000
3,241200
3,244300
1,184500
3,241000
3,248300
3,257800
3,241400
3,235600
3,256800
1,182000
2,221900
3,236900
1,192000
3,247900
1,186700
3,240000
3,239900
3,254900
3,236300
3,241700
3,238500
3,244300
3,241400
3,241000
3,238900
3,241200
3,236400
3,263100
3,234800
3,251800
1,190400
3,314600
3,367800
1,265600
3,263000
2,219900
3,257500
3,241500
3,240500
3,230400
1,185100
3,246800
3,239100
2,209400
2,223900
3,240800
3,238900
3,244100
1,182400
3,234400
3,251900
1,186100
3,246900
1,189500
3,249800
3,247000
2,215400
3,239500
3,242000
3,289000
3,249400
1,308400
3,343700
3,253800
3,239900
3,236500
3,239500
3,243000
1,178800
3,247400
1,262400
3,270700
1,178700
3,239300
3,244700
3,240800
1,185200
1,188300
3,240800
3,239700
3,238000
3,239700
3,240400
3,237700
3,239200
1,182600
3,295600
3,252000
3,245100
3,239200
3,239900
1,187000
3,239800
3,235400
3,260300
3,237000
3,238000
3,239800
3,235700
3,242300
3,240100
3,253200
3,246500
3,239800
3,240100
3,236200
3,242600
3,235300
3,233900
3,249700
3,323500
3,284700
2,231900
3,303400
1,185500
1,186900
3,244300
3,261700
3,242000
2,218000
3,240000
3,241100
3,277200
3,233900
3,220000
3,226700
3,235200
3,242700
3,243100
3,246100
3,242200
3,242900
3,243600
1,196900
3,261100
3,248200
3,244000
3,236100
3,238800
3,246800
3,240700
3,245500
1,183400
1,205700
3,242400
3,240600
3,251500
3,266700
3,237600
3,275200
1,242000
3,320900
3,241000
3,233100
3,240600
3,243700
3,251500
3,265000
3,248100
2,219400
3,244400
3,237500
3,239700
3,246200
3,243500
3,243900
3,247500
3,240100
3,237500
3,241200
1,181000
1,183900
1,180400
3,262600
1,190300
2,219600
3,244900
3,242900
3,241900
3,245500
3,236000
3,248200
1,194600
3,238400
3,247500
1,184600
3,280200
3,311800
3,246500
3,307700
3,305700
3,288300
3,268900
3,237300
3,242100
3,248200
3,267300
3,261400
3,241200
1,185100
3,244500
3,246000
3,240500
3,244800
3,275000
3,244100
3,246200
3,239000
3,251700
3,247600
3,242200
3,254300
3,240800
3,243600
3,240800
3,239300
3,262200
3,248900
3,239000
3,242900
3,229200
1,181800
3,241800
3,240700
3,245700
3,244100
3,239600
3,245100
3,325400
3,274900
3,262200
2,226300
3,241500
3,241000
3,237200
1,199200
3,239500
1,182300
3,246800
3,248500
3,245900
3,244300
1,180300
2,247400
3,273800
3,245200
3,238800
3,248400
3,315900
3,255900
1,184600
3,251700
3,240100
3,238400
3,238300
3,240700
2,211400
3,238400
3,241500
3,264800
3,241000
3,235900
3,244500
2,252400
3,250200
1,183200
3,243800
3,278500
3,354200
3,274000
3,254400
3,252200
3,239000
1,186900
3,243600
3,241400
3,242600
3,238700
3,259900
1,189200
3,237700
3,275500
3,271200
3,246400
3,240200
3,246800
3,250600
3,246300
3,246600
2,213700
3,234200
3,241700
3,240000
3,251600
3,284900
3,236800
3,250000
2,214600
3,243900
3,240400
2,214100
3,237800
3,262800
3,240600
3,241700
3,235800
3,311100
3,321900
3,292200
1,201800
3,248700
3,241600
3,240900
3,241100
3,240600
3,240800
3,242300
3,254800
3,248000
3,242000
3,246600
3,262800
1,182500
3,267800
3,243200
3,276700
3,242200
3,243700
3,241200
2,215800
3,240000
3,238100
3,241600
3,250200
3,246100
3,253700
1,191900
3,277700
3,245200
3,244000
3,249100
3,243500
3,242300
2,214300
3,239600
3,306300
3,242500
3,269100
3,257500
3,241200
3,241900
3,246500
1,182300
3,242400
3,246200
1,182400
3,250000
3,238500
3,234900
3,246600
3,239500
2,210900
3,242000
3,236800
3,250000
3,267600
3,243900
2,206800
3,248000
3,234800
3,237000
3,233300
3,239900
3,245900
3,239600
3,304700
1,221400
3,298700
3,304100
2,283000
3,313400
3,340900
3,303500
3,300200
2,265000
3,292100
3,312400
3,302900
1,221000
3,304800
3,304600
1,226200
3,302800
3,319400
3,300000
3,309900
1,254400
3,337700
3,332800
3,333900
3,327600
3,360400
3,305200
3,256200
1,192300
3,278500
3,264900
3,246500
3,243800
3,241200
1,179000
3,257200
3,245400
3,255000
3,245800
3,241700
3,239100
3,263600
3,423200
3,367900
3,292200
3,317300
3,260600
3,242800
3,245000
3,237600
3,233000
3,244400
3,241200
3,257600
3,243100
3,268000
3,247300
3,245900
3,247200
3,283800
3,247100
3,243300
2,216100
3,273300
3,242500
3,248400
3,245700
3,241200
3,245300
3,241500
3,247800
3,247100
3,243800
1,182200
3,253700
3,241000
3,244700
3,249000
1,189700
3,278800
3,275000
3,254900
3,276100
3,229700
3,273700
3,244200
3,244500
3,246900
3,244300
3,239800
3,317500
3,245100
3,238000
3,244100
3,241800
3,237300
3,245000
3,249300
3,246000
3,239400
1,180000
3,241200
3,242700
3,240000
3,239100
3,251000
3,306200
3,323800
3,348300
3,306700
3,250600
3,242100
3,267700
3,249000
3,245400
3,243000
3,291000
1,232400
3,307500
3,250900
3,252400
3,240900
3,243400
3,248500
3,246700
3,241600
1,192400
3,253600
3,243200
3,247900
3,238500
3,250300
3,241900
3,244400
3,237200
3,246600
3,239900
3,242500
3,243800
3,262500
3,234400
3,242000
3,243100
3,256400
3,243100
3,246000
3,244800
3,246500
3,241600
3,251500
3,246300
3,410900
3,260400
3,245300
3,352100
3,292700
1,266500
3,304900
3,245100
3,234100
2,213300
3,303200
3,294900
3,239200
3,221400
3,255300
3,250800
3,248900
3,253700
3,246300
3,245300
1,196000
3,247300
3,240300
3,242400
3,235000
3,243200
3,247600
3,241300
3,239800
3,243900
3,240000
3,241400
3,239100
3,236600
1,179600
3,267500
3,290100
3,261500
3,253600
3,253000
3,248200
3,345800
3,350600
3,334100
3,250100
1,193700
3,242100
2,216300
3,248400
1,191100
3,244500
1,189200
3,244200
3,241400
3,243800
3,242300
3,243600
3,248200
2,211500
3,244300
3,285900
3,241600
3,238700
3,242100
3,238100
3,244100
3,237600
1,188500
3,241000
3,241900
3,244900
3,239400
3,282000
3,279900
1,206800
3,249500
3,247700
3,242400
3,241700
3,264300
3,337500
3,295300
3,243000
1,191400
3,236300
3,244500
1,173500
2,217100
3,251900
3,246900
2,210900
3,245100
3,244500
3,240900
3,237900
3,237500
3,249100
3,237600
3,235800
1,192200
3,246400
3,245700
3,240100
2,208800
3,276200
1,195500
3,241200
3,236100
3,243800
1,180100
3,241900
2,208500
3,243600
3,248000
3,238000
3,239500
3,242300
3,236600
3,237200
3,259900
3,241400
3,256400
3,269000
3,248100
3,244600
3,242400
3,244400
3,249600
3,253300
3,273700
3,241100
3,241100
3,238700
3,280100
1,209800
3,253200
3,271800
2,220900
3,239600
2,211700
3,236900
3,281800
3,241700
3,241300
3,256000
3,242500
3,238600
3,238600
3,239400
3,243500
3,237600
3,239000
3,243100
3,237900
3,241300
3,245200
3,262600
3,259600
3,253100
3,243100
3,239100
3,237100
1,183200
3,237300
3,240300
3,247600
3,242500
2,212500
3,240900
3,235200
3,242600
3,240500
3,240000
1,184000
3,241100
2,208100
3,253900
3,239800
3,237100
1,195100
3,239700
3,242500
3,240800
3,239500
3,247700
1,179100
3,237900
3,238100
2,211900
3,238200
3,242600
3,241400
3,246400
3,276100
3,237000
1,181500
3,240400
2,251700
3,364600
3,340200
3,303000
3,249200
3,246000
3,266800
1,182600
3,239800
3,237200
3,245400
3,242200
1,183600
3,242100
1,187400
3,268600
3,241800
3,237700
3,251800
3,233400
3,238300
3,233100
3,237200
3,267100
3,249400
3,247800
3,245200
3,243800
1,179500
3,239000
3,246000
3,238500
1,183700
3,235000
3,246900
2,237700
3,247700
3,236700
3,240500
3,304700
3,262900
3,332600
1,204700
3,247200
3,243000
3,245000
2,220400
3,237100
3,246300
2,213300
3,247900
3,247600
3,238200
3,241200
3,263800
3,244700
3,240700
2,218100
3,243900
2,209700
3,237800
3,241000
3,249000
3,274400
3,275600
3,297600
1,207700
3,257000
2,221500
3,243200
1,181900
1,182400
3,239500
3,242400
2,232700
3,244500
3,240900
3,231500
3,240900
3,241400
3,281400
3,373600
3,308600
3,245200
2,219400
3,240300
3,255800
3,244700
3,236600
3,252900
3,323600
3,401200
3,393700
3,388600
3,366200
3,220300
2,195100
3,220900
3,219500
3,223800
1,180000
1,177200
3,227200
3,238900
3,218900
3,229300
3,223400
3,219100
3,223000
2,191800
3,221000
3,236400
3,221300
3,250000
3,227700
3,225400
3,221000
3,275000
3,271400
3,338200
3,281300
3,273600
1,180500
3,231300
3,238600
3,239900
3,242200
3,236800
3,239500
3,242100
3,250200
3,248300
3,240400
3,242500
1,186500
3,250600
3,242400
2,216800
3,240800
3,238600
3,245900
3,276900
3,246000
2,220800
3,270000
3,254200
3,241900
3,241900
3,257800
3,244500
3,241400
2,208500
3,251400
3,238400
3,234200
3,236800
3,281300
3,263400
3,293700
3,243600
3,242500
1,181300
3,237000
1,188600
3,242900
3,243200
3,240400
3,244400
4,264200
4,266400
3,241900
4,273100
4,270400
4,275800
4,278200
1,187100
4,267700
4,272600
1,186000
4,265800
4,270300
1,182000
2,218000
4,499100
4,482200
1,218800
4,279400
4,265100
4,268900
4,264300
2,208700
4,271000
4,288300
4,402200
4,284500
4,274700
4,262700
4,278300
4,259900
4,268800
1,180800
4,265600
4,268200
4,274400
4,280500
3,246800
4,293400
4,279100
4,268000
1,191000
4,274600
1,180400
4,274000
1,207300
4,279700
1,181200
4,264400
1,188200
4,274400
4,266100
4,273200
4,267900
4,267900
4,266900
1,184400
4,274900
2,227300
4,274700
4,382300
4,380700
4,376900
4,303700
4,265400
4,357600
4,342700
1,220100
4,271300
1,182600
4,269500
1,200100
4,336800
1,189600
4,268300
4,282200
1,183600
4,266200
1,192600
4,264200
1,188200
4,270300
4,272800
4,265100
1,184900
4,273700
4,300300
4,271600
4,275400
2,216500
4,270100
4,268500
4,266800
1,194400
2,227200
4,265700
3,243800
4,295100
4,316600
1,252000
3,319200
4,394500
4,290800
4,303000
2,281400
4,267300
4,347800
4,350600
4,337500
2,262300
4,343900
4,285000
2,222700
4,272100
4,268000
4,273700
4,273000
4,277100
4,280200
1,193400
4,275000
2,221600
4,264600
4,267600
4,309700
4,289700
4,316300
4,299100
4,277400
4,273100
4,263600
4,301400
2,240300
4,292000
4,322600
4,269500
1,186600
4,268900
4,266100
4,274800
4,280800
3,255700
4,268600
4,263100
1,181400
4,265400
4,261400
4,265800
4,266500
4,268800
1,181500
4,275900
4,283400
4,274300
4,263900
2,217200
4,269400
4,260500
4,323300
4,302100
1,209800
4,272500
4,283400
1,182800
4,282000
4,274000
4,264800
4,293000
4,299800
4,287600
1,180700
4,277400
4,269300
4,267700
1,183700
4,310400
4,274900
4,267900
4,271400
4,272600
4,268700
4,264300
4,307500
4,290800
2,221900
4,270100
3,243800
4,278200
2,215500
4,272500
4,262500
1,184700
4,283000
4,279800
4,270800
4,270200
4,278900
4,269000
3,255300
4,267200
4,283500
4,272000
4,268400
4,317400
4,450600
4,281200
4,271000
4,273100
4,274400
4,273100
4,263300
4,262500
4,269800
4,266200
3,240400
4,268400
3,241600
4,299800
1,190300
3,250700
4,275200
4,275500
4,275900
1,182100
4,266600
1,180800
4,267400
4,276300
1,200400
4,341900
4,264100
2,220600
4,274700
4,269000
4,278500
4,272700
4,292300
4,311400
2,215900
3,309800
4,286200
4,334000
2,221500
4,269800
4,273000
4,264500
4,269700
4,270700
4,279300
1,183000
3,237100
4,267900
4,272100
4,265300
3,247800
4,269200
4,272900
2,220900
4,270300
4,271700
4,269000
4,270500
4,263500
4,278100
4,264700
4,265000
4,262400
4,271900
4,268200
4,313500
4,281700
1,215100
4,267900
4,272000
4,263000
4,371600
4,403800
4,276500
4,269300
4,275200
4,272300
4,270900
4,310000
1,193200
4,265600
4,262800
4,264500
2,215700
4,261600
1,181200
4,327900
4,341800
4,310300
4,321000
4,271600
4,270700
4,302500
1,176800
4,273700
4,263900
4,265900
4,264700
4,269200
1,183500
3,241100
4,272500
3,246500
4,283700
4,365100
1,187600
2,213000
4,261500
4,275600
4,267000
1,185100
4,291400
4,271700
4,279400
4,318000
4,271100
4,277100
4,271800
4,269600
4,273700
4,266500
4,293200
4,276700
4,268700
4,270100
2,213500
4,266400
4,273800
1,189800
4,275800
2,226700
4,296600
4,281800
1,187700
3,238500
4,273200
2,221900
4,271100
4,274500
4,300500
4,351300
4,396800
4,266100
1,208400
4,363700
4,321500
4,327300
4,312500
4,273100
4,275900
4,277800
4,266000
4,316100
4,273200
3,248900
4,272900
4,272000
1,181300
4,270700
4,274300
4,270500
4,265900
4,267100
4,308000
4,266100
4,271800
4,265000
4,266300
2,218000
4,269000
4,263900
4,269000
2,222800
4,266100
4,334600
1,206700
4,315200
4,308500
3,247700
4,275600
4,268400
4,270600
4,270600
4,267000
4,271800
4,265200
4,269800
4,272000
1,190000
4,268600
4,270400
4,266700
1,180400
4,265800
4,275000
4,267800
1,191500
4,267400
2,212900
4,268100
4,292500
4,295700
4,306800
4,323200
4,371300
4,289500
4,271200
4,270800
4,277000
1,181200
4,365600
4,289200
4,261100
4,305400
4,267300
4,271600
1,184800
4,268100
4,269100
4,263500
4,275300
4,273000
4,274100
4,268500
1,181000
4,265400
4,268100
4,271500
4,292400
4,279900
4,271900
4,265400
4,272800
1,192600
4,264500
4,307400
4,268200
4,273300
1,181900
4,268200
4,273600
4,265100
4,280700
4,273700
4,281100
4,271700
3,318500
4,340800
4,334700
4,252300
4,281100
4,265400
1,208500
4,339000
4,278600
4,410800
4,269400
4,271600
4,259700
2,209900
4,268800
4,263400
1,188700
4,276100
4,256300
1,190300
4,265900
3,244100
4,265500
1,177500
4,265500
1,183700
4,263500
4,282200
1,183600
4,275900
4,267200
4,273300
4,262500
4,272800
4,272600
3,239100
4,357400
3,350900
4,367500
3,264500
4,269500
1,240500
4,450900
3,392000
4,418300
4,450800
4,442600
4,435500
4,408300
4,285100
4,272800
4,276600
4,273300
4,268800
4,288900
4,315400
4,277400
4,284400
3,340700
4,298300
4,278000
4,277000
4,263300
1,188300
4,311300
4,346800
4,303000
4,276200
4,252800
1,183600
4,268700
4,288500
4,289100
4,270400
4,271300
4,271000
4,302800
4,316500
4,280400
2,218900
4,269400
4,273500
1,234300
3,256200
4,275200
4,281700
3,247500
4,283900
4,281100
4,305200
4,279900
1,194000
4,287100
4,295300
4,268900
4,279000
3,251800
4,269800
2,252200
4,356600
4,363000
4,310700
4,270100
3,245100
4,291400
1,192800
2,228700
4,271400
4,261700
4,282300
4,260300
4,279100
4,350200
4,344600
4,316100
3,250500
4,284300
4,268000
4,272200
4,281600
4,264800
4,276400
4,286300
4,274300
4,275000
1,185900
4,342600
4,277400
4,274500
4,277500
1,188200
4,272000
4,269700
3,335300
4,291300
4,281100
4,324900
4,290400
4,332400
4,270900
4,280900
4,265700
4,269200
4,264400
4,281700
2,229200
2,218600
4,297300
2,221500
4,275600
4,270100
3,245700
4,269000
2,213500
4,271300
4,279300
4,296000
4,285100
3,245300
4,275600
4,290900
4,273700
1,189400
4,271700
4,275800
3,241400
4,277500
2,213600
2,245100
4,409300
3,335800
4,292400
1,207400
4,304500
4,275000
4,285600
4,390200
2,269600
4,281800
4,273100
4,268300
4,273400
4,266300
4,331100
1,193600
2,220100
4,266500
4,265500
4,267600
4,275000
4,295500
4,272100
4,262700
1,194200
4,303200
4,268900
1,180900
4,271600
4,275000
4,267800
1,185200
4,343700
4,304500
4,318500
4,272400
4,279000
4,265400
4,265900
4,269200
3,247200
4,274200
1,186000
4,269100
1,178600
4,272900
4,270700
2,214300
4,264400
4,270000
4,270000
4,269900
2,214100
4,267100
4,314100
4,307800
4,338300
1,194300
4,299500
1,184500
4,273400
4,265700
4,265000
4,264300
4,277600
4,276800
3,245300
4,271200
4,350900
4,394100
4,280400
4,309900
4,284100
4,277700
4,277500
2,214400
4,267200
4,270100
4,265600
4,274700
2,218100
4,282500
4,271000
4,307700
3,312500
4,274400
4,285700
4,268000
2,219100
4,267200
4,265100
4,270500
4,266700
2,223100
4,274800
4,257300
4,300100
1,186200
2,213500
4,340500
4,278000
4,266300
4,267100
1,231000
4,339100
4,307700
4,272600
4,278200
4,262200
4,272500
2,243100
4,279300
4,264900
4,270900
4,277700
4,277300
4,270200
4,266000
1,188000
4,272000
4,267100
4,271200
4,273700
4,266700
4,296400
4,265500
4,267000
4,265900
1,184300
4,269000
2,213500
4,264300
4,311400
2,214600
4,264800
4,272100
1,182200
4,276700
4,272700
4,307500
4,310200
4,321200
4,274200
1,181800
4,275400
1,179500
5,292600
5,300200
5,295300
5,292100
2,215800
5,302900
5,293700
5,295400
5,293000
3,238400
5,291900
5,288100
3,248200
5,292700
2,209300
5,293900
5,292800
3,246300
5,296300
1,195200
5,295800
2,216100
5,431200
5,329500
5,309400
5,309400
5,293200
1,194800
1,218900
5,420900
4,368100
5,354000
5,296800
3,238400
5,298800
5,298200
5,297800
5,290300
5,304400
5,302700
5,297200
5,290000
2,213600
5,290100
5,292600
1,190400
5,293700
2,214300
4,271700
5,290400
5,288800
1,178800
5,299500
5,302600
5,293800
5,291900
5,292100
5,294000
5,288600
2,224200
5,291200
5,313300
5,412100
5,308900
5,294900
3,236900
5,310000
5,300400
5,296600
3,244000
5,293300
1,185900
5,294900
5,299800
5,301900
5,363100
5,317800
5,291200
5,298500
1,192900
5,302000
5,317800
5,295100
5,292100
1,189900
5,303800
5,302100
5,297900
1,194700
5,300900
5,297300
5,316500
5,303100
1,188800
4,268400
5,379800
3,361500
5,302900
5,303500
3,257100
5,300400
5,291400
5,293000
5,293200
5,294900
5,289000
1,187400
3,239100
5,302300
5,293300
1,181900
5,294700
5,294800
5,304300
3,241200
5,321200
5,297100
1,185300
5,290700
3,242600
5,303600
5,299700
5,289400
2,212200
5,290900
2,212100
5,342100
5,368600
5,325000
4,359900
5,404100
5,323500
5,306100
1,180700
5,300700
5,294200
5,289500
3,242700
5,290800
5,291400
5,292300
1,180000
5,301100
2,214500
5,290900
5,292300
5,290200
5,307700
5,290800
5,338800
5,289700
3,237400
5,292400
5,301300
1,183300
5,298000
3,276600
5,297400
5,290200
5,294100
5,297100
5,297600
5,450200
3,345100
5,298900
5,296500
2,227200
5,296000
1,193700
5,293700
2,218000
5,292600
5,331200
5,301300
5,298600
5,320900
5,329800
5,292800
4,269600
5,293100
5,295000
5,290400
5,297400
5,296400
5,292500
5,296700
4,275500
5,292000
5,337600
1,188500
5,288800
5,307200
2,217200
5,305300
5,296500
5,384600
5,331900
5,305100
3,272600
5,301300
2,224100
5,294900
5,293900
5,300200
4,268100
5,291800
5,303400
5,298400
5,294800
5,298700
5,297100
2,224100
5,287800
5,299900
5,294500
5,298200
5,336700
5,300900
5,299000
5,308900
5,293500
5,311400
4,311800
5,296900
5,311300
5,377500
5,387000
5,317900
5,293000
5,296500
5,322200
5,299400
5,296400
1,183900
3,237900
5,287400
5,292900
5,294100
5,300600
4,266300
5,293600
1,185500
5,296100
5,295100
5,298900
5,304900
5,293500
3,248500
5,298700
5,289800
5,293600
1,190700
4,274500
5,294200
3,238700
5,294100
1,187400
5,300100
4,288400
5,433600
5,345600
5,295600
5,289900
1,189000
5,293400
5,298600
1,192300
5,339500
1,190700
3,240300
5,292800
5,296800
5,290200
5,300500
5,292500
5,322400
4,332500
5,361300
5,383100
5,369100
5,314300
5,317500
5,296300
5,295200
2,215700
5,302500
1,181600
5,291100
5,341400
5,299900
4,267500
5,404000
5,299900
5,317100
5,298000
5,294400
5,310200
5,296000
5,296700
1,191200
5,297400
3,241300
5,291100
5,286400
5,299200
1,189300
5,300900
5,313600
1,185700
5,296200
2,207700
5,292700
1,188800
5,299400
5,293000
5,293900
1,187000
5,297400
5,300600
5,307500
5,294700
5,300600
5,295600
5,295600
5,290800
5,408300
5,366100
5,314500
3,279900
5,407600
5,329200
5,315900
5,302500
5,296700
5,299200
5,297700
5,302900
5,287800
5,305900
3,243900
5,339300
5,301900
5,299900
5,291600
5,297000
5,300300
5,296800
5,343400
5,294900
5,315600
1,195600
5,308500
1,184100
1,189400
5,331000
1,182200
5,294000
5,335800
2,239300
3,318100
5,297100
2,215900
5,297600
5,299900
5,291300
5,300200
5,294300
5,296100
1,184000
5,301800
5,295700
5,284800
3,246400
4,270500
5,298200
5,293300
5,291300
5,292500
5,294800
5,300300
5,291700
1,204700
5,360100
5,303100
3,248700
5,302900
5,293800
5,312700
4,269200
5,295800
5,374700
2,224800
5,324400
5,313900
5,302900
2,210900
3,240600
5,295200
5,299800
5,366900
5,324300
5,305900
5,296500
5,299300
5,298600
3,257200
5,300600
5,299900
5,303400
5,298900
3,245200
5,290500
1,181600
5,299400
5,322700
5,297900
1,180900
5,301300
5,290200
5,303800
5,296900
5,314300
3,247700
5,299900
5,341100
5,339800
5,329300
5,302300
5,292700
5,300700
5,350600
5,363400
5,313900
5,298000
5,292000
5,296900
5,293400
5,305800
2,215100
3,236400
5,293100
5,292400
5,296200
1,182100
5,292500
5,299600
5,293500
5,303700
5,292900
5,293400
1,192600
5,290700
2,209700
5,295500
5,304500
5,303900
5,295900
5,380800
5,315900
5,298100
5,306100
5,292700
4,272800
5,290300
5,301300
5,296200
2,220800
5,286500
5,288000
5,286500
5,299000
5,299600
4,269600
5,298200
2,212300
5,292800
1,183000
5,296400
4,273300
5,302400
5,320300
5,296900
5,303400
5,285200
5,364100
5,331500
5,310400
5,348900
5,298400
5,303800
5,434300
5,344600
5,339400
5,295400
5,293200
5,301000
5,297500
1,200300
2,221500
5,296200
4,259500
5,287400
2,209600
5,286000
5,306600
5,300300
5,313600
5,297300
5,303300
5,322700
5,310300
5,296100
5,302100
5,292400
1,178400
3,245000
4,274800
4,266800
5,299800
5,293500
1,182100
5,297000
5,295700
5,339800
5,474800
5,336100
5,296500
5,291600
4,268100
5,310400
5,307200
5,316100
5,292400
5,297000
5,289500
5,345200
2,328100
5,435800
5,419200
4,377000
5,430200
3,358600
5,427400
5,433900
5,437100
5,432600
5,457100
5,416700
2,301100
5,351300
5,401000
4,379200
5,404300
5,373100
5,379700
5,385000
5,378300
3,304400
5,372600
5,374900
5,361400
5,357800
5,354800
5,369200
5,363700
5,379300
5,386500
5,342300
5,406900
4,325800
5,330000
5,374900
5,365000
1,209900
5,366900
2,265000
5,444100
5,365300
6,417200
1,207500
6,361000
1,224100
6,372500
3,301800
6,348400
6,341500
6,335500
6,353000
6,321300
6,333300
6,341200
6,316300
6,301200
6,332500
1,178400
6,324800
6,335200
1,191400
5,338600
6,332100
6,324800
6,356200
6,342700
5,301600
6,328100
3,234400
6,308900
1,175200
6,411400
4,271600
6,411200
3,248800
6,316200
4,275200
6,389400
2,227000
6,329700
6,327000
6,328600
3,242700
6,331600
6,348100
6,322300
6,363500
6,390800
1,239600
6,406500
6,358900
6,347800
3,254800
6,325500
6,328200
6,335300
6,337300
3,278800
6,331700
3,231900
6,327800
3,311700
6,512400
6,351500
6,325600
6,329600
2,213800
6,353100
1,183000
2,225800
6,320700
6,324100
6,327200
3,241700
6,336900
6,343300
6,340000
1,270700
6,525200
6,531900
1,195100
6,352300
6,335400
2,215900
6,328800
6,346400
4,304700
6,329100
6,347600
6,392300
6,404600
1,223800
6,436900
6,326600
6,334400
6,324300
3,250300
6,358800
6,337000
6,336100
1,193700
4,277000
6,329500
6,334600
6,335900
1,185400
6,322300
5,298000
6,320300
6,327800
6,325400
6,319000
6,332300
6,316500
6,318200
6,332300
6,325200
3,287300
6,443000
6,322900
6,335000
6,320000
6,325000
1,186800
6,341900
6,358700
3,245700
6,316800
6,334000
6,319400
6,320900
6,398200
1,193800
6,318400
6,320900
1,184000
6,317900
6,323200
4,297800
6,417500
6,344400
6,332400
6,330500
6,330200
6,317600
6,319800
4,347400
6,406400
6,448100
1,199000
6,332500
6,327400
6,323000
6,314700
6,346200
6,341700
6,327000
6,324000
4,266400
6,316800
6,327200
1,189600
6,327300
3,246200
6,325400
6,325800
3,239000
6,329500
3,234400
6,316700
1,186300
6,342400
6,326800
6,314400
6,377900
6,468700
1,200900
6,316200
6,321400
6,324300
6,331500
6,319000
6,326200
3,254200
6,325800
6,317400
6,366800
6,402700
6,331100
6,329200
6,318500
6,330600
6,323300
3,244900
6,325100
2,210000
6,316900
1,181500
6,328400
6,410100
6,322700
6,317500
6,321500
6,319600
6,354800
6,334500
6,390000
1,206700
6,312100
1,186900
6,323400
6,318100
6,320000
6,333600
6,324500
6,325900
6,328800
1,202700
1,190500
6,319400
3,241200
6,316900
3,239700
6,325300
1,206100
6,325300
6,320200
6,356400
1,192400
6,318300
6,330400
6,325200
6,387700
1,182000
6,397100
6,396900
6,435800
6,467500
6,354200
6,316500
2,210300
6,321200
1,189600
6,325100
6,321000
3,243900
6,321400
6,317900
6,334500
6,322700
6,320300
6,323100
6,320000
5,284800
6,324700
6,321800
2,217400
6,325400
6,324400
6,320200
6,327800
6,320600
6,318300
1,181000
6,403600
6,326400
4,266600
6,420500
5,400000
6,346600
6,318100
6,327700
2,229600
6,365500
6,321200
5,292600
6,320100
1,212700
6,426900
6,327400
1,198100
6,350700
6,334600
6,319000
6,330900
6,329700
6,325900
1,189200
6,322600
6,320900
6,325600
3,249700
6,319100
6,312900
6,320500
6,313400
4,358700
6,341200
1,199700
6,378800
6,322100
6,323700
6,320600
6,335600
6,319000
6,314900
1,187000
6,322900
3,244300
6,317200
6,419900
6,441800
1,232500
6,430400
6,333000
6,373400
6,310200
6,313000
6,305300
6,321700
1,187800
6,317900
6,321000
6,345400
5,425700
6,341200
6,362900
6,396700
6,350600
6,385600
3,295100
6,314400
2,216800
6,328800
6,318100
6,319000
6,316900
6,319500
4,264900
6,336700
2,220700
6,323900
6,322200
6,341000
5,297900
6,331700
6,321200
6,319500
3,238100
6,314300
6,325000
6,321600
6,395300
3,268600
6,331600
6,386200
1,186500
6,324200
6,334200
6,323100
3,240200
6,318500
6,319000
3,242600
6,325600
6,319100
1,189300
3,248000
6,320200
6,321100
6,323700
6,327300
6,315800
1,189000
6,319600
6,417500
6,389600
6,434900
6,325100
3,244300
6,368100
6,323900
4,263300
6,396700
6,482900
6,324500
2,219700
6,322800
6,339400
6,326200
6,324700
1,182800
6,319900
6,323300
3,245500
6,418900
6,337600
6,325400
1,180200
6,325700
2,212100
2,217500
6,363300
3,246800
6,326900
6,328500
6,320100
1,189100
6,336500
6,324300
1,184100
1,180100
6,320500
6,324600
6,315500
3,276300
6,358500
6,366200
4,274100
6,326100
6,317100
6,329700
3,247500
6,316100
6,391000
6,386300
2,215000
6,368600
6,326000
6,321700
6,325800
6,322600
6,320800
3,273200
3,251100
6,317100
6,316400
6,315700
6,317400
6,326900
1,182200
6,323900
6,319200
6,331900
6,326300
6,325800
1,239600
6,462500
1,240500
6,388500
5,300500
6,335400
1,187100
6,320600
6,323900
6,322600
6,319500
6,324500
6,332300
6,315300
6,325700
1,181600
1,191400
6,323300
6,317200
1,182500
6,320800
3,234300
4,269300
6,314600
6,320400
3,256100
3,239900
6,319600
6,435300
6,335900
6,365600
6,432900
6,360900
6,324700
3,243400
6,326300
1,193600
4,274500
4,269200
6,320400
6,332800
1,184800
6,318900
6,318000
6,331300
6,320100
6,320600
6,320200
6,316400
6,321900
6,329600
6,313700
6,344200
1,188200
6,319400
6,318500
6,324000
6,314900
6,326500
6,316200
6,324200
6,343600
6,390700
6,338000
6,335500
3,237100
6,318800
6,339000
6,330100
6,324100
6,358700
6,320600
6,324500
6,319400
3,247600
6,319400
6,395100
6,377200
6,383800
6,321100
6,343600
6,314800
6,327400
6,324100
5,336400
6,351600
6,335900
3,233800
6,315000
5,306100
6,319200
3,337100
6,370000
1,200800
6,334400
6,328200
6,318900
6,344100
3,254500
6,323400
6,319100
1,186300
3,238600
6,315500
6,324700
4,272700
6,325000
6,328600
6,320800
4,272300
6,321400
6,332000
6,324300
6,314700
6,322100
6,313100
4,362100
6,325800
6,323500
3,239600
6,318300
6,318800
2,246500
6,391500
6,337700
6,415000
6,481700
6,444200
6,469200
6,449400
6,465800
2,288500
6,479000
6,482100
5,350300
6,399600
7,351600
7,357900
4,274800
7,349500
3,299900
7,362700
7,347400
2,244200
4,272700
7,345900
1,217500
1,215900
7,373500
7,375600
2,231200
7,350700
7,350100
7,349200
7,349800
7,348100
2,225600
7,366700
7,353200
7,346700
7,347100
7,344500
7,357500
3,229200
7,349900
1,182100
7,343700
7,349100
7,376000
7,382300
7,434700
2,209500
7,341900
7,345000
7,376100
7,444800
7,392600
4,268000
7,349600
7,433700
7,341200
7,371600
3,273000
7,343600
7,358000
7,351100
7,363500
2,238600
7,372100
7,381300
7,369800
7,349700
7,352100
1,186200
1,184100
7,349100
6,324400
7,355700
7,347800
1,187600
5,295400
7,348400
7,518300
7,475400
7,351400
7,345600
1,184500
7,360600
7,367400
7,344200
7,352700
7,345500
3,244000
4,293000
7,433300
7,363000
7,353200
7,349500
7,351400
7,364900
2,218600
7,351500
7,371200
7,380800
7,395500
7,369900
2,211900
7,345100
5,331900
7,351900
7,515300
1,222900
7,348700
7,334600
4,260900
7,367500
5,302300
7,404300
7,351600
1,186100
7,366900
5,313300
7,365200
5,301800
7,361900
7,356600
7,356100
7,380900
7,351100
1,193200
7,340400
7,365700
7,401700
4,286900
7,360200
7,356300
4,277500
7,344500
2,215200
7,466500
7,533700
3,259100
7,402800
3,244400
7,352600
7,367700
7,355700
7,360700
7,350400
7,354700
7,361700
1,186600
7,349900
7,349400
7,404500
7,370400
1,185400
7,342100
7,351200
7,356000
7,355800
7,348000
7,352400
7,350400
2,219000
7,353900
7,341000
1,226400
7,642700
7,440600
1,189300
7,363700
7,358400
7,363200
1,184900
7,356100
7,350400
7,357000
7,370900
1,198500
7,373000
7,379300
7,375100
7,381000
7,463300
7,369700
3,244600
6,379700
7,352300
7,393300
1,189100
7,349400
7,349600
7,360500
7,359100
7,560300
1,213300
7,359500
7,349200
7,353100
7,357600
7,362200
7,352300
7,354700
1,185200
1,186100
7,369200
7,370100
5,303800
7,411000
7,359500
7,357600
7,359300
7,356700
7,380300
7,353500
7,358600
7,351700
7,362600
7,347600
7,375100
1,189000
7,351300
7,396500
7,375700
1,202000
3,255900
7,363200
7,352400
7,402800
7,438900
7,443400
7,412000
4,279600
7,352500
7,360100
3,247900
7,352000
1,189400
7,356300
7,361500
2,219400
4,267900
7,380400
2,219300
7,354600
3,240300
7,351600
7,364300
7,368300
7,361200
7,360800
7,462400
5,310300
7,370900
7,353600
7,346200
1,180000
7,355800
7,346800
3,268800
7,365700
2,219700
7,349700
1,186600
1,185200
7,362600
7,415500
7,361600
7,352300
2,222200
7,341700
7,358100
7,451000
2,283900
7,383300
7,404900
4,274900
7,358200
4,284400
7,354900
7,411500
7,344400
7,359600
7,357500
1,183000
7,346700
7,356500
7,355000
7,366000
7,355100
3,246000
7,351200
7,365100
4,274700
7,386800
7,358200
7,349600
3,249400
7,346800
7,347800
7,361900
7,354500
7,354800
7,339500
7,355900
7,349300
7,367400
7,432900
7,404100
7,424500
3,250100
4,283400
7,458900
7,465000
7,393200
7,392600
7,523500
7,472300
7,479200
4,357300
7,525300
7,489000
7,502700
2,288600
6,439100
7,473400
7,481400
7,465200
2,227800
7,366300
7,443900
7,521200
7,416000
7,368800
7,351500
5,294900
7,351600
3,245200
7,349300
7,361500
7,363900
7,351000
7,353800
1,183800
7,352000
7,359700
7,370500
1,216600
7,359500
1,185600
1,178300
7,371300
7,365400
7,352900
7,404600
7,353800
2,372400
7,570000
7,415600
7,417600
7,418000
7,343100
2,209300
7,340400
2,216300
7,337500
1,252800
7,447500
7,420800
7,363800
7,367800
7,350800
7,345100
2,210800
7,361200
3,251000
7,363400
7,350900
2,219500
7,348500
7,345200
7,343500
1,176500
7,360000
7,347100
4,267900
7,342000
2,260800
7,599300
7,423700
7,348700
7,349200
3,248100
4,276300
7,356000
4,283000
7,352300
7,348500
7,381500
7,354600
7,358300
7,392700
7,361700
7,406900
2,216700
5,307100
6,320900
7,345900
3,241600
7,345200
4,268300
7,391600
7,351500
4,267400
7,411800
7,351900
7,385000
7,348700
7,355000
7,363600
7,346400
7,344300
7,360500
7,357100
7,357600
4,268800
7,348600
7,337600
7,358000
4,263300
7,348200
7,399200
1,184800
6,342500
7,359700
7,359300
7,352700
7,349800
5,302300
5,330000
7,348500
5,299400
6,382800
7,397900
7,416100
4,309000
7,459600
4,315700
5,302800
7,369600
7,399100
1,206600
7,355600
7,421700
7,350600
7,345400
7,357000
7,394400
5,306500
7,408300
7,358700
7,393600
7,352400
2,219000
7,348200
6,321600
7,349000
4,269500
7,342900
1,180700
7,375600
1,262000
7,479700
7,384400
1,191000
7,343000
1,195900
7,353600
7,344400
7,350600
7,347500
7,353200
7,373700
4,272600
7,346400
1,180800
7,341700
7,351400
2,211800
2,210500
7,342100
7,347100
1,225600
7,466300
7,428000
7,380900
3,235800
8,383200
3,246300
8,373600
8,494900
8,483800
8,398200
8,380300
8,382800
8,377100
1,181500
2,213200
8,382600
2,210200
8,370800
8,368500
8,372400
8,432200
8,380500
8,375900
8,412900
8,371700
8,369700
8,388800
2,212000
3,240800
8,366100
8,376400
2,222000
7,390100
8,372200
8,399100
8,537900
2,224600
8,521700
6,309100
8,390900
1,190800
8,369000
8,390600
7,392200
8,374300
8,372100
8,372700
2,221000
3,252100
8,381900
8,378600
3,242800
6,316900
8,370700
1,182600
8,374600
8,379900
3,289100
3,240500
8,379800
1,186200
8,394200
8,374100
8,495100
3,287100
8,446000
2,225600
3,240500
8,369300
3,239700
8,377300
8,371000
3,252800
8,378700
8,397100
6,323300
8,376300
1,187600
2,230400
8,376500
2,214500
8,422600
5,297500
8,374500
3,240300
8,378300
8,373700
3,237900
8,366500
8,375600
1,217700
8,422200
8,385200
7,352400
7,539200
8,426500
8,378100
8,375300
5,297300
8,371500
1,184600
1,191000
8,382200
8,370000
1,185100
8,372300
2,213900
8,380900
8,411600
8,377000
3,242800
8,384900
1,184400
8,382800
1,193100
8,374900
1,186000
8,368300
8,375800
1,181800
8,383100
2,233800
8,371600
8,379700
8,412500
8,439600
8,379000
8,368500
8,369000
8,378900
8,440100
8,367200
8,374300
3,242000
8,463800
8,430600
8,374100
8,371000
1,189100
8,417500
8,380400
1,192800
8,396300
8,367200
8,378300
4,271100
8,379300
3,241400
8,376800
2,220400
8,366800
8,582900
6,387500
7,349400
8,369700
8,399800
8,379700
81,696000
4,275700
17,655300
4,274400
10,438300
9,394100
39,1167600
44,1299900
21,720400
14,539600
1,183900
40,1572000
75,561200
40,1211600
40,1234700
1,191300
40,1243500
2,220400
40,1244600
1,187500
340,1108700
2,237400
3,246400
40,1284600
136,758500
19,842000
57,1662600
1,190200
22,733400
5,296400
40,1297200
6,330200
296,1538600
41,1269700
3,244100
3,247000
41,1349500
431,1931000
7,355700
8,369400
13,525800
7,355200
41,1236900
6,331700
59,1745700
41,1244500
17,609700
2,232700
41,1406700
41,1429400
2,220300
29,917700
9,401900
6,320800
41,1239800
41,1253400
3,241200
18,644300
2,219100
10,433900
41,1317900
6,496800
11,469400
41,1234100
41,1247400
12,479500
2,214800
41,1278000
7,366500
106,1406500
41,1233500
30,952100
28,1127200
41,1318700
1,192000
723,1682000
41,1246700
41,1228300
41,1250300
15,568200
41,1232300
7,365100
21,754900
5,301000
52,1741900
4,342300
41,1616900
41,1692300
112,2039000
4,345800
41,1681600
41,1781500
2,325900
69,439000
14,533600
3,255400
42,1261900
2,209400
42,1245400
4,266600
6,323400
42,1401200
3,273200
42,1605400
1,184500
45,1320400
24,788400
17,607100
42,1284900
42,1381700
1,185700
17,614600
42,1257600
387,860100
5,301000
42,1416700
33,1021300
42,1257300
214,1068300
42,1573500
42,1262200
6,325300
91,974900
4,266900
14,808100
42,1365500
3,241500
42,1248700
1,191400
16,599800
41,1222100
42,1324500
4,277900
148,856400
6,327200
43,1274000
1,196200
13,756000
3,265900
43,1378000
3,230200
43,1698200
1,233600
43,1724800
9,528400
43,1700400
6,415500
301,2212900
21,748700
43,1382700
43,1294300
43,1317800
117,1894500
36,1103000
19,838900
3,261600
43,1290300
44,1325400
1,186300
44,1318700
14,537000
54,1594900
57,1671200
2,222200
5,294000
44,1507300
4,288800
44,1458200
44,1745100
1,201800
242,1744800
44,1614800
1,188800
2,212500
44,1295400
206,878600
3,297400
44,1381900
31,990100
44,1311500
54,1552400
1,187200
44,1310700
91,1058000
218,1081800
14,634300
45,1421700
1,183200
34,1055900
1,187800
45,1414800
1,194100
69,406300
55,1580900
1,177600
45,1346100
18,638200
45,1577800
1,193200
154,1005500
22,765300
45,1322700
3,281300
3,262700
328,835300
45,1332100
1,188000
4,264100
41,1245700
24,875400
4,275900
45,1506000
43,1291200
66,304000
4,273400
389,789500
45,1348900
5,298800
45,1334300
3,267700
460,1032000
45,1809000
20,728400
1,184300
45,1336700
19,663600
4,260400
16,581600
46,1358300
7,354600
345,1220200
4,272400
46,1359500
1276,2032700
13,512900
24,781300
2,227200
46,1358000
2,209500
42,1263200
46,1665500
3,250900
4,278700
8,380900
46,1411100
8,572600
10,498300
6,331300
59,1779300
5,294000
46,1380300
46,1449200
6,329100
51,1546800
46,1395500
510,860500
1,199700
144,800200
46,1505700
9,401800
46,1355600
46,1351900
245,1798700
14,522600
1,193600
4,294900
46,1553800
15,562800
47,1403400
47,1408000
2,221100
57,1692800
47,1601600
47,1409000
4,273100
179,1970900
3,248700
4,267100
47,1424700
21,711400
3,235500
47,1389400
40,1201800
47,1392000
484,1720000
4,386200
31,1090800
44,1350500
47,1695000
3,246600
47,1386400
47,1676600
20,680600
47,1403100
8,404600
47,1665200
2,225300
68,353800
4,283300
8,378200
47,1384900
495,1994100
4,290900
22,727800
4,329500
8,372500
4,263500
4,338800
5,429200
47,1633600
168,1381500
8,385600
9,400600
2,218300
113,1605100
8,370700
48,1462400
45,1315700
4,274500
101,1497000
40,1248500
2,214500
6,317200
6,338900
345,1239600
48,1621300
1,189100
40,1197200
48,1454800
33,1051900
6,480800
21,733400
48,1426900
48,1428200
48,1420300
49,1440500
5,300000
205,749800
48,1403500
1,196800
15,675000
169,1785300
48,1396800
48,1469900
7,345100
48,1402100
48,1408700
48,1519200
34,1580200
48,1474500
1,195500
48,1439700
48,1438800
49,1499900
49,1557200
49,1910800
2,309500
82,771600
2,276100
49,1550900
59,2039600
1,193700
651,1270900
8,388600
49,1436300
49,1575700
145,828700
2,215100
5,300900
354,1670900
11,451300
3,245800
49,1439100
121,1718300
49,1470800
2,273000
555,2256300
1421,2273900
46,1365700
49,1468600
49,1482400
27,1076200
14,569100
49,1454500
8,378300
2,213600
3,239600
49,1423600
1,208300
5,296700
403,1168100
49,1454000
3,290200
741,2049100
177,1776500
1,194000
1,177900
28,927500
17,608300
49,1645500
50,1734900
50,1477600
1,195300
50,1843700
1,206400
50,1512500
213,992600
50,1446200
7,349100
106,1339700
1,194000
2,219900
419,1631300
50,1858100
1,190300
50,1476000
3,250600
50,1500200
57,1718000
8,375300
1,197700
43,1295500
251,355500
5,296100
50,1731900
50,1493900
50,1464200
51,1496600
51,1489200
209,992700
51,1482800
31,1116400
350,1654100
1,183800
10,451300
51,1488900
1,191000
51,1509400
103,1251200
269,863800
5,300400
45,1365200
142,754000
51,1604000
6,337500
51,1491200
40,1201700
114,1530100
51,1511700
1,187800
9,395600
51,1903200
1,198000
52,1528800
26,839400
4,264700
467,1278600
94,1034500
52,1514000
2,235300
34,1143600
1,193500
23,951300
52,1664300
12,483400
52,1546300
1095,1680000
52,1506000
1,190400
3,240700
52,1501500
53,1809600
8,386700
53,2047400
1783,2248400
4,265200
53,1544500
53,1567100
1,191100
53,1854600
58,1687800
53,1544900
2,212500
5,298200
53,1598600
13,502000
53,1694800
7,362000
11,456500
3,339200
53,1809300
35,1083500
1,191600
3,246400
53,1558600
53,1537600
16,581700
2,226400
30,931900
54,1718800
1,201500
54,1604400
54,1564500
689,786500
1,214600
8,501600
51,1507900
61,1877100
2,219200
54,1879500
38,1200500
1,189400
5,298100
6,326700
52,1511000
14,538800
15,674900
1,188400
54,1594300
45,1339600
1,235000
54,1790900
9,393900
25,828700
3,243700
42,1304200
3,273300
28,895300
48,1418000
54,1579300
3,238800
41,1609100
54,1608600
55,1597200
255,460900
1,191800
2,209900
55,1818500
17,754000
55,1644200
100,1496400
46,1464600
3,247800
715,1352100
55,1668400
55,1584100
49,1443700
31,971300
3,246200
13,607800
4,345700
8,417300
55,1707200
55,1605800
473,1361500
3,240700
55,1580000
55,1631800
2,219600
290,1802800
55,1638200
48,1398800
55,1595000
44,1299400
30,1015400
43,1338000
1,224600
1,214800
1,209600
81,732300
32,1014900
23,790800
2,213400
55,1579300
79,637400
55,1634200
428,1766500
18,624700
72,508200
14,714100
56,1660000
48,1408500
910,130822100
6,326400
26,1187000
1,230900
18,815200
56,1677600
56,1768100
2727,3077600
56,1802800
2,215300
12,572700
45,1556600
50,1499800
56,1606300
56,1605100
14,532600
56,1636800
2,217900
56,1793000
134,489300
1,181800
6,327100
56,2002500
1,236900
8,387400
4,267500
56,1632500
135,545600
56,1633900
57,1838900
41,1237200
100,1243800
57,1642400
1,188100
2,216400
809,664000
57,1656400
350,1346100
57,2146100
2,290400
4,272600
61,1813600
8,389500
3,298100
57,1679800
7,397900
77,602300
2,243200
57,1682100
189,336800
57,1920600
2,222600
57,1678400
6,329300
57,1660100
1,222700
4,282900
49,1466700
1,183500
1,186000
4,274800
494,1910700
27,1223800
52,1518500
8,387000
57,1707500
1,200400
8,366900
57,1632200
57,1628800
54,1584900
8,395300
57,2027800
3,250800
6,324200
322,613300
1,181000
15,555500
57,1656200
8,376500
57,1834500
11,464600
4,273800
40,1372900
52,1674700
73,490800
57,1705700
7,364600
70,407500
7,351700
10,423900
53,1824500
1,175900
57,1650300
1,173200
12,672100
89,955700
1,186800
747,584600
10,430300
57,1719200
608,1725000
57,1741700
58,1732900
58,1825300
73,489700
807,618300
2,230600
9,426600
58,1771500
29,932000
58,1687600
315,435900
4,280900
29,921000
16,891500
58,1661900
20,713600
58,1651700
46,1343000
682,464300
49,1426900
3,247600
7,353200
92,1202100
1,224600
1,225900
58,1735100
1,179000
208,864800
58,1711000
6,367200
42,1260900
3,248100
41,1220600
58,1663800
1,207700
48,1567100
58,1718800
6,320300
1171,2227000
24,816000
58,1697700
1,182200
6,314800
58,1996400
7,351700
58,1660800
59,1701000
2,219100
59,1732900
31,958400
59,1815800
59,2030500
59,1842000
73,486700
1,198600
1,191400
3,246900
147,831000
1,178300
8,372700
1,190300
59,1683700
11,470900
3,245900
4,264100
6,326500
59,1904900
311,335400
2,218100
8,380500
59,1670800
72,473200
3,239300
348,1420300
2,219600
59,1671600
3,280800
21,705800
34,1114400
3,294400
59,1734700
11,454700
59,1684100
25,807200
3,239700
59,1715600
1,191800
59,1753500
48,1687800
159,1256900
28,907100
60,2090000
51,1515000
137,638800
4,268700
159,1183800
1,185000
60,1887900
617,2007500
60,1728400
60,1781100
4,264700
240,1781000
60,1856400
51,1507000
22,741900
4,270700
60,1715700
60,1772400
15,564500
11,456400
60,1728400
93,1139700
261,809200
36,1155700
2,215200
7,357400
1551,937100
1,190800
61,1737400
493,1973500
58,1693700
95,1332400
260,588800
3,245500
38,1373900
3,238600
61,1785600
10,430000
4,265100
237,1575700
1,189000
61,1989700
47,1647800
8,369900
4,302400
61,1744400
1,186800
3,246100
4,278900
10,416300
61,1741300
61,1733500
1,183200
53,1693600
3,333300
7,350000
12,481700
54,1601300
47,1386600
61,1914700
1,198700
2,219200
12,471100
1,187000
1659,2106700
1412,2270400
38,1157000
32,1193200
3,241700
33,1017200
61,1750400
61,1806600
27,966900
49,1898500
61,1811400
62,190100
1548,2565800
62,188900
2,215300
82,711500
29,929300
62,189700
14,522900
7,357700
62,257400
44,1695400
4,272200
7,361700
43,1301300
62,189900
13,517400
62,183900
15,552000
7,350700
34,1050800
10,545300
62,193200
62,189400
53,1599400
62,185500
98,1444500
4,267400
71,436100
62,179000
12,485600
47,1401400
62,188500
5,301700
89,1013400
192,397900
8,380700
63,227200
1,184700
1,190600
448,722600
23,819600
63,218100
48,1508000
39,1349700
13,509300
12,488800
63,214500
1,193000
6,332700
63,234800
3,255600
6,370700
100,1179800
63,223400
45,1387600
28,898200
63,223400
63,233200
63,256400
11,456800
5,299100
63,222200
71,432600
9,453600
63,275000
51,1499500
18,644000
56,1641900
1601,2196000
63,221900
7,350500
63,218300
2,210500
64,259500
1,288100
6,434000
293,1634300
11,518600
45,1330600
1,196700
4,269000
1668,2354200
10,437900
1,188700
64,239500
488,1750200
203,736900
59,1925900
79,716800
64,253300
5,296500
73,494100
4,277000
64,244000
1,189100
10,423200
2,207700
42,1436900
1,194100
14,534200
99,1157700
64,252900
23,761800
44,1313700
1,189400
613,2024100
1,194000
4,275400
64,248800
64,251600
5,322600
10,432400
1,190200
879,1034400
10,434800
4,274400
47,1392400
23,759700
9,401500
65,279700
18,649100
1,187800
60,2076800
6,327600
65,269800
2,214200
65,277400
4,258900
65,266900
39,1162600
1,188600
3,257600
58,1694500
65,291200
65,291200
1,193100
7,359600
68,344300
1019,1349200
3,236800
790,1819400
65,271400
1,184100
6,340100
65,264700
70,403400
9,398500
60,1774800
1,183400
65,277700
4,272400
88,1122700
4,272700
26,832000
65,284400
1748,1225900
4,272000
5,437100
65,340300
65,312600
65,272500
65,275500
66,304700
2,219200
94,1070100
66,296800
81,778900
3,241000
50,1525700
844,1496800
66,301900
11,470600
13,514700
40,1424700
66,344200
66,306100
4,268800
134,478100
66,380800
58,1775600
9,416100
41,1235700
51,1516500
67,332900
67,352700
3,253800
67,325300
67,325300
67,322900
67,324100
1,181600
160,1381000
67,322100
25,823500
67,328500
67,325300
17,600900
1,182900
8,375100
56,1662100
3,246500
7,352900
8,369900
67,318300
4,273300
13,532900
1,210200
60,1821000
7,493300
67,339100
7,342700
64,241500
980,1946900
50,1487100
76,560000
3,239000
67,323900
2,229400
21,711700
67,330400
1,189000
23,829900
5,289900
17,633400
1,230100
658,1583200
9,400000
67,322900
75,542200
1,189900
33,1064300
68,485900
64,310900
68,446000
98,1496900
68,451000
68,451400
68,493000
1,239800
4,340400
68,454900
262,858700
68,466400
1,225800
8,476300
68,451400
2,262500
68,489600
2,300000
26,1222100
41,1707000
1,186800
282,1195000
68,347900
59,2083500
121,1772000
9,403500
1,186100
68,364300
100,1222000
68,350700
3,251900
46,1361500
8,408400
530,1292400
68,346400
68,355900
11,460500
68,396200
913,1801900
69,382400
5,289700
23,830100
15,559500
69,372200
3,245400
163,1412800
61,2133600
176,1664200
2,289400
3,331800
69,439000
4,270200
64,256200
69,382000
5,300300
217,1053300
69,384600
2,212900
4,273300
69,374700
4,264900
69,382300
1,188700
122,1934900
1,185900
14,531500
52,1545400
69,593200
891,1277000
64,242600
2374,1770300
26,859600
3,232800
69,368500
69,375900
1,175400
11,443800
2,202000
4,259500
69,374900
2,213700
10,437600
4,268700
70,404600
7,424000
70,409800
155,1376100
70,415500
3,248500
15,555300
12,483300
4,274000
539,1493700
25,812900
6,329500
445,687000
6,319000
159,1362400
70,399500
41,1268800
1,193200
3,322300
70,534100
70,400500
70,417700
70,408100
3,248700
32,994500
20,693400
70,402000
14,527000
9,465000
47,1387100
70,467300
17,619100
71,439700
65,276600
71,459900
2,223200
2,220800
5,303800
400,1182200
4,265800
9,415400
69,426900
298,1846800
71,418400
6,299800
71,409100
184,1804500
71,434100
71,443700
61,1757300
72,594100
6,330900
11,494100
1,186200
52,1512900
20,690000
1042,1871600
72,469900
62,183400
20,685400
72,445800
64,257300
2,219100
28,1083100
3,246300
72,460500
70,507100
1,246100
72,472600
72,479800
3,251100
72,459900
60,1764700
43,1299800
1,185300
3,251700
72,461000
2,213800
4,270800
4,265700
113,1562900
3,237500
66,305500
58,1945000
72,452900
390,811900
15,554900
1,186500
11,588600
72,485600
13,516200
12,477400
9,404100
2,201700
55,1651300
72,466500
25,842300
72,704800
5,383100
73,482000
48,1450300
49,1496200
73,507900
5,288600
6,324800
218,1256300
39,1258000
88,930300
372,344800
29,1179600
680,2418000
28,928300
73,524200
8,445900
73,494200
1,181800
142,752100
73,511500
73,492300
73,485000
5,307000
73,502000
73,496500
2,220900
19,694500
65,325600
74,610200
1,178100
32,1031700
1,191200
31,1029700
1,185200
74,556600
5,341100
6,358800
74,547600
22,880600
74,581000
74,515700
9,413600
75,577100
38,1350900
75,696100
1,185000
75,560900
60,1835200
3,242000
5,293900
654,1458300
39,1233500
62,191000
96,1164300
3,263200
9,440900
1488,870200
3,350700
7,447500
213,1572900
75,706200
861,2042500
1,183500
2,222100
75,539900
76,573900
57,1751000
4,282800
1824,2109700
76,629400
4,317300
11,461100
50,1538700
3,242500
4,306300
12,523100
51,1524200
26,1020900
1,189200
69,382800
169,1967200
76,754200
76,740200
76,715800
5,382500
76,757200
76,748800
1,232300
2,275500
7,446400
12,601700
76,782100
21,1155500
9,525800
77,827000
10,588400
4,351300
62,228000
2,275900
12,608900
8,499300
7,463600
77,818200
77,785200
3,311000
71,628100
39,1661200
77,762900
5,391200
57,2339100
77,804200
2,271900
114,2191500
462,1528600
40,1784100
22,1201100
10,578600
1,239400
24,1097400
1,238600
77,894900
16,784000
15,775200
70,544600
9,538500
43,2240600
83,1032000
13,671300
78,833900
3,332000
1132,1562500
33,1405600
2,272300
78,854100
2,273100
78,827100
1,232600
84,1052900
95,1559100
78,825700
63,270400
272,1267100
228,1863600
258,723600
11,608100
51,2077200
59,2428300
79,1073200
79,899400
79,1006300
79,1035500
1,262400
6,502300
75,866700
4,394400
24,1295400
79,1027100
50,2060600
3,352400
3,345300
534,2134000
79,838700
3,339100
189,342800
1,237000
79,1054700
17,991400
19,738100
79,770400
1,246600
31,1247300
718,1627400
6,466300
205,922200
8,427400
80,873500
1,199200
8,397100
8,429800
7,409900
80,688600
1,197400
4,296900
248,319000
61,1991100
80,745200
195,493400
1,188100
8,395900
48,1662400
78,636600
80,661500
1,194000
2,215800
5,306600
64,246400
114,1910000
1,207300
171,1460400
80,677200
34,1049300
12,491400
1,213200
505,866900
3,271400
26,873000
8,387900
80,676300
80,682300
7,357400
8,377100
83,745300
80,681700
1735,2584200
110,2035900
24,804800
15,601600
2,210900
81,708000
81,711300
200,683200
29,929900
81,805300
43,1330100
74,523500
36,1113100
1,184500
3,255200
81,815900
60,1742000
2,209700
4,268900
245,1870300
81,681000
53,1700600
82,740200
106,1405600
1,194700
23,1065300
2,277900
82,718800
192,415700
30,949500
3,249800
30,955600
52,1513500
58,1679100
6,320900
26,846700
4,276800
23,767200
11,591800
82,808400
1,190700
82,739800
1065,938500
76,563700
1,180500
3,245700
653,1349300
47,1424200
14,522600
83,863900
1,195000
83,737500
14,524300
83,1011700
370,1859400
84,763500
4,271200
6,317600
72,461300
544,1619100
42,1377700
83,760700
10,428900
84,761000
10,498700
6,455700
36,1167100
3,252400
44,1361300
84,757000
5,301200
21,699600
84,757800
50,1519700
84,784800
84,782900
27,891300
13,613800
84,783400
1,189600
5,303500
84,776300
6,349000
141,765800
3,249100
84,780400
46,1378500
88,888800
461,1059700
73,498300
5,301300
14,532700
2,221300
84,862100
85,793300
4,276400
25,829900
57,1648800
14,527400
4,259000
6,317700
11,458600
85,805200
85,810400
12,498900
8,385800
51,1773600
5,328000
19,720500
85,803000
85,795000
1,190200
2,278300
85,794100
40,1216800
555,1932600
86,886600
20,702200
46,1504500
150,894100
96,1090400
6,319500
27,852500
17,620100
1,190500
86,1000800
106,1564600
86,858000
35,1113900
78,612400
67,421500
18,771300
3,239300
86,815100
3,250200
52,1540300
13,510100
86,876300
1,179200
59,1715700
1,180100
86,806500
3,256000
77,611600
9,401800
1,187200
86,1039600
1,211700
22,806700
3,249700
4,275600
29,917400
87,841600
82,726600
1,196100
854,1918300
10,436000
1,181400
87,933400
1,191200
2,224300
286,1503700
46,1400100
1,181400
7,363100
11,448800
1,185600
40,1206800
15,559900
4,301800
87,860400
51,1863100
11,469100
87,960500
1,194200
87,889000
7,346800
86,811500
87,855800
9,456200
1,186300
43,1280700
1701,1696300
88,899400
6,322700
229,1375500
10,592500
3,345400
49,1547800
19,698500
1,251000
88,1003500
411,1352200
88,863500
25,813500
88,891000
88,862800
1,183600
88,1001700
88,1097800
89,895000
89,884400
6,314800
59,1769800
46,1397900
217,1078100
21,860200
46,1487000
4,274300
6,318700
13,514100
90,908000
60,1743200
101,1227700
1,185100
90,924600
90,938500
10,429000
18,635500
44,1551600
90,978700
60,1725300
90,1034500
1,189800
3,245200
90,915600
44,1305100
27,927200
1,188500
40,1288800
90,1082800
4,270800
22,744600
5,311500
91,945300
91,954800
91,945300
1273,1813300
2,213800
128,327800
1,193400
3,241000
3,252800
91,945500
91,1215500
91,968000
91,953500
1,188100
4,274800
72,460500
28,906000
2,219100
2,210700
3,240200
29,922600
1,197600
69,388600
208,888800
2,202600
85,799800
31,1017700
2,221300
43,1365200
69,383700
92,992600
92,966400
92,973000
92,965900
1,180600
93,1311700
93,992000
6,332500
18,651600
93,1044000
20,777500
7,353300
93,1005900
93,998000
11,446900
93,1002100
93,1185000
3,246500
53,1570300
93,1015400
79,690400
40,1366500
94,1117200
10,503800
4,267000
63,219700
1,188600
92,1041800
9,485100
94,1060600
11,457800
62,185200
1,184100
94,1045600
66,292900
677,2198400
6,320800
19,664800
42,1281300
1,179500
25,804800
1,184500
94,1027300
9,393400
48,1413600
94,1048900
1436,1282200
94,1078500
9,405700
51,1478000
3,252000
68,351800
2,210900
175,1530800
3,239900
9,399300
6,321700
47,1731100
94,1022500
94,1170200
104,1305000
94,1011000
94,1058200
67,461400
95,1081100
17,612200
9,402900
1,197900
4,271800
95,1090700
95,1049100
3,255100
95,1409700
1,184200
95,1058000
75,561300
60,1730100
29,921500
4,272000
95,1259200
4,265100
95,1071700
2212,2674200
95,1073100
49,1440500
79,652800
2,216300
825,1008400
95,1126600
5,315700
17,619800
48,1433800
3,240300
14,567300
54,1934400
4,271500
27,858000
17,617800
61,1887400
95,1080900
4,273800
39,1213000
3,240400
95,1053100
1,193500
53,1750300
5,319300
76,556700
18,678200
5,297600
10,440800
78,612200
95,1210600
6,334200
38,1159200
3,250900
95,1055300
96,1076900
42,1428700
12,536700
1,176100
57,1704700
96,1135400
1,193800
18,662600
84,807300
9,398100
96,1158600
8,397300
649,1282600
2,255900
21,798400
18,717700
11,490800
75,541100
45,1367200
6,347100
459,1101600
96,1449200
18,837200
2,277300
25,915700
4,348400
14,690300
40,1318000
1358,2319200
2,221000
6,321100
29,925500
52,1538200
97,1179500
103,1888100
97,1154200
132,450900
1,198000
38,1404700
21,784500
10,470900
97,1105900
1,193100
3,244500
25,811100
19,675500
348,1420500
97,1324800
581,1123200
97,1185500
325,845100
8,388500
47,1405500
19,865900
48,1429700
17,1024500
11,575100
1,181100
88,909200
98,1158300
10,467500
1,187300
57,1833200
98,1229100
674,2005900
93,1016200
2,242800
12,697800
98,1363700
7,365400
98,1241800
1,186100
17,628600
12,529300
98,1258900
418,1722600
98,1201000
16,795400
1,224700
99,1224000
7,359000
21,728600
14,625500
99,1756800
1,204800
18,649900
15,590600
9,415400
99,1179400
8,413700
99,1439900
2,236800
10,544000
3,304900
161,1263400
100,1220500
8,400800
6,403000
100,1190400
204,718400
160,1288500
14,537200
100,1311600
101,1297900
217,1099300
3,282500
6,377400
46,1393500
101,1217200
101,1212900
16,641600
101,1203300
101,1443600
1,249400
143,773900
2,214400
384,738000
9,485000
464,1359600
102,1519600
1,215700
57,2099600
1,208500
42,1602900
102,1654800
4,338300
22,974000
17,778800
102,1558400
301,1816700
2,318900
73,747500
24,830600
1,206700
3,327900
8,439200
66,356500
1864,1167500
4,265300
14,542400
1,200100
102,1312100
10,463600
1,214800
102,1331600
102,1283000
3,242400
102,1599600
103,1526300
7,407500
1034,1795300
31,1000300
38,1169600
103,1316800
103,1320500
3,242200
166,1560900
5,300500
12,485700
3,236400
9,402000
404,1305700
13,525300
4,286200
11,562800
97,1184100
103,1276000
1,180700
4,278600
123,2017500
2,207900
104,1306400
104,1292800
3,238400
48,1417600
1,179800
104,1296800
1296,2222900
181,1945700
3,258500
105,1361600
76,573900
105,1450000
105,1293700
106,1365800
9,414800
53,1898200
106,1346500
224,1247200
106,1342200
907,1542400
3,320900
106,1677200
50,1763600
36,1215800
106,1331800
3,248300
17,602400
106,1344600
106,1384600
291,1382100
107,1361900
107,1687100
72,469700
3,277600
6,326900
107,1502400
7,354100
7,344300
34,1052700
107,1361400
3,276400
301,1646900
10,422300
4,275200
107,1674600
21,729700
2,210900
107,1375200
107,1407200
238,1677100
15,546600
1,189800
108,1419100
57,2159100
108,1484300
15,577700
88,855500
1,186900
1,189300
1,181900
3,246500
29,914500
5,294300
11,456400
1,196300
109,1395700
7,355000
109,1654300
6,339100
86,849100
37,1132200
156,1037800
56,1722900
109,1415900
20,682000
1,182500
110,1498600
1,180600
11,452000
43,1622200
157,1083200
25,811000
10,415800
93,999600
111,1444100
111,1510200
115,1574100
19,704400
5,29202800
5,437500
15,557300
9,412800
111,1900200
2,223100
5,330300
13,525900
4,262700
2521,2341200
165,1311500
32,1348000
4,311300
111,1467500
5,310700
150,1043900
23,772700
39,1264800
46,1437500
47,1416900
91,1373500
111,1694600
111,1499500
112,1488100
70,468400
436,410800
2,214900
112,1484900
112,1486000
36,1263200
112,1501900
636,876500
3,246400
112,1527600
1,198800
5,313800
49,1531100
112,1516600
13,581700
113,1737100
8,368700
113,1538700
1,190500
7,348200
53,1575000
1,190300
91,951300
2,213700
113,1521700
85,798000
181,1931800
2,292000
3,295400
94,1028100
113,1575000
12,538700
117,1621000
114,1590100
17,609200
178,1679700
114,1733000
23,770600
5,302100
114,1552000
3,243700
72,447400
48,1578400
8,403700
16,589200
3,240200
114,1796600
8,379000
5,302200
54,1574800
1,188400
183,1760700
40,1226900
5,296800
14,541800
113,1565800
67,325800
2112,1360900
2,228800
52,1539400
114,1851900
1,190400
198,564300
65,279100
33,1047800
114,1583700
114,1544200
275,1117500
1,213100
114,1587100
22,755100
10,422100
2,212600
114,1555400
14,521300
114,1546100
1,180800
356,1558100
20,739500
7,501500
114,1609500
3,244800
3,242000
11,462600
115,1574900
4,281600
14,568800
7,352800
33,1157400
41,1237900
292,1420500
2,239000
5,432700
76,758800
12,482200
116,1607400
1550,882300
11,468100
116,1609400
28,890300
3,240300
116,1638200
2,224000
52,1882000
1,182100
12,482300
116,1649100
1,194100
18,655600
116,1608800
249,312800
31,980500
621,460900
7,350400
43,1276800
1,181600
75,803700
48,1590100
305,1770200
117,1626800
22,780100
111,1467200
1,185000
42,1285100
117,1911500
40,1197100
1,191000
49,1454700
25,813500
62,191100
1,184500
3,243000
117,1738300
13,510700
10,418500
55,1590100
4,306800
154,1096700
1,184200
7,349100
26,846600
23,785100
429,1812600
15,571100
11,449900
2,208800
5,334200
9,406700
8,371300
117,1639800
355,1709600
801,2082400
117,1639600
10,471900
39,1206100
3,254200
14,529300
1,179900
218,1080300
3,249800
62,199500
173,1629200
2,220700
61,1824200
95,1086000
1,198600
1,187300
117,1612900
53,1637100
77,731300
118,1922000
4,268600
118,1681300
7,347000
118,1623200
1,182700
1,173700
118,1685400
15,769300
354,1446600
1,196700
14,603500
1153,1764200
3,242700
118,1953200
4,329000
10,525200
120,1690800
62,213900
181,1735700
119,1931200
15,568800
119,1691100
35,1103000
1587,1878100
1,203900
56,1846100
19,652400
3,257100
15,653200
1,193500
119,1983200
2,252000
401,1111600
408,1309000
1,183200
120,1883800
1,189000
3,256600
179,1699200
72,457300
1,191800
13,589000
120,1825300
5,301000
28,895400
5,311100
121,1886600
7,355900
8,397600
42,1276400
9,407100
106,1357300
121,2190900
1,256700
68,528800
121,1974300
22,752400
2,220800
121,2254500
121,1779000
1,174000
27,974600
21,778500
2,204900
11,576500
12,506700
16,595200
41,1235500
3,245500
9,423100
15,548800
70,422300
18,626000
121,1718300
10,428300
1077,1332400
153,1012900
417,1512700
3,245300
122,1795600
122,1823300
24,840900
2,218600
6,355900
84,773700
122,2066300
123,1844600
123,1869500
1,187400
17,703900
56,1711400
3,244400
163,1270600
123,2313100
123,2119500
66,311800
3,298900
24,930700
124,284500
124,222100
491,2052600
37,1153100
170,1636500
1,184100
2,219500
124,214200
24,802700
50,1504100
124,215700
125,260700
4,284700
125,251000
125,251800
17,608100
1,184500
125,251600
1059,762400
88,972300
4,291500
920,2065300
125,259500
12,492600
1,185500
41,1243300
4,277500
126,274300
1,189800
2,246100
3,253000
135,527200
1,185000
1,186500
126,281600
127,304500
2,212000
127,300600
127,297900
3,234700
127,302600
2,217500
127,296000
3,249300
66,301100
128,341900
2,231700
128,372300
5,294700
125,256000
94,1147700
42,1252100
5,308000
128,385100
248,280500
128,335200
128,403700
26,1213800
46,1455200
4,333800
211,1001900
94,1028800
1,188300
34,1369300
52,1530800
128,331900
187,275900
128,326700
1,182100
128,320500
12,477300
128,322500
1,186200
49,1442600
1,176400
128,320100
1,184300
129,348100
189,326100
129,392700
8,377900
5,294300
129,400900
498,431800
4,310100
14,657400
129,397400
93,1130700
10,422100
102,1244800
129,364500
45,1592200
137,565400
129,352300
41,1240400
10,424800
4,273000
76,556000
233,2000000
130,405600
1,245200
130,454800
35,1114400
1,191300
106,1321300
130,385800
18,758200
9,403700
3,245600
59,1715500
121,1870600
131,420600
3,238300
131,416300
15,555500
3,235100
127,367300
131,398200
82,771800
2,209700
14,525500
131,408600
7,359300
18,632600
131,409700
236,1563300
48,1421800
3,323400
3,291400
131,422300
131,527400
214,1008800
132,442000
17,618200
74,517800
117,1610200
49,1449000
9,400500
41,1210700
132,451500
54,1933700
46,1355200
66,336300
132,439700
158,1115400
11,448100
44,1307000
9,387000
60,1832200
132,465300
133,626600
1,206400
5,312400
133,451200
8,451900
94,1481000
51,1578500
40,1774900
133,468700
28,964800
1,205200
2,217800
133,449200
7,337400
44,1451500
58,2076900
665,1845700
71,438600
3,246600
566,619600
24,790200
20,679100
10,428700
2,217600
133,755100
1,233000
607,1982700
29,960100
46,1608100
8,371400
49,1510800
9,404300
57,1676300
62,187600
16,569400
1,197300
11,625600
1,226700
134,553900
80,660800
1376,1083300
1,188600
3,237100
8,368400
28,905900
1,184200
4,272700
58,1667900
113,2167700
9,430000
6,321500
77,709100
784,2076600
6,330200
294,1469300
3,253400
66,332700
135,654300
7,423200
7,368700
135,520600
1,187700
332,867100
135,516800
46,1343500
6,407200
555,2018800
50,1801300
53,1584500
135,533100
136,551600
2,220900
136,534900
136,541400
4,271700
424,1849600
136,678800
136,595200
28,901300
4,269000
19,648100
136,541000
194,469700
361,1617600
57,1689200
20,817400
2,213500
3,269700
304,1970800
2,216500
137,560900
2,214600
153,997900
137,562100
1,182800
3,247200
128,325000
137,577700
8,374100
137,556300
62,185000
53,1639900
23,776500
1,187900
1,187300
138,579900
8,512000
12,678200
49,1431800
104,1293100
138,629100
1,197300
4,273900
7,345300
10,416400
108,1409100
126,278900
1,184300
14,535700
120,1695000
656,1720800
98,1131200
179,1727400
139,621900
139,615300
597,1458200
7,344300
139,633700
62,182700
461,1118300
2,219200
113,1796600
9,402200
139,663100
19,676000
78,611800
3,240700
2158,2478400
32,982000
9,401700
3,271900
139,691400
277,1016700
399,1379600
21,720600
65,276000
125,253000
15,587500
139,614100
1,190000
980,1888300
140,643500
5,297300
21,697800
121,1721400
33,1191200
43,1359300
577,903300
60,1803700
17,602500
60,1716100
3,276300
487,1769000
50,1786200
140,648000
51,1478800
25,806900
3,239800
5,294400
141,672400
1,180300
22,729700
141,667900
1,185000
141,661200
39,1175300
10,436700
3,242700
41,1589600
141,682500
5,299200
141,795700
141,686200
32,1019600
5,300400
48,1414600
4,283800
141,710600
581,998800
141,674700
1,189000
528,1433900
38,1152900
40,1233500
1,190000
1,187700
2,213800
5,291200
6,324800
13,511900
140,641300
159,1388000
12,477200
64,250500
142,727600
1,189500
3,245800
13,497900
902,1628500
1,190600
1,192300
1,191700
12,482900
48,1432700
7,350600
33,1041500
142,701700
47,1397700
142,689500
36,1102700
10,430400
142,729800
3,371900
142,825200
142,869900
367,1890900
19,673400
46,1357800
33,1017100
94,1022800
143,727900
69,373900
2,213400
7,353800
20,984000
143,717400
143,719700
143,776200
2,215900
15,557400
10,429600
144,750300
144,732000
1,186000
8,386200
95,1139100
145,799300
11,458700
4,263700
39,1449900
16,662600
145,785400
16,593100
145,791500
145,765500
8,383900
40,1206400
71,433600
67,325000
1,192600
3,245800
145,766300
54,1575200
145,945700
181,1930600
1,181800
7,342200
40,1358700
6,335400
27,866400
146,797900
1,191400
720,1454500
146,795400
1,184400
146,984800
625,645500
169,1390200
1,189500
3,254900
146,792600
531,1291600
92,970200
147,819900
24,791200
11,445600
64,245000
15,588400
4,274100
11,575200
871,717200
147,818800
1,186400
106,1354000
147,823200
40,1210200
4,267600
58,1657100
21,716700
96,1071600
13,509300
3,310300
147,904100
17,670200
15,559600
53,1559800
36,1109300
147,835100
1085,1893600
1,181500
41,1233200
147,823900
9,412500
1,194700
3,340800
4,288700
8,393600
17,607500
148,853700
148,878400
502,536100
73,567800
6,332100
149,921000
5,293200
47,1406800
149,913200
865,2338300
3,285800
44,1366500
48,1432500
64,246600
35,1076400
79,638400
6,326400
149,877700
44,1301400
149,881600
4,273600
240,1940400
542,1587900
1,190100
4,270800
15,563700
106,1330400
104,1339400
149,1282800
260,619400
150,1222700
150,1074800
62,193000
12,479100
57,1673000
150,905600
150,910700
13,502200
24,790700
10,424400
6,315700
50,1494700
20,692500
1,240500
46,1568700
6,349800
52,1598600
3,249000
151,929400
16,573100
9,412900
8,368300
47,1390500
69,536100
178,2306100
765,1099500
4,290100
151,934800
1497,1076700
12,476600
36,1083500
151,919600
151,921300
76,573000
151,1007000
237,1993000
119,1668400
1,192100
2,220000
47,1393100
55,2275300
1923,1022600
152,991700
1,194900
152,1226200
152,978600
152,961400
27,864400
4,268800
37,1271800
93,1079700
3,244000
10,427500
153,959500
4,272100
355,1555100
6,466800
39,1217700
407,1290000
68,359100
6,318900
418,1532900
3,238200
8,386100
362,1641700
2,218500
28,892500
69,433600
422,1984900
91,1327300
21,1016700
422,2199600
453,1129900
1678,1369500
208,1100100
3,245700
304,2022300
125,250100
12,476500
3,248600
12,476600
171,1541700
455,886500
150,899100
11,511600
437,457500
438,477400
104,1282100
23,877300
66,348000
216,1032700
55,1631300
16,603800
9,395100
125,252500
160,1141600
1,178800
114,1547000
47,1406300
11,446700
189,397300
1443,1399400
441,552100
65,275200
1,183800
114,1691100
442,567500
22,736200
1,180800
467,1208700
3,246700
37,1123400
446,711200
25,806100
6,387100
24,995100
3,245100
14,543700
512,806700
4,273200
2184,1516700
1,182700
447,685000
1,179200
2617,1665400
1,178100
1,187400
6,323000
15,545800
5,347500
448,980600
107,1559400
16,597900
12,476800
1,207000
18,632300
2063,1509800
26,856700
68,357600
457,962700
182,2222100
98,1397600
2,239600
458,1188700
177,1582800
2,212800
60,1836100
19,739100
280,1106200
27,877700
7,395500
60,1866900
421,1587700
151,924500
463,1151000
1,182900
630,780600
7,340700
23,920000
6,317300
34,1079900
3,249100
38,1313500
430,2056300
154,1007200
2,211400
69,379000
241,1724500
470,1292200
1,182700
389,804400
6,326200
78,613400
4,271600
86,920800
3,288600
60,1781500
8,380200
470,1284900
35,1080400
2,224900
8,373300
9,396200
313,457900
413,1462700
285,1282100
6,354500
10,469000
115,1643100
473,1400200
7,351000
197,536700
558,407600
4,266700
10,432500
287,1271500
255,469400
169,1380900
158,1285500
475,1611200
476,1792000
46,1342500
150,955700
5,291800
477,1474700
3,242800
289,1409100
2,250000
587,1440800
33,1034900
8,391500
5,293200
72,458300
926,2081000
1,190400
537,1425300
71,432900
222,1261700
608,2114600
20,682500
58,1675100
299,1587300
47,1382100
482,1936100
1,190900
32,1190500
63,242700
14,570300
1,194700
13,520800
276,1024400
249,298900
713,1265200
483,1834500
650,1200500
67,314200
67,342100
321,591400
11,456500
5,295000
82,1049200
1,186100
406,1211500
931,615600
5,295600
119,1684200
6,326200
43,1271800
98,1120300
14,524000
22,730900
1821,1964800
27,967300
62,183200
4,279200
77,575800
64,248700
24,783800
66,305700
1,206300
8,384500
486,1717600
2,218700
302,1669100
480,1853000
82,698100
488,1758100
172,1510900
13,561400
113,1642500
40,1197300
30,945300
13,489500
20,884800
2,266800
82,751700
6,330000
94,1034900
7,393300
490,1814900
434,349200
1,185600
1134,1120300
493,1893600
2,215900
3,242100
347,1397100
3,331500
235,1709500
6,327900
13,493500
495,1928200
4,301500
163,1231800
642,1011800
361,1649300
47,1616200
1,187700
34,1111100
13,500600
497,469000
6,331400
14,535300
27,862300
1614,946800
15,563400
1212,1870300
1,196300
1326,1482000
4,273700
6,329800
54,1569500
1,187300
507,664700
511,841100
40,1243800
513,843300
8,378500
4,268700
1020,1346400
20,677300
148,965300
723,1755900
520,1165500
24,795600
1,185400
765,1041400
6,324800
62,184900
16,581800
10,431700
52,1525300
1,195400
13,597800
157,1180000
1,205000
527,1227300
8,371300
1581,1736900
535,1399600
6,322100
133,508900
529,1231800
531,1388600
2157,2515500
12,472500
607,1714500
1,192100
533,1405400
2085,2039600
1,187100
286,1277100
2184,1658800
702,1040600
760,1034300
14,522400
1,184100
428,1937100
110,1504600
140,649600
74,528500
438,449700
123,1878500
153,1002100
19,741100
18,718300
3,246100
18,630700
544,1618500
2,219600
55,1614300
385,772300
91,971100
1,180600
235,1898000
6,324900
562,517800
629,681100
65,275700
19,663600
43,1286200
33,1021600
17,607200
92,983500
10,419800
38,1164400
158,1175900
5,379500
30,969300
2,212400
3,238100
47,1421100
6,326000
70,405700
559,502600
10,459800
1,188500
72,453000
6,325500
201,638000
567,745000
4,271700
7,339000
215,1081300
895,1514800
4,276500
21,780100
336,985700
2,213600
41,1231200
45,1339800
47,1401500
8,380400
51,1506100
2,305900
5,415800
13,602400
961,1383100
52,1563500
77,579000
568,680200
2,209000
140,640700
20,685900
3,253900
3,241800
569,695600
203,681600
30,994300
60,1971300
572,804600
5,289500
48,1724700
458,1063400
57,2025400
40,1344100
20,793300
4,277100
133,568000
577,920000
45,1387000
1,187400
25,832300
4,262200
18,637900
59,1702900
185,1815200
152,959900
142,888500
1,182100
3,234200
508,704000
169,1519200
15,588800
439,500500
149,878500
579,950400
48,1417100
21,701700
9,395800
1094,1924300
1,189800
485,1673200
18,738600
92,1033800
98,1132900
150,881000
3,260100
11,455500
581,1111400
18,642000
10,436100
1,202500
3,280300
7,425000
100,1235100
249,302200
1,189000
1136,1189300
11,467800
328,768200
18,642400
86,851500
582,1030200
3,254300
145,788400
147,832400
297,1946300
4,277200
212,917000
99,1266700
1,208300
588,1202900
1,190300
48,1505900
462,1141500
3,249900
8,370200
592,1351400
7,353900
17,650900
72,470300
428,1778800
280,1104700
4,271800
425,1723100
7,347000
13,511000
461,1143900
2,218700
538,2119200
4,270300
4,277700
399,1088500
11,448100
2,215600
5,348400
82,707700
387,721400
4,279000
4,265500
5,295800
183,1770800
1,186400
1,186400
2,214600
3,241500
61,2000300
201,635700
598,1453800
1,187500
599,1483800
70,452400
603,1603100
241,1663700
5,292500
43,1369100
51,1605200
131,408400
67,322900
28,939200
17,612900
1,183000
2,217900
1605,2341500
6,319300
30,951400
605,2062000
12,556900
9,445000
30,967400
118,1643400
37,1118900
4,263900
23,784500
1393,1549800
607,1673100
1,182000
3,354400
2010,1818000
9,407800
429,1850700
76,559000
1,187700
611,1780600
1,206600
246,1965600
616,2133500
85,829400
54,1551900
123,1772600
618,2104300
620,536200
14,524700
4,275100
14,519900
620,436900
27,1006800
620,431300
515,946200
8,428600
2,227600
95,1101600
4,265900
621,454400
375,407200
173,1560000
103,1268100
82,711500
72,449800
3,245000
488,2040400
28,899800
99,1154200
207,844400
39,1164600
30,964900
59,1765900
57,1736800
67,353200
243,1857500
4,271400
4,272900
28,913900
3,260000
142,709200
51,1492600
174,1501900
12,483400
27,861900
637,1148500
3,342900
850,1842100
5,348000
32,1079200
817,809100
165,1294500
269,844300
412,1369200
4,270400
84,764000
94,1220500
114,1539500
29,937300
578,1263500
30,963600
2,216500
88,870100
638,906800
17,651200
1,182600
196,537400
11,616100
291,1766700
254,456700
641,1002800
34,1050400
1,204700
105,1332500
19,662600
1,189200
174,1523500
54,1605800
38,1398100
367,1803800
13,567400
1,180700
1,180000
461,1064500
1,199900
105,1474900
5,296900
545,1778900
481,2293500
2,265300
9,513800
487,2456400
14,754800
7,371500
470,1300200
646,1110600
1,183400
7,346100
25,809200
16,691800
149,1140500
647,1313100
2,221200
151,958800
17,619800
648,1280600
4,345500
328,874100
3,253200
38,1165600
5,299500
330,942600
109,1622100
278,1066100
1898,1954400
9,397500
539,1531500
57,2023100
7,350500
207,804800
84,933700
3,307500
6,334500
476,1477400
1,175800
92,1018400
1,174400
45,1384700
3,238300
222,1212800
20,685800
651,1239600
354,1630900
1,192000
199,591700
1,179700
330,927900
64,235000
180,1660400
5,285100
653,1276900
261,608500
1,179200
203,694000
96,1113000
94,1074500
9,481600
42,1269100
239,1624800
82,775600
1,191000
13,505800
130,382500
6,332700
655,1401700
9,402000
253,435000
352,1585500
11,564500
286,1554700
2,214700
17,604300
305,1769400
1,201100
8,402500
88,968300
6,325600
657,2873500
1,222200
2,242300
55,1682800
347,1297600
445,653600
2,214000
67,429500
2,232000
48,1524800
926,2115200
217,1188100
3,288400
7,356400
277,1033600
662,1580300
1094,1671600
96,1164600
27,883400
664,1905300
77,613400
2,252700
187,353100
171,1638100
665,1600100
15,571000
47,1434500
90,938200
3,239900
154,1141700
3,292800
287,1514200
468,1257800
677,1957800
12,501000
224,1239100
92,1038100
940,855400
1928,1231000
342,1253400
315,439900
180,1670700
50,1466400
10,424000
10,428200
3,246900
1663,2271300
79,648100
12,477000
9,542100
1,201700
684,531800
8,372600
684,520900
756,812100
69,515500
576,989000
296,1508400
1,188200
45,1335100
47,1390900
686,582600
689,740300
10,562900
3,232700
429,1808200
3,245600
29,911400
10,443900
35,1216400
3,266100
19,662600
217,1103100
17,613200
120,28512200
160,1424900
2,221800
696,987500
646,1530400
49,1610200
45,1465900
8,423700
696,873100
70,401800
3,296000
18,676600
1,232200
3,262000
196,546500
4,280000
49,1491100
10,524900
242,1750900
109,1482300
3,252200
7,341900
17,609500
152,954800
706,1209300
260,605700
7,374000
707,1136400
170,1525400
23,833500
579,973800
405,1438700
695,870100
232,1636100
708,1184200
8,366600
642,1060900
1,186100
698,1182200
1077,1610300
818,1254500
8,412700
451,954400
16,656900
15,567600
4,269100
89,895800
15,579500
2,220700
5,295000
6,329900
715,1453200
3,372500
21,1062600
48,1554000
119,1834800
388,734000
31,975100
7,393400
10,431000
1,188300
1,215600
4,362600
456,1188900
1,190200
124,252700
12,535700
4,301100
92,985000
231,1721900
499,465100
2,224200
1742,1136400
16,592100
57,1649000
30,947600
4,330200
20,694900
107,1683300
5,293200
246,1797500
190,386000
78,674200
1,186400
61,1748500
4,288900
18,630400
3,239100
52,1494300
411,1493200
1335,1783500
719,1435800
58,1654100
249,304700
144,749700
37,1122100
3,241900
85,840600
397,1263000
150,922000
214,971900
113,1539300
45,1402400
82,714200
723,1564600
43,1354800
4,267400
100,1389500
13,544100
19,660200
145,776500
38,1133700
404,1183600
9,451300
723,1542500
8,370400
5,295100
60,1725700
1,180600
3,283800
61,2002300
74,511800
1,184200
136,576300
190,414700
291,1405000
11,455500
3,240100
4,271700
113,1554100
662,1539300
677,2212700
75,589800
27,867600
1063,841100
190,349000
7,354200
363,1752700
732,1772400
43,1316700
189,469100
733,1788600
436,420300
18,646100
14,528900
81,687500
5,294400
734,1816000
49,1537500
7,350800
138,594100
7,349600
22,893900
2,277000
4,310300
1953,1855300
4,283300
1459,1652200
18,640600
27,877900
735,1868600
19,693400
9,398200
586,1446600
301,1649200
88,875400
52,1801200
82,736000
1,185000
702,1005900
289,1378700
72,464800
12,477100
224,1493300
23,773900
1,187800
142,683700
16,588400
138,602800
189,327200
736,1924800
44,1310800
9,397100
643,1240000
4,268800
185,2243700
20,748300
52,1505100
737,1872800
5,286400
1908,2282700
259,590500
5,300800
211,1261600
26,852900
1077,1251100
4,275800
1753,1333300
24,1000100
54,1623900
33,1035100
476,1524500
1,220400
1367,997300
7,359200
56,1604900
57,1643600
745,516700
162,1192200
10,451900
40,1216600
551,1952000
754,977400
229,1412400
46,1364400
261,611000
113,1502600
196,508600
756,813000
370,1944400
73,539500
796,2084800
61,1739400
1961,1978600
474,1621000
4,276500
38,1146700
108,1606200
3,284500
96,1152400
758,841200
115,1609600
3,239100
46,1343500
1777,1987000
2,220600
150,937900
6,457900
41,1256300
1,213400
205,827500
765,1091700
1,189100
4,274800
28,935500
6,320900
82,726100
77,602000
16,571500
16,637300
4,271600
618,2184100
1,196100
767,1099500
1,189300
2,216100
4,270800
9,401200
8,374700
600,1483600
178,1693200
61,1917300
344,1177600
420,1909700
2,218900
4,269300
356,1475200
51,1493500
718,1450200
164,1243500
12,515000
2,215000
52,1533800
69,433400
17,642800
1,193200
42,1249000
72,477500
1961,2397000
777,1365000
1,206800
9,404100
14,538000
778,1414600
534,1508600
137,562800
8,380500
584,1069000
97,1118300
2,217700
62,177400
778,1401400
6,328000
10,423900
227,1369100
1,236300
782,1615400
35,1151100
23,775200
56,1617800
1,188300
1,209100
63,228400
150,893500
74,505700
1,205400
4,270000
783,1500000
366,1749500
2139,2193000
93,1006700
3,239200
23,744800
11,648400
1,192900
2,208100
125,248200
94,1024100
1298,2268000
5,291800
31,990900
196,687900
35,1861400
41,1245400
737,1867900
272,933300
2,215500
71,429800
18,624300
17,639800
1,179200
3,234200
85,799600
47,1738600
271,881600
14,523500
5,290600
6,318400
83,737700
156,1037400
80,662400
98,1113600
1,188700
18,633000
10,517800
789,1820100
45,1422900
5,314500
1039,1854700
1,182900
4,262800
6,324600
21,757800
1110,2124200
27,889600
10,424000
1,184100
9,467600
133,483900
1,191400
355,1436700
19,658100
18,619300
391,830200
16,619200
153,964800
1,194200
12,514400
3,248400
422,1653400
9,486000
4,274000
78,748400
43,1289900
429,1920100
6,320000
10,427800
13,596200
7,345600
63,213800
2,212800
12,473200
165,1280500
72,452600
210,883200
14,527300
10,568000
1329,1650200
447,719800
1365,823300
1,180500
9,407300
380,538200
1,185800
5,298800
65,276600
2,218900
1746,1166200
289,1422200
100,1643000
1022,1863800
1,228800
14,697300
688,820000
3,314000
270,1176500
1,215400
1,214800
2,260700
50,1507200
1,191900
495,1952400
788,1973000
1499,1238200
1230,2317700
583,1053000
1043,1916700
313,377100
268,829800
1,190600
64,252000
28,1180500
12,485100
359,1733000
201,641000
10,428700
1385,1287000
38,1155500
1,218300
3,247900
4,263500
48,1467700
1124,929300
15,611000
91,968100
459,1044200
1784,2167500
9,406500
176,1930000
101,1430100
1365,814300
44,1700000
562,511100
19,664400
1,193600
48,1502700
863,2089800
477,1499300
955,1212400
17,729800
21,862200
210,937000
3,247800
40,1253300
34,1266800
62,189900
4,277100
167,1317600
1,182800
78,616200
202,658700
36,1145400
36,1109600
22,996600
6,417800
9,426400
4,272800
142,675600
732,1754100
4,265800
211,888500
248,379800
506,651000
72,463000
936,758800
482,1594200
22,1089100
1,187400
324,661800
1662,2139900
60,1720900
3,246600
546,1800600
24,784900
31,1019600
2,211800
78,808400
10,489400
20,684300
1044,2005400
45,1342300
1,183900
28,1068000
140,646900
860,1923800
18,635500
1502,1507400
1476,2349600
6,318000
149,857200
68,408000
156,1031900
41,1259100
103,1247400
50,1645000
29,981100
991,2128300
18,632500
7,346800
1688,1273700
121,2078700
16,675600
4,282500
1485,2475100
1,180300
49,1519900
1,182000
245,1769000
114,1611800
8,383100
35,1093900
24,801400
15,550200
79,901700
434,398800
35,1074900
42,1378300
1,216400
2,233700
54,1546400
17,621500
1500,1226000
128,321500
58,1670300
2,209800
3,239600
89,1055200
532,1465300
92,970900
1,182600
138,589300
11,456600
662,1528000
3,242800
74,511400
64,242400
102,1229500
100,1391600
17,778300
43,1336600
597,1456600
49,1469800
2,215400
137,569300
397,1003200
34,1118500
70,409100
69,370000
12,479200
82,704800
2,291300
93,1094900
668,1676700
271,870100
3,248900
259,552900
8,388400
190,475500
7,364700
7,362400
1519,1726100
1,202100
38,1192100
178,1933200
67,337600
254,439100
42,1245800
43,1319500
45,1315900
1280,1736200
879,874700
4,267200
7,432100
340,1230900
1,188500
23,774200
1094,1708700
18,633100
3,239700
103,1241800
72,452500
132,726100
1419,2573000
1,212000
4,325400
165,1384200
167,1331200
52,1499900
89,886500
3,235500
13,508000
716,1459300
327,751800
60,2182100
4,262700
251,379000
20,686900
50,1439100
1597,2020000
1584,1777300
152,952300
61,1993600
7,381500
73,480100
3,237100
57,1741400
15,565100
1769,1760500
1552,895800
3,243500
404,1173100
27,858300
8,375100
22,865400
15,745200
1617,1108700
138,606800
215,976200
263,659700
22,745600
221,1161800
1622,1179500
1,189600
225,1337700
2,227600
2,258500
57,2180800
1,183700
9,445500
436,411600
422,1665900
1387,1358900
1,186400
1,193800
8,370500
194,453600
1,188700
4,263200
75,528500
1003,915000
17,595400
6,349000
50,1560800
48,1458000
3,240300
3,236900
59,1831600
7,344800
29,925200
59,1715100
1628,1341000
155,1247700
63,217900
484,1691300
80,668500
37,1144700
1,187300
2,209400
31,966200
417,1537900
652,1262700
123,1940800
1492,1014200
11,469400
7,354400
43,1264400
1,196400
2,220600
84,764100
4,261300
326,718400
609,1728200
4,281700
6,342500
102,1302900
1591,1940000
1,193400
7,342400
313,464200
94,1019800
41,1397800
149,872400
3,245600
150,986200
4,270200
28,950400
21,705300
62,193300
14,537800
12,545600
11,561800
1613,912800
1336,1667700
196,530600
1780,2115100
8,367300
10,463400
72,451700
1538,2216300
5,403200
248,415600
5,331500
29,928400
1,181700
1819,1447000
293,1444200
31,995600
52,1489800
274,943600
189,323800
555,2039000
308,1879300
7,385300
21,722700
39,1399700
97,1224400
11,648700
1,198300
38,1191000
3,241100
8,375000
3,235400
13,543300
54,1668800
114,1876700
434,367900
183,1757600
2,225100
312,359900
1,187700
6,315000
75,522300
128,329300
687,587200
7,352800
8,369200
635,972100
171,1653900
1431,1051600
767,1097800
3,238100
22,715500
8,359700
13,501100
638,1060900
252,470500
130,466900
221,1447000
109,1942000
1,223200
184,2312700
1,207300
2,238500
249,420700
1,235500
248,336800
40,1526100
797,2425300
290,1666300
2,282600
4,387800
707,1425100
151,1167400
10,516100
46,1424900
1,215600
5,347400
132,445700
11,478700
3,248100
9,398500
510,770200
2092,2684300
12,486300
5,295600
12,612000
5,368100
52,1545900
180,1710800
1324,1342600
1034,2067300
3,250200
6,323700
548,1810900
2126,1540000
2,221400
478,1550300
195,494100
100,1341200
1668,2921600
2,230700
3,250000
366,1751900
10,429200
188,308800
31,965500
4,297300
211,903400
315,472900
1408,2078500
2229,2779200
1127,998200
1420,2283300
8,385800
961,1462500
1149,1688400
224,1299700
10,425300
1,178800
94,1028300
1,177700
2,220500
178,1630900
9,405700
87,834200
18,657500
1,190200
96,1113700
14,551800
12,480600
1599,2590700
593,1333500
94,1009300
17,625600
1293,2068700
1,182100
1007,1006200
3,269300
137,574300
3,240000
2476,2931900
3,261300
2146,2090900
97,1235700
135,528700
16,598400
4,266200
1440,1168300
17,622300
4,304700
2426,1612600
107,1376600
120,1793900
149,881800
4,274600
70,402200
779,1487100
30,936600
75,627900
3,240700
6,448800
10,569700
332,905100
678,2006300
15,595900
884,957800
1,188600
2,219800
54,1574400
1,181400
64,250300
6,319400
15,562600
12,509700
13,501500
75,693200
1,217700
2,246900
15,561300
2,217400
20,691900
2225,2618900
11,467900
47,1386800
1494,1015200
629,673000
9,440500
243,2047700
123,1809700
13,544300
1257,1203600
377,466700
527,1196800
3,242100
787,1625500
36,1099800
121,1930700
18,637800
18,626600
1155,1667300
3,297800
61,1801700
1556,1018400
533,1362700
41,1232200
8,431900
117,1807000
58,1667500
1,182400
3,237000
16,587300
315,447400
10,427800
3,234200
460,1039200
2,217500
33,1012400
16,576000
7,362000
51,1618200
876,846100
1,197400
5,298900
40,1236900
16,587100
14,524300
2,209500
10,438900
495,1959700
136,528700
3,247300
4,272000
669,1944600
3,250400
2531,2591400
3,241000
9,399100
217,1146200
2,227700
14,640300
10,418100
1,190000
54,1555300
1338,1856900
3,280300
1855,2464500
77,596300
1,186000
18,659000
387,733600
4,272900
32,1025400
2,211600
8,382300
2,230100
3,247000
171,1463200
2,216000
43,1654700
722,1936800
27,1233200
1,224400
173,2045600
47,1898300
118,2460500
361,1901000
1231,2122700
3,267200
103,1280200
25,1054900
13,945500
781,2090900
2,263100
2,202400
3,238800
5,278900
1315,1039200
27,867200
2,199200
3,224000
7,340000
2121,1408800
8,357000
14,512300
186,238100
17,613000
3,230100
189,322500
1,171900
23,749300
184,2074900
695,876400
26,833800
56,1654900
37,1110700
1,188000
1,182400
1204,1424300
30,932000
1,187400
44,1550800
7,481100
87,882900
4,280500
46,1353500
1,194700
34,1049300
22,882100
35,1069700
8,408300
455,1009300
48,1446200
34,1292000
6,363600
146,788600
1784,2212900
441,557000
284,1202500
68,349100
1824,1631300
31,999400
51,1774200
72,465300
5,289600
1326,1433400
572,947400
13,502100
2,227400
1494,971500
1346,1905200
796,1836300
33,1421900
23,780100
2421,1262100
3,254800
28,881000
10,430200
4,279400
9,404100
1,191100
56,1611900
341,1205400
185,2122600
5,290400
1455,1540900
6,322900
46,1389300
12,477600
6,330600
166,1310100
10,424000
3,239800
49,1420900
51,1795400
68,358400
1,186400
48,1453500
11,443600
2328,2249900
3,243900
11,460500
1,179800
11,441400
1804,1088300
41,1219900
1,183800
2,280200
2,272200
74,561100
2,217000
3,237100
52,1508900
436,409400
1,201800
66,315000
3,242400
30,958800
4,266000
593,1333500
4,262300
105,1295300
244,1859400
1,232100
378,682200
16,746200
1,186100
4,282700
265,716800
9,399800
2,221200
443,591600
22,727700
1,184700
11,440000
13,499500
343,1160500
319,534300
61,1717300
471,1468500
4,272100
8,366500
302,1694200
2,210300
204,759800
3,255100
17,608700
88,868700
22,815200
5,303700
961,1371800
3,245700
62,190900
130,380200
291,1545400
1459,1702000
3,244100
62,190400
45,1340800
44,1288800
2,219400
61,1803800
22,786500
34,1091800
33,1233900
2,222900
20,855200
8,528500
1830,1796200
1,185100
490,1816300
1451,1429200
383,627900
4,272500
48,1636500
84,757700
31,992200
18,628400
10,422300
974,1762400
454,888000
15,569900
191,427700
13,503300
85,799400
462,1133100
4,296100
369,2008900
8,375800
1,191400
2,216400
1733,2478800
1,182000
3,246100
7,348700
22,806500
1287,1959400
8,373800
43,1440800
4,265600
253,396000
172,1531300
4,291900
653,1400500
75,545000
139,605800
100,1207300
1902,2189200
69,571200
2198,1910600
1,191800
76,622100
7,356900
190,352300
1,184600
6,319400
32,1016700
3,236600
8,377800
186,246700
11,457000
17,606400
170,1404800
38,1703300
1122,838000
248,270000
26,848900
100,1182400
1,192200
283,1192800
1,182700
7,351400
11,440200
46,1368300
54,1575500
771,1646800
402,1278000
1034,2062800
977,1940700
15,551300
34,1068300
9,404900
1,185100
656,1677700
5,312900
2370,1683100
51,1801400
8,403900
1350,1981400
22,741800
8,367300
1181,746900
10,434100
1,195000
2,218800
275,1261200
2334,2486400
1,188500
604,1604700
286,1284500
11,452200
2438,1820200
27,857800
1,251900
466,1336600
3,251200
11,451700
1480,2205400
5,304800
69,397300
1,183700
127,297000
709,1159700
364,1917700
6,325600
86,831700
1187,1212000
7,346600
12,491900
1331,1468000
220,1159900
10,476900
88,889000
1,190100
5,313400
485,1673500
2010,1917000
2,223000
9,470400
45,1486700
1,200700
12,485000
79,640200
166,1342900
3,246300
7,341100
655,1369300
46,1335300
77,591500
252,384700
177,1760000
24,780800
4,262100
1007,1022700
969,1611900
830,1153200
31,1044400
9,422900
3,270300
168,1385700
13,497200
1486,2541100
215,1005700
97,1099400
54,1599400
20,695800
1,185100
3,247800
30,938900
79,750400
1819,1689900
7,342300
1224,2020700
2020,2061300
3,261500
9,399100
1,189100
446,701300
148,873400
188,309300
85,796000
8,372100
3,269900
640,1156400
5,302400
143,721100
1,188200
3,249200
26,851500
103,1262700
48,1433500
22,736300
1488,804900
2132,2075400
3964,3659700
1039,1852600
151,979000
13,519400
2,233500
1623,1146200
1,184900
16,714300
737,2126500
811,657400
29,921600
57,1738600
6,335500
21,716800
1022,1397500
466,1175900
22,747300
1,191100
8,361000
384,975200
366,1796200
28,996400
46,1372800
18,632500
5,302600
16,590200
1,181100
62,180900
42,1242600
398,1100000
1,196000
288,1725300
8,373900
4,273900
242,1708500
986,2011100
8,421600
52,1565800
3,245200
22,734400
48,1524300
134,549800
9,476600
198,564700
21,699400
28,944100
228,1314400
1894,2041400
681,2129900
15,597400
31,1107400
314,437900
76,556000
164,1309800
1,196300
4,269500
792,1768500
1,182500
307,1816200
14,531400
12,476100
141,658600
175,1850600
30,1114200
460,1033200
4,280200
312,353700
13,497500
9,392600
1,189600
1082,1384800
87,845500
94,1076800
1,185100
204,734900
1224,2373000
2,227600
19,667200
673,1872200
1302,745500
820,912100
99,1355900
30,954700
1,188600
2,216400
1150,1831900
112,1645200
3,249800
126,277100
16,592400
5,291200
1413,2078600
198,571100
2,208600
3,291600
44,1323400
133,456600
63,240800
2,227600
98,1331000
41,1269100
252,388800
58,1909000
9,411000
627,707900
2891,2443800
41,1229200
1738,1213000
507,691900
3,262200
7,349400
375,416500
364,1848600
18,653600
1907,2229800
2373,1700200
1,233800
3,250700
73,565000
8,391500
15,659400
3,249200
3,260900
44,1372000
799,1937800
13,512800
48,1438200
7,345500
156,1050900
337,993900
1,186000
35,1310200
18,635000
4,293800
2226,3020100
1240,829800
808,580300
755,783900
29,928300
554,2040400
33,1102100
3,242000
7,356900
1264,1314600
3,235000
58,1674100
31,974600
207,788200
8,376800
625,611100
2035,2847600
11,464100
6,327200
867,2119400
1,186200
1566,1279300
10,446800
40,1248000
33,1024800
88,872400
66,302900
21,869600
343,1222600
5,302300
184,1763800
1648,2325700
12,816100
49,1823300
10,440300
57,1934400
3,240400
6,324700
18,641000
12,472800
4,271800
44,1370100
6,324400
17,603300
470,1345600
5,291300
794,1787900
374,382400
190,356100
2052,1527300
10,492700
1,191400
49,1460300
1390,1447300
1,203500
3,252600
89,925600
349,1304800
6,326000
63,242400
83,742700
237,1642500
50,1700900
484,2369400
2075,30413000
506,656100
1,211800
2,227600
1770,2015100
60,1860900
69,523100
1780,2134500
1,207000
9,404100
934,703100
399,1039600
2,208600
267,763000
35,1077400
1023,1397700
13,499300
250,332000
1,193000
4,387300
4,308500
10,498300
1431,951800
1307,969100
1,191300
9,450500
155,1045100
202,669000
12,471000
105,1322300
20,695100
200,675300
69,488500
612,1892100
1,189500
246,1995600
63,284300
1172,2353000
3,341200
2230,2854900
3,247100
13,667700
3,309800
1949,1718600
2,226600
9,400300
110,1433700
1,183400
2,218700
358,1560400
183,1745200
2,248800
1850,2718200
19,664600
1,189400
5,294000
485,1716800
96,1169900
23,757100
18,637000
4,265800
988,2074000
4,278800
21,825300
1,263500
105,1573700
2,215200
1428,871100
154,1045700
2,228300
14,539200
405,1208700
76,561600
3,245500
544,1607500
1400,2082500
1078,1404500
11,468000
7,386300
55,1629600
432,1894500
9,401800
1840,2105400
19,674600
42,1482000
10,418800
5,291400
71,430900
1,195100
314,400100
110,1485300
38,1188300
1,196000
27,903700
548,1762500
1844,2355900
18,633500
391,865400
1844,2222700
32,1005800
91,982800
396,987100
1,180900
2,211100
12,486200
59,1830800
629,721700
598,1669000
11,476300
289,1365700
153,1036200
11,447200
63,219000
10,413100
161,1165400
87,908600
199,586700
1233,2522300
348,1312000
86,836900
125,243800
142,713000
89,999100
117,2232900
186,332800
1,247700
2,258100
13,556900
28,1151200
17,611300
1154,1668500
2,222100
2640,2275700
300,1652100
56,1614800
1763,2100300
28,976100
1,200700
50,1508900
1791,2374000
174,1526500
45,1325100
10,540400
1,244100
8,464000
1,194100
2,210900
43,1286800
2141,1936200
8,373700
1,180600
10,502400
3,246800
11,444800
58,1873500
1015,1203600
12,620300
10,522400
10,430200
15,560800
52,1574900
934,683200
1512,1452900
28,923500
9,418100
2017,2025500
989,2419500
325,931800
26,1248200
1528,3338500
30,1587900
1557,1337500
3,274500
353,1606700
8,373200
1729,2496500
873,690200
1,195700
87,854200
210,958400
1,184800
3,246100
505,626300
14,561300
4,283300
49,1624900
4,274300
33,1282200
218,1235600
18,660000
61,1812800
198,593800
1,188500
79,688100
36,1221500
1229,2506800
11,466900
15,592900
3,250700
619,2065500
139,642600
216,1040700
4,279700
12,462700
368,2295800
17,623200
6,333900
16,682200
3,245200
11,451100
650,1221200
1301,2315000
6,324100
414,1536400
125,312400
26,1137300
662,1666000
11,452000
143,713200
58,1726400
2144,2219100
9,407700
61,1765800
11,480000
1945,1755300
3,250500
15,560200
11,497700
58,1804100
119,1756800
138,610000
495,2004500
1,199900
10,439400
1,172700
83,893900
11,603500
1,182000
272,944400
22,752600
48,1408300
253,521000
1,180800
187,319100
10,426900
1158,1724900
2,226300
6,325100
451,791700
305,2098400
1,196900
6,334600
8,369400
36,1126800
1,193400
28,898300
9,418000
5,295300
9,407600
39,1230300
1,194100
11,462400
3,245000
1090,1670400
1,199000
94,1389100
262,675400
3,249600
6,322600
10,440200
1,183600
560,470600
230,1709600
31,1082500
1,191900
25,857700
62,201900
261,627100
3,245200
1692,1640900
6,496800
698,919700
139,654900
339,1143000
482,1584900
10,445400
63,225800
47,1380300
142,699300
48,1447000
22,837300
2334,2324600
162,1272000
2,220900
37,1177000
86,898800
427,1855900
114,1976000
294,1685500
1262,1436600
32,1008100
3,240100
12,558200
1,194100
3,231800
1207,1440600
48,1614800
1538,2309700
213,967000
1,193100
1225,2018100
119,1722300
22,761800
4,271500
77,589200
104,1470900
135,524500
1,191000
486,1720100
338,1077900
9,423000
50,1495900
163,1256100
1,205300
477,1523700
1,187100
5,387800
261,837600
771,1195900
39,1186900
9,409500
3,248800
6,341000
118,1903000
1,239800
6,431100
180,1737200
1,220100
15,567400
20,990600
707,1206000
247,1852000
14,546700
809,654500
1333,1578000
47,1524500
188,313900
3,249200
12,494200
1035,1872400
456,998100
968,1563300
2158,2415200
1,185200
11,474900
302,1843900
511,829000
1,181000
27,974500
46,1448600
6,314700
2122,1496300
4,273100
962,1401600
37,1121300
123,1778000
2,225800
212,915400
54,1793600
1281,2104600
1,200600
164,1316500
158,1150600
956,1276800
155,1013500
147,828800
15,594400
1013,1216100
2,214800
126,277800
1169,2099200
27,871100
407,1229100
73,483700
1331,1481200
307,2061500
21,804600
1,193800
8,388600
2,204000
5,294200
15,574300
515,992100
18,656100
152,996200
24,822600
3,246900
3,246600
1290,2097100
127,313000
470,1765400
7,359500
46,1378200
65,295100
886,1140800
2,221900
2,221600
963,1484100
721,1559400
2,224700
3,239800
1150,1620700
1,203500
1437,1509100
113,1518600
394,908000
12,493000
10,433500
48,1779000
263,696000
1039,1853000
5,636700
67,451100
603,1759600
6,407800
266,858100
196,533800
489,1846100
474,1487800
98,1156800
13,507400
1,213100
4,340200
5,345600
69,419500
6,358000
43,1326900
99,1182200
253,518200
4,297600
77,654300
28,984200
1,207300
22,811700
68,356200
73,498500
114,1680300
1,259400
7,467300
1132,1162800
1,192100
39,1223500
14,546000
551,2122800
4,273400
1669,2470400
2105,3324900
723,1612400
1,191000
12,492300
218,1117600
191,407700
30,1025600
250,359700
100,1254200
1,182100
582,1184900
876,860000
1119,752900
207,887600
1,188600
12,487400
1,183900
327,774800
9,430300
1,187600
8,380200
1106,2137000
1103,2019200
10,640600
1507,1431500
12,505700
1102,1956000
5,298100
297,1681500
39,1232900
5,307300
234,1562300
3,244700
29,1121400
51,1603300
661,1572700
107,1408900
10,448300
239,1667300
8,399400
1100,1985100
467,1378600
1,194500
248,361800
6,346800
254,438200
1,181000
41,1261700
128,338200
312,383100
1,183700
2,209400
1054,661900
48,1575700
3,253900
129,376500
8,378900
1,191600
49,1600600
3,268300
59,1865600
156,1077200
74,532200
4,268700
44,1345700
1,188100
33,1063800
4,313300
28,1092400
14,559100
8,382800
890,1304300
12,531300
83,803100
7,494400
39,1323900
245,1868600
1,192500
55,1667200
146,819600
42,1359500
15,631300
3,251600
35,1104000
6,338400
366,1829200
16,602600
2510,2091100
1100,1987100
51,1698200
3,257100
61,1824400
13,854600
336,1024800
4,259000
636,921200
523,1195200
277,1364100
8,408500
6,324800
8,373100
1,228200
2,262200
69,412400
1042,2039800
33,1047400
110,2031700
37,1196800
1,193400
260,596400
208,849300
66,311700
34,1312000
647,1315900
11,466100
46,1392000
39,1233500
85,810600
5,323100
639,970700
1565,1278200
214,1163300
21,1102100
1175,2305300
84,965200
913,1777100
14,543300
1629,1433500
84,787400
266,801400
25,888600
1,192200
1,205600
11,536500
141,680700
12,496700
1243,823400
1,189600
57,2353500
1,244200
22,996900
4,347600
47,1943300
4,348300
30,1274100
157,1446200
56,2065400
12,506400
48,1499800
1057,746600
1,205800
103,1301400
1045,2454200
4,282300
253,413900
7,350600
11,481900
171,1527400
188,314600
1,188000
15,592800
307,1909300
444,632700
1018,1369100
4,287500
8,392400
55,1786600
1,186400
2,216900
71,441800
878,899300
184,1930000
86,873300
688,652500
10,431500
391,877100
8,390600
31,1097800
109,1515400
62,181200
996,771400
3,249300
384,689900
343,1249000
8,395300
19,661900
802,2049600
25,837500
9,559000
577,1207800
991,2290800
88,894100
265,733200
1,200300
2,220800
181,1761400
1503,1252800
1,196700
37,1316300
13,530100
123,1812500
990,2212600
5,305100
67,342000
1,189700
987,2247100
567,657900
2,216500
47,1526900
1465,1882200
381,580400
25,845200
5,306000
47,1465300
19,662700
105,1358200
15,563700
5,302700
79,641700
2,223600
7,397700
68,381700
199,615800
3,251000
55,1662100
91,1072800
14,558200
1075,1197700
3,235200
5,293100
378,507300
978,1901700
67,328800
3,265000
90,1153200
384,670600
22,790800
3,243400
271,903300
56,1719500
197,626400
2,236700
14,543200
274,1102600
814,753600
56,2033000
12,500800
67,370900
70,428200
845,1561600
1331,1615600
5,323300
1202,1368700
398,1046800
5,342900
230,1423800
9,460100
215,1289900
169,1502400
1,190400
407,1262800
1,190600
19,780800
52,1830900
3,254700
22,771200
1,192900
928,2381000
1,216300
15,656500
56,1803300
2,238600
48,1593300
287,1355800
3,340700
1114,2579100
5,396800
7,534200
353,1754000
33,1071500
18,664500
86,898000
45,1371100
1459,1682000
2,217800
3,245800
10,443600
863,2377100
1226,2039500
2,243400
6,354800
156,1137100
4,281300
396,990500
46,1656700
1759,1701600
138,754100
70,623400
93,1371900
23,1103800
2,273500
584,1265700
1,223500
6,393800
290,1601400
43,1383700
60,2230500
19,918400
554,2121200
34,1221600
2,227500
3,238000
41,1278000
1,189900
3,285300
25,884000
71,439400
3,247600
9,507800
1,173900
7,386400
363,1798700
79,668500
841,1597600
1684,1249100
9,409300
15,661000
14,736000
913,1870900
2,233200
10,611600
19,679800
52,1569200
108,1417800
87,885200
97,1182000
240,1764700
2,214900
3,248500
16,596900
46,1613000
157,1107100
75,545500
16,675200
910,1713600
41,1265700
11,502600
153,1010300
1,183900
39,1238500
30,1060800
12,545800
66,355100
14,540200
107,1412500
36,1372900
29,942800
83,761900
875,749600
246,2159800
503,927600
4,333200
13,559700
91,980000
231,1497200
41,1309500
151,987300
1,183300
64,246400
2,226600
5,327900
11,471000
153,999700
301,1957200
897,1411000
256,501500
611,1923100
4,287200
12,495100
59,1734000
28,978800
2,215400
4,277700
9,409400
65,277500
243,2077200
93,1040200
2478,3102700
7,456500
10,474700
196,539400
34,1077100
1,209800
41,1344400
12,712900
1,266700
5,332600
113,1600700
876,788300
3,256900
10,450900
44,1424700
545,1715200
91,1013300
832,1403400
25,978300
4,275200
10,451600
77,607900
41,1287200
46,1416900
3,275600
7,490600
85,845600
37,1170800
83,810500
1351,2187100
9,404400
41,1265300
151,941300
228,1412100
1,181000
15,582300
94,1057400
48,1574000
862,2468400
74,543900
86,981700
852,1770400
153,1001900
44,1351000
176,1634100
1,181400
33,1120300
1,198600
10,476300
81,884000
843,1575700
10,434400
54,1635000
605,1753600
246,1947400
197,546000
23,864200
1,212300
164,1331400
755,798600
30,968700
10,439700
21,728700
122,1816900
1,184900
1,189000
589,1249800
43,1327200
841,1674400
106,1412400
22,762800
26,992400
995,693100
285,1298300
9,409800
50,1846000
3,257000
839,2156900
3,256300
824,1005900
32,1004300
823,953400
255,461200
11,470500
128,366900
57,1672300
2,208600
12,488800
2,217600
4,267700
418,1873500
18,663500
4,271400
230,1490900
163,1267700
172,1501000
1,181900
1484,2422300
1025,1847800
60,1840900
655,1377300
29,950000
41,1326100
16,648400
69,387400
86,843100
325,820400
4,276000
198,615200
9,472400
1528,2079500
26,851300
5,310400
149,875500
1,180500
16,623600
6,325600
806,524700
409,1350200
46,1402900
286,1461200
1,190400
195,507800
19,753800
391,895700
1110,2536000
46,1380500
626,668700
131,415900
406,1265700
3,326700
12,580500
204,762400
19,666700
138,599500
545,1689600
4,281400
13,525400
58,1728900
164,1410600
1,189800
167,1634300
1036,1811000
90,946700
355,1494500
166,1387300
1,197600
126,272300
1,180100
5,312000
88,911200
405,1234700
377,480100
9,474100
35,1207400
47,1421100
16,600800
422,2028300
9,399300
73,492700
437,562600
4,425800
6,524900
269,859300
204,747300
1,229600
12,710900
9,428300
83,759900
231,1450900
9,401100
124,225600
238,1631300
405,1221800
89,938700
312,363900
403,1279600
123,2146600
2,219800
40,1228400
9,399000
80,685100
44,2001000
287,1896000
50,2191400
85,1182500
1,195900
13,506100
21,873900
11,485800
1,193900
274,1056300
3,249300
217,1133400
2,238400
3,244400
10,548700
3,309800
400,1365900
1,189200
38,1419300
840,1563400
88,879900
8,377400
399,1058900
3,247800
247,1871000
398,1027400
1,188300
292,1479100
397,1315300
369,1873000
14,530900
84,763500
3,241000
279,1086000
395,1242700
4,293200
658,1469900
1,246200
3,321700
68,493600
23,1168600
12,500200
4,266300
173,1981100
5,393700
10,447100
1,177800
87,862400
6,347600
10,443100
168,1394400
16,597100
298,1777000
42,1424500
279,1317600
1,230300
96,1403100
139,664000
394,927800
15,614000
393,928900
328,828000
41,1336500
101,1342700
392,1875100
80,1134000
1347,2944200
19,725000
111,1546100
12,545700
7,402700
390,841300
3,243400
48,1457400
389,802200
1,184000
388,764600
14,539800
247,2015700
388,829200
87,866500
172,2389500
115,1631100
4,279000
28,932100
386,711200
281,1160600
385,715000
187,281800
11,459100
11,519600
176,1866400
1,186900
95,1324200
101,1554200
6,378600
11,454900
14,544200
43,1327200
4,292900
12,479300
383,620300
51,1541800
1216,1895700
402,1138300
15,584800
92,1007200
251,372400
433,1993100
31,1085100
32,1141000
302,2013200
51,1540500
202,700700
1432,1078100
16,610300
803,2087500
380,552200
8,382700
147,829500
58,1829100
8,395200
15,600900
378,507200
190,413500
28,967900
6,403100
137,615400
1,181100
3,256900
377,486800
3,244100
223,1308300
8,380500
7,406000
377,490700
1,183400
177,1773800
14,554300
1,189000
377,468400
26,857600
271,890300
237,1622100
1,193500
57,1674900
1,190600
15,558300
59,1827900
3,293600
991,2407500
2,226700
375,420600
11,460300
8,374900
374,382700
270,873200
1,195200
373,362900
7,354200
55,1637100
31,1062000
2,226900
2,287700
8,486400
217,1190000
206,794700
33,1101400
215,1086300
118,1811900
370,2160600
3,248000
1139,1578600
28,914300
1616,1018000
2,234900
252,541200
32,1652900
369,2089600
1,190600
1,186800
166,1392300
391,933300
8,414700
16,634300
369,2181300
1,203300
7,394700
369,1883900
7,393700
131,414800
8,390000
41,1274800
31,978700
48,1737000
14,539400
4,281500
531,1327500
405,1230400
10,435400
368,2286700
12,785100
4,332300
61,2064100
11,455300
147,846500
1,191800
31,1023800
3,250500
25,832200
368,1879400
368,1898500
117,1965900
40,1273200
367,1939300
7,371200
39,1460000
13,510200
2,223100
11,461600
1040,1979200
159,1465200
23,864700
367,1873600
1,193900
468,1317000
56,1627000
46,1444200
108,1763100
246,2216400
6,436100
37,1302800
102,1261200
163,1276100
3,272400
366,1873900
12,486200
62,191000
5,294200
352,1856500
17,643600
159,1178200
365,1867000
188,314700
14,544500
2,223200
50,1501400
49,1484500
364,2107600
1,187900
4,274900
26,884400
57,1738100
267,779900
15,590000
160,1185600
101,1280800
26,878500
3,258100
70,702600
10,755100
1,248100
3,253400
4,270300
176,1673500
17,629600
173,1537100
362,1718800
6,326900
74,542000
362,1936700
361,1673900
4,280600
780,1503400
7,359400
202,728600
50,1675300
353,1469300
5,362900
15,644900
36,1408100
26,1019200
12,566300
136,555900
17,679000
98,1158300
355,1779500
1,192500
83,855800
5,366700
123,2231300
23,812500
355,1700800
6,433300
45,1828700
354,1968700
3,273600
57,1728600
10,625000
132,534700
1711,2042700
120,1846900
74,626200
366,1818700
8,395200
6,411200
7,467900
44,1417900
353,1800000
230,1469700
17,628900
271,906200
350,1402800
1,195900
11,495300
930,577900
30,968700
40,1325100
3,364200
230,1619900
8,448600
321,837800
12,631500
67,417500
4,331000
190,388600
299,1882700
786,1711500
1,199300
33,1547200
94,1054700
340,1134400
5,301500
57,1744500
95,1072300
3,245200
34,1083600
262,677300
88,967500
4,280500
525,1548200
337,1027900
746,562500
37,1161900
1620,1268300
26,850700
3,246400
7,364200
23,781400
1,185300
68,370100
3,245000
336,1038600
169,1646700
335,982300
681,2106500
333,991000
108,1620900
3,253200
333,955600
19,687500
331,870600
330,1174000
3,292000
97,1148200
1,219600
299,1687700
1298,2280000
161,1235200
181,1812200
180,2004200
3,248900
6,325900
158,1136900
90,1197200
330,871000
75,538500
2,215000
68,357200
83,788500
15,568900
218,1198100
386,832400
16,609700
1,198900
330,878500
120,1737600
329,814900
106,1370800
29,1128300
23,783500
244,2002500
3,361400
664,1700100
222,1263600
1,183800
329,842300
329,827800
32,1012300
64,254200
38,1208400
8,374800
8,455100
29,1091000
329,852300
226,1644400
444,660700
6,337900
68,364100
1,189600
1,182900
1,183000
8,383400
250,335000
46,1401300
4,274000
95,1084100
44,1373000
776,1679300
141,688600
241,1704400
1,186500
328,784300
555,1963900
328,28322500
4,297000
117,1678000
327,785100
32,1064800
25,1046500
44,1460100
1120,788600
1120,778900
4,286900
592,1325600
170,1539700
1,186600
21,765500
191,425200
327,880200
11,469200
326,772900
325,907900
80,677100
23,896200
1180,737800
30,978400
5,331300
496,438700
171,1512100
26,869800
325,717300
77,619000
1883,2033500
2,224300
12,490400
1,193100
1447,1355400
11,463500
1,178800
324,683600
1,192500
4,312100
22,757200
16,598300
20,698600
11,460400
322,647600
2049,1447700
54,1704400
7,356400
130,395100
318,529000
46,1396700
93,1053800
6,329300
57,1718500
3,242100
5798,3916000
17,623700
2,222700
194,458800
1,190800
3,244300
28,914000
107,1398000
3,323500
58,1902000
95,1080600
658,1775500
315,426400
7,355000
314,420800
9,424200
314,418200
1,186000
1,185500
134,491400
325,720400
716,1399300
1,188400
2,227200
10,438600
522,1070000
3,248900
72,465300
26,853300
2,252200
313,449000
1,211500
52,1730000
141,736500
9,406800
7,349600
313,380500
313,394100
237,1647600
127,308500
4,283500
97,1120300
13,516500
311,326000
11,456600
1,190800
104,1513800
1,191600
26,921600
444,634300
6,328200
980,1908400
8,378100
39,1222400
311,436200
136,547700
810,646400
45,1433800
1198,1506800
5,306200
208,848300
28,903200
63,217400
61,1765100
311,333300
8,369300
1,194400
49,1468900
77,595900
8,375200
5,298800
309,1966600
1,189200
30,1106300
271,905600
3,248800
309,1930700
7,349000
308,1896000
162,1235100
4,277700
308,2178400
6,332300
17,614200
68,356500
77,580600
8,378800
307,1837700
3,241800
433,2057200
7,366700
23,772200
52,2203300
1,192300
260,611400
9,409000
1,185200
4,295800
307,1871900
1,185600
3,249200
325,731500
363,1780200
15,581500
201,656300
240,1974800
1,193900
321,596200
62,190400
5,308400
62,192400
23,1025900
124,298200
31,1501500
302,2648200
228,1946500
30,1368500
1,224900
91,1274300
548,2218200
3,291800
34,1356300
16,710700
302,2599600
301,2778900
47,1635400
195,524500
338,1300800
46,1996800
103,2004400
334,1031500
26,874600
6,332400
14,543100
3,262100
8,390100
300,2348900
85,886000
300,1719600
94,1220500
8,495000
54,1650400
4,281900
4,349500
27,907000
36,1163000
492,1963600
255,477000
61,2271400
72,482800
10,444800
1,197200
299,1664200
50,1502300
26,870100
13,560400
2,209400
256,541400
95,1116000
187,285500
297,1931500
297,1645500
2,221900
7,354600
865,2118600
3,250400
161,1317700
4,314200
27,887700
1,223000
464,1292400
295,1572500
212,943900
5,299600
5,361700
640,1002200
295,1534400
294,1515300
30,1081800
9,442100
19,879000
3,247600
326,735500
9,446900
4,282500
293,1678900
293,1492800
25,843600
24,809500
8,372800
292,1600900
291,1420300
150,913000
254,454400
1,188500
2,217300
12,492900
3,244900
4,270500
9,410300
3,284500
78,633000
1,183900
46,1431400
1,192800
622,554400
406,1336400
115,2020100
268,802600
20,703600
1,189100
289,1361900
9,408300
288,1326300
1,183300
287,1340800
160,1256800
1,194800
36,1132700
48,1448200
9,409800
92,1066100
186,263300
16,605100
2,213100
98,1552100
77,611100
284,1268900
11,464700
2,236200
6,383300
9,422300
91,968400
12,494900
193,439500
9,401500
1,190800
3,249400
283,1233300
11,459600
8,421000
283,1220600
3,243300
61,1833400
4,273400
6,324800
282,1405700
27,921200
19,902800
13,536200
151,949900
4,267000
281,1170800
5,395900
138,603200
446,685700
1,178800
8,383300
212,968800
270,989200
1,218500
5,306400
1123,851700
49,1476800
32,1040000
1169,2073600
106,1460900
107,2284800
13,565900
5,288400
10,415000
7,353800
11,452300
4,272000
1126,955900
29,965400
444,805000
13,590900
279,1549000
278,1206600
8,530000
12,676100
278,1567900
12,719000
278,1464700
7,523100
217,1638700
2,223700
277,1074500
350,1873200
44,1933200
3,257100
277,1288300
5,361100
276,1184100
3,246900
6,403400
94,1108400
27,1240800
237,1753400
275,1102400
295,1733400
8,378000
102,1285200
7,357100
25,827000
268,793400
3,237300
7,338100
13,511700
11,452700
275,970400
163,1326000
272,1017200
27,859900
4,275900
8,371200
78,636400
11,446700
395,907100
271,877800
109,2174700
15,681600
2,234500
115,1996700
64,248900
81,904100
1746,1330400
1,181600
271,925400
14,543000
4,290800
75,563100
35,1193400
10,457800
62,191900
81,803700
6,365800
83,879200
2,217900
4,316600
9,410000
270,890600
78,943400
131,603800
161,1302700
5,297100
270,955500
6,320000
11,482500
1,229800
125,258100
11,475700
269,829400
269,903600
58,1905700
13,493000
88,1048600
4,418600
161,1414000
269,863000
1,185800
1,228600
269,903100
381,698300
49,1715000
69,396600
9,590700
1,185700
9,436500
162,1263800
268,816900
2,221200
268,881100
172,1592100
6,322000
72,452100
2,213200
14,566300
273,987600
254,609300
37,1359800
143,1085100
9,438700
3,247500
268,948700
8,482500
507,822300
54,1884300
34,1100500
52,1929300
23,876000
2,227000
18,644800
1,188200
1224,1945400
22,779200
267,805600
31,1020100
13,522000
47,1405900
266,1069900
11,504600
159,1265800
4,308500
11,447700
773,1246100
35,1131900
45,1355000
10,436900
266,761100
719,1504700
68,379100
27,1064600
2,222300
3,252900
8,379700
266,750700
89,988600
7,340700
37,1147100
264,782000
263,962100
84,1044600
72,604700
212,1266200
4,343700
948,1364900
28,1208300
9,523700
263,914700
22,1006300
1,240400
8,540500
351,1923400
22,1023400
85,1200000
10,564900
13,567100
7,392600
1447,1356500
163,1303500
8,400600
262,703400
4,294200
23,792100
27,926000
20,730200
79,668700
1,177600
4,272400
29,1145900
3,319700
258,548800
2,214800
258,527700
1,182600
558,391400
11,444400
128,327300
3,236000
4,259500
6,345700
1263,1326800
252,450500
221,1184500
7,348800
461,1074300
31,1407700
1821,1842300
1,227400
3,248500
46,1471000
101,1279600
14,524500
257,526000
42,1625800
6,368500
45,1702000
775,1850800
255,721700
1,207500
68,420500
52,2047900
13,803800
671,2658700
4,300400
453,1123400
251,529800
59,2253400
13,538400
1,213500
17,1021600
608,1874900
214,1081900
2088,2744800
9,469000
94,1069800
56,1710200
170,1464300
181,1742100
637,916600
35,1274800
14,574800
86,854500
11,554900
467,1379400
511,1085400
251,375700
47,1441200
1,211300
8,373300
51,1546100
7,352200
14,705600
4,324700
6,318400
85,796100
250,348200
23,766900
171,1436600
250,351300
249,313300
1,198400
2,216300
209,863100
5,294800
64,257900
156,1049300
288,1376000
30,1056600
2,215500
9,441300
82,715100
1521,1847000
8,376700
78,608900
189,329500
6,316100
156,1051500
249,307100
99,1137400
9,406000
7,344100
73,528600
85,912500
10,550000
2328,2014700
502,590800
201,683600
1,192300
92,1098900
128,350000
11,475000
350,1324000
4,260600
248,268500
12,483000
1,197400
248,277800
21,725400
1,225000
14,628800
247,2200400
2,216900
3,236100
44,1299000
241,1708300
69,375700
7,344100
60,1758600
18,631000
984,2267900
26,847600
165,1277500
4,274100
52,1499500
941,854200
13,569500
3,242800
102,1347000
52,1951600
13,507100
1,187500
246,1796800
2,219300
7,352000
981,1955900
246,1917900
27,895300
4,259500
124,218100
246,2091700
4,292700
97,1120200
70,408500
1,187200
245,1778000
4,271400
9,389600
92,972800
13,498600
1,183600
6,317500
11,456500
1,184500
89,879600
147,1175900
543,1930700
306,1841100
245,1762600
112,1463600
9,397700
6,328000
79,697900
244,2780200
23,776900
1,187100
2,220200
91,948300
1,186200
37,1106200
30,944000
243,2092400
11,464100
1,193600
4,299700
94,1280400
9,399200
1,184500
1,196000
242,1678800
242,1676100
60,1724000
5,297400
241,2321400
1,265200
8,527200
434,450500
237,1789100
2,218400
49,1420000
657,1455100
52,1493800
2,212800
238,1618300
43,1539600
22,731500
12,484900
1,192000
21,701500
10,488300
3,250100
197,547600
7,350600
10,424300
54,1599500
1,192400
57,1850500
20,698900
9,445100
218,1145100
37,1130500
3,246400
238,1575000
109,1393200
1,188600
992,595000
237,1550400
1,197700
1521,1690200
91,1537800
573,897500
134,649900
43,1412300
15,544400
63,217400
236,1521800
18,609700
2,223000
16,607000
54,1562800
10,622500
16,622300
1,184800
16,586700
62,187700
7,351100
206,760300
70,410000
3,252500
395,931200
170,1439500
67,321800
244,1800500
234,1504200
3,250700
10,531900
46,1396900
742,1988100
1,183400
690,705000
87,851800
168,1357800
9,397200
14,577800
10,419200
1,190700
233,1593400
12,549300
11,462900
1,184800
175,1527400
232,1439800
2,222200
2,214200
232,1549200
47,1391700
13,501700
1,191700
206,768900
30,1253700
4,274800
1720,2071200
232,1438800
614,1867200
4,276700
405,1195400
186,251000
89,1011500
7,427400
231,1646900
10,490400
3,252700
70,473900
94,1167800
231,1393500
71,437000
391,817600
6,321700
193,428500
1,195900
1,186600
41,1274700
231,1603300
1,197100
62,195800
98,1130100
165,1342400
229,1341400
51,1473200
244,1935700
30,1267900
18,634900
229,1355100
145,753700
1,191300
4,274900
25,810700
229,1343300
7,341900
8,377000
185,1801800
20,685000
1093,1797300
28,885000
1,181100
821,980500
65,277400
29,1137800
82,779300
2402,2447400
15,553100
228,1329600
42,1415700
133,459600
1,210800
1014,1168100
20,677500
228,1334400
41,1212300
43,1274700
228,1321700
10,424900
189,335600
1,193300
131,615100
539,1528600
227,1316400
22,722900
1,181900
2,217700
929,2158800
20,685700
517,920900
227,1390000
7,422700
9,400000
112,1511100
227,1361000
154,992500
1,186400
1,237300
71,579400
13,521700
7,345100
1071,1134400
12,464500
107,1359700
1,178500
134,470200
11,543100
1,186100
226,1343500
41,1249000
20,680900
196,508400
3,234500
12,472400
225,1231600
26,832200
225,1243900
16,586200
224,1641700
728,2451100
1,250500
21,1043600
8,398200
8,376700
145,759100
223,1266300
51,1486500
68,348200
222,1352300
25,820200
18,634100
94,1044900
310,299600
222,1231600
60,1985700
666,1627400
20,782000
2737,1608200
11,459100
56,1647200
2,217500
222,1204900
22,744500
1,190300
1,182700
16,587700
40,1208700
210,895900
504,663600
1,260500
8,530000
222,1211400
221,1397200
221,1148000
40,1193500
13,499100
1075,1218600
153,992000
3,230800
4,323200
10,435100
220,1233900
2,220900
3,248400
82,714100
219,1113900
218,1089000
1,193200
181,1695000
11,452800
217,1044100
1,186000
54,1740100
64,267300
71,638200
822,923700
214,970700
14,573800
10,453500
1,187300
3,251400
10,415900
2,219900
164,1264900
2,221600
17,595600
51,1473900
382,587600
31,970100
303,1877100
1,194400
3,240500
5,296100
116,1645000
212,1062900
5,304300
179,1623800
7,352300
15,572900
153,968200
3,253500
615,2018400
10,425500
1110,2050300
177,1685900
11,454400
211,927000
2,224400
3,253300
11,445900
11,447900
211,1028000
1,188300
19,971100
128,336700
182,1710600
8,407300
210,888500
75,533500
210,973800
8,378400
451,793000
1,185600
17,611100
210,870100
37,1149100
7,407400
178,1863800
210,944100
34,1039100
32,1287100
44,1363200
44,1334500
4,280500
15,545400
6,355800
204,847200
1,184900
14,525800
209,855200
208,809800
1,182200
13,495600
52,1498600
21,727400
233,1451200
6,325600
208,839700
18,630500
1,182900
5,364900
132,478900
101,1384100
20,694600
854,1805200
16,577600
1,187400
19,653000
1086,1446200
4,269100
9,399300
6,323800
829,1111200
1,183400
206,993000
11,455900
206,762800
3,245500
6,312400
14,531700
4,264600
82,699500
14,533400
1,178400
1,185400
13,526700
204,721000
5,337300
317,484600
65,293200
1472,2080700
9,396600
204,762100
18,624100
8,360500
1263,1375200
40,1217600
24,781800
16,568900
2,208900
204,739600
5,292600
99,1152400
32,1076600
203,1068300
26,831000
70,401900
1,187600
54,1788000
202,673800
55,1600300
2,221000
3,272700
4,290100
37,1120600
201,755700
1,187300
33,1282100
136,593500
1,190400
201,644800
1,188400
201,649000
2,220300
38,1139200
201,641200
147,806800
44,1302900
21,696000
1,180700
4,273300
103,1376800
939,1110500
5,293000
200,607200
2,215000
140,748600
28,901300
200,645200
106,1341500
119,1655700
78,624200
5,293400
5,298200
583,1069200
35,1496200
19,649000
199,606300
657,1401100
66,313600
11,453300
73,612800
12,619300
337,1158100
199,585800
1,194800
1,187400
131,398800
19,686000
54,1757600
46,1388900
1,184100
379,518900
18,617700
197,528300
28,919300
26,851400
80,666900
11,458200
10,419100
10,436900
7,351900
7,357800
37,1187700
169,1751300
2120,1456600
1,192900
22,732300
1,189900
65,266500
197,543700
9,447900
51,1527900
4,274300
12,478800
71,422800
354,1649500
12,563100
60,1701000
105,1318100
1,188900
197,628000
24,779800
11,450200
2,223900
490,1930500
11,448000
71,440400
53,1952200
196,514900
1,184200
131,410600
196,508300
3,255500
124,224700
524,1089400
263,659700
19,697500
4,270400
400,1244400
51,1492600
195,524800
160,1419400
117,1679000
194,488100
33,1019300
6,320300
194,525200
2,220000
4,273500
54,1550700
6,323400
1068,1066200
25,817600
35,1165900
193,423700
276,1012800
821,954300
175,1561600
192,411900
66,310900
191,383200
191,461100
4,273900
191,383900
325,738400
190,415100
13,684200
9,449100
437,584500
46,1451400
163,1252600
1,178300
11,455000
9,394100
190,344900
10,417200
82,696100
25,812300
25,798200
1,183900
482,1670000
5,298500
88,989800
33,1044200
25,826000
97,1090000
190,354800
100,1321500
1,181600
4,267700
181,1694300
5,295800
5,298100
48,1391800
108,1578800
124,271200
190,353900
19,678000
128,320000
72,459000
103,1274200
107,1379700
67,394900
29,958600
10,431900
189,335600
12,466100
10,423100
2,246500
293,1858700
7,354500
12,481200
189,327500
7,349600
129,347700
188,294900
767,1088600
185,1796900
4,302500
874,688300
420,1553900
2,211900
8,369500
101,1504500
8,460300
187,282500
9,421500
187,276500
4,267100
34,1043000
7,383000
187,276500
3,242500
19,769900
66,384400
186,278900
82,853300
2,209400
9,396000
178,1619000
7,349200
9,424000
51,1612800
521,1029100
1782,2184300
31,984500
6,329100
10,423400
1,183300
36,1143600
7,350700
15,544900
254,523400
1274,1968800
11,452900
1,188100
932,621400
7,343200
7,426100
8,375500
13,502100
185,1817000
61,1741000
33,1007400
1,227500
2,253400
88,928400
3,238800
185,1790400
184,1756100
1,188400
2,216900
19,667600
190,358800
20,789300
184,1829600
18,647900
1,229300
48,1481400
18,663500
1854,2428000
13,531800
2,212600
178,1616600
6,319500
183,1738000
361,1943000
17,596500
15,561700
4,263500
13,602200
183,1804300
1,186800
183,1746700
9,402400
182,1720100
3,244500
972,1892100
138,614700
155,1028000
8,364700
6,315900
182,1707800
17,609000
2,219200
43,1287900
121,1842700
51,1804000
53,1592900
200,612400
123,2151300
46,1354600
53,1533000
301,1804000
157,1100900
120,1708900
13,504800
3,267300
54,1751400
43,1275200
68,352100
179,1725400
1,181300
2,217400
145,1116800
11,464400
3,249000
43,1284400
8,377200
917,1798400
1,191800
178,1596200
637,872400
484,1643400
177,1818000
14,521900
2,229500
89,877600
153,960200
2427,1470900
177,1568800
176,1600700
229,1370000
176,1727900
1,186700
5,296400
40,1198400
99,1137700
176,1567200
1,210500
966,1823700
10,426900
227,1695400
175,2023600
1,173300
175,1506900
2,201600
21,686300
3,235900
174,1502900
47,1386800
17,598400
17,881300
568,684900
40,1229300
35,1147900
21,715900
77,590900
20,682900
1,215800
722,1493200
1,182100
155,1028400
34,1032100
1,222000
30,1166400
1,193500
1,182800
2,212600
4,271800
171,1433400
171,1532000
1,197300
65,288700
31,972400
170,1422100
34,1182800
170,1763300
1,227600
949,1441300
1,224600
170,1956900
2,264900
6,415500
11,599300
2,261100
21,993000
6,514500
13,696200
10,633700
155,1162000
1,217400
45,1473400
169,1422400
1,194200
2,258400
30,1197200
546,1704800
2,219200
163,1221400
3,240500
48,1567700
2,236600
71,471200
21,706500
233,1459900
38,1164300
860,1895400
11,449800
168,1391200
19,704600
40,1277200
824,1274900
168,1383400
31,1169200
11,449300
167,1338000
19,653600
3,246800
167,1344900
1,190400
5,296300
166,1416700
9,528700
1,191500
158,1107600
40,1229200
18,650800
12,484100
166,1288700
101,1322200
24,1044600
166,1283000
2,206200
128,378300
11,459600
166,1363200
770,1165200
27,881500
378,499200
451,794400
16,568200
401,1148000
90,917800
164,1264200
7,341800
441,684200
59,2023900
1,186900
65,280300
99,1159200
2,211100
164,1240000
4,266700
6,325900
164,1253000
2,209900
10,436900
86,805900
5,286900
674,2296100
1,228700
164,1296800
3,294900
42,1281100
6,335300
162,1237700
10,502800
1,204800
6,343500
162,1709600
642,1515300
161,1328900
9,466300
13,508700
849,1679700
161,1246900
62,183800
1,187500
905,1523500
203,808600
26,1184600
20,793100
604,1659300
159,1238400
159,1151300
259,583200
54,1570300
1,196000
11,453300
7,344500
46,1390400
34,1300400
1,194200
4,320400
159,1227800
1,197000
144,732400
15,627900
10,465400
5,306200
10,433800
27,855400
1359,2256200
58,1891900
155,1032000
1,193600
112,1507200
8,402800
155,1294100
2,210800
154,990500
4,270900
154,1021500
16,595200
16,580300
63,223900
65,323800
1,209100
4,279200
27,876800
1,192300
154,1029700
94,1033700
39,1182100
76,651600
39,1214300
1,184300
3,242100
250,333600
39,1163200
1,188300
6,338800
186,259100
120,1866800
39,1176900
39,1230500
23,792700
39,1181600
39,1203600
4,284600
51,1485600
22,746500
39,1313400
39,1350400
306,1783500
33,1035700
2,211800
19,660600
14,536600
1,184900
39,1242800
16,697000
39,1197500
14,620500
39,1172300
28,983800
305,1808000
39,1231100
1,228500
27,879400
39,1302500
6,324300
153,1001200
39,1319800
2,262800
39,1254900
10,429800
39,1205500
4,280300
20,683300
1,179900
4,263000
14,532000
78,618700
159,1153100
39,1186800
39,1305400
1,193300
77,752300
39,1181500
10,426200
10,428800
1,213400
6,24204700
10,494000
8,446300
39,1294400
13,629900
4,281700
22,731900
39,1171000
6,326000
39,1165600
60,1820500
85,889700
39,1166100
1,202200
39,1304500
2,266700
39,1170300
20,732500
20,681600
9,414200
39,1228600
299,1901400
39,1188700
39,1168300
11,451900
2,223000
39,1421600
2,220300
13,572800
14,579500
39,1197800
8,373200
39,1198000
39,1173800
39,1217400
10,428200
2,221000
36,1095600
3,286100
38,1271800
40,1206200
38,1149100
17,637600
1,193400
1,189100
38,1153000
2,221800
2,218000
3,246000
38,1141000
3,287900
502,627400
57,1956300
38,1166600
38,1205900
10,425300
38,1143200
8,377400
38,1164800
8,369800
31,965800
38,1209900
38,1233900
116,1673800
292,1425200
38,1360200
23,761400
38,1156500
38,1206700
38,1164000
1,183800
12,475800
7,415400
38,1411400
2,228500
38,1165800
5,305600
38,1164200
1,188900
38,1145500
153,1011700
38,1152400
12,473900
3,236700
3,239500
38,1319800
570,877600
10,416800
2,269900
38,1258200
14,539800
11,451500
7,402000
3500,2475300
38,1181300
49,1461100
15,655900
34,1061400
6,341400
656,1375400
38,1209400
38,1159000
11,566000
38,1300800
1,217200
294,1459200
38,1381500
2,223700
6,322000
20,694100
11,450100
1,182500
38,1199800
1,193400
1,178000
26,846600
15,562900
38,1143800
9,392800
1,182100
38,1165900
5,335000
38,1402100
19,716400
1,184500
38,1263200
38,1196000
38,1144200
4,275600
9,408200
3,255800
38,1169500
3,236500
6,321100
26,826700
38,1154400
363,2063800
22,740000
3,248300
16,576900
39,1167800
38,1179500
38,1144200
21,708500
38,1328800
31,1032100
582,1138500
38,1159500
15,547700
37,1146700
7,349000
37,1117600
1,196600
37,1120700
7,351800
11,458800
10,445300
2,205700
2,209700
37,1117000
4,371000
11,626000
37,1198400
46,1375100
548,1890600
37,1158700
35,1080200
37,1187200
37,1175200
37,1248100
37,1135500
37,1126600
1,190200
26,846500
172,1470100
37,1129400
43,1307100
37,1113700
37,1537500
26,847500
37,1106600
28,942900
37,1109300
26,845500
8,433600
8,387800
33,1036900
330,823500
37,1200400
24,964000
3,244000
102,1276200
11,457000
22,741300
8,370600
37,1115300
5,296700
37,1330000
20,677000
2,227600
37,1140900
2,213600
7,354000
37,1351000
1,186100
37,1127000
4,264500
400,1054700
21,758900
3,242400
3,245000
91,1120300
76,563000
37,1176800
4,269800
37,1225700
37,1240800
1,192000
37,1235500
75,537600
37,1111600
37,1179700
7,357800
38,1216800
25,825600
14,531700
37,1123900
180,1992800
37,1162700
1,186400
3,237400
324,671700
37,1154900
1,183800
175,1530700
33,1062500
37,1382000
37,1617300
13,525200
37,1859400
54,1921500
37,1293100
28,1010900
13,561300
12,490300
37,1232000
37,1160200
11,464200
2,210000
8,379600
37,1105400
3,243900
36,1466800
3,244600
4,262100
36,1113700
7,344500
13,502400
14,534400
1,179700
9,407400
36,1159400
9,416300
3,246300
9,399700
36,1095300
7,349300
30,964200
20,693900
14,527600
14,524600
9,406000
1,193800
9,409100
36,1103300
495,1943000
36,1695300
6,329200
50,1460800
771,1204200
36,1107200
108,1446200
36,1343400
4,274000
13,501800
1,192000
36,1288300
36,1130100
1,191400
36,1106200
451,799800
18,639400
36,1158500
36,1358300
84,773000
36,1106300
1,193400
6,322500
36,1426100
7,350500
36,1105500
43,1308500
36,1097200
9,423500
7,352400
41,1230700
36,1096900
5,305600
36,1123200
2,213800
36,1297500
2,213200
3,233400
8,375400
36,1412300
27,871200
36,1132400
36,1109400
3,280800
5,309300
36,1144600
1,190200
67,326800
36,1091500
36,1262400
115,1663200
124,215400
36,1113200
36,1127500
1,186900
36,1098800
36,1190900
2,232900
36,1140900
36,1247600
34,1077300
2,216900
30,1016500
6,327000
36,1094900
5,301000
36,1084300
35,1071100
35,1090800
35,1098800
3,280900
39,1573300
14,524600
15,558100
35,1075700
31,1085400
12,482000
2,211900
35,1105100
3,244200
11,448900
35,1092500
33,1254100
35,1539600
1,226700
1,185400
35,1066100
35,1095200
1618,1074500
35,1067900
7,352200
35,1099100
11,455400
2,224300
1446,1304500
35,1679700
2,280500
4,283100
20,710700
19,665600
10,428700
3,272200
10,486300
1,188700
8,400000
35,1129200
35,1081200
3,246800
35,1091900
35,1195500
16,749500
422,1704900
35,1100300
13,506700
2,216700
35,1182000
1,191300
5,328600
18,640800
35,1106300
142,681300
51,1578600
35,1132200
35,1087600
1,197500
473,1372600
35,1066800
1,201000
915,1831600
9,396900
31,991400
74,505700
28,926700
6,376400
35,1129300
1532,1980200
35,1099300
10,499100
36,1091000
9,400700
611,1799800
35,1072000
23,1009900
35,1097600
1,186700
35,1060700
1,194200
21,708500
4,279800
8,438900
35,1089800
1,202800
590,1433800
35,1089000
3,237900
148,897200
19,788400
14,543100
311,343500
35,1115100
35,1090100
34,1040500
1,183900
26,844200
11,455000
35,1113600
35,1091600
1,179500
140,641100
35,1320900
11,448900
10,445400
35,1287400
8,378000
35,1082800
76,577600
24,820900
2,218600
35,1116800
4,281600
257,522300
26,833000
288,1349600
35,1288300
35,1137100
11,451900
35,1082000
3,249600
21,710700
35,1063300
35,1123600
35,1133300
18,655400
23,764800
13,502900
1,246500
2,268000
35,1138700
35,1080600
19,673700
14,527500
388,810100
12,566100
5,294400
309,1898500
35,1058800
12,481000
35,1273700
1,244400
12,526500
7,354700
35,1145900
5,308900
35,1091000
1,179700
35,1079400
35,1092400
100,1453200
35,1086200
35,1312400
34,1071000
34,1057500
3,255700
17,602800
1,191700
4,269400
34,1052200
4,271400
27,905600
34,1053400
34,1054500
4,359600
34,1529300
5,381900
34,1410400
1,229900
118,2320800
34,1369200
368,1845700
34,1052700
6,329300
34,1224200
13,514700
34,1050900
5,301800
6,325600
34,1099200
50,1665600
29,905300
14,546200
13,572700
1836,2378100
34,1111700
139,615700
13,503800
2,214200
34,1081700
48,1421000
34,1039800
2,219500
34,1099400
24,782800
17,642700
254,438200
34,1368400
34,1186000
687,663000
34,1057100
16,581700
1,202700
34,1073200
5,300100
34,1098500
34,1064500
34,1060400
4,288800
140,719700
34,1108300
220,1355600
34,1077600
4,267600
7,353500
34,1061700
2,218100
14,526700
34,1166300
34,1053600
34,1101500
11,612800
5,305100
116,1598700
34,1070800
1,192600
317,490800
34,1055000
59,1722700
34,1045300
15,559600
2,220400
5,329700
34,1198700
34,1106000
34,1046600
25,927300
34,1072200
34,1060800
2,210200
6,329500
34,1051500
21,712100
10,421200
489,2140200
34,1072900
3,245400
34,1056600
34,1076700
42,1265100
11,490600
1,177700
34,1066400
8,380100
20,728200
34,1244800
2,232800
95,1095000
34,1091400
15,557400
331,871800
189,327800
1029,1585700
34,1076100
122,1772000
744,552400
34,1183600
9,415900
34,1060400
2,216200
34,1030100
139,615100
9,470600
34,1202800
34,1049500
100,1205300
14,602000
18,644900
33,1102200
2,221000
5,300900
26,848500
24,786000
5,310800
5,287700
8,380000
33,1048600
4,263000
33,1045900
96,1070300
33,1042900
5,291500
18,758000
87,956700
33,1089500
4,259100
2009,1727200
29,916800
63,211200
8,366600
33,1027600
19,654600
33,1012400
800,2178800
33,1058600
1,189200
1,183600
1,182700
2,211700
12,487500
269,832300
73,552500
15,555800
33,1227600
31,1222700
33,1101400
1,192900
381,572800
9,466200
33,1192500
29,925600
33,1022000
180,1696500
33,1078900
21,699300
1,217900
4,311200
4,266100
33,1010900
5,298200
119,1948600
33,1030300
16,586000
33,1398900
33,1016700
3,251300
33,1008300
28,890000
3,256100
33,1023300
33,1160500
10,547100
9,399600
14,544000
33,1012500
4,273000
53,1542200
33,1020000
33,1039600
7,343600
33,1078900
1,189000
33,1009500
105,1525500
25,801700
4,275900
45,1333100
33,1085600
22,748200
33,1048200
33,1026500
33,1097600
2,225900
33,1340700
33,1023800
33,1020900
15,606000
33,1045800
9,397700
33,1066400
6,359500
283,1206300
14,526400
33,1079500
1,184600
33,1156800
24,841300
33,1093800
17,613200
3,242100
33,1013600
944,945900
33,1011800
582,1052600
33,1005700
33,1028700
47,1680300
13,500200
33,1203500
10,434100
33,1060300
144,957100
33,1208900
11,525100
33,1080800
20,709000
2,220700
33,1333700
21,831300
33,1038800
146,838200
33,1044200
32,987500
32,1016900
3,239200
125,250100
14,532300
228,1706300
17,643700
1,282800
1,201200
32,1132600
1,179600
2,236400
4,277000
974,1712800
32,1001900
5,300700
32,1012700
15,569000
89,913900
149,889800
10,421500
17,637600
32,1063200
9,404900
32,1005600
32,1160500
3,304400
8,432800
32,1006200
2,215700
18,643400
32,1029000
32,1010400
21,706700
1,192100
32,1317800
32,1092300
1,183800
30,944100
4,275300
14,529100
32,1012500
93,1045100
32,1002500
32,1087400
4,281500
67,332700
32,1102500
155,1230600
32,1098900
11,552600
8,379700
32,1017700
37,1159500
32,1002500
32,1047500
83,756300
750,658000
20,714000
32,1291300
2,248200
32,1125800
5,321900
22,739400
38,1159500
32,1111600
3,246700
381,633200
32,1042000
4,265600
32,1025800
119,1792200
32,1020400
2,221600
31,975100
201,662100
108,1422400
32,1039200
10,442200
4,270100
32,1236000
24,827300
32,1184000
6,342200
15,580200
32,1098400
6,339200
36,1120100
12,525100
32,1025300
248,276600
11,461000
1,183600
9,415700
12,474400
32,1029300
32,1094600
32,1173400
8,380200
32,1012600
32,1001500
7,357900
72,463200
32,1021400
1,192500
101,1251500
32,1086300
1,192700
1219,1943100
32,1112700
4,270200
6,330600
32,995900
91,972100
14,535100
32,1013800
32,998400
4,273700
6,330800
32,1018900
32,1061600
214,1250500
28,957200
14,531100
32,1107800
32,1011900
3,238500
32,1313500
26,854700
32,1085200
1,182100
32,1027000
356,1865300
32,996100
120,1699600
32,988300
24,800400
32,990000
1,178400
32,1001300
29,1058300
32,1095800
198,657800
32,1106200
2,262600
32,1005500
32,1005300
35,1083400
14,632000
31,964000
39,1306900
11,458600
12,475000
10,440000
4,267000
203,885200
31,1020900
31,968100
23,798700
3,245200
60,2079300
31,970800
31,992200
31,968100
1,225800
150,934800
11,471900
5,422100
19,679400
31,977500
12,483100
44,1344700
31,979800
229,1361700
31,971200
31,981400
31,988800
31,1386900
12,533400
31,981900
6,325800
6,329200
31,978500
31,981200
31,998400
31,1195700
31,955500
12,475700
31,1226000
4,311300
12,476100
10,440400
3,246100
5,299600
31,1000500
31,1010300
108,1402500
109,1550200
31,975900
25,892200
8,411900
31,1125100
44,1327100
14,523700
31,1045500
132,465700
371,1915200
18,769500
249,326400
31,1009800
15,550900
31,1320600
1,186600
7,346300
535,1426700
31,1131600
1,189500
7,354400
94,1017200
31,980300
10,451000
31,1001900
16,594400
31,960600
31,1175300
31,963400
6,324600
31,1022800
17,650000
31,981800
2,218000
3,241000
182,1740100
31,968200
21,747300
2,281700
31,1252400
2,265100
1353,2857000
12,634800
181,2430200
29,1298300
8,537800
31,1423900
8,469500
31,1024000
6,310900
10,427600
30,954800
30,949700
43,1667300
30,1009700
7,359500
30,978500
3,253200
6,324900
30,979600
1,234400
30,1084500
8,375000
30,967700
1,192000
1,184100
4,281400
8,369200
30,985500
8,383500
30,967100
19,666200
3,252700
9,404900
1,193300
30,969700
7,346500
30,1023400
1,200800
73,525700
30,1017900
1,203200
4,279000
20,700300
14,622600
30,975800
35,1070800
30,945800
30,933600
30,968000
32,1033500
172,1749200
30,943100
1,197000
10,443300
10,430200
9,399900
30,998000
30,1077300
30,1059100
4,313400
11,453300
3,236400
4,260400
6,328000
30,944900
1,225200
2,282100
19,1031600
30,1254800
30,1203500
1,213300
169,1412000
30,952800
26,866100
15,570500
5,300600
53,1580900
30,1285200
8,429500
30,947000
9,438500
4,277500
5,290100
19,673500
12,506100
30,944600
30,989700
2,216500
63,223800
30,982900
3,280700
17,677900
30,1036000
1,188000
8,383300
30,938600
1,192900
2,215300
4,269300
30,962700
11,453700
30,963100
2,209100
30,957600
30,985100
14,565200
30,983700
9,470800
3,318600
30,1233000
18,643100
72,463600
30,953100
92,972700
30,980900
5,298300
6,327400
30,984500
3,256900
7,347400
7,351500
7,345100
30,961700
23,1078200
6,391000
10,443000
1,188400
7,351900
30,941200
30,1022000
30,996500
47,1428000
30,1151400
1,192500
17,608100
6,346400
56,1984900
30,986400
50,1454800
11,475900
30,958000
30,949700
230,1385700
8,376900
30,968500
1,185200
3,271300
30,1177500
2,222900
4,274700
11,460000
1,191300
1,187400
67,326900
30,960100
30,959600
49,1502300
30,953500
2,213900
12,475200
4,274900
29,1015200
17,610400
29,1066600
29,1128300
3,256900
29,928100
8,380300
24,794000
29,1014400
29,936300
2,224100
17,609800
29,923200
29,950000
24,800000
4,267900
29,1064700
29,934500
2,211100
29,915400
29,929700
14,533200
336,1010500
10,428900
19,656100
199,589200
14,532300
29,943000
2,215600
7,353100
53,1999000
20,696000
29,926000
2,218600
8,366000
1,197500
690,742800
94,1075900
29,928200
27,872700
1,186900
109,1426800
29,917400
29,1141000
29,933800
8,365100
560,462800
29,957800
1,191900
10,422600
29,927100
49,1641900
13,506500
1,177900
29,920900
4,263800
29,1311800
1,221200
29,1131400
6,468600
26,1039100
1,220700
11,597300
1,226800
168,2087800
29,1232200
1,227500
3,295100
15,680900
29,1167600
4,345100
95,1409800
29,1409900
2,241900
2,213900
306,2267300
29,1257900
29,1100700
29,1048700
3,287900
29,974000
3,299500
170,1639400
12,497300
7,364900
29,955600
42,1322200
28,955600
1,226000
24,840400
27,1046200
39,1344300
23,784900
4,279600
6,473200
348,1320200
21,768500
28,923800
28,898400
28,894500
184,2028800
212,1003700
16,581700
24,870700
1,196000
28,1064700
28,934200
4,283000
28,944500
28,890300
1,194900
28,897700
81,744600
28,989000
26,882600
73,494700
28,902800
4,283200
86,839800
28,922100
28,928800
28,895800
4,276500
9,394400
19,661600
50,1705800
15,574500
5,303100
14,574000
28,906200
2,212600
28,923300
1,203000
3,249200
28,914900
4,266800
14,536000
4,281700
28,893700
23,757800
31,972700
28,1011800
28,913000
28,910100
3,247000
28,905800
106,1345900
28,947400
4,297300
28,986100
4,267700
5,325500
28,941300
14,544100
28,1095900
28,898600
1,180800
28,892300
28,906600
12,510900
1,191500
66,299000
28,904500
64,245900
28,892900
3,252900
28,896700
1,185300
17,611900
11,462000
1,189100
1,191200
12,734600
30,1091100
28,980600
124,225700
27,926100
27,874700
24,978800
30,957600
27,919400
1,188800
8,404000
6,326000
9,396700
1502,1350600
27,984700
27,873000
27,877000
22,746300
18,702100
27,953100
91,944200
10,423100
7,356200
27,929600
114,1938000
8,558100
6,331300
14,538400
197,547800
27,871200
3,261400
27,916900
2,215900
27,924400
122,1774600
17,613700
27,881300
3,241200
3,271200
49,1589600
27,901400
937,788700
35,1223000
27,857600
14,591500
27,872300
27,869500
27,874500
12,478900
1,194200
4,293600
27,1124000
5,303900
5,290900
27,878800
1,184200
6,326900
27,882800
124,227400
27,865400
14,533000
27,876600
10,428900
27,869900
2,211400
4,280800
15,578500
27,879600
722,1816200
27,876400
27,886400
27,880200
28,927900
27,901300
1,194700
1201,1281300
27,942000
22,776700
13,639200
38,1559400
18,748800
2,226600
3,243200
27,881100
27,935500
9,454500
2,219500
27,869600
11,456200
1,184800
9,399500
27,870500
1,187500
3,271100
27,866500
27,1009300
27,871400
2,209300
27,867600
8,391400
49,1474400
27,935300
7,353600
27,852600
39,1190200
27,903900
14,537800
27,1003500
27,1012600
1,189800
27,870500
10,445500
27,863800
2,206200
54,1605700
27,946700
27,868100
9,392100
976,1822300
11,536000
3,277900
5,301900
27,893200
27,874500
2,214000
318,523500
13,535800
5,301500
9,400400
917,1949700
26,967800
26,838700
5,347500
26,889900
7,508300
26,1000200
4,296000
9,470400
26,852500
180,1685700
11,467700
3,249600
112,1537500
26,888700
26,838000
26,911200
2,238900
7,556800
9,475300
26,852900
10,489300
1,208200
26,886000
1,189800
9,408200
26,866400
26,908700
1,196300
4,269900
26,847700
2,214700
26,836500
8,371200
68,355800
17,622200
26,1215100
1,179900
1,245600
23,779300
26,894800
8,386700
26,882800
17,600600
26,854000
10,420900
1,185700
3,242600
3,242100
26,961200
1,184900
2,215600
26,856200
26,1058800
26,917700
14,545400
9,410500
297,1566300
26,1002900
2,221000
19,705900
26,1023700
1,187500
1,199200
26,852300
26,870100
2,218600
22,888900
26,858300
26,852700
26,916800
26,922700
121,2739200
19,940700
26,855300
26,855800
26,1203200
26,856800
25,818300
26,887300
26,865500
2,220200
26,846600
1,187500
44,1633700
26,875800
6,323400
10,449700
11,457700
26,1084200
26,868400
100,1201900
26,952600
43,1301000
26,846800
1,190600
4,274800
26,861800
1,190600
26,882800
5,298800
26,876300
11,537000
26,1051000
9,398700
5,322600
25,832000
5,302700
25,829800
182,2207000
11,451600
307,1880700
25,828900
1,187500
121,1893300
19,682800
2,222000
25,844800
149,932000
25,822300
25,814100
78,624200
25,810200
283,1197600
25,833500
447,792000
25,1224300
25,838200
1,181000
25,838200
25,827900
25,818400
5,303600
25,884400
3,247900
46,1387500
98,1167300
25,808200
7,477800
45,1567900
120,1742600
25,842900
25,938000
25,887800
20,708500
25,854000
3,253900
86,835100
25,851200
1,243800
5,348800
25,832200
5,294900
9,436200
1,187200
25,829100
25,878200
25,842100
25,821600
25,855200
25,822300
25,850600
3,244800
68,358400
25,808900
25,1052400
1,197800
2,219200
25,829100
25,831400
16,589100
43,1298700
25,991400
25,890700
54,1685800
25,971700
19,842500
26,857700
8,381200
25,837900
1,181100
10,433200
25,834800
1,203000
3,247100
55,1866500
14,592300
4,265200
25,843800
3,241400
540,1647100
16,890600
59,2101700
25,812200
1,194100
505,653500
25,834300
41,1287000
25,810900
1,184400
3,255000
25,822400
11,571500
25,1022400
1,194400
5,302100
29,1050100
24,798300
1,193100
6,317000
98,1149000
25,875100
7,353600
25,842800
639,938700
25,843400
29,1155700
15,620400
25,843200
25,827200
24,796800
325,742900
24,806300
24,790900
24,789500
17,718400
36,23080200
11,578600
24,807000
1,189200
41,1233500
24,776900
22,731600
8,378700
12,481600
24,848500
24,805100
24,878700
15,593600
24,795700
53,1764800
24,810100
777,1383700
24,777200
12,517000
24,795400
24,796600
3,246600
4,273800
24,799500
24,791700
1,193500
22,765900
34,1250800
19,686200
24,789500
7,349700
13,510400
11,491000
24,975600
1222,1893300
24,788200
24,799800
24,800900
1,185400
3,246400
6,508300
8,474200
24,811600
4,370600
24,793100
181,1703600
22,747400
12,477100
24,806000
2,212800
4,272700
8,386200
18,650300
24,855000
1,185800
24,827600
3,304600
12,606600
24,818900
24,798400
1209,1546200
24,821000
24,805200
24,784700
59,1715100
24,790600
267,925700
32,1085500
24,893100
9,407000
24,803900
9,409800
23,792400
3,240000
4,274500
5,298100
72,510300
24,1085300
1,194600
24,806800
24,855600
76,577800
41,1497500
24,824500
24,794600
1,187600
24,803600
23,769000
24,804100
24,799900
3,243300
4,264000
24,847400
11,456000
12,474100
47,1452300
24,946500
2,274000
6,374900
54,1579500
24,795900
10,433800
24,815900
24,856300
24,786600
5,304200
8,392800
329,795500
24,792000
24,917600
2,270100
3,257200
5,296400
6,336500
24,805200
24,799300
11,462000
1,188200
4,270000
24,790500
24,796000
11,512200
24,962700
1,177200
3,252100
24,794000
2,208500
5,288000
8,361800
9,410100
32,1243700
24,802000
1,179900
311,321100
9,397500
4,277300
24,812300
65,281200
24,800300
1,189600
24,814600
6,322100
24,789700
12,485000
42,1259800
9,402800
3,252100
14,690100
281,1182800
24,893400
24,820800
24,881400
12,478400
24,864400
16,611300
24,830100
24,808200
2,204100
24,808200
1,185000
526,1497000
24,808800
65,320700
61,1891800
15,559800
3,263500
3,246200
591,1335800
15,570400
3,268800
23,856700
23,769100
23,771500
1,197800
23,1146400
32,1149000
23,793200
23,779700
130,439500
23,1152800
23,922800
23,803000
23,789500
130,382800
23,800500
5,311000
23,853300
72,524600
23,816800
1,195600
1,196300
23,852500
8,428100
23,788500
112,1627300
23,776900
93,1054600
16,581700
472,1357200
15,563400
88,1075800
105,1385700
23,829800
23,809500
23,793100
45,1359700
23,782300
11,561100
23,775800
1,358200
14,626200
8,381500
23,1186600
6,506900
71,505500
851,1711300
23,784700
4,276200
23,774900
23,781000
23,777100
29,944800
23,770700
166,1424600
14,804700
23,836700
2043,2668300
16,587000
3,249900
98,1228700
10,448800
23,785000
11,463400
6,330200
23,759800
22,884700
23,885400
2,215800
23,782500
23,773000
23,848100
3,249100
12,485900
1,218100
20,711100
23,884000
23,781000
1,198400
23,783700
1,210200
4,351000
34,1414200
23,764200
182,1731700
10,428800
2,212000
23,772600
23,769600
23,928200
23,814800
1,192300
17,624500
174,1527600
23,1011600
23,781600
23,771500
2,221000
155,1037800
23,772900
23,858200
23,853900
153,1026000
23,754500
3,240400
23,784400
23,759700
23,925200
9,438100
3,247900
6,326800
23,788900
23,918100
23,774000
4,270700
23,800100
3,251900
5,314600
102,1301500
23,777600
23,810300
72,550000
153,1179600
9,503900
2,247100
23,840500
24,806300
23,761600
1,189600
14,555200
10,556100
22,835700
3,257300
22,773700
6,324600
17,610000
22,746200
2,232900
22,734000
22,915900
22,755900
1,181000
11,460300
22,744400
22,745100
13,515600
22,774300
20,678500
1,191200
22,762500
22,1021400
1,220500
1306,870900
17,628500
75,565700
22,879300
11,452400
22,744200
22,750400
2,225300
22,739200
58,1681700
38,1160000
19,656300
22,751800
22,749500
22,744700
22,801500
7,544100
22,807700
1,191800
223,1305600
22,730800
1,198700
354,1486900
22,810000
22,762100
22,741600
22,847500
22,751300
2,213500
22,881100
1,201200
22,738700
2,220000
14,538000
1,182000
45,1333500
12,510800
13,504400
10,432200
22,751400
5,299400
21,709500
2,215300
5,292300
36,1238100
22,737400
15,700400
22,984100
2,220800
2,220400
2,366500
9,467700
13,500600
22,850200
22,818400
22,748500
42,1254600
22,763100
3,246700
22,739300
22,799600
22,857900
1,214200
2,233200
44,1315700
22,728300
14,711500
139,745800
22,847700
26,933900
22,748500
297,1584500
22,826700
4,269000
63,252400
22,1001700
94,1067500
8,405100
22,833500
3,250600
782,1547900
16,644300
366,1855400
22,837400
10,468400
1,211200
22,800300
391,904300
1285,1902900
20,748900
10,427600
22,732200
3,239600
24,795500
681,2067700
10,432500
22,765900
7,357600
8,370500
22,1027200
26,849900
22,760200
2,217400
22,733300
22,787800
242,1767200
22,768000
22,776600
22,736300
3,250200
22,776500
1,195300
22,835700
22,934400
22,760800
22,736500
18,657700
16,657000
208,816000
22,746900
22,736700
471,1346500
22,738000
100,1382400
13,662400
22,779800
126,284300
22,724200
22,751500
22,739700
2,217400
16,577400
22,740900
2,255300
11,440600
9,409800
22,741400
14,547900
22,761700
22,746600
22,1083000
18,649400
2,216800
419,1564300
22,766700
143,712300
21,806400
21,708300
1,178400
2,209500
21,720300
20,682500
129,352200
21,711000
4,347700
7,384000
2002,1664700
21,709400
184,1813800
21,710700
4,272500
15,561600
50,1523600
21,694000
10,420000
11,451600
21,921100
1061,935400
21,740200
4,272100
102,1227100
124,215800
8,380200
1149,1581500
21,761600
3,242500
19,653700
21,718800
18,760500
21,788500
10,530800
21,714900
21,721100
91,957100
12,478100
6,330300
10,439700
21,753500
14,530600
21,802800
34,1123800
9,400100
21,714300
3,237700
4,269700
21,812900
41,1485500
9,407800
21,714900
1,198200
1,188500
21,730200
336,1026900
21,710900
135,533000
21,732700
1,182300
10,425600
21,712700
21,798500
3,255700
21,833900
21,900800
12,562000
2,271300
10,503600
45,1349800
21,716000
1,188600
21,707300
18,638400
44,1318200
21,763000
56,1690100
21,834500
7,348900
11,445000
21,708800
21,719400
1,177800
2,215800
304,1810100
16,576700
21,702800
16,659600
10,440800
21,701400
20,692500
21,761200
19,802600
11,487700
1,187400
21,717700
9,402200
3,248200
21,698600
49,1461900
21,706600
1,183500
21,706000
50,1500700
73,491200
21,711600
21,843400
4,303000
135,524900
21,707900
3,252500
21,735800
21,811800
21,764800
21,711500
12,478800
1,187500
21,706900
21,730000
21,759100
19,670300
13,506800
1,187400
21,826300
21,874800
9,406600
7,348700
8,371300
4,277500
21,739400
12,487200
21,732200
8,382400
21,746600
21,687200
21,1395200
21,1409900
349,1506000
21,814200
21,1003000
10,601800
21,986700
7,480200
40,1760600
21,1002500
12,670500
12,662400
21,986000
4,276200
44,1472300
10,535200
21,848100
1,230900
44,1751600
1310,1127000
21,761300
21,724600
21,732600
14,745200
70,445000
107,1408000
21,718500
5,296000
21,701900
147,827500
21,704000
1,203100
77,597300
23,765100
14,551800
21,718000
15,548300
499,470500
21,894200
18,878100
6,321900
24,801100
20,689600
20,743600
20,716500
158,1164600
20,716400
2,216300
20,690100
10,427100
20,718300
2,218500
8,383700
11,557800
20,795500
3,274900
9,408800
20,705100
14,534800
349,1331800
190,372700
20,696100
3,250900
20,721400
20,764500
1,213500
1,187500
20,919200
1,188000
51,1642200
20,798100
13,509300
7,355900
20,719200
20,689400
33,1044100
20,710200
39,1481900
16,603700
20,854200
20,740800
20,952600
20,778200
1,193700
15,582900
13,511300
20,774400
20,924500
17,783400
20,953400
20,959800
3,255800
20,679600
21,699600
16,594200
7,346300
20,785000
5,300000
181,2601000
572,1040300
20,716500
1,184200
4,275100
24,986200
14,555000
20,764200
20,710100
15,622600
234,1917100
20,721800
61,1799600
105,1360900
20,718400
20,701300
2,215900
20,707800
3,242500
20,702500
1,183900
13,533100
66,304000
20,982600
17,783300
169,1431300
20,712600
20,698300
12,497700
5,468600
20,1037300
3,319600
132,597200
9,526600
20,904500
1,252900
20,910200
6,420500
8,493600
13,670100
15,729200
20,923700
70,533600
20,945000
465,1190000
20,698000
12,506000
157,1106500
20,685500
20,684200
3,320000
20,913500
20,718100
119,1716900
20,683500
2,220700
3,238400
7,426500
20,705200
2,210400
8,395600
20,698800
7,370800
54,1688600
20,1076100
20,774900
20,693500
14,647000
20,692600
1,186400
4,272500
20,704000
1,197900
2725,3107800
20,707300
4,275600
11,464500
20,942100
8,392700
4,278300
6,325200
20,679400
20,690200
20,691800
20,680300
2,221200
20,682900
20,714000
335,958300
8,374200
20,709700
96,1106800
20,818400
1,228900
542,1712800
9,532300
20,701800
4,281100
19,662600
1,188400
97,1109100
19,662900
19,685500
19,668300
13,506100
4,265900
19,693000
4,265900
19,744400
10,594000
9,399500
1,187100
19,679200
2,215900
6,321500
19,648400
19,668300
52,1506200
19,669900
11,453400
19,718700
19,751500
19,709200
19,658500
19,963800
19,712400
86,832600
906,1517500
19,668200
19,664200
60,1703900
10,421100
19,669200
21,769300
19,662000
19,739000
1,249100
19,730500
17,617300
1,216200
2,216500
17,611400
19,819900
8,449300
98,1221900
19,689900
19,684400
10,440500
19,692400
2,230000
11,466900
19,730900
2,236300
19,797800
1,198400
3,290100
19,750800
19,665600
19,668400
19,671000
19,674100
1,179900
19,664100
19,730900
19,661000
19,714100
49,1579100
17,611200
19,759100
19,734200
19,667100
11,456900
8,382000
34,1170300
19,676900
9,403300
236,1738400
19,824400
1,196500
12,482800
12,480700
1,196800
414,1700300
19,663000
19,723300
83,765400
19,884100
1,223300
1372,1246300
19,845200
1,200200
48,1413700
19,665900
26,867200
19,778300
7,527300
248,287000
19,662500
215,1010800
19,665900
19,677600
19,658300
19,672200
19,670100
95,1108100
89,918200
23,903900
15,599500
1,179600
15,671500
19,902300
8,471700
189,365600
9,402300
3,254400
25,844200
19,674400
1523,1858300
19,687200
12,508700
1,172900
19,721900
19,729600
1,235400
6,344100
7,355200
40,1753000
31,1026600
19,767200
71,463900
42,1464900
178,2003600
19,800200
4,340000
19,834500
795,2105100
10,479000
19,660000
19,666300
2,222500
160,1144200
77,575000
19,685700
19,686300
19,675400
19,919800
19,830000
15,640700
1,190100
3,248600
9,412100
19,674100
19,663800
19,658200
1245,906600
14,539000
1,192600
111,1474400
19,678900
19,653700
1,183500
11,474000
19,687100
39,1436300
19,672300
19,661600
2,243600
2,228100
19,669800
96,1112500
19,966400
1,221100
19,676700
19,673600
14,529300
2,221300
3,258200
10,434800
45,1608600
28,902100
19,655300
1,186900
30,953800
17,613500
1,194500
18,642600
18,641600
3,255500
40,1238700
13,507800
1,180800
18,658800
1,186700
18,649000
18,713900
18,795400
1,196800
18,773500
5,300700
15,554000
18,630900
4,266800
18,624900
2,210600
2,213400
1171,2081100
18,647800
2,215400
18,632600
39,1186300
52,1809700
20,694500
18,632000
123,1857900
18,634300
18,654000
18,630700
156,1321100
30,943300
9,395300
18,693500
9,539100
31,983700
18,634700
1,189500
18,630600
52,1514600
22,742500
18,651500
14,523000
18,631400
2,220700
7,349000
18,683800
18,635600
18,641000
13,593300
18,682800
3,242700
15,571100
137,638700
18,632000
18,649600
1,189400
12,471600
11,445000
18,636900
12,492500
18,625900
2,210200
18,639200
18,641200
29,955900
14,537900
18,728600
15,581900
144,752500
18,631300
11,451700
18,631800
4,263900
7,350100
18,627800
4,272800
18,639000
4,278100
18,639300
4,289800
29,1166600
18,635100
1,189300
1,191400
2,214400
85,986100
18,652200
212,947900
18,634000
3,238400
122,1762500
11,459200
18,621100
11,439200
27,855700
18,628600
414,1493100
18,656000
18,770700
1,192000
1,187700
3,253000
6,387700
9,403400
18,656900
7,457100
18,660900
6,324500
6,326300
210,886800
12,520200
5,298700
18,629200
1,189200
3,240800
9,403900
18,645700
119,1839000
457,968900
1893,1888800
18,631500
12,473500
3,270400
8,377000
20,679200
18,629700
3,234300
18,638300
4,275200
18,631000
9,400200
18,816200
18,844900
18,682600
18,701000
18,668500
66,302600
18,643500
18,670700
18,642200
5,294400
10,432200
6,323700
85,790500
9,394000
4,270200
231,1441600
39,1289300
16,676000
18,718500
105,1455100
18,641400
18,721500
34,1084800
10,428500
2,222200
18,630200
18,647500
1,179400
17,611700
12,479100
4,274000
19,659400
18,713700
412,1415500
18,623500
98,1153300
14,529600
18,633600
18,644700
12,478800
18,635800
18,639900
45,1326200
11,541700
18,820700
1,193000
18,649300
1157,1744900
18,639400
12,484400
556,2066400
18,626200
2,217900
14,580600
1,192400
245,1795800
18,731800
15,548900
1,185300
479,1526200
18,626700
1,188100
7,348400
18,635100
18,812000
56,1648000
18,752400
18,633000
18,634400
18,737000
18,761000
30,954400
11,442000
2,222200
18,657000
12,466000
69,413600
8,377700
25,902200
18,812000
9,655700
18,737900
711,1230300
17,608200
17,618500
10,528100
17,857600
17,612300
1,173900
72,484200
11,555000
8,440500
185,1870000
22,776900
17,608400
12,547700
1,188200
2,238800
17,696100
6,374900
17,611500
17,678100
17,702700
17,628600
17,846800
17,942500
17,621100
5,296300
222,1188500
1133,1246600
17,616300
16,580200
11,459700
5,294200
17,664900
17,699700
3,279900
17,742000
3,254800
64,245100
17,631300
3,245300
14,520300
17,616100
17,606800
17,607200
15,563900
156,1044500
17,608700
10,432700
6,340900
13,502900
17,606200
1,186000
13,524400
68,565400
10,436300
4,271300
17,623200
17,775600
17,618200
5,303200
13,528000
17,601300
3,240900
34,1108700
20,680900
17,646200
17,605800
17,602000
406,1317100
9,444400
105,1356000
17,606000
14,531700
43,1303400
17,597800
2,210100
8,373600
17,597200
1,186500
17,644400
8,380900
17,703700
17,830400
160,1248600
17,629200
8,378100
17,668700
13,511900
3,262400
17,599300
5,308200
6,328000
10,419800
20,683900
17,616600
3,245900
35,1068900
17,617000
14,629000
17,600800
2,213600
17,622000
4,327000
55,1659000
14,526700
17,598800
2,214800
3,250400
17,706500
7,364400
12,500300
2,217000
4,285300
7,354000
17,608200
5,322300
7,358200
9,403100
60,1710900
190,383300
17,854900
17,601400
3,255100
24,787100
17,614200
1,187600
17,605500
17,610100
1191,1035700
262,644100
17,598200
2,208800
2,220300
17,612300
17,608500
17,601000
648,1390000
839,1619000
17,612800
17,610200
17,631000
2,218500
17,601300
35,1077300
17,600800
9,402800
34,1066800
17,603600
8,372200
17,610600
3,325300
17,643400
10,430900
17,622900
17,603800
66,301600
17,603400
17,748000
4,273000
9,398300
1065,1060300
17,749400
48,1486100
42,1271900
21,871100
17,640900
195,509800
14,536400
33,1025800
12,699400
17,596600
1,171500
17,629600
17,726600
9,434100
56,1619500
8,437100
5,400300
13,567000
17,648500
17,608400
17,598500
16,660400
17,660500
1,190800
3,238200
3,246500
17,607300
29,956200
17,611500
17,604700
13,500900
390,949100
17,608600
17,969500
3,280800
7,358800
117,1615600
39,1182400
17,597400
9,430800
17,609800
17,620700
17,605200
3,246100
4,272400
133,504700
16,666500
1,217100
702,1037100
16,702300
58,1699900
34,1090600
10,436400
16,573000
16,591900
1,186400
204,728700
16,577300
21,706500
11,460300
16,577700
108,1424100
16,679000
4,311600
66,296100
16,580600
1,189400
4,268400
135,526100
16,650700
16,636000
16,582100
3,244100
16,583800
1,203700
16,584800
5,299300
16,646600
3,247900
16,602400
6,316000
16,594500
291,1600900
556,1942300
16,582100
91,948400
16,592300
10,420400
16,582300
16,575200
16,581200
58,1677900
9,486000
1,178500
79,757900
45,1465100
16,592900
16,581100
2,217200
4,269300
360,1631100
16,570100
9,403200
1,185200
1,174600
16,619000
16,569900
16,584700
16,580200
1,189900
9,407100
11,611100
16,702200
38,1168100
1139,1394100
16,634600
1,194700
678,2182300
16,577100
3,235300
3,232800
16,592100
16,598700
247,2616300
16,593400
16,597100
16,582300
83,743400
16,595200
34,1036300
9,412600
32,982300
20,685600
16,603400
4,271900
443,587900
10,522300
253,503200
177,1899700
16,583100
16,583100
113,1526900
25,828500
16,600400
5,285700
16,583500
45,1328400
22,1015400
16,592300
16,657800
1,194300
17,610800
16,596800
11,453400
16,633600
1,181900
16,598000
3,272800
4,271600
14,550200
16,669000
16,585100
1,184100
16,580700
37,1139100
16,569200
9,477200
76,590900
16,623800
2,220300
6,317600
16,577000
16,596700
16,585700
14,534600
16,616600
16,590100
3,243700
4,264900
16,589900
276,1011700
16,584400
16,629700
72,468300
16,705900
16,796400
13,597600
1,194000
16,582300
280,1121400
12,484300
10,430700
16,581300
9,400600
16,602500
16,578800
16,574900
1834,1950700
16,602400
2,321800
10,535900
72,463600
16,584800
16,583100
1366,820800
16,604400
193,434600
16,602700
16,578100
16,606000
16,586800
16,631900
25,817500
272,921000
14,527900
3,329000
10,701500
3,247800
16,582700
23,764100
16,589700
4,281100
16,588400
5,293000
12,504000
2,213900
16,581500
1,186900
16,689500
5,301400
16,594600
16,582100
3,247200
16,612000
14,539000
8,384600
16,695100
15,621200
15,556600
2,213000
735,2249700
9,423100
15,579300
4,274600
198,592900
15,573600
15,557800
15,558700
15,555400
15,561800
15,568700
15,657800
29,1045700
15,559300
1,182700
15,566600
1,182200
15,548300
11,461500
5,287400
15,563300
12,466900
6,319900
18,629700
15,568600
1079,1268200
15,556900
145,1040500
14,736800
181,1798900
15,565900
76,552100
15,551700
1,180500
15,551900
23,742600
15,549700
5,293300
116,1587000
397,1007800
15,549000
1,192800
52,1980200
8,396100
15,572200
5,298200
15,554100
1,224000
15,688100
2,236200
15,551700
15,552800
1,187600
281,1175700
15,592900
15,579700
20,754200
15,607000
3,298300
21,760400
15,590600
15,551900
1,213000
1,197900
7,345200
9,399200
15,561600
15,556700
30,936300
15,600600
15,587400
15,596500
15,558700
15,618100
484,1905400
316,589500
15,604400
22,790100
15,573200
149,869100
15,588300
5,290200
324,689700
15,559000
15,564100
1,184500
9,413800
2,212700
1260,1301400
15,725900
30,1160400
15,554200
15,538500
3,241600
15,550300
1,195300
15,553300
203,770100
15,562600
15,608800
15,587900
15,547300
15,574400
1,185400
15,559400
15,540900
7,361600
20,1026100
174,1588600
15,610300
2,221100
15,580700
15,554400
1,185600
12,593000
15,568200
1,184900
7,351300
21,708800
15,555800
15,568800
1,178700
16,585800
15,667000
9,524900
147,838600
15,719800
10,573300
15,753400
15,571100
15,592800
15,585000
4,272600
15,564800
2041,2577100
15,555600
28,1187800
21,888100
15,614200
685,552300
15,558000
8,375500
15,560300
10,419800
5,291800
15,553300
1,178100
12,491900
15,558400
10,553400
1,310100
879,1150400
16,632100
15,699800
2364,1488000
15,557600
15,562100
11,459000
15,577000
15,581000
5,328500
15,569200
15,581800
15,731500
15,559200
15,580600
101,1298700
1084,1620500
859,2071000
15,635000
1,180000
1,181300
15,592800
26,947300
15,545700
3,289300
6,385800
9,389500
561,484500
15,551300
1125,907300
81,815100
15,594900
2,231500
3,267300
53,1553800
39,1182200
15,609100
2,225000
9,417800
15,699700
15,650300
9,414600
3,248600
9,403600
15,653400
4,277100
161,1309000
15,815600
2,285200
15,756000
15,694700
15,657700
3,262100
9,438400
14,543800
1,195800
9,466700
71,440700
23,773100
14,527000
10,472400
14,544800
745,557900
13,541000
13,506600
14,714000
29,1124300
14,535700
3,243800
14,558500
6,394500
14,613300
14,558100
14,550500
14,558400
2,223800
14,550900
14,562300
14,545100
3,238100
14,576300
14,544400
14,538200
2,230400
14,765800
14,603700
3,290000
63,246600
8,431300
1,197200
14,561000
7,358400
14,534300
1,186600
8,391400
14,545800
8,434200
3,280900
8,381400
14,560400
14,559300
14,547300
20,762100
14,648800
14,590300
1,211600
14,578600
14,554300
14,551300
7,361300
14,543400
10,430900
3,280500
14,536100
16,603800
14,537000
11,479400
14,563500
14,545200
14,595900
14,543400
14,561000
4,275800
23,882600
12,541600
14,551300
13,544400
100,1297400
9,409200
3,245700
257,532600
14,913200
3,265600
14,558500
16,687200
13,525700
14,571000
26,882100
14,553600
1,194900
3,277500
14,629800
14,580900
23,789900
14,558300
22,748600
14,541100
14,550600
3,252300
6,325200
9,406000
14,541400
2,213400
14,534600
66,299100
14,547600
14,543600
1,201100
10,434900
14,547800
12,594400
8,429900
6,390400
20,728600
14,553000
14,575200
3,250800
14,548500
14,549000
1,190500
478,1610900
14,566300
7,380600
14,554900
13,523600
14,568900
6,342600
83,806500
14,773300
1,180300
14,533500
3,249200
14,533200
14,543200
6,327700
9,400900
14,538700
14,549000
1,210700
14,812600
6,407500
14,559900
1,188000
447,726000
14,537000
14,553100
9,402800
14,561000
39,1415800
220,1248700
14,581600
6,334200
14,546000
14,547800
14,539500
12,486400
178,1758800
14,543500
2,225700
14,563500
3,252900
5,298800
6,331300
37,1514600
14,608200
14,532500
14,578500
4,281800
14,537000
13,554800
13,582900
7,357900
70,417900
14,543200
9,420900
4,264300
6,319400
14,557400
3,244100
6,328200
14,583900
7,355600
21,836100
10,509300
13,518800
14,586900
472,1399300
14,552800
11,463900
14,533600
7,347100
14,542500
2,211100
14,548400
779,1515700
14,565900
14,529700
1,195200
9,472300
14,563900
149,975500
14,538500
4,280200
39,1198600
25,834200
14,535000
14,542000
14,577400
2,224300
5,328300
111,1516000
14,545900
12,486300
14,614300
104,1388900
14,22118600
14,685200
14,631600
6,343800
14,533700
14,535900
5,304300
14,549200
728,1737800
14,558000
6,347400
12,561700
14,683300
10,437800
14,653700
14,549900
14,550300
13,530500
337,1041300
14,545500
14,594000
14,539300
14,543700
14,553600
3,268600
36,1145800
10,457400
24,1178200
14,546300
14,634400
2,219900
3,245200
5,294900
237,1605400
14,538700
3,252200
14,552000
14,538400
1,189500
4,377700
14,775100
14,593900
17,907500
14,690100
26,1127000
14,618300
14,552700
14,535600
10,426700
10,445600
283,1206800
14,547100
6,346800
1366,948000
14,538300
4,285700
10,430600
14,528000
9,399200
14,537700
14,624400
949,1124500
336,1043800
14,673500
1,196300
14,619300
14,529500
9,400600
13,508900
2,262800
13,515100
1,184200
357,1617200
13,509300
1445,1455000
13,636200
13,510500
75,546400
13,503900
6,323500
11,452000
13,511700
13,499200
2,214500
13,503400
13,503600
6,354000
8,375600
1,202800
7,349900
13,504900
397,1001900
13,566400
662,2665900
9,396200
89,953400
13,504900
8,370100
46,1358200
13,509500
13,487600
9,446600
5,291800
25,1014100
13,509600
9,386700
13,663700
76,666000
13,499800
2,211400
5,292300
13,505900
13,519400
137,556900
13,504200
9,407800
13,546400
1,180200
7,355400
8,452700
13,511400
1,182700
2,206000
13,498500
55,1625800
13,503900
1,209900
140,895800
13,525200
1,190300
13,508100
13,521400
2,234500
10,440400
13,512400
24,816200
13,514100
63,225100
13,523000
1,187000
41,1319100
663,1628500
354,1630500
21,819600
13,510700
13,526700
54,1632300
13,519600
13,528800
1556,1023500
13,511900
1,183400
4,272200
11,452800
13,516400
13,511800
13,732300
1,258200
13,537300
2,222400
13,539600
3,248200
27,894200
13,530600
13,558100
60,1790300
13,504900
13,571900
15,584000
13,514000
30,959100
13,528000
13,557900
6,368900
13,555800
13,518900
207,861000
13,523900
5,299400
44,1315900
13,518100
329,812700
272,938800
13,503000
1102,1894800
13,596900
13,556000
54,1626900
13,644100
9,543700
13,633600
6,376000
117,1640000
13,602000
13,510900
13,557500
77,590500
9,404300
13,512500
13,734100
4,302100
13,521400
13,507100
2,219300
6,328400
13,511900
1311,988700
9,406800
13,510600
13,517700
13,524500
67,334400
13,509400
13,546700
6,326500
13,510600
2,222100
17,706400
13,729900
6,473800
8,417900
8,426900
10,452600
13,525100
1,189300
13,507000
13,522600
10,459600
13,506800
7,378900
8,395700
19,673800
65,289600
79,659500
13,619300
41,1255400
13,521900
25,916200
22,837300
13,508200
11,497100
80,680900
13,517800
13,542800
2,213600
151,937100
13,616600
13,678300
3,305800
124,278600
635,1272800
13,672600
2,269100
6,423100
48,1994100
9,536400
13,686700
13,756000
13,744700
5,433600
8,442000
13,573000
22,811500
13,530100
18,639400
25,855400
13,602900
201,765900
13,557900
85,824300
13,516800
11,464400
13,520300
6,333200
423,1733100
13,530500
12,484100
3,240600
4,270800
13,532000
11,457100
4,278900
13,512500
63,230900
15,570700
9,468200
13,564700
10,482800
13,514500
2,246000
68,354300
9,404100
8,387300
1,178700
13,530300
162,1407900
13,762300
1,253900
13,708600
6,433500
28,1200600
13,691300
13,665400
13,680500
13,685100
5,387600
106,1847700
13,683400
3,328500
13,554500
13,532900
4,277600
65,281800
9,441300
13,524600
1,193900
163,1365700
13,549100
1,184500
11,466300
13,581500
13,546200
13,526000
215,1045200
27,919900
13,520000
6,332900
13,509400
13,512900
3,254400
12,505000
1480,2338400
13,564500
1,217700
13,533500
13,507700
13,518000
9,436000
13,526600
13,580500
13,509900
49,1499800
13,520500
2,257300
13,604900
37,1139900
13,528900
13,546200
3,337900
13,644500
13,529800
3,242300
10,431300
481,1637800
13,510200
40,1274900
10,453800
55,1635500
13,529000
2,214300
10,437000
13,530600
1,185100
13,707400
1,252600
134,505500
13,522600
10,533400
3,255600
17,631300
13,536600
12,499800
96,1110200
12,499700
12,492200
28,909400
12,509800
12,487100
12,489800
80,684500
12,670100
12,562400
1,196900
5,305500
66,315300
12,493000
12,482200
1,210400
12,492800
8,384400
12,482600
2,217200
39,1273200
10,442900
131,410300
12,486700
9,407700
65,435000
12,676300
12,497900
9,509300
12,499100
12,492800
12,488300
12,505200
684,532100
12,479900
4,268800
32,1021900
8,383300
59,1751200
17,626000
12,488000
199,624300
12,494200
1,181500
12,485500
12,517600
3,319200
8,450100
12,517000
8,391300
12,485700
10,430200
12,527800
12,519700
5,306700
12,497300
1,183600
32,1026300
12,554500
12,479300
121,1772900
12,536500
12,565500
238,1685500
12,501000
149,883700
12,509200
12,490600
8,376700
181,1750000
12,488200
2,218200
12,510800
3,246100
8,388500
125,289300
12,585900
1,213100
33,1287600
8,380900
12,495900
7,352200
12,479300
10,440500
12,490100
8,378100
12,520900
2,248100
12,485900
12,527500
1,181700
8,386500
8,373100
12,480300
97,1134700
204,760100
9,461200
12,534200
63,227100
8,451300
12,579300
8,377900
8,473400
3,246700
12,556400
9,403000
12,586900
12,518200
1,182800
56,1666100
12,481500
4,276700
4,312500
12,502400
12,490200
12,500600
3,238200
3,240500
12,482900
12,561600
8,419300
35,1133300
79,656900
17,621400
12,514500
1,193600
6,336300
7,352900
58,1758700
12,490400
3,249800
5,300800
9,410900
3,247500
12,760200
3,282200
72,532300
12,492500
465,1182200
12,494600
5,303400
12,485800
12,486200
1,183700
1961,2055100
12,506700
5,318200
12,479600
12,546600
12,501000
5,390300
12,539100
12,519300
2,229400
12,478200
30,962600
12,504800
1,186200
12,492600
199,594000
12,495200
2,227600
2,216900
4,287300
12,487000
3,243800
12,541800
23,839000
12,480800
1,182500
3,245000
115,1719500
20,743200
12,491500
12,488200
12,481500
12,494600
2048,1125200
12,519400
6,343500
12,522900
12,477300
3,239200
12,491000
12,503800
5,304500
12,489100
12,489300
6,338700
36,1485900
12,511000
12,676600
630,772600
12,500700
12,604900
9,462500
84,914100
12,565200
12,488100
6,337700
12,499600
12,486100
12,488600
153,1031900
47,1754000
12,497600
1,194100
10,437400
2,209500
12,529900
7,364900
12,488800
1,191600
5,299100
16,595400
12,500500
12,490000
3,243500
38,1187800
12,613200
42,1693700
12,525900
12,535700
21,735200
484,1688600
14,540300
9,414700
1,194400
12,512500
1,194600
12,523700
12,484700
12,484900
293,1555800
34,1092400
12,724100
260,644000
12,500600
3,247100
39,1277600
12,596600
1,214200
12,493900
1,186100
12,482400
23,859000
65,273800
12,480800
12,476100
187,284600
12,501600
28,991700
12,499400
12,709400
1,222400
9,470700
12,500400
12,491700
7,355200
96,1099100
12,495100
12,483900
12,481900
7,359600
8,392700
137,562100
12,480400
12,495900
12,536500
12,564000
12,517100
3,285800
12,549000
1,208800
12,518000
12,489100
12,503900
86,834100
45,1350700
12,550500
12,482100
6,330300
11,459200
2,239800
11,462000
5,298600
290,1725600
21,969600
11,664700
11,461800
11,459100
291,1411700
11,479100
11,606900
8,465400
11,459700
5,301600
11,466000
13,521700
11,506800
2,220500
10,442000
11,463800
6,322800
11,455500
2,219200
150,1222400
11,476200
131,404000
11,452800
60,1752100
701,993700
11,463500
25,848800
11,459300
39,1194100
11,466700
2,213400
13,575500
11,478900
11,599900
11,515500
521,1091500
11,476800
8,374200
11,462000
11,463800
11,469800
27,880400
11,453100
3,274300
6,333800
103,1351100
16,594300
8,379000
213,972000
11,551600
107,1629900
11,465100
2,218700
11,454700
9,497700
11,500500
3,318800
11,498300
1,183500
14,548000
10,431000
25,859600
11,459900
4,276300
11,509000
7,359800
11,574100
11,464700
1,211000
2,260600
6,403600
11,555700
2,221400
11,456500
1,193600
14,548800
9,410000
200,620000
14,545900
11,474900
3,240900
6,324400
1986,1101000
11,470700
3,241400
6,329800
400,1142200
11,453800
5,301200
11,491400
2,341100
11,531500
11,460400
1,194000
515,921100
11,459700
11,458600
11,455400
169,1464100
11,479100
11,463100
11,454800
25,828000
11,473800
11,469700
11,469200
11,526000
11,594600
2,311400
11,550500
3,242900
11,462800
1,187200
16,608100
10,435100
121,1799300
11,692700
1,263200
10,648400
11,685900
11,679100
22,1143700
11,684500
11,691300
11,572900
11,530800
266,969900
11,576700
2,260200
11,546100
11,573700
11,564100
11,555100
11,571900
7,419200
15,732100
31,1260500
11,573900
11,732100
11,667000
11,562900
11,574900
21,944800
169,1700700
11,471800
1,234300
404,1599500
11,616500
9,429300
11,504100
289,1968600
11,755900
1,221700
4,296400
11,466800
1,194600
11,471400
11,471900
6,335200
11,468600
4,275700
11,533700
777,1459500
188,403700
9,441300
1,197700
11,581400
11,557900
11,559600
11,538700
3,251600
11,503100
1,190600
11,454000
10,436700
11,483600
115,1611000
12,518900
11,458700
3,243100
257,524100
10,600800
17,1008900
11,509700
298,1995200
14,547200
11,463400
8,387800
11,480900
28,1036700
11,522300
11,467800
11,484100
11,466600
546,1768500
11,477000
11,484100
11,491500
1,220600
11,522400
2,216600
3,243700
11,454300
11,559100
1,194400
4,271000
11,462500
11,487500
407,1339300
11,544100
11,468300
11,456300
4,273400
11,462200
11,455000
2,227200
2,218900
11,472200
1,200700
91,1233500
11,460800
13,513200
155,1121100
11,535500
11,458600
3,238500
5,294500
11,469000
2,218400
5,298100
11,454300
11,458800
11,472000
11,452200
11,455500
21,727200
11,478900
11,547500
11,582900
1,184700
11,481800
11,477800
11,453400
11,479400
11,471800
11,521200
5,302200
513,844900
11,590600
2,267800
11,482200
11,464200
736,1952900
11,466300
4,317100
11,602900
18,752100
11,480800
44,1328800
11,468000
4,267100
11,457900
1,189000
11,459300
2,215300
7,357800
11,453900
1,186400
33,1049700
11,452900
1,185200
8,379700
1,181900
11,459600
61,2811800
661,1676200
11,461300
1076,1207300
11,473400
1,189900
12,479000
11,453300
11,462100
1,187000
6,325000
71,432800
11,459200
7,348200
35,1229900
10,512700
28,946900
10,440100
26,861300
16,606800
9,401800
14,537600
10,431200
10,443700
1,211100
18,872900
16,681100
10,457800
1,183900
2,218300
10,432800
10,440500
10,459600
10,651800
16,691800
10,442500
2,210200
2601,2862800
10,437400
58,1692100
35,1094900
13,511900
10,432700
3,247100
10,445600
36,1361900
10,439800
3,269700
10,506600
10,443500
10,442300
8,420700
1,194900
1,189200
10,433500
10,519700
147,1167200
10,549200
1,212000
10,447300
9,395800
2,213100
10,511700
10,670700
9,443900
10,432700
208,831800
14,558600
10,427400
10,431100
11,468300
10,433900
10,429700
10,426700
72,452000
10,426300
126,283600
11,454400
8,375300
2,214700
8,378000
10,436900
22,867400
10,489700
10,497000
10,473100
3,278300
8,377600
10,432900
10,439500
8,386900
10,435300
10,433800
219,1452900
9,407900
1,193300
22,767000
10,423100
3,248300
10,425700
2,223500
3,247100
10,442500
10,437500
10,431000
10,480500
3,279600
10,482400
8,383200
10,434900
24,799000
10,437200
7,344900
34,1116500
10,466200
6,375600
10,444200
1,188200
10,438500
1434,1006700
10,462800
47,1467300
10,455400
10,508200
3,283300
24,884400
10,434600
10,437800
5,309000
10,427000
1,182500
119,1716300
15,629800
10,433400
10,435100
1,193700
5,302000
10,421500
10,432800
34,1108300
10,436700
475,1683900
17,679300
10,435700
893,1202800
10,434400
1,183800
311,536100
10,459700
10,442700
10,603600
47,1601900
10,449900
10,436900
10,441100
43,1541500
19,733300
10,477600
2,226100
8,400100
10,436300
2,219400
44,1399700
10,450000
10,484400
3,250100
10,453900
10,562300
10,601900
8,413300
165,1548800
10,533900
10,478300
8,382700
277,1088000
10,444300
10,437100
10,438600
12,504500
10,430700
870,620200
10,436100
84,815000
10,434600
1,188200
10,438600
10,442900
10,434200
1,196200
9,415600
10,714500
14,569900
10,452500
10,479500
3,254400
10,460600
1,208400
8,576300
623,609500
10,477300
9,445300
10,471000
3,287900
28,986800
10,441400
57,1750200
10,588600
6,329900
10,518700
7,377300
8,382600
10,445100
60,1789500
10,427100
10,491300
1,191200
3,268200
10,554700
8,374300
10,557500
17,785100
10,457700
10,524600
10,634400
1,224800
11,690800
10,532200
10,526900
574,993500
10,468800
1,214200
15,567000
10,525400
9,423100
5,316600
10,433700
26,1003000
10,453700
8,384100
2,216700
29,952100
19,747100
10,553700
10,472000
2,220700
689,664200
10,449700
10,445200
10,458500
10,665800
1,198400
10,436900
27,1138800
9,460800
4,283500
37,1189100
10,427900
9,412300
10,546200
6,341500
8,411000
12,497300
10,430000
10,430700
1,197400
22,801800
10,462800
26,866000
10,430400
9,402600
10,436700
10,436600
10,456600
10,448000
1,187800
10,431400
104,1326300
10,471400
450,1154100
21,816800
10,432300
10,464000
129,372000
10,423900
1981,2833300
11,465000
10,435500
2,215100
26,852600
10,436200
10,431900
66,297700
213,1184100
10,436600
96,1159500
10,450600
14,539000
10,471200
10,429500
10,603300
10,445900
8,374300
10,433800
10,459600
108,1574600
10,440200
1,187800
20,729500
10,563000
1,213700
10,457200
10,437600
9,430500
14,533800
12,522300
9,411600
9,429500
45,1365800
40,1231700
9,443600
3,248200
23,814700
9,405900
2,215800
56,1820700
9,410200
3,243600
32,1098600
9,425600
208,839400
28,903200
9,410600
9,397200
7,351300
14,535800
9,406400
9,417100
9,399400
9,403700
2,215400
9,396400
9,425100
2,218900
8,381700
11,690600
9,436100
9,425900
9,408500
3,239800
9,410600
9,417500
9,416600
9,414600
90,939100
9,419400
1,193400
9,421000
30,962500
9,717500
9,558500
2,226300
5,302800
16,600100
9,407000
1,211300
9,544500
1,203700
9,416800
142,735100
9,415500
90,963900
9,404200
5,334300
5,301100
9,405200
48,1462900
9,420200
9,442300
2,223300
9,412400
5,300800
9,407600
9,394400
9,411700
9,409300
5,417500
9,556400
43,1339700
10,427700
9,481700
80,743400
9,413100
9,413600
1,232500
215,1398600
9,412100
9,395500
9,414200
54,1589100
9,403600
8,441400
582,1294800
9,414400
15,592000
9,420700
9,414700
61,1806900
9,412600
39,1207500
9,402700
9,418300
49,1452800
9,482100
9,620100
2,249800
9,468100
6,393300
9,418700
425,1777700
9,514800
5,317700
99,1168600
9,400000
1,194900
5,312000
9,468900
1,186000
8,378500
1,181800
5,298600
20,702700
9,467200
7,399300
233,1557800
9,407100
4,265300
9,410800
3,257800
9,440300
9,399600
9,402800
5,300200
56,1857900
9,420400
67,346000
38,1226000
9,430700
9,505000
1060,898200
9,419000
9,408400
2,216400
168,1460100
8,381600
9,401500
2,213100
9,406800
9,422400
44,1323400
9,406200
9,417000
3,240500
9,415700
1,183300
3,243900
9,403800
15,668600
9,480100
18,649000
9,431200
9,426700
9,438500
9,406200
9,412200
9,412500
2,216600
9,398800
21,747500
9,411800
3,244400
9,402400
3,276100
9,410200
8,375000
9,439700
10,430500
9,423400
6,322200
52,1878800
110,1492200
9,403900
9,403600
166,1370900
20,697700
9,416700
1,186200
4,272400
53,1669400
215,1224500
9,498800
7,385700
9,426500
7,345100
9,408500
3,255700
7,358200
9,404100
1,191200
7,353300
504,626500
9,414800
9,404000
1,188900
8,373500
9,401800
3,300700
12,483100
10,437900
9,400600
8,403000
9,425800
656,1416000
9,542700
6,441800
401,1111200
9,416100
6,330000
118,1750600
9,416700
4,272700
9,401000
1,203500
2,251300
9,409400
3,245800
9,400100
3,246300
6,322300
9,448000
9,399100
63,245700
17,626900
1099,2016400
9,443100
9,418000
9,400300
1,193600
2,216300
9,400400
44,1392300
9,411100
9,406400
9,410700
39,1196000
15,611200
9,407700
1,187300
20,847600
9,489400
1,204900
4,281400
13,524000
9,396800
9,410100
184,1854200
9,440300
1,175000
9,409500
9,409400
9,409700
9,419300
2,212900
3,243800
3,241500
9,397300
120,1913600
169,1731100
9,411500
4,270600
9,435300
9,418100
2,214600
9,412000
1,193200
9,415700
9,690300
2,303200
22,944700
9,405100
9,409300
9,404400
9,390900
29,1142100
8,404000
9,416600
1,187100
38,1323000
193,517300
9,416600
10,432700
9,425300
9,420300
1,201600
1,189900
9,409100
2,223400
9,413700
3,250400
127,308200
9,418500
9,429600
9,406900
9,399000
9,403300
9,427700
312,377700
9,467900
8,442900
9,622800
8,423400
4,334900
9,523400
4,329600
7,387300
9,403800
9,403100
9,405000
9,441100
9,404400
1,189300
9,415800
9,404500
9,464900
2359,1287200
9,404200
1,194700
89,907400
13,516300
9,468700
3,270900
9,440900
6,322100
14,541800
9,436500
9,411300
1,187100
136,594100
9,410400
61,1783300
1767,1929100
9,404500
1,197700
1,191500
9,416700
246,2009100
75,584300
9,407900
2,219000
134,487500
8,374300
8,381800
9,468600
9,415700
9,404400
9,406000
106,1424200
10,450400
8,372600
3,247400
8,387700
8,375500
1499,1132800
521,1353400
8,380600
987,2310300
8,400800
8,376100
8,376900
8,378300
8,381700
9,412700
17,617500
8,393800
8,375300
3,246900
4,272200
8,400000
10,429600
8,376600
8,384000
8,461900
132,523400
8,416500
3,243500
4,278800
23,802100
8,384900
1,184800
8,380500
3,238600
8,381800
2,221900
64,245200
8,388200
190,463100
31,1040500
8,390200
27,1039700
8,461900
1,195000
1,192700
2,271800
8,374800
1,183600
150,1181300
8,391600
165,1319700
9,425800
8,383300
1,178200
2,225800
4,280500
20,706000
8,377200
5,297400
8,375800
8,395200
5,298100
41,1266500
8,385600
1,192600
2,220000
8,381400
8,380100
8,452900
3,258600
11,498400
8,386000
151,959100
8,381900
1,187100
1,211900
8,505700
8,629300
8,388300
84,947800
8,397000
4,279900
7,358000
7,410100
763,1025200
8,377000
3,246700
21,801800
8,419800
8,461600
1393,1768900
8,380000
7,351700
1182,791200
8,385600
15,563600
8,380000
8,394700
730,1766600
15,595100
8,515800
1509,1503500
20,942500
8,374500
3,243400
8,381800
2,230500
8,381400
11,450900
51,1540100
13,546700
8,373500
10,427600
8,383600
7,351500
8,380800
146,819200
8,387100
17,629500
8,378300
8,390500
2,325600
6,452900
8,404000
2,219200
8,373400
8,383400
8,390400
1,182700
8,395600
6,331000
27,965100
8,398500
2,217800
122,1827000
8,383000
8,382800
161,1227200
8,426600
3,251600
8,416800
8,583600
110,1477400
8,376900
3,230300
6,371700
8,372300
5,290200
232,1577200
8,375600
2,249000
8,379900
3,241500
9,394200
8,371600
1,177400
8,369700
3,242900
97,1158900
8,373600
93,1358700
12,563500
8,392900
1,180400
744,500700
8,374400
62,236900
8,392100
8,389700
2,216900
33,1037500
8,425200
8,398300
8,374500
8,373400
8,383500
2,219500
8,379100
8,372700
3,259600
8,384200
1,189400
8,414600
426,2066200
183,1886500
8,408000
497,421400
19,714200
8,394000
6,357900
8,401300
25,841500
8,379800
8,387800
3,238200
8,384700
3,238700
3,242400
8,407700
3,298300
3,262700
8,393600
8,378000
44,1368600
8,393200
168,1398400
8,374100
8,382900
8,385400
8,386500
8,387200
8,374900
8,382700
10,441300
8,368900
8,383300
8,404900
75,542900
8,391800
8,497300
8,528800
21,743900
8,459900
1,202700
3,251400
10,472900
8,379200
8,379000
4,280600
17,620600
8,381900
16,593300
8,428600
3,249700
672,1841600
8,378400
