27959
7366746
941922664600
1000
655106500
142784700
58253400
54510800
47426900
47438400
47076400
49064900
48192500
47514400
53584700
51136500
49117700
48958200
47395400
47637300
60405600
61455200
50219000
48210300
47624600
46501200
46605300
46509600
46811900
47003800
45991300
56006200
47219400
46705900
46870400
46665200
45715700
45135100
45239800
44851300
45045000
45089000
46027800
44751500
44994600
45016900
45987600
45775400
46294600
46478600
46474000
46358100
46026500
46711000
46974100
46806600
46047000
45400400
45115500
45600700
66611400
45189900
45075100
44960800
45526900
45202300
45368200
46327800
45044800
45541600
45420800
45144500
46627300
45403600
46634100
47616600
45720100
46049300
46086000
46181000
45884100
45141100
45241500
45360400
45243800
45226500
45609100
45342000
45750500
65794200
44818200
45032300
44997200
45332000
44861100
45214500
44769000
45444200
46183100
45935800
45438400
45510500
44781500
45138800
45894600
45828700
45761700
45184300
45079700
45043200
45839000
47026300
45467600
45246000
45406500
45366200
45142400
45385000
45096000
74799200
46209500
44989300
45102100
45008900
47356300
48726100
49338800
46915400
46009400
45695200
45733300
45247100
45057000
45203500
45358700
45809100
45281800
45031700
44997200
45660700
45559200
46148600
46599200
46564400
46020600
46361700
47857700
48655200
59806200
45557300
45433700
45301400
46128700
45176500
48107800
47675200
46411000
45868100
46069500
45561700
46277000
45504100
45042500
45884100
45622000
45323200
46016300
45312100
45797400
45139300
45461000
45453100
45049300
45919700
46270000
45886100
45118000
68942200
45830400
45292700
44818000
45440300
48194000
45496300
45622500
46893900
45617100
45850400
45137100
45412000
45675600
45707000
45162300
45495300
45359000
45003600
47421100
45234800
45142300
45294100
45331300
45547700
45204800
45261300
45673100
45263000
45914500
66984200
45275800
45310900
45635700
45016200
45905000
45104600
45435600
45296200
46863600
45221500
46190800
45431200
45983300
46444400
45303100
45746500
45972100
45761800
45955600
45792900
46459700
45710400
45431100
44941800
45364600
45187500
45576600
45976400
66426100
48420800
47535800
45826800
45444200
45562700
44918200
44926900
45017100
45746800
44682400
45497000
45325600
46572700
46341500
45233100
45619500
45118400
45483300
45691000
45645100
45269000
45525900
44493600
44830100
44973300
45418100
44759600
45457700
45129700
44774400
45417100
46916000
46009700
46247700
46372800
45592900
46108800
44750700
44835400
45027500
45303300
45175900
45083900
45461000
45228700
44927900
45477900
45401800
44953800
44978800
45221700
44979800
45285600
46073600
46161900
45520900
47377400
45171900
45922300
45447800
44789700
44704000
44826300
45424200
45054900
45091300
45208300
45747000
45845300
44930000
44968300
44892200
46965800
45134200
45003200
46041600
45354600
45299600
46334600
45681600
47264500
45071000
45070000
45417200
44942000
45091100
47566200
47396500
63934300
46219000
45806000
45065700
45410500
45909300
45977300
45267100
45616000
45538100
45385500
45501900
48498200
47827000
45706300
45624000
45551300
45316000
45197300
45742300
45625800
45341600
45409900
49827800
48410100
47509400
46360800
45096400
45134700
45419300
48916600
45062700
44886700
45857600
45455300
45650400
45370200
44757700
44960100
45633800
45794900
45352800
44738300
45225900
45355900
45529800
45097300
45395400
45302500
45497100
46909600
46569900
45173300
45728600
45120000
45570400
47544300
45573500
45425000
45736400
45233700
45565900
45544400
45591300
45143800
45626000
45119600
46137700
45331600
46000300
44920300
45297200
45526900
45243100
46061400
47453300
46395300
47556900
46080700
45201500
45794900
45526900
45457600
45549900
44553500
45088900
44929600
47209700
45794800
62569300
45189900
45028600
45479300
45300100
47373200
45060500
45203500
45359600
45551200
46217000
45576000
45126200
45581800
45099800
45255600
45286400
45413100
46093900
45119200
45783700
46417500
46159000
45280200
45314100
45414800
45140700
46817600
46357900
45317200
68298100
46875600
45464200
45674500
45424500
45401600
45433500
45435900
45357100
45775100
45472000
45817000
45703600
45709000
45322900
46993700
53390300
50838100
48359900
46941800
45624100
45454800
46783400
46369300
45967700
45597900
45835200
46322900
73999200
45402000
45562400
45452100
45026000
45425100
46445800
45585400
45012200
46799500
49051600
47638600
45905600
46026300
45349000
46271000
47904000
45777300
46922100
45937100
45755600
45504000
45298800
45942000
45636100
45139300
45589500
46668600
45442000
45369300
52992000
45159600
44838100
45150000
46445300
72706000
70473500
67449100
63902600
59690300
63703700
75660200
73257900
65758800
55630300
56445000
50810900
54653900
58542400
77362300
66840300
68784600
69391100
80857600
60861600
63383700
65957900
57993900
65771600
54432600
56199700
50092600
50715500
51970200
51233500
49834900
51840700
50389800
49759300
54554000
59830400
58301900
51022900
49074900
49263700
52419500
88821900
70477900
58413900
88004200
58063000
51555200
65772300
68272200
67610000
64611400
74522300
59388100
67738300
62601000
53548300
55612300
50698400
51351700
51444300
50536900
49522400
48857000
52796200
51458200
52209200
50132100
50794200
56516900
52394000
50334800
54007800
51058200
49732500
50977500
52501800
49506600
50638600
49975000
58578200
49822700
50755200
52541800
52524200
52396600
55716300
68768300
53813300
56672800
74338400
52878400
52880600
49545400
50932900
51990900
49780800
49882400
51302100
50389400
52719700
50327400
49188400
46745900
48166700
46155100
45614800
46542500
46597700
46189500
45630600
45839100
45369100
45567800
45270800
46186500
45054500
45764400
55944300
47573100
46161700
44949200
46093200
45554600
44939500
45855700
45520600
45815500
45526700
46196900
46687600
45884200
45558600
45843700
46153400
45192200
45051500
45687300
45361200
45175600
45487400
45847600
45419100
45978500
46275300
46355100
46688900
119598100
44845900
45483000
46482900
50350800
48527200
47311400
46621100
45480500
45539800
46164200
45802400
45833400
45447200
45669600
45803800
46597400
45775000
46847300
45324400
45524600
45505900
45455900
46040800
46236700
46394400
45619900
45298500
64442800
45371900
45124300
44894700
45269000
44847300
45415300
45226600
45988900
45608600
46033700
45713100
45224900
45477100
45713300
46614900
45871400
46138000
47545500
45609100
45761900
45406200
45749100
45510800
45467200
45661200
45484900
45301400
46157100
47001500
62337100
45649800
45246500
46530800
45958800
45624400
45918500
47452100
46010900
46604100
46252200
45763900
47730400
50705400
45862600
45559500
45692300
46331500
45694300
45532100
45691400
45839400
46087200
45940400
45386500
45568800
45248400
48654900
45204300
68943800
46161100
46657500
45333600
45748500
45912600
45168800
45501800
45695000
45369700
45420600
45999900
45186900
46061000
45981900
46210700
45742300
45798900
46600700
45367900
45972100
45518300
45350400
46373100
45877200
47402800
46446100
46171100
49783900
79703400
46920500
46387200
45916000
46156800
47098500
46019500
46430500
45983100
45698900
45754700
46750800
48522100
46520700
47275200
47329900
45431100
47581400
45530600
45315100
45445400
45818100
45393900
45865800
45574800
46185000
46335600
50951600
46272500
45554300
45481100
45689800
45973900
46357900
46845600
45853200
47456300
46620900
45802200
46069600
45643800
45666700
50965500
48953000
45460700
46896000
45928100
45591100
47419400
45971500
45415600
46172500
45424300
46430500
45535200
45459100
46071000
45768600
72807700
45335400
45839700
45379900
45253400
45708000
45219200
45924100
45904500
45673700
45448600
45755300
45221400
45897300
46051600
46179400
45488700
45430500
45567500
45189100
45469300
46143200
47008400
45460800
45623500
45666500
45438000
45346200
45550700
93806300
45830200
47651200
45689100
46327100
46023400
47026000
45753800
45864600
46005200
46124600
46070100
45616000
48271000
46283800
46524000
46194900
45759200
46767800
45716800
46005000
49460400
49458600
49091400
48907100
47057200
46280300
46362000
83632600
45652100
46359400
45192100
46245800
47019100
46735800
46128800
45454400
45509500
46112000
45386900
45687600
45609000
45589100
45696900
45568800
45995400
45833000
45535600
47415300
45545900
45854400
45561800
46476500
46884400
45614200
46345800
46135700
80445400
45189600
45599000
45040900
45400100
44667500
45435400
45342800
45097700
46008800
45419500
45094400
45733400
45389800
45622100
44986200
45225200
45870000
45036700
46233500
46162500
45538100
45217100
45393300
45667800
45187300
45529300
45354700
45408700
70549600
45162900
46282400
45641700
45472500
46293600
45632200
45059000
46104200
47634800
46052100
45835400
47212400
47176900
46475000
46142500
45485200
45525000
45711300
45436500
45808400
45615200
46481100
46222100
45987000
45667000
45810900
46713200
45739100
45783500
57186500
45287400
45355000
47396200
45988800
45331300
45530500
45077000
45268100
46345000
45736900
45611400
45554400
46204000
46583100
48482100
49598300
47423000
47331200
45678300
45362200
46679700
45387100
45348600
45369400
47801500
47039400
45625900
45259700
64222200
45492200
45857400
1,183300
1,135900
1,125600
1,132000
1,129000
1,135500
1,136500
1,134900
1,131800
1,133600
1,133100
1,134100
1,135100
1,131600
1,134500
1,127200
1,134500
1,134100
1,133000
1,132400
1,132200
1,131500
1,133300
1,133100
1,131800
1,126200
1,124700
1,124300
1,122500
1,133200
1,123200
1,124200
1,126800
1,131300
1,123600
1,132200
1,120100
1,124000
1,122800
1,136100
1,131100
1,123000
1,127500
1,124100
1,131300
1,126300
1,122900
1,131900
1,126400
1,133200
1,131500
1,129800
1,129700
1,130500
1,127800
1,131400
1,132800
1,132300
1,125300
1,123800
1,122000
1,125900
1,130800
1,132800
1,126500
1,130600
1,125700
1,132700
1,127300
1,138300
1,133300
1,125000
1,126400
1,122100
1,130900
1,125800
1,123000
1,125600
1,123900
1,130400
1,129900
1,127100
1,137900
1,132900
1,129700
1,131400
1,130800
1,128800
1,127000
1,125300
1,129700
1,129200
1,124700
1,133400
1,126100
1,122500
1,121100
1,130000
1,125300
1,122900
1,124200
1,125400
1,123700
1,161100
1,126700
1,124400
1,130800
1,127800
1,124300
1,124600
1,126400
1,126000
1,127900
1,124700
1,127500
1,131300
1,133700
1,132500
1,133000
1,128400
1,133800
1,125900
1,132300
1,134600
1,129000
1,125100
1,130700
1,127700
1,124500
1,128600
1,127900
1,125200
1,129600
1,131400
1,124800
1,122200
1,129800
1,126200
1,124000
1,123900
1,134300
1,128100
1,131000
1,121900
1,125800
1,134700
1,126400
1,124200
1,128800
1,127100
1,125400
1,124900
1,123400
1,125900
1,129300
1,131900
1,123200
1,132500
1,128000
1,128500
1,130500
1,125700
1,129700
1,124600
1,127800
1,134000
1,129800
1,125800
1,129600
1,129400
1,130800
1,131400
1,125800
1,124500
1,125900
1,131300
1,125200
1,131600
1,124700
1,130300
1,122500
1,129300
1,130000
1,135800
1,122400
1,125800
1,124700
1,131700
1,132000
1,122900
1,133500
1,130400
1,124000
1,131700
1,124300
1,130900
1,125500
1,121900
1,132100
1,126800
1,150800
1,126200
1,129700
1,128400
1,124800
1,133200
1,133300
1,125600
1,131400
1,127100
1,131100
1,131200
1,127800
1,125500
1,123000
1,129400
1,121500
1,134000
1,131300
1,131300
1,122600
1,128700
1,130200
1,129700
1,125400
1,132100
1,123000
1,155800
1,125200
1,125600
1,131200
1,125200
1,125500
1,126300
1,133700
1,133500
1,128300
1,131600
1,126000
1,130400
1,131800
1,128300
1,124800
1,124700
1,129900
1,131200
1,124100
1,124300
1,124100
1,124900
1,133100
1,131500
1,131800
1,125500
1,129000
1,133100
1,142200
1,134400
1,133200
1,131400
1,133000
1,126100
1,132400
1,130800
1,124900
1,131100
1,120600
1,124000
1,123600
1,133600
1,120800
1,133600
1,124000
1,121500
1,122000
1,123500
1,122700
1,133100
1,132800
1,125600
1,124200
1,133200
1,127000
1,123900
1,123700
1,130600
1,125000
1,129500
1,132800
1,130200
1,126700
1,126700
1,125700
1,131100
1,132500
1,124800
1,125100
1,123900
1,131600
1,125300
1,124200
1,125400
1,127800
1,123000
1,125300
1,124700
1,124100
1,126500
1,127300
1,131000
1,123900
1,124100
1,127600
1,132900
1,124900
1,126900
1,130200
1,130400
1,125000
1,128900
1,124900
1,123500
1,125500
1,129800
1,132300
1,131700
1,132000
1,128700
1,122900
1,124000
1,123100
1,130400
1,120800
1,129100
1,131400
1,125500
1,124900
1,126700
1,129800
1,125400
1,128200
1,127400
1,132000
1,131000
1,129100
1,124000
1,131700
1,137600
1,173800
1,177900
1,139000
1,138500
1,132900
1,142900
1,127700
1,135700
1,127700
1,120700
1,131000
1,126600
1,131200
1,127200
1,125300
1,124800
1,132300
1,131500
1,125200
1,132700
1,136100
1,134100
1,124900
1,130000
1,131900
1,123900
1,126100
1,132700
1,123300
1,125200
1,122500
1,128200
1,124200
1,125500
1,125600
1,132300
1,140200
1,127700
1,125900
1,130000
1,126700
1,126300
1,124300
1,124200
1,123400
1,124500
1,128400
1,130000
1,124100
1,125500
1,131600
1,131200
1,325100
1,128100
1,131100
1,128300
1,131800
1,131500
1,124600
1,125700
1,125200
1,129500
1,135300
1,122900
1,131900
1,126800
1,132800
1,134500
1,123700
1,126000
1,132100
1,122400
1,126500
1,124400
1,132400
1,123900
1,134400
1,123400
1,124000
1,144600
1,132700
1,123600
1,129200
1,124100
1,124400
1,133200
1,125300
1,131100
1,125100
1,128700
1,129600
1,128400
1,124300
1,126400
1,132900
1,130500
1,125400
1,125400
1,125900
1,129700
1,131100
1,132800
1,133000
1,128800
1,136300
1,131900
1,124400
1,131700
1,124300
1,123300
1,123200
1,124400
1,124800
1,131800
1,121900
1,122500
1,124200
1,145600
1,131900
1,135000
1,124000
1,131800
1,129600
1,127900
1,129800
1,125800
1,125900
1,130900
1,129300
1,124900
1,124700
1,126400
1,131500
1,123000
1,129500
1,125500
1,126500
1,125600
1,125500
1,124500
1,125200
1,131100
1,125200
1,132600
1,131900
1,125300
1,129500
1,134200
1,130100
1,124700
1,132300
1,128600
1,126500
1,125700
1,124100
1,122900
1,124800
1,131100
1,123900
1,128000
1,130900
1,125600
1,131300
1,125100
1,126100
1,125200
1,123600
1,124000
1,126500
1,126600
1,128400
1,126000
1,133100
1,131100
1,125900
1,128700
1,125000
1,126500
1,124300
1,123700
1,130400
1,132600
1,123600
1,125800
1,126000
1,126900
1,126700
1,124500
1,125600
1,136900
1,125400
1,123100
1,121100
1,178200
1,131800
1,122600
1,125200
1,123200
1,124200
1,124000
1,129800
1,121800
1,125400
1,130400
1,139400
1,124100
1,131400
1,132000
1,131500
1,124800
1,128400
1,127100
1,133000
1,128100
1,132400
1,131100
1,123600
1,134300
1,131400
1,133600
1,129100
1,131900
1,133900
1,131300
1,132200
1,127600
1,124200
1,121900
1,123200
1,128800
1,130500
1,128900
1,131300
1,134200
1,132900
1,126100
1,130400
1,123900
1,141800
1,136300
1,125700
1,131400
1,125000
1,129600
1,136800
1,124400
1,127600
1,131000
1,130700
1,124800
1,124300
1,128700
1,128100
1,124900
1,123300
1,125000
1,124300
1,133200
1,125800
1,123700
1,138100
1,131400
1,127500
1,132700
1,123800
1,125800
1,130600
1,125900
1,132100
1,124300
1,126200
1,124300
1,126200
1,130400
1,125300
1,128800
1,123100
1,128700
1,125600
1,131400
1,125300
1,132400
1,125500
1,128400
1,123100
1,130800
1,128200
1,130400
1,136900
1,134300
1,130900
1,124600
1,132700
1,131900
1,128800
1,123800
1,131600
1,125700
1,129700
1,129000
1,131200
1,123200
1,124600
1,132600
1,123500
1,124300
1,132500
1,130300
1,123800
1,126300
1,123700
1,125900
1,123100
1,122200
1,130800
1,125700
1,128700
1,125200
1,135700
1,124900
1,130200
1,122300
1,124300
1,131200
1,125300
1,134700
1,127600
1,127700
1,125000
1,125800
1,130700
1,136700
1,126300
1,125100
1,124500
1,124000
1,120200
1,123900
1,124400
1,125000
1,123700
1,124300
1,131800
1,124100
1,132200
1,124500
1,122900
1,127700
1,124700
1,126200
1,127400
1,125100
1,132100
1,133700
1,125300
1,132600
1,129900
1,124600
1,124000
1,130300
1,130600
1,126900
1,129400
1,123800
1,124000
1,123600
1,123700
1,125900
1,130400
1,125600
1,123300
1,129400
1,126000
1,126900
1,130500
1,133400
1,123500
1,135100
1,125600
1,131500
1,123300
1,125500
1,126200
1,123200
1,131100
1,123000
1,120400
1,127500
1,132600
1,129900
1,132100
1,125400
1,135200
1,125200
1,126500
1,122900
1,126700
1,124400
1,127100
1,128500
1,122700
1,123100
1,123900
1,123000
1,127800
1,123800
1,128100
1,131600
1,126000
1,125100
1,128800
1,133500
1,127000
1,127400
1,126900
1,127700
1,132600
1,131300
1,125900
1,150400
1,121500
1,130400
1,128400
1,128300
1,125700
1,129000
1,125300
1,133200
1,125000
1,132000
1,128900
1,131100
1,133000
1,126000
1,135100
1,125500
1,129800
1,128500
1,123900
1,129300
1,130000
1,126700
1,125500
1,131500
1,124000
1,130700
1,122900
1,129800
1,132600
1,136400
1,131900
1,125400
1,130300
1,124800
1,126700
1,131300
1,124500
1,125700
1,126300
1,123900
1,129100
1,128000
1,138300
1,123300
1,124400
1,132900
1,124600
1,122700
1,127700
1,132200
1,125900
1,127700
1,126600
1,127000
1,126200
1,133300
1,125700
1,135900
1,131700
1,133100
1,126400
1,123500
1,130300
1,130600
1,124800
1,123600
1,126600
1,129300
1,130400
1,123800
1,131600
1,126200
1,134400
1,130600
1,125500
1,125300
1,124300
1,125300
1,127100
1,123400
1,125800
1,132500
1,123900
1,125500
1,125800
1,125100
1,124500
1,130200
1,126300
1,124700
1,131500
1,130700
1,130000
1,124200
1,124800
1,131700
1,127300
1,130900
1,123200
1,132700
1,128500
1,132900
1,134500
1,127200
1,124300
1,128200
1,130900
1,126200
1,124500
1,125200
1,122900
1,124500
1,130600
1,128800
1,125300
1,132900
1,126300
1,129600
1,131000
1,126000
1,126600
1,125900
1,125200
1,134000
1,127000
1,126900
1,124200
1,126500
1,128600
1,128400
1,132000
1,127200
1,125900
1,128400
1,126000
1,122400
1,132900
1,127600
1,132900
1,126900
1,124300
1,126500
1,131100
1,132600
1,130400
1,131100
1,127700
1,128900
1,124600
1,131400
1,123300
1,123900
1,131000
1,125100
1,123600
1,122400
1,123000
1,132100
1,129400
1,129600
1,130500
1,127100
1,124500
1,122800
1,129300
1,123900
1,140900
1,125000
1,125200
1,132200
1,126800
1,127700
1,126300
1,129800
1,132000
1,129600
1,130100
1,126800
1,131800
1,128400
1,127700
1,124900
1,126300
1,135100
1,129900
1,127100
1,127100
1,128800
1,132900
1,131200
1,134200
1,131000
1,126100
1,127000
1,122300
1,131700
1,124200
1,123900
1,132600
1,124200
1,122100
1,122200
1,127000
1,124900
1,132600
1,126800
1,130200
1,121800
1,126700
1,125000
1,125800
1,124500
1,132700
1,128400
1,129200
1,130400
1,133300
1,132500
1,129700
1,123500
1,130400
1,122600
1,149200
1,131100
1,126500
1,132000
1,130900
1,120300
1,124400
1,128600
1,130700
1,228500
1,184500
1,179300
1,173500
1,172200
1,169400
1,166200
1,172700
1,164000
1,162100
1,171700
1,190200
1,176100
1,171100
1,172700
1,166400
1,160400
1,160700
1,169000
1,161500
1,169400
1,166200
1,162700
1,194200
1,187000
1,168600
1,167900
1,172400
1,163200
1,169300
1,162300
1,169300
1,159000
1,178600
1,176000
1,172000
1,160400
1,169600
1,178000
1,168800
1,170300
1,168200
1,170400
1,166600
1,158700
1,164900
1,161200
1,162900
1,179700
1,165900
1,162800
1,170200
1,171500
1,167500
1,158000
1,161900
1,168200
1,165500
1,166800
1,168500
1,167400
1,164200
1,164800
1,167800
1,172000
1,161500
1,161300
1,166600
1,180000
1,174800
1,163400
1,168700
1,170200
1,172800
1,162200
1,166500
1,168500
1,194400
1,171900
1,169400
1,167600
1,160800
1,168600
1,160200
1,166700
1,163500
1,158400
1,162800
1,167300
1,166700
1,156500
1,172900
1,169700
1,160100
1,165800
1,172300
1,164200
1,167800
1,167000
1,168100
1,170700
1,169300
1,172000
1,170800
1,172100
1,170400
1,162200
1,170700
1,173600
1,161400
1,169200
1,170200
1,159900
1,155200
1,177700
1,161700
1,154000
1,159500
1,166900
1,164100
1,164400
1,169400
1,159100
1,166100
1,168400
1,170600
1,169800
1,160800
1,170100
1,180100
1,174100
1,163000
1,158500
1,161800
1,169900
1,159900
1,161800
1,164800
1,163600
1,167900
1,159000
1,166600
1,160900
1,172700
1,159300
1,169300
1,157100
1,165300
1,174000
1,162600
1,164000
1,163600
1,157800
1,161400
1,162200
1,159500
1,164600
1,159700
1,168900
1,159100
1,174400
2,193400
2,187900
2,206800
2,200700
2,193500
2,187200
2,195800
2,187500
2,194500
2,202000
2,185900
2,190600
2,192000
2,189400
2,191300
1,160300
2,199700
2,193400
2,192200
2,200600
2,195300
2,210200
2,200700
2,198300
2,193100
2,195600
2,186700
1,167600
2,196300
2,209000
2,190200
2,190300
2,194700
2,195600
2,194100
2,193400
2,192500
2,190800
1,168800
2,206400
2,189100
1,167600
2,192800
2,189900
2,189100
2,193900
2,193800
2,186700
2,192300
2,193400
2,188700
2,187500
2,213500
2,198000
2,191700
2,185900
2,193500
2,196400
2,186600
2,203900
2,191600
2,187000
2,193100
2,212100
2,195800
2,188300
2,200100
2,190900
2,196900
2,203500
2,187000
2,197100
2,195700
2,236300
2,195900
2,196400
2,224800
2,196800
2,205200
2,196900
2,193800
2,190700
2,188000
2,195100
2,195200
2,190500
2,186100
2,198500
2,196000
2,202900
2,192300
2,192600
2,194700
2,194600
2,225400
2,199700
2,197800
1,172300
2,207600
2,202100
2,207700
2,199200
2,310900
2,199800
2,202100
2,199800
2,194900
2,204000
1,173800
2,192400
2,189800
2,197000
2,193700
2,189000
2,189800
2,186800
1,167500
2,198700
2,188400
2,184500
2,187500
2,185700
2,197300
2,187600
2,187300
2,190600
2,194500
2,200400
2,185100
2,188700
2,216900
2,202500
2,188500
2,191900
2,183700
2,189200
2,199000
2,195400
2,195600
1,161600
2,181000
2,193900
2,183500
2,190700
2,192600
2,193200
2,192800
2,198900
2,195800
1,162200
2,199100
2,186400
2,195500
2,195700
2,189900
2,193100
1,169800
2,201200
2,193600
1,160100
2,192700
2,189700
2,192100
2,220900
2,187900
2,190800
2,191600
2,222300
2,190200
2,183500
2,186700
2,196000
2,192600
1,160100
2,190700
2,194200
2,193300
2,196600
1,160000
2,186400
2,182900
2,191900
2,188200
2,194100
2,186600
2,192700
2,193300
2,192300
2,190800
2,216700
2,189600
2,196800
2,215800
2,197500
2,210700
2,243500
2,206200
2,228100
2,199600
2,198600
2,199600
2,192200
2,191200
2,202800
2,192500
2,192800
2,200400
2,196700
2,189600
2,243800
2,193400
2,192900
2,186500
2,186200
2,188100
2,191900
2,217200
2,196500
2,187300
2,640600
2,569100
2,204500
2,186900
2,187000
2,193600
2,193700
2,189300
2,183700
2,190300
2,195600
2,200400
2,197300
2,194400
2,190100
1,177100
2,201500
2,227700
2,217000
1,181300
2,193600
2,192300
2,198200
2,207700
2,196300
2,194600
2,197600
2,195000
2,186800
2,196600
2,193000
2,185500
2,192700
2,189500
1,168800
2,186600
2,198300
2,187800
2,194200
2,191900
2,193700
2,194300
2,199200
2,194000
2,190500
2,191600
2,189300
2,221600
2,197100
2,187800
2,196900
1,163300
2,199500
2,191100
1,168100
2,186300
2,197000
2,214900
2,209900
2,191300
2,194500
2,185800
2,200100
2,187200
2,205400
2,203400
2,206900
2,186600
2,193600
2,192400
2,214300
2,201000
2,199300
2,196100
2,211500
1,161800
2,193700
2,195000
2,186000
2,185700
2,187100
2,198100
2,189500
2,192000
2,194700
2,192500
2,194800
2,192300
2,190600
2,183700
2,187000
1,175200
2,195800
2,185300
2,193600
2,193900
2,195600
2,191500
2,185900
2,183000
2,188900
2,200300
2,196200
2,184800
2,189900
2,185700
2,190000
2,194800
2,184100
1,157000
2,193900
2,187400
2,196000
2,196700
2,218400
2,196900
2,191500
2,283400
1,169200
1,166800
2,185200
2,199800
2,190500
2,188100
2,192500
2,196300
2,194800
2,195500
2,194600
2,187300
2,194200
2,207000
2,189500
1,166300
2,195400
2,187700
1,162800
2,199100
2,194600
2,188600
2,201100
2,202100
2,186900
2,191300
2,184600
2,187500
2,192100
2,194200
2,188000
2,195000
2,201000
2,196500
2,191600
2,190600
2,191800
2,192800
2,185900
2,186300
2,191200
2,197100
2,188800
2,204000
2,191200
2,192000
2,194200
2,190200
2,191600
2,187300
2,194500
2,197000
2,192700
2,193500
2,188600
2,185400
2,186600
2,185900
2,188500
2,186900
2,187900
2,194400
2,186000
1,159600
2,191200
2,191800
2,184100
2,184100
2,192700
2,195300
2,186000
2,194400
2,182700
2,187600
2,202000
2,186900
2,194500
2,230400
2,189300
2,188900
1,161400
2,194300
2,187800
2,195900
2,200700
2,192500
2,187600
2,193000
2,193900
2,185900
2,186200
2,195100
2,187700
2,184200
1,170600
2,187000
2,191400
2,192500
2,188600
2,188300
2,181700
2,188500
2,191000
2,197300
2,197100
2,189800
2,186300
2,214300
2,334400
2,192600
2,196600
2,196400
2,187200
1,174200
2,196400
2,192400
2,210900
2,193100
2,189700
2,208700
2,185200
2,185600
2,196200
2,197000
2,188900
2,194200
2,187600
2,193300
2,187100
2,216400
2,195800
2,192600
1,166900
2,191000
2,185400
2,183200
2,192000
2,194900
2,193000
2,191300
2,191500
2,189700
2,214600
2,196800
2,190900
2,192300
2,193300
2,184500
2,184900
2,183800
2,186200
2,183000
2,205000
2,198600
2,193200
2,194700
2,188600
2,195700
2,187800
2,188500
2,185500
2,191600
2,191800
2,199900
2,189100
2,183600
2,196800
1,158100
2,194100
2,186500
2,243700
2,191700
1,171900
2,203800
2,192600
2,195900
2,186500
2,185000
2,186100
2,194000
2,191600
2,190700
2,250900
1,186500
2,194600
2,190900
2,191400
2,197500
2,199400
2,193100
2,192500
2,198300
2,190100
2,198100
2,202400
2,190500
2,189400
2,201300
2,192500
2,201200
2,201700
2,200800
2,205000
2,206900
2,223100
2,204500
2,199700
2,192400
2,192200
2,190400
2,193600
2,195500
2,211500
2,193200
2,204600
2,195800
2,201700
2,203800
2,201700
2,198900
2,194200
2,198100
2,204500
2,193500
2,188600
2,191900
2,192300
2,197800
2,188100
2,193600
2,192500
2,306300
2,193400
2,191300
2,211600
2,197800
2,191200
2,194700
2,197500
2,205300
2,194100
2,193800
2,193600
2,194800
2,191200
2,194600
2,190000
2,193200
2,187100
2,199600
2,190900
2,193000
2,213200
1,197500
2,199500
2,196500
2,196100
2,194100
2,243100
2,202400
2,196600
2,215600
1,178900
2,205100
2,198000
2,196700
2,203500
2,192100
2,201600
2,193700
2,193900
2,191700
2,190000
2,196600
2,184700
2,195400
2,213800
2,199100
2,203000
2,185800
2,190900
2,194100
2,193900
2,193500
2,189300
2,195300
2,184600
2,187700
2,194100
2,188900
2,187000
1,160100
2,189700
2,192600
2,187000
1,161400
2,184200
2,188300
1,167700
2,207000
2,189000
2,187500
2,198500
2,192400
2,196300
2,194900
2,187800
2,186700
2,200000
2,197200
2,187100
2,185300
2,193200
1,164900
2,187700
2,195900
2,187400
2,194200
2,198100
2,189600
2,194700
2,195000
2,194000
2,192300
2,192600
2,186100
2,188000
2,190800
2,222400
2,201700
2,186200
1,162700
2,194500
2,194700
2,190700
2,190900
2,189000
2,186100
2,213300
2,195100
2,192000
2,189500
2,190900
2,196400
2,270400
2,249700
2,206500
2,212600
2,207300
2,195700
2,203500
2,199200
2,188700
2,201600
2,196500
2,193600
2,191400
2,194200
2,193400
2,184900
2,190200
2,187500
2,194100
2,194200
2,196900
2,196500
2,186800
2,198600
2,188100
2,196500
2,195900
2,192800
2,189400
2,186800
2,189000
2,192700
2,183700
1,169800
2,195800
2,188700
2,184600
1,164500
2,221800
2,198200
2,190000
2,188700
2,197900
2,196800
2,187700
2,188900
2,189000
2,193000
2,185300
2,185600
2,193300
2,193500
2,197800
2,195500
2,193400
2,200600
2,186400
2,193000
2,193200
2,188800
2,190300
2,197100
2,188200
2,188900
2,188800
2,186300
2,183500
2,187300
2,190400
2,193600
2,219900
1,175600
2,194200
2,193300
2,196600
2,196700
2,191900
1,170400
2,189400
2,194400
2,190200
2,188700
2,193200
2,196400
2,187600
2,185500
2,190100
2,189500
2,194500
2,190600
2,196300
2,191700
2,187200
2,190200
2,189300
2,194800
2,209700
2,187000
2,195300
2,192800
2,191900
2,193100
2,186700
2,199100
2,196400
2,185200
2,186100
2,196300
2,208100
2,195500
2,190600
2,194600
2,194100
2,191500
2,194700
2,184300
2,190600
2,191000
2,188100
2,189700
2,327400
2,196200
2,200500
2,194700
2,185600
2,193700
2,193200
2,192500
2,189000
2,209600
1,167400
2,188600
2,198000
2,232300
2,207000
2,198000
1,158300
2,186600
2,193100
2,192800
2,191700
2,185500
2,199200
2,198800
2,195600
2,195600
2,193700
2,187500
2,195100
2,224100
2,204500
2,194900
2,200500
2,198300
2,191100
2,190400
2,191100
2,188900
2,198900
2,195100
2,195500
2,198100
2,197500
2,194800
2,198500
2,197800
2,195000
2,194700
2,191900
2,190000
2,194700
2,197300
2,194100
2,196800
2,193500
2,196600
2,198500
2,194200
2,195800
1,157500
2,193100
2,194700
2,197000
2,199300
2,187100
2,195500
2,189400
2,190300
2,188100
2,194700
2,195500
2,198500
1,162900
2,189500
2,196000
2,189900
2,192600
2,193900
1,158600
2,187700
2,185500
2,192500
2,200900
2,189900
2,196300
2,194100
2,205000
2,196900
2,199600
2,221300
2,202300
2,185200
2,185100
2,188600
2,190900
2,191600
2,194700
2,186700
2,191900
2,186400
2,188700
2,204900
2,194500
2,191300
2,189400
2,214700
2,193300
2,198200
2,188600
2,189800
2,201900
2,200700
2,199300
2,194100
2,188600
2,188300
2,193800
2,194500
2,193400
2,187000
2,198800
2,186800
2,184900
2,191000
2,190200
2,186400
2,193900
2,188200
1,169000
2,195500
2,196500
2,189400
2,225200
2,186600
2,196600
2,195600
2,190400
2,194100
2,185500
2,187500
2,205400
2,195400
1,169700
2,193900
2,192200
2,192200
2,186400
2,210300
2,196700
1,169400
2,200000
2,188300
2,185300
2,188700
2,195100
2,194600
2,188000
2,187800
2,189100
2,214700
2,198300
2,196300
2,187100
2,192800
2,194800
2,193200
2,194600
2,192700
2,198700
2,194900
2,192700
2,196200
2,187500
2,190200
2,183200
2,194200
2,185600
1,169600
2,190600
2,188900
2,195400
2,197500
2,206900
2,195800
2,228700
2,223600
2,185800
2,196900
2,195400
1,160900
2,194400
1,158800
2,191700
2,217900
2,194700
2,208500
2,190700
2,187400
2,187600
2,194700
2,203000
2,189400
2,188200
2,186700
1,157400
2,196600
2,182800
1,169800
2,196300
2,194800
2,191500
1,170300
2,192900
2,193700
1,170900
2,182500
2,194300
2,186700
2,188500
2,190000
2,201900
2,195600
2,194400
2,193600
2,187600
2,241100
2,184500
2,192800
2,193200
2,192500
2,192000
2,186700
2,192200
2,190200
2,356500
2,196600
2,184200
2,193900
2,193100
2,197600
2,189700
2,191900
2,183200
2,190300
2,187200
2,189100
2,194000
2,193000
2,194300
2,197600
2,189500
2,190900
2,186200
2,187600
2,187800
2,185300
2,190300
2,191300
2,194100
2,194800
2,198100
2,187300
2,186800
2,215500
2,235100
2,202500
2,186000
2,208000
2,189700
2,203100
2,190400
2,192300
2,195500
2,187300
2,194400
2,192200
2,191700
2,186900
2,182600
2,200100
2,193300
1,158200
2,183400
2,190400
2,191600
2,196000
2,195700
2,190200
2,185400
2,201200
2,197700
2,191600
2,188100
2,198200
1,160400
2,185800
2,192500
2,191700
2,188000
2,196900
2,196700
2,190600
2,191800
2,187200
2,193700
2,187000
2,191400
2,187400
2,239900
2,200800
2,197500
2,194400
2,188900
2,192400
2,182800
2,192500
2,194300
2,186400
2,189100
2,198300
2,195000
2,187000
2,215400
1,157000
2,194600
2,185400
2,191300
2,191600
2,192900
2,198300
1,169000
2,191600
2,192700
2,186400
2,193100
2,188400
2,195500
2,185000
2,191500
2,197500
2,190200
2,194100
2,195500
2,215100
2,201900
2,198600
1,269200
2,237300
2,252800
2,207200
2,202700
2,195000
2,191200
2,190500
2,197400
2,194800
2,193600
2,216500
2,193800
2,191000
2,192700
2,184800
2,182200
2,184500
2,184000
2,192500
2,195000
2,191500
2,192300
2,183700
1,168100
2,186900
2,186800
2,185400
2,188000
2,183000
2,201600
2,198300
2,199200
2,193200
2,192500
2,189900
2,202900
2,194200
2,193000
2,192600
2,204400
2,196400
2,214500
2,185500
2,194100
2,194500
2,185400
1,157700
2,188100
2,185500
2,194700
1,168400
2,189700
2,184100
2,194800
2,186300
2,184700
2,193000
2,185900
2,188300
2,189900
2,192000
2,192700
1,166000
2,182500
2,185400
2,188300
2,192600
2,194800
2,192500
2,194400
2,199400
2,191700
2,188400
2,187300
2,190100
2,215400
2,192600
2,325900
2,191900
2,192000
2,191700
2,184700
2,191100
2,195200
2,195400
2,185500
2,192100
2,190600
2,192400
2,209000
2,194400
2,186800
2,185700
2,191400
2,185400
2,183100
2,185200
2,193400
2,184700
2,198100
2,186000
2,196000
2,186800
2,185900
2,183400
2,192500
1,167100
2,184500
2,195400
2,195600
2,195900
2,187500
2,192200
2,209000
2,186600
2,214400
2,184500
2,186100
2,190000
2,252600
2,191600
2,183900
2,184000
2,189400
2,185100
2,187600
2,184300
2,190800
2,183500
2,198300
2,193100
2,185600
2,192500
2,183400
2,183900
2,185500
2,194700
2,185900
2,192000
2,209900
2,190700
2,192300
2,185800
2,184600
2,193400
2,192800
2,191700
2,196400
2,193800
2,198300
2,218800
2,195100
2,194700
2,195300
2,196400
2,195500
2,192800
2,212400
2,200400
2,206000
2,195100
2,196000
2,193800
2,186900
2,193100
2,186500
2,209500
2,250800
1,172000
2,212100
2,198800
2,193700
2,197800
2,297800
2,213100
2,216000
2,198100
2,201500
2,186500
2,193600
2,199600
2,193200
1,165100
2,183400
2,191100
2,186900
2,195200
2,199000
2,193600
2,192000
2,185000
2,191400
2,198500
1,169600
2,197100
2,196800
1,168200
2,236900
2,218900
2,191000
2,198000
2,189900
2,190600
2,199900
2,199300
2,196000
2,192700
2,197000
2,195000
2,193100
2,189200
2,195300
1,160900
2,214300
2,194600
2,192500
2,193900
2,201100
2,196300
2,191100
2,184100
1,165300
2,192400
2,191300
2,187100
1,167200
2,182200
2,196300
2,234800
2,250900
2,196300
2,192100
2,198000
2,196900
2,190300
2,190500
2,190100
2,191300
2,191800
2,194600
2,199300
2,191600
2,183600
2,186300
2,192400
2,192300
2,197000
2,196300
1,160700
2,187100
2,187200
2,193700
1,157700
2,194700
2,189000
2,182400
2,196200
2,219400
2,197600
2,192800
2,183200
2,192900
2,187100
2,189900
2,184300
2,183200
2,194100
2,198900
1,161600
2,184100
2,187700
2,213800
2,188200
2,192800
2,192500
2,206500
2,193600
2,197900
2,187300
2,186100
2,188000
2,193300
2,192000
2,193800
1,161400
2,191400
2,188900
2,198300
2,224700
2,186900
2,184900
2,194600
2,214200
2,192800
2,192900
2,185600
2,186200
2,197800
2,190600
2,192900
2,193600
1,164000
2,192100
2,188700
2,192100
1,157300
2,194000
2,200900
2,222300
2,194900
2,190000
2,194800
2,188200
2,198100
2,194700
2,188100
2,189600
1,165900
2,187400
2,183200
2,190200
2,209000
2,193100
2,187000
2,187800
2,185100
2,194500
2,192900
2,191500
2,186000
1,163300
2,184100
2,193700
2,195100
2,187600
2,193000
2,190000
2,187700
2,185000
2,189800
2,193600
2,185900
2,195000
2,193600
2,186500
2,183400
2,183300
2,207200
2,189400
2,194600
2,186300
2,193600
2,197000
2,190500
2,322100
2,190600
2,198700
2,192500
2,193300
2,186000
2,190400
2,194900
2,185000
1,168300
2,194200
2,198900
2,193800
2,187700
2,187900
2,191400
2,194200
2,186400
2,184500
2,189300
2,192300
2,196400
2,210200
2,191600
2,194800
2,186700
2,191500
2,196400
2,188100
2,191300
2,187400
2,199900
1,164900
2,217600
2,198200
2,188700
2,189300
2,205400
2,187400
2,195500
2,194600
2,190100
2,195000
2,192400
2,195400
1,167700
2,185000
2,183100
2,191600
2,185100
2,184800
2,190500
2,190700
2,208300
2,187600
2,186200
2,192800
2,192900
2,188000
2,192500
2,191400
2,191000
2,192900
2,187500
2,192100
1,169400
2,192800
2,185200
2,194400
2,191600
2,181800
2,189500
2,200200
2,201200
2,184300
2,186800
2,182300
1,160300
2,192800
2,189800
2,185000
2,189000
2,200000
2,193300
1,160000
2,219800
2,199300
2,197400
2,190600
2,196300
2,194100
2,194400
2,205000
1,169700
2,185600
1,175400
2,196000
2,195100
2,189900
2,200200
2,190600
1,154100
2,217600
2,195100
2,192900
2,194000
2,215900
1,160100
2,191100
2,202800
2,190400
2,195200
2,192600
2,195400
2,191200
2,194000
2,184400
2,184700
2,183700
2,188900
2,190900
2,188100
2,197100
2,182700
2,186100
2,186600
2,187700
2,192600
2,207000
2,192400
2,193500
2,191800
2,193100
2,188500
2,196100
2,191200
2,184100
2,183000
2,195400
2,186300
2,191200
2,193900
2,189200
2,185500
2,191900
2,181700
2,190500
2,186000
2,194800
2,187600
2,195500
2,186100
2,187100
2,201300
2,199600
2,185800
3,221100
3,208700
3,213400
3,212700
3,214100
3,219900
3,211900
3,213200
3,210500
3,218100
3,224300
3,221200
3,222800
3,219300
3,234700
3,227300
3,222700
3,215500
3,213500
3,217800
3,211400
3,218600
3,219300
3,216900
3,220200
3,215300
3,218400
3,218000
3,221600
2,213700
3,243800
3,254500
3,212400
3,219400
3,212100
3,213000
3,217200
3,225600
3,220000
2,194200
3,225100
3,220600
1,169900
3,210100
3,218500
3,222200
3,220500
3,217200
3,219000
3,229000
3,228400
1,182000
3,222800
3,218400
2,199300
3,216100
3,221800
3,220800
3,232600
3,216400
3,217100
3,250800
3,212000
3,221800
3,217400
3,216400
3,221500
3,224500
3,213800
3,217900
3,221400
3,217200
3,220200
3,214700
3,210300
3,207900
3,224500
3,212100
3,220200
3,210300
3,209700
3,219400
3,211500
3,223200
3,223100
3,218000
3,213800
3,213300
3,220300
3,217000
3,244000
3,208900
3,221200
3,205400
1,172000
3,214700
3,210500
3,218100
3,212300
3,219200
3,235600
3,220900
3,218100
1,178300
3,225800
3,226000
3,214900
3,219500
3,219000
3,217600
3,221900
3,228600
3,223100
3,234700
3,223700
3,218300
2,184200
3,216400
3,211600
3,216100
2,203500
3,216000
3,211500
2,210500
3,208400
3,219700
3,214400
3,222000
3,224800
2,202600
2,198200
3,228200
3,219500
3,220600
3,216900
3,222200
3,220500
3,210400
3,227700
3,218500
3,211300
3,212200
3,216000
3,225300
3,222800
3,215200
3,215000
3,229300
3,262400
3,221800
3,220700
2,198700
3,214200
3,219000
2,187400
3,214700
3,223700
3,229500
3,227100
3,220600
3,219100
3,215000
3,222400
3,213800
3,229900
3,219400
2,187700
3,213800
3,211700
3,221400
3,238700
2,219500
3,215700
3,232000
3,233700
2,189900
3,219300
3,226000
3,215900
3,227400
3,214500
3,215300
3,221800
3,217100
1,162300
3,214000
2,194800
3,259500
3,227600
2,201300
2,188000
3,222200
2,200500
3,229800
3,223000
2,189000
3,220500
2,198400
3,220300
3,253700
3,225000
3,225900
3,222900
3,216800
3,233000
3,222000
3,218100
3,217400
3,221500
2,193500
3,225700
3,246800
3,417800
3,225300
3,219500
3,216400
3,232900
3,228100
3,215500
3,225100
3,217000
3,223300
3,216200
3,219000
3,225100
2,201600
3,225800
3,247200
2,193600
3,259200
3,221600
3,224600
3,225000
3,224800
3,226300
1,172200
3,218900
3,219900
3,241200
3,242800
3,241000
3,224700
3,251000
3,267100
3,235900
2,193600
3,225500
3,236700
3,222700
3,220700
2,197600
3,223400
3,220000
3,216100
3,217200
3,225200
3,224100
3,212600
3,243200
3,234400
3,228000
1,172200
3,223200
3,225800
3,219200
3,224000
1,165400
3,224700
3,227700
3,227000
3,224900
3,226300
3,221300
3,219600
3,218200
3,216100
3,223300
3,216700
3,223600
3,221800
3,220100
1,163300
3,213300
3,222200
3,215900
3,222600
3,221000
1,168900
3,222200
3,222600
1,157200
3,251500
3,222100
3,222700
3,214400
3,218700
3,226900
3,215900
3,214200
3,221200
3,222600
3,225200
3,224600
3,224600
3,223300
3,233900
3,224700
3,227200
3,216800
3,236100
3,228800
3,223400
3,226500
1,172200
3,213600
3,213600
3,225000
3,214900
3,223600
3,222300
3,222200
3,243200
3,223000
3,210700
3,213700
3,219000
3,214400
3,219600
3,217700
3,224200
3,243900
3,212700
3,220800
3,251600
3,212800
3,266700
3,215900
3,207900
3,225600
3,213400
3,211800
3,219700
3,214300
3,214800
3,219300
2,195600
3,218700
1,168300
3,222300
3,217300
3,215000
3,206700
3,215800
1,164000
3,216100
3,217000
3,228600
3,225000
3,214800
3,216400
3,217300
3,213400
3,221900
3,212300
3,225800
3,216900
1,159300
3,210000
3,211800
3,212000
3,210200
3,247800
3,216000
3,220100
1,162400
3,220700
3,215800
3,220500
3,223100
3,224800
3,243600
3,233900
3,228100
3,223800
3,218600
3,222100
3,215400
3,224000
1,165600
3,221600
3,215500
3,219900
3,212900
3,212900
2,189400
3,211200
3,222800
2,194600
3,220200
3,212900
3,221500
3,220800
1,160200
3,209900
3,220900
3,217300
3,211100
3,216100
3,206400
3,223600
2,193600
3,215700
3,219200
3,214200
2,393500
3,215900
1,166700
3,211800
3,228700
3,213600
3,213900
3,213100
3,216200
3,217300
3,222800
3,209600
3,217200
3,220700
3,213800
1,181700
3,216800
2,210200
3,218500
3,212200
3,206900
3,213400
3,227800
3,210700
3,248600
3,217100
3,221200
3,219500
3,208900
3,214200
3,219300
3,220000
3,215100
3,279000
3,332600
3,318900
3,234400
3,223100
3,238700
3,226700
3,227400
3,253200
3,216300
3,220400
3,220500
3,213300
3,224000
3,222200
3,213100
3,212400
3,220000
3,212200
3,213700
3,218100
3,221700
3,218800
1,161700
3,217000
3,209800
3,217600
3,210000
3,210800
3,209100
3,219300
3,220400
3,214100
3,218200
3,217300
1,176700
2,193500
3,214700
3,214100
3,209800
3,221000
3,221300
3,219500
3,222500
3,211300
3,208400
3,218900
3,215200
3,209500
3,255700
3,223200
3,213900
3,211700
3,211900
3,221900
3,211900
3,236900
3,221400
3,215500
3,222500
3,217000
3,220900
3,217700
3,220400
3,212000
1,165900
3,221500
3,222100
1,159500
3,215100
3,251500
3,225700
3,212300
3,213600
3,229000
3,215100
3,218500
3,214600
3,221000
3,211800
3,207900
3,212600
3,218800
3,218000
3,375100
3,214200
3,220500
3,211900
3,218800
3,209200
3,209900
3,211000
3,217300
3,226600
1,170000
3,210300
3,220300
3,209700
3,220500
3,220200
3,221600
3,218700
1,171100
3,216700
3,214700
1,165700
3,220200
1,167100
3,221400
3,219000
3,257200
3,229300
3,218400
3,221300
3,219700
3,244800
1,165300
3,216800
3,225200
3,216800
3,228700
3,223900
1,167000
3,251100
3,227500
3,220700
1,170600
3,216800
3,221700
3,229500
3,224700
3,213500
2,185500
3,212100
3,236600
1,162500
3,235600
1,177500
3,213900
3,220800
3,213500
3,220500
3,212100
3,209800
3,216400
3,220600
3,219800
2,189500
2,203300
3,212800
3,218300
3,221900
3,215900
3,222700
3,220600
3,224900
3,220200
3,217700
3,221200
1,164000
3,219700
3,224800
3,214500
3,211100
1,167500
3,248100
3,220600
2,195900
3,216300
3,211300
3,215700
3,216800
3,209800
1,154900
3,219500
3,217200
3,212700
3,220000
3,217900
3,212200
2,191100
3,220100
3,220000
3,218000
3,223100
1,168000
3,220500
3,221900
1,159300
3,226000
3,213400
3,210400
3,211600
3,227300
3,214300
3,216900
3,230300
3,212800
3,220000
3,221500
3,216200
3,217200
3,223800
3,220800
3,223800
3,215000
3,231400
3,229000
3,207100
3,235200
3,245500
3,216300
3,219900
1,160200
2,194300
3,226800
3,224900
3,220000
3,227600
1,180200
2,205100
3,228400
3,220100
3,291400
3,231100
2,200400
3,217900
3,217000
3,226900
3,227100
3,228600
2,204000
3,220900
3,220700
3,219300
3,225400
3,229100
3,236200
3,233300
3,230100
3,232000
3,225500
3,223200
3,229500
3,261800
3,242300
3,234700
3,224900
3,223000
3,231700
3,236300
3,231400
3,226700
3,236400
3,235600
2,204400
3,221300
3,223900
3,220800
3,227900
2,195900
3,220000
3,230000
3,221000
3,230800
3,240700
1,171000
3,223800
3,252200
3,227700
3,215200
3,222700
3,213800
2,199300
3,220100
3,237900
3,221900
2,192600
3,224400
3,325400
3,272500
3,234000
3,235200
3,231200
3,233200
3,229900
3,231300
3,229600
3,231100
3,225100
3,220700
3,230700
3,229600
3,231400
3,233400
3,274000
3,234400
3,236600
3,232300
1,178400
3,224800
3,231600
1,174000
3,224700
3,229900
3,242000
3,301300
3,228800
3,237600
3,232800
3,232300
3,231400
3,229500
3,235700
3,242400
3,222300
3,227200
3,215800
3,215400
3,216300
3,224100
3,214000
3,227400
3,220000
3,217900
1,169100
3,215000
3,211200
3,221300
3,222600
3,213200
2,200200
3,221000
3,223200
3,215400
3,222300
2,188800
3,223200
3,222400
3,214400
3,222800
3,222100
3,223400
3,251300
2,218500
3,225000
3,214300
3,224900
3,223400
3,226700
3,215600
3,212500
3,216400
3,221500
3,225400
3,254900
3,216200
3,231500
3,218200
3,213000
3,221300
2,193000
3,225600
3,215900
3,222600
2,237100
3,257200
3,217300
3,224500
3,227300
3,225700
3,216800
3,217700
1,160800
3,220900
3,217000
3,217200
3,221300
3,225100
3,210800
3,218400
3,227700
3,227700
1,173700
3,222800
3,224600
3,223100
3,216500
3,219300
3,222500
3,219400
3,227200
3,223000
3,215500
3,214100
3,221200
3,219900
3,220400
3,212700
3,209300
3,217200
3,210800
3,212100
3,217400
2,200700
3,221600
3,224400
2,188900
3,470300
3,310700
3,256100
3,221700
3,232400
3,228700
3,227600
3,226500
3,226100
3,220300
3,222500
3,222900
3,218400
3,217600
2,194000
3,215200
3,217500
2,194100
3,212600
3,211600
3,211200
3,218300
3,216600
3,222400
3,212200
3,222800
3,216800
3,222200
3,214100
3,213600
3,224700
3,222100
3,274100
3,224000
3,223200
3,223900
3,216200
3,216400
3,278500
3,219800
3,212800
3,217100
3,221400
3,225400
2,197200
3,210400
3,209800
3,209100
3,214400
3,213000
3,211400
3,210700
3,225500
3,220200
3,218400
3,218400
3,208600
3,218200
3,215400
3,217200
3,219800
3,258800
3,222700
3,212000
3,219800
3,211900
2,194200
3,220300
3,233000
3,254700
2,201600
3,219600
3,230400
3,227900
3,225400
3,215500
2,188500
3,219700
3,228300
3,217800
3,219500
3,211500
3,216200
3,212500
3,217100
3,212500
3,208500
3,220700
3,212600
3,220400
3,217600
2,193700
3,214300
1,159400
3,219100
3,221700
3,224600
3,221800
3,212700
3,212300
1,160800
3,212100
3,219100
3,221300
3,212300
3,226600
3,221000
3,249700
3,215300
3,220300
3,210900
3,219400
3,212300
3,208500
3,219200
3,213600
3,219300
3,219200
3,218900
3,262500
3,213100
3,213300
3,213700
3,227900
3,215600
3,219800
3,211200
3,219100
3,209800
3,226400
3,210500
3,217200
3,224000
3,213800
3,220000
3,221400
2,191900
3,218500
3,213600
3,221300
3,233800
3,230000
3,215300
3,222700
3,223300
3,224500
3,248500
3,253200
3,212200
3,217500
3,214600
3,220600
3,211100
3,217400
3,210400
3,210700
3,212800
3,227100
3,215900
3,214900
1,159200
3,218700
3,218500
3,220200
3,217000
3,211800
3,219800
3,224900
3,217000
3,220400
2,189500
3,230000
3,212800
3,215300
3,211800
3,219600
3,227400
3,220700
3,215600
3,221400
3,224200
2,192500
3,221700
3,222100
2,189700
2,198600
3,215500
3,223200
3,217800
3,213600
1,160900
3,218400
3,212500
3,211100
3,220500
3,221200
3,219800
3,217200
3,210500
3,214500
3,211300
3,238300
3,213500
3,222200
1,163300
3,221900
3,218100
3,212700
3,223600
3,226400
3,437000
3,224900
3,222100
3,218800
3,216900
3,215200
3,222700
3,208600
3,215400
3,218400
3,221300
3,217200
3,210100
4,234400
4,242500
4,236200
4,243600
4,244900
4,250700
4,237200
4,241200
4,246000
4,246300
4,247300
4,235500
4,241400
4,267500
4,242400
4,235300
4,239200
4,241800
4,235900
4,245300
4,245400
4,247500
4,245000
4,247000
4,244500
2,195200
4,243700
2,200900
4,245800
4,250400
4,246800
4,246900
4,244100
4,243600
4,233900
4,241900
4,246200
4,248000
4,239200
4,240000
4,251800
4,253000
4,252300
4,249200
4,244100
4,270100
4,248500
4,273000
4,250600
4,240100
1,171900
4,246400
4,254400
4,250600
4,251900
4,245400
4,244200
4,239900
4,259200
4,242600
4,246100
3,227500
4,248400
4,243000
1,165700
4,246800
4,238100
4,236200
4,431000
4,253900
4,236400
4,233000
4,278500
4,243700
4,251500
4,245600
3,215700
4,245700
4,244900
4,244900
4,240900
4,241100
4,236900
3,211400
4,246100
4,241700
4,234100
2,192500
4,242200
4,283200
3,224100
4,243300
2,197900
4,242200
4,249400
4,234000
4,240100
4,242600
4,237500
2,194500
4,240000
4,258900
4,239500
4,239300
4,242100
4,235200
4,237800
4,261000
2,196200
4,258200
4,239200
4,238200
4,239200
4,240500
4,248200
4,245400
4,237300
4,251000
4,236300
4,237000
4,243500
4,238100
4,238100
4,240600
4,244400
4,252400
4,259800
4,320800
4,248600
4,244800
4,305200
1,173900
4,260100
4,257500
4,243300
4,246500
4,249600
4,245100
4,270900
2,217400
3,230400
4,249700
4,258800
2,195600
4,243300
4,243000
4,248800
4,237500
4,249400
4,248900
4,244500
4,244300
4,247000
3,221500
4,237600
4,243300
3,218900
4,236900
4,243900
4,245700
1,169000
4,246200
4,248400
4,244400
4,240700
4,246700
1,161500
4,237300
4,238300
4,241400
4,245200
4,551400
2,378900
4,360200
4,329600
4,326900
4,345000
4,358200
2,265100
4,338400
4,331200
4,339400
4,326200
4,379000
4,335200
4,326100
4,323900
4,320100
4,289000
4,429000
3,250400
4,278700
4,253700
4,244900
4,278400
4,248500
4,246200
4,249400
4,239300
4,243600
4,238300
4,250700
4,247900
4,287100
4,255500
4,261100
4,246500
4,236000
4,245300
3,211200
4,237500
4,235200
4,250400
4,239500
4,245600
4,247000
4,244200
4,247600
1,162300
4,240800
4,254800
1,173600
4,245600
4,242300
4,246900
4,264600
4,243700
4,246500
4,243500
2,199400
4,249500
4,251400
4,241000
4,248600
3,219500
4,243500
4,249400
4,249500
4,238000
4,237000
4,238700
4,274300
4,239400
4,247200
4,250200
4,240700
4,235000
4,246200
4,275500
4,245100
4,245400
4,252800
4,262100
4,243000
4,246100
4,247100
4,246800
2,186800
3,235900
4,242300
4,244200
2,192800
4,241900
4,242100
4,236000
4,237200
4,237300
4,248300
4,242300
4,241400
1,157300
1,160500
4,242500
4,242400
3,217600
4,238600
4,250300
4,242000
4,243500
4,245800
4,249500
4,238500
4,238200
4,242100
1,164900
4,243200
1,167100
4,240000
4,238400
4,235000
4,259800
4,255900
4,249200
4,237500
4,239300
4,246700
2,188700
4,247100
4,243700
4,240600
4,234500
4,241900
4,262000
2,189500
4,236000
4,243000
4,239900
4,236700
1,166800
4,251900
4,247500
4,246600
4,246700
4,282600
4,248300
4,238700
4,238400
4,255800
4,236900
4,246900
4,243000
4,246700
4,247000
4,244600
4,246900
4,238200
4,244700
4,242100
4,235700
4,272300
4,246400
4,240600
4,242500
4,242800
4,236400
4,238100
4,242400
2,188600
4,237200
4,238800
4,236800
4,245500
1,156900
4,250000
4,243500
4,241500
4,244600
4,240900
4,245700
4,245300
4,247700
4,250500
4,238700
4,244800
4,235800
4,278000
4,247800
4,244100
4,236100
4,243600
4,232200
4,244100
4,236700
4,236000
4,298400
4,239700
4,244000
4,235200
1,157700
4,233000
4,243200
4,276600
4,235300
4,248500
4,234400
4,242100
4,244700
4,245000
4,245500
4,235100
4,240900
4,288700
4,246900
4,243600
4,234300
4,239100
4,279100
4,279300
4,253200
4,247000
4,239200
4,246400
3,221600
4,245900
4,236000
4,235800
4,241900
4,238300
4,237400
4,244300
4,235300
4,236100
4,233300
4,244200
4,251400
4,233900
4,240000
4,244900
4,242800
4,244500
4,236100
4,237700
4,278900
4,259400
4,243100
4,249100
4,280000
2,189500
4,242100
4,244700
4,261400
4,251500
4,242800
4,290700
4,255500
4,244600
4,242600
4,241800
4,250600
4,241900
4,239700
4,243000
4,234300
1,169200
4,244100
4,245200
4,244000
4,238100
4,250000
4,244500
2,187000
4,241600
4,240600
3,220300
4,243100
4,245900
4,243800
4,236100
4,236100
4,236200
4,251700
2,188900
4,255500
4,246200
4,240400
4,239900
1,158100
4,243200
1,169100
4,235000
4,243600
4,245600
4,234100
1,156800
4,239500
4,240400
4,237900
4,236300
4,236300
4,246400
4,248600
2,190100
4,241800
4,245600
4,241700
4,244400
4,240600
4,357100
4,433900
4,269600
4,275700
3,223800
4,247100
4,314300
4,263500
4,253200
1,172400
4,252700
4,249100
4,254600
4,247200
4,236900
4,441900
4,258100
4,240100
4,239800
4,249400
4,245400
4,244200
4,243500
4,236900
4,235500
4,242000
4,234000
4,246800
4,235100
4,244700
4,245400
4,241500
4,243900
4,246400
4,240900
4,243800
35,1009000
3,222700
35,1018200
10,391300
35,1004100
17,575600
3,230400
3,219100
17,688200
24,796700
35,1026300
35,1245600
35,989200
4,242800
35,1004600
74,471000
2299,1296200
2,190400
36,1019000
36,1024400
139,567600
36,1040200
83,700500
36,1026600
69,343600
1,161600
36,1100700
36,1063400
449,706400
1288,1977600
36,1043100
15,517000
36,1034100
3,210800
3,211800
7,312500
36,1030400
308,1708700
36,1115400
2,198700
36,1044700
3,220600
4,270000
1601,2301200
4,249100
1283,1775700
36,1065900
40,1195000
36,1048000
4,238000
243,1638000
509,665000
15,514000
20,642000
759,819200
36,1035400
36,1027600
1,164700
5,266900
36,1024300
7,309500
4,246600
36,1027600
36,1044700
2,188800
43,1213700
11,416700
15,507900
3,217800
36,1057100
1,170700
36,1049300
4,245100
97,1022000
105,1245000
3,218500
36,1055200
21,668700
36,1024600
7,319300
36,1027700
4,237400
6,285000
35,1003400
8,331800
36,1022000
705,1100500
25,771500
36,1162600
7,309100
36,1283200
36,1025600
2,192200
37,1051400
37,1047000
37,1060400
37,1056800
96,1016500
2,189400
37,1046400
37,1054900
339,1002000
5,264300
37,1050100
37,1058100
1,160200
27,809200
531,1228700
37,1103100
37,1107200
2866,1813300
37,1050700
4719,2300600
2,186400
37,1055800
117,1519100
6,282500
37,1045200
56,1536900
18,587800
2,202100
37,1045000
3,216100
19,613500
3,255000
37,1100200
37,1058100
55,1499800
10,395100
37,1051900
26,785600
37,1065900
2,191700
119,1549300
7,326700
1,163200
37,1045800
37,1074500
13,465400
37,1052800
5606,3121500
37,1081100
26,787400
2,187100
37,1057300
17,559100
38,1063900
2,195300
68,317800
98,1037000
1,159300
4,249400
38,1063500
1,157800
38,1067400
3,208500
38,1098400
15,514600
38,1078400
23,711300
38,1075600
38,1130000
81,657300
38,1106400
24,745200
38,1071800
51,1389400
4,243300
2,190500
38,1123900
38,1076300
3,219300
223,1112500
1,165200
34,996500
12,540900
38,1077400
3,229000
8,342900
38,1058100
1336,1513700
16,532900
38,1067200
33,969200
38,1114000
4,251700
38,1090600
36,1029500
38,1075100
25,905800
3,222700
636,797800
38,1104800
7,316400
315,408500
38,1068900
766,1043200
5,270100
38,1065600
38,1298400
977,1652600
38,1112300
1,185000
10,405300
38,1073500
38,1074600
38,1063700
38,1068600
38,1062700
1,173900
1,165500
38,1072000
38,1079000
38,1059900
1,161200
38,1067900
39,1087100
17,570000
3,217800
7,316100
34,975500
26,785600
39,1121500
16,553500
39,1092400
2,187500
39,1111900
4,245300
39,1099700
39,1100400
118,1538300
5,259200
39,1104500
22,832800
17,568000
112,1399100
39,1092600
5,264100
39,1099500
38,1086900
11,432700
39,1090600
43,1197500
39,1105800
2,197600
39,1116200
2,194300
41,1142900
39,1179700
39,1089400
1,172900
39,1116500
3,215700
118,1529200
6,287900
39,1088400
39,1099600
1020,1246100
127,307000
5,278300
39,1092500
2557,1631000
31,926500
39,1121100
39,1101300
71,389300
18,590700
39,1099500
39,1080800
40,1112700
40,1122300
40,1104500
40,1113700
38,1072200
146,759500
89,870100
40,1383900
40,1150300
26,788300
10,393900
3,212800
40,1122800
1,168100
1,160300
40,1112900
1560,1026300
1010,989700
40,1132300
40,1128400
40,1116800
40,1152700
36,1029600
3,211700
40,1144300
95,985200
40,1141900
40,1122400
211,844500
29,984700
40,1127700
40,1111800
699,880300
3,215900
40,1150900
40,1133500
79,588700
2,189800
40,1119000
40,1120100
41,1134600
3,214400
18,632300
41,1182900
124,202900
41,1239800
8141,4029300
2,192500
41,1141000
4,235400
41,1146800
2,196300
7,316200
41,1143500
41,1159400
13,463300
41,1209800
288,1421800
2,203900
2752,2046800
41,1244100
88,1025100
41,1250800
72,432800
41,1475100
67,398500
6,475900
27,885000
1017,1385200
41,1469000
1,172000
41,1273000
4,397000
11384,6310800
41,1342100
41,1433100
41,1721100
17,623300
41,1252500
41,1200900
41,1266500
41,1282000
41,1379500
43,1335600
55,1621100
2,199400
41,1206200
110,21543100
5,282700
4,270300
41,1312100
133,634900
2,203600
555,2208600
41,1255800
7,349000
42,1390100
42,1478400
2,207200
42,1219000
42,1210100
42,1230500
9,377200
42,1272600
2,198900
781,1413600
47,1363100
1,171600
42,1217800
42,1249400
13,494200
42,1201700
50,1406500
202,650600
4,288000
42,1235800
21,677400
17,582000
1,186100
42,1183800
6,296800
206,728300
42,1183600
3,228100
42,1180400
4,276000
42,1193800
42,1194600
42,1224500
42,1359800
42,1187200
42,1179900
83,712900
3,232400
9,363100
206,725700
42,1190100
6,287200
8,334200
42,1183200
110,1344100
3600,1848700
42,1425500
43,1201800
15,512600
11,438000
2,192600
6,297200
43,1228600
1,169400
802,1886100
32,954200
36,1065000
167,1279000
35,1006500
43,1198400
43,1228400
5,277500
41,1152300
38,1092100
2,195400
43,1199600
3,213200
183,1911100
43,1237200
2,204700
11,430300
16,555800
5,276900
43,1248000
43,1271700
75,525100
36,1089600
43,1197200
52,1440700
43,1210500
11,405700
4184,2652600
4,238800
43,1238400
43,1217900
43,1223500
608,1665400
3,219800
8,336500
2,200000
23,716700
22,697500
42,1186300
15,522700
43,1240600
329,751200
3,220600
4,245000
43,1204400
8,347500
38,1071700
7,311800
43,1215000
43,1225600
31,917100
65,243700
4,242700
43,1199800
43,1203200
15,513900
1,164600
43,1297000
2,203800
2094,2178700
43,1204900
6,297700
43,1198600
72,410900
43,1194400
43,1205000
22,717100
43,1235200
43,1459800
105,1226900
4,239800
43,1194700
44,1215600
4,247500
1980,2413900
2,190700
44,1222600
21,665500
44,1234800
29,859900
170,1449600
15,519100
44,1796600
44,2105500
1,265900
6,497900
4,400800
31,1610200
44,2225900
3,359000
44,2190200
314,644900
36,1822100
9,641000
38,1932700
3,362800
44,2184800
1,269600
501,847100
44,2200200
5074,6078600
14,503100
6,294100
44,1251100
2,201600
35,1056300
19,711400
44,1414700
1,178900
95,1007600
7,334500
44,1269100
44,1242100
1,168700
44,1241600
31,938900
13,471300
45,1258800
44,1221900
453,826700
44,1224700
23,706400
448,665100
135,503100
9,362700
420,1496800
45,1246000
78,568100
45,1269700
14,488300
45,1236900
3399,2904100
45,1274900
27,815100
18,599200
4,239700
7,308400
45,1236300
14,494100
6,295900
24,742400
23,725000
8,337900
2,192200
12,434200
45,1278400
45,1247400
8,347100
45,1249500
9,369700
1,167500
8,332800
1069,988100
20,651300
37,1052000
36,1046300
45,1302100
13,469500
5,268900
45,1249600
45,1284500
45,1250800
41,1152800
40,1141600
23,838300
45,1235700
9,364000
45,1252100
3,214300
152,884400
7,319400
45,1236000
45,1242400
9,365500
45,1236000
353,1326000
45,1260400
2,189300
35,1048200
37,1066100
21,672500
31,912000
23,706700
45,1240700
252,346400
16,532500
45,1253700
42,1174000
45,1260900
57,1535800
45,1235200
74,471000
48,1315700
1,164100
4745,2981500
45,1234400
81,651500
11,410400
45,1241900
46,1277400
46,1272500
8153,4257300
46,1263500
993,627600
46,1343500
182,1713900
35,1018200
46,1291500
327,832800
1,186800
46,1284700
65,245000
904,1412900
2097,2283300
46,1351600
5,276600
46,1265600
8,343400
1,168300
46,1257300
41,1194100
43,1239800
46,1330700
2,193100
46,1252000
46,1265100
10,391700
46,1270100
32,929800
6,292400
44,1225900
18,591900
3,220100
46,1274400
32,921300
40,1136400
3,251300
7,322600
318,471500
41,1295100
47,1322300
37,1064500
16,528200
14,488400
2,184700
47,1282500
7,319600
47,1287400
47,1293100
55,1492500
6,298100
47,1270700
332,969600
2,195100
47,1329500
1,167100
50,1368900
47,1373000
412,1320800
47,1599600
82,690900
9,364000
47,1307600
8,342900
5,270600
4,236700
412,1524800
47,1332400
47,1305600
3,240300
42,1205200
261,568200
2,188700
7,322700
35,1046200
47,1313000
47,1289300
47,1312100
1,159900
47,1567000
25,773400
8,340400
1,171400
36,1010200
25,763500
47,1290900
47,1283300
179,1544900
20,651200
6,296500
47,1386100
47,1312800
47,1298900
2,189300
31,913700
48,1612400
48,1330000
48,1323400
1,160800
2,192500
133,419300
48,1310200
48,1311100
48,1312600
48,1359600
271,866000
33,979200
2,185500
37,1035700
48,1309000
34,977600
8,344500
48,1304700
3,211100
48,1323900
546,1582000
7,319500
48,1317300
48,1323800
53,1431700
48,1311900
48,1383900
48,1342100
7,318500
2,194800
48,1342700
22,697400
48,1358700
25,761600
3,215900
48,1385900
37,1093500
2,198900
202,631900
392,820000
21,691400
339,1001100
48,1328200
3,214300
52,1884300
1,255200
48,1713400
2,251900
48,1477600
2,197900
9038,5354300
48,1459800
11,440400
48,1367600
2,200400
48,1405300
48,1388300
48,1437000
48,1410700
4,248500
49,1381700
341,1296200
10,402900
49,1388100
49,1374000
662,1515200
38,1118800
49,1394900
2,190300
16,547700
15,560600
49,1445600
49,1388400
906,1492900
1,174200
49,1391400
1308,843700
4,241900
16,556500
12,453000
49,1368700
75,523800
29,886600
29,917300
48,1464500
8709,4746000
7,331600
49,1382200
160,1109000
2,199900
30,909300
49,1388600
93,961400
17,679800
3,288400
37,1080800
49,1370200
49,1372600
49,1386900
42,1267100
9495,4515400
48,1393400
24,773200
27,887300
49,1427500
6,395900
49,1408000
20,683500
13,490200
4,251200
49,1414300
50,1447300
50,1586400
4857,2827200
50,1422900
50,1426800
18,614600
38,1373800
21,692800
10,505300
50,1434800
16,591200
2,197200
2631,2016300
50,1523300
50,1519900
50,1476800
1,176900
605,1625600
25,817600
50,1470900
50,1779600
3,237800
25,815300
3,226600
50,1404000
31,935000
12,451700
9,379400
50,1404700
50,1486200
50,1423800
50,1461100
36,1050900
79,610400
50,1450500
13,481500
51,1452600
12,458200
51,1417100
51,1402300
36,1045200
51,1423900
138,556800
49,1494400
51,1500600
2,207700
2,203500
76,545100
9,395100
51,1446600
204,709900
4,247200
51,1436300
9689,4747100
51,1434700
23,739500
4,250500
31,941800
51,1549900
51,1439300
48,1393400
3,215100
32,946600
34,1002800
51,1430800
51,1426000
171,1379900
49,1377000
53,1469500
2,198400
6,297500
6,293900
2,186100
51,1437600
99,1343200
2,224100
51,1455500
51,1425800
12,450700
11,430500
8,360100
51,1435300
2,197500
3,226700
52,1480200
52,1455100
3,227200
11,428300
52,1432000
52,1443900
52,1496000
2,209600
4,243500
52,1465200
16,550200
52,1468700
52,1432200
52,1447700
14,498500
52,1468000
3,227500
1170,2139400
52,1444400
14,490400
2,191600
52,1442700
19,627800
52,1569700
52,1561600
52,1489900
327,724900
35,1192700
1,163800
52,1446700
1289,1909500
10,415100
14,503400
52,1461400
69,359900
2536,2574900
52,1514100
1,172800
52,1466100
57,1588100
52,1459800
1171,2029600
37,1082500
53,1512700
50,1406800
84,745500
2,201800
53,1477200
53,1484500
53,1518700
53,1494100
4,250500
53,1653300
53,1477100
36,1058200
3,226900
53,1476900
35,1021500
45,1274300
15,519800
53,1495000
14,498200
42,1236000
53,1534000
53,1503400
14,506500
53,1485000
1,179000
12,465000
42,1221900
53,1482400
53,1477600
2,201100
3,221500
53,1469400
53,1846500
53,1954500
53,1683900
53,1476000
53,1475000
70,391600
53,1470400
53,1490800
191,357100
54,1502700
54,1501300
54,1517000
4,252200
54,1501700
40,1165000
435,391200
44,1308500
5,280600
11,433700
54,1515000
54,1503800
17,586800
3,225700
54,1550800
3,229600
4,247900
12,456500
35,1031300
4,250700
54,1517600
174,1478200
11,422600
54,1524100
368,1860700
54,1557000
54,1520700
1958,2269200
87,837700
54,1561000
54,1563700
6,299500
2,203500
2,191400
5,287200
54,1510000
1522,1905500
55,1612600
4,290000
55,1592100
6,301200
46,1323200
7,329000
55,1537700
3292,1676200
2,193300
50,1439100
1,174600
388,729100
55,1587400
1994,1429700
55,1573100
22,895900
45,1496800
55,1579300
55,1545200
902,1379700
55,1557600
55,1535600
55,1552600
447,700700
55,1527100
3,229100
56,1557200
56,1659100
34,1020700
12,448700
56,1575900
41,1178200
56,1594700
1,172300
84,747900
10,405800
2,194700
56,1564500
4,242600
56,1559200
56,1563200
36,1056000
3,225800
56,1584500
266,719300
6,297300
4,241900
14,499800
56,1557500
56,1557200
20,668200
2146,1982100
2,202800
56,1584100
7,328500
56,1550200
32,1136700
7,336400
56,1575400
56,2141900
629,696400
14,514200
56,1567100
242,1676400
56,1586000
28,888700
56,1569400
8,346900
57,1805200
57,1704800
57,1591200
13,506700
57,1605200
20,656800
477,1424100
57,1590500
14,514800
57,1629500
2,201500
57,1595600
57,1601400
57,1578000
38,1110500
144,717700
24,837900
57,1614800
753,708800
36,1060200
13,486900
57,1577000
57,1595700
18,617700
57,1585100
6,297000
57,1575800
8,354800
57,1578600
1,166100
23,741500
33,988800
57,1600500
41,1183200
57,1601700
58,1610200
2735,1732500
48,1388300
20,653900
58,1612400
345,1166800
58,1606900
3,222300
17,595000
3,216200
58,1752500
2,196700
58,1613500
1253,999800
2,191400
58,1643200
1,162200
29,894000
2,198500
58,1701200
21,684900
10,402800
2,197700
37,1085500
271,839000
7,340700
58,1609400
4,252700
58,1711600
22,726300
58,1611000
42,1218100
58,1631000
256,464600
26,818400
58,1608400
7,319500
58,1624000
11,426600
9,387000
58,1584000
58,1617000
58,1670200
40,1184000
127,324900
10,411000
59,1660600
59,1704700
91,912900
59,1638000
59,1642900
40,1156100
2,211800
59,1646400
3,228600
45,1277700
59,1684400
4942,3417100
59,1645300
531,1244500
24,775600
25,776600
2,197700
59,1630900
59,1644600
59,1663400
59,1794600
3,245600
1198,1163700
12,456000
59,1649500
59,1845500
33,1085000
800,1904700
10,496700
59,1621900
1185,826300
59,1639600
33,987900
399,1002300
3,220500
59,1682000
2,205100
47,1384100
102,1179600
60,1675600
60,1650400
482,1540600
901,1347400
40,1151200
60,1653900
60,1658900
40,1195400
2,202800
2,202900
60,1699600
17,696900
11,427900
60,1650400
318,479500
42,1219800
60,1657200
60,1658200
60,1662700
3,224300
8,354000
60,1661100
38,1108300
2,194300
60,1696400
60,1667000
5,271200
60,1662600
61,1682900
20,675200
1,177800
61,1682600
12,444900
72,435800
16,555000
61,2033000
2,209000
61,1861800
44,1282700
487,1740700
61,1691000
2,193400
20,660900
2,202900
61,1672200
1,167800
736,1957100
61,1701200
61,1682900
49,1375400
31,930800
61,2065700
61,1703900
3,227500
72,432000
61,1682100
61,1690900
1477,2252000
61,1686100
48,1355600
203,663100
61,1687000
15,532600
61,1736000
61,1690600
47,1322900
2,192300
230,1328100
27,847400
61,1684600
23,728000
62,172700
4,250300
62,169400
2,199100
19,646400
62,175500
2187,1487700
62,167300
62,172900
11,425600
90,922900
62,168500
46,1304500
62,167400
62,171700
517,938200
45,1288400
22,712300
62,175600
3947,2854500
55,1535200
350,1292300
101,1163700
62,180000
4,246500
47,1319800
1,166800
9,384200
62,167000
468,1203400
13,484400
8,412000
400,1087400
8,372700
5,279700
62,169500
20,690600
18,777100
8,369200
62,177900
62,190000
62,231500
62,177400
476,1429900
62,172600
538,1513300
62,186900
14,508400
63,198900
5521,2682700
63,207500
1146,1448500
2,203200
19,638700
40,1163500
63,208100
3,229000
54,1513500
1,212900
223,1246500
63,206300
63,204700
22,726700
7,329500
63,202900
63,195600
2,191200
47,1343400
45,1394500
109,1374500
63,198000
63,206300
1643,1604200
63,198200
63,205700
39,1137800
19,635900
63,208900
63,207100
17,578900
63,199800
36,1059100
1,173400
59,1720800
63,210100
29,902600
63,205200
35,1051500
1,164100
78,577700
12,446800
119,1629300
26,824500
3,228800
3,224500
10,389200
6,302700
63,200200
63,201600
63,195500
8,358400
63,200800
2,199100
11,513800
7,322000
64,255200
81,684900
16,552200
6,299500
4,241700
14,513100
64,226600
64,221000
3840,3293200
14,510000
9,378500
17,583400
1534,1969500
62,169500
2181,1332500
18,612800
2,195800
64,227400
25,793500
3,222500
12,449200
64,229300
19,651600
3,224800
64,220800
64,230400
64,227700
11,429300
2,201500
64,220300
11,425600
64,229300
3,216900
284,1156600
64,228600
54,1626900
64,227500
64,220200
17,620200
12,473400
64,234900
64,227000
9,385500
11,433300
61,1691400
243,1665800
64,232000
64,222600
64,220200
36,1070600
64,230100
64,236200
98,1104300
16,553500
53,1475300
65,265500
141,643300
65,256500
1,172600
1417,2133700
3,231400
65,247200
41,1305700
65,262100
3,227800
21,737300
65,248900
13,477300
134,468800
5,284600
57,1595200
62,169200
4,259900
65,254600
1,173000
65,258500
65,261900
65,260300
462,1151800
3,261800
11,440600
5,276100
65,258000
40,1154500
146,755400
16,560700
65,246800
93,961100
189,304000
62,174300
65,258400
3,217600
8,348500
1576,1450600
65,256000
65,247800
65,324300
65,256800
65,252100
11,442600
49,1386700
65,256600
12,453200
1,172100
54,1508800
44,1282500
60,1665400
1383,1213200
65,261900
1,172100
65,243800
36,1050600
65,252400
2,196600
3,221500
6,488300
65,256400
66,271000
341,1085600
2,197400
66,278800
8,344100
3,225500
105,1317300
66,289700
66,283400
66,342300
3,227600
16,569300
9,375400
66,274300
127,279800
5,317900
66,333200
66,274000
66,275800
22,862900
3,245000
66,267900
22,709500
1,174000
66,279500
66,277500
68,337000
4,243400
29,905900
66,277500
4,260900
174,1501200
66,314400
100,1196500
316,442300
7,326400
66,280800
82,696600
66,280000
7,323900
66,283200
2417,2881500
38,1119000
66,286500
66,272500
8,339800
66,308800
3,216600
66,310500
49,1381200
16,544300
528,1166600
67,293200
67,295700
131,380400
95,1021300
130,354400
3,217300
41,1175300
11,415600
67,292400
235,1469300
3,222200
42,1214500
9,379500
79,605500
67,303300
67,291800
48,1342200
10,398300
10,396000
91,903400
2,196000
67,288800
26,804800
13,457800
1,163000
49,1350900
4,245300
8,350000
67,288600
3582,2797400
1,165300
67,298700
35,1066500
4,237800
67,306100
67,303600
46,1309400
86,791800
212,880600
67,295400
768,1203500
2903,2672700
41,1156000
41,1166200
11,411800
14,481600
51,1390100
25,767900
68,320200
14,492000
68,331600
68,317000
12,443600
68,323900
1,169100
20,653100
68,329500
1,165000
14,490800
68,348400
1838,1902600
68,400700
68,322200
1,199200
62,170300
68,309900
173,1432800
80,638700
68,329000
74,480500
6,298700
24,761600
69,347500
48,1323600
608,1593700
5,273900
69,345600
9,369000
163,1166100
2,187900
69,357700
62,161600
56,1525300
1355,2508600
69,368900
866,1972100
3,213000
69,351600
9,366000
69,340600
741,1908300
69,346700
69,411300
69,344200
23,737200
45,1248600
27,819800
3,220400
60,1623300
726,1512200
306,1745300
1,170700
69,352700
35,1231200
69,344600
69,353200
70,369000
824,921700
4,247700
70,376200
1917,2343200
7,319700
70,369400
1987,1158800
70,375400
5661,2928100
2,192600
70,362200
3,245500
70,364000
38,1089000
70,417600
5,274800
70,416700
132,407000
56,1530500
70,364900
63,194100
3566,2455800
3548,1912300
70,368600
538,1477800
70,489400
1,194600
1063,801100
70,369400
70,366900
1186,885900
44,1240600
62,168300
744,442300
70,417900
45,1354100
2,196500
70,373000
56,1543000
2005,1460500
8,343500
70,367300
186,215100
376,392700
2,207300
8,341700
70,369500
71,397100
37,1068000
71,399900
2,194800
71,397800
71,424100
71,403200
71,390700
384,603100
265,673400
51,1400900
71,385000
5,259200
71,396200
49,1367400
1070,1002600
344,1158400
71,411800
6,304500
9,376800
71,399000
1,171800
239,1519200
5,269500
71,392600
145,731100
1,163400
71,391300
386,644700
40,1132600
72,420600
72,416300
37,1055900
21,664100
72,420900
15,510200
3,209100
8,337100
41,1139800
60,1832900
72,505200
1,171700
72,417900
3,218900
200,569300
66,284800
2,192800
35,1012500
3,219900
14,499500
13,461500
72,448100
360,1494100
163,1194000
33,971300
72,416200
64,222600
72,419600
72,434600
72,419700
13,457700
56,1520700
2,195000
1223,1771000
73,444400
40,1153800
73,448700
4,238100
73,436800
524,1073400
73,454800
73,457200
3814,2670300
6,299200
2,197800
62,170500
73,441100
26,781800
41,1148400
4,245600
10,393200
4,251900
45,1258400
42,1221100
107,1272400
64,221500
73,529100
238,1675800
73,447300
12,437600
4,237500
73,507000
1564,1179200
73,441500
48,1315300
39,1099500
39,1095600
73,444500
11,416900
36,1025800
75,483300
73,442000
11,415300
73,458700
4,237900
4215,3348700
38,1126200
73,449200
7625,4756600
5,271800
73,449700
202,624100
3,222700
73,437700
106,1280100
2,185600
100,1117600
9,368300
74,462100
26,785000
74,474100
74,483000
2,198700
4,236400
121,1992400
5270,2393400
569,641000
74,465300
165,1190200
1,163700
122,1646200
74,468300
74,473200
60,1766300
44,1275400
74,469700
74,479000
9,359500
74,465600
12,433600
44,1232200
74,471400
927,33415200
74,561400
44,1232300
74,483000
61,1620700
5,271400
74,470000
2,193600
29,863000
22,697900
8,350400
41,1376500
905,1413300
360,1492600
11,407300
31,918100
74,469200
74,517600
58,1599200
75,500400
8,347600
75,501700
25,763600
3,213300
75,493500
1,170800
122,1627000
75,508600
60,1604700
55,1649200
161,1122000
75,497100
2,188800
75,493800
75,493600
4,244100
75,483000
4402,1957400
2,227700
755,749000
45,1245000
195,447500
75,495800
75,490100
1,168000
75,494100
215,967900
40,1120600
10,406200
54,1481000
184,1662100
32,946000
6,287100
5680,3515000
76,518300
213,895700
47,1302400
8,340300
40,1129200
76,530800
76,518200
76,530100
32,947300
43,1200400
76,548400
41,1149900
3,226800
11,412500
76,522700
53,1447700
76,507400
42,1187700
76,523400
76,517900
76,507800
76,561900
6,294000
76,549600
76,536300
41,1164700
76,622100
3,223000
76,525100
145,723900
76,521900
335,927100
16,558000
77,575800
46,1359300
14,527500
1,172100
4,248000
65,257000
10,394600
77,539600
1785,2087900
77,558700
59,1642000
77,672300
3,217600
77,556800
62,171600
14,492500
77,566000
2,200300
20,644700
37,1069900
166,1256900
77,671000
78,767900
77,558700
104,1222200
44,1233200
6,306800
67,295800
84,742700
77,571700
17,596000
473,1424400
15,549200
77,575600
12,461000
77,589400
28,1000800
3,219300
237,1548200
77,567400
10,416000
27,867500
78,591300
13,498100
78,598000
52,1501100
10,417800
2,192200
57,1564800
78,562600
466,1131700
1,162300
333,870000
78,566500
725,1761300
12,601800
44,1374300
4,250000
2134,1659000
216,994400
6,294400
78,571400
78,562700
154,957100
78,570500
71,393900
572,836800
8,359500
78,574900
39,1098700
9129,4300800
11,445700
41,1160700
130,356300
88,840600
78,557700
15,559800
4,287500
58,1575600
5,275200
4,244100
10,389100
79,591400
65,254000
6,292500
4,243900
79,607900
79,607300
21,712700
1172,2103300
79,596000
2,192800
40,1135900
32,957700
79,615900
52,1430400
2,215600
79,652100
79,640400
80,627100
113,1435700
5,269900
41,1152300
68,325600
3,222300
79,597500
79,602800
8,343900
3,220100
46,1296800
44,1226800
135,472200
79,602900
79,595100
78,565600
5,274200
79,592000
79,654400
44,1233800
80,620300
4,247400
1,167100
80,628900
18,596900
20,654200
69,356200
38,1074000
214,965500
41,1203100
540,1424100
13,463500
80,620100
4,243700
19,623300
80,613600
80,617400
3,227200
127,267100
262,578900
32,931900
9,379500
14,572900
3,237500
80,632000
1,186900
80,642900
2983,1590200
3,212500
39,1102300
1,170800
528,1159200
80,776200
81,660700
1902,2017400
2,195400
81,645400
81,654000
17,565300
81,639500
143,669500
144,702700
2779,2566300
4,246400
941,823900
10,393000
81,639200
8,348800
441,502700
81,645500
2,189400
21,661800
1,164300
20,662600
81,649500
214,925500
36,1019900
114,1452500
3,217600
81,633800
97,1028500
22,730100
45,1274400
81,639400
81,662400
121,1669700
91,997000
190,322300
82,684400
24,745300
49,1436100
82,694300
82,782200
2,190000
377,427400
30,891900
82,678600
6,300200
82,671300
82,677600
66,312600
82,699700
6790,3796000
82,677000
8,345300
2,198700
36,1036300
38,1083900
82,684800
29,865000
43,1205800
1,172400
69,350000
63,199800
73,448500
82,678200
35,1006600
11,421300
82,676000
30,881600
20,653500
82,668900
20,635300
82,674800
6,287400
82,711500
37,1132500
30,901500
10,396000
1,168200
1,167900
82,673700
1,159300
82,668300
82,669800
82,659900
3,226600
82,807600
2,195900
91,899100
82,727300
82,677600
83,686500
51,1383000
1,168800
51,1400500
83,694500
221,1111800
4,245300
83,691300
83,767700
3,218000
18,595700
10,391200
1,161000
5002,3288800
24,744600
783,1397400
19,613800
1,162800
3,216600
83,690200
83,691500
68,314900
1,168100
83,703800
65,241200
28,833900
4,243700
83,688300
7,324000
5,283100
4,242900
1,163600
58,1631400
77,558300
9,382500
83,691400
1,162400
345,1128200
39,1099100
83,700000
30,887700
4,241200
1,160900
84,716900
676,1750300
39,1094500
84,714700
1,162500
84,724000
5615,3306000
84,758700
1,190600
495,1870900
2,198400
1529,1795600
41,1146600
4,247400
4,245100
84,708000
174,1425000
84,711000
84,727000
84,710800
7,312700
3,212700
125,223900
3,216800
84,721300
84,749300
2,188400
84,722600
67,287300
84,762500
233,1387800
4,248600
82,666500
84,715600
179,1548700
12,450300
84,725900
6,290900
3,216900
85,741700
2089,2188600
6,287800
85,735500
110,1334000
14,493100
85,760000
85,740900
734,1702600
4,237400
85,760100
3,212600
590,1233100
85,902600
36,1021900
41,1142800
85,746100
6,287800
3,220700
7,379800
85,812200
85,767300
7,322000
63,199000
85,804000
78,584500
916,1734200
14,501700
3,216000
63,205200
85,751900
85,760200
37,1115200
8,347600
3,252500
17,584700
60,1624900
3,214800
49,1351900
1,164600
49,1475800
179,1567400
86,770600
7,311400
64,221800
24,736200
86,765900
85,817500
86,760700
27,823000
2,195700
86,767000
86,779200
3,222800
727,1841600
80,627400
15,509100
3,217000
86,768300
3,221900
68,314800
86,771800
86,770700
48,1312700
427,1647200
19,618500
103,1187100
69,373400
9255,4388300
10,454000
86,803700
9,370600
86,781100
388,698600
37,1062200
86,774100
4,246000
80,627600
961,1294600
1,165000
902,1323200
86,763900
1,171300
2,193300
86,802200
2,190000
87,794100
2,191100
2,199000
87,790400
49,1459000
87,792300
1265,1318200
22,885300
6,308200
1,178800
65,257500
26,819200
8,394200
78,562700
87,799400
35,999100
2,188500
15,515300
87,785600
14,585400
38,1095000
87,809700
1113,2026600
39,1099300
87,940300
36,1031000
25,778000
87,796500
87,849300
820,870300
1,176200
7,331700
174,1457000
340,1190400
88,841100
88,808400
3582,2842900
88,824900
6265,2797600
5,268400
6432,3901700
364,1598000
15,511700
88,825700
80,622300
2542,1249000
1,168300
88,804700
88,850900
935,645600
369,1718400
223,1148100
8,346200
74,464300
89,841100
318,483000
35,999000
89,853500
72,421300
13,500000
4,236900
2,189600
89,857900
1,167900
480,1458600
79,600200
89,837400
14,486900
89,872200
89,844800
1,173500
5,275900
73,447300
89,840400
2,193800
28,840500
1,167900
46,1262900
10,399500
89,838100
7,325600
89,945600
4,247100
89,851000
1,166800
1896,1841300
27,823100
89,845800
27,826700
3,211300
89,848400
22,711200
15,511900
90,1023300
78,572200
1233,2172700
34,998200
12,433400
37,1059300
4,249200
90,876500
22,691800
90,869200
5,307700
780,1357400
90,976800
130,350100
3,217600
5,261400
1,159400
90,902100
4,248900
2,188700
90,897900
94,977300
90,873000
56,1853300
90,874300
90,855700
4,237000
697,795300
4,239800
3,217000
32,929800
91,909700
19,619300
1,171200
5,262400
3,229500
42,1221800
1,168800
91,888100
15,517800
91,891900
2982,1658800
10,399300
91,906200
41,1214400
91,907300
91,882200
1553,934200
91,890600
2,186600
91,886600
122,1640200
6,287500
91,902600
49,1359300
91,882100
21,717400
91,888200
1,155800
7,317600
6,282500
91,890300
4,240700
91,888900
7,322900
2,185000
91,908200
2,188800
35,1004100
91,882600
83,693000
37,1051200
92,909300
628,596700
2,193800
92,915800
75,509700
4,248500
1481,2140500
92,946100
92,922800
92,911700
78,570200
92,904300
45,1248600
248,248500
6,286300
1,163800
92,1109600
92,1333400
138,553300
93,927800
1601,2031400
14,489500
3,219800
93,995200
1,158500
93,954300
7,350800
14,494300
93,942000
1906,2036800
2,201400
13,461600
93,937000
391,775900
93,953400
32,937900
93,1089300
8,341500
87,807300
93,1148800
2,200500
93,936700
39,1096000
93,979100
6582,3247800
4,248100
22,687500
94,971000
94,975200
94,955800
2,196900
288,1234800
40,1144300
11,421100
6,330900
94,969600
14,490400
12,432600
3,219100
94,961600
204,792300
4,239500
45,1298900
53,1456900
10,463300
56,1574600
95,987800
95,979100
2,191900
13,461500
55,1497800
143,671700
785,1542900
95,972100
95,977100
95,990400
95,985300
6,319700
95,977100
4,248600
11,421000
96,1004100
24,918600
96,1021800
2,203400
3,215600
11,409300
96,1004400
931,554500
3,215800
96,1009100
96,1016700
1,159400
2,193500
46,1255700
364,1592500
2,191200
5,270100
96,1092400
13,455400
4,236200
14,485300
96,1003500
1,182700
5,275400
2,194500
97,1029800
1695,1335200
97,1033500
3,265200
97,1023300
6126,3910500
97,1041300
65,253100
578,877900
6,288800
19,629500
9,365700
1,164100
83,693200
79,621400
2960,2584800
292,1579900
97,1029300
45,1258400
69,348500
473,1275700
2,189700
11,415200
97,1038600
31,924500
97,1027900
3,215900
1302,731800
46,1275800
685,497700
1,168000
7622,4738000
97,1040000
1,162500
6430,3852800
97,1018600
140,602700
97,1025500
475,1866300
2,195300
33,1005400
97,1039900
1037,1750600
3,212300
98,1066400
2488,1374400
98,1053200
1,158100
3,217200
110,1363300
7,323000
294,1552100
98,1059000
403,1065600
13,465600
99,1086100
2,191000
6,346200
5,271000
81,653900
39,1107100
27,834400
56,1560800
21,679300
99,1092600
3,219600
99,1091800
115,1495400
12,442900
99,1099500
222,1226700
2,195800
18,609100
1,186700
89,883900
99,1123700
1,170600
21,661600
143,676000
49,1346500
22,679300
3,245300
42,1231300
70,376200
12,453800
250,304800
4,237800
2,188600
45,1257200
87,801800
830,1104900
99,1082800
99,1083500
57,1526800
12,496100
4,267400
8481,4951400
30,938300
14,494500
96,1128600
465,1131700
25,792300
99,1084100
3,215600
239,1529500
53,1542400
2,204100
99,1227700
50,1410300
2,188000
99,1087800
5,273900
99,1090100
26,801300
1,171300
18,697200
99,1481800
18,597800
100,1126500
100,1113900
6,291500
50,1363500
65,254600
100,1106200
1625,1149000
74,497100
15,510200
55,1494600
316,417400
46,1281900
20,646700
3,215700
100,1105300
14,491100
93,1025100
26,950700
100,1119400
26,818700
101,1136300
101,1133800
2,203200
101,1128300
56,1550900
22,694000
26,841700
55,1504500
101,1140300
189,300000
101,1128100
4,251000
262,595900
2,187000
101,1172900
14,504300
101,1162300
101,1182100
9,388800
1,172300
48,1390900
36,1082900
101,1197100
101,1138500
63,197800
101,1152100
101,1134200
25,767100
102,1151500
3,220400
77,537200
102,1160800
80,628800
102,1178600
50,1374300
9,366900
102,1164000
20,783900
4,250700
44,1266300
6,300200
102,1150800
8,342200
102,1154400
1,167000
8,341700
43,1197700
102,1161800
957,1201100
32,927300
17,585200
102,1188500
6,305100
1,166500
60,1622600
7,323900
45,1238100
102,1192400
10,394900
102,1146800
102,1156900
27,821500
8,344000
103,1165200
1,168100
357,1444300
1,167400
87,802600
25,759200
103,1184300
346,1195100
3,214200
9,391000
50,1380300
103,1240700
4,241300
39,1194000
11,418700
2,193300
103,1171500
121,1623800
2,184600
539,1401400
1,167600
103,1183200
2,194400
66,269000
103,1184900
61,1672300
180,1605000
19,625900
103,1169000
103,1205900
607,1631400
103,1165100
2,187500
103,1190700
103,1248200
2,199300
198,528500
10,398100
103,1199500
47,1317300
100,1116800
6,317900
103,1215900
2,202900
39,1111000
103,1176000
104,1216300
705,1062100
1,170800
148,800400
296,1444000
50,1384100
23,715900
2,195500
4,240700
104,1207500
104,1209500
1,163000
104,1210000
95,1006300
2,201200
786,1644700
19,636900
1,167600
8,383300
10,393000
104,1224900
104,1207400
10,396700
104,1210400
4,239300
104,1219500
527,1125700
67,301800
8,342600
16,547300
94,967800
10,387100
54,1472600
104,1212700
79,651700
107,1304200
20,735800
86,778300
58,1555000
832,1182900
10,392700
104,1212200
1,163200
11,415800
104,1355200
87,800400
104,1209300
104,1206700
12,445600
101,1122300
37,1050500
2,188500
3,218700
105,1282800
38,1087800
9,365200
2,189700
126,249500
50,1389600
4,245500
2,189500
105,1239100
994,602500
105,1238100
3,212500
105,1235300
4895,3599900
105,1245000
105,1235400
105,1298400
41,1175200
143,663800
1181,712400
8,344300
105,1252500
64,223900
101,1130200
106,1260500
216,970700
106,1253600
72,417700
30,897700
36,1034200
50,1384900
106,1256500
3,215600
6,295600
106,1312800
145,748700
2,201600
18,595900
106,1251300
106,1254500
2,191900
30,890700
106,1261200
40,1119000
105,1232100
43,1197700
12,445200
107,1278800
446,626000
51,1391400
1,171500
583,1166200
1720,2095000
107,1275700
136,488600
43,1208900
107,1289900
389,732800
199,540900
107,1270000
8,341600
40,1122100
575,800800
1,170000
3,210800
587,1092200
107,1401400
107,1567100
1,161200
1820,1486700
107,1280200
10,399900
2,189400
44,1220900
60,1963900
108,1355700
108,1337200
108,1288800
108,1301600
24,770400
18,597500
91,902800
3,221900
78,645400
14,491400
108,1338400
108,1299000
36,1029600
1114,2070100
1,166800
45,1256500
44,1218600
6,298900
24,749700
2,194500
108,1297900
108,1319800
108,1300300
68,325800
108,1343400
108,1307200
403,1075000
13,466700
7,314400
108,1298300
2,189300
271,805700
108,1306000
21,664000
108,1304200
8251,3688000
108,1290500
56,1511800
108,1438400
3,217700
6,297700
50,1391000
5,267500
123,1771900
109,1312500
56,1502700
514,924300
109,1339400
3,218900
45,1240600
12,435600
109,1309500
534,1272700
4,246000
6737,3981600
109,1388000
109,1305300
4,247300
509,673200
25,763700
11,474200
47,1305500
109,1321100
578,870600
482,1497600
26,785200
110,1351400
365,1665300
5,270600
110,1359500
139,563800
110,1646100
4,236800
7,312900
110,1356600
1,161200
40,1113900
110,1366500
48,1321400
110,1350400
2569,1813700
3,217000
89,833800
2,185200
5,271200
14,510100
6,292700
245,1664000
9,369600
110,1355500
8,406300
110,1342900
2,194500
23,710400
3,219600
70,370500
45,1278500
13,459500
1,162800
110,1345300
110,1638800
179,1546700
47,1474000
110,1377400
150,841800
64,223300
110,1336800
111,1372100
145,710500
4,242900
62,165600
111,1407100
132,395300
111,1360300
16,539100
353,1319200
111,1367300
111,1371000
6251,4053100
111,1376300
1,174200
37,1062600
111,1398300
1,173100
111,1359800
112,1397400
2768,2287900
112,1398900
242,1720900
7,335800
112,1452100
20,655800
112,1393500
7,317300
112,1397100
1,160500
28,839100
112,1421000
112,1390900
51,1382800
1085,1329600
273,858100
113,1416900
67,300200
149,818400
113,1541300
2,200200
113,1477000
328,747300
24,771800
1,175400
4,255900
87,830600
1018,1249100
3,237000
210,872700
102,1201500
113,1444200
153,953900
9,373300
39,1109000
2,197200
232,1614000
69,465100
4426,2758800
97,1058700
113,1443500
998,740400
20,660000
113,1445800
113,1490800
580,960500
16,570800
114,1524700
7292,4512400
1739,1009700
114,1542000
20,721000
581,1012000
12,478000
114,1503100
471,1242800
19,641200
4,249300
67,290500
42,1200300
114,1445200
2,200500
15,520300
2,182100
114,1442700
1,178500
1163,1866600
7,336800
5,273400
2,195200
37,1070900
1382,1235900
3168,1767500
2,198300
31,900400
50,1379900
114,1448200
56,1544100
115,1569300
80,620400
115,1517800
666,1533200
65,251400
5206,3858200
3,225000
590,1376400
12,521600
115,1467800
67,294000
8,339900
21,667200
1,158800
11,426300
115,1475500
51,1402100
4,233900
115,1473200
483,1572600
4,246300
40,1151700
20,696400
115,1506300
1,171900
13,562800
5,266400
115,1640000
38,1096900
1297,2087100
1,177400
3,220500
115,1473800
6,300300
1,161100
99,1097400
6,285700
2,229500
115,1559100
3751,2463500
945,963400
115,1475400
116,1501500
903,1370300
116,1833200
4,263900
116,1509700
263,628800
116,1503900
251,325100
2,195700
94,1090500
12,442900
116,1507900
81,645900
8,360000
7,318200
1,169400
104,1230900
116,1505400
36,1034600
18,602400
116,1494300
4,246900
116,1504700
91,891600
8,368700
5,266100
116,1529700
117,1609400
6,296600
67,294900
3,221500
104,1241500
301,1537900
194,437700
117,1579800
5,278100
40,1125200
4,240300
10,387800
15,530100
117,1547800
44,1226900
2,189400
8,334300
2,194600
86,776000
163,1152700
80,722800
74,524300
2,205700
117,1586600
6,293800
117,1551000
574,785000
18,617200
265,674400
3,228200
117,1644500
4,254700
14,498300
117,1543800
4,245200
1135,1150000
15,514900
2,191600
79,592700
6,304600
2,192400
117,1552600
3,264900
118,1581200
11,434000
118,1533600
118,1597200
341,1248600
6,302900
119,1574300
4,240000
6960,3424400
121,1656600
12,439800
16,542400
11,432400
94,1014800
9,376900
119,1608500
1,171100
119,1580600
3,218600
19,623200
72,434100
119,1576900
5,272500
2,189500
39,1114200
1,167600
119,1595800
119,1605900
7,372600
119,1583900
2,185900
468,1213300
119,1590800
34,1002600
63,188800
2,199800
3,226300
98,1064800
119,1577400
284,1159700
44,1277400
119,1619900
2,194000
99,1106500
187,248200
119,1633600
3,219100
442,606900
1,171100
2,198300
3,211500
53,1655900
22,712400
119,1718300
120,1657700
132,414800
1,164600
277,993600
120,1993100
4,238600
12,438300
2,193600
120,1595100
169,1406100
18,597500
11,421100
2,194600
120,1681700
3,230300
2588,2316600
342,1080500
120,1616200
18,603400
2,190000
43,1189300
120,1606200
120,1605000
121,1654300
59,1614100
121,1771800
272,864400
11,424200
121,1620700
352,1331500
23,712400
83,720700
80,637500
533,1267600
121,1621800
121,1616900
546,1680700
1,163000
64,210200
122,1650800
9,376500
2,227000
105,1252400
122,1681200
9,364000
122,1652600
460,979700
11,418600
39,1099400
45,1272700
122,1654500
2167,2968300
122,1790400
122,36808800
112,1410600
5,265600
104,1209500
123,1913000
43,1202300
1,162000
140,592700
113,1422000
26,780800
25,756900
3,225200
55,1507300
3,221300
3139,2348600
255,421600
123,1659700
123,1652100
40,1148100
76,517900
236,1450200
123,1671800
2,198800
3473,1654400
4,280400
8,348400
123,1694000
13,462400
3,217700
123,1658500
568,625600
123,1655700
43,1197100
41,1163000
8,341600
1,157400
173,1379400
114,1429500
12,448700
124,202700
2,186200
211,842800
1553,861800
85,730000
124,194000
60,1630100
127,275500
124,201500
124,190800
44,1249700
2,196800
437,397400
57,1535000
56,1522600
29,882300
124,196000
28,847100
3,219300
124,191300
154,932800
30,891600
35,992000
23,728200
124,191300
52,1424500
637,847800
125,235100
125,222300
125,221600
125,357400
13,485000
125,222400
5,267300
125,219900
3,222300
64,223700
101,1379100
7,312600
125,215600
13,465200
2,198700
125,223200
754,698400
78,587300
1,161100
126,252100
3,217500
56,1507200
126,252500
4,249700
33,958600
126,253000
12,439600
8,343400
126,338500
14,492000
264,632500
126,254500
126,252700
25,766900
12,523700
126,241300
42,1185000
127,274400
4,240500
4,254000
1534,1891800
747,529900
19,609000
10,393900
127,272200
615,1929100
57,1556100
10,392100
645,1032000
127,264100
1187,836100
128,306200
1,171900
3,218100
128,294600
4,240700
128,296100
128,295900
128,292400
40,1123500
6,293700
128,294300
128,301400
508,667800
609,1653200
18,588000
97,1022600
582,1071300
128,294200
128,321200
128,295400
3,224000
5,262200
72,408800
10,394400
128,297700
104,1210300
170,1317900
14,483900
6,290900
129,318800
5,268200
129,318200
39,1106500
129,314000
23,714100
19,614600
10,387200
17,588200
175,1483500
13,471000
65,244300
22,700600
218,1032200
79,598200
1,169600
130,356300
75,492200
130,341900
130,343200
3,224300
130,344800
4,232600
130,343600
130,345200
36,1037100
130,350000
65,241200
1,171100
148,821600
86,934100
131,376700
3600,1884500
64,213600
84,728500
77,550300
15,566600
37,1105200
2204,2002900
10,413200
67,306600
1,173600
98,1085700
131,374700
6,296800
131,371500
612,1754200
6,297700
28,857200
131,366700
131,368500
41,1172200
39,1124100
131,375800
475,1331600
131,526700
526,1183700
31,953100
131,371500
711,1147700
3613,2058500
131,576200
131,372900
163,1167700
132,404900
1136,1138200
4,246400
15,519900
3,210300
245,1699500
1,173600
6,308000
48,1510900
1,166700
7723,4373800
40,1151100
1,191100
9,373300
7,314900
132,397600
30,944200
132,421500
36,1028400
10,399900
5,273000
53,1436600
5,272900
2,194800
132,394100
132,395200
73,450400
4,236000
133,501400
38,1079300
3618,2513500
133,439000
5,279000
133,427900
875,684000
11,464300
104,1380800
13,475900
133,426900
379,476100
21,674400
20,659700
166,1231900
133,429300
505,643400
193,396200
48,1330400
12,508800
15,514900
134,447800
512,756200
15,516000
48,1356100
52,1447800
4,240100
19,615900
134,456400
134,440400
8,344100
42,1169900
134,447200
126,259800
8,340800
134,448600
5,267800
1266,1328800
14,489900
134,443300
3576,2721200
3,223700
134,449600
103,1176400
43,1193300
134,449100
75,496100
40,1176500
40,1168800
61,1638800
135,471700
2,193500
65,246500
13,459700
63,196800
135,478500
498,394600
36,1025600
47,1313900
32,944300
211,941000
58,1572000
135,469400
36,1039600
59,1583000
20,652000
66,266500
135,562200
101,1163800
756,734800
4,239800
135,471900
2,197500
4,235400
454,817900
43,1207500
135,473100
135,462100
16,674300
2,195200
104,1203100
136,517700
3412,1581500
2264,1828200
52,1412100
136,488100
20,680300
9,369300
136,628600
7,322300
335,902300
52,1431800
2,187300
15,513800
136,488500
38,1071200
43,1191100
9,360900
2,198000
4,239100
136,493200
136,487000
136,492800
136,512700
39,1095900
136,490400
187,257300
136,491800
5,272500
36,1027600
94,966000
9,427900
90,905900
2,212300
2,194600
626,555300
129,314300
28,976000
30,891400
137,522800
137,519100
25,765600
10,392700
137,537800
137,519700
1,161300
137,524800
137,559600
3797,2190600
290,1313500
95,1029900
24,778400
1,164800
20,683200
137,606600
137,545300
30,970900
137,540800
2,201400
23,737600
1,173100
63,196200
20,651800
137,520400
904,1444000
2,221300
44,1224500
63,197700
19,622000
89,851300
110,1339300
12,450300
5,267600
2,186400
137,510000
47,1301300
67,297300
10,418200
9,366000
2,194200
138,542800
2,189900
386,674600
128,338200
1,165600
2,197500
4,255800
138,561600
3,226400
74,459900
170,1335000
174,1433000
9,364300
138,536200
28,835000
14,502300
616,1793900
3,220900
85,747900
350,1260000
16,536100
138,543800
29,884000
138,547400
365,1615200
139,795100
11,441100
139,574000
152,927800
10,405800
77,584900
140,596900
2,200300
7,316000
10,400900
140,605100
17,577100
140,598300
9,372300
9,368100
140,605900
7,325400
140,609300
140,602600
4,267700
3,230500
353,1371200
602,1514900
11,406900
8,335400
49,1407800
140,598800
44,1230500
140,590200
141,619700
100,1118500
49,1350400
23,715900
141,628000
622,485400
541,1480300
7,329300
46,1298500
48,1340400
640,989400
1100,1721100
2513,2083000
1112,2039000
141,622500
142,646900
9,361400
37,1051800
142,667300
142,636600
5,273000
86,789200
142,654600
99,1085900
142,644200
142,654400
2077,1802700
81,654400
43,1193800
142,677800
48,1339900
142,728800
143,668500
2,196900
47,1301000
45,1246900
130,343800
115,1463200
3923,2136600
15,534600
727,1542100
143,683300
791,1602800
143,664600
3,220300
433,1830800
143,682200
647,1081100
4867,2893900
917,1781100
4,239500
3,222600
8876,4110600
15,510800
116,1488100
12,447300
143,671300
143,670200
114,1486700
349,1255700
39,1154900
144,761600
144,716100
3,220600
1665,2332000
84,757100
110,1409000
443,585600
64,226800
10,407800
144,708800
9,376800
144,709100
2,191900
9,433900
29,890100
103,1193800
72,497000
677,2202500
57,1577500
43,1257100
7,377900
127,283700
29,918700
59,1608000
122,1723700
1,173000
15,546200
145,758200
43,1236800
8,358200
145,732000
11,494300
8,421400
2,198500
4,252800
980,1969400
6,313800
145,771300
100,1129000
9,379500
114,1474600
145,731900
27,826500
32,949700
145,732500
878,762100
11,420100
462,1025700
5,278200
146,796900
146,754000
16,538000
146,766800
146,791600
44,1237200
52,1417200
1485,2303900
45,1298400
60,1688000
161,1135200
5,285500
4,237000
146,902600
48,1454100
146,815600
39,1169700
56,1618900
8,366800
18,631500
2,222100
146,779700
4,269800
146,779900
1,186300
28,887300
146,807800
15,549000
146,920500
8,358300
15,544000
146,792200
11,431400
4,263800
53,1545500
147,818500
106,1322000
8,362400
147,808200
3,243400
68,329200
10,401700
12,561700
147,1116200
482,1643100
37,1126300
96,1102800
5,275000
574,817500
18,648100
4,270000
8,364400
93,1000300
6,319900
1367,817300
207,956300
147,823300
87,838000
147,833200
42,1232400
298,1590800
16,598600
147,839200
125,239400
64,221500
1,165100
8,359200
11,431900
148,912900
6239,3889400
21,709600
148,856300
148,857700
2,205900
10,412900
56,1620700
3,234000
155,1015500
148,836100
148,906800
1,188100
61,1898000
148,860000
124,192900
2,186600
148,803400
53,1464500
148,818200
149,825300
2,190200
149,842600
62,175500
6,307500
149,842100
37,1080600
133,420200
2,199800
149,820600
189,317200
149,838200
19,624000
42,1228600
29,1078800
109,1462100
20,891700
149,863700
2,202300
73,457000
88,1013400
149,874200
2,191100
4,264600
1282,1806700
9,386500
9,380200
150,1062200
150,883800
36,1079700
150,876100
129,327000
5,275100
150,883600
24,802200
150,873700
1,166800
382,809700
13,480100
2,210900
74,486800
69,355700
417,1527800
150,893000
238,1605500
16,551200
150,875500
24,808700
123,1753400
6,315500
2,204300
150,879900
65,255000
151,932600
11,458200
258,511400
4643,3548200
3,228100
14,531700
151,909100
52,1511600
4,254200
151,909700
151,925800
151,902400
151,927500
3,235600
1335,1591500
1,182800
50,1461100
1,174200
4,246900
2,203500
64,259900
151,941300
6516,3176400
6,302900
43,1262600
227,1291700
138,574100
149,860700
152,936900
2,200100
132,410500
2,187200
157,1019000
862,2045500
474,1311800
8,370500
17,677100
5,335100
152,933600
4,239400
36,1024600
152,1014400
17,569600
99,1093700
15,536200
51,1441800
135,473100
1,166700
151,867100
4,285600
152,899700
7,319400
3300,1825700
146,754100
152,908600
36,1219100
85,832600
152,898700
15,522100
153,952100
66,267500
153,919900
2,197700
153,918400
22,701400
4,236400
153,922100
159,1077500
4,249400
153,909700
339,1002700
1,158400
67,292300
107,1282500
13,461500
153,915600
20,645700
6,289900
9,380800
72,422900
153,969900
3,222700
645,1049600
159,1067300
153,919300
634,752000
12,433600
153,1070000
154,943900
46,1288600
154,944800
359,1469900
19,619600
154,962400
154,937100
265,698300
1,173500
154,944400
2,192700
3311,2246700
126,256700
155,986900
1532,1847100
155,1000200
1,172900
55,1495700
10,386800
35,1017800
8,346200
155,971200
155,966500
2,195100
3,209400
413,1324700
4,248900
243,1627200
80,622500
155,1026700
73,455400
155,981600
54,1472400
1,166900
77,551900
155,973100
10,474900
155,1155800
3,216000
59,1586700
5,270000
1,168700
16,531400
5,270800
95,1079100
4811,3004900
156,994300
1446,1241100
1,167200
77,658000
113,1471500
156,1108900
694,727900
156,986300
2217,2279100
156,981100
272,835300
37,1090200
28,1017100
461,999900
157,1004400
418,1426400
5,262100
56,1597700
157,1015600
34,991200
157,1027000
16,532500
4,242600
157,1009500
3,213800
321,544200
1,169900
7,318200
157,1005300
12,431400
157,1004300
51,1402500
158,1033500
213,902600
397,1073600
20,642400
158,1057100
4,242900
158,1047600
158,1047400
2,185800
158,1022200
122,1640900
127,267900
54,1464700
13,460700
23,870900
2,199200
158,1066900
124,197300
8,343500
1599,1994800
2,199100
26,793400
1524,1909600
61,1677100
158,1029700
158,1035000
159,1068700
18,715400
159,1074000
159,1040200
261,567900
159,1085400
115,1469800
45,1229900
4,242200
159,1051700
159,1054700
159,1052000
116,1534300
11,410000
159,1281800
576,829900
23,717000
22,705900
159,1079200
157,1043100
160,1197700
558,381200
31,921000
3,213300
160,1134600
2,190300
22,698100
3,221300
10,403300
44,1257400
160,1100900
160,1092700
475,1402800
8,344200
3,220400
7436,4826100
160,1107800
13,519200
44,1277800
9,389500
161,1098000
13,472100
110,1399800
14,505200
161,1163700
39,1468700
336,984300
24,816200
161,1164400
11,439200
161,1179800
161,1239900
106,1385200
143,740700
77,567900
161,1160200
7,328700
54,1512500
66,291800
2512,2138800
66,292100
3,230400
4,248400
101,1249900
162,1279900
2650,2460900
32,993200
49,1427200
37,1084400
162,1191100
13,489200
162,1210400
20,666900
45,1311600
266,715000
15,649100
160,1125800
2,215700
162,1192900
162,1170200
162,1176500
78,592000
162,1189200
72,499700
11,407500
163,1181500
6,287800
2,191600
163,1454700
2,198600
6,303500
54,1527800
163,1192500
1133,1046500
4,244400
899,1538100
1,176800
163,1253600
163,1217400
18,616100
2,235500
141,622600
163,1390700
164,1205400
164,1213600
164,1228700
43,1246200
413,1323100
4,256600
9,376900
11,418000
48,1343300
4,544800
37,1466700
165,1363100
22,883200
39,1162600
2,216800
21,689300
18,602800
6,311000
12,444800
9,376900
165,1574600
12,457800
165,1291500
1550,798200
165,1211700
213,906200
11,413200
165,1270600
52,1456700
165,1222500
3081,2532100
166,1245500
2,195300
45,1264200
166,1275200
54,1475200
97,1060900
166,1277600
48,1331800
5,269600
57,1635400
302,1647300
108,1319800
166,1282300
1,173900
609,1667500
166,1317300
3,220800
22,699700
148,819900
166,1228900
2,200400
19,615600
28,853400
1,161200
31,925500
13,468300
166,1263400
16,594700
166,1312300
9,378900
167,1268100
167,1276900
126,251200
167,1289200
66,278700
3,211300
1523,1995400
9,378900
7,321700
167,1306100
36,1036100
43,1216500
3,215000
27,940800
72,442000
5,279200
43,1280300
168,1340100
168,1309500
118,1550500
168,1357500
4,265400
26,834900
26,793100
1,171900
81,671100
161,1121100
168,1288700
9,375400
60,1626500
168,1560000
619,1992300
12,447800
168,1299300
1,166800
14,499400
84,720900
1,178600
168,1303700
7,325900
39,1163800
4,253100
741,1925900
169,1340200
2,189800
2,195800
169,1317500
56,1577000
13,481400
49,1394000
77,545400
114,1471600
1,168800
98,1075300
881,820300
6606,3718700
2,194600
102,1247400
4,236100
49,1341200
13,459300
169,1300300
3,212700
114,1479900
3298,1869700
169,1335400
16,546900
9,362400
1,169200
40,1128700
6,287200
169,1307500
52,1432100
33,970600
170,1331100
13,466400
352,1399600
139,680300
57,1910700
44,1307800
212,1059200
171,1463600
68,327000
171,1349000
289,1256000
10,394200
171,1403500
6,306400
42,1175700
2725,2678500
4,243700
149,821300
171,1387200
171,1447400
171,1427300
2,201900
11,418700
171,1378600
16,545100
41,1161000
171,1354400
194,415400
69,352100
43,1210200
79,720000
171,1360900
44,1500900
658,1360200
36,1034900
4,246100
12,459000
9,380500
31,940600
171,1346900
171,1358900
7,322300
171,1375600
3,220500
1189,896800
12,437900
17,570600
171,1532700
120,1661500
5,272100
34,1039000
93,968400
172,1381300
1,188300
57,1569700
172,1417700
2,192700
73,532300
172,1507800
115,1476800
173,1400800
11,409500
3,220600
7,313400
4,244400
52,1412100
1,174400
29,887600
22,686400
151,882200
509,673200
173,1397100
2,188100
35,1008800
967,1567600
44,1259000
12,451800
173,1441500
7,337600
83,717400
158,1081300
65,259400
84,760700
38,1125800
1771,1787400
205,744600
70,377000
16,581000
1,167400
6,314300
174,1688400
3,254700
11,425200
4,249200
9,380800
174,1500600
2,197300
119,1625600
3,219100
19,637800
10,400300
127,293200
174,1520200
4,257100
41,1205000
244,1737700
36,1076200
3,225700
86,809100
344,1227000
24,790400
14,507500
3,229300
265,721900
174,1562900
174,1465200
1313,993400
3,233300
129,347300
58,1647200
756,1042200
213,912200
2,191600
175,1587900
2,196600
4,242600
4,243900
175,1455200
2,196000
11,416900
175,1463600
1,168900
43,1216500
156,1108200
14,510700
4,261200
680,1896600
681,1891700
145,723000
16,534300
10,395800
168,1368800
4,243600
169,1307800
196,473900
70,361600
705,997000
18,588400
8544,5104400
691,643100
1,163000
71,394100
393,832200
343,1094200
2,191500
35,1243900
695,740800
8,352800
696,766100
836,1240800
50,1360900
3936,2633800
11,422600
6,283100
66,272400
1,162500
699,899300
404,1120700
2,198600
117,1532700
4247,2725400
5,321600
77,541700
18,596900
29,876000
2672,1373400
2,197400
12,437500
2731,1314600
709,1096200
349,1236600
15,509800
1,167100
2,211000
712,1288900
713,1193700
7363,4416800
342,1145200
84,812600
408,1165800
55,1500800
24,744800
1,169800
77,535700
1849,2119400
30,931500
470,1239000
86,780000
137,532900
5,276400
721,1374100
392,816500
113,1427100
339,995800
274,888800
3,221600
722,1578600
186,230700
3554,2397500
16,542800
617,1818800
278,1014400
14,514700
548,1599200
38,1069700
5,321500
56,1498800
333,834600
74,465200
3325,2407400
34,971300
1806,1197700
45,1254600
17,572600
1993,1163800
13,468600
81,648000
56,1606800
172,1434200
480,1466900
538,1378500
6,295800
47,1299000
1,173100
8,333700
733,1671900
731,1629900
2,190900
732,1637300
748,543600
214,910900
935,652700
300,1575200
1,180000
308,1754500
738,1846100
1,167300
29,866700
740,1837400
8,335700
579,943000
7,325000
44,1216700
282,1083400
744,440700
2,194000
225,1200400
36,1017600
6,294600
113,1449600
36,1057100
12,444400
943,832200
34,981200
358,1502700
70,368100
208,765300
747,517500
1,157900
38,1075800
9396,4770100
513,773400
20,646000
145,722600
7,320800
731,1730000
376,399000
66,346900
155,967800
754,695600
274,897000
1,169700
7,325600
756,830200
24,741600
16,542600
757,770300
1217,1588100
84,711800
10,384500
758,805400
758,793300
119,1549000
18,607700
5,313500
761,879600
49,1362000
19,615400
649,1113100
4,249300
40,1112000
72,441400
2,296700
2,213300
761,1011600
12,470600
217,1016700
3178,1852600
764,937300
125,217800
768,1055100
43,1203800
2,204200
11,471200
119,1592700
1,164900
3,219100
771,1146100
108,1318600
521,976600
772,1129300
3,212000
6,287000
48,1330100
52,1415000
119,1564100
774,1296000
2407,2444800
92,938200
3,222400
417,1411200
179,1564200
774,1203800
41,1156100
45,1236500
872,598400
26,793100
4,245500
475,1320600
4,244000
248,241100
60,1613200
778,1278000
72,419300
106,1282300
1446,1248400
779,1404300
19,619700
204,676200
38,1073800
18,598400
4,244300
2544,1215900
47,1294800
884,892400
7,319100
782,1449000
1,169400
24,828400
40,1127400
3128,2105200
6,313800
785,1547000
13,461600
786,1708800
722,1538600
12,444600
42,1243600
5,271600
550,1727900
139,579300
8,344700
1617,948100
730,1597700
2,190800
4,235500
5,281300
333,864400
57,1570200
40,1154100
26,787400
31,915900
50,1366700
79,600200
218,1025200
3,217400
791,1605000
2,198400
791,1599600
57,1540100
16,528500
154,965000
627,580900
52,1422600
408,1366600
333,859400
69,341100
10,381800
14,486900
56,1521800
794,1685900
101,1114900
1,166300
795,1692500
4,240800
9,372900
1818,1514200
347,1209700
62,166400
531,1220400
679,1838900
3,220900
798,1810700
14,491900
12,432500
184,1663100
103,1174800
134,440900
27,808700
12,450100
4,244400
46,1275100
76,526600
159,1059800
96,1032600
5,264700
406,1130900
253,426100
805,2178000
146,762300
7,314400
42,1217800
110,1357500
95,1021400
8,352500
11,585900
220,1115900
197,501100
814,745400
3,231800
18,633900
539,1492200
17,595400
1,175100
193,482100
14,489700
192,364200
24,742300
2,185800
93,1019200
1,169500
688,581100
163,1203100
822,49161000
12,442300
143,675500
7,321600
140,593100
13,462800
51,1381600
5,333300
9316,4287700
1,171700
13,465400
46,1266700
215,1005500
3760,2867300
2353,2666500
22,724300
486,1624000
27,837900
1213,1477600
826,952500
26,774300
147,752100
1816,1351600
8410,4619400
83,692200
182,1610000
688,563900
1204,1308200
7,317100
58,1547000
893,1103400
2184,1346300
38,1055400
832,1109600
8,339400
896,1219600
2,191600
1342,1786400
273,865200
1,169000
190,319200
5,271200
21,682500
6,295300
175,1453500
3,218400
198,544800
16,528900
9,373100
5,273100
135,478400
840,1312200
5,263000
4,236400
112,1409800
3,217200
31,902100
1303,698600
69,350100
1,159600
87,909400
6,302800
19,636100
64,234000
222,1127300
2,241300
13,665900
106,1524200
4,238700
231,1312600
284,1164500
841,1329100
697,790200
23,717900
852,1604900
169,1293700
51,1369200
16,526700
2,193100
143,693800
853,1791500
3,215400
47,1295800
5,258900
854,1646000
4284,2096600
2,195500
33,964200
857,1702600
808,520600
219,1010900
26,795000
862,1907900
1,164500
6,288100
5,268700
3,218000
381,543600
22,699700
59,1598100
2320,1753400
32,948600
1,170800
55,1512600
649,1109200
92,906700
40,1105100
433,1789700
21,675600
71,392600
866,1909800
7,312700
1105,1877000
708,1073000
10,391700
867,1962200
25,761800
5,267700
1,160400
437,391300
24,745000
48,1310300
80,620300
42,1162000
6,287600
6,290200
90,872200
67,471600
3,215500
30,901100
43,1203400
1,167200
3,215600
117,1536900
870,556500
4619,2807300
12,429000
850,1532900
9,358800
843,1458400
2,195100
102,1150400
127,263700
28,830800
10,383100
6,290400
1745,1120500
1255,1010500
2,184300
47,1272000
56,1534600
285,1186900
51,1447300
14,488200
2352,2443500
185,1675800
873,630500
643,962000
989,1935200
1,164700
876,797700
37,1043100
27,804800
785,1459600
16,625500
148,822600
21,690900
40,1114600
3229,1643700
2,194500
888,992300
2,196100
42,1167500
166,1213200
877,703500
68,329400
7,313300
2,189000
897,1197500
63,197900
900,1344900
23,719300
313,346900
654,1225100
13,502900
1009,1014600
4,243500
30,880400
16,522400
736,1719400
2418,1102700
7,324800
239,1501400
903,1342300
2,188800
38,1077200
20,635700
189,330500
146,741800
189,308300
1384,1281500
42,1163700
15,508500
85,749500
73,517700
843,1427700
2,198800
97,1041500
906,1408100
534,1269300
11,409200
1,168300
4026,3182700
17,572000
9,360300
111,1359500
50,1343500
339,983400
14,484600
6,342800
2,190600
1056,733800
16,627100
912,1636000
3,232800
172,1373500
45,1237300
168,1270300
600,1391700
216,973200
4,251900
34,1003200
15,508700
386,640300
4,261300
165,1199800
921,1800300
48,1362800
27,814700
3,215800
291,1328100
151,873400
728,1598900
1,171800
3,219100
923,1889800
48,1323500
13,469900
6,294500
1777,1926500
133,429500
53,1492600
854,1914500
599,1498200
3,220100
34,1001900
926,1957600
33,979000
6,299400
2,197500
784,1482100
91,1112900
256,449400
141,637100
63,193300
1274,1738900
46,1344800
72,430000
570,682200
42,1192500
46,1346700
928,1994400
49,1370700
5,285100
38,1090300
108,1329500
2014,1705000
45,1524400
7,334000
931,797700
10,402800
183,1687300
3058,1922600
3,218200
62,164300
239,1875200
57,1566200
105,1422300
13,469200
989,1944200
2412,2428400
1048,2007000
2,195100
3,220000
71,387900
937,704600
937,693200
12,438200
7,320100
938,750500
939,804400
13,460000
369,1688500
85,743800
55,1482000
1,171500
940,765300
943,836800
1484,2172700
178,1557700
48,1307900
57,1532100
23,708400
119,1617100
736,1801100
69,349000
944,876400
945,892500
5,259200
124,184800
1138,1134000
330,763500
1,189900
613,1716300
114,1465900
946,900100
7499,4701000
24,727900
564,515400
1,169100
125,224800
107,1321800
9,365800
954,1113500
35,996100
217,976800
1190,1060300
717,1260600
15,619200
108,1281300
29,858100
114,1431700
34,971100
59,1787600
958,1259600
937,694300
212,867700
59,1587800
4,248200
22,691200
1133,1019800
20,655800
35,1040600
7,325600
2,199800
968,1467400
504,540800
58,1640000
10,385300
2,186400
34,1202900
1746,1133000
1116,673200
3638,2644600
7,315300
6,300000
3967,3349200
96,1031200
5,267500
27,834800
5,268600
135,481800
4,290800
38,1106100
696,789000
336,946600
374,381500
974,1895500
185,1805100
473,1326200
3,222800
1455,1440800
138,546700
189,307600
420,1502600
1,172900
215,957800
2,200600
10,398800
259,622400
415,1392400
97,1080800
65,257300
11,419700
2,193400
47,1358500
3087,2797200
261,608700
984,1918400
119,1571400
1181,743700
841,1493400
435,353700
8,342400
7,316000
64,216500
985,1900500
31,951400
1223,1753700
38,1091300
81,684400
1,165100
91,912400
6,302300
178,1528300
300,1536100
77,651500
111,1418100
74,462100
34,968600
4,243600
989,2004500
991,1998900
324,621100
125,223900
27,809700
6,293800
5,269100
992,540000
3,212600
4753,3096400
52,1408400
4542,2393300
1,170500
25,759200
9,357300
684,520000
6,295200
202,606300
2,193400
52,1463800
9,367200
995,617800
258,485200
725,1466300
231,1362000
191,351000
1,174200
775,1282600
32,909300
223,1127700
39,1120700
2,201300
380,568500
1,172400
57,1555200
76,528200
2,199900
140,600900
21,687600
259,534700
2,202400
18,607400
18,624400
17,583000
4,240500
123,1727500
1765,1792100
640,950300
41,1209600
79,628400
5,338800
2845,2738200
3535,1733300
151,904600
1137,1163900
1,180200
29,904400
72,436900
2030,2229900
50,1471500
3919,2206500
5,270300
24,791200
162,1196300
98,1098700
24,764900
152,930700
2270,2085200
104,1542100
172,1455200
47,1368000
9,388200
3,234400
209,817100
21,759100
1028,1694100
41,1292400
2,205300
69,366100
28,904300
270,823300
10,401200
1032,1580000
2,194900
31,918300
697,825800
2,193600
7,324400
14,508600
1035,1792700
70,368700
19,801200
4,241700
978,1738200
122,1657800
13,493000
117,1507900
174,1397900
1161,1785100
6482,3703800
452,785600
12,438000
547,1582600
9687,5412100
8,341000
31,907900
68,311800
47,1285200
7287,3915600
313,348400
55,1501600
9,356500
54,1461800
680,1880200
1039,1709300
73,435900
36,1011900
1598,2072000
8,363200
389,713400
393,814900
28,834800
155,959300
42,1166600
169,1393400
10,386400
1399,1548200
1,163600
1,164700
7,306000
7,348800
532,1259000
37,1275700
18,601000
2,184600
54,1458500
8,350500
62,161800
440,461500
229,1273800
1,163700
2,192600
853,1604600
19,614300
685,485000
1052,2000300
17,560200
3,228400
486,1700800
1,162700
56,1716100
87,963300
1067,901400
13,483300
42,1164500
69,338300
216,963100
3,222800
6,286800
1765,1665800
28,833400
1884,1492900
9,371700
402,1037300
7,320300
9393,4742800
63,202100
2,205600
8,341400
1081,1221800
214,920200
611,1728100
2,192700
302,1557500
67,293700
90,932600
36,1104500
88,808200
1,170200
37,1042700
1,165000
126,246600
1087,1401000
449,752200
1088,1484700
47,1291900
861,1801500
21,811300
4,246500
1089,1415100
17,555000
3,208800
67,296700
29,867100
129,315900
4,243400
103,1158600
1102,1727600
5,310000
3521,2871500
301,1578400
210,833800
3177,1763000
398,936900
1106,1852300
307,1671700
1108,2000900
43,1186100
26,778100
201,595600
1116,602700
127,267600
220,1124400
2,185300
14,485300
3,210700
52,1435500
1,176100
346,1384900
10,404600
1,169800
72,410200
35,1013600
24,724000
13,459200
4002,2535500
43,1445100
79,597100
1126,852600
2,199700
25,787400
4,248700
1127,864700
1577,1529100
77,534900
12,433500
652,1185500
68,322300
6,295800
33,967100
4,248000
267,718800
11,411000
42,1165700
213,875300
229,1271400
131,363100
683,447800
62,174900
9,366900
524,1030200
54,1461200
1503,1107000
743,1910900
1058,801700
241,1576000
1153,1505200
2,194900
479,1584100
17,567900
491,1687100
46,1254600
1164,1757700
9,428000
4657,2207400
97,1040800
86,799100
397,938300
4120,2537200
17,557000
94,960700
4506,3026300
5,277300
2,187300
2,193600
2861,1534200
802,1867700
793,1626500
229,1316400
348,1220600
9,363600
1171,1927600
83,682300
2,184400
99,1061300
1173,1994900
2,193600
6299,3636100
579,886400
805,1915200
11,411700
1134,1142600
21,680400
9,372700
2,197800
42,1163400
93,944800
92,904800
3,211900
20,630000
601,1465000
12,432300
1185,802200
62,169000
894,1124200
1186,826500
1186,817600
1,164700
112,1377600
87,783300
38,1065000
1189,907800
37,1078400
354,1342800
484,1528500
33,955100
73,443300
1192,1030000
1182,709200
8,337800
477,1359600
98,1292200
821,832600
24,728200
223,1125600
41,1128500
133,409800
12,430000
1205,1309400
99,1075400
1217,1656300
47,1278500
3,213800
4,234100
1188,865900
3959,3144500
40,1107500
1228,1850900
656,1283400
3328,2456000
98,1301200
1250,956400
1491,820400
575,797700
1255,1017400
1255,1012600
724,1452200
165,1606700
34,971600
1257,1143100
15,503000
4,245200
271,817300
11,405800
976,1686300
1,164400
7,314900
46,1310700
1,175300
27,840200
3,226700
4,245400
2,203400
264,760700
1104,1853200
149,820800
1261,1200100
269,764700
1073,1034500
1,168900
6548,3737500
792,1594700
2339,2319200
223,1133000
84,732500
128,295200
13,457500
1,181900
44,1475800
5,268200
1269,1507800
1,166300
2,190800
41,1133100
26,937100
22,683200
323,689300
2736,1430100
812,622000
7,307400
58,1607300
470,1190600
45,1229900
268,862700
13,469600
5,258000
1059,678600
1651,1788800
216,977000
32,925300
6,291600
6,289300
9,436200
40,1111900
8746,3913900
259,539800
13,477600
4,238800
19,627900
176,1479200
2,185200
1281,1655800
100,1121600
1285,1847400
929,1964300
821,835100
37,1029500
11,409600
11,419000
125,222700
550,1959200
295,1406200
1291,1905500
163,1148100
14,479700
3,221900
338,996000
1858,2404900
26,787300
4,251900
5,265100
4,246300
258,489600
1023,1304400
266,698100
36,1021900
6,286400
1445,1171700
1166,1837700
123,1799000
101,1125900
814,659100
76,542100
8,341000
39,1092400
1300,2207300
1894,1830000
78,558900
985,1839000
8,338600
379,482900
9,360100
4,237900
175,1453500
1301,2143600
5,268600
295,1436100
141,616100
122,1628200
6,284200
868,486700
56,1510100
286,1172400
195,440400
7,315800
4,244400
1305,738600
40,1116500
20,633800
67,297700
26,783700
874,831400
168,1303500
4159,1918400
2,195400
3,221800
8,356200
383,577200
296,1395400
144,689100
138,537700
1309,837800
1,161100
2,195000
347,1171300
1310,1011400
43,1181400
16,538000
191,341900
908,1482100
21,670700
14,529900
13,579600
1,166700
314,384100
1,173100
25,1342800
119,5331100
878,770700
109,1340300
104,1201800
1310,867500
14,484200
158,1027500
57,1563000
3233,1686700
5632,3689100
21,669200
1312,917800
1,164700
1313,948000
94,970700
34,969500
5,268300
9,364500
1,161900
3,220500
79,607200
1603,2352100
18,593600
1158,1698100
1317,1073300
1,166700
2,239400
29,891500
17,580000
750,598300
503,519100
8,332000
207,746600
458,921700
330,766100
46,1334700
6,284700
1320,1127900
579,896500
10,387200
302,1741800
801,1865200
1,175000
26,1216200
1324,1845800
870,845400
258,775200
53,1700800
120,1621300
154,972800
11,421400
53,1438700
8,342200
2,195800
4,248800
367,1664400
125,229000
922,1819700
2,194300
458,1087800
154,996200
14,545900
216,1003500
8,359900
140,600500
1160,1778100
59,1617800
6,298500
3,223800
580,958900
29,909600
155,1015400
14,513100
201,606700
30,900500
379,542900
3176,1888400
13,548000
144,728300
1,175600
6,310400
40,1242000
242,1944500
23,743600
38,1109600
306,1730400
1347,1900100
1622,1079300
3,228900
4,287700
2477,2721100
25,877100
101,1203400
7,322400
23,746000
1352,1997400
75,499500
46,1286100
175,1489800
74,468100
291,1326100
34,989400
1353,1986300
4,239600
49,1401600
202,619000
1354,2071500
71,402300
671,1665700
4,245900
8,349200
118,1579500
4,234700
901,1311600
316,413500
8,344200
1068,1139200
6,368600
69,360400
1360,2249100
1361,2531000
1362,2444900
934,643800
10,395100
49,1342400
356,1560200
48,1370000
1940,1466700
22,703200
3,226900
8,335200
391,768100
87,790400
64,220400
1370,849000
195,452000
1372,892500
90,866000
3,218600
431,1784700
15,520500
130,352700
1913,2216000
699,852200
23,727600
1752,1326800
352,1376400
17,563400
2150,2021200
12,446500
5,285600
1374,932300
61,1718400
222,1109100
705,1087100
111,1400500
46,1319100
75,507400
1,179400
2,192000
5,284300
1377,1066300
367,1768000
2226,2533200
139,564300
16,540000
62,195100
141,620000
2,193400
100,1091400
8,347400
1393,1411500
64,220000
9,365900
1331,1456300
11,420600
112,1408300
1414,1939100
46,1274400
444,572400
68,318500
3,217500
11,408200
162,1129100
6852,3843400
25,766500
6,298800
1421,2138000
2185,1467800
366,1641000
1424,2173200
644,994900
26,790400
1,188100
67,301300
96,1005200
1428,803000
15,516900
27,818500
27,825200
681,1910400
135,463000
5545,3727700
75,499700
763,918700
240,1551000
19,619700
707,1062800
1429,836600
4,331800
78,673300
8,349400
462,1066300
132,408300
1305,772300
303,1738600
180,1647500
5,286100
7,381700
4,261800
203,677000
117,1599500
621,439700
150,879000
15,539900
1443,1192000
4,258200
52,1506500
335,954900
11,435200
4,255100
102,1221200
232,1555200
40,1188600
54,1550300
111,1471500
28,896500
4077,3168900
252,369900
183,1742400
924,2077000
1067,1039200
3862,2258800
2,205100
93,1004400
1470,1849200
782,1429700
1910,2319500
1442,1169700
399,1008000
83,714000
32,947900
5,267500
194,424300
1449,1317500
15,513400
1454,1434100
228,1268400
288,1250700
30,888300
65,253800
2,198900
80,627400
1463,1913900
1464,1798200
1468,1804000
447,645900
14,487000
6,289200
1469,1820900
206,729200
275,919800
48,1330100
182,1656200
814,698900
4,240100
902,1568500
715,1408300
1482,2094500
126,239100
53,1452400
5255,3366900
4808,3085200
947,951600
2,196300
68,324100
44,1211400
40,1167200
33,1074900
9,440200
8,342100
113,1426300
16,580000
375,369600
716,1261800
1486,2217400
2,193400
4,242800
44,1392600
2,191100
17,568300
2,187300
3,213900
65,237200
480,1555900
38,1119400
8,333000
124,196600
1,181200
517,965600
3,215300
955,1156000
127,273600
1215,1615800
562,481800
35,1034900
403,1071300
19,620000
62,159800
698,826800
6,299800
43,1214500
107,1312500
7,319300
73,462300
3,218800
14,489200
2,193800
12,440800
78,569500
2693,1931800
817,884200
83,707400
179,1598300
144,697100
45,1250600
322,571500
8,334600
755,798000
10,386500
7,319500
44,1254000
6,286800
5,266800
2,193400
69,349200
1069,941400
5,266400
99,1083100
236,1448200
202,611900
1508,1242800
187,325900
231,1380900
28,875900
135,483700
6,289400
38,1078100
5,272100
704,1005700
2,194400
4,235800
4821,3294400
467,1132500
102,1168700
7,325700
140,693400
352,1301600
2,199400
8042,4772500
233,1394500
1250,900500
1525,1735200
41,1161300
843,1602500
50,1394900
540,1523900
4,241800
1527,1714100
272,847500
77,575100
416,1389800
79,596000
145,733600
1529,1760600
156,987100
956,1285000
9,365700
722,1659200
28,839300
9,369400
1113,2031300
1322,1227700
2,193300
373,320000
1530,1828200
2037,2333800
1531,1811000
1534,1914900
228,1493400
17,568000
151,876900
899,1327900
1534,1880000
5,272300
339,998700
471,1266700
238,1565300
122,1642700
17,569800
2,199200
543,1512500
237,1503700
1540,2035700
25,768500
138,550200
9,362600
2,200700
1159,1691800
12,438200
65,246400
3,222700
3,222200
841,1539100
870,564800
27,833800
1,169900
41,1180000
1711,1804200
12,463100
3,211500
4651,2120500
7,313700
50,1380600
290,1277600
4,253500
154,942500
7,317400
2092,2174400
17,574800
7529,37470100
21,720000
490,1809000
829,1102600
6,355100
87,841900
82,701100
1,183400
39,1156500
372,299500
94,958900
191,353500
80,636800
5483,3267000
1,205400
1036,1821300
1,172100
14,490800
1559,993500
52,1426600
35,1002500
156,1011300
6,300600
1016,1332500
2725,2738700
3,225400
276,939200
3,219800
64,219600
10062,5070900
4,254100
80,635200
150,843100
3186,2012600
218,1025200
175,1489000
240,1557800
39,1104300
14,492000
2,189800
60,1634500
1568,1233600
1282,1748800
1,177000
143,696500
534,1410900
105,1238900
40,1130600
6,290400
83,685400
6,291200
39,1185500
4041,2110600
9,365900
42,1178400
298,1476300
2,197700
14,492500
137,513200
321,624400
513,783500
1636,1420500
546,1607300
101,1127800
4,246700
307,1682800
129,381100
173,1507400
1,160800
1582,1563300
5,276700
3,216600
5,273600
368,1697800
15,593800
1585,1637300
1587,1768500
2215,2205400
61,1646000
5,265300
24,785100
95,982300
524,1053000
1592,1977300
92,926100
47,1318700
16,539500
8,347800
38,1085300
21,657700
1595,1907200
8,346300
1,167000
38,1084400
179,1727400
1618,974400
2,194000
906,1650100
8,341800
146,742600
4,243200
3708,3205500
90,890400
116,1484900
41,1171200
99,1120100
16,549400
1561,1046500
1616,905800
2,186000
19,624200
306,1693700
13,464700
267,719700
6,281800
868,496500
36,1034300
30,884900
16,535200
65,243700
8,348800
6,293400
108,1306700
16,551400
5,274200
132,409800
1829,1804500
24,748200
6,368700
37,1053800
12,450400
11,443800
55,1529900
2745,1662100
51,1395900
1605,2278800
3,211200
141,614100
18,598700
270,787100
337,951600
1017,1167400
21,677700
21,661300
5625,3640400
8,337900
51,1400900
227,1225700
149,835100
573,729300
1,167100
2,180300
13,467500
1606,2143000
411,1255700
46,1282500
650,1149100
11,432800
239,1585700
2,216700
4,237400
11,416900
691,697800
1988,1064300
147,768000
61,1637800
3,214500
155,991200
1620,1052100
213,891600
82,672700
2135,1658600
1,168600
2,191900
83,686700
11,415700
1623,1128900
372,301500
2,192400
140,595700
676,1878000
70,374700
10,388000
110,1348300
441,496400
11,417300
163,1185700
2,196200
1633,1307800
150,849000
145,718000
329,748700
211,846700
1686,1116900
1651,2017800
405,1155700
2,189700
1652,1813400
3062,2064800
94,992600
125,225400
64,215500
37,1044100
11,419600
259,525200
2,185000
7,318800
41,1150300
525,1057100
50,1371000
36,1033200
116,1495700
7,452800
7792,4834200
1077,1360600
96,1007900
105,1238000
108,1294400
1,171000
1371,1083100
2262,1818000
37,1055400
1,170300
54,1457800
19,626700
1,162100
174,1448600
1672,2548300
42,1184600
1450,1320500
52,1418000
1,162000
1673,2283400
467,1129800
524,1154400
1325,1231200
2,197100
120,1618300
48,1310800
1677,903100
7495,4627200
37,1051800
2,193500
51,1469200
61,1786200
4579,3396400
203,649700
226,1275800
92,918300
87,795300
1,165400
4,261000
67,303600
708,1195300
1,165400
1695,1413300
3,221500
1702,1536300
147,776700
772,1144700
101,1126500
4,233800
55,1503800
7,324700
1722,2014100
15,516800
1186,820800
1,170100
24,730100
1286,2262900
44,1261800
1,169800
1283,1778700
1731,2264700
4,239500
4,255500
4,248500
463,1219500
237,1502600
12,442100
258,506000
2,201700
310,269200
2,189400
11,421300
51,1400200
5196,3588200
18,600300
1301,2189000
87,786300
1734,2324600
191,344700
1,158600
1317,1063500
74,476500
6,303900
399,971100
201,598400
16,539500
5,267500
2,184200
302,1575000
8,340100
396,979400
7,349300
949,1009400
238,1507500
1529,1774800
51,1407800
1161,1720300
116,1530100
27,829300
713,1300500
2,197300
11,414500
1749,1162700
16,541700
15,521500
2,186000
1600,2019300
130,415800
400,1015200
391,771100
7,320800
1758,1392600
39,1101000
21,676800
127,289100
77,531900
1758,1385200
8,344600
307,1779000
1761,1465000
769,1070400
105,1333500
913,1727900
21,675400
1,171600
344,1121700
45,1245300
2,187200
11,414700
51,1386400
161,1103500
6,290900
1429,799200
2797,1509600
64,228200
24,748100
1,171400
3,264000
23,717300
156,1004700
59,1585800
80,619100
268,777300
6,303800
934,626900
1766,1682700
18,582500
1769,1683900
24,773700
139,558400
185,1700700
1068,918700
572,707300
3,219800
1770,1676800
2,184500
24,736700
39,1306200
1,164800
33,977700
1267,1335700
1770,1822700
2,202200
1115,2147600
46,1273200
232,1363200
3427,2061200
66,275900
88,815000
53,1441700
1139,1161800
61,1637700
10,389100
45,1280700
3,226500
250,295800
8,339900
7,319000
2,197500
75,496400
3460,2886900
146,903400
1507,1214400
1,180700
85,747600
22,734400
1589,1768600
713,1182700
2,195100
2,190700
3098,2956100
8,351100
176,1502000
101,1150100
77,547300
209,789100
1,161700
50,1515900
22,683700
1,171800
775,1242400
10,395700
2,195900
7,315900
6,293600
240,1554900
5111,2963200
7,316300
2,196000
579,1178100
2,190200
5,272900
203,655700
314,387400
29,1062700
64,231000
4,245200
1904,2041500
214,933600
4,238700
172,1369300
1722,1997000
3525,2997300
1,165300
6,300600
211,908100
706,1061600
6,296500
38,1088700
6,284700
4,233700
3,222700
1417,2349600
1230,1928700
45,1256000
119,1564000
10,392500
29,879900
729,1590900
227,1254700
573,825100
8,333900
2883,2180400
69,379900
2153,2139200
834,1171100
3,221700
235,1433800
4,246900
753,669200
960,1267700
19,618000
4,235500
1128,896900
3,214800
593,1223700
918,1725700
159,1070000
2,191600
2798,1632600
15,514700
1,167200
77,539800
47,1317200
59,1595000
14,484500
2528,2332400
1732,2322700
1290,1876400
611,1745900
174,1444300
3600,1693900
59,1578600
11,418300
1203,1284900
123,1671000
15,514000
105,1224500
25,777700
117,1511600
189,298400
3602,1791800
3923,2134000
6763,3152400
16,541900
36,1029800
5293,2879500
4,242200
4,246500
109,1304800
3,219500
16,542500
83,702900
33,967000
3695,2485500
153,944200
66,268000
212,927600
1952,1854900
616,1858100
36,1025000
4,244100
158,1037800
408,1172300
310,280900
60,1627800
756,746100
128,301700
2,191600
10,394100
4,235800
1423,2263900
519,914500
1,161600
4497,2948400
44,1228700
579,900500
102,1142300
6,290500
39,1102100
2220,2623400
461,1055800
31,951200
4,252100
93,942400
29,889400
2566,1949300
52,1412900
18,593200
39,1106400
3457,2740100
44,1230700
78,565500
39,1111500
12,440700
49,1362400
55,1478500
2,215800
20,647200
844,1408100
3,212100
81,661800
206,745300
227,1232500
6,288400
1059,709700
2,197000
59,1694900
521,969000
3732,1983100
5,268600
59,1579100
442,516500
242,1644900
1496,956600
3141,2463000
1043,1920100
1312,930100
484,1610300
19,618400
14,513900
2,198800
80,620700
381,512200
21,663600
4,238200
307,1690100
3744,2240400
4,236400
45,1242900
9176,3910400
79,604700
55,1492100
3,219800
3,212900
26,788700
721,1441200
4,243800
86,761900
24,738800
10,429000
198,521400
1,167000
8,343600
1155,1586000
272,930200
272,849600
9,367800
3782,1675300
80,673800
234,1446200
69,404300
1540,2094500
3811,2509100
76,603300
2214,2099300
4,237200
2,194500
274,927900
45,1246900
71,394300
263,619400
149,809600
47,1305400
3907,1932200
2,193700
9511,4597300
5,279000
81,647200
4,247100
2,187200
72,414500
44,1261200
2516,2035900
13,466500
39,1101700
2,196200
126,239700
4,238200
1,161800
510,704000
9,364100
106,1306800
2,194900
7969,4343900
1,165700
3,222400
5,269100
4,233700
45,1301300
54,1566600
1371,931600
75,514700
215,985600
1,171300
2812,1860400
4214,3343200
29,948900
3922,2225000
283,1106000
52,1410100
13,468500
8,342000
2,196300
10,393800
4,245100
22,705400
410,1248800
922,1862100
1,172100
843,1381200
3594,3142000
80,759600
526,1119400
250,308700
243,1640300
6,298100
5,263900
2150,2145100
11,410100
166,1229000
121,1632300
2,191500
148,797400
1426,747300
19,615500
82,822500
95,995600
54,1509900
12,437900
3949,2926700
55,1519400
4704,3351800
8097,4389200
208,839900
30,913100
84,722400
10,420800
5,274700
172,1406200
135,489500
37,1088300
1029,1491000
12,452800
550,1826000
3969,1862900
727,1527500
3927,2432400
957,1321000
264,662600
52,1511700
3978,2008800
12,457200
4893,3614600
4013,2834900
193,397200
8,350500
1003,821600
38,1149600
3,234800
6193,4100600
12,435700
49,1366700
48,1322700
6274,3097900
618,1930300
25,797900
18,600200
10,399100
4,248600
167,1264700
3109,1676600
1,167800
63,195700
65,249200
757,754600
3123,2007000
73,536500
2288,2426700
4031,1937300
4037,1941400
390,750000
318,475800
3909,1861700
1098,1670300
3,222700
3,212700
30,887400
2605,1217200
374,348600
3101,2143000
7,453500
319,712600
4,315300
17,581600
80,624900
2,188100
20,641900
1594,1886200
14,490800
7,324200
9,367500
126,240800
92,917000
7,322200
101,1132400
2,194600
135,455000
252,353100
14,488000
5,271100
3,217400
4066,2880700
14,495600
476,1360800
8,337700
232,1341100
2,192900
49,1348100
2,197200
8,344000
5987,3428900
9182,4193300
949,1038900
3,220200
1845,2091100
958,1243500
4086,3267300
2065,1443100
20,639700
153,925500
5,267800
53,1465300
7,321800
1013,1073200
925,1990800
5,280600
89,852400
184,1720500
17,594700
4115,2398400
7,319100
2118,1234200
14,489600
1139,1160500
4,239800
1172,1987900
830,1063700
276,947400
2404,2464800
2385,1859500
2,203000
8324,3897900
807,521000
149,825300
328,718500
934,629400
1261,1156400
14,486700
554,1766200
4205,3235400
3,213900
4,244200
417,1619700
20,671400
6,301700
3,223300
1055,610000
282,1093400
12,443800
7494,4536100
297,1469700
41,1189400
57,1538500
61,1634900
715,1236700
5276,2744900
74,470900
16,550000
42,1171500
47,1294600
66,271100
15,619100
7,328400
4,244500
37,1259800
91,916600
130,358900
1,167100
4359,2444600
4,239900
765,986800
1,162100
1154,1583000
208,792500
5,272100
946,925100
6,287500
2,196800
19,612000
2,195500
227,1253900
10,386400
936,683300
4422,2494700
1,160700
46,1309000
97,1034500
1482,2189100
26,797900
7,314000
6,287800
6890,3202000
508,651100
1175,2079300
8928,3875800
289,1253100
558,372200
203,641400
6,292000
4307,2672700
87,794400
6516,2939400
400,1085400
3,221400
43,1214600
8,335400
7,309200
82,669800
1208,1360300
249,304800
4485,2524400
309,1842700
38,1083200
304,1925200
4,235600
708,1072400
116,1486700
493,1768300
761,968600
15,513600
35,994600
167,1277100
1,160600
19,616700
228,1360100
34,984300
114,1436200
6697,2888100
27,829800
51,1392300
1068,1018600
83,693500
150,857000
9,368300
184,1694200
4216,1938700
3,227300
181,1592200
2,191800
131,380700
6,295400
164,1185100
3572,2582100
27,858900
1,160200
52,1411400
4494,2672600
824,928800
2,214800
4229,2316700
6,287400
52,1530900
42,1169800
710,1122400
9,370700
44,1242100
331,801000
2159,2317600
154,954000
1868,1093000
195,499400
32,932000
1,192600
118,1570100
166,1241100
9,365900
467,1141300
30,898900
692,661900
38,1084700
370,1741800
523,1019200
389,732400
16,571100
3,227200
366,1746800
17,573000
245,1734600
1,164800
1,159200
59,1589700
308,1732300
4785,2479000
85,889600
246,1723600
7,327600
5,270200
323,609600
987,2118500
491,1801300
283,1167800
3,227700
4,249500
227,1323300
32,922600
13,466100
3,220700
7,321200
94,954200
4,248400
1253,1058600
34,1008300
11,544400
427,1711800
18,621600
2,210300
63,208600
2,203800
1803,1050700
21,737700
53,1533100
4,267400
26,841100
10,417400
71,422700
988,2080100
3,221600
41,1188900
30,884400
2,193000
18,591500
127,270800
369,1728400
11,422500
40,1124800
3332,2775500
33,1020500
7,339300
4,250100
481,1509600
1,159300
860,1814400
4547,2556700
837,1259500
3182,1977400
3,225100
1609,2232200
361,1597600
469,1197500
4,250000
668,1622100
146,758000
585,1184300
2,200300
8,352200
301,1565200
96,1007300
1055,601900
531,1204200
49,1348100
132,399300
1616,908600
343,1092600
46,1298500
94,981600
15,557200
547,1596300
7,323000
864,2241100
195,451000
3876,2546400
683,485300
1920,2536600
12,449300
4722,2465500
40,1164100
43,1258100
41,1160200
47,1371900
71,403500
4796,2600700
86,911200
324,672600
115,1477200
16,540600
282,1083000
182,1611800
17,561100
2,194400
944,871700
21,713300
13,470600
29,896800
1573,1488100
66,279100
2529,2433400
28,845600
2686,1711700
14,483300
4873,3069900
104,1202600
33,960100
227,1242800
883,869100
8790,4994200
4,248100
59,1583200
193,390000
26,794500
4304,2610400
10,397600
8,345300
18,601400
79,582500
18,607600
521,980700
426,1627000
166,1288000
2862,1581300
3,212700
459,967200
2,190200
2,191400
19,614900
2,195400
316,430600
35,999900
16,530300
833,1156400
934,718200
5,277900
4456,3314500
9,362900
36,1024800
355,1386400
195,472700
57,1564800
16,543100
63,193000
7,317700
1995,1221700
293,1337300
12,448100
39,1094900
792,1693300
91,897300
14,494000
5343,2595000
24,737700
115,1485600
487,1681700
11,415900
757,765200
183,1770400
5581,2554300
1165,1819200
268,742500
8,342500
9,370600
154,952600
4,238700
2819,2035800
19,624400
18,592600
7,317400
966,1403000
68,322400
22,687900
1,160400
13,471700
85,746900
16,563900
49,1451000
475,1332100
31,906000
5,260700
112,1405800
251,315400
203,646100
32,1145900
44,1234900
23,716900
9,356000
955,1157300
231,1347300
1061,825200
4925,3138900
5099,2689800
31,916400
167,1283600
3536,1676300
22,690300
5102,2628400
83,779400
7,324900
7101,3894900
1197,1150800
816,726900
175,1468900
3610,1969100
1434,919700
3,220300
17,565300
99,1084100
4255,2860900
28,836300
58,2077200
2,193900
1983,2722600
652,1193700
2,188600
1376,999000
1853,2347200
4,245800
1595,1891500
87,802600
7,322200
84,709000
63,197600
18,589200
74,472400
234,1556200
3,227500
20,662600
40,1127400
366,1647000
345,1145500
2,195700
480,1463300
18,588100
1441,1092700
45,1253700
227,1300800
1,163200
562,477300
17,573100
10,387500
4855,2616300
2,195800
950,1050700
4409,2148200
93,933700
23,730100
28,834300
122,1737300
6,292200
177,1510000
32,921500
5133,3393500
5,266300
6,289100
721,1371900
3120,1977900
36,1032500
648,1091600
80,626200
30,1027000
93,949300
29,869500
5,263700
22,694700
46,1263100
1,164500
877,711400
2167,2508400
225,1176200
101,1122000
1156,1632900
11,430000
381,527700
3,223500
5172,2927700
1520,1534900
5,270000
202,618300
61,1640900
22,679000
180,1571400
34,981000
5191,3372900
1504,1196600
495,1842200
3,272900
4,239900
2039,2366600
3,213400
110,1350300
44,1464500
17,559200
8543,4831800
4,239500
5,273400
3754,2567700
926,1956700
6,295200
58,1573500
4,245800
5204,3739900
13,461400
2,194200
3,221100
124,200000
349,1248200
96,1011700
1034,1669700
112,1383200
155,1011900
1,159300
3448,28943100
102,1232100
315,407600
4,244200
5,270700
29,875600
36,1028800
52,1447400
43,1215800
204,674900
1,160800
76,507600
20,641100
1388,1445300
6,296400
248,238900
21,665100
1552,816700
11,419000
7,326700
3,214500
511,722200
10,392800
1761,1490200
441,490900
24,747500
254,396900
21,684800
2,186700
276,1060500
1,165100
220,1057100
3022,2539800
1,158000
4,243000
91,902800
22,696200
10,388100
1,173000
2,194500
92,983200
201,596200
138,537200
32,934000
195,447600
3870,2330100
1,163600
5,261100
6,295100
1452,1368100
23,727200
26,783100
133,422000
756,743900
901,1380000
5233,2872400
92,983200
788,1531400
4,240600
930,511800
1133,1086300
2,186900
28,843000
31,916700
5329,4096400
53,1466600
2,194400
51,1388600
125,229000
6,293400
156,1004300
2,190400
9,383800
63,198000
224,1173100
3,213300
4066,2780800
455,848500
9,357600
4081,3116300
12,435500
4790,2533900
6816,4348600
10,386300
471,1247700
8,335700
101,1152200
14,487000
1280,1631000
30,955100
5724,3516400
25,765300
1064,822400
7,316900
350,1251800
11,404400
4295,2295800
2271,2120300
2425,1279200
11,422600
1170,1920500
147,756500
612,1856600
9,377100
1373,990900
18,596700
226,1204300
77,535200
63,194900
4424,2500400
66,278400
630,644000
4486,2580700
2406,2299600
2,188700
6368,3982600
1393,1416100
81,645200
889,1020400
122,1624500
48,1318800
13,455300
2323,1808000
10,395500
10,385800
5543,3003100
57,1624900
2,197700
657,1295900
180,1583300
259,527900
5347,2891500
3464,2862600
7203,3336500
1724,2089600
28,916300
167,1252900
4,244500
6278,3110000
517,874500
837,1234300
16,576000
296,1410700
90,870900
3426,1945900
285,1176000
59,1587400
64,216700
2761,2190500
11,413800
1,161700
475,1317600
22,682300
51,1392000
160,1285700
1125,974700
601,1417100
11,415700
135,535000
1141,1254000
8,391800
1513,1375100
10,441000
5,286600
7049,4325000
318,473100
21,673200
395,861700
140,585200
4739,2869500
1,164900
304,1619200
2000,1382000
6675,4099800
70,379600
81,714600
26,811100
5,291700
877,754400
63,199700
9,371700
891,1076800
2833,2380700
102,1155000
7034,3743100
815,682300
55,1488900
3,220000
126,247700
3232,1876000
8,350000
7,320700
6,294200
3,224000
1457,1500000
180,1622900
2308,1400600
4,242900
2558,1558500
211,987500
2,197600
708,1175300
4039,2025700
7,325300
950,1011700
1,162900
2,193400
63,190500
268,753300
294,1508200
49,1357900
9757,4715200
37,1050300
21,664800
7388,3462700
12,453400
48,1315200
11,428700
6,296400
45,1708500
121,1726400
264,682700
6,306900
464,1084100
18,597100
7453,3502300
36,1110400
2,204200
112,1382500
6,291700
4378,2947900
4,249400
15,508100
957,1242700
1735,2463700
10,384300
98,1042700
45,1245400
34,971900
4417,2342000
2458,2091800
8,344300
1,179200
907,1457800
38,1093000
9,377800
23,722100
1,180700
118,1581700
6095,3214700
71,401400
177,1579800
346,1154000
2,193900
44,1222800
179,1561300
64,229200
1874,1231800
1,165300
197,502300
3565,2402800
3791,1989900
40,1190300
19,646900
1,170400
3,230500
27,833000
2,193700
27,822900
204,730900
257,491900
2,199300
203,671000
5,269200
2,200300
2,199400
3,226800
938,772300
3994,2703300
168,1304100
79,596100
54,1502600
1431,847000
7,330500
421,1505800
182,1697300
146,754400
140,590200
2,195000
961,1305800
10078,5191000
933,603800
486,1628600
2580,2129400
328,734100
2,196700
288,1220500
300,1527900
116,1498400
205,688400
4492,2683200
4,246200
2439,1657900
1489,766700
27,861300
18,604700
395,861600
386,680300
46,1295700
6,285100
204,678000
63,191200
11,405800
878,812300
9,376100
7,316200
4,245700
2479,2692400
31,923500
43,1198500
7,450200
184,1655500
8,338300
8438,3853000
19,621200
216,982400
90,900300
4,253300
5756,3978800
40,1147800
1,167700
35,1002600
6790,3734300
15,512600
7,319700
38,1203200
2,202300
50,1400600
6,302900
1848,2124900
51,1393200
1060,717700
28,841100
11,410500
1,160700
60,1630700
22,695300
2,191700
15,515600
53,1478200
6221,3303500
6917,3904300
31,914600
1305,756300
429,1696900
8,338000
3,218400
5,267900
4,234000
4859,2685300
5994,3694300
2128,1503200
1,159000
258,492400
28,851000
18,591100
1863,1038500
177,1494700
7618,4573300
2432,1503600
1,164700
176,1458100
7,319700
650,1173500
7,310300
975,1656700
235,1476100
36,1069100
2,193500
376,417300
2218,2281100
54,1505100
24,756000
6,359100
79,623500
972,1641100
903,1393800
2,198100
319,495200
3607,1883100
576,902600
165,1238900
3042,1568800
16,549300
1,170100
253,386100
5510,3787000
49,1384100
734,1712700
12,456400
118,1593200
9,368400
374,413500
11,424000
13,505300
11,432000
124,195500
161,1171200
182,1827200
66,319800
3,217000
6461,3095200
1,168200
9,366600
43,1283100
38,1104100
2,190600
384,669500
537,1488900
283,1334400
4,250200
10,387800
2,192000
1858,2512100
1437,1004500
11,424500
2217,2202300
78,668100
32,948200
25,814800
27,820900
466,1127800
3443,2472000
2033,2174300
6461,3375800
7,317200
83,694500
123,1667200
4658,2207300
179,1584200
1808,1184600
34,971400
6,297400
154,955200
36,1031900
26,804100
25,785500
17,602000
10451,5359800
165,1251100
7,323500
7211,3558100
3717,3062100
831,1099300
1733,2816900
3879,2669100
8,343500
4900,2231600
52,1416500
27,818100
14,496000
92,904500
3,219800
50,1353500
4,244400
409,1225800
1992,1135400
4,242900
18,602700
14,493700
3,219600
221,1104000
4,234900
145,714500
256,443100
13,471000
106,1286100
112,1398000
358,1462400
48,1332800
1,168600
27,816400
6669,3770700
5,262100
1559,992700
1,182400
151,897300
500,464700
372,314600
217,989300
518,934300
5,271300
123,1690600
79,770400
860,1964400
133,415700
6,294600
6098,3317300
1033,1575200
5030,2598800
149,887400
1,169200
2938,1913200
529,1228200
244,1643900
336,926500
764,938300
742,1891900
44,1232300
456,897900
3,223000
20,637100
32,930900
161,1385500
8032,4340000
281,1066600
123,1666000
41,1150500
4,247100
155,1050600
318,473400
1,161800
95,970100
11,411900
114,1465400
1232,1977800
1,166800
1,161100
1203,1238700
781,1389500
11,497300
228,1252500
6829,3190400
76,519400
10,405700
559,393300
3960,3081100
1,180100
539,1405100
46,1373400
15,533300
722,1574200
473,1296800
218,1015300
31,915600
16,538300
6,287900
4,247000
9298,5378600
44,1215500
304,1641500
81,704700
36,1060000
16,567400
7,334800
54,1532700
146,770900
1261,1207100
7,342900
2704,2373400
3022,2688900
75,510700
12,440500
587,1214900
5,272100
220,1069100
3109,1890500
1629,1246100
4,237400
23,717400
48,1349400
18,600400
13,496500
349,1247100
6,299300
361,1582200
100,1324500
1152,1598300
4708,3710200
656,1396900
263,650400
2,204500
1294,2109800
3,239700
89,889600
10067,5189500
4494,2769900
18,603800
55,1575300
9492,4434900
5,294900
36,1183500
114,1497700
46,1278700
4272,3383100
80,653300
259,621300
236,1683600
22,792000
173,1628400
25,809500
455,884100
18,618700
1,168800
62,170900
5,279700
740,1873500
22,716100
103,1189800
37,1062900
50,1395700
168,1277600
314,387200
134,477400
2,192900
14,494300
6,313500
211,882200
3,221800
555,1812900
6110,3573700
7,318500
5,273900
4,236600
880,797700
6,292900
76,517000
46,1281300
1901,1925000
224,1169000
30,937700
48,1361600
29,902700
67,307800
7,319500
24,740900
5605,3139000
3,218400
4,247100
4,253600
388,695100
184,1701600
10,389400
1041,1793700
43,1195200
11,421700
17,600500
80,624200
14,495300
137,516100
25,825300
1057,769900
32,957500
5,272300
1925,1010400
3,212200
52,1439400
3,213300
224,1176600
67,298900
6678,3988200
9,371700
17,569300
1,160300
5507,3859900
9506,4585400
3317,2215100
313,435600
200,578300
108,1319400
16,541000
32,929700
1004,871700
16,536100
6301,3706200
7,322700
40,1145800
621,504400
312,329800
27,809000
352,1305000
15,501800
2,194100
6,286900
3,209600
114,1732100
3196,2254300
28,842600
64,240400
6,298400
72,419500
4106,2204500
8,333900
4,243000
1584,1704900
34,1006200
7978,4657800
13,470300
8,346900
2636,2080200
36,1110000
42,1217300
1549,2455600
20,691100
105,1273900
1793,2448300
51,1426000
37,1055100
444,577600
7867,4748800
19,612900
299,1504400
1336,1533500
11,450800
40,1154900
276,1017100
26,790200
2458,2134700
5,268800
3,218100
253,359800
491,1710400
367,1662700
3,227000
19,647000
645,1012700
107,1264200
390,798700
141,637900
15,528900
85,775200
36,1078900
3387,2534100
7,315500
34,994900
32,943100
2,199800
7726,4312700
59,1578100
9,369900
2,193800
1125,827100
39,1127400
54,1480200
18,645600
1169,2010000
5484,3075600
1993,1166900
6775,3445300
870,567300
7,319000
619,1858800
6,302700
66,273200
133,411800
2,194100
3,223400
89,891700
6,294400
76,528800
3250,2076000
2027,2096600
164,1193500
5020,3689900
224,1144400
21,677500
43,1191100
80,614100
4139,3078000
184,1704100
9502,4466000
34,1006300
7107,4307400
61,1626800
6810,4356300
105,1230500
930,530700
426,1792000
4,249500
22,712800
39,1151200
250,422600
1,162500
2,196500
55,1511900
2,192600
3618,2280000
72,503900
2096,2211700
3,229700
53,1428300
3,212500
34,993400
1,160900
1160,1729700
44,1218400
193,398600
13,553700
3,225200
7874,3377400
1931,1136100
78,565700
255,425200
8,337700
178,1573000
37,1066000
2242,1552600
1,176200
9851,5552600
8252,3752300
4315,2808200
3515,2668200
733,1677800
4357,2405500
633,715500
5119,3135500
13,468800
120,1610000
228,1258800
4,253700
219,1050300
14,514600
773,1210300
8,354500
9,374300
5355,2995600
299,1519500
6,296300
16,647300
1889,1625600
488,1710500
1169,1924800
3,220600
4811,3256300
5,279600
868,537900
80,631500
527,1134900
31,957300
1,163900
3,218200
5,279300
723,1430300
1,170500
70,372300
106,1281500
6672,3785300
123,1678600
1803,1039200
115,1512400
860,1862800
18,627700
1098,1734400
83,700200
18,623300
1478,2018300
13,469300
482,1507400
3632,2479900
2,186600
1311,903300
51,1507300
14,497700
6171,3506200
7,321000
982,1814600
6810,4214200
1731,2216800
14,492200
1221,1765500
1,167100
401,1093900
2745,1771000
2738,1488900
278,990700
2,189700
3,218600
5,264300
47,1413500
88,833800
25,919000
1,169000
13,460600
35,1037700
4,243400
86,862600
36,1045300
33,961600
110,1352400
30,899600
2,224700
835,1285800
1,171400
6,303200
9278,5236300
705,1009600
65,243200
34,972500
37,1087600
88,826900
91,904700
226,1198000
105,1235900
29,927900
40,1141300
902,1351400
213,888700
12,434900
2,198400
7,317800
4,240200
4,237900
47,1304100
2,187500
3,219300
17,562700
1144,1419400
1248,852200
1223,1740200
39,1136800
16,546900
114,1540300
1044,1867300
3616,2264600
2740,1552800
14,488100
3125,2072500
241,1571600
93,944800
294,1638000
3,212900
7,319000
5,267200
40,1132500
42,1208800
23,728300
1,159100
1778,2561500
10,670000
57,2107800
6349,3412400
4,247400
2,196900
625,523400
34,984400
771,1128400
169,1353000
93,947000
2,194300
5184,3319000
37,1045000
56,1518700
3,209100
27,824900
10,384100
6,293600
1283,1723300
315,409800
7772,3934300
2794,1371600
16,538900
166,1325800
1076,1119100
6,291400
5583,2511600
1646,1627100
2,194700
31,918100
2,196200
2,190700
22,701700
136,483900
4,238400
10,384800
1467,1720500
5,270300
8425,5151800
124,198300
1620,1069200
1031,1493400
1420,2055100
295,1388000
4,244800
1,171700
10,386600
889,1018300
293,1364500
6,296500
984,1884400
267,721500
134,441600
2743,1818000
2449,1931500
41,1151600
59,1568800
190,324700
1,156600
731,1598700
56,1500300
2,200500
115,1525600
15,561000
44,1396300
36,1094700
9,364100
4,243700
126,242600
1079,1231000
59,1818200
3152,2811200
1,166400
9,365400
601,1423400
12,433400
6,281700
7088,3600300
157,1215700
42,1403400
5,336100
1408,1816900
1,254700
34,997700
7,319400
9022,4621900
13,458100
84,715800
513,762000
319,496000
14,519200
64,659100
2063,1420800
523,1081100
70,387900
39,1141100
2538,2706200
2,192300
9,363300
225,1172000
340,1074500
235,1411000
89,841700
1399,1564000
17,568300
4,244800
35,1021700
2239,1215400
13,475100
6,293400
5,269800
1653,1818200
5,272100
1,167300
2,199000
7156,3815300
9,377400
291,1294000
1083,1289800
45,1268700
511,855100
141,624100
11,451400
23,736900
7,322800
93,954800
2,194700
4,236800
1052,2050500
4,246600
36,1036200
2,190500
209,899900
2030,2270100
16,572800
1690,1215300
302,1571100
215,956100
4,248900
266,702800
2,232000
62,179800
17,575500
4,291400
23,706300
39,1342000
233,1377000
78,574300
16,528900
1,167000
262,606100
6,289400
13,472800
489,1777100
195,441900
1,166900
97,1040900
727,1541500
8,342500
6,286200
437,540500
1986,1001700
2,205500
3,218400
72,481600
851,1592700
752,646400
73,445600
52,1490500
33,981500
1637,1430300
68,325600
3,235900
2137,1856800
25,1041500
5538,2974000
5,262400
2737,1506900
1548,2297500
7,320500
1245,779700
3987,2181600
5,273300
46,1273200
4,244600
1874,1314400
43,1359700
2,200100
63,198600
12,439200
10,403800
293,1439400
225,1178000
11,420900
129,353400
3,212500
1459,1637900
4,241600
317,450800
22,689200
6960,3404100
252,347400
192,371700
33,960500
19,614700
3216,2818300
14,487100
3,229900
9,366100
51,1384200
1225,1820000
225,1188100
1507,1290800
2,197500
43,1207600
400,1008300
180,1565000
30,877200
681,1890500
8,337900
3956,3099900
5,269500
4,244200
370,1768000
4,247100
1016,1150100
303,1580600
3,269100
285,1162500
181,1604300
5,267300
2600,2640700
10,388800
3,218600
278,1017600
24,797400
181,1646600
2,193200
8,353600
56,1577400
9,419000
1,169400
4,244000
2,194300
7003,4693500
299,1565600
58,1587000
67,298300
46,1288800
7,322300
21,718400
3335,2938500
206,748200
47,1311000
416,1466300
7,322500
703,944200
70,379700
36,1032300
10,390300
45,1254100
58,1580400
208,762300
5400,2580900
55,1529800
11,420100
6393,29271500
5763,4195500
2442,1776700
33,1019100
1,179700
434,335400
41,1129400
98,1055700
2653,2353800
847,1466400
48,1364700
1105,1836900
362,1559600
6366,3894000
6764,3075700
205,688700
55,1489100
26,823900
1685,1090400
1,171100
55,1541700
1291,2016600
17,561600
15,509600
2292,2516900
7,387000
5838,2828500
1,164700
38,1081000
435,346700
118,1578200
466,1114800
4,244100
374,354000
8,342000
1,168200
2,193500
49,1713300
5,285400
22,737400
31,914500
469,1222600
221,1066800
1371,868900
64,220000
22,682700
5426,3133500
531,1198100
1697,1592900
42,1172700
1,163100
15,556500
4,244000
379,464600
4,251100
176,1543800
91,930100
2,197400
3,224800
21,690900
62,170400
8622,3858300
128,303700
831,1204800
1,166600
842,1402900
20,653700
7,331700
67,301700
6,293000
65,251700
1,175000
2,195300
176,1553200
6285,3429300
1222,1744000
37,1041000
4,287100
2,195000
5,271500
6221,3269300
2780,2749400
1,172300
64,224900
2907,2784300
860,1822600
232,1382300
27,828500
2,204300
44,1272000
60,1662800
21,670200
86,784500
10,397000
101,1178600
1183,861500
178,1552300
3,216400
146,765500
198,536600
7,483100
63,296800
3474,2417900
248,348100
31,1356900
7260,4475700
6,338600
2,293500
205,752200
1,177500
37,1160900
50,1502900
17,591200
698,866900
2838,2747300
228,1360000
4,257200
6179,4075900
704,1061000
954,1357900
5,292800
1034,1698500
695,785700
96,1103100
17,605600
2170,1171800
817,864300
5802,3631900
269,868100
31,975800
25,821200
80,670200
106,1371300
423,1642200
220,1150100
412,1353000
80,750100
889,1195900
5867,3625600
908,1537800
2,203400
1389,1460800
225,1256200
115,1641400
1197,1181500
38,1131700
659,1459700
23,952600
14,522100
522,1102900
3749,2569100
87,813500
39,1139300
3,217600
5,263200
3145,2651700
22,732000
13,485500
1644,1679000
93,972600
20,652500
3,223000
1747,1259500
9,372200
2917,1538400
29,924200
2,195900
50,1660500
3,228400
92,949400
861,1892000
7,331600
45,1274200
12,469900
97,1083300
12,456800
4,278200
123,1752600
1821,1557000
6052,3879200
2,202300
364,1704500
34,1062400
7,339100
2,210100
311,304200
177,1589700
6,300100
3185,2097200
77,588500
16,569000
739,1937900
4,299700
5,310400
67,318700
415,1446200
1284,1868600
354,1567600
4717,2368900
867,2435800
25,818300
43,1246700
83,736300
5,286300
71,413400
233,1502200
10,406000
45,1244300
96,1022300
41,1161100
1202,1216000
343,1109100
53,1480200
1,167700
10,390200
111,1396100
2426,1500400
299,1625400
3462,2877000
3,234500
39,1174200
18,624300
128,314200
2,198700
2199,1868000
2347,2449100
23,790200
4,259000
38,1138300
1,168600
649,1158500
246,1728800
5,275000
5,278000
2707,2384900
38,1134000
28,878700
72,427700
1851,2207800
5694,3782400
936,685400
181,1656100
519,965400
9,463700
81,686100
1500,1147600
1544,2373900
21,727200
12,473800
6,312700
721,1461600
2933,1951600
1,175900
118,1625700
5926,3518300
309,2136900
3,216800
5741,3505000
92,951400
2744,1729500
110,1375000
304,1615700
134,502700
22,698600
1,170800
41,1149500
1,165300
5374,3402000
12,449000
671,1723600
123,1720900
81,663800
5720,2960800
76,627900
5,269700
1873,1205900
227,1236800
338,1131800
4,250000
420,1479500
239,1542900
5720,3074500
1,165800
198,519800
43,1210800
54,1513300
24,827300
5,270600
2567,1823100
861,1819000
91,892800
46,1273000
5648,2645200
397,967900
2,194400
1105,2155100
2393,2112100
23,721200
2347,2458200
5251,3292800
2197,1742400
11,414700
85,742500
3,223100
313,356600
33,1053200
2192,1624300
16,583200
850,1556100
881,819700
1,169700
814,873300
3509,2544300
1845,2047300
99,1075700
8,351100
8,360600
104,1202700
6,303200
4590,2234500
201,618700
5,270500
131,383400
417,1481200
43,1205900
4289,2157200
35,992700
28,947400
8801,5258000
4830,3646600
2,208200
249,293000
20,651100
9,363300
11,420200
895,1168400
2246,1400100
1,169400
19,612500
5,270800
3740,2327400
6942,4428000
6,295800
822,961000
2,224600
1910,2198700
4,251600
85,761100
21,668100
2679,1577600
180,1586500
6,298300
5,269900
3424,2061400
409,1243400
40,1146900
7,314100
1137,1128400
154,1004900
53,1488400
253,371400
1395,1468600
61,1664500
122,1805600
1408,1786400
77,539500
10,383200
2,194900
3397,2816000
1,168600
4,244600
72,424400
98,1067500
19,799800
3142,2433400
1,175800
15,514800
4,243400
3390,2739200
3383,2373800
26,790800
67,287300
360,1495000
5,262600
1,161600
554,1778500
315,394800
108,1366200
14,507100
874,655400
193,403100
2851,2918000
18,595100
6,311600
71,390700
3,222000
112,1426800
253,368500
1800,915800
3353,1707300
64,225400
63,198800
3,212000
2126,1633200
189,294400
1942,1437000
11,421900
38,1102800
4684,2852000
24,740000
4,246300
39,1251100
72,445400
138,560000
6,287200
3,211800
393,929700
57,1582100
1,168800
84,725000
104,1222700
37,1054600
93,997600
9,359500
125,280100
7,320800
130,347000
21,744200
121,1775900
556,1840800
3292,1608600
40,1126200
44,1221700
30,902200
2,196700
4,238600
224,1162400
7709,3945100
18,590300
99,1096700
13,485200
12,461000
117,1561000
446,613300
43,1199700
5,273100
3275,2685500
684,578800
489,1686800
309,1854900
3274,2694600
23,720000
192,369400
19,723600
5,286200
8,357900
6,374300
40,1214500
3271,2736200
3271,2657200
1620,1003500
3268,2564800
896,1276600
8059,5188600
3144,2502700
1799,888300
2,196800
7,328100
1,164800
362,1551900
16,547300
5,261600
267,712400
1312,973900
809,629800
1355,1992200
565,540300
1,168300
29,1050600
970,1565800
2,195800
2215,2133700
71,406300
15,527000
9,365200
153,908200
12,445600
2552,1573800
3,209600
248,237200
1302,676300
10,386000
163,1190200
1410,1861400
3149,2637900
161,1113100
1295,2020900
45,1264900
235,1554100
21,675500
1,169200
36,1061400
2454,2047400
184,1663300
10,390800
73,445900
61,1647900
3137,2540900
3362,2063100
27,843500
3132,2174300
5289,2801300
326,671700
6,296500
1561,1049700
5,268400
7290,4107100
55,1816300
2594,2559200
191,350700
16,539200
9,377000
3,217600
891,1099400
935,655100
21,680000
14,518700
1,159900
371,1887300
4,247600
7,346300
6,294500
111,1381400
42,1188800
8,336400
12,445800
5,271900
3090,2778100
1,172200
2,206000
6,292900
2509,1851100
2,186900
14,482600
46,1277700
105,1549700
52,1421800
24,746700
395,859900
137,516000
756,752600
4,237900
6,295000
135,461600
1205,1413500
45,1361900
385,756900
58,1592600
74,467000
6,291100
2531,2385700
6,295300
166,1235100
9,369800
1587,1721600
2086,1949400
914,1626200
106,1255200
1,168800
3,231800
20,657300
59,1667500
7,330400
1253,1041200
494,1797700
304,1645600
28,1010600
7,329100
4486,2485400
95,981800
107,1277000
16,533300
4830,3923700
169,1320300
3047,1570000
39,1137200
569,642800
214,923700
8,346200
132,394200
317,437400
2801,1613400
11,417400
269,776200
2989,1653000
5584,2612600
4,245900
824,924700
2,192200
59,1601300
251,332100
1898,2013700
46,1264100
327,702000
727,1533600
1624,1170400
48,1433900
99,1086900
825,948900
2,196600
2976,1345000
5,284900
119,1589600
45,1240200
26,795200
9,400100
34,984900
40,1135800
6,294500
65,249100
84,713600
210,820200
10,392800
57,1549400
707,1059800
75,495500
4,270700
671,1670200
103,1167600
12,445200
4094,2063700
7,324400
35,1028600
13,472300
120,1604900
9,455200
70,376100
9421,5414800
453,792300
5035,2653100
164,1216700
1,169700
2,193100
3190,2111200
115,1471000
125,221500
72,421100
2919,1635400
5685,3519400
68,319100
4,242100
7629,3721500
2,209900
50,1448500
255,424200
21,690200
10,401800
3360,1848800
1,171600
2973,2772900
778,1304000
9,365900
187,246900
126,251400
199,550100
2420,1167300
518,948300
2099,2322000
1,166600
484,1570200
1328,1363200
6179,3672600
2874,1842400
202,610300
44,1217500
18,595300
416,1381900
1736,846700
2869,1786700
11,421800
3,210000
113,1405300
2551,1480300
19,622600
1264,1247800
18,581400
603,1465600
2859,1530100
3,220400
597,1346900
2,186500
52,1405800
32,977300
17,682900
329,844800
6295,3600000
27,863200
22,701600
62,176900
30,898100
142,648600
10,399100
29,862900
327,702900
8,334700
2189,1558200
290,1291300
2838,2440000
2560,1673600
186,210900
2,196800
94,1000900
5510,3702600
1294,2041300
21,812100
99,1083500
138,744600
840,1339200
53,1528200
65,276900
2770,2450400
17,564900
5,266700
1,166000
447,640700
5,262400
5,270500
8696,4236600
278,1050300
26,790400
38,1068200
9,378800
186,211700
6,292800
105,1229400
11,417700
2033,2284900
649,1347700
55,1509100
7,325200
184,1695300
3437,2305200
2,193700
6,294500
45,1260900
906,1438900
56,1510600
3,292300
16,562000
20,665000
72,425100
411,1255600
2811,1926200
120,1641000
1367,787500
1785,2069600
1,160300
8004,3645100
142,643400
5,260400
138,541400
2807,1682100
2805,1749300
53,1445300
158,1041300
46,1304500
123,1748900
1,174300
2,187200
344,1226500
4,236800
7,316400
950,1032300
38,1068400
266,715800
2462,2193400
4,245300
1682,1019100
47,1292100
1448,1365500
30,915900
2783,3194000
1056,997800
5,442700
1507,1300600
543,1534100
4,249100
10,388000
2775,2535900
1,171800
2241,1305300
16,540000
5,276700
2754,1871600
24,738400
13,458000
1,163500
755,725200
79,648800
4,241300
56,1601100
238,1510100
114,1434600
20,654100
1083,1413600
15,527000
122,1669100
141,665300
257,466300
34,992100
10,393400
9,372000
38,1088000
69,349200
1,170400
250,300900
2915,1469200
1580,1549100
267,751800
35,1008700
80,625500
283,1100300
210,824700
138,545000
4,248500
2,235500
152,905000
845,1471100
3208,2725600
5,315800
6,286100
1993,1173800
38,1078100
65,238800
64,249600
900,1320100
295,1430900
2,195900
10,385000
6321,4318600
270,804200
9,426400
494,1804500
1005,877800
1,169100
5,292200
29,870500
2,197900
19,617000
1079,1183200
737,1815900
4,247700
62,169800
631,794100
2702,2119200
6,295500
4527,2107300
1077,1300300
46,1359600
248,249400
108,1313200
2693,1959100
3,218900
27,819900
23,727900
14,490900
577,895600
400,1012200
80,661000
715,1388700
3,228000
64,232400
5133,3540600
15,541000
643,1022900
2681,1686800
1,174200
26,822500
6,299900
1,163600
199,534600
510,689800
3423,1911800
67,288800
808,533600
1499,1075300
39,1137600
200,561600
2090,2192600
6,297500
5,301900
1784,2074100
2648,2255400
2646,2225800
9,371900
34,986200
14,483300
3,214500
2169,2543600
454,942900
780,1389300
2,201400
46,1318400
147,786900
4,243700
147,762800
919,1752400
31,907100
15,521500
1400,1588800
97,1108200
278,1004200
8,343900
161,1209000
2624,1699800
10,385600
2,182500
75,496300
2190,1598300
2604,1201000
4,237600
78,576000
143,691500
1734,2330000
70,367600
875,670300
927,1931600
61,1647600
14,493700
172,1419200
825,983400
2578,2514500
1,183300
17,594000
1732,2465700
277,963100
383,649400
851,1576800
775,1210900
937,743000
2543,1270100
118,1606900
58,1609500
146,745600
98,1302700
4,242600
4219,1943800
2045,2524600
6,309400
142,654300
5,278900
1,163200
2537,2538200
260,545000
32,938300
13,467600
713,1388800
42,1217400
15,544800
361,1584200
13,489400
12,443100
13,460400
176,1481200
14,492100
2537,2593500
51,1450300
877,720600
2,201600
285,1212900
149,987500
780,1508700
126,262500
10,402700
141,652000
1099,1752100
3,217700
6,294900
1,160000
183,1639600
1,164500
6,290900
1,167500
2,190500
104,1205900
74,472300
19,626900
13,462300
12,442900
1551,825100
13,523400
3441,2283300
482,1627500
4,252400
343,1126700
55,1572800
4,245500
111,1480500
2514,2013200
6,286400
667,1549300
1120,866400
3,222700
64,249600
35,1000500
9,380700
2902,2815200
8,334100
5230,2968600
145,724400
7,321800
978,1704400
637,826500
2511,2007200
1,168200
15,510500
11,409400
535,1311600
560,427200
7,313400
926,1920200
112,1406400
15,594000
1391,1579000
486,1601100
3,218100
241,1879700
119,1592500
2465,2278200
1134,1122000
3347,2964000
629,620200
9,376300
142,649200
1,170200
81,646400
105,1319700
618,1920200
7,334600
66,275600
391,768000
2,186200
3,222300
25,761300
37,1055500
4,255200
13,476000
61,1675000
3,209600
1379,1066100
44,1254300
142,662800
3,221800
12,444200
655,1282700
15,523800
112,1462300
10,413200
403,1285300
25,789000
2447,1863900
48,1526300
173,1443400
451,794900
1350,2071300
2276,2161300
74,483800
517,877000
8,358600
562,538800
62,188600
56,1626200
18,633700
136,508300
5641,4083800
131,383700
227,1385300
12,571200
6,324000
111,1446100
3226,1761300
6837,3762700
127,300000
821,904000
416,1487700
19,650600
12,456800
91,948000
48,1370500
16,562100
69,363700
143,705300
4,300300
483,1619400
90,915900
2404,2479600
4,258700
14,501600
1231,2063000
127,268800
410,1248100
1355,2065600
486,1650500
2,194900
2376,1700000
6,291300
6,340200
5,270300
4,236800
11,427000
27,840200
1136,1119900
2371,1578200
975,1625900
317,439700
3587,3077900
41,1154900
97,1037300
172,1380900
5,274200
3,214500
52,1438900
13,463900
4,239700
1964,1974400
15,556900
2350,2457500
8,347000
7,311600
703,937000
567,735800
860,1835900
4,238800
306,1665800
39,1106100
681,1890900
6,356200
66,269900
1007,917100
17,564100
220,1080000
452,773700
29,872300
2354,2670400
2313,1619000
235,1624200
2,191800
16,535100
254,397900
672,1721400
9,366900
1,164000
406,1144900
2303,1293500
360,1553300
2288,2443500
688,581600
2,187600
107,1294600
3468,3177900
2889,2437600
8,372700
421,1619000
9,394500
2241,1471600
3,230700
21,717500
40,1154700
278,1020300
130,349600
39,1128000
28,1008000
17,591500
1246,833600
560,460900
1367,859600
15,544500
2257,1737700
12,455300
3,265000
47,1431400
235,1583600
85,814700
2762,2410300
85,800000
1134,1096300
997,682400
875,686500
10,438700
2,201100
2244,1445200
322,627900
2,199100
925,1951500
2240,1385500
492,1819800
705,1157500
22,975000
2494,1635100
12,486000
851,1726600
15,560600
14,532900
63,213900
85,802300
2235,1342100
9967,5774000
1987,1099700
80,787400
235,1783100
54,1519400
2072,1647800
13,468900
902,1365600
1,196700
5,285700
1160,1829700
1069,959100
14,484700
6,299800
5,270000
9,374300
21,667800
2,196800
7059,4498000
21,682000
14,499700
138,546500
155,974300
175,1444200
487,12702100
474,36338400
526,1108100
211,845500
6,289500
42,1206100
4,244900
5077,3854600
2,206100
2,194900
10,391600
739,1842800
174,1441500
1934,1241600
1,168500
2207,2021700
5,272100
759,951500
482,1505700
6312,3984400
1146,1355400
2,195100
17,567400
129,322700
1,170100
2201,1846900
2196,1737300
46,1299700
26,810900
1,172300
299,1533400
47,1295500
375,384300
73,436700
295,1709900
1,171100
1589,1741000
3,227500
2189,1903800
2,227000
4,245700
11,429100
57,1529600
16,540800
2184,1435200
3,224000
9,370800
27,918800
790,1616000
11,427700
40,1171700
4,284200
4,249300
865,1923100
418,1426300
137,557100
120,1619300
17,566900
7,321100
1857,2427500
47,1311500
15,517000
2175,1227100
3406,3349500
23,731400
40,1148000
56,1519000
133,427300
1522,1588300
186,234500
16,530300
2,190300
67,295600
7,312900
171,1356200
426,1624700
20,649500
2161,2511300
1,171800
19,632600
102,1152800
177,1493300
312,321200
875,797000
1213,1490500
639,890900
572,712800
152,915500
2151,2083100
2,188000
2,184700
80,628300
5,265400
36,1047600
2143,1894300
9,445900
40,1135400
11,413800
1383,1255500
847,1470000
3529,2931400
78,637900
4,243800
2100,2371000
108,1309400
478,1393900
4,272200
54,1535200
6549,3805400
2325,1943700
5,269700
1,165300
4,241400
3928,2255200
7,316200
178,1869900
1965,2086600
2100,2413500
37,1071600
8,343400
2095,2167300
76,505400
2092,2098300
3,222000
1223,1747500
188,278600
34,974900
6,296100
3,208000
2091,2144100
3,227400
124,190500
8,342600
149,820100
1249,878800
6,317100
713,1239000
5,278800
2059,1305700
380,504600
1678,924000
20,636300
3110,1831900
10,393500
537,1364700
2046,968700
83,689700
1730,2224100
39,1133700
137,519400
435,343100
2,185900
15,526500
2039,2473000
6079,2658200
2623,1777500
120,1614900
80,763300
4,248100
8619,3722600
50,1445400
6,396000
347,1261300
7,321200
7,321800
2035,2229800
1,170200
35,1009900
297,1457500
2,187800
46,1272200
7,313100
4678,2832500
188,276400
2018,1817500
3,239400
248,237200
7163,3920300
2017,1779200
817,744000
2017,1850400
2,197000
924,1923000
22,696200
337,957400
2,199400
9,479700
42,1270700
306,1716700
3,222500
58,1624600
11,413900
6,298400
592,1245900
1385,1252600
101,1140400
5,262500
2000,1346400
2207,1941400
3,220300
7063,4464700
29,880400
21,699700
77,553600
1987,1180700
9,375400
5,264000
3,215300
187,264400
78,573000
1,180800
1969,2090600
110,1362200
623,477000
1954,1700400
102,1158400
2,196700
2338,2176900
2,186700
1396,1591300
965,1405500
1942,1443500
121,1634000
125,214100
411,1259100
78,579500
6,351600
4,245200
939,752800
1,168400
236,1472100
39,1097700
1056,625900
11,419200
363,1616100
1614,1031900
2,199200
25,785300
8,360600
1,167300
1828,1649400
499,432400
40,1394800
14,489800
92,916900
8,336100
1195,1041000
201,599300
2,193100
31,908200
1,168700
149,813200
2972,2768000
85,743500
496,458000
6,291800
187,250800
44,1219100
25,774700
2,194100
2416,2665900
6,304200
1908,2113000
5,264600
61,1644400
592,1227100
1,169000
1905,2065300
902,1506300
570,739500
5,265700
1678,930100
16,533400
73,515100
6811,4361900
1,177600
1,187300
94,1003700
2321,1737200
59,1605600
2,190600
42,1187300
487,1630900
8,420300
4141,2992300
717,1507300
1,164500
570,669900
63,198100
201,595900
9,370000
49,1337900
1345,1734500
2,188400
38,1077800
15,512500
106,1284500
18,592300
1695,1330000
1831,1680700
2,197700
879,760700
11,413700
1743,1108600
1829,1670900
1828,1633000
390,760700
140,602700
14,498800
3,210400
178,1535300
89,838000
5,264900
603,1508200
41,1140000
148,801200
12,439000
7517,3670100
173,1398300
2,196900
5,258900
2491,1483800
8,344700
6,295400
5,265400
30,875900
2,195300
114,1445200
155,988100
1960,1859100
110,1346100
663,1455000
1896,1774700
427,1676000
4,244900
54,1464900
1788,2131800
2,195300
17,571700
72,411900
896,1204100
271,1029800
33,958700
16,540400
674,1807300
673,1691800
153,929100
1155,1762100
667,1579400
1582,1583300
18,587000
14,492100
667,1559300
134,468200
1,168800
58,1593100
663,1460400
372,299400
435,352300
1667,2313000
66,277500
663,1451600
661,1425100
2,192600
20,654100
2,187400
226,1203000
3,226500
121,1641000
2,200800
11,422900
199,566900
660,1626300
8,344300
32,926600
25,779500
49,1361200
56,1494700
22,695000
5,263300
659,1349300
49,1399800
32,942800
222,1112800
1,168600
49,1341600
7,312300
1,157800
659,1358300
3,221300
9216,4937900
11,412400
447,651200
658,1331600
658,1318500
230,1356200
461,1079300
1,170900
116,1485000
1008,971400
328,721100
177,1503400
17,561600
9,374300
2,194000
8,333300
4,244700
85,748400
3,220200
90,1053000
656,1302200
50,1365100
27,821000
9,362500
865,1931600
11,411200
33,973800
36,1035800
14,488500
897,1260400
414,1409300
639,875600
10,395700
51,2088400
64,231000
3,232500
655,1324100
1,194600
654,1292200
57,1594000
6,300400
103,1430500
4,254200
26,820000
178,1593000
838,1321600
232,1356500
650,1218100
182,1619900
147,764500
2577,2087300
17,584000
21,680900
878,850700
120,1588100
650,1196100
4,430700
49,1381000
1,164100
605,1814300
23,710100
15,514300
275,927800
649,1128800
8,346300
224,1164800
649,1136800
5,263100
1108,1900800
468,1201100
11,418100
13,461400
315,389400
649,1160200
1,165200
2,184900
28,864100
649,1142200
4,245500
109,1335800
246,1684000
1764,1545000
646,1064100
2,190600
247,2081400
3,224100
142,673600
105,1266300
834,1194900
1428,779600
1973,2485600
642,1039100
7,321800
641,914200
640,906300
168,1299000
2813,1849100
16,551200
3339,2814000
639,870500
1285,1860200
639,897900
57,1604200
6,294700
129,372200
152,898200
552,1726100
224,1166200
50,1399900
13,460000
1,167900
114,1459800
25,765500
201,598500
24,754600
108,1294400
11,417900
635,767100
3,209700
4,245700
82,748700
363,1691300
3,222600
176,1496200
11,415400
245,1655200
23,720900
65,250200
228,1462600
5,281000
89,879600
13,488100
630,655300
250,305200
42,1193200
6,297500
193,399300
629,751100
72,435500
8,441700
629,630500
24,756400
2163,2547700
557,1869100
169,1292900
270,796800
628,590800
31,938600
36,1042800
617,1819900
12,444300
134,447100
215,956500
65,242100
994,602100
639,882900
17,570400
38,1072400
685,504400
70,389600
2,198800
3,217900
721,1565100
186,232300
7,343600
627,589800
627,615900
445,614100
8,348000
8,340700
123,1671000
239,1542600
6,294600
51,1425900
627,577600
3,225700
180,1584700
626,559500
5,261500
53,1460300
1615,902200
624,505900
73,459400
237,1515000
1,171600
264,853600
17,576600
52,1457300
2,191000
204,680600
7,317800
220,1070600
623,482600
46,1315300
5035,2708200
6,297800
620,414100
16,543400
20,667700
620,401300
3575,2687200
214,1120000
29,878100
24,740400
1293,2004200
1,171800
43,1214400
47,1301700
615,1804200
15,622200
7,320300
55,1504600
364,1655300
40,1146700
1,181400
6,292800
62,163400
429,1744900
614,1771800
249,284100
1,174000
1071,1025600
4,245400
536,1384100
613,1813500
85,752500
611,1706800
314,554300
54,1857400
611,2000100
5,272000
516,947000
610,1750100
7,314800
58,1561500
90,865800
370,1798800
610,1653100
610,1641400
39,1093300
10,390500
364,1644100
227,1271800
488,1660900
609,1627300
90,878800
16,535300
2,193800
4,243400
5,274600
85,891200
396,922400
367,1806100
609,1701300
191,350100
52,1449500
609,1681500
266,702500
41,1149200
61,1636300
13,461700
8,338700
50,1385100
121,1634500
1,161200
2380,1795500
608,1613800
606,1542300
208,772600
1,174500
3,221200
8,341200
124,193800
27,856400
1,162300
5550,3323000
6,300600
70,395100
605,1598300
814,781500
605,1565000
207,747600
144,694900
180,1563600
38,1076700
13,468500
106,1257200
59,1644300
143,690700
601,1425500
51,1388100
24,746200
599,1369600
2,193700
598,1413800
125,225300
8,345500
253,374700
132,392600
252,341000
598,1348500
257,470700
192,372500
7,321200
4,236100
4421,2501400
9,380800
594,1367500
156,1032700
43,1220200
3,223000
21,671300
366,2009300
765,1037300
210,950300
18,705900
19,765700
3,225800
6,328100
593,1417200
1151,1653300
593,1263300
7,312700
28,899100
3114,2039800
593,1304100
592,1207500
145,731100
88,862700
1896,1781600
591,1168400
22,699900
1,160500
590,1193900
38,1090300
4243,2604200
7,325900
590,1195300
590,1174800
590,1161400
72,428300
589,1146900
763,979400
24,740400
588,1122400
18,589200
587,1082000
69,346900
585,1046700
926,1987600
20,634400
38,1205500
221,1110100
257,482900
235,1444600
4,244600
18,586700
285,1164300
64,230600
53,1440900
585,1108800
585,1054100
1270,1393300
34,978700
20,645300
249,272400
243,1626100
126,245200
100,1155700
583,1003900
1,170500
17,579400
5,263100
7,318900
33,974000
38,1103400
582,997500
16,538000
82,815000
39,1133600
580,1086900
70,378500
580,911500
20,643400
24,752000
112,1374100
24,743200
579,893300
157,1041100
18,594700
1924,1035200
1729,2235100
523,1026200
230,1301000
153,917000
577,850400
3,212600
38,1068600
11,416000
577,1006800
146,752000
2422,1226800
13,559900
10,393800
1,163000
548,1682800
262,594700
214,933500
12,450600
85,746900
1,159700
14,528200
598,1363700
159,1058200
574,777500
85,744000
19,629800
40,1119000
45,1252400
574,838000
16,535800
574,755500
3,210500
2825,2127800
14,529500
9,372600
9,369300
349,1232400
2,194100
4,253100
37,1054100
573,739500
180,1569300
20,653800
45,1242100
573,748800
1430,923300
295,1414900
4,238500
572,727400
11,427000
43,1189200
572,747900
44,1278500
571,708900
103,1200700
2241,1307200
7,326300
5,270800
570,692000
718,1327800
6568,4341900
113,1442500
13,463000
3,229700
570,669600
34,972400
33,1014300
19,624600
2,197300
17,570000
569,680600
84,715800
83,709000
2,190000
20,653700
139,571900
7,328400
1,174000
568,630600
567,596200
18,602600
6,297800
25,755300
465,1202400
138,540100
60,1658900
1,172000
2,189300
567,598700
2,195100
566,584200
125,215100
59,1618900
8,336500
113,1486600
413,1308300
366,1651600
276,1071600
5,265100
4,235700
134,514100
6,288300
565,553300
565,549400
12,435000
3545,1912700
163,1152800
427,1665400
1,185200
8,345900
6,292000
2,192200
2791,1470300
564,549400
73,446400
12,440900
7,325600
6,287300
36,1017800
1,168300
19,627000
134,450900
67,292400
561,455200
27,834900
36,1042300
81,657500
13,459900
8,341500
561,442700
40,1117000
8,338100
6,288000
168,1277900
134,447400
2477,2687400
2,218300
218,1060200
22,705100
62,169800
80,626500
559,574700
8978,5227900
50,1381500
1,171600
559,411500
5,276700
2014,1754700
558,369500
1,159400
2,187700
558,371600
15,530900
14,500700
63,198300
120,1708400
556,1941500
72,444300
12,455600
556,1869500
215,941000
12,450900
5,266900
14,495400
337,965800
331,832200
1,175800
62,167500
162,1184100
49,1407000
356,1461900
1351,2106000
212,931400
12,470500
553,1847600
20,677400
20,686000
552,1813200
42,1185300
289,1302200
75,493200
552,1730000
66,268000
2,192400
552,1748600
12,433700
2121,1392900
550,1756900
549,1700000
73,515500
22,694500
89,845400
307,1692100
394,847400
546,1587300
546,1652000
598,1517300
12,443500
8,334200
11,409200
1360,2173500
7,321000
407,1166800
24,737500
15,518200
5,259400
293,1343800
3729,2023800
6,301600
2,188600
546,1633700
46,1287500
226,1229600
6,300100
77,547800
82,674200
1,173300
102,1155800
1,168200
92,967600
10,402000
248,249000
4,241600
53,1471000
375,531600
69,355600
410,1257400
2,194200
459,955300
21,858300
6,346300
181,1620400
96,1012200
38,1086500
545,1627100
61,1657100
22,696000
49,1392700
1592,1820900
242,1614100
4,246000
544,1528300
544,1533500
298,1482100
64,219400
5,264700
126,245600
544,1563400
7543,4505000
7,341100
1354,2150900
268,755000
16,549400
2,188000
10,397900
5,263700
24,756200
171,1371900
543,1552100
206,722000
34,1132400
265,672600
85,741100
129,331800
541,1512400
18,650200
838,1370000
2,195800
228,1261300
215,1045300
175,1479300
4,235200
71,464200
16,548500
221,1103600
1841,1957200
12,504900
554,1789000
1007,924900
2,195300
525,1235400
51,1497000
11,425000
249,284300
537,1348600
2,193100
21,680500
23,727700
16,534200
5,268100
218,1020900
24,752300
537,1376100
536,1368600
2,197200
534,1379200
109,1328000
8,339000
538,1375200
1,154900
18,589500
2,232100
9,484600
3,213100
24,751800
191,367700
761,896300
534,1308300
264,639100
24,765700
104,1228500
1421,2281800
120,1602800
532,1228500
280,1044300
532,1448500
10,395700
162,1395000
93,937000
3,213100
5,269700
530,1191000
11,409600
78,555800
64,227500
53,1443600
90,869200
1,168900
22,687300
3340,2927300
1,167900
3,208700
6363,3614100
322,568100
3,222700
7,347200
46,1320600
530,1301700
40,1205300
146,747600
4,247400
536,1319000
34,985900
46,1299000
5,270100
14,491200
62,164500
98,1053800
10,395000
4,237500
56,1536100
26,793800
1522,1583600
1,165500
268,780800
65,248000
185,1688400
30,898300
523,1022900
28,845500
45,1244200
234,1601300
1211,1459900
5,273000
50,1372100
523,1088900
1033,1567200
522,997200
3782,1823900
227,1230600
522,1006500
22,695800
74,477000
17,568800
392,806200
7,319600
6,326000
105,1245800
13,457100
4,235100
62,166400
35,1002300
19,617000
4,247000
519,921100
39,1109700
1553,863700
519,916900
518,941700
6,349000
125,226800
2,193600
516,986200
23,765500
2,195500
190,404800
12,444800
12,457200
3,241000
4,290900
316,582000
25,798700
20,661700
515,839800
36,1057300
367,2027800
229,1288800
134,465500
181,1602100
6,288400
512,740000
10,394300
56,1557200
8,343000
2,195800
121,1625900
384,612800
25,766800
2789,2924500
511,729100
659,1428000
250,296300
509,667100
3,212200
23,712900
3,223100
12,435200
378,449400
509,665900
419,1537700
4,237900
28,888900
4,248100
689,598000
156,1010600
19,639100
17,562000
29,897400
369,1711400
9,363800
447,640300
61,1643800
337,969100
11,419000
573,742800
342,1058200
364,1599100
9,373200
190,321900
1,163000
8,330700
2,187700
508,640700
5227,2941900
233,1408300
508,642500
10,398500
49,1343100
12,438600
370,1746300
502,498900
7,315100
2,190700
968,1452000
7,311600
12,536700
501,581500
38,1073900
10,392800
88,828100
501,601500
405,1155600
862,1922700
1992,1252400
500,443000
3,212300
4843,2262100
499,427000
498,404800
3,221300
12,434100
11,418900
310,267900
6,298400
3,224500
495,1817800
1131,1039800
15,516000
5108,2931400
1127,878700
131,381300
155,1002900
83,697400
5751,3619800
24,752100
494,1802700
3,223500
725,1469100
36,1033400
3,218400
494,1813100
2,197900
3,224400
26,793100
493,2160800
2,200300
252,344900
490,1718600
30,889100
30,884300
3,230300
1802,1033300
23,717900
10,399200
6,292000
16,534500
265,890500
33,980800
5,268400
6,295000
490,1694700
485,1618400
41,1186600
477,1492600
489,1747200
94,1169900
5,274200
43,1271500
489,1697700
1,178600
10,398500
1,160200
7,320700
489,1703400
488,1682200
487,1790800
7,367900
987,1969800
486,1602800
48,1338400
465,1132600
1,170600
18,596000
486,1592400
394,841800
917,2077800
2083,1898300
5,274400
420,1681100
15,535200
3,225000
485,1596600
4,248700
83,695500
232,1835600
485,1579400
436,377600
27,813500
1,175000
483,1526600
20,680900
483,1507600
483,1523400
2,200200
28,889900
13,475400
73,454800
2192,1593300
15,512800
2122,1396000
346,1174300
20,639500
2,191600
124,186800
481,1491600
5,269400
1,164000
2,224000
4245,2626600
35,1000200
2,191800
481,1479700
2,182600
6,327500
481,1595200
1,168500
4,245300
8,341200
392,812500
9,500100
45,1258400
15,510000
3,218000
3765,2733400
939,762200
76,532100
56,1528200
479,1426700
8,335500
271,817900
21,670300
1405,1721100
479,1480800
349,1374100
479,1409500
4,250100
479,1406600
478,1411300
477,1381200
65,246600
26,804700
32,927200
2747,1714200
31,945700
5,266200
4,245100
477,1762300
477,41714000
13,560600
67,304300
10,395900
58,1596700
165,1228600
362,1573100
242,1604200
1,170000
6,282000
49,1348500
776,1250400
1,172200
6187,3920800
449,691000
69,340000
15,524300
777,1269900
52,1439200
421,1605900
18,629800
61,1859100
58,1589700
227,1272400
474,1294500
61,1669600
740,1991700
473,1279300
2,196700
1217,1602300
473,1270800
11,462100
2,200800
116,1613200
471,1242300
470,1204400
5,269700
437,397600
1923,1044900
465,1101800
20,646800
55,1492600
252,354500
66,271200
70,369100
2,199600
3916,2076000
220,1061100
35,1010800
3080,2427100
10,395300
70,374800
17,572700
142,655300
460,971200
5,270800
251,319000
8,346500
103,1195200
8,346600
21,672200
458,944600
718,1338000
6,293300
458,923200
2,195000
61,1654800
226,1244700
419,1446800
36,1121700
368,1739000
459,953700
119,1905600
456,869100
50,4498800
195,510800
76,535400
2,202900
10,422100
101,1187500
455,869500
96,1068900
2,195800
455,875300
4,248800
3900,3135700
7,321800
507,624900
12,441900
6060,3807800
61,1661700
454,855400
3,231900
6,287300
454,821000
1,169400
820,821500
14,490800
95,1064800
454,862800
74,472200
1,168300
2,187100
10,391500
6,293500
1,157200
4,243200
93,955000
4,240000
1,166200
63,199100
9,360700
357,1563200
278,1070800
3617,2090800
13,465200
3,224200
8,334800
41,1141500
3,218700
13,474800
451,748900
78,562500
8,340100
422,1567400
1106,2021500
451,759600
8,347700
80,640000
31,929400
451,777400
199,569500
1764,1605000
3,220700
1040,1719300
6,286300
450,728100
16,544500
11,421800
16,547500
450,747000
137,518200
215,949800
39,1132700
37,1090800
9,363500
2091,2074900
7,313500
82,703400
216,979500
54,1461300
35,1003100
4,244800
2,193600
151,882200
62,169500
117,1529000
448,665100
448,663200
6110,3612000
447,670600
13,563600
3,218000
375,365800
3,222700
6,291900
43,1256900
366,1733400
48,1319400
23,723800
1342,1666000
70,363900
42,1179400
7,320000
5,269500
2,192900
446,709100
1,170100
9,369000
2,188200
6,293600
445,595800
148,911500
445,600400
11,445400
350,1294300
9,367100
444,564000
1319,1176600
443,544800
77,542900
2,194300
9,370300
441,548900
1787,2152900
13,472900
439,454600
438,433700
97,1047100
9,361900
320,520400
4,237100
3,214100
193,392700
117,1532400
388,695300
438,456100
436,375900
49,1360700
8,347000
59,1615600
1113,2182900
23,718200
14,498600
7,321600
436,385000
14,498700
84,720400
21,673100
6,292300
4,246700
36,1023900
3,212300
131,480800
8,400000
435,380500
46,1278100
2259,1791600
11,420200
434,317900
3,221300
6,295000
1,204100
66,277000
432,1764100
2,199700
8713,4601100
184,1716800
254,414900
87,811000
429,1697200
1,157600
94,976400
596,1326800
428,1751800
1,175100
1052,2198700
19,627400
11,518600
26,804600
64,219400
2,188300
371,1779000
4,243600
4,238600
35,1000800
426,1627900
4,245600
35,1064800
11,425500
14,604900
301,1557000
73,489000
801,1896000
23,735000
162,1144700
5,272000
426,1641100
2,197100
874,649000
20,649000
8,340900
4,243200
223,1147100
2,221200
6,310400
425,1695200
11,427400
6,301600
1,158900
425,1603700
29,876100
1,163600
3,218600
181,1637500
41,1165900
18,612600
425,1599300
40,1128400
45,1253700
7,382400
145,717700
12,445100
2,201700
1025,1539800
1676,970000
585,1076700
423,1564700
1225,1834900
35,1027900
422,1522400
93,1052000
80,621500
937,706800
421,1514100
694,746300
420,1519600
30,959700
14,515600
34,1018000
17,697000
6,295600
4,233500
1,168100
1,168200
69,370000
50,1399600
18,600000
418,1457600
1,166600
4,278400
97,1023700
418,1424300
13,464300
4,236700
4,240400
417,1403800
2,186500
197,490600
415,1358000
179,1552700
25,765200
75,506300
414,1320200
82,699600
414,1436100
2,221800
414,1362700
75,607700
13,475200
209,791700
841,1350400
10,392400
262,595100
9,364300
39,1116400
235,1436500
853,1639000
5,273900
194,415100
191,346500
1,168900
83,705800
413,1363000
412,1543000
5,265700
69,342700
528,1162400
2194,1792400
6,298200
412,1267800
32,927300
214,927800
2511,1982400
2,186300
33,970100
16,541100
1,162600
1993,1176400
14,493500
411,1278200
2,196600
15,511200
104,1214800
2,196200
190,316800
1,168500
411,1248200
110,1425400
394,851200
30,910600
4,252100
410,1275200
4,252500
2064,1506400
221,1148600
198,815000
33,989200
108,1327900
111,1374700
6,292800
6,292400
194,421400
1,164900
4,243200
8,339000
86,770200
46,1287300
1922,974000
10,414400
109,1350100
15,636300
20,663100
688,595500
116,1507000
408,1198400
62,162600
1,166900
408,1178000
302,1741900
69,426400
2,194100
8315,3823300
28,855500
97,1127000
251,344000
219,1073800
1138,1180100
22,689100
134,449200
407,1160600
2,191700
672,1694500
7,314800
1,169100
6,294200
13,478200
406,1133900
2,197700
406,1240700
1056,623800
15,518900
3,220100
10167,5805700
50,1384400
3,213300
35,1013400
266,688900
151,897400
43,1194400
23,715400
67,303900
404,1078700
3,223200
12,446700
26,786400
380,492400
37,1060900
28,839200
389,776500
22,799700
3,226200
12,455200
1095,1638200
107,1285500
7,327000
2,194500
404,1102600
3,246000
46,1314900
17,588400
16,540800
8,353000
11,418300
7,313800
4716,2256600
404,1116100
1,177700
55,1845000
7,335100
7,319800
628,609600
404,1122000
38,1115600
244,1652200
42,1296200
206,716300
28,883800
46,1278900
2344,2414900
1377,1116500
10,389200
95,990800
960,1266700
403,1115500
117,1539900
349,1241000
57,1584900
37,1074400
22,699100
1,170600
19,612700
402,1055100
402,1042100
54,1472300
289,1265600
15,515200
401,1211100
401,1033000
401,1044300
362,1539800
401,1030600
399,1007200
399,972300
1024,1358300
238,1506000
59,1588300
2,194500
398,942500
38,1074100
68,326700
1549,2322300
1,171600
137,511800
1,187600
397,957300
27,982900
21,679800
397,981700
789,1556900
1789,2169700
2542,1247100
2,201500
45,1244800
397,930300
381,528800
9,368400
396,981700
9,417400
2,203600
5576,4028000
56,1581200
3,215200
1161,1709500
8,344000
395,873000
1,163100
394,850500
53,1436200
394,927100
2554,1456700
160,1142800
393,820200
393,825500
35,1009300
393,828000
34,1061900
18,623500
60,1624700
86,769100
45,1259400
21,665800
8,342200
391,783800
390,749300
185,1700600
422,1530400
389,722900
47,1286200
21,666600
185,1678400
26,781600
388,747200
392,804100
12,441900
14,498300
388,694900
38,1076600
6,356300
388,700800
4,243500
3568,2816700
571,686700
387,663400
11,421000
10,396700
6,319200
1,161700
386,636600
386,651000
17,564100
385,690300
384,613300
45,1277400
76,511600
383,578600
286,1178800
383,589500
72,424200
6,299400
501,474400
273,879500
383,566500
2,197500
3,218900
344,1133100
29,869800
382,673900
1,163000
2,187700
7,308300
32,917400
2,196500
7,321700
382,532200
381,517400
114,1754900
1335,1519500
2,202000
13,486600
22,743600
10,403200
4,253000
380,515600
565,556600
54,1535300
380,505600
343,1100900
37,1069800
8243,5126500
6,290500
25,782200
379,482600
16,540500
1,166100
307,1804300
9,371400
6,307700
280,1067700
206,744500
8,348000
376,397700
2,192800
376,397100
746,513400
5,271100
3,225200
953,1106300
60,1766700
225,1210500
17,599300
2214,2250900
147,819100
258,515800
295,1468800
25,849500
72,486400
375,409000
87,843400
138,577100
2,204800
11,439000
375,388400
3593,3165200
26,840100
313,362300
374,518700
2,223600
4,285300
180,1797700
374,383600
373,341900
1,166600
1731,2286600
373,332700
9,371600
911,1688900
373,350800
44,1471500
373,353600
1,176300
857,1807100
2,194900
4,255300
373,320400
1377,1017900
1,174500
1,167000
211,865300
9,422700
51,1429500
274,898400
286,1239700
373,519000
4,239000
25,776200
2,196400
5,260400
100,1094300
372,304200
1,173900
20,670500
197,499500
272,845900
7,323900
1,170900
5,269400
43,1223300
2,201800
175,1459000
13,458000
370,1857300
370,1753500
446,684300
5,277100
2111,1080700
51,1411300
76,523700
410,1231600
467,1135600
2,206800
322,567800
5,275400
370,1767300
370,1781300
369,1743600
281,1085400
6,297700
369,1754300
22,695500
176,1475400
48,1314200
4,245300
4,249300
2965,2961100
161,1107800
369,1710000
6,297900
38,1081800
3,220800
310,265600
125,219700
209,790000
418,1511100
184,1696200
2365,1327400
29,870100
2,192100
3640,2850800
369,1783900
6,288700
3,220500
107,1290900
12,436900
4,236400
262,613800
24,751800
3,231600
4,247000
234,1468600
366,1666500
23,744600
96,1009000
106,1242400
4,296800
35,1005800
364,1613300
358,1467200
3,223600
19,610300
6725,3732900
408,1202900
361,1523800
2,206200
31,910200
6,286700
45,1263700
219,1037100
9,375700
131,366400
265,680500
26,803500
14,496800
6,289200
6,285600
1,205100
2,205800
45,1290100
361,1555700
10,393000
506,597400
139,575700
70,515200
45,1541300
151,875500
9,367700
715,1255800
28,842200
16,552400
5597,2868300
361,1520800
544,1599700
314,384600
159,1064400
2,187400
4,294900
266,692800
34,982100
360,1589300
68,331100
358,1538800
43,1201300
49,1339600
6,301700
561,453500
7,310600
30,877500
356,1393000
356,1395600
2,183200
211,1010200
1768,1734700
356,1467200
355,1669000
4,248900
5,262600
77,539900
81,649700
303,1606000
32,922800
355,1379300
3,215300
55,1499700
119,1587900
355,1369200
4,316700
102,1180500
4,250900
355,1448400
4,258300
60,1641500
38,1076700
196,466400
353,1335000
1834,1780900
10,398800
3,224700
619,1937800
14,529100
225,1192000
1282,1739300
47,1391600
11,512100
23,753300
13,486400
352,1348800
326,695800
7,323800
14,502400
41,1193400
6189,4003400
17,582700
70,377200
2466,2380200
1714,2098500
7811,5350100
352,1360200
1,180700
10,394000
41,1170400
119,1615700
352,1344400
126,267200
54,1607700
1265,1327900
5,270000
5,327900
174,1457800
4,253400
352,1353300
123,1730500
8,339500
191,344900
6,297000
14,497900
4,247700
1,163400
82,674100
12,445300
351,1558000
34,994800
12,447900
115,1496400
43,1199900
5,295100
302,1677200
23,756100
844,1422700
4424,2621900
348,1207000
2,196100
272,851600
146,752500
65,244300
348,1203500
728,1556300
9,366700
2,184200
33,960700
43,1198500
194,435900
3819,2664000
30,903600
22,697700
1364,810000
10,398400
348,1221200
2964,2531800
169,1308100
24,736500
24,743300
348,1209100
242,1593500
347,1230200
59,1620700
5,272800
346,1180100
1,169400
3,224000
4,247200
63,194600
13,469800
71,387600
2,189700
346,1171700
3,218400
13,468500
338,970100
137,530700
5,269100
346,1433100
4,241200
41,1171200
6,292700
345,1141000
32,959300
1462,1840800
52,1451400
22,697100
154,961900
28,837700
744,567800
345,1282200
345,1146100
46,1274200
356,1390600
28,1033300
203,648200
6202,2770300
86,811300
162,1139200
254,403700
9,369300
219,1019100
28,848400
125,217200
5685,3490300
738,1865900
62,163800
343,1096700
71,417100
20,662700
1,164000
15,514600
260,585800
6,299900
6,287800
204,673000
3,230500
3326,2670800
21,685300
23,716800
14,504900
2,185400
343,1078000
563,508900
343,1080100
1,171200
22,698500
20,640800
68,329200
1756,1350700
20,641600
998,800100
3,221000
248,247100
12,472700
222,1105700
178,1531000
33,1024200
261,599000
2,203100
634,749100
338,967200
13,466600
2,197600
43,1209500
102,1168000
109,1321300
623,470500
273,881600
342,1082700
342,1069800
5,271600
342,1097100
3,214000
30,896900
485,1586900
3,222400
10,424400
53,1502500
4,250600
342,1086800
6,293300
13,473700
6,290900
341,1068500
681,1911300
16,540400
42,1176100
232,1350200
341,1047900
37,1081300
21,679100
5,269600
119,1754300
118,1909500
250,302900
1326,1264200
341,1134500
184,1680400
21,670500
341,1104000
12,438200
6,293600
341,1040500
1783,2144100
919,1774900
339,985100
23,739400
120,1612700
21,669400
707,1039700
59,1600800
1,165300
6,292300
10,397100
23,720700
1924,971700
3,218000
14,494400
6,284100
338,960600
8,348200
6,292500
4,238000
67,298100
1345,1875500
14,494000
4,238400
337,954300
14,486900
3,215600
1932,1215600
6287,3466300
336,922400
1163,1868600
8,373300
9,370200
5,276800
197,510500
224,1175300
2,187400
12,480600
474,1308600
336,928400
5,269600
129,319800
5,271500
2745,1661900
2,195200
236,1562400
336,934400
1,172300
8,336800
304,1623400
8,340900
67,306400
334,866500
6,289400
225,1190800
13,455100
334,875100
31,961900
1,167100
68,330500
333,1049400
1,171400
61,1644100
299,1504400
333,839500
333,894100
20,670600
6189,3859400
5,267700
356,1401800
9,371900
333,853000
500,569200
5,271900
333,841900
1003,934100
333,835500
11,405800
11,409100
1,170900
2,190100
331,882600
97,1033000
66,275300
330,777200
85,750500
16,531800
127,270700
329,742700
100,1102100
8,358400
22,691300
329,762000
3137,2306800
9257,4392400
218,1020300
2478,2660400
329,762300
219,1047400
5,267000
20,633400
7,407900
56,1692000
328,731000
107,1285800
73,446800
26,782500
12,430300
328,733200
8,341900
2,194000
149,813700
6,358700
327,697600
65,251900
325,644300
12,448100
324,615100
235,1461000
2,198300
51,1386300
322,568400
13,454100
44,1233200
1,165800
136,486200
311,298100
25,758000
322,593400
65,270000
356,1408500
20,634500
5,270700
41,1147100
60,1602800
6,291400
341,1043200
321,544200
77,542300
78,557000
1259,1213600
321,553300
9,369600
320,517400
319,498100
14,480600
41,1150300
244,1653500
319,519000
8,347700
53,1470300
53,1449800
282,1080700
9,446200
67,302200
319,496200
319,506400
202,613500
5,271600
262,613200
143,693900
203,645700
37,1222800
1,163300
14,503600
20,647900
5872,3794800
9,372200
315,473100
314,380000
1,170700
59,1750000
1270,1596300
7,327900
158,1074900
9,373700
99,1072700
314,390800
123,1731100
49,1362100
30,894200
8,338300
313,352300
15,512000
503,549500
6,299600
51,1383900
9,367400
82,679700
27,817700
528,1164100
42,1172300
227,1235400
5,270700
96,1011300
2,184300
31,1116200
25,787100
3,246000
196,522900
32,996400
313,377000
60,1729700
312,331400
446,672100
92,930500
125,223500
2,195200
2,185700
2526,2427600
2,196700
11,431300
26,788600
360,1492900
1,162600
271,817800
312,319200
312,328700
3,216800
4,242700
311,289500
70,373600
6,292500
2,180900
375,371400
310,292000
310,279400
111,1402300
29,861400
310,268400
4539,2385700
4,251300
3,220500
14,484400
309,1744600
203,642500
70,368800
301,1562600
22,692400
7,319600
2734,1443800
141,745200
24,739000
5,266900
56,1563500
155,966700
308,1748600
308,1732000
17,571200
5,271400
38,1070600
6422,3646400
24,754200
308,1730000
1154,1535300
337,992900
89,845900
252,344200
107,1327800
59,1677800
11,417600
12,438400
5,269700
310,280600
6,343300
1,166700
306,1671800
67,295900
586,1063400
122,1646500
192,426900
211,849400
305,1650300
4,236000
101,1207000
7,327100
38,1099800
13,472800
305,1647000
72,417200
305,1648600
2,195400
16,545500
304,1662600
41,1177500
4,234900
71,386600
11,419000
206,717600
71,389900
298,1479700
87,955800
7,330500
3,209900
302,1899700
1,174700
4,240100
61,1671500
207,857700
302,1576700
53,1470300
8,341300
70,363600
17,568100
48,1318000
201,586800
1,159300
3,226000
80,706500
185,1842300
301,1579300
911,1610500
109,1368300
49,1354200
4,240500
2059,1294400
12,444000
322,566300
6,296500
2,189600
300,1527900
31,921800
221,1083800
300,1531600
478,1401700
4,238100
2,192000
77,540200
114,1522700
10,413300
300,1569600
37,1054900
161,1266400
1027,1488500
4,291600
2,196800
300,1528200
300,1544700
300,1507500
2360,1189600
17,569100
87,797100
203,651400
273,910100
299,1566300
111,1392400
299,1498900
299,1491300
53,1461200
1335,1488900
24,738100
11,414900
2,199400
52,1418500
255,419200
297,1465700
310,277500
297,1492000
4,296400
297,1499600
178,1558200
5,272700
6740,4062900
295,1423000
295,1411200
15,532600
192,375900
2,195700
435,347700
1098,1759700
7,343900
61,1732800
11,436500
305,1721500
293,1368600
221,1102300
95,988500
33,970900
452,769300
70,377200
293,1350400
3,216100
14,493600
292,1325900
28,846800
8,343500
292,1338000
57,1587100
21,702400
51,1394500
291,1303000
18,594000
23,720200
38,1139400
29,859800
27,809500
4,251200
291,1297900
6,293900
4,244500
4,244500
296,1428300
38,1088900
6,286500
1164,1786200
310,274900
289,1265100
155,978700
231,1334000
359,1459800
289,1253900
72,437800
288,1235900
288,1227000
41,1144300
1,172900
1,172500
79,588000
288,1269100
1574,1416700
7,314800
5,273900
830,1067700
288,1223200
19,621700
29,942400
71,403000
100,1117700
1666,2408200
294,1444600
501,485700
242,1654800
2,199500
216,1071000
752,685800
25,788000
287,1226800
286,1201000
64,221800
53,1455500
286,1280400
593,1266600
10,468400
266,717500
185,1744100
717,1287100
368,1859600
13,466700
1,189800
285,1159500
238,1508700
620,392800
8,342500
2,182900
6,288500
233,1384800
427,1687200
12,443600
2,196700
69,348000
52,1423100
32,935600
283,1095000
22,783600
47,1295900
1,170800
11,425400
469,1206300
283,1117500
6,293600
51,1383700
80,631600
10,394700
3,220400
226,1220300
18,585200
283,1374800
91,32957900
152,995200
23,740000
282,1100200
282,1096500
118,1574400
1808,1130700
22,710400
282,1093800
2,193400
282,1091800
4,244100
246,1693100
13,486900
4,249800
4,288600
161,1121300
251,318300
280,1046400
280,1061700
42,1187600
117,1504500
78,554100
280,1066800
34,961100
2,188600
279,1018100
202,782000
136,495500
279,1021500
131,376900
278,995200
278,980500
116,1567600
15,500800
277,979500
277,963600
39,1127800
276,937300
71,392000
274,910000
15,508400
2,188300
11,405500
35,1013400
8,339800
3,216600
58,1546500
274,893400
273,878900
13,456900
780,1510400
201,643000
42,1332800
612,1795100
273,874800
5,273100
262,608000
34,1057100
45,1387500
8,343000
120,1581500
36,1021400
272,838700
1684,1061700
271,810200
3,217400
403,1064700
52,1414100
63,224500
306,1685100
271,824000
2,187600
42,1174900
271,868700
52,1435000
3,222100
11,426000
1268,1385800
2,237000
3,216600
917,1696600
9,368300
35,1001800
417,1403200
2031,2256200
45,1277600
76,529600
269,773000
67,300800
47,1303900
59,1618700
148,803100
77,545300
108,1324900
257,469100
131,370300
1,165300
72,513200
77,549900
267,725400
48,1320600
266,692100
346,1168500
35,1056300
14,509100
22,709400
9,361700
144,700200
6,296100
108,1324200
193,397400
1,167700
344,1103100
284,1140500
3,211900
60,1637600
24,743900
42,1181200
265,679600
1181,760700
19,623300
6,287600
264,638300
211,853700
264,664500
140,600400
6,295100
263,639500
6,283700
3,208200
655,1287400
259,525800
261,572300
19,621900
1,170800
481,1542100
10,388700
5,264500
580,917500
2177,1199600
261,567500
131,372100
24,740500
136,612700
5,279500
1,172700
3730,1938900
301,1567200
34,1002000
51,1456300
337,978200
17,562000
6,300600
4,246900
260,556200
231,1336000
479,1435100
260,543300
220,1063500
8,343100
10,393600
260,551600
65,246700
18,588900
15,516100
293,1362900
259,515600
43,1229100
67,300600
16,578700
686,519700
108,1322000
24,752900
603,1476000
115,1470500
12,444800
4846,2458900
217,990800
20,644900
258,504600
1,172000
4,244300
258,491900
35,1010400
120,1587300
167,1273700
210,879600
213,902900
43,1254100
258,608000
150,876600
7,332100
36,1050500
1,168800
239,1683100
31,974300
44,1250200
49,1409500
46,1327600
18,625100
258,512900
527,1201500
8,353300
258,624800
185,1788900
142,655200
114,1469000
257,488700
510,695800
2,195800
257,483800
3953,2975300
257,488500
1,173500
110,1421500
257,498800
309,1830600
188,292900
19,665500
4,302500
2,200000
19,675800
1,181500
5401,2700100
256,467700
12,545600
70,389800
4,256100
83,741800
146,777000
150,899900
4,261300
628,614000
54,1472900
16,536100
180,1578000
120,1753500
70,478300
23,730300
10,401900
194,469500
11,420000
1083,1287800
1029,1458300
10028,5419400
253,369600
4,246800
10,394200
6,287500
72,411000
1584,1615600
242,1658600
252,353000
25,794000
2,301400
10,547200
8,440000
241,2096400
20,888100
114,2041400
73,637600
11,523300
580,959100
18,599700
87,797300
21,678200
17,595800
92,934100
113,1480200
251,341100
43,1207600
123,1915500
251,532100
1,174700
195,443500
41,1164200
244,1691600
5,269300
251,325600
15,514400
386,650000
2,184200
6,287800
251,332100
22,686500
43,1230300
13,470200
250,297600
3547,2059700
250,304500
125,244400
182,1778600
20,663300
10,413100
5,276700
163,1182600
993,595300
30,920400
56,1515900
30,895300
65,249600
250,290600
14,481300
3,217000
48,1330500
250,306600
39,1136000
640,973400
658,1388600
250,297700
1021,1266400
12,448400
113,1565200
3,225900
248,254000
36,1243500
40,1147400
1001,757700
14,476100
6,304600
236,1474100
123,1696700
3,220000
967,1644100
248,326500
556,1945500
28,845000
26,799900
201,582600
281,1061100
5,283400
39,1124300
247,1977100
32,982600
337,952100
1926,1017100
246,1710500
2,204100
3,223600
20,640800
7,311800
799,1936400
16,533400
8,341700
246,1681400
2,192700
47,1458600
2228,2450800
4,248000
246,1696600
57,1544100
25,766100
10,384400
310,283400
114,1446000
342,1210000
8,351200
198,515200
16,554200
1,158300
149,831700
287,1195300
245,1757600
56,1543900
205,696100
241,1578100
245,1673800
1,170300
225,1191100
245,1674000
2,193500
35,1031400
245,1663600
132,400900
14,488000
5,261700
33,990400
72,422500
97,1039600
21,663400
2,286600
20,645500
40,1328000
1139,1313200
2435,1591400
1759,1437300
32,1004400
105,1250400
727,1735500
12,448100
8,342400
42,1184300
180,1594100
11,421800
8,349500
40,1491400
2,201900
23,730000
41,1141900
76,526600
2149,2006600
242,1628200
60,1605800
17,581300
242,1783100
34,1017300
13,478300
242,1665700
22,703500
31,950900
8,473600
5,336200
1902,2133600
92,930700
42,1186300
2,250400
1335,1502400
242,1627800
15,529300
147,802300
241,1587000
8,362500
4,244000
241,1590700
232,1355300
780,1612200
18,609200
52,1428500
241,1649600
1062,775200
295,1429600
6,297000
398,960800
36,1045100
8,355500
240,1551700
5,258600
397,916200
145,740100
239,1517700
418,1533800
3852,1930800
19,618300
6581,3301300
2482,1289700
2,198400
3,231300
408,1282800
238,1497500
238,1495700
4,232900
238,1511700
238,1494000
40,1633100
170,1916800
12,593600
12,610200
4,386300
2,267800
92,1351300
32,1245800
5,276900
1032,1520700
15,534100
7,321100
1,162400
7,337400
225,1209400
29,861200
235,1419900
19,623900
2,192400
4,232900
235,1577800
235,1484600
8,352600
235,1439600
7,320800
234,1418900
38,1076400
68,323100
234,1408000
677,1998900
234,1393900
49,1334000
23,711900
233,1456800
1,183000
39,1155400
3,219900
8,349200
2,199700
5,273200
27,833600
96,1015400
6,293300
33,973300
43,1195400
233,1384600
125,228500
19,614600
14,489900
140,593900
1,169100
15,512400
1317,1064800
14,497000
233,1378300
232,1573900
34,1038000
31,963700
61,1642600
4992,2985800
12,441900
379,483000
684,529200
382,542600
12,429600
2,188100
192,380800
1004,840300
232,1445300
70,373600
33,966900
313,345700
14,481600
53,1610300
140,610800
5506,3629600
203,659800
1,166500
2,194600
18,597300
10,388200
45,1247200
50,1368400
12,432300
152,903600
1,171000
2,193500
4,242600
1044,1837000
21,665100
1244,747200
17,563600
12,603900
212,880300
1991,1189300
231,1329900
231,1319000
20,666800
7,318800
303,1606800
15,511300
1265,1258400
204,665000
93,932600
230,1307600
152,901200
2,196600
230,1330500
89,1206000
230,1465900
229,1277600
414,1675700
38,1079300
2,193800
73,456000
500,451800
229,1287800
6,297000
37,1222900
4,242300
229,1276200
7,325200
203,639100
34,1004500
29,897500
173,1545100
1139,1185300
228,1258700
4,249800
2992,1789100
228,1258000
201,584000
110,1364500
227,1491300
2,188300
108,1300700
16,537900
7,318400
5,263300
574,838700
226,1245400
38,1199900
384,609700
2110,1069600
22,701400
66,268200
226,1276000
226,1198400
54,1480300
225,1182800
2,186700
60,1623800
4,243400
131,376000
624,512000
362,1732200
15,519000
225,1179400
93,936800
5,381200
3,214800
72,423200
8,355400
225,1179400
230,1309700
225,1190400
40,1128100
5,260500
613,1719700
65,246400
3,216700
46,1282600
2917,1398600
10,389200
23,764900
34,983900
17,572200
3,221400
7,317300
41,1473300
3,251400
28,863700
224,1183700
126,248900
7,312800
88,814000
128,444000
213,907500
224,1159900
3,212200
24,888800
48,1327200
20,650500
1,162600
772,1140000
224,1213400
182,1630500
1328,1318400
8,336800
1,159000
7,310500
2,286300
2,207500
386,747200
224,1189000
11,409200
5,327000
8479,4742200
4,239700
41,1168500
9,443800
223,1176800
89,859300
223,1119300
225,1177700
169,1424000
5,274700
3,218700
223,1141900
1,164600
17,560700
572,717400
12,432400
6,300700
222,1127200
19,631000
15,516400
301,1543100
222,1111400
73,557400
10,440000
2,191200
221,1085400
1430,834800
63,191900
6,285700
14,496900
5,262400
221,1076500
221,1086600
4,316800
221,1227100
220,1070000
8,345600
88,831600
220,1071700
63,200000
7,322000
220,1071200
58,1583900
2,197000
219,1076000
35,1001600
985,1865600
131,366300
10,387200
22,847000
9,382700
15,517700
4,233700
63,194800
194,414900
6,285800
218,1153800
3,221800
17,570200
3,225400
183,1666900
189,435500
2,195000
147,812500
218,1056500
387,692100
2192,1620800
217,993600
217,996200
119,1587200
2465,2278400
39,1117400
196,548100
7095,3708100
215,945400
958,1340000
2,194800
37,1077900
195,441400
157,1016600
215,946900
103,1176200
386,635700
1624,1184900
11,419500
550,1687300
197,490400
11,536700
4,297200
309,1753700
214,925900
63,188100
43,1200600
214,922400
34,1017400
41,1156600
38,1213300
15,520700
4121,2490300
107,1279400
213,890000
35,1014100
190,320300
99,1204900
8,490600
7,327900
8,352500
40,1156500
213,918700
1798,1062900
8,339300
3,214000
212,884100
212,874400
600,1692300
14,493900
7,322500
212,860000
15,515300
127,272000
7,318200
1582,1569900
2,193800
2,184800
38,1072400
3307,2301100
2,207600
3,224500
210,815400
73,446500
123,1713200
6,304200
29,1049000
6,296800
1566,1260800
210,836200
32,934400
94,979500
12,446800
210,827800
6,301600
2,193300
78,555800
473,1284200
209,809400
69,442100
208,775900
215,960600
4,245600
3154,2768100
208,765700
208,769300
883,869700
89,958900
34,1003900
24,769300
9,416600
50,1460100
158,1074400
208,913200
1,162700
2,183300
88,965600
208,784400
284,1135700
10,398600
21,670600
207,740200
4073,2936800
207,750800
116,1509800
1584,1623700
207,827400
207,745100
15,515300
36,1028900
42,1178900
1,165900
32,1106600
207,760700
54,1531200
207,744600
15,510200
16,556200
1526,1812500
206,727600
35,1019100
4,245400
62,171500
4008,2865700
3,231900
54,1672900
5,270500
538,1460200
206,1016400
29,909300
6,420600
69,368500
1471,1908200
26,798500
191,351600
205,697500
2,191200
95,990400
205,706100
1,181200
181,1610300
205,812100
28,857300
162,1136900
5,281500
30,903300
20,652000
1,178600
97,1364100
204,726800
204,684500
136,643300
203,651100
1,175500
16,528400
11,421400
203,653200
203,655000
1,159900
4,251000
74,564400
17,575400
203,649700
202,627200
28,854400
55,1492400
196,478000
196,468600
25,761600
740,1889000
206,726700
9,533600
3,295500
189,363200
38,1171100
109,1339700
189,308300
10,394400
750,608300
131,364900
10,395400
41,1146700
202,614800
2,195800
22,702200
20,656400
39,1097500
2666,1406700
20,646800
30,888600
13,464300
65,252600
64,214700
675,1796200
3,218000
28,838500
201,591300
8,350800
2,195200
658,1442300
6,297300
771,1116700
387,675200
13,461700
8,345200
2,185400
201,592800
5,273900
923,1839500
169,1306600
20,640600
6,302800
367,1667200
26,794300
6,287300
6,354500
2318,1698300
1444,1197600
21,676300
77,547400
6,293300
3,219400
68,309900
54,1524700
2,186700
97,1023200
2,190800
199,547800
122,1642500
1,170400
973,1569700
199,604900
1568,1208600
5,263600
179,1654900
3285,2968500
2,197700
199,546000
1818,1416200
4,239400
17,568900
2,186100
9,362200
2,193400
8,341200
6,349700
90,885300
88,829400
198,519000
36,1033900
9,382600
2141,1868700
2,194400
8,334400
197,519600
1,171500
196,462800
6,300600
60,1821000
52,1431900
157,1027100
196,469300
59,1615400
196,466000
432,1791400
331,801700
8,346600
51,1392300
195,442100
40,1123800
3,220800
1082,1480000
3,221800
430,1754100
2,188600
62,169600
183,1673700
91,896200
1274,1494700
36,1035500
23,708700
29,861700
194,430400
46,1252300
194,419500
14,489900
217,1014000
165,1205800
4957,3641300
9,374200
6,292400
5,273300
239,1521200
868,495400
193,386300
13,470900
11,412200
2,213800
41,1169100
192,373300
17,570900
154,950000
8,340000
6,287700
48,1318000
760,837800
192,367200
191,345600
191,394800
191,359700
190,324700
54,1543400
4508,3133100
190,333600
190,343100
41,1157400
24,745400
6792,3749900
190,324700
1,178700
106,1255000
193,407400
189,297700
5376,3536500
6,293500
125,221900
3,223100
232,1364100
218,1053400
189,301400
1,162500
189,301400
71,391500
27,817400
91,979500
1,177400
425,1611300
177,1489800
52,1410400
188,277000
782,1413000
27,819100
41,1150300
1,166400
8,344600
448,663900
10,402400
6,287200
187,243100
6,286800
140,593100
4,249300
12,443600
1,167100
675,1810300
12,441300
5,261500
45,1252900
185,1707300
8,336800
185,1710500
1779,1932200
245,1664800
185,1693000
122,1662500
245,1714100
520,962300
16,554000
11,521100
1510,1444500
4,236300
185,1712400
185,1731600
10,400300
184,2103800
58,1609200
551,1697300
4,242500
3,221700
184,1743400
56,1545500
21,818000
184,1671000
6,285900
3,211900
183,1673300
47,1303100
183,1637400
183,1648000
182,1623700
101,1131700
71,390100
1,169500
172,1475100
182,1673600
182,1672000
3186,2052500
22,719900
182,1616300
25,929500
13,478300
181,1743600
181,1643400
388,810600
5805,3637500
180,1615600
180,1593300
66,279300
180,1659600
446,645100
44,1250600
180,1574100
55,1502200
7170,4144200
179,1599700
178,1525400
7,316100
46,1308400
12,441800
10,386600
213,897600
178,1522800
6,299800
133,418100
324,620500
27,819900
10,397200
602,1480300
8,343300
178,1505800
2,211700
205,789200
15,531900
5,278100
178,1618500
82,674300
178,1643600
1,162700
33,967200
177,1508900
1,168500
1,166500
9,367900
2,185300
177,1501900
177,1490000
3,220600
254,402900
37,1049900
19,618500
177,1642900
1,161200
1,166500
36,1038800
177,1513500
15,515100
137,546200
1,168000
17,567200
50,1367200
9,370600
926,2276100
176,1472500
3,217300
13,464200
10,394000
546,1581900
2,196800
176,1487000
604,1529000
200,562100
2,196800
34,980800
1960,2052400
5,276000
633,740600
175,1460100
1,168700
2,185900
1048,1913700
249,269900
35,1002500
35,1016400
9,372500
100,1120300
35,1001500
11,420000
29,870900
11,413800
15,680600
5,266200
2,195500
35,1011500
35,1033700
31,924800
5,269100
3,222900
35,1017900
35,1015500
35,1006300
4,274600
3,216600
35,1017800
11,410400
35,1012000
35,1004800
25,766300
12,444100
8,338300
735,1729700
35,1222200
22,753200
2,200800
35,1007600
35,997800
32,1111300
35,1009300
35,994400
4,281700
35,1002900
35,1005000
35,1002700
35,1003900
35,988900
2,195000
8,339600
35,999600
35,1008800
201,596400
35,1055200
35,1178200
1,162900
20,662600
35,1017000
29,865000
35,1015000
287,1333000
25,790700
5,262900
35,1023000
35,1012300
4,239300
35,1013400
35,996900
35,1016200
5,271400
1679,1104300
35,999200
35,1042000
1,176800
3,228300
35,1018600
35,1047100
35,1021900
346,1297600
35,1031800
146,780600
94,996700
563,517600
35,1207400
5,275100
450,763700
35,1022700
154,973500
13,467600
348,1273600
35,1043100
11,413600
2,195300
245,1735200
15,541500
6,307700
17,577000
1,170900
15,513500
35,1014100
31,922400
8,356800
35,1017400
35,1026700
21,714300
2,196600
35,1060500
35,1093300
15,530900
35,1066300
9,364300
35,1023200
35,1054800
793,1907600
35,1048100
30,913400
35,1015700
35,1030600
2,188700
35,1023000
27,832400
9,369200
35,1025900
7,315700
123,1749300
35,1096600
17,600200
35,1003500
32,941900
35,1073200
13,492500
35,1059400
50,1505400
9,391200
34,1062000
2,196000
16,552900
34,1068700
34,1064100
3,229600
323,767200
57,1638900
8,389500
20,690800
34,1035800
34,1058700
10,462400
34,1283300
34,1075000
179,1690700
34,1074500
20,702000
34,1091700
26,845900
43,1297900
34,1040400
2,205600
34,1073100
34,1074500
400,1163100
33,1167400
8,377700
5,299300
4,462200
34,1053500
34,1053900
34,1046200
323,627800
34,1052300
4,256900
34,1113300
18,678500
10,412600
62,181900
7,331100
34,1048900
29,939600
58,1690400
16,584400
34,1064300
5,331900
1,250400
5092,3987100
34,1106100
43,1248700
34,1187100
4,250100
18,638000
34,1050900
34,1055600
30,1013100
34,1133300
34,1307600
213,977500
34,1007800
34,1742600
34,1202600
34,1101100
34,1055400
24,853000
18,636100
34,1139100
3,247500
427,1778400
7,355500
34,1264500
34,1088600
29,944400
4,252200
34,1026100
471,1557000
19,664700
10,589600
8,401800
242,1769500
34,1006600
34,989500
3,266500
34,1043200
34,983900
7,324500
16,551100
4,247700
14,501100
3,261200
34,1138500
2,234600
34,1052000
37,1090700
34,1041100
21,678900
34,1295600
34,1016400
34,1032100
34,1088900
1,209500
2,210900
34,1031500
17,604800
34,1017400
34,1060900
34,1010800
34,1034100
36,1068300
23,835000
34,1022900
2,406200
45,1499000
4,258300
34,1141600
34,1038200
7104,4322700
10,418900
34,1037900
256,582400
34,1051300
34,1169600
11,448400
34,1031000
29,918100
44,1286000
15,541300
34,1037900
1,194800
34,1095300
2,199700
1168,1924300
34,1013300
2,200900
4,254800
8,345000
57,1637100
52,1478900
34,982700
18,610900
88,834900
34,988400
10,404200
30,922700
122,1669900
6,374900
34,994700
28,857700
7,315700
2,186500
34,997800
34,988100
117,1579100
25,816000
288,1251900
30,902200
2,187400
52,1431500
34,1013800
33,972500
164,1202100
33,994000
1,172500
33,988800
3,261500
33,982400
5,280400
33,974300
33,1159000
33,964500
26,804900
33,990500
33,973600
33,970000
5,272200
157,1004700
354,1351400
33,963300
13,461700
34,978100
33,964300
4,252500
36,1326400
33,1026200
220,34473000
33,967500
33,973800
10,396600
33,1184500
33,1064200
1000,764300
8,340400
1,161400
16,535600
33,960400
33,947300
38,1073000
33,1008200
161,1105200
33,993900
30,905500
689,696300
33,985900
2,189700
6,286900
2,194800
33,1003600
33,951200
33,956100
33,951100
33,967400
6846,3626200
33,982500
33,976900
33,979800
83,700100
33,967200
33,993100
2,198800
15,512900
61,1646000
33,948200
2,195600
298,1468400
33,958600
3,221300
226,1214900
32,944800
33,963500
1,172400
4,237400
11,415800
1,170600
33,1023200
26,811100
14,491600
3787,1881800
11,427400
1,160300
124,186400
33,964400
569,640100
20,646700
6,291100
7,326300
2191,1539000
7,317200
33,966000
21,678300
23,717700
33,980800
15,521000
33,968400
7,320500
12,439800
11,414300
33,984000
1,168300
67,305200
33,990200
33,1008700
33,987800
3,219200
33,962600
21,676900
33,971600
33,990200
14,494900
10,393500
13,471700
33,980000
35,1002500
33,986000
33,1038000
4,242500
7,320800
1,163700
33,986700
33,1064600
6,304500
33,990500
19,637000
1,168300
33,960800
12,443800
17,770300
33,1074100
33,984200
1,170500
70,462300
33,995200
8,341300
2135,1729700
33,967200
11,425600
33,962300
1,164300
12,441800
2,194700
33,963200
1,170800
146,779500
7,434900
32,976800
1,164400
27,927000
32,1003500
32,1001300
3,221900
32,960000
3,219400
32,945000
328,798000
32,960700
3,216900
32,930500
2,197500
200,579000
11,417900
18,600600
32,937500
3,221600
32,929000
9,378400
394,894900
7,324300
5,272900
32,966700
32,925400
137,526800
32,927100
8,346300
2,194600
32,934800
32,932000
797,1742400
32,951900
32,922400
20,645400
32,935900
14,493100
32,940000
4184,2573300
18,609600
12,458400
32,946600
1609,2241200
32,921800
73,449900
32,929900
2,194700
32,941500
1,169000
6,284800
32,938900
260,542900
32,927000
1,159900
32,949400
32,925800
32,924000
5,268800
6,298000
32,947400
26,892400
32,940600
6,288500
32,935700
32,939900
409,1252500
32,937500
2,189700
32,915200
443,549000
31,913000
46,1278700
6,298200
32,928300
22,700900
32,915900
32,934700
2,194900
9,356600
5,274400
2,310600
32,963300
3,221000
727,1525200
24,739500
32,927700
32,931100
40,1135400
2803,1631200
32,962100
5,257800
32,947200
32,940100
32,981700
8,354600
32,963800
41,1197800
5,326800
49,1359800
32,972500
661,1452400
32,928500
3,223000
32,966400
1,171100
31,935800
7,323300
1269,1376100
32,932900
1,159900
6,297500
3,213700
32,935300
32,953800
32,1164100
14,507600
32,972800
32,940700
32,957800
13,462800
108,1381800
32,957300
27,822600
32,1149900
32,968300
972,1611600
32,947200
2,196700
9,377600
584,1036100
32,946500
8,362800
588,1345000
32,958000
32,952000
8,347600
1294,2250800
32,956000
3,221200
221,1103900
20,646200
32,960000
539,1495700
31,954500
1,166600
31,983400
1031,1546500
31,977700
31,913900
1,160700
2,192600
53,1473200
26,820300
31,948800
31,947900
1,158000
31,935000
17,622600
31,916000
31,924600
31,974000
5,320000
31,1102900
9,387400
31,939300
31,935200
19,628200
320,528300
7,357400
90,881200
31,924900
33,986900
31,961200
19,642300
31,937100
45,1263700
8,343400
1,165800
31,933300
31,926100
63,196400
31,932000
31,930200
31,937900
223,1144600
31,935800
31,925700
31,923400
12,442100
31,914100
31,928100
31,942800
31,968100
22,694000
2,196100
16,547000
14,500300
8,345200
31,1106500
31,910800
48,1606700
2735,1425500
31,918300
31,938600
6,317100
31,923100
24,740000
6,302600
31,912600
31,921900
14,484600
4,249100
31,1109900
15,508900
317,442600
31,929900
2,201700
31,931600
31,907700
31,916000
18,589500
82,678500
12,444100
31,908300
31,914000
31,968200
31,925700
4,242900
29,864600
314,377200
31,934700
31,932600
7,327100
31,980400
22,705000
2,205200
31,919700
1,164400
31,927300
15,508500
31,910100
1,171400
31,929900
31,912100
31,941700
31,940000
184,1662700
19,620400
113,1425000
14,488600
31,915300
65,363300
30,891100
4,248300
31,965300
8,349700
31,934200
15,523100
31,915300
15,518400
3,222800
9,361300
110,1374700
31,922100
108,1330000
8,409900
31,912000
2,202900
18,591500
2,216100
14,488300
30,901700
30,893700
30,907900
30,893400
1,171900
100,1157100
12,446600
2,188100
30,898000
13,473300
30,878800
40,1136100
30,896400
1497,1149600
7,319400
1,162700
7,345900
30,898200
30,886600
7,317600
30,890500
11,418300
2,189400
1330,1364700
30,889100
36,1043400
30,1044100
5,276700
5,269700
1,175200
158,1033300
416,1372800
30,893400
317,452500
30,888900
10,403000
30,905600
9,392700
202,613800
7,320400
2,192800
6,291100
30,889400
18,593800
5,264100
30,909200
3,220900
163,1159400
30,882700
41,1163100
36,1110600
30,927100
30,889800
30,907300
30,892100
30,885200
10,400300
5,268200
4,242700
30,1393700
67,302800
30,895100
30,960300
33,1006300
30,942200
8,342100
30,886100
14,498500
30,887100
30,916700
74,498000
30,904800
3,227900
54,1502100
18,597000
30,894100
3,216100
103,1199400
30,1074600
2,197100
30,939500
1,163500
17,573200
30,908500
11,418100
30,1091300
30,894500
9,361000
122,1649600
169,1302800
6,328200
30,903500
62,170500
30,928400
30,898400
165,1274500
30,993000
30,1103400
30,887500
4,246000
30,902700
3,213600
46,1275900
458,917100
30,892000
18,600700
30,889500
5,259600
30,991500
30,892100
41,1222200
30,904900
1,165500
284,1147800
30,887000
37,1062800
30,893300
30,934800
30,900200
730,1635600
30,912900
30,901600
42,1202400
30,932800
77,541800
24,740900
49,1370600
13,473100
30,1097600
30,904100
30,905200
483,1607500
302,1591500
21,670800
11,416000
30,913600
18,601200
30,897800
12,453000
30,956100
113,1444900
30,895700
30,923400
4,249200
35,1057100
30,888800
4,245900
30,902700
12,471700
30,897800
30,900900
30,894400
5,265000
30,902100
2360,1479200
30,885500
274,900500
32,995300
30,909200
2,191000
17,577400
30,894100
30,895200
8,359700
30,896600
1,163200
6,296300
30,892300
310,268000
30,953200
3,220200
30,914100
5,278100
19,628300
47,1322300
29,883900
29,995300
1,168900
13,474500
2,192900
29,874000
753,685400
92,915300
29,977000
9,371400
29,862300
3,217700
45,1319300
29,939700
29,911400
29,869700
2,195100
29,866100
29,866500
4,291400
156,998400
29,961700
7,312900
29,886900
29,876600
13,468900
4,244700
29,865700
28,842300
29,865900
8,333600
29,866700
424,1601800
29,1104100
3,256500
29,874000
29,862100
1,189100
22,704000
29,865400
20,651000
29,863700
2460,2153800
29,864100
167,1256800
29,893300
29,868600
2,185500
29,853400
29,867400
29,943000
3,223900
7,349200
5,275800
153,935300
29,870400
37,1050200
29,872400
1,170200
74,468600
29,872000
420,1485800
29,892100
29,863900
2,190600
29,867000
5,269600
15,523600
29,859700
9,369400
25,770200
29,877300
29,868100
184,1711700
29,884100
29,1055800
2,192400
27,808100
29,869700
50,1370200
6,294700
80,617900
29,864200
1,175700
20,644500
13,468200
29,868800
1,170700
584,1027100
12,625500
7,319200
5,267500
2,186600
29,868000
19,628400
2,226700
3,220700
13,466200
29,951100
6,296900
3,228000
10,400800
29,884100
29,875300
5,264300
29,895700
29,870400
31,912700
5,269100
29,864800
8,344100
29,865300
5,260300
2,193500
29,864100
29,873300
21,666300
29,868200
76,522500
29,865200
41,1181700
29,918300
2,196700
29,877300
29,863500
29,881600
2,190600
5,260800
29,867000
29,874400
75,500900
10,393700
29,878700
22,690200
29,866300
29,866100
29,860700
23,722000
14,490400
25,759600
5,277900
29,896200
29,866900
1,168100
14,524600
29,889400
28,868600
45,1254700
8,342200
28,856200
1,167900
28,854800
1,167900
1,158300
291,1305200
8,347500
7,321100
6,297500
28,842600
5,272400
3,222500
375,378300
28,832600
2514,2155400
6,299300
28,864700
21,659500
121,1646900
28,850500
3,218700
21,732300
28,834300
28,866800
787,1506800
6,305700
28,838600
72,422500
69,349200
28,848300
1,164000
60,1640500
13,469000
28,926900
28,961200
28,840300
9,369900
761,872900
28,845500
1257,1085100
28,845300
62,163900
28,843100
46,1267700
8,342900
28,845000
3,213800
89,926900
28,858400
28,850300
28,833100
15,508200
10,393800
2,189500
36,1030200
8,369200
28,849000
10,382700
28,840900
53,1451200
22,761800
9,389500
28,841400
796,1782600
23,709900
28,853200
40,1136000
55,1551700
28,875100
4,248700
28,910000
19,662200
8,368600
28,889900
28,858100
5,268000
2,187500
28,843100
2,194900
28,851600
28,942100
21,799100
1,175200
22,723400
28,850000
28,856100
3,223400
632,699000
19,631800
28,840100
28,859800
28,857800
28,853200
28,859500
68,325200
28,879800
28,856600
15,518700
2,187700
28,843800
28,839100
232,1364800
28,1064600
28,866700
28,855800
58,1618500
28,841300
46,1283900
26,786000
28,843300
1,161200
83,833200
28,866200
28,888800
70,612600
164,1181700
28,837100
162,1132200
17,568100
28,871100
112,1557600
28,868900
28,879300
18,615500
28,875800
26,840200
5865,3648800
28,1009800
28,857300
28,836200
10,392300
2,192600
28,844800
28,835700
44,1296400
4,283600
28,866000
28,883000
28,836800
12,441200
28,840300
6,296500
28,844600
28,845700
28,838900
11,417900
28,838000
152,888100
28,861000
28,847500
28,845700
79,597700
7,368400
28,843800
9,370500
2,207000
30,941200
28,867300
3,225800
4,262400
28,904800
28,848100
2,195300
28,857600
28,861200
13,473500
3,221300
28,847700
5,277200
28,848300
28,859500
28,873400
27,823800
2,198300
27,977000
27,869400
796,1867300
9,395600
27,879500
27,855400
52,1443000
27,836100
1,173100
27,842500
23,769400
27,831500
6,295900
27,1082800
27,857200
27,843000
5349,2875000
27,854300
27,843000
27,929700
1667,2255000
27,844900
27,876200
23,737600
2292,2603000
27,852000
27,838000
27,892200
27,833300
27,835000
16,557600
147,790500
11,421100
3,236100
27,829700
13,601400
1480,2186500
27,828500
1,174200
27,817900
27,824200
5,263000
27,817600
1,168100
27,822500
27,850400
27,834600
27,829700
27,822200
27,816500
79,594800
27,816700
27,818500
27,819300
27,830400
27,863700
27,832000
59,1613500
27,817100
3656,3145300
7,322000
30,896000
27,813700
27,828700
27,843100
18,625100
10,390700
2,196000
76,515400
27,818800
25,772300
617,1925900
27,1001100
15,520500
5,272600
27,827700
61,1715100
27,832700
27,854000
19,620000
7,321400
1,169600
4,234800
27,821100
4,249700
232,1371600
27,814300
2,196700
4,243600
258,493400
27,807200
27,817900
24,759500
35,1086000
9,369100
4,246000
27,829200
47,1382400
27,816200
27,825000
4,254500
3,224400
27,890700
27,809200
27,815500
613,1720400
221,1084700
27,818400
11,412800
168,1280500
27,818300
3,221700
8,342600
8,344900
27,841300
7,323500
27,818200
360,1524800
17,566700
27,820000
27,838100
33,961100
27,981700
27,937800
380,492000
27,819900
15,505900
33,1180400
27,812000
27,818500
27,814400
27,803600
118,1715600
6,305500
2,200700
27,987200
4,243900
245,1692600
27,849700
15,528300
15,521500
27,858900
27,1021700
27,821000
27,837700
77,541500
406,1148400
2827,2654400
6,317700
27,894600
156,1230000
27,896500
1,182500
27,871500
13,596200
1,185200
6,309100
27,1042800
27,869300
27,861800
27,841000
27,822200
27,822800
15,532600
27,863900
72,448400
17,635900
10,465900
7,328500
238,1587300
27,867100
16,609700
5,335000
26,840600
26,876700
26,839400
1,174800
1,179800
34,1221700
6,313200
26,846500
26,842000
20,683800
1605,2262800
26,808200
1,168700
47,1307200
26,792800
26,803400
3,228700
26,795300
10,387400
66,291400
300,1622500
26,822000
4,251800
26,830500
26,802800
873,652500
16,547600
2,195700
26,792700
1,162700
26,804500
26,796300
26,805600
2,192900
596,1332800
245,1684900
12,451100
4,237500
26,798300
5,270800
26,802700
26,791800
4584,3659100
5,265200
26,872200
5,277200
264,651700
26,812600
26,800400
20,653800
142,664700
26,815500
26,805900
82,695400
26,800400
4,238900
415,1358700
26,798000
4181,2551100
26,801200
26,810800
26,804800
3,225900
26,799100
26,790900
26,789900
26,804200
26,799300
7,318800
14,592700
7,326300
26,783100
17,575100
6,302500
26,975500
26,791600
26,790600
32,922300
12,456100
10,396100
26,815900
1,169600
26,794700
26,794200
600,1537500
26,787300
26,795400
1,165300
533,1257800
10,400200
26,887400
17,574300
26,813800
26,806400
26,797700
26,826300
112,1439600
25,785600
26,815100
3,236200
334,892500
26,875400
26,802300
27,826100
23,717300
15,506500
1,166000
11,423100
26,808200
11,427100
26,791200
26,806300
26,796000
24,762800
26,801900
66,278800
26,975300
26,793300
26,811500
26,863200
26,805100
37,1148000
16,544700
26,815300
26,798900
56,1545400
26,870200
26,903500
2499,1720600
26,818300
13,507700
91,912200
26,786000
26,798700
26,792300
37,1256900
24,749100
5,273300
26,831800
26,820900
26,795800
26,793900
1,164600
4,251100
30,906900
26,789100
76,518500
26,794200
26,790300
3306,1974700
17,559100
11,416800
26,969700
26,790700
15,525600
26,781200
3,214000
4,243800
26,818000
9,366100
15,510300
187,250400
26,824400
26,807000
26,793300
9,369700
4,246300
26,786300
26,789900
3,213100
44,1223700
26,801800
15,521700
14,494400
26,808700
2,186800
26,941700
25,760600
12,444600
25,773200
4,239200
25,779200
25,773500
6,298300
2,197000
3,219500
25,775100
3,221400
41,1180600
25,778000
3,215500
15,516100
28,851000
25,762500
132,399900
10,395000
2,194700
25,765400
5,272000
25,780000
25,773800
17,572100
12,442600
25,770100
25,774500
86,781900
25,766500
25,765700
25,798900
363,1580400
22,683100
7,356600
25,794600
25,799500
354,1405600
10,395700
2,188100
8,340600
2,186700
25,766900
11,418800
25,761500
25,779500
13,470300
25,773300
25,781900
6,299800
25,782300
25,791500
5,272100
7,320600
106,1313800
25,772000
2,194100
25,776600
25,826100
14,492400
2,184900
25,952900
9,365200
107,1478200
31,915100
7,322000
25,763500
25,763600
25,828300
25,766400
25,764800
21,675900
6,297300
25,772300
25,773100
240,1558900
25,778000
15,508900
4,239900
25,824800
25,767000
6,299000
71,402100
4536,2325200
25,787400
2,189000
25,773700
35,1019700
25,759200
25,776000
371,1785800
564,524000
6,300100
25,868300
63,208100
48,1312900
13,459900
25,775900
25,794900
25,779300
2,194600
10,391400
20,641200
1594,1878200
25,776900
411,1254600
4,244300
25,769500
65,247900
21,664600
25,773300
25,780200
25,788700
25,777500
25,759300
24,752700
17,583200
25,777400
25,771600
25,829200
62,164800
25,775000
25,823600
44,1234900
887,1146400
25,836300
8529,4624800
25,931800
521,969900
25,782300
10,392900
25,774300
25,770900
25,785500
25,800400
4,240600
25,813100
1632,1301800
30,907200
7,319700
2,192000
25,763300
25,779500
19,621100
25,772800
4732,2657500
37,1052100
19,621100
1321,1123500
25,770400
25,764100
43,1229400
25,803400
28,851900
5,272900
25,763000
20,638400
40,1144000
6,284500
191,349100
25,786400
3,216600
10,387000
2,216300
27,821900
25,878700
25,780700
25,778300
25,775000
25,766500
169,1299700
25,764600
361,1540600
25,782200
25,795800
11,423800
199,650900
7,318500
4,236200
471,1252400
25,766700
8,345700
25,778500
33,971900
25,802500
1,173300
25,773400
22,696800
76,524700
25,766800
59,1602900
25,760200
25,772200
25,772200
25,767600
25,781000
360,1612600
25,777600
2,192200
25,767700
25,783600
10,393900
3950,2811900
25,790500
24,773900
24,753000
3,216300
24,738100
24,745500
31,931000
24,746500
85,751100
19,624100
24,884900
24,765600
3,213600
11,420100
33,986900
6,296600
2,187000
338,997600
24,757100
591,1433000
12,443500
24,906900
1,171900
24,777400
24,748500
24,743500
99,1110100
24,754700
23,736800
24,746100
1,169900
24,764000
24,770500
24,740400
24,748900
12,444400
24,736500
24,753900
24,740600
140,586100
1882,1617900
4,240100
3,227000
4,242000
11,408900
24,735900
24,743100
24,751100
274,904600
8,351700
24,736800
11,417500
24,756900
34,984400
24,810400
24,771300
24,883600
24,759800
59,1676100
24,738100
1,164700
35,1028500
24,746300
24,751200
24,751200
24,740600
83,701300
5,265500
3,212300
24,736800
19,621000
24,740200
5,269400
24,736500
61,1671200
24,752300
190,326500
24,796300
66,279300
24,768700
24,748300
4,244600
127,277200
24,739800
24,732600
20,677300
24,755100
271,823000
24,776600
10,402000
24,745100
24,733700
24,748300
714,1216700
2395,2037700
12,445500
2,186300
64,210400
6,295500
33,971800
24,793700
168,1285200
7,318100
24,734000
15,510800
24,771300
24,750900
24,785400
244,1745900
11,435600
24,747000
46,1275200
24,742000
11,422200
24,745600
24,737300
43,1206200
14,491000
18,600900
2,191400
10,399700
24,795900
24,750600
209,807900
14,491900
3,213100
24,771000
9,368600
11,422900
130,349200
7,322700
246,1705900
24,754900
14,519800
1,172200
5,324700
24,749700
24,750700
24,744500
24,751800
24,749000
24,744200
3,221100
6,286300
2,204700
2,190600
133,425400
4,273500
24,928900
34,1021300
14,492800
24,779100
24,739000
24,970400
2,195200
4,235100
24,735100
24,745000
3,231100
134,463000
7,315400
2,194600
398,967500
24,920100
636,874500
24,760700
23,722000
2,186200
33,979100
17,572200
7,322200
24,785300
24,740300
24,799600
7,331300
4,238700
2,192500
24,818300
12,443500
24,751400
45,1254600
26,803600
4,245600
10,385100
24,749600
24,735400
1,169400
4,243000
1,164000
141,635600
24,741700
3,219300
379,467500
24,736800
12,442900
24,746900
2243,1333200
24,738200
23,718700
21,687000
24,763000
24,754000
24,741200
24,755400
50,1369800
24,745200
17,568100
24,749200
12,442100
24,746200
46,1298700
24,746700
24,739400
4231,2209300
13,472100
16,542700
9,362100
24,757100
24,759800
82,683800
24,741500
24,745000
2,194900
135,473800
24,742300
24,736200
24,743000
14,493200
20,712300
15,523500
24,767900
17,575200
23,709000
24,748600
6,297100
24,743700
24,745000
24,749900
49,1358900
4011,2984300
24,752900
1,169800
72,424700
566,576000
23,743600
119,1584100
24,739000
21,665600
23,715100
5,263200
23,815600
1117,638300
21,704300
16,537800
8,337500
5,270300
3,212900
23,725600
23,730800
21,673200
712,1208700
23,782400
23,716700
926,1928500
23,717000
23,720900
23,720000
23,729100
1997,1485600
23,726900
6,299400
7,316400
13,460600
23,723300
2,197000
23,710300
2,193900
9,369800
23,732200
23,716500
23,752500
23,752400
3,220000
27,835300
8,345000
1000,759500
23,713200
1,172700
23,725100
11,410800
23,720800
5,263000
23,723600
23,725100
5,263400
23,731100
55,1509400
23,723800
23,712000
23,709600
23,724900
4,236100
23,704100
3,217900
23,718900
23,736700
495,2032100
23,732000
23,739000
1515,42212400
27,814800
23,703100
9,369500
23,732100
110,1330700
5,258600
23,710900
23,708600
9,366500
2230,2455800
34,968900
23,713200
13,467700
23,706400
1,157900
23,714600
5,260300
3,215300
23,717200
9,373800
23,731300
1,167100
23,710400
23,708000
1,155800
9,356600
6,287400
314,372400
23,745300
26,811000
12,432200
2,186800
23,711100
23,715700
23,720800
12,442000
12,435600
23,701200
23,720700
23,785900
40,1121900
23,711600
23,705300
23,719400
33,949100
23,726500
9,370900
23,723300
23,713000
2,195100
23,695500
34,984900
23,707200
13,461200
5,256500
23,713000
4,243900
23,707100
23,704300
285,1159600
23,722600
7,309400
2,197100
30,878900
23,704600
23,711000
6,286300
17,555100
23,767500
116,1512200
23,727700
11,411500
23,721100
5,269400
34,1027200
23,781700
78,596700
23,743000
2,189100
23,708900
18,602400
23,719100
10,390600
9,371200
3,212300
23,718100
4939,3251600
10,414100
4,246400
23,709500
1,166100
23,706900
23,711800
6,345200
23,721600
4,242800
23,738100
2,195200
23,807000
23,707600
70,371900
138,540100
23,716100
2,185600
23,702700
23,717100
23,714000
23,713000
23,715400
23,706100
23,717500
23,714600
973,1585600
23,713100
4,243400
8,331500
8,341800
23,706000
10,397500
604,1477200
23,933100
1,168200
23,744200
48,1323400
5318,3453700
17,559800
86,752000
23,705500
23,716300
21,661900
23,737900
1,163600
190,327000
2288,2454100
23,718000
96,995800
23,721800
22,692700
22,698600
25,770600
22,707000
7,324900
35,1006100
2456,2029000
22,697100
3,221000
22,677000
22,705600
22,690700
22,704800
17,554800
22,694200
1,167600
9,364200
10,389500
22,676000
38,1074900
22,687600
2,182200
1133,1126000
22,844000
22,702200
129,319700
22,687900
174,1436200
4,239100
2,194800
22,681700
22,680400
10,381200
502,492900
5,263600
50,1438500
22,688100
22,684200
4,241700
27,826700
7,316800
7,322100
22,686200
22,689400
13,457600
20,637600
22,687200
22,699800
22,694100
22,712500
22,685500
22,678300
22,688900
22,686400
25,762900
22,695100
1,164700
22,687500
22,717000
22,692400
10,391100
5,261700
22,684900
5,316200
22,691800
22,691300
22,699400
5,275500
22,727300
22,729300
2,196500
16,551700
5,271800
22,718200
22,693300
2,198800
22,692400
2,192000
10,393600
22,683800
22,690400
20,641700
6,294300
16,533800
42,1159700
22,718600
22,685700
22,853700
3,222200
261,697900
85,740200
22,683700
22,689200
4,245000
4518,3342400
22,701800
81,653300
7,314600
22,673900
22,693700
22,691800
3,214200
22,670600
22,685500
22,692200
171,1369900
17,566000
15,506000
2,185300
22,686100
2,189500
22,691300
906,1420600
8,330600
22,676700
5,273300
22,689800
22,686700
167,1262200
29,865500
22,701000
49,1618400
8,332000
2259,1788900
22,738900
22,687500
22,697900
22,688600
22,686200
2,191600
119,1553400
22,697100
22,678000
22,689800
22,688500
22,686100
22,690700
22,698200
10,404800
22,701900
22,705100
10,385500
351,1368900
30,907000
6,291100
22,701700
9,364500
22,688700
22,684400
163,1165700
22,691200
22,709600
71,393100
12,436500
13,453700
22,696600
24,723500
9,436000
22,687400
22,680500
15,508300
21,666800
48,1350800
7,317200
21,821100
13,452400
21,652000
43,1220500
16,530300
1376,1001800
44,1209500
8,340100
21,657800
3,220800
117,1538500
21,650500
223,1127600
21,803100
33,965100
21,652500
21,800000
1,170900
108,1284100
21,662700
21,662600
2,190300
21,680700
2,195100
21,670600
1,165800
21,661700
6,290700
21,655300
6,299300
105,1215900
9,366500
90,862000
21,653600
1,168400
9,357900
21,668200
36,1015700
8,338800
39,1086600
21,661600
244,1685900
9,381100
21,718400
21,677300
21,673300
21,676200
10,393400
21,668700
21,666000
1,165000
12,451100
21,686800
7,329100
2,204500
174,1485300
21,717200
21,681900
21,689600
21,684100
21,660600
15,512500
129,330900
21,669800
21,663900
21,673600
21,683400
221,1096000
21,682600
3,213700
21,768900
74,476100
14,506300
21,674200
21,675900
2,201400
16,534300
21,656000
4232,2325600
5,268400
18,717800
21,661100
2,189000
9,374000
16,529900
29,921100
10,395300
21,671500
21,982800
8,543000
21,715000
21,862800
1,222700
21,718800
531,1440700
21,672300
8,352200
21,661000
21,659800
21,676000
10,383100
21,666400
21,659900
2,195300
21,666200
583,1114600
23,714000
21,659000
21,670600
21,671700
21,653800
21,798500
8,347800
21,682800
2,191700
21,677700
13,493300
21,679300
17,617700
21,825500
21,697600
18,628200
25,812000
21,812100
21,679200
75,499100
962,1300900
21,659400
16,528200
4,242800
21,664100
21,663100
2,185900
3,247300
21,666800
2044,2484900
21,703400
21,669800
21,668200
3,215900
21,660800
4,251300
41,1148000
21,658800
8,344400
21,667600
52,1414500
13,463600
7,316500
21,673000
3,214400
936,675900
19,616500
21,654100
21,663800
4,244400
8,344300
2,186400
21,664800
19,617800
21,661100
7,352200
21,698600
17,576300
21,665700
21,672600
7,318000
4277,3402500
26,787800
21,663500
21,675800
21,669600
21,657100
21,671600
37,1035100
46,1261700
21,656800
21,668500
21,664100
21,673300
6,285500
21,808100
1,162600
15,521100
798,1826900
21,680000
13,573500
3,229500
21,688900
21,671800
578,883700
21,677300
21,712400
3,249900
4,252000
1532,2107200
21,699200
6,298600
21,696600
1,175500
14,502500
21,685500
12,460700
11,417600
21,774900
21,682100
21,769200
2,208200
21,690000
21,692600
11,439700
21,721000
31,954100
18,607100
21,696400
6,300100
21,683600
7,319600
21,859900
564,527500
21,663900
19,632100
21,679700
1322,1193000
21,692100
40,1187600
21,671700
21,748800
12,473900
21,709400
35,1035200
4,242300
4,246800
27,840900
20,652600
4,246300
20,651400
9,364300
20,653900
1,167500
20,654000
3,224300
20,651000
2349,2691000
20,667900
8,360500
59,1761200
67,334000
20,707000
64,229100
20,668100
1,183400
11,437800
20,669400
20,662700
5,271300
20,684200
3,274000
20,663600
4,298400
98,1121100
137,543600
20,693400
20,688400
2,195700
14,502400
20,653900
80,640300
20,651200
20,655300
16,663800
38,1682800
20,900800
20,831100
4,254200
62,176800
20,853200
20,678500
20,753400
12,780700
29,2006600
20,1166200
1,183600
18,676900
20,687300
99,1357900
20,758000
20,675700
20,668600
93,1115600
20,705900
2,200900
20,675800
20,665500
88,832500
7,333600
30,1005900
20,648400
4,261900
20,654500
102,1180800
7,319700
20,650800
20,657900
2,198000
3,229200
66,275600
657,1559600
20,666500
11,414100
3,219900
5,267000
20,793400
2130,1741200
20,649700
2,199300
8,347700
20,661200
144,722800
20,676300
20,650800
130,350600
20,864500
5,310600
2,224400
20,702800
1007,1218600
20,660700
26,799900
20,699300
12,455900
5,276800
3630,2738400
8,369500
20,672000
20,658600
20,661200
20,668300
1,166900
5,276200
1,172000
20,654500
20,680600
20,659100
20,661700
2,205700
179,1599600
20,665700
20,673000
20,648000
20,669600
20,657400
20,659400
2,188900
17,644500
11,435200
650,1192900
4,255600
2,199600
20,675000
75,506200
20,667900
6106,3729300
20,687900
20,674300
28,908500
11,450000
3,226200
20,689000
11,444500
2,201900
20,682600
20,691600
20,683500
20,675900
1,171600
202,659800
20,709800
3,234300
1923,1406300
20,711000
20,694500
20,684900
11,445300
5,277900
6,317200
20,681500
2,200500
20,674000
9,474600
13,509700
4,253100
2,199500
15,594500
20,667800
20,1016500
14,530200
2,202900
20,692000
20,662900
116,1711500
20,756200
20,689500
3641,2968000
10,426800
39,1227500
3048,1874700
20,802200
5,348600
20,650200
2485,1357600
20,748000
20,673300
2,207500
5,291000
20,650300
20,653200
654,1255600
20,656400
2,203600
20,672600
20,651000
10,390800
13,501300
20,1060000
20,685600
20,679900
14,503500
20,656000
1,165800
20,660700
6148,4802200
21,1106500
20,825900
116,1591000
20,687200
1,170400
291,1430600
15,540700
8,463000
2,277900
28,1299300
4,272800
1,179800
20,848900
20,816900
20,677500
42,1224900
20,663500
3976,2170000
20,694100
10,414800
8,351200
126,265200
20,771800
20,697000
8,375900
20,670600
97,1087900
139,600900
20,671200
111,1447900
116,1638900
20,673300
5,276600
20,675000
2,211600
20,672200
20,668600
2,192200
20,919800
1,175000
2,201800
22,751200
20,704700
20,1158300
45,1901700
20,974400
5,404800
20,952400
20,970100
73,664900
20,981800
20,955200
15,780200
18,880600
3,323400
159,1562500
20,1064000
20,766000
535,1471200
20,1248800
20,781400
19,699600
5,279500
19,668100
10,419800
19,652100
19,653100
7,341000
19,645300
19,645500
5,270600
19,658400
19,645000
2,205400
19,655700
19,654800
19,641600
59,1653300
10,400800
12,494900
19,1274100
41,1348700
19,663900
19,662500
19,656300
585,1110100
19,677300
19,633700
6,296200
19,637200
19,630900
19,712400
19,810100
19,653800
4,266000
19,647800
23,953400
19,826400
86,882100
17,605300
127,291600
19,786400
10,459400
19,671300
19,691400
26,836800
10,405400
19,660900
488,1891500
19,648300
2,203600
19,700900
2,194000
19,770200
12,449000
19,643400
19,630300
155,991000
7,346300
19,635400
19,630900
50,1495900
50,1496600
19,851700
19,677200
545,1584300
19,644400
12,459700
1,163100
8,353700
131,401200
19,640600
231,1370000
575,818200
4,250900
19,629500
85,770300
19,626900
94,973800
19,635500
19,624600
19,642800
51,1434000
9,413100
19,701400
2,197700
19,626500
1022,1320800
19,623200
19,649900
19,629500
764,949300
19,627800
3,226600
12,449600
19,637900
2,197700
19,645400
12,454800
26,790800
8,352300
1,175900
19,625000
19,610200
20,646100
16,543600
263,616400
19,618700
19,616700
19,650600
19,637700
19,694900
4,254300
19,637300
19,652400
19,624300
63,195000
19,614000
1,166700
19,633600
19,628200
19,624500
2,194800
19,630900
7,313900
19,636200
19,625800
12,449300
1,162600
19,633300
1,163900
19,629400
3,214400
19,619300
19,613200
17,580000
3,213800
19,619800
3,220100
4,276400
131,379100
67,307400
58,1730400
19,702500
19,638300
5,281300
19,642200
19,614700
57,1559200
19,621300
5,265800
19,630400
2,195000
19,609600
59,1665600
202,629200
19,644200
8,358900
6,285600
19,610000
14,488500
67,297200
7,326700
19,669900
19,625800
9,370400
19,615500
19,611300
19,662800
2,216200
13,498900
157,1021500
19,632500
19,625900
2371,1637200
19,614700
300,1571900
19,613900
11,413500
19,623600
7,378100
6,304000
112,1442200
19,624100
878,796100
19,616700
1,167300
109,1331100
10,409300
64,229800
19,632500
178,1540300
19,616500
19,647000
19,634400
19,630700
1114,2061900
19,622500
2,196900
7,312200
6,288600
19,627400
11,419400
19,625500
54,1490800
13,517900
1,162800
19,624500
6,296800
5,282300
4,236800
19,612400
8,341300
32,934100
42,1193300
263,749400
19,615600
1,169500
6,290000
20,652100
19,626000
2,190400
19,742300
19,634500
140,595000
4,247400
19,615600
829,1056100
19,638400
19,617500
19,619000
4,245400
5,269500
3,239000
19,632600
19,615400
19,634500
10,394500
241,1569800
19,624900
19,632800
19,625300
2,194900
4702,3361200
19,633100
191,353800
525,1074100
8,340800
19,624700
13,460600
73,440900
19,630500
39,1116600
19,616000
62,163100
22,695400
28,850800
5,391000
19,649000
257,485000
19,618300
19,620700
11,425900
1,215000
19,656000
19,615800
19,642400
49,1387800
18,591800
18,590800
18,595800
2,197700
18,615700
5,272300
18,586700
18,593600
24,737800
18,620800
18,597200
18,589800
18,581800
1,162600
2,185600
18,590800
18,598600
3,216600
18,584800
3,218700
18,607800
18,588000
5,261200
26,786200
18,748300
18,616900
42,1209900
7,311500
18,595100
4,246500
18,602900
6,291200
18,597600
8,347800
18,765800
54,1490400
18,622100
18,589100
2813,1826400
18,584700
4,238100
18,596800
24,734900
18,739600
3,214000
43,1237600
18,649800
18,597400
10,407800
18,603800
11,434700
18,624900
40,1131900
17,571500
20,651700
8,341500
4,245900
18,595000
136,507300
18,652200
18,601500
18,592100
18,594900
6,289700
18,596700
192,370800
7,316900
18,583700
18,595100
18,591800
774,1205500
18,604400
18,729500
19,645000
6,302800
18,608200
18,599900
18,609100
117,1545000
18,593400
18,594100
2,192800
39,1099100
18,610600
531,1244500
18,608500
1,171700
18,591300
2,191500
18,594400
4,240400
18,602400
18,616500
18,603500
7,311300
18,588400
18,594100
18,597200
18,589100
5355,3193000
18,717100
18,598300
3,226600
106,1273700
18,588400
2868,1687900
10,408400
1,172400
18,597800
18,602700
17,599300
5,288500
2,217700
18,587100
18,596400
18,598100
18,587100
18,587500
18,598800
8,347300
18,593700
1,191000
74,601900
8,356700
1,177200
18,621400
18,606100
18,623400
18,602600
18,592800
137,537600
18,606400
18,592400
2,195000
18,598400
16,535000
114,1488200
18,713400
18,608600
4,245400
4,250100
2,187700
2,188800
65,239500
18,586900
44,1227100
18,597000
18,587400
1,159800
5,277500
18,593800
26,830100
18,612300
18,606000
18,604700
91,911500
18,594500
6,318200
18,783400
18,592200
26,786600
18,603500
25,764700
7,316400
18,590500
18,596300
18,593500
4,243300
18,590900
6313,3996900
20,630800
11,415100
18,609800
18,595400
1,166000
18,595600
6,287700
18,616200
18,652300
4,243000
18,587100
18,603700
18,597600
74,474600
18,594600
127,278900
6,287500
2,195600
1536,1952300
18,914100
32,1342300
18,647900
16,552000
1,171800
18,612100
18,591600
4,250100
90,889400
18,591600
18,848200
8,337900
7,322900
18,620400
24,759200
18,598000
18,606100
36,1026800
12,440900
124,196700
18,599000
18,596700
37,1053300
18,590100
18,787400
14,489700
18,588700
18,823200
18,610800
1221,1784000
12,435500
197,500700
8,342300
18,599600
6,312500
18,612600
8,375400
18,597700
9,369600
10,385200
17,558500
17,580800
15,511000
2,197000
17,560600
8,344900
17,570900
16,531800
17,569800
17,568600
13,463500
17,567300
4,241200
54,1459900
574,777200
17,575300
205,699600
17,579200
17,572200
17,563500
48,1427300
17,576500
12,432100
17,566100
17,570900
17,566600
17,570100
826,987600
21,684700
17,574100
17,575800
17,601700
17,564400
17,588100
2,184300
17,558700
50,1373400
17,565000
3,221600
10,385100
302,1903500
17,588900
17,557800
17,559200
4,243900
3,246500
137,525600
17,580200
2,195000
11,406700
8,333500
7,317900
17,729600
9,373300
17,568600
17,571000
6,296400
17,575800
1,162600
1069,1060600
17,568700
17,557900
124,189600
17,561000
6,286700
17,562200
17,573700
55,1486900
17,574100
17,569500
6,294900
2,194900
17,558200
17,574200
2243,1366500
17,582100
10,383900
17,563600
173,1389200
17,568700
17,558500
6,303000
17,557100
126,238600
17,565200
12,543900
1,174200
2,190000
17,577200
85,759200
17,582000
17,567400
3,215900
544,1523300
17,566500
4,246100
3,220700
17,571600
2,189600
17,559600
2,186400
17,585300
17,585700
3,420900
17,584500
17,576300
2,195900
477,1394700
17,574800
8,336800
17,556700
2,194200
17,567100
4,236900
17,564800
17,555000
459,949500
17,565100
5,273600
17,573200
29,1076500
17,572200
3,213600
17,570700
17,556600
1,170800
17,558900
17,572000
17,599700
17,570500
17,565900
1,195500
164,1649200
17,656100
7,372700
17,598900
2,198600
17,582400
1,172200
17,561900
2,193700
17,558500
2,197000
67,293900
17,569200
17,560100
4,242900
17,569700
17,563800
17,570100
150,853200
47,1311300
9,359500
17,570000
440,727400
17,628000
17,569100
2003,1403300
11,429100
17,603400
111,1533000
458,945900
17,577700
17,587000
58,2086300
4,278400
17,568100
17,573300
17,585100
17,571600
859,1810000
17,586400
17,566300
17,596100
13,461900
17,559400
17,573800
17,561200
17,581800
8,407600
17,577000
9,580300
4,256200
9,413700
4,264900
71,401800
17,584400
17,779300
26,839300
17,607700
6,309800
11,433600
7,321100
17,583200
8,347200
28,854000
17,565100
13,462700
11,414800
17,583700
17,580300
985,1921600
7632,3730200
17,590700
16,680500
17,597500
17,597100
1,175700
88,863000
24,924800
17,702200
1,183600
2,189700
32,952700
17,576100
3,229200
5,272200
876,700400
17,573000
7,322400
2,190800
2,193100
4671,2877800
11,427600
17,600700
17,618400
14,507100
17,607500
17,623300
511,778300
17,601100
1,165100
17,569300
17,569500
8,348900
17,589800
109,1360200
17,622200
7,311100
17,568600
17,597400
24,782500
17,582100
207,755900
160,1102800
17,579300
20,667400
17,577300
2,194300
17,580000
9,544700
17,635600
5598,3148000
7,315300
17,573400
6,401400
16,562000
2,192600
10,403100
16,558000
16,554800
16,543000
60,1636400
302,1574200
16,546000
16,541800
12,458400
23,716600
16,534400
1,169500
4,243100
16,553300
85,800700
35,1001700
16,650400
1,172300
4,243400
16,528800
16,531700
6635,2964800
9,371300
16,543400
3,213500
16,539600
6,288200
16,532000
14,494800
168,1298100
16,543600
12,449200
16,538300
25,771300
16,547800
16,531400
16,537300
10,508200
6,303400
99,1131500
16,556800
4,247400
16,664100
16,552900
295,1404100
14,496700
10,397100
201,589800
16,538300
7,316900
16,537300
16,544200
4,272000
16,538200
16,650400
58,1567000
11,418500
2,194000
4,237800
4,431800
11,465300
11,422300
4,243400
2,185700
16,644000
445,696500
16,598700
16,554700
239,1543700
16,533400
16,542800
16,543500
19,617000
6,297700
42,1182700
16,537800
1,165200
9,367100
16,660000
629,631100
16,531400
9,375500
16,547800
2,194600
10,394800
6,284700
16,544000
16,542400
4,241300
11,410100
16,540700
11,423000
16,528500
14,483400
16,530600
16,685200
221,1100400
16,667200
3,226300
16,560000
26,810900
16,541900
3,220900
14,494900
2,216000
12,443300
73,446800
130,339500
16,549100
16,538300
2,189500
5,267600
3,216000
16,527000
16,536500
572,740200
16,538700
16,531600
16,537900
16,551300
16,535800
4,235900
213,904700
16,537600
4,235500
11,413200
5,257700
16,536100
16,543300
12,441100
16,533100
11,419800
556,2157700
16,534200
10,383300
16,528100
1,170900
16,530000
16,527900
16,538100
5,256900
1,165500
16,541200
965,1377300
7,322800
16,543500
6,296500
13,466500
1,157200
16,542600
16,539000
1,168400
186,222000
4,247000
16,545300
5,269000
16,546500
16,545100
5,267000
16,552000
8,344400
2,188000
16,528700
16,541400
16,569300
16,546800
7,318900
16,666100
4,239200
23,778500
16,539400
16,556500
32,916800
16,526600
88,822200
16,542200
4,241700
20,651900
16,533600
6,286000
16,533400
11,418300
16,553300
7787,4347000
16,538900
16,540900
16,539300
16,530100
16,537100
16,584000
2,198100
3,216500
16,548500
420,1498100
25,769600
15,527900
107,1275300
16,539800
16,534900
16,544400
16,535100
16,551000
16,545200
16,537700
4,329900
4,242600
16,538000
2,187500
2,188200
2365,1405300
15,524500
14,494300
5,273900
16,617000
348,1240500
16,553700
4,241600
16,532900
8,345500
4,286300
16,541000
16,550300
16,535500
16,561200
1,175300
16,539800
16,532700
16,531300
16,551700
16,537900
16,541600
3,210400
4,243100
16,645600
16,539400
145,732900
5,264900
2,198700
16,534800
8,362000
16,541800
16,550200
276,956600
16,530800
1240,747800
16,535000
16,535200
7,310400
16,542100
16,536700
1,168000
16,527800
2792,1327300
16,537700
7,311100
2778,2462000
16,529300
16,536400
9,357200
16,547700
672,1707500
11,433600
4,243600
16,552200
88,831600
16,527500
16,563600
16,530900
16,538000
7,309000
2,214200
9,370500
8,338000
16,543400
16,532200
16,539000
3,210200
21,677800
16,549100
16,541000
4324,3072300
16,528500
2,184800
16,533700
146,757200
16,547100
16,541500
16,717400
16,562700
16,539600
3,220000
16,572600
12,436100
6,290400
317,511000
16,540200
21,680600
11,546200
16,550500
16,577700
35,1034100
16,557700
1,180300
38,1097600
9,372800
166,1523300
15,506000
15,517400
2,188700
15,514700
15,513500
5,270700
13,461000
21,670400
15,540700
19,676400
15,523300
1,176600
144,822200
15,523500
15,574500
15,519000
15,533900
15,538700
15,517700
15,517200
4,244000
15,518400
634,739100
15,500700
12,443500
11,418700
15,517600
124,200700
15,523200
41,1170400
132,391900
5,274800
15,521700
9,418200
8,350600
80,620200
1861,967000
15,513800
15,518400
15,539200
15,523200
349,1408700
12,464800
12,437500
15,505000
15,519800
15,520100
15,504200
7379,3217700
7,324400
219,1038800
15,521600
15,514800
10,389100
15,517100
15,503500
133,415800
5,267300
15,505600
6,299200
2443,1862300
15,531600
15,526700
2,194000
6,286900
15,524500
5,269800
15,516800
81,650200
15,517800
11,416300
15,509400
274,882500
15,526400
15,517700
2,196200
15,505700
15,514600
3,215000
4,237000
15,509200
15,516600
12,455400
15,519200
3,215200
6,287500
2,186200
15,504400
31,922700
15,519700
25,765900
15,573200
2,192000
15,530200
12,440300
15,522800
15,529400
15,508300
15,527000
15,523900
15,525300
15,525800
15,519100
22,698000
15,520200
2,190700
10,403200
8,350900
15,530500
16,547600
15,572600
11,452200
15,527900
7,326000
6,300800
51,1414200
15,523100
15,515800
13,505600
2,193800
15,508000
86,783800
15,545700
15,523000
15,518200
15,528500
1,162900
9,363900
3,213200
15,517000
10,400000
11,413300
15,519000
8,345400
55,1516900
15,517200
4,245200
15,523200
15,505000
26,791100
7,309700
15,516100
15,510200
1,161100
230,1296000
15,517500
15,513100
38,1120300
15,513600
15,505000
15,519600
15,550400
15,583600
15,516200
8,353600
15,534000
20,677700
15,547800
73,469900
55,1573400
15,733100
1073,1103100
15,546200
5,282900
37,1062400
15,525000
15,508900
15,526400
15,525200
15,535800
2,192700
15,520900
2,189400
923,1959500
15,514300
15,553500
2,235200
155,995800
15,516300
10,395200
3,222300
15,517800
15,676600
50,1405600
15,505000
12,449600
5,271000
15,525000
3,223800
15,514900
15,624600
3,222000
91,896300
15,518600
9,367100
15,508700
15,511800
15,525500
15,538000
8,345100
2,186400
8,339100
2,187400
15,515500
3,220600
2657,3028600
15,535300
8,347800
15,519500
7,308200
139,31394600
15,514200
63,198500
9,364100
15,505400
20,619800
15,497700
15,514200
15,500600
29,844400
15,537500
15,511600
15,510700
15,599600
15,510200
15,499500
60,1591300
15,505200
2,186700
15,505000
15,514400
15,508600
123,1640700
14,519200
8,347400
15,517400
4,236500
15,513000
14,476500
15,500000
15,501300
1,167500
15,499200
15,632400
15,509800
173,1389300
518,895600
15,515200
15,501800
618,1840500
12,435000
15,509500
11,410300
15,509600
36,1012800
15,522500
15,514000
15,505600
12,449200
15,543300
54,1537900
8,349800
3,230000
15,505100
13,455100
15,515400
7,316900
4,244400
15,510400
15,506700
15,620900
17,563800
9,376300
12,445900
1,166900
15,513500
15,704800
25,803700
15,530500
23,712700
15,514700
15,516200
15,499000
15,512100
6,290900
15,516600
15,502100
171,1464800
15,693800
15,531100
5,273200
15,528800
15,526800
15,523000
15,526200
15,541100
15,515300
7,313400
3,210000
15,535900
8,341000
9,368800
1,164200
15,514700
9,359400
2,196000
15,514300
15,515000
1,167800
5,261800
15,593800
15,525600
15,526200
5,268500
1649,1755600
9,373000
7,320400
2,199200
50,1606400
15,564000
3,231500
211,883800
15,540200
15,542700
54,1531300
9,398500
10,413600
15,647100
14,520400
3,226700
14,506900
9,379800
35,1085400
12,455300
10,415800
7,328700
1674,967200
1321,1271900
14,534600
14,526800
14,532000
14,541500
6,330800
1,168800
14,520200
14,569300
14,547900
14,521500
14,522100
14,524100
9,396800
14,515700
14,509500
5,338900
14,525200
13,489500
14,634200
2,197300
14,528900
1,167100
183,1678400
9,379800
11,428500
5,274900
3,227300
14,662300
263,667200
11,436300
14,518900
14,553600
46,1382400
14,547600
3,232900
14,511600
23,792000
14,530800
119,1675700
7,348600
2,212300
14,524700
14,518700
18,642900
14,509700
2,205500
14,509200
78,607100
8,366800
14,522700
9,388200
8,360800
11,430200
14,486200
4,241600
14,492400
2277,2203800
6,304300
21,714400
14,502600
14,541600
1,165900
76,539400
14,500900
14,529100
2,215400
9,384900
14,503900
9,378900
136,540700
14,503200
69,571500
8,338000
56,1509600
14,506500
221,1219400
9,373800
14,486200
27,817600
14,494900
2,188900
2,191800
2416,2554200
14,483900
14,490400
1,165200
14,487400
14,491600
14,507800
14,503300
4,242300
14,488400
17,599200
14,510900
14,501300
67,296800
8,350800
14,500400
14,490400
14,480300
14,487500
92,1112000
5,266200
14,491300
8,346900
6,307800
16,565600
14,486700
14,479800
14,487000
14,484300
14,500700
4,240600
14,494000
14,481200
291,1295300
12,441100
12,436700
14,489000
10,387100
14,497100
14,484200
14,627800
325,698800
39,1110200
14,493200
26,794800
14,491900
14,484500
5,268400
13,469700
14,481600
14,491600
10,392000
14,495200
6,286100
14,498500
22,714500
14,486500
36,1016900
21,665400
14,487700
4,235800
70,367200
14,488600
4,234500
111,1379300
14,490500
14,491800
3,220900
14,493200
10,412600
1,186100
14,505900
14,488400
45,1274700
14,505800
14,484800
314,373000
23,704700
7,316000
14,482900
13,476900
14,480700
11,405500
14,495000
14,497100
87,787300
14,497700
440,471000
11,411400
14,480000
6,304400
14,485100
14,485300
14,481900
14,480200
8,344700
14,482400
14,511000
1,163200
2,184100
14,492900
14,489400
14,488200
2,200600
86,813100
17,573500
14,490400
59,1587300
225,1363800
14,491400
14,480800
9,502600
1,169100
14,513100
1,167900
2,185500
14,493300
11,419500
9,375500
14,544900
14,488700
14,481100
195,458700
12,436300
14,481000
7,312400
6,293100
14,493100
854,1678100
14,495000
14,548100
14,544600
909,1551300
14,504400
14,488300
3,221600
15,501900
14,479600
7,309500
2,194900
5,265900
14,494100
78,561300
6,293600
14,496500
7,317400
14,481100
2,188800
511,720200
14,492900
7,320100
14,490900
57,1550500
14,481800
16,538000
14,504400
14,487200
14,483300
14,483600
3068,2385900
14,529200
2,198500
14,500500
14,484000
703,948100
14,492600
14,498400
14,489700
9,371100
14,489400
215,944400
14,489500
18,593800
14,484700
1,169900
14,504300
14,510700
13,475200
3,225700
14,516300
28,883200
125,228000
14,492700
2,371600
4,246500
14,489200
14,481200
10,401600
14,509700
1443,1180500
14,495500
4,245600
52,1421200
2563,1701100
14,482700
14,486700
454,819400
342,1058200
7,307900
14,484300
14,483700
97,1061400
164,1260300
89,1031200
14,482800
14,493300
6,292100
1,171900
3,216600
22,684200
14,521200
2061,1468600
14,486200
14,497100
28,839800
14,492200
12,455800
44,1214000
115,1465100
14,484900
6,283200
26,783400
14,485400
123,1657200
14,487400
286,1177500
33,971600
14,486900
5,267200
35,1334300
14,535600
14,486700
14,488000
166,1244600
14,479300
12,440500
18,589400
228,1527300
14,493100
14,488800
4,244500
14,499100
2669,1404500
13,456100
14,483200
14,522000
8,343500
14,482200
2,184000
1036,1622900
14,484300
14,483700
14,487200
11,411600
14,475500
14,482600
2,194500
14,516200
3,212000
14,482400
14,492200
10,392200
14,490600
11,412700
14,486900
1,161900
1,157800
3,215500
14,491900
14,487100
14,487800
17,585900
2994,1918400
14,496400
3,242100
14,479800
14,480400
14,506500
14,486600
14,489700
2,194800
14,492700
14,494400
834,1158400
11,414900
2,205900
2,192100
115,1489200
14,496600
3,214800
15,512400
11,406200
2,188200
13,459800
4,243000
24,730500
13,475400
347,1201800
13,471100
4,245400
13,482700
1551,808900
4,275300
13,469500
13,463300
15,513700
13,455600
13,455600
5,262300
13,471400
10,392000
13,463900
2,195500
13,456900
26,802000
13,463000
30,1055600
11,421300
13,484000
2,208300
1241,692000
13,472000
12,455500
13,473600
13,483600
13,463400
8,339600
13,485700
13,457200
6,297000
86,764500
13,458000
10,385100
13,473900
3,221500
13,460500
2,200000
27,805300
13,471900
8,338800
13,462800
13,460300
4,235500
2,200400
331,781700
13,462100
18,602200
13,465900
4,239300
13,454700
13,457300
1,168500
13,473400
13,471200
4,249800
1,183700
2,194400
13,466800
13,465900
13,457600
13,457700
13,476500
13,468300
3,218300
5,256200
13,466100
2,186300
13,455500
13,468500
13,462300
2,215200
13,465300
13,467600
7,313400
33,964200
13,471900
13,672600
4,244100
13,455100
13,462000
44,1218800
4,241700
2,190500
8,341000
11,412700
13,454500
13,560700
13,459500
8,347000
13,485600
9,369500
13,799400
1,212500
10,422800
9,383600
13,581800
13,543800
2515,2357000
13,485700
13,567800
2,191700
3,212100
9,370400
85,757500
7,331000
13,465200
13,473800
13,472300
11,420300
13,466100
5,257900
21,667100
13,454800
13,472900
597,1319800
12,442100
13,466600
20,644900
11,413900
13,720600
13,663000
13,592100
11,450500
13,635000
1,196900
41,1204700
6,292200
13,471300
72,441500
92,914800
154,931600
25,775000
9,447000
98,1081100
13,475300
13,468200
1,163700
308,1705800
13,466200
13,471900
13,457800
13,465100
285,1157800
13,487600
13,476300
10,393300
24,791400
5,271700
41,1196300
13,467200
220,1060900
13,456400
13,471300
29,864800
13,465000
1,171900
8,333100
13,474500
13,461800
13,559700
13,468000
4,246700
13,461000
13,459700
13,462300
6,286000
35,1007400
13,457100
196,469500
15,713800
13,463000
13,465500
11,416000
13,585000
13,507500
37,1071100
733,1676100
13,467000
13,463700
13,466700
13,457500
13,471400
8,337400
54,1475600
33,974500
13,473200
13,466100
13,473000
2,185000
13,457600
13,457500
1,165300
8,345700
30,892900
13,457900
13,461500
5,266200
5,259900
3,217500
13,729900
5,264700
13,498600
13,589500
13,532800
13,471900
13,486400
13,475000
4,244500
13,472400
35,1012500
13,468500
13,455300
3,222900
45,1257100
13,457900
58,1565900
8,332900
13,462400
5,315700
1,170000
13,464000
13,468000
241,1607000
235,1422000
12,441000
2,189000
2,191000
13,459100
3,214400
88,853100
13,465200
13,467100
13,477900
9,365700
13,468000
13,473800
13,477300
13,467200
13,464700
13,453900
1126,848300
8,344400
13,462800
13,459100
6,286300
2,200400
13,469500
13,458900
4,281800
13,464800
2,188000
13,495300
13,456900
20,639800
13,465200
12,433100
1,165600
13,457200
3,251700
13,465900
13,462800
25,788200
13,459200
2,188300
5,281000
1,170500
1021,1653100
13,474800
13,483400
13,466500
13,464600
13,473500
1250,897600
13,457100
13,465700
13,459900
13,463300
2,196400
13,462500
14,498200
13,456700
13,455100
13,465800
13,464600
3,218300
13,454600
3319,2415500
12,444500
11,526100
2,204600
13,457700
13,496800
13,480000
13,478800
13,471900
13,452700
20,644800
13,462900
3,220100
12,433900
8,342500
12,446200
9,519200
12,542500
32,966600
11,411800
609,1626900
12,469300
12,444700
29,856700
9,377800
4,275900
12,439500
23,719300
12,441400
12,442000
1,159600
22,787400
12,469600
3,224600
17,621500
12,446200
5,269300
1,166200
12,447400
12,441300
15,509300
12,431100
4238,2389700
12,433900
7,323700
4,245100
136,533500
12,452300
12,434200
4,241500
12,552100
1,159100
12,441800
12,440200
1,157700
10,383600
12,502900
1223,1736100
12,441700
2,199500
8,332100
147,768200
12,486700
191,404300
7,339000
12,437700
12,442400
14,490400
12,440900
363,1571800
12,448000
3144,2464400
12,432600
8,341100
12,439200
12,438200
11,422400
10,468400
12,446700
468,1149100
12,438700
6,297000
12,436500
12,441000
12,434900
12,468400
6,301600
12,430500
12,430500
12,434100
12,506500
12,444900
12,444700
66,272900
12,453900
12,455800
2,199400
12,454900
3,211300
28,836200
11,425600
12,429300
2,192200
336,922700
12,460100
12,442800
12,439400
12,437600
12,441400
12,444200
12,435600
13,470100
12,456700
1,162700
12,530000
12,434800
4,236800
12,431700
4,244400
12,439700
1,189700
12,442400
54,1477000
12,438900
62,170100
5,314700
3464,3001300
12,440300
4,235500
2,194300
8,337100
12,439300
2,194800
12,431800
12,431500
83,695900
12,442000
1,168800
12,439900
12,430300
12,448500
4,244800
12,441300
1569,1325400
15,515400
7,322400
12,438600
5,278900
15,519100
12,449300
26,781700
8,337900
109,1331000
12,433900
132,433200
12,450000
12,441100
12,445100
12,530000
81,643600
8,341800
12,440900
12,438600
75,589200
12,441100
12,441000
12,433600
5,268200
5,259600
17,557900
12,435500
3,219200
282,1085000
12,437700
147,773900
168,1292100
938,713300
12,448600
11,412900
12,441300
1,163100
12,440300
12,449500
11,439000
1,166300
12,432500
12,486200
78,574200
12,447300
12,433100
19,630000
8,343900
3,225600
67,481800
70,412500
53,1462500
6,352800
1,172100
78,568300
12,442300
17,561700
12,431500
12,446400
5,272900
12,438000
104,1265600
12,443000
11,413600
12,442500
12,449600
12,442300
1,169400
12,438100
8,343500
42,1171800
320,515300
12,438200
1493,901200
12,440800
12,439400
12,432500
12,447600
4188,2839300
12,450300
9,383000
12,436500
12,432900
3,212000
12,436400
2,187800
74,478300
12,466400
12,445700
7,321500
12,439600
12,447300
35,1004900
5,268600
3022,2466600
12,440800
12,436400
12,441900
405,1271600
12,444900
59,1584700
11,417600
12,445700
185,1721000
18,601700
12,441200
5,268900
12,442100
221,1177800
12,432700
12,470900
12,445200
2,193700
12,513700
28,850600
12,446800
22,701200
12,451800
4,244200
6,286100
12,450900
18,586100
4,235200
12,437300
1,163800
12,443600
12,443900
12,431800
5,271300
12,438700
12,449400
12,428800
2450,1919000
12,441400
12,536600
343,1272200
12,441800
12,448200
12,450300
2,186900
192,376500
12,444600
3546,1846900
6,296200
61,1648100
12,429700
12,435400
1,175100
4,258500
265,665400
12,441700
10,398000
15,537400
12,436100
12,439100
176,1473900
12,433200
10,394700
841,1379100
12,482000
12,482100
12,455600
23,742200
12,442300
329,772000
118,1571200
12,443300
12,444800
12,438600
12,435700
537,1363400
12,449300
10,403700
12,650700
12,493400
4,347400
837,1436600
60,1663100
14,483600
9,360500
8,943900
4938,3351700
12,455600
12,492300
11,461700
12,441400
12,444300
12,450200
9,368900
19,639100
12,462800
4,245200
12,440900
12,441700
486,1672500
12,455600
12,468800
35,1018600
12,442600
7,311700
12,434900
12,436600
6,351700
6,285100
12,446600
12,440500
4,242400
12,443700
23,723300
12,452600
30,909400
5,273600
12,461600
12,479800
12,465100
12,441900
496,351400
12,440100
3343,3080400
12,446400
12,450400
46,1322700
243,1781300
12,433200
12,451700
4,245400
7,322700
63,192600
12,434800
12,444900
38,1087800
7,320400
12,435700
17,575100
12,439000
12,449000
11,421700
1,170900
655,1291400
11,428700
5,326200
14,488600
11,415600
6,309000
5,268400
2,187100
11,419800
11,418900
2,198200
25,787800
11,425400
11,450900
11,426000
461,1048800
11,426000
3,222300
11,420100
11,461000
11,416900
5,278000
11,418600
2,194000
11,485600
11,526500
11,432400
11,425600
9,381100
15,513700
11,418500
101,1147200
11,417000
11,433600
11,428800
11,421200
11,420200
11,423500
1,166300
10,396100
9,363700
11,420400
66,276800
11,422500
11,508700
2,197900
3,222300
11,413900
11,422900
123,1738500
5,278400
11,436500
3,229600
11,429400
11,424100
21,687200
11,425200
11,424200
11,415100
11,418400
11,438100
11,417800
5,297100
55,1522800
11,425300
13,584600
11,475300
11,436600
15,732800
11,429000
1,173700
11,433800
631,681300
11,412000
11,429400
13,473700
11,408300
2,186800
531,1235500
7,353600
11,433900
11,444600
11,453800
4,321200
1,173300
11,434000
11,430800
11,429800
11,523300
11,425500
11,417900
5,262700
11,414000
2,209500
152,909400
11,427000
187,254300
11,420500
11,413300
25,944700
11,417800
11,425800
4,286700
211,871900
11,447000
11,425800
11,419600
11,414300
30,922500
11,417800
11,418400
11,410900
11,415200
11,580900
11,622500
11,445700
11,460500
6130,4293500
23,732300
11,428000
11,431100
10,403100
1,159600
2,227400
81,642800
253,380400
9,369800
11,411900
4,242200
11,420200
38,1099300
11,422200
11,415300
4,244900
9,378000
11,412400
1,161700
11,417000
11,481000
4,250900
10,398400
9,376500
11,419000
11,424500
2,197300
11,426200
50,1371800
11,431300
11,424000
2,199200
11,426800
29,924100
11,431800
11,417300
17,564400
11,417000
30,878700
11,406300
34,980300
11,418800
2774,2421000
226,1274300
12,462100
11,428700
388,719100
11,410600
11,416300
11,421400
7,330200
11,456100
11,409800
174,1747100
11,428700
1831,1963200
11,425600
11,422100
126,249700
11,419400
11,421400
11,423800
117,1564700
11,420200
11,420500
138,556600
11,428300
4,254600
15,525500
11,435200
4,260400
11,421100
15,776000
11,446500
11,434300
11,528200
11,436200
11,430400
11,434800
147,801700
9,380700
11,427800
8,349600
11,433400
107,1317500
844,1741100
11,435900
11,425500
4,251100
28,850900
11,419300
11,428000
11,427200
11,422900
7,330000
11,421800
11,422100
11,426300
3,224300
11,424000
12,673400
9,392500
58,1715900
11,419000
2,190900
11,424300
10,393600
11,411900
11,415000
59,1629000
11,421800
11,419200
11,429200
3,223700
46,1303200
525,1302500
11,417200
123,1684200
11,595100
9,393200
4,247200
105,1330800
11,542000
11,672900
11,492400
11,488900
11,441400
11,436500
26,830100
33,973300
9,377000
12,452100
11,422500
11,411900
11,421900
3,215300
11,431000
1229,1963900
21,689100
9,379300
4,237900
13,463500
11,431200
43,1369100
6,298000
565,570500
11,435300
11,422800
84,749800
11,430400
11,418900
5,383600
11,428400
11,436100
11,428100
11,424500
11,420000
11,435200
11,420500
11,413500
11,414200
6,297700
11,427000
11,422900
11,408900
97,1033400
11,418700
8,342000
6,290000
11,407700
11,419400
11,427100
2,190400
5,285900
14,496300
11,422100
10,439100
11,414500
11,410100
11,419600
2,195900
11,425600
2,188400
11,503500
11,420600
11,419600
11,438600
11,426100
4,240700
11,420900
11,421100
11,429400
11,424300
11,412100
2,189500
11,428500
5,276700
11,426600
15,510800
9,369500
6,292500
11,443900
11,431300
11,412700
11,407900
10,391400
125,224700
11,421700
11,508000
8,340300
11,422200
11,425800
11,412600
11,417000
10,416800
5,279600
11,428500
2,188500
11,418500
11,422900
11,411100
10,392200
1,181300
10,397000
9,361100
10,393200
94,1017700
6,294800
57,1771400
13,469500
6,300100
10,399300
27,833600
13,467100
10,385700
10,394500
11,424800
10,386300
10,424900
10,397500
10,382000
5,277600
10,385800
10,382300
10,387900
1,166800
10,384500
10,435400
10,387800
10,400000
2,198000
10,383300
10,392000
4,252500
49,1383000
10,391500
6,288900
10,389300
11,418400
10,384200
2,210200
3,246300
41,1170700
42,1208000
10,393800
5533,2875500
6,297600
10,392800
454,826600
10,395100
3,224300
10,397000
10,415000
1,171900
70,359300
10,385600
8,349700
36,1032900
10,473600
76,536500
32,939000
10,396600
10,398600
12,436100
10,389900
1756,1363300
598,1377300
10,506000
10,401700
8088,4254000
75,496000
115,1530100
9,368500
10,390700
1,167200
10,391500
10,396500
17,567600
10,391000
11,425000
10,389100
10,473000
10,405300
2,188700
6,303200
10,394300
8,346400
10,387600
10,387100
874,678900
12,483200
6,287000
10,391900
10,388700
195,444700
9,360400
10,395500
1909,2131500
7,321200
561,458500
9,364700
2,193800
10,520800
2,194900
10,392800
7,323000
10,394500
10,391800
10,393300
518,912200
14,491800
5,266000
12,439000
10,395400
2,194000
31,911700
10,394700
10,387900
10,405300
10,405000
10,397600
10,386500
5,271000
13,508300
10,383300
10,385000
10,406400
10,398500
20,657000
10,386300
9,361000
10,392300
1,166400
10,398500
300,1531500
10,409200
10,387900
10,398600
6430,3939500
10,387900
10,381900
10,392400
10,451400
10,417600
36,1058600
10,393300
10,410000
74,475800
5,271700
10,395100
10,398800
1,171700
10,429900
10,486500
10,398900
10,402500
4,252300
13,466600
10,413900
10,390500
232,1582900
10,393100
8,347800
7,321700
10,388700
10,405400
10,407000
1,172600
2,195200
3,235400
10,393100
4,249100
10,405500
10,413300
1,167200
6,294700
10,393200
10,457600
10,395300
29,878700
302,1636400
10,396900
4,296900
2,204300
10,421000
10,461600
10,402500
15,528000
10,415300
3,224400
10,407600
69,350800
10,389700
16,539700
10,433300
17,689700
10,430800
7,318600
12,438100
10,415800
10,401600
10,397000
10,400300
57,1579800
4,236500
10,395800
10,402500
1,169800
10,393700
10,388100
36,1039200
10,394400
10,389000
10,393700
8,343300
10,395800
2098,2621600
10,411300
10,408600
3,227900
20,678300
2997,1974200
10,410400
17,602300
10,413100
56,1565600
10,396800
1,198200
2,224600
5,277600
3,226500
11,419900
10,388200
10,392900
10,411100
544,1639400
7,324600
10,397400
62,171300
10,394400
10,416200
10,405500
9,364300
490,1748200
36,1029100
10,437500
10,393700
1,159800
10,386400
25,769900
10,407400
10,394500
49,1351400
108,1316100
10,392600
1463,1652000
10,391200
10,393700
426,1615400
8,342800
10,390400
10,381400
4625,3090300
2812,1943600
10,397300
10,379900
10,386100
10,388300
5,261600
10,396200
2,193500
8,336200
10,381600
476,1360900
7,321800
10,392100
11,409800
10,398800
10,395800
58,1584800
10,396600
10,383900
270,796200
10,396400
1,163400
10,392900
2,223800
38,1093200
7,320600
69,347000
10,403600
1,166100
541,1616500
10,393800
10,394400
10,389300
1,169100
3,221300
10,416000
290,1288100
10,397500
10,394800
10,392500
10,383700
1,164500
10,385600
583,1052800
10,392000
10,391100
15,510200
10,390100
193,407000
7,324200
4,250500
10,396700
4,236800
10,396100
37,1073700
5,270500
10,437400
54,1491300
10,407700
10,395200
10,396000
109,1365700
10,398800
10,399000
42,1204700
22,720900
10,478900
3,221500
10,391700
10,393400
29,869900
10,393800
10,390900
2,195300
10,389600
10,394600
499,470900
4,245800
449,689600
10,397400
7,317200
10,400100
126,250500
10,403200
10,390900
2,203300
6,292300
2,195900
3,310300
10,629400
5,314100
108,1407500
10,407000
104,1211900
10,396100
2,192800
10,384900
4,241800
10,396400
255,432600
10,397700
10,404900
134,456300
10,399900
10,392100
10,384800
10,398100
573,743000
10,404900
10,406500
6,288500
10,389500
169,1308700
1552,831500
10,395600
102,1179200
10,400700
2,199400
10,505100
55,1723500
10,405100
10,408700
10,394600
10,390700
10,390600
201,608700
5,264000
10,386300
24,735800
10,408500
10,393400
7,336700
10,399800
10,398400
9,373300
4058,2519800
9,368300
8,345300
9,360400
6,298600
9,368600
3,211800
4,242300
9,369800
1,167400
9,365000
7643,4000200
9,376100
9,359100
9,393000
9,369300
9,375300
20,650600
9,365700
2,196900
9,364900
9,376000
9,372500
1,175800
9,371400
10,407900
9,378600
9,387300
9,370800
11,441700
9,365600
9,432000
9,372300
9,360100
944,870700
179,1546400
9,360100
9,402200
8,350800
9,440200
9,426100
4,248000
9,390500
1,181800
9,380600
9,374100
250,306600
9,439800
62,168000
9,391700
9,376500
4005,2816300
112,1472000
35,1048200
9,371200
9,381500
9,368000
53,1456100
9,370400
9,371400
27,831500
5,272300
9,397100
9,370900
547,1667200
3000,2066900
9,373600
38,1082400
5,270500
1,160500
9,370200
5,269200
9,365900
5,265400
3074,2270400
9,370600
15,531300
9,381100
7,335300
353,1464100
9,396400
9,390000
14,521600
9,385900
4,256000
9,399000
10,411700
9,382000
9,382200
18,650000
13,502400
9,387000
3,217300
9,367500
5,265200
9,380500
9,371800
9,369100
4451,3417600
9,387900
9,391400
3,224900
25,827900
9,466400
675,1837300
384,628500
9,382800
351,1357800
9,390000
9,383200
7,335300
2,203500
6,308600
9,468800
3,238600
9,405300
9,400100
152,955200
9,391900
6,299400
9,369800
4,267600
9,369000
9,374000
4,242400
2,193400
10246,4799800
106,1295100
9,365900
20,646300
9,358900
9,402100
5,274700
4,239000
9,371200
7,315800
9,365500
9,371100
9,361700
3,214800
9,359200
17,582800
7,318200
9,374200
9,362000
1,158800
9,373700
13,463000
7,322100
9,379900
9,360400
1,160000
9,365400
9,442600
9,386000
8,352500
9,367300
9,368500
13,462500
9,369700
9,372900
9,359100
116,1543900
5,259500
9,367600
1,170900
9,366200
9,358400
9,364300
64,248000
7,412000
5,320400
9,388300
9,395300
9,374200
1,168800
318,486200
9,377500
17,632000
9,387800
11,437700
9,386200
9,378000
9,375700
14,496900
9,383600
9,375500
1,170800
9,368000
5,263400
9,367700
9,439400
9,371000
9,395500
9,370000
9,366300
8,348200
96,1054500
7,391900
4,261400
9,383600
9,372800
9,387400
1,173000
766,1204900
7,328200
9,412400
80,621000
9,359700
9,369000
9,366900
6,295500
7,323600
9,371700
3,228500
9,379400
39,1156600
9,364700
9,369400
15,533300
9,369700
9,364800
22,692200
9,369100
21,671200
9,368700
9,360300
3,213600
14,497200
5,267500
9,364900
1,165300
3,210400
44,1251000
6,296200
9,370400
9,373200
890,1201600
9,425000
9,373700
2,210400
20,650900
9,362700
9,367900
9,387900
21,673400
9,368300
254,396800
27,901800
9,390500
9,378800
3,218000
6,297200
2,197900
232,1390800
9,358800
9,368400
5412,2870900
9,363000
3,223600
9,371600
9,375100
12,452600
9,366900
4,287400
9,371600
286,1222000
9,363100
9,360700
14,486000
9,373600
5,265800
9,360900
29,865800
9,377600
174,1478300
115,1826200
9,373800
5,278500
3,214400
5,268000
1591,1810300
14,490800
9,371800
9,359900
1,168200
9,442100
7,318600
9,368400
9,359000
6,289000
790,1610700
9,405600
9,372400
9,360500
1,158100
9,362200
4,240700
9,356200
10,392800
9,358500
9,360100
9,370000
5,261800
9,368500
173,1455300
11,414100
9,371400
4,247300
9,364700
9,366300
3,216800
9,374300
9,369100
9,367200
73,439800
11,408700
9,370200
9,369500
9,361700
2,195200
95,985600
9,374400
9,378800
9,362300
61,1660000
9,384800
4,236800
9,368600
9,371200
15,681100
9,373100
9,362300
80,627900
20,648400
6,284400
12,440800
9,367500
9,447800
9,395400
24,768300
9,373700
222,1318300
9,373500
9,366900
2,201100
9,370800
100,1159000
9,366900
9,369500
8,339200
9,440900
77,588000
372,305600
9,367700
2,194100
44,1618500
6,290900
9,357000
5,284300
9,374800
1979,2357900
9,376300
1,166200
7,320500
9,366000
9,367300
9,361600
8,358600
9,374400
74,462200
9,373300
9,387000
7,350000
9,371300
37,1068400
7,388900
9,384900
9,378700
1,176500
109,1343800
9,374300
9,368100
9,371600
9,384700
76,562100
68,316200
7600,4262800
495,1849400
9,368000
13,516200
9,374800
5,271100
9,364300
137,517200
9,373000
3,222400
9,365400
9,362100
9,363700
9,366500
9,366300
97,1056600
267,732500
9,372200
9,381300
31,954000
7,334100
34,1056900
9,380800
4,236000
9,383100
9,363400
9,362800
3820,2635200
9,366100
1,177200
9,370400
3,217600
9,422100
189,303600
9,366100
9,407400
9,374000
115,1525000
8,339400
8,342000
8,346400
8,343800
2,195100
8,349600
20,644200
8,342600
8,344400
3,212300
8,350000
41,1214900
8,347700
14,499500
8,338800
8,350700
8,337900
219,1051600
8,346800
8,339100
8,331800
8,336600
8,339500
8,344800
20,656300
8,348600
8,339900
8,358300
8,347400
8,416500
8,340900
6,305700
2,199600
8,353300
4,235900
8,341000
8,341700
8,342200
8,341700
8,346900
8,344600
8,341900
2,193800
8,333200
8,345100
71,476300
8,375300
8,342300
9522,5082200
8,340500
8,345200
8,333100
8,345300
8,334100
8,352700
1,159700
8,331900
15,515200
8,343000
8,351600
8,344800
8,361100
8,358700
8,343700
222,1110500
1622,1039900
8,341900
8,348600
145,763600
8,347400
8,336800
8,341000
8,336700
8,334500
181,1615400
8,500300
8,347100
73,442500
8,340900
8,336900
8,335500
8,345400
2,185700
7,308800
3,259600
4,255100
8,336900
11,412800
8,338100
8,333200
8,344800
8,433400
5,259000
84,720500
8,334400
12,451000
8,758000
2,226800
8,417700
1,207600
205,30987000
4371,2930300
8,346600
8,336100
13,459700
4,235100
8,331500
67,306400
21,664700
8,337100
8,341000
8,335500
1,173000
8,340200
8,337300
189,290200
14,481400
8,340000
8,343500
14,496400
8,343600
6,366400
8,346500
4,249800
1,166000
8,340900
8,355800
5,262200
6,285300
488,1688300
8,335600
2,191400
8,350500
8,339400
8,347500
8,344600
8,333100
3,231900
63,204800
8,339900
8,338600
8,335900
8,335200
8,337900
8,354600
8,346500
8,341300
4,245000
8,342900
1251,930700
8,340800
18,596300
8,337100
8,341200
3,215300
32,1127200
3562,2271600
8,353600
1102,1770200
8,351200
8,339600
7,347700
4,245300
8,342300
26,877400
8,373300
3,257600
8,352200
19,628800
8,337500
5,270400
1502,1358700
8,347600
230,1307500
8,344900
8,346600
1,162700
4,240000
1,158300
107,1278400
10,397400
8,333500
8,344500
148,811000
8,338900
8,337200
8,352900
22,706000
8,339700
72,426600
8,347200
12,437500
4,315300
1205,1565200
8,361600
11,419600
8,338500
8,339600
1,163700
8,338700
8,342600
8,350700
7,320900
8,341300
367,1685300
8,355000
2,199900
3,215600
8,349200
1,163000
8,349400
8,346000
8,344100
2,194800
42,1185700
56,1547100
239,1522400
8,335300
8,345800
2,197400
16,667200
199,554000
20,664600
9,400700
8,341200
8,342900
8,336400
226,1214900
10,389500
5,263100
8,331400
29,871600
8,339300
8,336400
8,338800
3,222000
8,336900
1,160700
4,233200
8,343400
8,345700
8,341100
8,355200
8,346200
4,237700
36,1026400
8,348400
8,344200
121,1624100
8,333500
1,170900
77,548800
8,551200
8,348400
1,166800
8,377100
8,341800
2,193300
8,359400
1,164700
8,353400
2,192600
40,1234300
8,356200
8,364400
3,219700
8,346600
8,342100
8,336100
8,353000
8,341900
4,247400
8,332600
597,1349800
24,751400
8,338900
8,351000
8,352000
20,643800
8,332900
8,334900
8,334900
238,1810600
8,356000
45,1246400
8,337800
6,304700
3570,2577900
8,342600
59,1622900
8,407000
23,721000
8,345800
8,333000
3788,2004800
8,346700
3,222900
40,1132100
8,337700
8,352500
2,196800
84,721100
4,245700
8,339900
17,568300
8,336400
8,343700
2,184500
812,623800
8,344100
8,338700
8,334900
5,271000
8,392300
6872,4382500
5,262400
8,342000
8,342400
8,347300
39,1097200
8,344300
8,343100
8,414300
8,337700
7,317600
3,212500
10,391400
6,288500
8,415200
8,347600
330,776000
5,271500
4,248300
512,750600
8,345700
8,334100
8,341800
220,1078700
34,1032000
8,357500
8,346700
8,344400
100,1121600
8,345300
1,199700
6,315200
8,350500
206,761100
29,873600
8,341500
119,1581500
5,267600
63,187200
8,358900
8,416700
8,346100
8,343400
3123,2020200
8,344800
66,271600
6,300400
8,351100
3,225300
766,1060500
5,270500
8,384500
6,289000
8,346000
8,379100
1,167600
9,369400
8,341900
8,334000
8,334900
1950,1605600
8,338000
135,473400
8,336800
8,349800
9,371300
8,365200
6,296800
8,335500
5,263700
8,344600
8,336600
8,424500
4,280400
8,347500
8,408200
8,345000
8,347200
1640,1505800
8,343800
8,334500
57,1540500
8,349500
3,277700
8,343600
5,265900
5,311100
8,344300
8,348100
8,442000
8,473400
477,1917300
8,470200
8,464500
106,1813200
8,472600
8,479400
8,547000
5,347500
8,441700
8,443900
47,1444700
8,344000
74,475300
24,753100
8,337000
1,160400
2,189800
1870,1156900
17,567500
8,346200
8,342300
8,349200
2,204300
29,872400
8,636200
154,972000
8,344900
8,336300
8,343300
8,344100
8,340100
855,1703500
8,334700
110,1369400
75,516500
8,340100
1,168300
8,336400
8,338600
8,343800
8,352100
2,186600
762,947700
8,332400
1,173200
8,349600
8,342400
218,1136200
8,371700
64,229100
135,473600
14,501000
8,353800
8,375400
8,360200
107,1299100
6,290000
2,189700
22,701700
8,345800
8,352900
4,249400
1,170200
439,447300
623,470900
8,335400
424,1582500
8,345800
8,342500
24,745000
7,326500
3,225000
8,349800
8,346200
46,1269000
8,337800
11,424200
6,318400
4357,2322900
8,342100
8,341700
68,326900
7,311800
4,270100
8,344000
8,352500
8,341100
8,354300
147,790300
30,896400
8,414300
8,343100
8,332300
8,341700
8,339300
8,334200
6,302000
2285,2444800
8,345700
8,343700
8,349400
6,300500
8,336700
8,336900
3,221000
8,337200
8,373400
7,325800
173,1413500
10,394300
8,355600
50,1383600
10,397500
7,320900
7,390700
7,371800
1,166900
825,963000
6,288600
6,288300
7,313300
7,371800
75,492900
6,290400
7,319900
1,167500
7,319900
7,311800
11,413300
7,323400
11,414800
7,316500
93,938500
7,320300
7,321100
150,839300
7,310300
7,339800
89,893500
7,314900
29,866600
7,315800
7,308600
13,472400
116,1500800
387,702200
6,301000
7,324600
58,1594200
7,325700
9,446300
7,318300
7,316000
15,511200
7,315800
7,320500
7,311600
7,314000
7,314800
7,308400
7,313100
7,320000
6,296600
1,158600
162,1145700
7,312400
2,183900
7,311200
7,321000
1,178700
7,315900
7,331700
21,665000
3281,3194500
7,325900
3,213800
7,317800
7,312500
1,170900
1,164900
2,191900
270,792600
26,814200
7,313400
7,321500
8,347900
92,917300
5,274500
7,323400
3,219300
2454,2158200
9,371200
7,319900
7,321900
10,442800
7,321500
7,349500
7,311300
1,159200
7,312700
4,245800
1,167600
7,317700
7,320600
7,319200
7,324600
37,1059100
7,322200
7,371700
7,311400
7,311100
103,1190800
7,400500
7,358700
7,332700
7,338700
6,298600
7,325000
16,548400
7,408500
143,736300
7,464400
2,209900
1062,796200
7,366800
1,175000
1178,627700
2560,1706900
7,348500
5,271600
18,605500
7,344400
2,195800
145,713400
854,1651600
53,1578800
7,325700
2,190100
17,572200
7,329200
12,442600
7,317600
7,403900
7,325000
283,1120700
7,312600
7,314000
2,187400
7,311600
83,695700
7,312400
7,315800
2,189000
2,197900
200,586700
9,372100
7,309300
7,318800
3,218800
7,317400
7,387100
7,322800
7,318900
7,317500
31,926400
7,317400
255,422500
5,262500
7,321400
44,1237200
7,320100
6,292200
9,357100
7,324100
7,321600
7,313200
7,318300
19,622900
7,322000
19,686600
19,675400
7,321500
7,393400
7,326200
2,182500
7,317500
768,1055200
24,734500
7,315300
538,1460800
7,324500
3,222600
7,324400
1,163300
14,491100
7,318800
4,236600
7,312600
4,241600
7,318000
52,1423100
7,319400
135,463400
7,320100
2,194100
7,321600
7,327900
7,314800
7,318100
7,347000
7,328500
6945,3942600
35,1473900
7,420700
7,423400
4,321400
6,321400
7,323300
11,461600
4,248900
7,322400
351,1344100
4,254400
7,326100
7,353800
7,328200
7,328500
34,1195800
50,1416200
7,323500
7,326000
7,317000
7,330100
7,329000
3,216600
7,322900
7,332100
7,354300
7,323500
7,334800
7,329500
861,2058200
7,329600
4,297200
7,337600
36,1062900
7,326000
6,299100
2,200700
53,1722100
41,1248700
7,331800
7,332100
2,193900
7,328200
24,770600
4,244100
10,401500
7,326000
19,647800
9,380800
7,320700
5,290700
7,334700
7,331900
7,332100
31,1016700
6,547800
7,354600
5,288300
11,453000
7,466100
7,404400
9,410600
23,848500
7,362300
7,319100
7,323300
7,335600
7,615800
164,1265100
7,342800
7,336200
1,173300
7,391200
4,253800
7,336600
7,346400
7,329700
9,381200
7,333400
21,705800
7,336400
31,944700
7,328000
18,623200
4,250700
7,323400
7,325400
1649,1789400
7,345600
7,334100
7,330800
4,259800
7,329100
5,281900
7,329500
7,318800
295,1479800
20,648200
7,319800
4646,3551000
7,359100
7,345200
7,337900
7,350300
7,333000
7,320800
7,394700
6,313900
263,691400
7,327900
33,989200
7,346500
128,307600
7,330300
5,291300
7,329400
11,493700
7,479300
38,1186400
7,450600
5,292600
7,331600
7,409500
7,395400
7,385100
3,284400
6,461000
169,1627000
7,333000
7,335900
7,336600
7,322900
7,319500
2,225200
39,1197600
7,322300
855,1913000
7,326600
7,322100
7,315400
7,331900
7,325200
7,322800
7,316600
7,326000
7,330600
4,280100
7,561000
8,476200
7,377700
7,335700
7,379900
328,878300
7,348900
4,261200
187,257000
7,462000
7,449400
1980,2885800
12,448800
7,329100
7,325800
8,351700
7,317300
7,332200
44,1255600
7,318600
1335,1574100
7,328900
508,843800
28,891500
7,322900
6,331600
2,217100
300,1566300
7,338000
7,329200
1,174500
7,321900
6462,3314400
435,362000
7,322300
606,1573000
4,251400
7,315900
7,324400
7,344200
4,240400
13,472300
4,265400
1927,1071300
226,1266300
7,331700
741,2067000
7,362400
7,325000
7,334200
7,324500
212,930200
4,249400
7,330200
36,1052100
7,337000
7,354700
7,392600
79,623800
7,337000
3,228300
7,327300
3,215800
7,374000
2,198100
34,990100
321,611000
7,311300
9,360600
7,344700
7,324700
7,318100
5,271200
7,321400
16,544500
7,345700
14,520000
7,316600
2,201200
380,528300
10,404000
7,321900
7,329000
7,335600
7,323100
5,278600
7,328200
9,386000
7,323700
7,320900
7,331100
7,330200
93,969000
7,329200
7,326900
7,334400
4,256100
7,352500
26,900300
7,347400
1,184100
7,324100
65,263300
1602,2143100
7,322400
7,325000
6,299000
4,244100
7,316800
7,324800
583,1040300
7,329800
1035,1654900
7,341800
99,1356300
1307,1390500
7,527800
375,626800
7,530900
10,625400
7,448000
7,422400
4,333800
5,391100
7,520500
7,475500
7,457200
9,547100
7,463500
2,273000
7,456900
7,460300
307,2455400
67,309800
7,327500
7,317700
6,291000
7,317800
7,335300
4,250400
7,349000
7,397300
3,227900
7,343900
7,429200
7,371700
6,312100
2,203800
7,327000
7,327100
6,313500
7,371700
7,337300
2,196300
3,221300
16,555000
7,360500
156,1030800
7,321000
7,329600
7,322100
7,325900
7,379000
7,389800
3,225300
104,1257500
7,332800
7,329700
4,243100
7,366400
51,1435100
5,284800
7,328000
7,334000
7,332100
22,716800
7,337100
7,326700
49,1612900
7,341900
152,986300
14,585600
7,319600
7,317900
7,326000
2,196700
7,391900
340,1049900
7,321400
1,164300
7,318300
2,186500
7,326600
4,246700
7,320700
873,632900
7,385900
6,306100
6,294600
63,196400
6,293500
2,198600
6,289400
6,308600
6,332500
6,321700
6,449000
1676,1064800
6,345700
2,197900
12,445600
6,285100
6,287300
6,286600
6,308400
2699,2180700
6,299300
6,293200
6,317400
6,296700
7,328300
6,297100
5,263000
6,288300
6,295100
6,310200
6,291700
4,243500
3,226400
6,294400
6,286700
13,465600
7,322400
6,286700
2,198600
6,294700
13,469300
6,294400
5,265300
6,283700
3,213600
4998,3447000
5,278400
3,221400
6,289800
557,1851600
6,321400
3,225300
100,1121900
7,328800
6,295000
1,161100
1,169800
5358,2962500
6,307700
37,1054500
109,1332400
1665,2174200
50,1403300
6,301400
6,305600
6,291100
6,284600
6,348900
6,293500
6,288200
24,750600
6,289900
6,345700
6,304100
6,324300
14,493600
6,291600
13,472300
6,299000
400,1260400
6,348100
2,189600
70,387000
28,857400
6,297700
43,1245600
6,304600
6,295800
479,1450900
6,297200
11,421800
6,288000
6,303000
3,220300
5,354500
1,185400
2,244800
2,197900
6,298000
6,300900
6,287900
6,341700
6,294800
2,202400
178,1597100
6,290400
3,216500
6,296500
116,1596900
6,305400
177,1518700
6,288700
6,299700
6,295200
6,303600
4,278700
6,288800
2041,2382800
6,296400
15,516300
6,290500
93,940800
6,290400
6,294200
10,435000
6,286500
6,287900
25,758600
6,301000
6,298800
6,288300
6,296700
6,298200
2,193900
6,296700
2,191800
5,274500
2,190300
38,1070200
6,294400
5367,3357400
6,286300
6,289300
6,295900
6,296900
20,657600
5,267700
6062,3758800
6,291300
6162,3338000
6,299200
54,1497000
22,689100
6,315900
6,307700
6,361500
1,165200
19,637400
6,305100
39,1226900
3834,3089100
6,302900
6,304400
18,609500
6,305900
87,846300
26,865500
6,304000
45,1308800
6,294100
187,246600
6,288400
6,301100
6,291500
4,236800
6,290700
1,156900
3,218500
6,294600
6,299500
6,296900
6,294600
490,1759800
6,295500
6,284300
1,167000
12,436000
6,298200
6,290100
6,294500
23,717900
6,291300
6,286300
6,303900
16,538700
6,293200
6,284400
6,286400
777,1280000
6,306000
6,300300
6,290700
4,255100
6,303700
6,295700
2,195300
6,291300
2,192300
6,287600
6,296800
6,298000
6,291600
6,286700
6,291200
18,595400
6,297100
6,296000
6,295900
14,488900
5,274800
6,293400
2,200400
6,290400
2,195500
26,795500
6,293500
6,330700
6,300600
6,346000
6,301700
32,956200
6,380900
6,303900
55,1554900
6,297700
12,454700
6,365900
5,282800
28,894500
6,301000
6,303100
1,183900
80,653600
6,294700
6,301000
2,195500
6,292900
23,722100
22,702700
6,289700
6,288000
1,160500
6,288300
6,299700
98,1064200
2395,2051900
6,294200
6,295700
6,367400
154,1151100
6,316600
6,309500
6,301300
6,293200
6,294800
3,214800
102,1177400
6,302700
6,297500
3,224600
2674,1499100
6,295200
6,289300
6,290400
6,294200
6,488900
1382,1334200
6,285100
6,304200
12,434500
6,290700
6,284700
7,312900
6,293700
13,471100
6,289400
6,287300
6,293100
6,297700
2,220200
57,1565400
20,799100
6,303300
8,349300
6,296300
6,297200
6,299700
6,308500
6,298500
6,292500
6,298800
2,192300
170,1366000
6,286800
1430,814700
6,302200
3,214300
21,663300
12,440400
11,417200
6,302200
6,283000
8,341200
6,287800
6,286900
7,320200
6,300000
6,288300
4,245000
6,295000
19,625000
6,294300
6,295400
6,294300
6,285500
338,971800
6,294300
1,167600
972,1603400
1335,1577400
6,306500
6,300600
6,293400
1,172500
17,571500
6,326800
6,303000
6,299500
44,1409000
6,294000
1,167300
4,248600
6,296100
2,188300
2,194500
3,215500
6,290600
6,296700
6,295800
6,298200
3,214700
32,931200
6,295400
6,303600
4,248700
6,288900
6,291900
1,162700
6,289600
6,289900
4,245800
6,298700
6,295400
41,1150200
16,541000
6,294500
6,293400
4,241100
6,389200
6,296300
6,311800
6,303100
4,243700
13,486200
6761,3089700
6,292300
6,287500
379,505100
6,283900
313,357300
6,287900
1,166900
7,320000
6,358100
6,297300
4,238100
6,292600
33,972100
6,287600
1,163900
697,813400
18,606900
6,301100
494,1808200
22,685800
6,310900
10,391500
6,287300
6,285600
6,307700
2625,1815800
6,296100
570,676700
6,290800
6,297200
6,294300
68,419600
870,559100
6,348000
6,295600
6,293700
6,291800
3,213600
6,295300
2,193500
6,281700
6,291300
22,828700
6,292800
6,289400
6,286600
8,341000
6,283000
21,668000
6,294100
8,334200
6,298900
6,289800
6,301000
6,292200
3,218900
6,286500
6,286900
3,220000
622,471000
6,288700
4612,2690700
6,314900
6,352200
6,304300
6,305300
1,165000
4,258800
6,301300
2,200200
6,309000
6,305300
6,303000
6,298100
6,308600
2,202300
6,305900
5,279100
6,293100
6,305700
3,241300
7319,3427200
6,300100
2,195600
4,259900
6,362700
47,1315400
14,611900
6,297300
50,1450500
4,273100
871,620600
6,331500
3,232400
6,315300
6,311000
6,296500
54,1565800
1112,2274400
6,299300
45,1263000
6,289500
3,216100
6,294800
6,304100
2,194000
6,291200
6,306000
6,292300
6,293400
6,292500
6,294100
6,294300
46,1418900
6,302800
6,311400
3111,1835800
52,1559000
6,300900
3037,2856300
6,295800
387,673100
6,295000
6,301000
20,654800
6,296900
6,296200
6,290500
6,292400
115,1487800
8,339700
6,296300
18,599900
5,264300
6,288000
6,292700
208,781100
6,299300
10,394800
6,293400
426,1662600
6,284700
5,296300
13,464900
6,301500
1,177400
6,357000
6,292200
98,1282400
29,861800
6,289900
270,926100
6,292500
115,1477100
6,296100
25,783700
6,297400
1,173600
537,1372000
6,289200
2336,2104100
6,292900
6,297600
2,190400
3,216800
6,287900
6,289400
6,291500
6,289400
4,248500
6,301800
2,189400
14,488000
6,293700
6,285800
6,300000
6,312000
6,320300
6,297400
6,298200
6,327400
498,420800
6,305400
6,297500
6,299500
3,231800
2056,1241100
6,297500
174,1473200
6,291700
24,790100
6,297600
9,383600
4,255500
6,305500
3,227200
36,1044800
155,1005700
943,864400
6,302000
897,1254600
6,303300
12,453500
6,290400
6,295500
6,299400
6,287800
6,287700
1,164100
78,628500
6,309800
6,303500
4,242600
6,305100
6,311400
6,305600
6,302100
284,1163900
6,302400
6,306500
6,291400
6,298100
6,300900
9,365500
6,303700
6,288900
86,773100
6,297200
6,299100
6,300200
3,223100
37,1317800
6,300200
8,347900
6,289400
6,295200
6,295400
6,289500
103,1258700
6,298000
6,298800
206,945900
6,296300
4,240400
7,357000
8,348500
6,290300
6,375100
6,365000
65,261700
6,301700
124,202000
15,527400
6,298400
2,199300
6,293600
6,296000
6,297000
2,196200
6,295700
392,802200
19,624800
6,294300
2,194000
6,293800
2,186300
2,185500
6,286100
6,286500
6,295100
1,168100
8,349600
6,301000
23,721800
6,306200
6,290900
6,297100
6,291400
6,296100
6,296600
6,289300
6,313900
26,802000
6,299200
4,244400
6,295500
9,361900
6,289900
10,399900
5,264700
58,1567200
6,437200
6,508200
6,399800
6,327600
6,391300
255,471900
19,658000
6,311000
6,313500
6,302000
6,297700
58,1699500
6,309600
5,291200
517,914500
6,527500
151,1187800
6,391800
6,313100
7,343900
6,372500
2,208700
6,309000
6,296900
336,951100
6,298400
6,289600
6,290700
2,186600
6,307300
9,379600
6,293000
6,300400
3,269700
6,312100
2,200200
3,227000
6,299700
5,273200
5,271700
24,767600
5,283600
4,252900
5,272000
719,1404300
5,279600
9,572400
5,262400
32,948100
5,262600
5,265600
5,263800
5,267700
5,270500
5,262000
5,283500
2,212700
104,1241800
5,282200
2,205800
5,282700
5,274900
5,273000
5,277800
5,276500
7,342500
5,286300
10,400200
5,275900
3,227100
5,280500
5,276400
444,615600
5,283900
5,275200
5,275800
5,273700
2,192800
5,269700
229,1304000
6,292700
5,282000
211,962700
5,331900
92,986300
5,278500
5,273300
515,835400
5,264200
1230,1960100
5,280800
108,1333000
5,277100
5,279100
5,269800
1,171200
5,276400
5,270300
4,251600
5,277900
55,1547800
6,298100
5,269700
2,204900
2,197100
5,339700
5,273900
282,1110600
4,258500
47,1332300
5,275500
2847,2924400
16,681200
5,292000
214,1023900
5,290200
390,791100
5,278200
9,394300
5,267100
5,264400
5,271000
5,285800
5,277600
575,877800
5,279200
14,519300
5,274100
5,284300
2,228200
987,2079300
5,327000
5,283700
5,297100
5,289300
3,232700
3,236500
5,293300
5,279400
5,286500
5,275300
5,287900
5,286400
5,286400
154,1023100
5,282500
5,283100
5,299700
5,279100
5,279500
5,274200
5,276000
3,254200
5,287600
5,296600
5,289000
309,1899800
6,306000
5,278700
25,827800
5,307700
5,274400
46,1350800
48,1472700
657,1463400
29,948200
5,294500
14,518000
5,272900
20,692200
5,283900
5,293800
5,276500
4,254600
5,272800
5,339500
31,1008200
5,286300
5,291800
31,990700
28,969600
5,298100
5,355900
5,286600
19,667100
5,284300
5,273900
5,282200
2,205300
5,275600
5,289900
5,277500
5,283600
1,190300
5,281200
5,326300
8,377100
5,283300
79,627400
1270,1552700
5,289200
2,206300
5,300200
5,286400
724,1580700
5,297300
5,284100
21,725300
5,491000
5,317900
2,208500
4,297700
2,263700
5,288100
3060,2145400
5,293200
3,236700
5,281800
8,370400
5,293100
5,346900
5,299000
76,540900
5,281800
110,1461100
5,286100
41,1467000
5,298500
1,178400
5,278300
19,790000
5,293100
525,1209100
224,1261200
5,289400
2,229200
88,937400
12,487400
5,304500
140,673600
5,293800
5,284200
5,277700
104,1302800
6,315700
18,655900
5,294100
3,236600
34,1073300
5,298700
84,843200
8,362600
5,275800
5,319200
163,1342300
5,302700
5,298300
86,869900
5,284800
31,993300
5,288000
3747,2429800
5,275000
5,276000
3,227500
719,1398200
5,278700
5,286400
2,199700
42,1258400
5,298300
332,858800
5,299700
2,205100
5,274900
5,266000
37,1114900
4,258000
134,472200
5,287300
37,1118700
174,1527800
5,283700
3,434400
5,417800
5,374000
5,304000
5,320700
1,236200
45,1399900
5,288500
5,275100
5,276200
2750,1991800
5,282800
7,346200
5,274400
5,284900
2,194000
73,459900
5,298200
72,453200
5,265800
5,277700
5,279500
5,269300
10,415100
5,356400
5,273200
5,306100
17,601200
5,269800
5,289000
1843,2110400
5,298200
5,287600
29,904700
5,285100
4,268700
5,285100
5,279900
3752,2567700
5,273900
5,276100
9,369600
5,268300
5,298000
17,709000
16,704300
5,281900
3,252000
5,311200
5,280800
5,302100
5,305700
5,284300
5,276600
5,291600
5,271600
5,275300
2,199100
5,268000
5,273900
5,269900
1,177700
5,275800
386,812300
5,293600
1551,934000
5,267100
3,222200
1849,2361400
2893,2399100
5,276700
5,277200
40,1147700
5,263500
1617,969400
5,271500
5,266100
5,274400
2053,1360900
4,246600
54,1520500
5,273500
5,269700
5,274800
196,484500
5,290200
5,265700
5,264200
5,271400
4,237500
1,169600
2,193900
5,275300
110,1423600
5,292000
5,295000
5,288700
5,291800
5,278400
5,273600
5,276400
3,221100
4,250600
5,268700
26,827500
15,697500
5,278700
5,277100
25,802600
24,784700
5,281800
9,386000
5,276900
1,174900
2,202000
5,267600
5,283400
5,280500
5,284500
1,166700
5,278400
5,383300
5,303400
5,284500
5,301200
3119,2004600
5,275400
5,280000
5,279100
5,269600
5,266400
5,278600
41,1247300
5,293900
76,555200
23,749500
5,281800
13,485900
5,288400
8,353000
22,700100
5,259800
5,275800
5,271700
5,277900
40,1213900
20,644000
21,671300
5,267400
35,1022800
5,264700
5,273200
2,196900
5,265400
10,403600
7,318600
5,276400
5,269200
8,337500
5,264300
273,888700
5,275700
5,268800
5,269900
5,271800
39,1153300
3340,3289900
5,264200
5,274500
28,858200
5,279900
5,277200
5,266900
5,276700
5,276300
2,192800
5,269000
5,275800
5,267900
1,162700
5,274800
5,326800
5,265900
5,265000
3,209000
5,265300
5,263900
575,812900
5,266400
6,289800
5,265400
2,185400
347,1212100
5,268800
5,277600
5,297400
5,280600
5,283000
4,252900
2,194400
8,393000
17,592500
5,333300
5,298900
7,332800
8822,4430100
4,275300
5,275900
5,270200
12,470900
5,278400
37,1109300
11,436500
5,277200
5,263400
198,538600
5,274600
5,274200
29,889600
5,266200
5,266500
5,268900
115,1482700
5,263100
5,277800
2,194100
5,305700
5,272000
2,225800
5,285900
65,258000
428,1801300
5,285600
5,281400
6,307700
5,279600
3,237600
3,220800
5438,3538300
6,288500
5,267900
2,186600
5,263900
5,257900
3,235600
94,970000
5,266100
4,240000
11,511800
5,273200
49,1362700
5,269100
14,493400
5,336300
5,262900
5,268400
979,1803300
98,1106700
5,259100
5,274700
860,2040400
5,270800
5,265500
1,171500
39,1115300
5,260700
85,751200
13,478800
5,265300
5,268200
5,270800
5,273100
19,627500
5,273000
2,196600
6,297800
5,263700
1,167100
5,268500
5,270600
3,221800
5,273400
5,267800
2,196400
5,260900
5,267100
5,286500
5,275200
5,278800
5,267900
12,444900
7,316400
5,278600
5,288600
307,1807200
5,265800
9,372300
5,263300
1,164600
5,264100
3,261300
8,348600
5,268500
1503,1135000
18,597700
4,242800
2,199300
5,275100
3,212400
5,305300
4,236800
5,268200
2,198100
5,274900
5,267100
5,264900
8,342500
5,261600
5,268600
22,699700
5,270900
3,220100
30,897000
5,273600
5,271600
5,271800
5,286800
5,274500
5,258600
37,1127600
14,495000
5,269700
5,269900
5,296300
38,1114300
7,316300
5,269000
5,270800
3,215900
19,621600
5,275400
4,247100
5,276800
1,168600
57,1541000
5,262600
5,266200
141,636100
5,269000
396,894600
5,264500
1,165300
7,316600
5,262700
5,260300
5,268700
5,262700
5,259200
26,798200
5,264600
5,266700
5,269800
5,274100
103,1197100
5,273700
1014,1096700
185,1732200
5,275800
5,273900
258,511300
5,268100
5,270000
5,272000
50,1413300
5,279600
5,272300
31,938300
5,273600
38,1106200
5,272700
5,270500
5,264900
1833,1758400
5,265600
156,1135800
5,262700
2,197200
5,271900
5,273200
5,273300
5,260200
5,281300
44,1512300
5,261400
5,277600
5,267700
22,735000
63,212900
5,267400
5,282200
117,1547800
5,262400
5,275300
5,267700
5,270300
4,240400
4,260300
309,1764700
1065,838400
6,294900
4,272700
4,236100
7,317400
6,284200
6,295600
4,232700
4,252000
4,244600
4,242100
191,349300
31,952000
4,255300
4,245900
4,242600
218,1017100
4,239600
1,171600
72,429800
372,297200
4,253000
4,238400
106,1255600
4,244300
27,865000
4,250400
1,162900
4,240200
4,243900
1,166000
4,239500
2,195100
17,568800
30,896100
4,286800
4,235200
4,280100
94,996700
4,238400
4,273600
4,244400
238,1510900
23,709400
4,246300
4,249700
4,241400
1,158000
4,234000
47,1298300
18,595500
4,245600
3,224300
20,645400
4,250400
4,238400
174,1493000
4,284400
5,274600
4,245900
49,1359300
4,237000
4,238900
4,247700
4,240200
4,238800
298,1492100
4,237000
4,240000
66,268200
4,237500
324,638700
4,241100
18,608500
4,247800
4,248000
4,255800
4,246200
4,244800
1,168600
4,273800
14,494400
4,243900
2,193400
4,244900
4,243100
4,247500
4,237000
40,1131500
23,716200
4,243900
28,850500
4,248600
14,577500
2314,1616700
4,245500
2,186500
4,240500
4,245400
968,1462200
8,351400
4,294900
4,243500
4,254500
4,235300
63,189400
5,268200
4,242100
4,237300
94,978200
6,296900
4,239500
4,248700
26,814100
4,251200
4,242300
4,245900
84,717700
4,244700
4,244900
4,250800
4,278600
4,292700
4,248600
4,255900
4,251500
20,671700
4,240100
214,926800
4,245600
4,252100
1,160600
16,534200
4,235100
4,243300
4,245300
122,1688500
4,243000
8,339000
4,248900
4,244200
48,1313800
17,576100
4,242300
34,977500
4,242500
2,193300
435,358000
4,242300
4,242400
258,512000
4,237700
29,874700
4,239400
1,168100
29,863900
4,245300
4,243500
4,248000
276,941700
4,245500
4,239100
4,242100
4,243600
24,741900
4,245700
4,235100
4,244700
4,252100
8,342700
132,467500
4,256000
41,1167700
4,235600
4,243500
3,218900
4,238800
4,243900
4,241100
3688,2543000
4,243100
1,168800
4,242100
4,238000
707,1072300
4,236100
4,238800
4,286600
41,1152500
4,237200
4,240600
4,235900
4,240400
4,244400
4,235600
4,255100
1,160000
4,243000
4,242600
2,193500
4,242600
4,237500
69,340100
4,250900
4,244800
4,241400
2,195200
54,1521600
268,759200
4,250000
4,241700
4,248000
4,246000
4,240800
60,1630600
4,245200
3,219600
4,243000
4,250300
4,244100
4,235700
4,241100
4,243500
4,240300
4,234500
4,246100
4,239000
4,244200
4,244800
4,233700
4,246600
4,244600
4,245900
13,468900
4,234600
4,236300
246,1695100
336,926700
14,498600
4,246500
1,166100
2,192900
3,208800
4,244300
3,226300
3,209700
4,240600
26,788700
4,244700
17,605500
6,297500
4,244100
4,244200
16,552200
4,252700
76,679000
4,249400
14,498600
4,247200
32,952400
4,246200
75,495200
4,245200
3,226200
4,259400
78,589500
4,236000
4,244800
1,165900
4,245300
143,693100
4,241800
52,1427300
4,313000
4,372600
4,338500
4,249500
1190,1028400
4,254900
4,281300
122,1760400
4,281000
4,251300
4,248600
7,339100
4,296400
2725,2933300
5,278300
4,248400
4,249900
114,1532400
4,253200
2,200600
14,501100
4,247900
4,245700
4,246700
11,419700
4,241900
1,170800
5,270800
4,234100
4,244100
4,249100
22,693200
4,252100
214,926900
4,244900
4,237900
129,321700
4,246200
59,1608100
18,748400
4,240700
4,313200
4,268400
188,277000
4,243900
4,263900
4,245400
4,239600
4,243100
32,924500
46,1273400
4,247100
4,244500
4,277200
4,250600
4,246000
243,1627000
4,247500
629,630500
13,466500
4,234200
4,236100
2,200700
146,750600
4,246400
22,689500
4,252300
1,162800
4,240600
4,240500
39,1099000
4,248600
4061,2541900
4,282600
4,248100
4,246300
3,220200
4,243100
45,1278500
4,234800
4,243800
4,237000
6,301300
5,258600
4,242200
4,247400
4,257200
4,237600
4,240400
4,247400
8,342400
4,239300
9,360700
4,248400
6,295300
4,234700
4,255600
4,243900
4,234800
350,1251800
4,247500
4,246700
4,236000
4,240300
121,1653800
4,244100
4,236000
52,1427000
4,237100
1,169600
17,567600
4,249500
25,833700
4,246600
4,239000
4,241600
444,593600
8,357600
4,246700
4,241800
19,612400
4,280500
4,244000
4,241300
4,242100
4,243400
4,237000
27,821800
1030,1700100
4,236000
37,1079500
4,244700
4,239400
170,1332400
4,245700
78,569500
4,239200
4,249000
2,192500
104,1208300
4,249200
4,247800
4,248500
4,246400
4,243500
4,233200
4,242700
4,239500
4,242000
4,236200
4,246600
4,329000
4,423000
4,257600
4,247500
7,330000
6,304700
4,258700
1,187100
4,254000
1,166500
4,306700
4,249300
11,417100
4,240100
92,19904300
4,250100
685,685100
51,1425500
111,1376700
4,234000
2,183800
4,249300
2,202300
4,233600
868,576300
12,442100
4,236200
552,1787600
4,242400
4,249700
4,242200
4,252400
51,1393200
4,247000
4,242700
1,164700
277,963200
4,247400
4,249200
3,212400
46,1268300
4,240000
4,253200
7,312600
4,243800
58,1599700
4,244700
