24114
1494440
348159056000
1528
436895500
433401800
439606000
443097200
463569700
440466000
456657400
438195000
467894800
433641500
448965200
439411200
473493800
459149900
466523000
447037300
475315000
469597300
439859200
447442000
434743900
443215600
437325000
442427500
448561600
455303800
443924800
485223900
446820200
444863600
451945900
438664000
445583600
473493500
444362500
438787400
430689600
435992400
425052600
475100400
447578100
441352500
458985700
448912500
435502800
445283200
431158400
440540700
446104500
434957000
488550200
437446200
437918100
488279200
445507200
443519600
428209300
453673800
431909700
445736000
437944800
448678700
485639800
441231700
438804800
435943100
450007200
430438500
448121600
437825500
439561700
440088700
424210700
465845100
469145900
454176300
461096600
447658500
433172200
456965100
548779700
642375000
494020100
457400700
520242800
508930600
433808700
444692900
443667700
436747800
440503200
435017200
439118200
441482200
446081600
463597200
485984400
441251600
448701800
436432500
444877400
435375500
432091300
458644700
440930500
435310600
433031600
485565900
442323700
469142700
440999900
433758100
451056100
437278400
443214500
434569900
438407500
514122700
465479500
457543300
430387500
438497200
436527900
443056000
430520500
433174100
435720600
437753200
436246000
430465900
466977800
436406300
426869800
429573300
432967800
434120300
433897900
442208300
431246400
434285300
438976000
429147400
465839900
462812100
431561800
431245400
450726600
433533000
455140100
434481200
438012700
448647200
448552000
433133000
462958900
441222000
434224300
480169600
500691000
429542400
431678900
436320400
445179600
427855300
437500200
462454100
432269600
434171100
433765400
434931200
445938300
436244600
439920200
431338400
432846900
433084500
431444400
501764800
428696800
481639900
432980900
425524800
441360500
432001300
444526000
435950000
436321000
438095800
438989100
460175600
423241400
438658800
478973400
478854900
448082500
441649400
446740800
454601900
430345300
422307200
486456800
432128800
445131600
435688000
432883500
432316200
430678100
457788900
437392700
439630500
430301600
468316400
479565900
453557300
543872700
620379500
488947300
433035000
520473400
493137200
438303300
433123300
461859200
436566600
435504000
433907500
449716300
432817000
445842700
438090100
438360200
434339600
438603500
439359300
460463500
443898200
433534200
444966200
429434700
432061600
449593600
427707200
467093200
434231300
439008900
450122300
451587700
428648600
440753300
434793000
438337200
437920900
439576900
428265600
433466500
440569600
433142600
442570200
451289400
436799300
446074700
425141100
438443000
443239900
442285300
433118200
430223200
432826700
427711200
470629000
429358900
436856200
431551900
436510600
445577000
435352500
433479500
430551100
437249800
473217100
447478800
476861800
456206200
433398200
428696400
460536800
449667100
459359100
434885300
433484400
436696500
429800200
435966200
469495200
438809900
435915000
435242900
444324400
442300300
429579100
438036900
435447700
421132900
448955300
517735000
441592700
427269900
441845200
438250200
431032900
434023200
427718100
443550100
458362300
441421400
439217200
469469100
434685500
426209300
444573600
441001400
442385700
434227200
437853900
431994900
449155300
428170700
427110900
455015500
429143100
438295100
456155100
437732500
434399300
423016100
443303800
429576900
433611700
437848500
464647000
450394400
434973500
450826600
426415300
447143100
437415800
445881700
434044100
473281100
434282100
431396500
480495300
434626900
441787300
446276500
450118100
433438400
436949800
426378000
437775600
437054400
432148700
441480500
479877500
438055800
443284200
433595700
434938500
431703900
480122400
437566000
446335700
428855400
428517800
439484100
448040800
435116600
428579200
437304200
433523200
450570700
426174800
536442500
524837700
448649300
454391900
492776200
559838900
463766100
584433500
593009300
696378800
528180500
627322800
533771900
464352800
445656100
502279900
552144500
514509800
437968000
487957100
587359900
446842000
473949500
529173100
528035700
583222800
642374400
476166600
435836900
560981400
447647100
565989300
631315400
561749100
444118300
463717700
471098300
440821300
433283200
571680900
626734400
581587000
438801900
479513200
563069200
628377100
581143400
438944500
456294200
433363500
438591800
479843500
556876600
449909100
586313100
475357000
470341500
565715400
456123600
603948500
520108300
447226300
627648600
457439100
592126800
576322800
457733400
631308000
476179500
499801400
592201800
453148100
633504600
526675900
529840800
625093000
497596500
616578400
478620500
567448900
582134700
462478500
603676800
470338800
494709200
518720000
523548800
601699900
501413700
436346300
611928300
446206400
530159800
562336400
542151100
670794800
605652900
533713500
538206700
463820700
509081100
560428700
464127200
443156900
428644100
434589500
455050800
505367900
437644300
430557200
435254300
436732000
450736700
471591000
446949400
551383400
442096700
452945600
462434500
438620600
442093400
468885500
445302600
442572500
446692700
451047400
442011000
458224700
440388800
436766100
441575500
440617400
459355100
475956500
439065200
439680500
474926600
446846100
453724800
444382000
441698800
433928100
448062200
447410000
446479000
449020800
439727400
460380500
466455800
463624900
521827700
596686600
515390800
449121200
487068100
550485300
444244300
440792800
488718100
517106500
451569500
429727700
444231400
439202600
444219600
445428000
447135200
440784800
441847500
453793900
458066800
453518400
436864900
445171400
448299600
450968200
441337200
445021900
430215300
433368900
458542300
473311500
450499900
443376800
482618500
446411000
444074800
466099700
440464800
437049900
445850600
436931500
457166500
462574100
440140200
448192100
440726300
442557400
438270400
438460700
452878000
438749400
446017300
440061600
504333600
438420500
432563200
432881100
438619000
456376300
445943000
443627000
451533000
442411900
447840000
454750000
471254500
465826500
475256300
451103300
449852700
445839000
445468600
437396100
476605200
436839500
448078700
472977700
443872900
447676600
445617100
452676400
441243600
442848000
441145900
452303400
440108200
445470300
461845800
452354700
442716700
434140500
434431300
435411800
453683200
435738000
450728600
442664600
441126800
445799100
475779400
446154800
468501200
450309500
463690400
463132700
443786600
439433300
451759700
446792600
443947200
447898400
457309200
509323900
627394400
515887000
523903400
508236600
519986100
442474700
447237300
457703900
485851300
432381700
434170600
455448800
443715700
438356500
431663500
435899400
429246500
431381200
508308900
494569900
464392600
433534800
441031700
433874300
440879300
429171000
433543100
433376800
447657700
432360400
445870200
471954600
437812000
459404800
443171800
436202200
431544000
444150600
433760800
440471200
426414100
432477100
560346200
586563700
583189200
443388800
428316400
579895900
427201600
430706500
430970600
437364500
440892300
459990000
461242000
435847300
436366400
432466900
430011400
435147100
435611400
444894000
431413200
423472700
430581400
458246700
445026200
430338700
439317100
431205000
426737600
435110400
432219600
434006600
433373600
437184900
439847700
485564600
438729200
427254800
428109900
440632200
500150100
430207800
448324700
431396300
440650300
426457200
490204000
436372000
433541700
441366900
429010100
438491700
422765000
443557900
440373200
436227300
436687000
428567600
481678300
437225400
436157500
427215600
440655100
430766900
444418300
433260800
432326700
450745300
430541000
471375500
470363600
432067900
445124500
441762100
439211000
434512700
439530200
425520400
430188900
439704400
455049800
471480900
458615800
438636000
446833000
431672800
426428500
434968000
432748800
448043400
434377900
436112900
439764900
457953300
438586100
436502700
430511200
436716400
449019200
439792500
435918400
519425600
432485700
430850900
440880400
471603300
437420000
437476600
430618200
442197900
448887900
426031600
543171100
521000500
609013300
440253000
443317400
541449800
441446700
433735300
436220300
433645600
435221300
434085900
428538400
440630200
434504000
480125200
441093600
435165700
429190200
429636300
430177800
441031100
434234000
433259100
436545100
446357400
446633600
457838900
449758600
420384100
438739100
447231200
433217400
447811300
431416400
438823900
467454500
436276900
430319100
462253500
439261100
438602900
444413200
430270100
448980900
427207400
433436100
439122500
437525600
434978500
439575300
463835900
431497300
426172500
456203900
434825800
447554600
431252100
445179900
431857000
443979600
428696800
467321900
433033000
428264300
443620700
436465100
437964000
438831600
454639100
424678300
454231800
438493800
428480500
473559500
429269200
442706800
435007000
432506500
432645400
428464700
446301300
441802700
441948900
431909400
431397000
458868300
435782900
449530500
430484200
435380700
436919000
457003000
434685800
427205500
436656200
439301800
455278400
438833200
438963100
437126800
434046200
430231900
432496700
455147500
468180600
455993600
435775700
435490700
468962000
434168400
436874700
442471100
435100200
432833000
430877100
446307900
428210100
431486200
508398600
433994500
467687500
431490100
439758900
439934600
436433000
441060100
440081100
430613700
431009200
439223800
447305600
473932600
437343900
428803000
441266900
447315300
437152000
431640500
453043000
457956800
434641200
446115300
428384400
474337300
436603300
437028800
438977000
430183200
445402300
435915600
421008200
429199500
432424000
445619500
435658200
478265700
432095300
443516700
425318500
438563000
447540800
442059200
431903500
438171400
445555600
425894800
446051300
456057900
436382100
438971400
445277300
447329200
432367800
481150700
430527900
431049100
434243100
442598600
462806600
500997200
441372800
432953700
461454100
428111800
447360900
430032400
447811800
431783500
440292200
442295900
454015100
429949700
429545600
500148800
471369700
446831700
434721800
441972100
436479100
452058700
429447700
457780200
439569500
428650300
442395000
437907500
434673700
463265700
421236900
447434600
428654500
439407400
441834100
462136100
438708700
431635600
488098100
548273200
597917200
482299200
437181700
533286900
456157300
461877400
457239700
427852200
440776800
435663900
438222000
438257400
439850600
422610300
428047600
434303000
430163800
459536300
434059300
440314800
449319100
423699400
461828300
434924900
435708300
437632200
501073000
428622500
428804800
443650500
433137900
434631100
428831800
435982000
436534700
442418800
430079300
428553000
432519800
434609800
447624500
470099400
435798800
437788900
430848300
430705800
433003500
429391600
438214200
433436800
439682900
437572000
423422200
455027600
435838600
443457100
434518900
460793800
433718800
432624200
436650800
422971900
443187700
431479500
447413200
473624400
436449700
454071700
432942800
438153200
432615000
444225100
430166900
429448100
436405700
429807300
465150400
430204100
435307100
427808900
438477100
437113000
428620300
439880700
428817600
455779300
426992900
446038900
491153100
494053500
438705400
453275600
427543500
424588900
437436600
434098400
434174900
431371800
429100900
441470500
445088900
433855800
435134000
439467600
435078500
435390200
437879400
422370100
437151400
434250900
447761600
460320400
439637000
429839600
432253500
453680300
427176600
451665700
427379200
442849000
447031800
434201300
451759800
470507500
425453200
437832200
473261600
440013200
435192800
431043800
444646500
432882300
426940100
529013600
495070400
446829100
435031700
431529900
434418900
438727500
436795200
431376600
433512100
433388300
432994100
442792400
461222200
437822700
433294900
426960200
432585600
434086500
436051700
497500700
432483900
440267800
434037500
433970400
461395400
433836300
456868100
432596300
444504100
437718500
442392500
429920400
432401900
434617900
428316200
455897500
464875800
446424600
429604500
438954200
429840400
441683900
440132000
433814000
442458400
432292900
442370900
442369200
439673000
431501100
432523000
447038100
427444800
449093700
424962300
432106700
440943300
426666100
437712100
458501300
471749900
491970000
479361300
428832100
429256700
428663900
433628100
436515400
432515900
439436200
428889200
450515800
431802100
437715000
430846400
428801600
444845800
434315400
436242300
444579000
444012700
439501700
495887800
430919000
427338800
431172000
430145500
422212900
426742600
432534300
441909600
433841500
447628000
432575100
454401900
441274300
458383800
432158000
442103300
437669800
439529300
450819800
424189500
429802600
434376100
436530600
460461400
430116800
434715200
424263700
434282300
441904400
437213300
438830600
437532200
433726800
430073200
424825900
465593800
441267400
429663100
436509200
430340400
428244100
437397400
427593300
444776200
428210700
438397800
441599400
467875800
434184600
427333400
437154400
431205600
440215100
439386400
443612100
431099500
423421400
439883100
454976700
439002300
429013800
437940100
433936300
503025100
421186100
433743800
434593500
434161600
446069500
429320600
460570600
437156400
433593300
441620600
430212600
443671300
442694000
444072100
434144500
434292900
427693700
458223900
461677500
432741700
436712200
430878500
439577800
425703300
431131800
435937900
426793600
448793000
435463600
455402300
449130300
425859600
428116600
429292200
436016500
432507100
438118000
432798100
426940200
442971500
429724000
467323200
429099900
434000700
436824300
431173100
430243400
447716400
540220300
586657600
475925500
477277300
504225700
564768100
1191791800
1246977700
425771300
449657700
437169600
512185400
465659900
428204900
427213800
433176400
456903300
438020600
433421900
431258800
438217900
444122300
442365500
435257300
451244700
433287000
439089000
439751700
436439600
434769800
425891900
456005600
434863000
467317000
435733100
440086800
456555400
433267500
426672800
433988800
445574700
438141000
433551400
432154000
432292300
426003000
439448300
492642500
436359600
439462700
447372000
462750300
515125100
435377400
422958800
430389600
456413200
434885800
447414300
478159500
445422700
436390000
435807200
445671900
449451400
437769200
432925400
446642500
450645900
438457600
463630300
454828300
431913500
433123100
439774400
428851000
493228000
439469000
439226200
428063000
423319700
434208200
457683900
440368300
431808300
440005700
440100100
440290300
429846400
433369400
434992500
437912300
435374400
428056200
483311500
455318900
445446700
426805200
432088900
438551100
431311600
443271500
450672700
438129500
423677500
447008700
460594800
437794400
446007200
433763500
442754400
441112500
435274600
427421000
430694600
454994500
436759800
454549300
435518600
433769600
429213800
445737100
433209000
431934000
444796200
432946100
449403600
431700600
435200400
466240600
437067000
435920600
441992000
437307400
428435900
446561400
481302400
427194400
504905100
435802900
476373000
442265000
440102000
433309600
436532000
459937400
451131900
421974500
427782900
433582400
434832600
466867600
468306400
436757900
431191600
434891600
435096700
445907500
430431400
432466400
439768600
439376300
426174200
431715600
461411100
432243400
435987000
442058200
437423900
440320000
424719700
467103700
433445700
440282500
435978100
442393500
449297600
426754400
431964700
433927200
765,7296000
763,1091400
761,887000
760,864400
760,896500
760,861000
759,1172300
759,1113300
758,867600
758,842300
758,826100
757,792700
757,825500
756,763100
756,806300
755,746500
754,817000
754,810100
752,663700
752,792600
751,643300
748,626100
748,637500
747,563800
746,509000
745,485000
745,479200
744,531400
742,2465100
740,1936600
739,1890900
738,1895400
738,2011500
736,1881300
735,1781700
731,1671500
730,2289900
728,1704300
728,1615200
728,1685000
728,1621600
727,1778300
727,1640800
726,1557700
726,1889900
725,1873900
724,1939100
766,1037100
723,1541000
723,1528300
723,1507700
723,1573900
722,1661800
721,1422500
721,1591100
717,1381100
714,1604400
714,1628200
713,1216600
713,1236300
712,1232600
710,1181900
708,1100300
707,1202900
706,1205200
706,1076700
704,1002900
702,1127000
702,1037400
702,941800
700,922500
697,858900
695,981600
694,875100
693,720600
693,705000
688,575500
688,577500
687,562100
686,614600
685,517300
684,488300
683,449800
683,487400
683,468400
681,2187700
680,2309500
679,1966300
679,2022200
678,2120300
675,1815800
675,1903300
674,1812400
674,2183600
673,2175600
673,2495400
673,2833900
673,2277900
671,1826200
670,1751100
670,1840600
668,2272900
668,1890400
667,1619500
667,1809200
666,1806100
665,1566100
665,1606600
665,1579300
662,1478900
662,1878700
662,1626600
660,1417100
660,1715500
657,1476200
656,1709900
654,1314500
654,1388700
652,1261200
649,1142500
647,1086200
647,1184900
647,1630900
646,1397800
644,1349000
643,1319100
642,1271600
642,1269600
641,1297100
639,1024600
639,969200
638,897700
637,895700
637,871900
636,1147700
635,971200
632,995000
631,690600
631,681100
630,670000
630,662800
629,637900
629,631600
629,751300
629,642600
629,634400
628,687800
628,750800
627,659200
627,599700
626,563900
625,530100
624,532600
624,529000
624,515300
622,502800
622,458900
622,451000
621,425900
619,2130400
619,2229000
618,1947500
618,2037300
617,1902400
617,2585300
615,1876500
615,1974300
615,1912900
615,2016500
614,1918400
613,1965800
612,1780200
611,1919000
611,1738800
610,1715400
606,1905800
606,2251500
603,2116800
603,2104400
602,2139400
601,2195700
601,1560400
599,1619000
598,1825600
598,1410200
597,1608200
596,1359700
596,1343700
595,1329800
593,1282500
593,1266100
592,1459500
590,1575400
590,1366300
590,1477000
590,1247800
589,1204300
588,1357000
588,1473600
586,1156300
585,1108800
584,1056900
584,1040400
584,1046700
584,1131400
582,1138200
581,999000
581,1028600
580,936000
580,965400
579,926400
579,938400
577,960600
576,1106500
574,782200
573,785600
572,755400
572,733300
572,740000
572,727600
572,734200
571,739600
570,675600
570,791700
570,768300
569,696100
569,775300
567,609400
567,715200
565,566600
564,523600
564,525400
563,500500
563,517300
562,473700
562,475200
562,482500
562,701600
561,647600
561,518500
560,501600
560,423700
559,401000
559,402100
559,414400
558,421000
557,1962000
556,2019400
555,2380900
554,1893800
554,2463500
554,2624100
552,1812000
551,2365900
550,2535200
550,2817600
549,2846400
549,1867800
549,1986400
548,1684800
548,1669800
547,1800100
546,1844700
546,2106800
546,1625200
545,1593500
544,1550400
544,1564700
543,2032200
543,1563100
542,1962800
541,1532300
541,1626300
541,1492300
698,1070900
540,1721500
540,1630000
538,1424600
538,1663000
538,1446800
537,1607800
536,1438500
536,1369600
536,1387200
536,1547800
535,1363500
535,1429300
534,1397900
534,1327100
534,1436700
533,1553000
532,1387400
532,1265400
531,1251200
531,1499300
530,1455000
530,1353400
529,1203400
529,1198500
528,1174800
528,1164300
528,1175500
527,1418500
527,1931500
525,1176200
525,1315400
525,1154800
524,1111300
523,1164500
523,1106100
522,1104600
521,1002000
521,1001400
520,979300
519,934400
519,973800
555,2504600
516,867400
516,879500
516,952600
516,886500
516,862800
514,916400
514,813400
514,940200
514,857100
513,790900
512,770500
512,761900
511,741300
511,779100
511,729500
510,717300
508,774200
508,818800
533,1502200
508,667000
508,655900
507,629900
507,646100
506,604500
506,600600
617,1946900
506,609300
506,924900
506,663700
505,590800
505,586900
504,552500
504,587800
503,523300
503,597900
503,528200
502,505500
502,687700
501,635900
501,566600
500,547700
500,636900
500,686100
499,431800
498,410600
498,399500
498,396400
498,407700
497,376300
497,370000
497,438400
497,369300
496,356400
495,1884800
494,2128800
493,1918000
493,1972700
492,2616800
491,2242800
490,2125800
490,2218000
490,2264300
489,2141700
489,2264600
488,2240700
488,2005100
487,1826400
486,1664000
486,1780100
485,1727300
484,1832800
484,1741000
484,1922700
484,1737100
483,1631900
482,1784800
482,1701500
481,1557500
481,1631900
481,1627600
480,2172400
479,1601600
479,1494800
477,1434300
476,1408900
476,2034100
475,1517700
474,1424800
474,1425200
474,1358000
474,1635700
474,1353900
473,1331900
473,1416700
473,1326000
473,1333700
472,1435700
472,1336000
732,1760800
472,1306400
471,1361500
471,1652800
471,1652600
471,1285300
470,1323600
470,1246000
470,1262700
469,1223200
469,1494700
469,1626300
468,1226100
468,1191400
468,1682000
467,1891100
467,1190000
467,1203300
465,1123800
465,1143000
464,1499700
464,1290800
462,1359600
462,1053500
461,1120600
461,1012000
460,1159200
460,1241400
460,993700
458,1083200
458,935100
457,933500
457,913600
456,887000
456,888900
456,925500
456,969100
454,843700
454,1100300
453,801600
453,877100
530,1240900
452,857300
452,914400
451,769900
451,796700
451,763500
450,903100
450,823900
449,719300
449,705700
449,698200
449,739000
448,680100
448,683600
447,653100
446,639100
445,612800
445,618300
445,735500
445,648700
444,649100
444,625600
443,550100
442,805800
441,638200
440,489800
440,484100
437,400400
437,400100
436,376600
436,373300
436,373800
435,417500
435,456500
435,532800
434,330400
434,320300
433,1910800
432,1897200
432,1907200
430,2180800
428,1929600
428,1737300
428,1778500
427,1742800
426,1959400
426,1681500
424,1665100
424,1642100
424,1750600
424,2041400
423,1613100
423,1611000
423,1633900
423,1920400
423,1622900
423,1624700
422,1571800
421,1547200
421,1948500
421,1767600
421,1695100
421,1598000
420,1512900
420,1931800
419,1599400
419,1513400
418,1502700
418,1480900
417,1936100
417,1687700
765,1046300
417,1498500
417,1449600
416,1445000
415,1639100
415,1402300
414,1464000
414,1404300
414,1387500
414,1840600
414,1483500
414,1415600
413,1350700
413,1366300
412,1369900
412,1808100
411,1370700
411,1284300
411,1294900
411,1506100
411,1541900
411,1560800
411,1344100
410,1287600
410,1246200
410,1297600
410,1297300
409,1361000
409,1276600
409,1253700
409,1280400
408,1345700
408,1254100
408,1406200
407,1245100
407,1187500
407,1233100
406,1169900
406,1198300
406,1165300
405,1514500
405,1153500
405,1151600
405,1325400
405,1234400
405,1164700
405,1250400
405,1363500
404,1118500
404,1121200
404,1128100
404,1116400
403,1158500
403,1290400
400,1131900
398,971800
398,1468500
398,975600
398,1066800
397,1022300
397,936800
397,1061900
397,1043100
397,949000
397,932500
395,888900
395,900200
395,892000
395,889200
394,868400
394,1300000
394,956100
394,926100
394,933600
394,840500
394,899000
394,854200
393,822700
393,869800
392,880400
391,787000
390,757700
390,757500
390,793300
605,1609200
389,730300
387,674200
387,689000
386,852000
386,894000
385,816900
385,668000
385,641100
384,599000
384,668600
384,612500
383,606100
383,563700
383,582300
383,597500
382,608300
382,833500
380,589900
380,499200
380,498100
379,499600
379,486200
379,472500
378,454000
378,470100
735,1825500
378,450900
378,474800
378,456400
377,489600
377,621600
376,403500
376,391700
376,395400
376,406200
376,397700
376,393100
375,416300
375,367000
375,380500
375,386200
373,320400
373,320100
373,321100
372,287700
372,295900
371,1961000
371,2443900
370,1819400
369,1813400
369,2017000
369,2103200
369,1871300
369,1785600
368,1759400
368,1923600
368,1828900
367,1801000
367,1864900
366,1951400
366,1865400
366,1731600
365,1850400
365,1683900
364,2027000
364,1716500
363,1620900
363,1795000
363,1731200
362,2028700
362,1625900
362,1606600
469,1227200
361,1567700
361,1820300
361,1585800
361,1583800
360,1899600
359,1562000
359,1792400
359,1541000
359,1558400
359,1535200
359,1564000
358,2020200
358,1499900
358,1689100
357,1719300
357,1495400
357,1602400
357,1508500
356,1467900
356,1504900
356,1449700
735,2555400
355,1471500
355,1829800
355,1478000
354,1539400
354,1522500
354,1396800
353,1393400
352,1416800
352,1352500
351,1380000
351,1470200
351,1528400
350,7114400
350,1504300
350,1324200
349,1272800
349,1259400
349,1665600
348,1499800
348,1413800
348,1391600
348,1274400
348,1271000
348,1588300
348,1290800
347,1236600
347,1218800
347,1250300
347,1221700
346,1212300
551,2270300
346,1201600
345,1254700
344,1150000
344,1209500
344,1186000
343,1248500
343,1129500
343,1110900
343,1120000
343,1098300
342,1110900
342,1117000
342,1447300
341,1072800
341,1058800
341,1070200
340,1062900
340,1037400
339,1002600
339,1127800
338,1138500
338,992000
338,1093300
338,1037000
338,993500
337,956800
337,1045300
337,1284900
337,997800
336,932100
336,946700
336,953700
336,938600
336,936700
335,922800
335,970900
335,1148800
333,851800
332,902400
332,825200
332,839900
332,872500
332,849100
331,890000
331,849400
331,935000
331,834700
330,823800
330,853800
330,814700
329,779400
329,847800
328,885900
328,756600
328,757500
328,969800
327,707000
327,724900
327,713500
326,675700
326,679900
326,688400
326,777700
326,942000
325,736600
325,735300
325,730200
324,622300
324,629900
324,656600
323,603200
323,612800
322,568500
322,573400
322,570700
322,589600
322,581300
322,655600
322,611000
321,622900
321,590500
320,564300
318,476100
318,475500
318,490200
318,494300
318,483300
317,570200
317,446300
317,525000
317,444100
317,442800
317,475800
316,432100
316,416500
316,654900
315,448100
315,485100
315,385100
315,396800
315,394900
315,396500
314,387500
314,515200
313,348000
313,340600
313,346000
313,353500
312,320600
312,372800
312,319200
311,303600
311,286200
311,299300
311,291700
310,262000
310,287100
310,304000
310,352900
310,378800
309,1794300
309,1986300
309,1846600
309,1875800
308,1844900
308,1794600
308,1786900
308,1877900
308,2168300
308,1905000
307,1826700
307,1818100
306,2046900
306,1878700
306,1734600
306,1723400
306,1715300
305,1907000
305,1815200
305,1736700
305,1708000
305,1890100
305,1765000
305,1789100
305,1726200
511,728200
305,1795500
305,2214500
304,1669900
304,1684800
304,1698600
304,2144700
304,1709700
304,1668000
303,1650800
303,1702900
303,1849500
303,1658800
303,1646600
302,1605500
302,1630300
301,2077400
301,1755200
301,1580000
301,1638300
300,1942500
300,1892000
300,1617900
299,1578800
299,1540000
299,1669200
298,1591300
298,1541700
298,1554100
298,1650300
298,1633200
297,1606800
297,1490400
297,1515900
297,1526300
297,1507800
295,1735400
295,1476700
295,1450800
295,1605500
294,1499800
293,1829700
293,1588600
293,1403900
292,1384700
292,1377000
291,1346400
291,1545200
390,834700
291,1364800
290,1428000
290,1323600
290,1327200
290,1707000
290,1329100
289,1313700
289,1337300
289,1380100
289,1313100
288,1472200
288,1340700
288,1437700
287,1356800
287,1251000
287,1249700
287,1457100
286,1258500
286,1232100
286,1220500
285,1251500
285,1174300
285,1424700
285,1373100
284,1155100
284,1298800
284,1159500
284,1152000
283,1132300
701,950100
283,1362400
282,1154200
282,1120500
282,1175600
282,1110500
282,1115000
282,1125100
281,1200600
440,515900
281,1532200
281,1097500
280,1065900
280,1076700
280,1059400
280,1381800
280,1089500
279,1070800
279,1120100
279,1177500
279,1063000
278,1005000
278,1036500
278,1537300
278,1153600
278,1024100
277,1019100
277,1047200
276,971400
276,963800
276,1077900
276,1010600
276,1029000
276,982500
276,957800
274,1010200
274,902500
274,918900
274,1002700
274,1193800
273,960700
273,1060500
271,831200
271,829400
271,940700
270,904300
270,798100
270,892600
269,1039500
269,865900
269,785100
268,763700
268,756000
268,755600
268,769600
267,726300
267,863900
528,1860100
267,753100
266,696500
266,702000
266,744700
265,921100
265,1000400
265,906300
264,924900
264,941900
263,957400
263,621900
263,637600
263,638200
262,609400
295,1901800
262,658900
262,657400
261,578000
261,879900
261,967900
261,579000
261,591100
260,583000
260,558000
260,551100
260,561300
260,549100
259,523400
259,525800
259,543000
259,531600
259,632400
259,732100
258,500500
258,504100
258,505100
258,501000
258,563000
258,497500
257,474600
257,482400
257,469000
257,475700
257,635300
257,598700
257,513400
256,486800
256,614700
256,485200
256,449900
256,446200
255,439900
255,456900
254,391400
254,399000
253,435600
253,370800
253,368400
253,369600
253,373900
252,343000
252,350100
252,361300
252,346600
252,335600
252,354200
251,352600
251,494100
251,424400
250,365500
250,293700
250,295900
250,294300
250,289100
509,680700
250,293800
250,291800
249,277200
249,269700
249,315100
249,267600
249,263900
248,237200
248,237400
248,247500
248,237200
247,1777500
247,2065100
247,1849200
246,1738000
246,1832600
246,2127100
372,293500
246,1772500
246,2322200
246,1758100
246,2159000
245,1780100
244,1769500
244,2238700
244,1848300
244,2545300
243,2136400
243,2418600
243,2473600
243,2402700
243,2394600
243,2245600
243,2356100
242,2275000
242,2255200
242,2395400
242,2466800
241,2386000
241,2355800
241,2397000
241,1974700
241,1656300
241,1619000
240,1778600
240,1918900
240,1843200
240,1604600
240,1827500
239,1833600
239,1591600
239,1599800
238,1554900
238,1988300
238,1762800
238,1527500
238,1555600
237,1927200
621,623800
237,1678700
236,1506000
236,1531500
236,1502600
236,1500700
236,1880000
236,1562200
236,1514600
235,1539600
235,1631800
234,1999600
234,1454300
234,1458800
234,1479700
234,1537600
234,1679100
234,1455600
234,1461200
233,1443500
233,1531300
233,1440300
232,1557300
232,1392800
232,1409300
630,665400
336,934700
232,1408500
232,1580300
232,1447100
466,1177000
231,1365200
231,2345300
231,1366700
230,1718600
230,1364400
229,1331300
229,1389700
229,1325500
229,1402600
229,1445300
229,1346600
229,1523600
229,1331700
228,1294600
228,1408600
228,1334200
228,1281400
228,1293300
228,1394900
672,1725600
228,1635300
228,2021100
228,1477600
228,1296900
227,1282100
227,1275400
227,1570000
227,1266600
227,1278400
227,1270600
226,1259200
226,1310800
226,1550300
226,1359200
226,1460200
226,1316800
226,1228300
226,1245500
225,1663800
225,1269200
224,1201700
224,1236100
224,1257600
224,1238300
224,1304600
224,1328600
224,1666100
223,1449300
223,1254500
223,1174700
223,1255700
223,1356900
222,1167400
222,1186300
222,1166600
222,1911900
222,1195700
222,1490900
221,1094000
221,1218900
221,1274900
221,1185800
221,1188200
221,1449800
221,1870800
221,1380400
220,1121800
220,1096600
220,1204900
220,1444100
220,1580800
220,1099900
220,1101700
220,1104900
220,1107400
220,1131200
220,1595800
219,1127100
219,1062600
219,1084300
219,1075700
219,1104900
219,1127500
219,1469200
219,1113000
218,1043500
218,1053500
218,1066100
217,1014400
217,1032300
216,1012700
216,1465000
216,1000100
216,1014200
215,1019600
215,969000
214,945000
214,1363400
214,1229200
214,1049900
214,944600
213,1036300
213,1186200
213,912300
213,917400
213,904000
212,1019600
212,932800
212,887700
212,950400
212,884300
211,855000
211,850200
211,1127300
211,856000
450,1099000
210,910900
210,851400
210,836800
210,843800
210,830800
210,835200
209,811600
209,798900
209,879100
209,1214300
209,822000
208,884700
208,789300
208,879000
208,1232800
208,799300
208,811400
208,871700
207,1177500
207,785800
207,748400
207,776800
207,756300
670,1788000
207,839100
207,785100
207,1095300
206,737900
206,740100
206,729900
206,719700
318,669500
206,786500
205,714800
205,782800
205,727100
205,1048500
204,988900
204,714700
204,682100
204,678100
204,680700
204,687200
204,675400
204,715200
204,684600
203,645300
203,658200
203,916400
203,697400
202,622400
202,898900
202,763100
202,634400
202,620700
202,657100
202,627500
202,622100
202,623600
201,601100
201,796400
201,597100
201,614900
201,597300
201,594900
201,600000
201,685900
201,608700
200,572400
200,594600
200,624000
200,566400
200,602200
200,750500
200,590900
200,632100
200,644600
200,574900
200,578200
199,550500
199,547500
199,546200
199,561900
199,547700
199,538900
198,524400
198,529700
198,811000
198,662200
198,525500
198,520200
198,524700
198,534200
197,495900
575,895900
197,501200
197,602500
197,503700
197,500500
196,483700
196,476400
196,650900
196,548100
196,1052000
196,675800
196,482400
195,588000
195,667200
198,596600
195,486900
195,444200
195,447100
195,439800
194,426400
194,418100
194,454200
194,511900
194,488300
193,394500
193,395900
193,395000
193,394700
193,402600
193,403500
193,413500
193,385800
192,364400
192,374100
633,726800
192,365500
192,365800
192,378600
192,365400
248,237600
191,462300
191,467300
389,1039000
191,340000
191,340900
191,343800
191,349000
191,341100
190,325400
190,312300
190,313400
190,311700
190,394600
190,318100
190,312000
190,313600
190,314600
190,317000
189,288100
189,289900
189,291000
189,316900
189,287500
189,288100
188,322900
188,287700
188,305700
188,267200
188,264400
188,267600
188,259400
188,279400
187,236200
187,238900
189,288400
187,237900
187,239700
187,239100
186,205200
186,216200
186,216500
186,294000
186,215800
186,205700
186,207500
186,208700
186,207000
185,2146000
185,2047500
185,1753500
185,1760600
185,1762600
185,1963800
184,1795700
184,1854600
184,1929600
183,1709200
183,2203900
183,1697000
183,1801200
183,1702500
182,1936600
182,1722200
182,1738200
182,1831400
206,789800
182,1952100
182,1696200
182,1678100
181,1637600
181,1702700
181,1935400
181,1686500
181,1905400
181,1949000
181,1642000
181,1874900
181,2125500
180,1622600
180,1634500
180,1865500
180,1641100
180,2074000
180,1648600
179,1596800
179,1856100
179,1627000
179,1680300
179,1619300
179,1638300
179,1743100
179,1980000
178,1774900
178,1563600
178,1597400
178,1805500
178,1684900
178,1598800
178,1601700
178,1619800
178,1879400
178,1645700
177,1527600
177,1551400
177,1631900
177,1764100
177,1556300
176,1561900
176,1520400
176,1512000
176,2013000
176,1599800
176,1574700
176,1539200
176,1524900
176,1936500
176,1552200
176,1544900
175,1495500
175,1497300
175,2024300
175,1562100
175,1562100
209,814300
175,1537900
175,1677100
174,1600200
174,1487100
174,1482500
174,1467900
174,1757900
174,1772900
174,1536100
173,1449600
173,1443300
200,573800
173,1482200
173,1636400
173,1495300
173,1472600
172,1468400
172,1499500
172,1827000
172,1409700
172,1427400
172,1423100
172,1442500
172,1431700
172,1753400
172,1438100
171,1410900
171,1731800
171,1551000
191,343200
171,1763200
171,1431700
258,498700
171,1458400
171,1412200
171,1385100
171,1758000
171,1404900
171,1434200
170,1785800
170,1693100
170,1606800
170,1544000
170,1382500
170,1370800
170,1397200
170,1383100
170,1621700
169,1340300
169,1402600
169,1547400
169,1332000
428,2076800
169,1410300
169,1411400
169,1392500
592,1288000
169,1348300
169,1715900
169,1339900
169,1492800
168,1397100
168,1386800
168,1314100
168,1943300
168,1386700
168,1335900
168,1322400
167,1309100
179,2239400
167,1419300
167,1377700
167,1501800
167,1475000
167,1325200
166,1501900
166,1287000
166,1289500
165,1257100
165,1238300
165,1250400
165,1883800
165,1265700
165,1288300
165,1264600
164,1267200
164,1264000
406,1862400
164,1238300
164,1229100
164,1217200
164,1204600
164,1212900
164,1848000
164,1228800
164,1567900
163,1285800
163,1208900
163,1196100
163,1532600
163,1212300
162,1269500
162,1184600
162,1232400
278,1103600
162,1710100
162,1275400
162,1191300
162,1175200
162,1155500
162,1176000
531,1245000
162,1392600
162,1208400
162,1161200
161,1142900
161,1137600
161,1149900
161,1703400
161,1455600
207,751700
161,1157800
161,1134900
161,1153800
256,446600
161,1157000
161,1183000
161,1266800
161,1136300
161,1179300
160,1165600
159,1113100
207,770000
159,1091800
159,1295400
159,1163200
159,1104000
159,1079300
159,1085900
159,1095700
159,1087300
159,1194800
159,1114800
159,1091900
158,1057300
158,1105400
158,1190700
158,1063100
158,1062100
158,1450900
158,1066800
158,1057500
158,1066200
158,1059700
158,1087900
157,1036400
157,1321000
157,1110300
157,1111000
157,1080600
157,1319300
157,1034600
157,1043400
156,1104300
156,1291800
156,1042000
156,1082100
156,1003200
156,1015000
156,999900
594,1297900
156,1534500
156,1007700
156,1071900
156,1145900
155,994300
155,978800
155,996300
155,1121300
155,1053200
155,993000
155,981300
155,981900
155,1026900
155,994500
155,1014500
155,1077700
155,1082800
155,994800
155,1347300
155,1093900
154,983100
575,951400
154,957100
154,1287800
154,1025100
157,1037600
153,939400
153,934800
236,1535400
153,925900
153,943600
153,1120000
153,1451400
153,942800
153,952700
153,936400
153,981000
152,1149700
152,1013100
152,1142400
152,930100
152,932600
152,932500
152,906900
152,909500
152,903300
151,1024000
151,1383500
151,863400
151,901600
151,876000
151,876600
150,863100
150,853700
150,873600
150,855600
150,1154100
150,1005000
150,922700
150,860900
506,663800
150,861900
149,830000
149,848300
149,1204900
149,1017800
149,831400
661,1534100
149,855600
149,852200
149,867000
149,857800
149,831800
149,966900
233,1473300
149,839600
149,833200
149,845900
149,826300
149,1112600
149,833900
149,840500
148,937900
148,967200
148,810200
148,800600
148,825100
148,793000
148,821400
147,803100
147,822200
147,795800
147,975000
147,794700
685,551600
147,785900
147,858900
147,862900
146,759900
146,754100
146,752100
146,773300
700,1286200
146,767300
146,762700
146,766000
146,752900
146,807200
146,792900
146,753700
145,737000
145,727000
240,1992500
145,733000
145,743300
144,803300
144,774700
410,1273600
144,701000
144,700200
144,700600
144,809700
144,730600
638,947600
144,710600
143,675500
143,711200
143,674600
143,673500
143,700700
143,679800
260,550700
143,840900
143,918800
143,732000
143,684500
143,674300
142,656200
142,649600
142,650700
142,649500
142,657600
142,738300
572,921500
142,776500
141,731000
141,694700
141,629800
141,618400
141,653500
141,623800
141,625100
521,1015900
141,622100
141,651000
294,1817700
141,713800
140,600400
140,599100
140,607800
140,596100
140,600100
140,606900
140,648100
140,598800
140,605500
417,1780300
140,596200
140,716700
140,637600
139,573700
139,592600
139,584200
139,579000
305,1737300
139,628200
139,615600
139,758000
378,479200
139,722200
139,578900
139,563900
139,568000
139,567200
138,551700
138,536300
138,534000
138,550700
138,579300
138,548700
138,611600
138,610900
138,563200
138,548500
138,555400
137,531100
137,526900
137,518300
137,533600
137,589300
137,515000
400,1342900
137,704300
137,651600
137,703100
529,1209200
137,520400
137,516900
136,499000
136,505200
136,561700
136,525600
136,501600
136,507900
136,503300
136,491800
136,495100
136,596000
136,556400
136,503700
136,496000
136,509600
136,501300
135,477600
135,475300
135,483400
135,472400
135,584700
135,535500
135,468800
135,473000
135,474700
257,485100
135,491000
135,734800
134,449300
134,478600
134,444800
134,443200
134,448700
134,476700
134,525800
134,445000
134,448200
134,451900
134,444900
134,449600
134,446200
134,439600
134,452300
133,425500
133,464000
133,507000
133,434200
133,426400
133,418700
133,423200
133,419100
133,436700
133,422000
133,515400
133,634600
133,551500
133,573400
132,444600
162,1172900
132,429200
132,558900
132,443300
132,396600
131,391500
131,368300
131,368500
131,456700
131,365900
170,1388000
131,373300
131,363200
131,369700
131,365400
131,367400
131,372500
131,370100
130,335500
207,874800
130,367700
130,342700
130,341800
130,343300
130,337900
130,353300
130,343300
130,390000
130,1850100
167,3357300
130,639500
129,352800
129,300000
129,299800
129,429300
129,395200
129,380100
129,393800
129,444200
129,411700
129,412700
129,427900
128,386400
128,419800
128,364200
128,338300
128,344100
128,272100
128,271000
128,325300
127,507600
127,365700
127,266100
127,261700
133,424800
127,314800
127,310100
127,353900
156,1176800
127,256100
127,262200
127,265000
127,258800
127,258200
432,1860500
127,272700
127,265800
126,241000
126,274000
126,276200
126,341300
126,280400
126,243300
126,238700
126,236600
126,237300
126,237100
126,235300
126,237100
126,231900
125,213800
125,209700
125,211600
8,335100
8,334100
8,334100
8,333300
8,343900
3,201600
8,333100
630,652700
2,174000
8,334600
8,337500
14,499300
8,405900
8,538900
79,926600
4,279800
8,355700
8,347200
17,578400
79,594900
8,336300
13,468000
95,1046900
8,338100
24,744800
8,341400
8,334900
1,145600
8,335400
4,261900
8,457500
35,1084100
8,344200
17,569600
21,686100
8,330200
330,779000
3,213200
8,337300
327,761800
8,337500
8,337000
8,344700
11,414200
8,363500
8,462900
8,494500
11,568400
8,431500
52,2018700
690,878400
8,458400
8,450600
3,254800
8,435800
2,214300
13,621400
8,430200
56,2540300
79,683500
14,668000
8,347300
96,1085400
8,469500
7,316700
13,507000
8,326700
51,1843700
372,356300
8,431700
7,464600
32,1057200
7,315600
133,423700
107,1358900
7,313700
8,359300
7,308800
2,183800
7,306100
6,360000
7,307900
7,309900
161,1149400
3,309000
12,520200
7,325400
31,1253800
7,307500
7,304000
7,305600
144,713500
1,137000
7,306700
57,1641800
7,376200
7,437600
20,783900
7,308200
2,171000
41,1306500
7,303700
110,1382600
117,1592400
7,306700
635,785300
2,169700
40,1165300
7,304400
7,310000
11,409700
4,221500
119,2243300
7,302400
7,319800
1,145700
1,144100
7,299800
1,139400
7,305900
7,300700
7,302400
7,314300
7,314000
7,381700
13,489400
2,185200
26,813600
7,342000
6,402200
372,327200
7,339100
18,698500
7,327300
19,674100
20,712000
7,529900
7,530000
1,214000
7,510600
7,318100
7,346900
285,1273500
90,900300
7,314500
6,284600
449,753700
1,166800
18,637000
7,311600
5,276300
45,1293900
1,149400
23,740200
5,257600
7,412500
6,415600
7,345400
7,320500
4,228500
6,284900
5,259500
7,309400
7,310600
7,381000
7,323200
16,559000
7,386600
7,359300
7,301500
1,162800
7,311300
418,1479400
8,349900
2,180400
1,152400
49,1437500
7,315800
3,206300
7,310800
7,312400
10,391000
30,912000
7,311700
5,297100
4,343200
94,1135900
7,315400
7,310500
7,395800
1,153500
192,380600
51,1568900
7,323000
6,285900
7,315700
80,625500
7,310600
7,316800
2,174900
198,522500
7,310100
7,372700
7,527900
8,452200
2,185600
7,337600
11,420000
43,1316300
44,1268300
7,312800
8,336900
7,313100
6,297100
2,185300
10,392100
7,311500
7,311900
3,201300
7,309300
7,321600
19,965000
73,534500
1,150600
1,148500
26,841400
2,180400
27,1015500
180,1646500
67,287900
3,207200
7,316800
7,318800
87,806100
7,311300
47,1638700
7,313400
315,461000
7,324900
8,337400
31,921000
7,395600
2,189100
473,1349700
7,359800
268,772400
2,182900
7,304900
5,260200
7,308400
7,377800
186,242600
33,1060600
7,334900
9,431400
7,324500
45,1289000
7,311200
7,320900
44,1262200
7,307800
3,209100
7,328700
7,311800
7,310200
1,143800
65,238700
7,309100
656,1871600
7,319900
24,770900
7,308600
17,584200
63,181200
2,186300
15,529900
7,310500
7,313300
1,150900
7,311200
7,311600
7,320700
3,206700
7,313000
7,305600
7,342300
1,148300
7,312700
7,346600
7,421100
1,203200
7,371500
16,585100
2,185500
56,1572100
7,316600
7,318700
7,309900
7,309100
7,313600
17,572100
9,372100
17,572900
44,1291000
1,151100
7,311400
2,214400
7,449400
7,317600
7,323900
7,312400
7,311100
2,182200
5,261500
6,285100
152,921500
7,309500
7,311300
2,184000
7,314700
1,152900
1,157800
7,343000
5,263300
178,1578200
7,422700
6,339700
8,453400
59,1907800
417,1470400
7,307000
2,216500
11,425000
2,177300
3,216100
7,310700
86,780200
7,309900
8,337400
19,632500
7,314900
7,312800
43,1554500
7,315900
44,1270600
72,414800
7,311400
7,322600
7,312600
14,503500
5,259700
6,286200
7,312100
11,489200
7,322900
16,657300
7,293900
4,234400
7,308800
16,852100
72,573200
7,314400
5,261000
7,315900
7,343700
131,367300
7,308600
7,324300
30,917900
7,311400
17,566200
7,308000
7,311200
2,178300
1,164800
153,939800
43,1505000
1,176100
6,284600
2,180400
18,605200
71,435000
6,288500
1,144700
3,208500
120,1658400
6,281600
1,168700
6,371300
6,311900
7,332400
6,346000
2,180200
644,1040100
19,720300
21,935500
6,375500
6,363500
6,294500
8,336000
6,303600
6,286000
6,290200
6,399100
6,293500
6,288400
6,282600
6,289100
1,155700
6,289400
7,319600
6,284900
4,231000
7,311500
1,147400
59,1747000
5,301100
32,1080000
40,1221300
6,286500
10,404200
18,595000
6,373700
48,1407400
6,292100
10,396600
6,287100
6,291900
6,283000
53,1751900
6,287800
4,231800
6,283900
37,1095500
6,287300
6,282600
6,284600
70,364300
6,287700
240,1619200
15,532000
25,785100
2,181400
21,919500
6,377000
4,242400
6,293300
139,579200
6,291300
40,1175800
271,920100
6,339800
2,203200
3,209500
6,290100
6,301500
6,285000
6,287200
6,290700
6,288400
2,182600
6,282800
2,183400
17,575800
6,323600
23,971400
6,289000
5,292100
6,344000
6,300300
6,288900
6,288100
33,1002100
742,2008800
21,685400
27,826700
6,292300
131,437600
6,391800
8,386800
6,305500
6,282300
276,1006800
73,545100
6,331500
278,1031200
6,288600
2,174400
8,339300
1,143500
1,149500
6,284800
5,271200
7,309600
8,336700
143,675900
9,365500
6,311100
2,224800
1,209800
113,1580500
25,780900
6,341000
6,281300
6,292500
6,283300
6,319000
6,286700
6,282900
1,155100
6,287000
4,239300
3,203800
15,517700
6,287100
2,178700
6,286100
1,143200
6,282600
6,289000
4,248300
14,711500
6,305900
4,230300
6,302100
1,157400
6,322800
2,234600
6,324400
2,196200
6,378900
6,319300
6,288100
3,208100
148,811000
32,998000
438,427200
6,282000
15,526500
7,322900
2,178900
6,284800
5,281400
6,291600
6,415000
3,200500
48,1454000
2,192900
6,294000
6,303200
12,472900
16,551800
6,286000
227,1273300
20,649200
6,285600
73,456900
6,287600
7,311500
6,293700
1,186000
15,778300
21,753100
6,289600
6,291000
5,263900
2,176300
10,397900
6,284000
6,287700
6,284800
7,312000
6,291100
6,291600
1,150200
16,544900
6,284600
6,284100
6,285000
3,214700
8,401100
6,295100
2,179800
6,283200
6,300900
1,176000
6,429500
6,361200
6,296400
11,415100
6,356600
4,234300
9,374900
231,1439800
6,293900
30,915400
98,1087800
6,282500
6,288700
9,364300
6,291100
6,333900
6,410200
6,425700
20,675300
6,288200
7,318100
15,527000
6,281200
6,284100
6,283500
2,179700
4,240800
7,317000
12,442000
3,205700
2,184100
6,283400
5,260800
1,145800
6,280300
8,344000
7,311200
211,881300
6,286400
1,149400
9,443200
560,575400
6,288700
2,198900
4,286700
4,293400
3,214200
43,1301700
6,289400
4,237900
54,1517100
599,1496200
6,309500
7,367400
2,223900
1,194000
2,247900
3,333500
16,724200
43,2233200
6,478900
6,475100
6,447600
6,474900
6,451800
119,2499400
6,413100
5,300500
1,167000
2,214000
6,280800
23,751900
7,305200
2,167600
1,152500
112,1524600
4,229900
33,1031000
6,295700
64,205100
7,300800
5,248200
6,275300
2,175700
6,277900
19,631300
6,334700
6,289800
2,158500
6,312900
3,208400
6,282300
6,285200
6,281100
6,282700
7,309300
5,261800
3,204200
8,349700
6,287600
2,163200
6,312000
2,173500
2,172000
33,1061000
6,280500
5,254600
6,276900
1,147500
6,376500
1,139500
6,276500
3,209200
443,694200
6,446600
174,1523100
6,289200
566,568400
6,293400
15,509800
6,278200
6,279700
6,279500
157,1132200
21,679700
39,1158700
6,277900
6,395200
6,305600
6,378800
6,297400
6,289100
12,457100
6,334600
6,280300
6,275900
54,1547100
6,270400
6,284100
4,232300
6,285100
16,546900
32,966600
6,327700
2,179500
48,1560500
7,318700
6,279600
6,287600
16,577100
6,279000
4,230800
6,287600
4,227500
6,278100
6,323900
8,423700
6,359900
6,340300
382,701500
22,704100
6,288400
6,279100
35,1131000
162,1410600
6,283100
29,872300
6,281800
6,289100
6,303500
6,293300
6,288600
33,1045400
6,294500
4,249600
366,1728700
20,720600
6,325500
41,1314200
6,286900
6,288300
2,181500
27,839000
104,1401800
29,1032900
6,406600
3,286500
6,416800
6,437700
1,204700
7,448700
34,1401900
3,214300
37,1349200
6,332600
27,1322100
164,1596900
6,350800
20,805600
83,917100
109,1926600
6,361000
6,366400
2,210100
9,462600
18,851700
25,1019000
6,395200
6,320900
6,354400
286,1404900
6,289000
2,182800
21,1025400
289,1373300
6,301400
13,477000
1,151000
35,1045500
6,278300
3,209100
1,154600
6,296100
1,150100
10,400800
6,287500
27,864500
16,558100
6,297000
141,888200
6,309400
7,496000
6,330600
37,1399600
89,1039000
6,290800
6,292000
22,832500
6,291200
6,306600
6,291500
89,874400
656,1732800
6,304700
6,377200
6,306300
6,300100
7,344600
4,243400
6,378600
464,1115400
6,287300
6,292200
6,287900
6,293600
6,296700
4,241700
6,287800
2,178900
6,286200
204,688300
2,193000
349,1694800
6,313800
2,184100
6,331200
3,234400
6,297100
105,1307300
6,290900
12,461400
6,286400
6,277600
36,1079000
6,285600
2,178800
35,1046600
2,189800
6,395000
172,1652400
16,557700
6,288600
6,296100
8,341300
156,1041500
6,354500
6,291000
2,180900
38,1164500
6,284800
351,1729000
2,251000
6,389600
6,424100
6,300200
8,343800
23,740900
6,350800
6,285000
19,626000
6,285400
6,288400
6,299200
10,412400
6,289200
6,284700
94,1001700
110,1460600
6,417400
7,461500
546,1660700
6,289800
6,284300
225,1283700
25,775700
6,287800
28,862700
8,384700
1,153000
18,747300
21,917300
1,163200
10,429400
108,1388900
6,290700
6,285300
6,285100
103,1271600
6,280700
11,418100
9,365200
44,1300800
6,282200
10,388500
6,294200
8,528400
3,297700
6,290700
17,570600
6,286600
76,528500
6,286500
14,496100
6,285500
25,799500
725,1584400
6,371500
57,1943100
6,279700
7,439600
2,217100
6,379200
6,300900
42,1219600
6,287200
212,957000
6,279800
6,288600
4,237200
71,391900
6,301500
5,260100
4,235400
2,179500
5,259700
5,312200
31,959700
5,266200
5,288200
5,297400
39,1188500
2,176900
5,258800
5,258600
1,149600
29,936200
5,308400
99,1121700
5,272000
6,335000
215,1032100
5,260800
2,186800
2,175700
5,260400
1,147400
2,181700
2,178200
176,1964900
2,181600
15,538200
6,409100
5,343200
2,178700
302,1728500
5,256600
447,656000
4,239800
5,261800
16,557000
5,266200
6,321500
5,255000
3,234200
9,368100
5,277900
5,269400
3,222600
5,263300
2,203200
7,314700
1,182200
5,273200
7,315200
19,619400
5,259400
7,314400
5,311000
9,513000
51,1636800
5,260200
26,801100
6,296800
5,306900
1,219200
5,302300
15,557000
5,259500
7,317800
5,262300
14,517400
5,258700
169,1345100
146,762600
11,414100
5,267000
21,680000
5,265200
5,254700
189,284600
14,491300
1,150900
22,1010300
1,153000
5,286200
437,416200
7,322900
5,275500
5,260800
5,261800
13,488500
5,309000
4,342500
8,390000
5,272400
280,1062100
4,224000
23,729700
5,254000
5,251200
5,254900
5,254200
259,538500
5,364100
5,281100
5,316200
1,204600
5,268600
5,266200
5,257400
5,252300
5,258100
5,250300
45,1379000
5,262600
182,1735100
2,179400
5,259600
5,384000
6,283700
5,263800
2,178900
50,1773900
5,272900
6,290400
5,261100
5,260600
18,804500
118,1735200
5,264000
65,292100
5,258600
5,257800
1,158200
17,572500
5,258800
2,253500
1,149300
5,259500
7,314100
5,364500
5,394800
110,1436500
5,260300
5,266400
60,1753100
5,263100
5,262000
5,263300
7,308800
2,206200
5,260300
9,363300
5,261000
5,260100
280,1284400
6,324300
397,1118000
271,967500
5,257300
20,653300
5,258200
9,362500
117,1593300
5,262400
5,261700
64,208800
8,340500
5,256300
3,216000
302,1987300
5,292200
5,265400
11,416800
596,1371800
149,866300
7,307400
3,201700
16,542900
5,260500
14,494000
8,333100
1,147800
27,845200
10,389700
103,1599900
5,390200
5,284700
5,333000
5,351800
6,293600
7,312700
1,147800
114,1646900
22,701800
5,264500
2,202000
351,1340200
5,262000
2,180700
1,150500
5,309900
1,185900
272,956100
1,169300
25,791800
5,280900
2,178800
5,266100
5,259500
5,265400
6,284300
3,212800
5,278800
2,182100
8,340900
5,255300
35,1035600
108,1339800
257,472600
1,151500
56,2060800
5,259200
13,463500
5,260200
5,257900
135,460200
5,260300
6,286900
5,262600
2,176400
7,311400
2,184800
5,256200
5,263500
26,805800
441,499200
5,257200
6,285900
5,264300
13,645500
5,395900
22,721900
5,259300
31,932100
3,208300
1,153800
17,573800
4,235400
5,274300
5,259500
14,493000
5,258600
1,148400
26,826800
371,2040300
5,322600
16,681600
5,272400
1,144200
45,1339200
5,316000
8,342100
5,256000
5,257400
44,1352400
6,287300
5,258100
5,265600
1,154400
404,1159000
5,256800
101,1346800
5,309000
11,475000
24,832900
6,295700
14,493800
5,258100
4,233900
8,338900
1,148800
1,157300
5,264000
130,346300
4,234500
6,282100
111,1510500
5,370800
51,1868400
57,1671300
5,260600
5,257700
5,261000
5,262100
5,253500
1,148600
13,483000
1,145600
82,796300
8,340400
20,658400
32,955200
7,372600
5,324200
5,293400
6,404100
4,243000
5,260900
26,811800
12,448000
5,305700
193,398300
8,341100
1,143900
65,247200
5,255200
224,1190400
11,422900
5,277800
112,1607800
5,316700
6,440800
9,510500
5,260900
5,260800
5,261000
5,260700
8,339200
5,259600
251,318100
3,206000
5,258600
5,268100
1,145000
5,288700
27,867800
35,1049600
5,260200
4,225900
80,631200
5,256500
5,268500
17,720100
4,312000
1,180200
10,400400
25,786700
5,257500
15,516900
5,258100
5,260100
8,340000
6,285500
5,256100
1,148400
5,256700
71,391900
5,320800
12,484900
7,313700
5,292300
5,263200
1,148400
2,181400
4,239800
23,745200
6,336900
319,729500
5,270800
2,178000
5,260500
82,806300
3,207400
1,154200
5,270000
5,259900
14,496700
5,264700
10,394000
5,259400
104,1255700
5,260500
6,285500
5,327200
3,212600
5,257900
76,536100
5,383200
5,397400
5,331400
761,896800
169,1349400
44,1398000
5,283700
6,295900
6,284000
722,1485200
5,259100
1,149100
10,394200
5,278800
5,374400
3,244200
15,565100
5,259800
5,264000
7,307500
5,258000
1,147500
5,274900
2,187200
5,258900
5,257400
5,257300
5,259800
5,263400
19,635500
5,258300
5,259300
2,179300
95,1018900
187,237400
5,260700
5,258200
8,334900
6,311300
6,353500
5,263100
3,211800
5,240300
5,260800
5,259200
6,286200
5,262100
5,270700
5,256700
5,376000
5,327100
110,1471300
5,259900
4,229400
47,1374200
37,1097200
25,1106500
5,299600
2,213500
5,276100
2,180900
5,268600
22,787600
38,1118600
5,277700
5,268500
625,544000
5,255600
13,464400
5,268600
60,1679800
10,404800
14,622500
5,304400
2,205700
25,790200
5,263600
5,373000
1,146500
5,321400
114,1611700
7,313500
5,315400
18,603200
5,260200
5,267200
5,263100
2,179700
5,288500
5,262100
14,499500
5,273000
5,310800
8,417600
2,180900
5,264700
7,394200
5,269100
5,262500
255,420600
5,261000
22,713800
57,1603100
5,269100
5,261300
223,1167400
2,178000
5,271700
2,178200
209,1134100
29,1058500
5,358300
268,1031000
22,741900
70,367900
5,261000
1,139500
146,766700
27,906600
5,261800
77,546800
5,273600
24,756400
1,143800
7,402500
7,336800
5,272900
5,282500
22,696900
5,296300
5,256800
7,321900
5,258600
66,262500
7,306800
3,205300
11,415800
205,715400
5,261200
29,884100
43,1250300
5,258600
8,347900
5,366400
2,291700
5,325300
5,332900
14,590300
5,262500
1,154600
5,276500
275,944500
5,257500
6,287800
143,695100
7,307200
22,701400
5,262400
6,281600
11,411900
5,261600
59,1943200
2,226900
5,273000
5,262400
3,208500
152,941200
19,643600
5,262900
5,260900
3,206700
14,493100
5,314600
1,162200
5,256600
15,556000
101,1174300
5,263800
5,260500
5,259400
29,1244700
5,259500
5,263100
11,415800
20,643200
5,266000
3,205000
5,258400
405,1138900
5,256300
5,272100
28,846900
5,258000
5,255700
3,216300
91,927100
6,286800
2,195900
13,659400
189,323800
6,320300
153,941800
1,148400
5,268300
4,235500
5,256200
5,260100
5,258700
5,258100
5,260300
5,259800
5,270000
5,259400
5,260400
8,406400
2,184800
21,680100
5,261800
6,326300
7,363600
2,184500
5,313700
5,271900
5,341200
62,196000
126,270000
55,1740100
5,261900
5,258000
102,1205400
5,253800
4,232500
6,284900
5,258700
171,1517100
1,158400
2,179300
5,256500
8,335800
5,266200
4,284900
4,255300
450,947400
9,364100
67,293400
4,235400
2,181000
12,436500
4,228600
6,290800
4,230900
2,182900
4,274800
4,236900
15,518300
167,1338000
28,977500
4,288400
258,508800
5,328900
8,335900
9,456200
4,233600
37,1101100
4,231100
3,199000
66,261800
4,226600
4,241400
8,345300
4,231500
4,233300
6,283600
1,143700
1,195300
4,233400
414,1390500
4,236400
7,313000
3,215100
11,420800
15,652200
4,311200
4,259700
4,295600
4,234300
11,419600
4,237500
4,233800
4,232000
5,250500
7,317900
54,1557900
6,287900
1,155900
4,235200
4,285200
4,354900
4,344800
38,1172600
4,241200
13,523100
4,289400
4,330600
4,249000
20,652300
4,232500
21,675900
4,239800
10,395300
88,833700
4,230900
252,343900
19,631200
10,391600
4,231700
15,516400
6,293200
8,344600
32,961800
4,300100
4,251000
4,275100
6,293800
4,235900
4,227300
4,237100
25,809600
4,301000
499,464200
1,148500
6,287200
4,231400
5,259600
35,1247300
8,453400
3,213800
5,268200
4,232800
2,180500
2,187400
2,177200
2,176900
4,232900
55,1991700
7,314300
5,260400
4,248200
12,442400
4,232100
7,313000
4,232900
1,150200
84,921800
350,1378400
4,244000
4,247400
6,281600
8,336800
16,562200
4,228100
1,144000
12,612400
101,1220100
4,287700
1,136500
4,271900
8,321600
49,1387100
5,290800
4,241100
4,223000
4,230100
7,304200
3,197600
4,228700
26,790500
4,229700
193,387000
2,172700
14,494300
4,297600
101,1206100
258,509700
105,1272200
4,238500
7,323700
4,231000
19,619800
6,282100
99,1123700
6,287100
2,176800
1,148600
21,705900
9,370900
3,206300
4,260500
2,203800
16,587300
92,951600
3,208200
4,230600
4,231800
4,235700
3,209600
4,255700
37,1181700
63,186500
4,238000
314,380300
1,148300
7,309300
6,285000
3,222600
150,858400
4,246600
1,149800
2,200200
4,235400
3,218000
6,434000
51,1588100
4,276300
4,236200
3,208800
8,347300
16,544800
1,144400
4,236200
116,1625600
4,259600
8,335400
2,172800
8,343900
153,940100
4,230900
8,429600
27,991300
4,238700
4,224800
4,287500
6,311700
4,234800
4,231700
5,254600
9,369900
23,725800
4,224600
7,307800
19,613100
4,263500
3,201600
4,225100
4,225000
6,276600
4,244600
24,741000
32,1084500
43,1604700
4,237900
13,475500
4,240000
1,149900
97,1104500
4,239700
3,205000
4,240000
4,237000
4,236700
4,231800
147,798700
4,238100
4,230500
4,233700
14,499200
153,1587500
5,446500
2,251800
2,240400
8,380600
170,1392400
4,232200
9,365800
4,235300
17,572100
6,293400
4,235500
427,1717700
92,1071400
4,233500
3,245300
4,280700
4,235500
4,233500
4,269100
2,176000
5,275900
4,235200
5,259300
4,235800
4,234600
1,158400
12,505900
6,286300
4,241400
61,1713900
4,232500
36,1074300
85,887200
4,358000
4,247200
4,254700
12,453000
4,235600
103,1214400
6,287600
4,233700
731,1695200
3,207400
4,234500
12,505800
4,232700
5,264000
5,258200
4,237400
4,233800
2,175500
4,231900
4,255900
15,731800
17,613900
4,234300
4,238200
4,235500
37,1097200
7,318200
4,230700
5,272600
39,1141900
4,239800
4,232300
4,239500
153,962200
4,231300
8,332800
23,820600
4,346300
264,874000
15,509400
4,224800
228,1294600
6,285000
20,641100
4,238500
215,958600
4,233200
46,1350100
6,285700
7,316700
4,237900
9,439800
5,338600
4,248600
4,263000
4,328000
4,258100
3,209800
60,1695600
4,235600
4,255700
4,238500
7,309000
10,385500
4,227600
1,149700
26,806600
79,597400
6,379000
103,1770400
4,230100
21,664300
4,239800
4,234000
2,178700
6,298400
2,206700
1,151700
39,1150800
4,226700
4,228800
4,231000
20,643300
2,207600
8,353200
4,227700
4,302600
4,232600
8,333100
4,233300
90,1042600
68,377100
4,237100
6,288300
4,235700
4,239900
547,1667700
63,187700
4,230100
4,233000
6,283500
21,674300
102,1193900
4,320900
1,194400
2,242400
10,557800
25,1064200
5,334900
6,361300
7,411800
6,365900
6,367900
25,1024400
20,880100
92,1247500
4,296000
82,887100
4,302900
1,183500
302,2131900
4,240700
4,238000
1,149100
4,237400
302,1663900
232,1434700
1,147600
4,235900
11,591900
2,247300
4,258000
1,147700
4,247200
7,309600
64,212600
12,448500
6,371600
4,285900
12,471300
201,606100
18,689800
4,234000
4,248300
4,229400
4,228600
6,289200
14,538800
4,234000
18,617200
4,234600
9,364200
4,239400
4,233800
4,241500
11,435100
6,286900
4,235400
6,287000
2,181000
4,239700
5,334500
4,350100
4,284300
10,490600
4,231100
4,237300
4,234000
3,205900
6,297300
21,670400
91,909500
5,332800
4,263800
6,300700
12,437300
4,232600
184,1742200
99,1308700
5,318300
4,258600
1,147900
5,259800
5,257800
120,1660300
2,180700
12,450900
531,1259700
49,1393200
4,232500
24,742500
4,238200
6,369200
5,258100
4,239500
110,1558400
118,1704000
4,289300
47,1531300
4,232000
4,233000
12,436100
7,316300
145,765900
11,448200
4,334700
167,1596300
18,600200
15,528100
6,291400
3,207100
4,236800
4,230600
68,312100
20,645700
4,254300
5,266200
12,443600
7,313200
4,237900
7,310800
24,761400
4,231400
2,193900
1,185500
23,856600
4,280700
11,452200
5,259700
18,599100
129,335200
4,322600
4,330700
5,265200
269,784700
56,1644300
7,311600
82,730700
4,233500
108,1808300
4,364900
4,236200
7,312000
5,260500
199,730500
4,301200
3,218200
4,222100
71,371900
4,217300
12,572200
6,369600
11,440100
42,1229200
325,653700
130,381800
4,294400
38,1283500
68,403800
4,244500
363,1846300
5,350700
4,297700
17,757100
4,287100
16,725700
4,290100
37,1494800
3,257000
3,256300
4,290100
3,257200
4,295100
26,1115900
6,399600
22,1033200
6,432100
4,270100
4,237000
38,1121200
4,238000
37,1072500
4,233500
17,654400
4,259000
9,377700
4,240200
4,272400
2,196200
2,177800
213,1357200
16,757700
4,298000
387,926500
4,291200
4,301700
4,294100
7,398500
4,290000
18,822400
4,306900
706,1277700
4,235000
4,231200
4,222800
51,1465000
58,1624600
94,1240900
6,271900
1,184700
8,347600
5,252100
20,656100
23,832100
4,239200
138,721600
29,928200
4,228700
15,767800
65,332800
4,334500
1,194700
15,794300
1,200000
8,400900
4,227700
1,145200
4,226500
11,405800
20,647500
5,253900
4,226500
5,253900
4,289100
1,196600
4,275900
93,974700
4,266700
4,264400
4,223800
1,134500
44,1276800
2,172600
4,225200
665,1572500
4,227300
4,226600
10,394500
14,512200
4,281900
4,226100
4,256400
9,456000
13,644600
150,885400
32,1036600
4,238000
19,668400
55,1639300
7,350800
18,732700
4,233200
6,280700
83,712500
4,264400
4,233200
8,552800
7,410600
49,1858000
4,331800
55,1719000
4,228400
2,200100
4,269000
11,437800
4,239800
4,263700
4,234300
4,230100
151,916300
10,592000
115,1649100
18,608500
4,229500
1,171600
4,237700
4,234500
4,244600
4,234200
4,278800
6,416200
32,1619600
4,282500
2,191600
3,220500
9,379400
4,295400
4,245300
2,190100
4,295000
1,156100
22,994300
4,243500
13,545700
4,235000
4,243800
4,239000
4,248700
4,238000
14,537600
24,805000
6,323200
10,439600
7,347700
39,1600400
4,240500
13,605200
31,1064100
243,1950000
4,248000
6,334400
4,230900
62,145800
432,2090300
4,245800
57,1762900
80,983900
4,254500
4,237900
4,246900
261,654600
53,1966000
4,264200
3,279600
584,1198300
1,151900
4,242900
69,339200
116,1787000
32,1119800
4,322400
20,681700
35,1086400
4,261400
4,248600
6,289600
4,243900
2,179500
2,191500
74,489700
6,288300
7,356100
3,209800
4,238500
4,241200
4,251400
5,268600
1,148500
4,289500
7,441800
3,283600
4,325500
9,438300
4,235400
4,254200
29,1125600
4,302900
4,245900
4,248300
2,225600
6,292600
2,189400
5,289200
4,251000
4,234100
4,233400
4,232100
4,241900
49,1420300
4,249400
5,288400
1,181900
4,337200
2,205000
4,224500
7,322600
4,223300
2,193000
6,305700
10,390800
510,718200
122,1723700
4,235500
2,193000
5,264000
4,244000
3,209200
4,234700
36,1094500
6,308700
6,283400
4,246600
4,255000
6,410700
4,257900
2,199900
12,568500
4,273300
3,273700
4,271300
4,309200
4,276200
4,290400
4,221600
13,455300
77,536100
5,242900
18,590800
36,1079400
4,218800
28,877200
2,219600
4,292200
2,217200
77,734900
4,319500
23,989400
4,293300
1,175100
24,991400
4,294900
4,291100
402,1525900
5,338000
7,405500
17,980500
221,1561100
2,218500
7,411300
2,231100
7,419700
18,834200
4,299400
2,214700
10,520200
4,294800
4,309800
7,421200
4,297900
4,300900
6,380800
6,375800
4,309400
4,297500
4,285000
1,180300
3,261800
17,818300
4,305600
186,269600
1,183300
4,304900
4,298800
4,301800
22,977300
4,301000
3,271400
1,196100
38,1734400
4,303600
2,229600
7,418700
4,292300
4,301300
80,856000
4,327700
5,338200
4,314600
3,268000
7,428400
7,420200
4,305900
7,404100
4,298300
13,636200
60,2444300
4,308300
6,369300
4,374700
1,181600
4,308200
5,358000
13,751900
7,410500
4,296900
4,309200
4,305100
2,241900
32,1357300
99,1564900
4,298400
189,394300
4,303600
8,447300
1,181500
4,297900
26,1136500
4,298100
4,320100
69,452000
143,954100
4,296800
4,297400
4,388100
4,335400
2,226600
4,303400
45,1983500
4,377000
1,208900
92,1577500
4,340300
220,1830200
13,770300
4,357000
142,993400
4,255800
4,311500
170,2322500
4,344800
4,250600
4,244400
28,1337900
8,562900
6,425500
25,1228600
30,1069100
97,1722400
4,356000
4,383900
2,256200
18,709400
33,1170900
4,265400
14,831300
7,511400
1,204000
4,318400
4,263500
2,215200
4,237700
4,236300
7,338000
4,241900
8,479500
5,309400
12,631800
4,339400
24,788300
4,263300
6,336200
4,322400
4,259400
5,286400
6,300800
1,147600
53,1626000
4,242900
6,298800
4,233800
60,1685300
3,240800
4,275300
3,243600
6,312200
5,323600
4,288200
200,594600
7,326100
7,405700
4,393000
3,301300
2,214900
4,328400
15,539800
4,253200
4,231300
10,410800
4,236000
4,234000
1,152300
6,300400
67,297300
4,236000
30,983900
4,349400
2,239100
174,1748800
4,253700
106,1485800
6,334000
9,380600
4,255400
168,1378400
2,181700
4,237700
9,461000
4,249300
4,285900
1,161100
4,303300
3,245600
4,247100
4,244200
2,197800
4,289400
4,295400
2,227500
2,207000
16,586700
7,503600
4,273900
3,246000
5,314400
3,237000
2,186500
6,294100
1,153800
4,242700
9,367300
4,235600
4,243800
298,1917400
13,476500
5,262400
12,445400
4,232200
153,950000
4,236600
6,323400
6,424300
3,275500
4,283400
4,239300
52,1518600
135,486100
4,233200
16,551200
72,422400
9,371600
6,305000
4,265300
147,800500
5,256900
151,907600
2,180500
2,180000
15,601900
4,257300
4,270200
2,246500
4,247100
66,257000
4,238200
144,699300
2,203100
6,431700
4,265100
7,352200
99,1149200
6,291000
114,1519900
4,233100
4,322600
264,667400
31,1319000
4,240000
2,177800
141,634800
4,243100
7,317900
4,232100
12,437300
4,233100
4,230400
4,230400
35,1041000
4,234500
7,315800
5,259900
4,248400
58,1617400
7,357000
16,631500
4,272500
4,235000
4,231500
3,212500
2,182100
4,297900
2,245000
4,256400
4,225000
3,206000
7,312400
7,314600
4,239100
26,796300
4,255400
11,426800
15,530500
10,477100
1,153000
2,182600
275,969500
4,245600
14,711000
91,948500
10,394800
104,1232900
4,233500
8,346900
4,232500
4,231100
69,349900
20,641800
4,236300
4,244000
8,334800
321,546900
45,1321200
4,287500
111,1736800
4,348600
2,184700
4,234100
121,1692400
1,150900
1,146300
2,182600
8,335600
4,258800
1,151000
3,207700
93,958500
10,392400
60,2086000
6,303300
3,207600
64,212100
4,239100
4,233700
4,229200
33,1002300
5,261700
4,243100
33,991600
5,274300
4,231400
4,240000
4,236300
12,435600
6,291900
2,180300
4,239000
1,152900
4,234300
3,207600
4,274100
4,302100
13,570500
4,242400
4,240000
23,736400
274,923000
2,179300
7,311400
4,259000
1,150300
140,601600
4,238200
48,1346300
4,227600
11,414100
40,1153300
4,239600
6,337600
18,621000
57,1619400
4,280500
1,155200
1,150600
4,233300
4,235100
4,234100
1,150900
4,234900
54,1526900
67,294800
137,537800
4,269600
4,231900
2,176000
4,334800
6,406300
16,864800
16,545800
7,315600
4,233100
4,291900
4,238000
33,1244300
4,233200
1,150400
19,632300
247,1788200
5,260400
4,240300
2,189800
4,233700
4,234000
9,364600
6,344600
1,137100
4,311800
3,277200
5,306200
3,264400
4,317800
2,185800
8,335300
4,241000
60,1676100
40,1156000
93,1635400
1,150000
4,230500
3,217300
4,235700
13,563900
26,1009800
31,937700
7,325800
3,205700
27,894400
7,312800
4,232000
12,456600
22,696200
7,312400
4,243900
4,231700
4,236500
4,232900
11,410600
8,337300
4,231500
8,331900
87,894300
4,239800
61,1777700
1,152900
4,238700
2,180000
4,231900
8,332200
31,926800
4,244600
4,272100
4,282900
29,1028400
37,1068100
2,187200
4,250000
4,270200
535,1477600
1,149000
4,240900
136,498100
4,229900
110,1393900
4,232100
4,232500
41,1191300
120,1665900
5,259800
4,231200
4,272200
4,238900
7,399500
51,1464200
8,340900
28,867700
4,259200
2,258800
4,288700
7,311400
4,234300
1,147600
2,185300
4,241800
4,261200
9,359500
16,537900
4,224200
4,238000
13,473900
4,233800
22,838200
4,266300
12,553000
4,237700
7,307500
4,233300
4,236900
4,230200
15,531000
4,255800
1,144900
4,231700
36,1049700
4,306900
4,230800
3,207800
3,207700
89,851800
1,149400
3,212800
13,465200
6,283000
3,205000
3,257900
3,232100
7,311300
3,201000
3,205900
23,724700
3,208200
3,214200
19,633100
3,254300
442,875000
177,1578800
3,212100
9,361200
19,629900
3,211600
3,205600
2,177500
9,366800
3,220300
3,256600
3,208800
4,320500
8,341400
3,205400
3,205900
1,153600
1,150600
8,343300
2,177000
22,712600
29,941300
3,213700
6,294700
3,267300
614,1824200
36,1078800
3,246000
14,626500
5,352600
3,246400
3,210600
3,218400
5,258900
491,2157000
6,302900
17,573500
100,1132100
3,208100
2,176300
4,238100
214,949400
2,181400
3,207100
6,288700
7,379100
3,210200
5,276200
3,203600
6,295900
2,179000
3,203400
11,420300
3,208900
16,538900
11,405500
3,206100
3,207800
94,984100
4,233400
1,153200
8,340800
3,206500
3,210800
3,203100
96,1022900
4,238500
3,205000
18,651300
3,251900
74,574300
8,337200
8,337800
6,353200
1,144500
3,249200
4,265700
3,202100
3,204600
3,207300
32,974000
4,229900
2,180800
3,204100
3,205700
1,151500
3,215500
3,211700
98,1081700
3,310000
7,316800
4,244100
47,1679300
3,219300
12,437000
3,207200
4,231300
5,260300
3,209700
31,956900
102,1179300
245,1740000
3,205900
21,706600
184,2092600
3,232800
56,1933100
1,154700
175,1507200
3,206500
57,1609500
106,1354100
19,778600
4,220500
2,180800
14,493700
3,207000
124,236700
3,210500
8,338900
6,286200
6,292200
9,371500
3,204900
4,229000
3,213400
17,567100
3,233100
3,203700
11,410600
2,179800
144,712600
3,205900
3,205800
4,231700
5,258000
76,644000
3,223700
10,441900
13,527700
3,207500
10,389400
3,219100
501,466300
6,281800
3,213100
3,206700
8,336100
3,208700
22,726900
52,1484800
104,1241600
4,233200
3,205400
6,368400
1,179300
194,564000
3,211500
3,208400
3,201200
29,970000
80,663000
3,211300
3,206900
19,660800
7,312300
3,205400
46,1330400
3,205200
17,563600
3,202400
15,516800
9,430600
40,1486300
1,151700
3,222300
3,212600
3,210000
3,205200
3,208400
3,201900
104,1267800
4,228700
133,417200
3,209400
4,239000
13,475600
108,1338300
3,204400
326,687000
1,147000
3,286500
1,171900
26,923500
15,532400
89,920600
7,313600
1,159600
3,212500
62,148500
68,327400
100,1190400
108,1550900
300,1777300
5,388400
3,258200
50,1425600
161,1230200
8,338200
10,385900
201,599200
3,208400
3,200700
3,207100
166,1272700
3,214700
3,208600
7,307600
3,220700
1,148900
679,2299500
1,155800
3,207800
3,221700
3,205900
6,323600
5,284800
3,273200
15,720800
2,242200
3,262000
7,452900
1,182200
3,223500
4,229800
2,161700
6,296400
3,208000
4,235400
1,147700
16,643600
5,278200
17,771000
5,261100
13,466800
147,803800
17,567600
3,204200
2,176900
8,333300
3,203600
4,229000
3,211500
2,179800
7,308500
4,232100
143,676200
11,414600
4,237700
3,204600
257,474400
3,205700
11,445100
3,208900
6,319900
147,959400
8,343000
5,258800
80,643100
3,211700
3,207900
6,286800
5,258900
3,206400
3,207200
5,264400
3,202600
310,348300
6,342500
3,210300
25,769500
3,219100
3,205200
3,213300
3,205400
2,177800
13,463700
4,230000
4,239500
4,239900
96,1215600
4,238900
41,1214500
3,205800
3,233400
3,213700
184,1743700
130,339100
4,241000
14,528300
210,889600
3,205900
4,233800
13,495600
14,570800
4,287200
3,206200
7,317400
276,975000
3,215800
2,180900
245,2006600
3,278800
9,422700
22,702100
3,208400
29,874500
3,217700
9,364300
16,601900
3,306600
3,286600
3,214300
7,325200
6,288900
3,202200
1,154200
12,438300
4,233600
1,148600
1,150700
14,500900
38,1138900
4,234600
4,243100
41,1194700
380,505300
3,221700
4,233200
3,207300
4,231200
3,206000
13,591300
3,248600
3,261200
2,203900
3,206700
544,1716300
3,203000
3,206600
6,275800
6,282400
4,227500
148,806600
3,200000
289,1291700
9,366200
3,196300
13,453400
3,195700
4,235100
5,276000
34,1123500
3,209200
13,469700
3,203200
3,208400
3,215500
16,570200
3,203500
3,206300
40,1171600
1,146800
1,150000
3,207200
35,1027600
6,295800
20,644400
1,145200
6,286900
3,204900
1,147300
3,253600
3,296200
3,215200
3,304700
3,222900
3,207600
3,203700
4,245800
2,253000
23,875600
4,270200
394,868400
4,235900
3,208100
3,207200
245,1736500
6,285500
5,257700
2,181000
317,452700
3,202500
40,1431400
3,211800
1,149100
3,207800
29,877100
6,286700
2,182100
10,386300
5,264600
25,777100
3,205800
3,205700
1,149300
3,207700
10,398400
12,440700
4,278100
1,150000
3,207100
1,146700
3,213200
4,230800
188,269800
13,499200
5,427100
2,243800
5,273900
27,1140900
87,844600
13,478800
3,208700
3,202600
7,306100
46,1372300
327,774400
7,325700
10,397800
3,204400
3,245300
3,206300
3,214100
21,827200
3,280900
3,221000
4,216200
3,207900
3,208200
3,201000
1,148700
142,657900
5,265200
3,215700
3,207300
436,369000
3,204300
3,211400
8,344000
11,419800
3,203700
2,178500
24,753200
3,204000
2,180400
3,208600
3,212300
7,307700
3,207200
3,205500
8,377500
6,328500
4,277800
3,218100
4,271700
3,208600
4,241200
4,233100
26,814500
3,216700
8,336100
85,750800
3,207300
2,178600
3,202900
5,265800
1,147800
3,208100
2,176300
41,1231900
4,247000
6,285800
3,225600
272,970000
27,1035300
3,211000
25,791200
25,799400
37,1085900
3,208600
6,299000
3,204300
33,982600
2,180100
19,635500
138,547100
4,230900
43,1753500
36,1080900
4,471300
124,385100
3,347100
2,237600
3,274700
3,259500
3,260000
4,233200
3,205700
21,685200
6,286000
144,775500
3,204400
3,217400
1,149900
17,570900
116,1676800
3,242700
3,207000
45,1342600
51,1431200
7,318900
29,877600
5,259300
8,334900
4,231200
1,153900
9,448200
34,1383100
3,288300
4,261600
3,205500
2,177400
509,712400
3,206800
33,983600
256,446500
2,178700
45,1287900
3,205300
561,445000
46,1327800
6,287200
12,453300
22,917400
210,868300
7,310100
52,1473700
3,202300
446,636200
18,594500
26,803200
3,202900
15,680200
1,159100
3,261700
112,1835300
5,331100
3,238900
3,207200
26,815700
6,282900
4,232400
35,1026300
132,408200
3,202400
3,205500
2,176400
6,286700
35,1038200
7,309400
3,202100
10,389700
42,1241000
5,294600
14,619800
3,265300
84,752800
3,206600
3,209600
4,233300
2,176500
3,205000
6,286700
14,495400
3,206500
3,207900
118,1742200
3,207900
3,238000
3,207300
25,808500
6,284700
3,205300
20,787500
20,813700
89,860300
5,306900
20,658200
114,1494200
3,253800
26,816600
3,204900
51,1448600
3,201400
7,311800
30,1087400
3,219000
10,392700
3,207900
137,527300
3,206700
1,154800
2,178900
2,183600
5,258200
3,199700
3,202000
1,142300
16,539100
20,654700
38,1535000
3,208100
2,184900
2,180900
3,203800
3,205400
4,232600
4,232700
30,1274200
2,250300
3,217600
64,210900
3,245900
3,207800
4,230500
4,240400
3,211300
8,338900
3,207400
4,230400
1,148900
3,206900
2,179300
216,1054300
7,311600
6,285700
122,1733500
128,289900
98,1550000
2,179100
112,1466300
3,209500
9,390000
3,211000
1,148600
4,235400
1,153800
6,388000
533,1490400
195,445400
1,149500
54,1633700
5,269200
3,214300
110,1444500
3,210100
7,307200
22,696800
1,148900
3,207900
3,217200
9,381000
73,449800
4,232100
8,337000
3,200200
5,343200
204,682600
2,175400
1,163800
16,535600
6,292300
3,213500
308,2115300
3,213800
3,205700
67,287100
3,206800
1,149500
3,207900
8,346000
2,226200
5,278100
3,247100
3,239500
15,523600
3,205800
365,1677200
294,1594300
24,993000
5,263000
5,255500
4,235300
1,147400
3,206000
3,202200
45,1300700
3,205700
3,205000
29,900400
83,700600
3,203800
2,182100
3,204900
7,314600
6,294800
2,179000
3,206800
3,204100
2,210100
7,521200
4,250200
169,1346000
3,207800
3,199500
47,1639700
118,1610900
3,208400
3,206500
15,514800
94,993100
3,206100
3,229400
3,286100
4,273600
3,270000
4,235200
45,1288000
4,245000
3,205000
13,467600
33,980800
3,206600
17,577800
3,207500
1,152100
1,151800
29,871000
12,484100
104,1271100
6,313900
5,287300
8,522600
6,285100
3,201600
96,1256300
7,361400
6,290900
3,206300
4,229700
3,213000
3,203800
3,213100
2,178100
177,1588600
136,497900
3,212100
143,679800
6,304600
3,309500
4,265900
1,172200
18,600300
5,259500
141,639900
4,235700
3,207000
293,1423400
3,207400
3,205200
24,774500
3,206900
52,1467800
20,644100
26,1103300
5,379200
1,178300
5,277200
3,216200
3,215600
5,262100
3,206300
3,207300
6,284200
1,151900
9,361400
3,212900
4,233900
3,203300
3,205200
9,359500
3,200800
7,307700
3,203700
4,238700
4,235500
14,491400
3,203200
9,365800
25,810600
3,203300
3,234400
5,292800
32,1081200
78,579200
127,263400
4,244500
17,567200
1,149400
5,272100
4,232400
4,259100
3,204700
1,154200
3,205600
96,1076900
7,311000
23,719200
7,336400
398,1009600
3,299100
3,227100
55,1672700
2,178600
4,236700
3,202400
4,233200
2,363000
3,261100
65,298300
176,1760300
3,258100
1,154700
3,238900
3,215900
8,333900
3,203900
8,338200
9,378300
42,1666000
118,1652400
124,244200
6,288100
2,209100
3,206700
4,240300
3,232400
3,241800
9,372500
3,207500
14,489700
17,604900
1,185800
6,305200
2,206100
52,1597600
288,1326800
3,258100
3,203300
12,444200
15,514200
3,201400
8,336200
4,239900
2,172700
18,588300
3,203900
125,212300
3,202600
7,307300
3,212400
8,344600
3,206300
6,283000
10,383100
23,746600
6,410500
26,1035600
3,212000
3,218900
16,544800
3,209300
1,146900
1,149700
4,232100
2,177400
4,235500
4,240500
3,206600
15,521400
55,1715300
3,220200
11,612900
64,300000
3,227500
10,397100
55,1747900
1,148000
6,290400
16,546500
3,204500
3,206800
1,146900
3,210900
3,206500
63,179600
3,204500
7,311600
1,147100
3,206900
33,988900
7,311400
1,170600
3,208600
5,258800
1,154100
53,1606300
3,215500
4,271600
2,212100
9,388100
3,205100
39,1130900
18,641700
4,236600
3,205400
11,454100
3,269900
3,251500
25,839000
25,777400
3,208200
1,143200
10,432500
3,205800
3,204700
4,230000
6,333600
3,414100
3,358400
2,195200
457,1009500
19,604100
3,199600
1,144600
9,343200
3,189200
9,343800
60,1653200
7,335600
22,695400
3,217400
7,311700
36,1075700
3,253800
3,230100
3,271200
3,245400
3,320200
7,315900
3,204300
427,1751100
31,1296100
6,314300
581,969600
3,210800
82,675900
6,298500
31,1031100
33,1180800
5,272500
3,213700
2,181000
7,318700
3,208000
3,204900
3,202500
8,366500
11,417800
3,213800
3,238600
154,1005600
8,325000
17,585400
57,1616700
3,225100
58,1989700
192,373500
3,206500
8,341800
3,248000
2,204300
38,1370200
3,208300
107,1325100
4,276200
3,206500
5,259900
55,1609400
2,215700
7,440400
4,256100
3,218500
3,211500
4,239100
6,284200
3,208300
3,228600
6,284300
3,207300
5,267400
10,386800
43,1251200
4,235000
15,532300
3,201900
5,258600
12,447300
4,235400
15,529000
3,208700
98,1342900
2,178800
121,1739000
7,344000
3,214800
2,214100
6,313500
3,251800
7,315400
4,228000
2,169300
3,206300
4,227000
462,1033500
4,225600
3,198900
18,597500
3,204900
3,202200
3,208200
2,256900
3,236200
5,322500
3,212500
3,237800
3,209700
2,179900
25,775800
6,287200
4,241000
21,665000
4,234700
3,205400
299,1627300
11,420900
55,1543100
46,1431700
3,226900
3,213500
3,207200
3,211500
132,395600
25,785100
139,575800
6,284900
16,578100
6,284300
5,259300
2,181100
4,230600
1,147600
12,460900
7,305800
17,597600
155,982000
3,214600
31,1158700
7,324000
1,152700
251,315700
107,1349900
5,256100
748,550000
3,222400
3,207400
8,343200
79,593600
3,239800
3,207700
1,156200
11,414400
4,231900
2,183400
3,206100
6,289200
7,315000
3,210600
43,1688800
3,213800
8,348600
354,1459600
15,525300
31,925000
334,926000
156,1006400
3,207000
3,207000
8,334300
3,230200
4,255300
33,1068400
3,280500
3,298400
12,632900
9,431000
3,199400
2,172500
3,198600
3,208600
3,197400
9,349400
3,210500
3,208600
10,389600
28,863500
13,462100
3,209000
4,229700
3,206900
4,281500
5,345900
2,202100
3,238500
5,385400
2,181200
24,788900
3,218500
1,148700
3,202900
43,1236500
8,356300
7,315200
12,444400
3,229300
3,206100
6,281900
366,1721600
47,1351600
152,1108300
3,220900
3,204700
258,493500
2,207700
3,245400
82,686000
2,180600
3,205800
3,205500
159,1092600
3,216600
4,232700
4,230400
3,204900
3,209200
21,1167200
3,262000
3,206000
35,1138500
2,239700
87,986200
20,653300
122,1745000
8,343600
3,204600
2,182300
2,176400
3,207600
6,285100
3,218500
56,1568700
63,183700
3,268700
25,984900
34,1070100
6,287800
135,470800
3,207900
3,209400
15,530400
3,209300
3,205900
20,642600
3,213700
573,833800
11,412000
3,204000
3,208300
2,180200
90,891300
6,286000
3,205900
3,201200
199,626800
26,901500
1,149900
6,354300
5,255400
2,187300
2,174600
3,206500
3,213300
2,179800
21,674200
3,204500
3,204300
117,1576600
3,207500
7,316700
4,235400
2,184800
3,212100
3,204200
2,180400
55,1965500
16,547600
240,1610500
3,220200
3,257900
5,259300
3,198200
96,1333900
3,199000
3,201900
3,203300
3,257900
5,258000
2,174000
7,300000
195,465300
112,1643600
12,534900
14,474200
26,864900
3,207000
11,417700
3,201100
3,208300
8,396100
536,1373200
1,148200
3,214300
5,259700
3,206500
3,211400
3,207700
2,177300
117,1744800
3,206400
4,236700
3,207400
3,209300
10,469000
8,393900
372,370400
3,212000
2,178900
3,204900
4,230500
65,244500
4,233400
3,204800
7,307800
3,233900
3,205400
29,969800
3,207900
19,620300
3,207900
486,2014100
5,309300
3,214500
209,806800
3,205700
3,206300
6,287900
26,854700
78,570700
3,206900
6,283700
2,178100
3,219400
3,199200
283,1136000
3,213000
6,287500
2,186900
696,1001000
56,1819500
3,251600
3,205300
153,973800
3,209500
9,362200
35,1034100
377,421900
12,436700
3,207900
5,258700
47,1342000
3,264800
1,211200
3,247300
6,292700
19,637000
5,266600
12,446000
9,359100
3,207700
2,184900
1,145600
2,180000
2,182500
31,924300
99,1117500
1,149800
3,212200
2,180900
740,1986800
6,352400
1,187400
113,1680100
4,242700
1,146700
2,186400
6,289300
3,205600
56,1615000
8,342800
1,146900
3,205600
7,313800
3,202900
18,605400
2,177400
60,1955700
1,178600
1,230800
3,275900
2,185900
4,236300
2,182200
10,397300
1,142200
84,732000
5,258400
2,177200
57,1608000
7,313500
2,183000
623,482100
68,316200
1,158500
3,210600
2,178800
3,205500
22,837200
2,264700
4,369200
5,283500
20,695900
3,207700
16,555300
1,184600
2,177200
42,1218800
6,287800
5,258900
71,401700
2,178700
54,1527400
1,150000
1,151300
2,178900
2,176600
4,231000
302,1822500
2,182000
21,684800
3,213900
5,258000
2,177700
2,208200
10,393600
39,1148400
4,232500
11,417000
3,206800
10,402100
7,318500
18,599500
6,285400
191,437900
16,750100
2,229700
2,215300
8,367800
6,295800
54,1557500
131,364600
2,176700
1,156500
2,174900
8,325200
2,170300
1,147200
2,170200
1,178500
3,273300
3,284000
4,321600
6,368400
2,224300
29,1308700
2,242100
2,240200
129,467800
2,256900
52,2114000
2,183700
5,273600
4,218000
16,649400
2,250500
2,175900
3,194300
13,526200
3,211100
4,291300
9,393900
17,856200
49,1737400
3,221500
2,171800
9,453800
24,766400
2,173300
4,232700
1,138800
2,170200
2,186600
5,255300
1,140900
9,441000
2,221400
4,310600
2,239700
4,321100
18,840100
427,2430800
19,902600
1,192200
2,233100
2,235800
33,1406900
65,323400
10,550200
2,233700
266,1016000
178,2124400
4,312100
24,1025700
7,414400
2,233100
94,1321800
6,378200
4,303900
2,236300
2,231300
243,2314400
7,417000
9,490900
5,374600
58,2415200
385,944600
6,398900
3,284000
1,209300
1,207900
7,432200
261,915300
164,1775200
1,196300
4,320200
5,347000
23,1052500
2,235700
2,237300
7,414500
51,1822200
140,605000
2,167300
24,741000
44,1273100
2,180500
8,334600
9,361800
11,415100
52,1797100
2,171800
13,471200
2,172200
1,144300
9,351400
47,1339100
1,197300
2,251100
224,1465400
6,281800
93,1286900
7,313000
1,162500
8,336900
3,206000
135,602400
2,233000
633,1144000
2,219700
2,229100
54,1822400
3,296300
18,873200
2,183200
287,1234600
68,385300
2,241700
11,415000
2,181700
6,376900
9,446000
24,862000
2,187700
2,187100
2,217700
1,179900
20,706900
2,203000
503,553600
2,189300
30,948500
9,370000
2,181300
2,192100
19,628300
2,181100
7,328900
21,677500
1,150400
2,185900
12,608700
5,420700
2,173900
43,1255000
6,299400
5,338800
105,1265900
3,268800
2,215000
7,349800
2,182100
1,151400
5,295100
2,201100
5,346800
41,1208100
4,288900
2,202800
39,1918800
351,1386500
70,371400
2,200800
11,443000
3,217500
258,496700
2,178500
15,563900
19,625100
1,160500
6,283200
6,285700
1,154300
20,672800
8,458400
2,250400
27,1151000
636,834800
1,151300
8,346700
44,1325000
4,271400
2,209600
4,254900
2,223200
2,187200
22,753800
7,400800
1,166500
1,154200
306,2337200
7,446500
8,430300
1,157100
4,271100
2,189500
2,202100
5,313300
256,460000
28,883900
2,185400
164,1252900
15,544700
2,200300
69,368100
4,282600
2,192200
9,376700
8,336700
15,686100
131,542900
2,219300
651,1226000
2,180400
3,208700
2,186900
9,372300
10,393900
48,1393400
2,179600
2,178300
2,182900
12,436300
38,1150300
2,212100
54,1951400
3,209200
3,242400
5,259100
8,414500
22,706000
33,987300
4,251900
5,255400
2,187800
24,743300
1,155400
6,342700
3,208000
2,177400
2,174400
21,683300
3,207600
7,303700
8,416600
271,1168100
2,254300
2,251000
8,348500
6,284500
376,437600
2,179300
1,149600
4,234300
1,145800
23,722300
25,783400
297,1601800
3,221400
5,306300
14,576900
34,1340100
50,1426000
2,178600
31,974100
2,178200
17,610400
48,1367200
7,310100
1,154300
2,179800
20,642900
3,233600
2,186300
1,146900
129,323300
2,234300
1,143500
19,862700
2,182400
2,180200
41,1199600
5,257800
12,437400
61,1696500
1,150200
10,391500
54,1799900
2,186800
168,1694800
2,189400
1,150700
7,321400
27,832700
6,287900
2,180900
2,179200
99,1120200
1,145400
5,268700
377,426700
12,476900
1,150800
418,1530300
2,194000
4,233800
2,174500
1,171000
1,143900
15,534300
113,1486500
3,206700
6,284800
11,415600
3,208600
17,574200
333,854400
79,879100
3,417000
1,255500
38,1324100
1,147800
1,149000
2,236900
11,526100
1,148600
4,238600
8,340100
14,494300
1,152300
3,206500
3,210300
1,155100
1,146500
1,149300
1,145800
4,233000
12,438900
95,1049200
10,382400
1,146900
36,1071500
13,480700
29,868800
1,162400
15,646500
4,259100
2,223500
52,1609100
2,196400
13,470900
5,258400
4,240700
1,149700
4,232700
51,1612900
2,176600
2,178600
2,186900
80,628000
1,150900
215,981400
25,1238800
2,181300
2,232200
15,765700
2,277500
2,202600
12,445600
111,1426600
3,202600
4,230400
8,344600
1,148900
13,472000
1,149500
6,281500
1,149300
3,212200
2,179900
26,816200
418,1650300
38,1110700
55,1782200
1,157400
2,195400
6,443400
2,192300
8,382400
15,516000
10,387700
1,146400
4,236500
1,152800
1,150400
1,165700
4,236100
2,180600
5,278100
4,385500
1,192200
10,402800
3,239500
2,202500
16,560200
8,335100
2,186300
3,208100
1,148000
663,1507900
10,395100
1,152300
6,302100
41,1191800
80,633700
2,179900
1,149600
10,390500
11,494300
50,1501500
5,263500
166,1427800
2,232400
51,1759600
88,827400
8,346000
3,208500
1,169400
1,160100
2,175500
1,149100
121,1860800
1,142200
1,144700
27,831200
34,1001500
3,207600
4,231000
10,388800
1,159600
1,148500
12,440700
2,181000
1,150700
354,1487700
125,213100
1,153400
228,1400100
7,336800
106,1432400
7,316100
15,514900
3,209600
2,179700
13,466500
3,213400
237,1567100
1,150500
2,206400
6,294000
2,180400
30,900800
20,658900
2,177000
2,258600
6,378400
1,153400
1,170800
378,592500
5,271100
1,145200
6,288500
5,260300
260,547800
1,151400
132,399100
5,267500
3,212100
1,183300
2,184800
9,361000
13,463500
2,186100
8,336900
1,150800
5,252700
1,148400
4,235400
2,175600
2,179000
3,207800
14,504600
253,389200
1,196900
12,503600
25,948400
585,1090500
6,286300
46,1353200
4,234600
7,313300
2,179700
1,158500
3,210100
46,1308400
3,203400
2,185800
3,205300
1,146900
4,249300
1,149700
1,169600
5,401900
1,207900
2,215000
2,182300
2,184000
257,473800
3,210000
4,227300
4,233800
2,173500
46,1329000
3,208200
1,145400
26,810400
18,599300
5,260600
3,203300
75,557600
2,191000
2,190600
2,178300
87,1145200
3,277300
1,205300
2,193000
6,335600
3,209400
1,148200
2,181500
20,673900
26,805000
1,166100
7,310600
8,334300
101,1173000
6,282200
4,236200
45,1300300
2,180200
5,255000
2,178800
6,294800
1,180200
6,442800
8,325200
1,147300
1,154300
5,257400
1,145000
62,154800
7,306800
594,1313900
17,564600
1,151100
2,188600
2,178900
10,389500
107,1319800
4,234100
2,178500
1,162600
4,322900
4,306500
1,183300
134,680700
1,164800
7,468600
4,246900
8,340300
3,206500
1,148900
4,243500
1,148100
1,150400
6,283000
78,571500
3,207200
12,549600
2,180300
93,958100
3,207500
7,311400
1,155900
672,1763000
6,285100
65,248100
70,459200
3,296900
5,270700
50,1417500
1,151800
88,825400
1,146600
2,190300
1,155800
8,336400
3,208700
1,147300
1,152400
688,581000
10,401300
1,146400
18,830300
21,716100
1,156400
1,154400
49,1846500
1,149000
32,961100
3,206300
4,234400
2,183200
1,155500
3,230300
5,265100
1,150300
4,233700
1,145400
2,175700
2,180800
3,203900
1,148800
1,156400
1,152200
13,521900
5,257400
216,993800
23,741500
10,551100
1,182600
1,137700
6,329900
7,311000
1,148500
2,179200
15,517800
4,234300
5,259900
7,318300
9,364300
18,597300
1,151300
8,359500
1,179500
7,396100
2,179500
91,1100700
2,174700
1,153000
2,188500
69,350700
166,1365600
7,329300
2,180800
1,153900
285,1226000
3,208600
1,154600
2,181500
4,231400
1,150600
1,157500
9,363200
37,1085100
43,1241000
132,399200
15,512800
1,148500
1,146800
36,1172700
7,339800
31,950300
1,150200
18,605200
4,231100
97,1072600
7,437600
1,160500
17,683800
4,233900
3,207900
6,287700
1,152800
1,152100
1,156500
4,234400
4,228900
609,1873100
1,157300
5,262900
4,235300
3,206700
9,443900
78,590000
585,1072300
2,178200
1,150700
2,190500
48,1400900
1,160900
2,185900
1,153500
2,193700
1,148500
29,876700
1,148300
24,804800
28,967900
447,659000
2,185100
2,175200
48,1804200
15,539300
4,269100
3,203600
11,416000
4,231600
1,146000
17,576400
1,149600
1,153800
2,186000
151,959200
1,152100
14,833600
2,185200
10,398500
4,244300
3,212600
2,173200
12,443700
3,208100
1,148700
1,149800
13,462400
2,174000
3,211900
3,204500
121,1698700
405,1200300
8,339700
21,900700
1,152900
3,305800
2,209900
16,594300
1,153800
12,440800
2,201300
1,217100
147,846700
40,1172000
507,686700
4,233500
645,1042100
2,178900
2,179300
2,193500
8,340500
1,148800
2,184100
1,144800
5,263300
19,758600
100,1218000
8,340100
52,1466500
2,178300
2,180100
536,1427300
1,145000
2,179500
12,441700
1,153000
8,390800
7,318500
1,149200
25,802800
4,231300
4,274900
2,250800
1,220300
3,315300
7,383000
9,374900
27,850800
34,1015300
42,1222000
1,146700
2,179600
38,1105500
330,802000
77,535400
14,507000
16,861900
69,456200
4,227200
28,862400
1,151200
2,191000
2,217600
1,146400
1,149100
169,1370600
2,183500
8,335600
6,283300
1,146700
2,232900
349,1281400
21,748100
1,206700
5,377000
8,403700
1,149300
29,874600
81,663000
8,333600
40,1162800
3,216200
2,181100
304,1689600
43,1228700
1,155100
5,262400
41,1563400
2,183200
2,161000
1,153900
9,376400
13,476300
163,1189300
1,175300
37,1083900
1,149600
2,203200
58,1663500
7,330600
45,1486700
452,862300
2,180600
28,865200
6,281900
4,232200
2,175800
242,1670800
1,148300
1,150600
19,632700
1,147400
1,147800
8,339800
7,308100
23,738100
1,153600
1,149000
7,308800
486,1985200
21,691100
6,290200
93,966300
1,154300
2,178200
1,148400
109,1372400
2,179300
755,923600
15,799900
2,226900
83,936500
73,670300
1,158000
2,167500
37,1088900
4,241100
3,206500
29,876800
3,213300
13,476000
81,659600
5,260500
287,1259500
5,258200
2,177200
6,285000
1,147600
2,179100
4,237200
2,207000
108,1379000
1,141300
9,364800
14,487000
19,620700
4,222900
2,168700
1,138500
269,792100
4,226600
51,1586900
9,356300
3,197400
1,144000
103,1262700
8,552700
1,169400
1,144900
4,218500
6,329800
3,200900
16,551200
34,991300
4,222500
66,259100
3,258600
1,149900
51,1426100
4,285800
2,174300
7,305600
1,139000
7,327800
120,1748200
100,1188700
55,1566400
3,203800
29,939500
4,233700
2,200300
12,466100
228,1651600
15,616500
5,327100
2,221000
10,693500
1,155300
653,1251900
2,182100
2,179700
346,1555300
2,181800
2,201000
1,187700
5,331900
1,168800
8,502400
14,651400
1,180500
15,712900
19,678700
1,151200
3,233400
29,1170900
1,144900
1,152200
21,674200
9,374000
2,178200
5,259700
3,205600
3,206600
2,173300
1,146800
7,351000
2,191900
2,185600
70,359500
1,153100
1,152300
4,234800
10,389700
2,179200
14,508900
1,151400
2,187100
6,290200
3,204300
8,334400
1,149800
253,424400
13,565200
28,853600
8,343600
1,148000
58,1652000
2,182800
2,185900
2,180200
201,604500
3,207600
2,176800
32,968800
20,653700
171,1504500
2,199500
2,203300
17,575400
15,537300
1,150000
6,286600
1,183600
153,958500
2,217000
1,176200
7,345400
4,267400
2,186000
3,195200
26,801100
2,179200
1,148200
2,215800
1,153400
3,213700
2,181500
6,286200
64,234100
1,152300
2,180700
4,235100
3,204000
1,228800
2,205400
3,215000
1,152100
4,269000
2,178300
8,337700
5,259300
6,320900
7,315200
6,294100
2,180200
2,180300
3,211800
25,784200
444,623600
56,1587300
39,1156500
6,284400
43,1441200
2,179900
66,261000
15,530600
1,146800
2,180900
12,496200
67,426700
8,418200
2,180800
37,1086900
1,151900
3,202400
42,1241900
27,869500
5,281800
1,147200
60,1974400
1,148300
2,180100
4,237000
10,392000
1,156500
1,151200
7,310200
8,344900
18,593400
4,229800
2,177700
1,156000
2,179300
4,240100
32,959900
41,1198000
84,752400
6,370300
4,274700
1,184100
10,434400
1,150000
44,1713700
1,177300
3,207500
1,149200
8,341800
2,179900
1,147500
4,235000
1,146700
71,425300
6,287100
7,316400
227,1306700
3,209100
5,257400
1,148800
4,244600
16,697100
7,370100
3,206000
11,419200
11,417600
100,1154500
1,147900
2,178700
721,1725700
4,230300
2,176200
1,149000
4,235000
2,180700
7,311000
2,187000
39,1142300
1,150400
3,235600
1,163300
2,274800
12,447400
84,915900
2,203900
2,230800
1,183600
3,211300
2,179400
2,176300
7,308000
6,293200
16,543700
1,147300
22,696400
343,1145200
183,1711900
22,792300
16,606000
2,189000
35,1101300
19,631400
4,230900
1,147000
2,179900
2,184800
226,1269700
4,234200
8,340900
1,153600
2,185000
11,414000
1,144100
43,1231800
199,702600
3,225900
3,210200
1,145600
4,239400
1,143600
3,222200
1,161100
8,340200
2,172800
4,233700
1,149100
2,177400
2,177700
5,259700
4,283300
6,294500
1,148900
3,207400
2,177900
1,157600
7,312500
3,244600
7,400300
15,779800
42,2000400
7,476300
544,2051200
5,317400
11,521400
5,306300
1,168600
3,267600
177,1973600
1,180900
6,364200
1,152300
2,212800
422,2843100
3,266100
1,174500
206,830200
24,828900
2,170600
19,872800
1,313000
7,393600
1,160100
32,1006600
1,169700
1,152000
2,184600
22,761500
5,294000
1,149600
2,183400
2,182000
7,322400
29,910500
67,292300
7,353800
4,234800
19,633200
2,171100
1,153000
229,1380500
7,313000
1,149400
7,324400
484,1792800
2,235500
1,215900
11,581500
32,1008100
6,307200
2,193800
1,158300
9,365700
55,1691500
1,149600
5,262300
62,144200
1,158300
26,862600
151,905900
1,147800
1,157300
4,233200
6,290800
8,390400
1,158100
2,257400
6,309400
4,241400
3,208800
1,153400
1,159800
2,180900
686,539500
3,206400
370,1869800
2,184600
22,750300
2,187400
6,310300
7,324800
6,367600
1,146200
4,297200
1,164000
1,154100
10,536300
2,207800
47,1410300
1,151600
1,152700
2,174700
5,259500
1,150800
3,217000
1,155100
5,259500
1,153400
54,1528100
226,1282000
1,146500
100,1182600
3,221800
35,1313700
40,1270900
9,366300
1,151800
2,177800
2,183200
8,350100
14,493600
7,318600
1,148500
286,1301000
13,535600
123,1809300
3,215000
1,197800
3,282600
1,155000
2,232200
58,1831300
2,183300
1,154000
6,289600
8,342000
1,147900
2,177600
4,233900
163,1206800
1,151000
2,183100
3,206700
2,183500
7,315900
8,345200
2,183600
2,182800
6,292900
82,691400
2,212600
4,252200
8,447900
5,287500
3,199400
2,176500
3,204100
5,256700
4,227200
4,239600
15,520100
1,151100
2,182500
1,145900
13,578700
2,210300
2,229500
13,613600
144,699600
1,149200
12,458800
36,1055300
118,1848800
1,151200
27,836000
1,160100
1,173500
40,1220600
1,150200
12,449400
4,233900
1,148600
25,773600
2,180600
2,178900
3,215600
7,314600
2,176600
5,261400
2,180100
2,179700
16,547800
346,1598400
1,164700
1,147400
17,612700
37,1196800
5,325700
9,467700
2,209100
4,236800
2,178800
2,214300
2,211500
3,208800
14,499600
68,314300
1,149900
82,678900
4,233200
1,148600
15,559300
5,336700
9,494700
1,163800
21,773000
1,147900
1,147500
109,1415500
2,182700
250,295300
1,149900
20,652400
1,148200
2,177400
2,177400
14,501000
3,219600
6,281900
11,412900
12,439300
1,149400
2,190900
2,179200
389,937900
204,721100
2,182500
21,775900
4,268900
190,316300
42,1213800
1,150200
29,873500
6,293200
1,144300
2,180000
4,233100
33,969500
2,180800
12,451900
9,404200
2,187000
1,181200
70,537400
1,184300
648,1453900
9,372800
228,1308500
1,147600
1,152500
3,212300
32,966700
734,1771900
1,141000
2,178800
10,385200
2,207800
1,151200
4,326000
2,269300
174,2184600
32,1228400
87,859900
1,146100
8,335400
104,1227000
8,346200
4,231000
4,230300
1,146600
4,234700
3,276100
2,200500
5,300000
35,1024000
1,153400
5,265900
5,273500
100,1131500
1,155200
762,912000
7,313100
2,178700
13,488700
20,643600
18,601800
23,718100
8,344400
199,675300
1,164500
1,159300
2,168500
4,232300
4,298100
1,150900
1,144100
2,185400
1,152100
2,186900
2,174900
6,286000
85,753700
2,176400
1,152100
6,285600
54,1506900
2,177800
3,205200
11,423700
1,147100
3,209000
6,282900
2,175200
6,284400
14,488300
6,449000
4,291900
3,209300
18,593000
13,480600
2,186500
1,149600
1,158000
2,178000
55,1575800
1,145900
4,232100
1,147300
1,147500
4,226000
2,180600
1,148000
2,185600
2,187400
2,181300
1,148600
11,447700
2,180200
17,585500
2,192100
9,400100
4,326800
46,1399500
2,178600
1,149800
2,179000
6,281100
2,178500
1,147400
7,308900
1,145100
88,840400
2,184400
10,386500
6,283700
1,152700
3,205300
1,147400
2,192400
1,151700
1,146500
2,179500
1,149700
1,149100
2,179800
1,147800
12,444800
16,549800
393,939500
6,288700
109,1437400
33,1001700
45,1275200
164,1227500
1,177400
1,202300
1,161000
2,207500
5,296800
4,311900
7,316700
325,713400
18,689000
4,237600
4,238700
1,146700
11,553700
1,152400
2,182800
6,286300
2,174900
21,678000
1,158400
162,1162400
50,1435700
6,285500
4,233400
3,214800
1,148800
2,179500
1,148000
7,313900
1,145900
2,197900
2,269600
1,215500
6,301200
2,170700
3,207400
2,171900
1,148400
51,1444600
6,287100
53,1494100
1,147000
28,1255100
1,188700
118,1662500
8,397800
1,153800
1,206100
27,857900
2,177400
2,188600
2,174100
2,182300
49,1396300
1,149100
67,289100
11,442500
1,152700
49,1384800
1,148000
213,989500
5,295200
1,158800
1,145700
1,150500
4,257200
1,182300
5,325100
23,743200
1,151100
28,918300
2,180500
4,230400
2,175700
1,149600
2,179200
7,330800
1,152800
22,705900
63,248400
21,940800
1,212100
109,1411900
1,177300
9,373800
3,232900
6,440800
2,232200
3,216600
11,410100
10,390400
1,149800
47,1346800
2,181300
6,287900
2,182600
32,953600
13,495700
6,296700
5,258500
2,178600
2,177700
3,206000
2,177900
3,201200
11,448300
20,659900
5,342400
1,161600
3,246500
15,548900
338,1010100
1,151000
10,387900
4,232400
3,207300
3,216600
6,285100
1,149200
5,310000
1,170700
49,1473900
1,149000
16,548900
4,234400
10,389600
159,1146000
2,190000
1,152600
2,199800
39,1149800
3,211500
293,1399700
3,230900
26,804700
2,184700
19,629700
197,495100
3,204200
1,167500
1,150300
7,319100
5,257000
8,345900
1,144800
11,446700
8,586500
21,760900
29,870200
705,1003500
62,148800
2,181600
6,363600
226,1432200
6,285000
2,180100
41,1200800
1,146600
2,178200
2,191100
1,149100
1,149600
5,265200
3,206100
1,206000
4,276500
1,143100
1,171500
4,234100
1,152900
13,469500
2,176600
3,231700
3,207300
722,1458000
1,148000
3,206600
2,177700
2,185900
230,1342600
1,150300
2,176500
2,176700
166,1266700
14,492700
14,715100
1,153200
2,182600
2,180000
1,147900
3,202900
1,155500
1,151100
21,681800
27,1275000
4,238700
38,1114800
3,207300
6,285600
2,180700
22,761500
1,155900
146,762700
20,708600
48,1491100
243,1699700
3,215000
3,204200
15,529400
122,1761800
107,1314500
6,286800
1,148000
1,152300
1,152200
6,342100
2,173800
4,289500
24,1050800
1,174700
3,273600
96,1051300
5,262100
1,152200
16,541500
6,281500
7,308600
19,625700
30,908700
2,187800
9,361400
1,155500
1,153300
2,187200
2,177200
2,181200
2,189700
66,392600
2,261900
6,354600
2,183300
10,412100
44,1329900
48,1776000
7,310400
75,499000
1,147300
6,286500
1,148900
1,158600
536,1421600
38,1342800
1,157200
86,889700
1,154700
2,174200
326,671900
1,151000
8,339500
2,177800
1,141700
4,234100
4,230000
3,196000
2,168400
21,677100
1,138400
3,208400
4,235300
39,1163000
27,827900
1,147100
2,181500
3,292300
2,255000
8,373200
7,483200
2,193100
1,150900
1,152500
6,302200
3,213900
11,414700
3,206900
14,489500
2,178300
1,148200
2,203200
49,1410200
5,258600
23,729600
1,150500
1,149400
2,182100
5,255400
1,146900
1,148800
13,502800
78,873600
82,681100
155,1004300
96,1085600
1,152300
2,178700
1,156000
3,210900
3,206100
1,150300
4,267200
403,1108700
3,208700
1,149200
11,530200
1,152200
5,259200
1,148500
19,667700
3,237100
2,178700
277,1002800
2,180600
1,154000
13,475900
10,391800
1,151000
8,335600
1,150000
6,284700
1,161900
6,286700
2,177000
2,175900
3,205300
1,152100
706,1056200
26,863100
1,201700
2,263400
12,591900
4,239100
2,190100
1,173400
3,285100
1,145500
1,148500
2,181700
1,149500
23,735000
1,150800
5,488700
2,243600
14,727000
1,169400
1,145900
1,142500
3,201400
7,299500
3,201100
1,141700
2,173600
1,138400
7,325000
17,564000
22,694500
5,255800
1,158900
7,317600
3,205900
1,149500
556,2232600
2,188900
4,229700
2,181000
50,1431900
6,286200
2,186900
7,307200
713,1557000
3,210700
1,213100
1,185200
5,269300
76,528400
28,1000700
5,268400
1,164900
5,260300
2,170500
23,851800
27,885500
1,150900
3,206500
2,179800
1,155900
1,147600
24,765500
7,313000
1,171800
1,151400
1,149500
27,829100
3,221000
12,441700
1,148200
2,174500
12,443100
71,475000
1,142000
58,1759400
1,148600
53,1521300
1,151900
4,235300
2,185600
1,149300
1,171100
2,211200
8,348300
6,332300
2,168700
11,417000
1,150800
38,1144500
83,830800
2,276600
1,194600
3,311800
9,392300
3,203300
6,282500
21,686300
2,204200
2,180800
11,417900
5,261500
2,176800
8,341600
2,182600
19,623900
169,1467000
1,152300
3,207100
1,160400
2,184700
22,710700
1,179600
20,781800
108,1360000
178,1653300
5,265700
2,210300
13,529900
2,210500
33,1025900
2,180200
25,859300
2,179900
1,144100
2,181200
1,162900
1,145400
7,350800
2,212800
1,150900
4,231800
10,448700
2,162000
1,183000
1,180500
71,421400
116,2470900
2,177000
2,218600
3,210900
2,187700
2,224200
6,458500
6,309700
1,161900
10,394600
2,182800
1,155200
659,1911000
2,211600
161,1478600
2,227400
40,1807100
2,223500
4,308400
17,820600
1,189300
242,2306300
1,189800
2,244100
1,193500
17,765000
1,188400
7,408000
9,493100
3,259700
2,223100
1,186500
6,390100
2,245800
701,1102500
60,1756300
1,140700
6,464300
7,535700
3,309000
12,689800
2,221300
4,280800
2,237600
4,375900
1,229900
8,509500
4,377400
116,2194700
8,351200
4,239200
2,189300
3,210600
92,943500
1,144000
1,149000
49,1730800
4,240200
1,144900
7,321300
2,183200
3,208100
3,209200
679,2012800
1,152900
2,176100
1,144900
2,184900
1,144600
11,424200
11,427900
8,345900
227,1337600
11,504000
25,1127800
1,152400
6,401600
1,195200
8,416800
1,156000
1,158400
25,798600
63,182300
4,237100
20,655900
6,287700
377,449800
2,185500
1,147100
19,662600
1,152700
1,156200
1,149400
2,231100
2,180900
16,699800
15,781000
20,660500
24,768900
1,145800
2,181700
2,183300
132,399800
1,157700
17,575300
117,1650400
4,236500
10,421600
5,264800
36,1347100
2,217600
6,437200
3,278600
3,240100
21,892400
1,152000
2,185200
212,974700
11,442200
1,162600
1,168200
1,157100
18,666800
2,266500
2,246100
8,485900
8,434100
7,357300
1,147400
33,1034300
4,279800
1,200300
5,351900
3,255700
1,205000
1,217100
1,207300
1,199800
40,1678000
10,438400
18,603200
10,394000
1,153600
1,149400
1,151900
1,150400
2,213300
7,484000
3,306300
1,172400
1,192800
8,487000
3,296800
4,313600
1,185000
15,693500
2,220000
539,2118700
13,611200
5,329900
2,214400
4,307400
7,412600
1,179200
1,181300
66,338700
2,222800
1,176900
1,188200
2,241100
8,451300
7,399200
292,1907800
4,233700
4,274400
17,678000
3,243500
2,229100
14,797500
1,252000
2,284800
5,392800
3,300000
3,388900
1,198300
6,340000
1,145800
2,173400
6,280100
311,448400
1,161100
1,144600
9,419700
4,251800
34,1400100
4,280800
8,347200
3,202000
12,479500
16,814700
2,206700
2,178500
1,143600
3,188400
2,209900
4,234300
6,277600
4,226000
35,1823300
1,206800
1,198900
5,424600
6,387200
4,318500
24,1046000
4,383400
2,257500
7,504000
1,179300
1,161800
2,171500
8,326100
15,678200
58,1699700
8,336600
152,939900
15,712400
3,281000
7,403400
7,371900
12,509200
56,2004200
1,230300
1,201000
40,1661100
2,244100
4,320000
2,245700
1,219500
2,244500
14,718900
2,247400
19,896400
6,445600
16,792100
4,325600
3,289000
1,198400
1,202400
2,253100
8,500900
2,289100
2,245600
1,205700
4,333900
1,194900
14,731300
94,1495800
4,320400
2,230300
3,272800
22,1020900
1,203400
12,610400
2,230800
2,227000
82,1134100
1,195300
5,378100
3,307700
1,195300
2,237800
19,977400
40,1869100
412,2650600
2,244000
67,443600
5,419400
41,2045000
2,259300
1,198200
3,295500
61,2731600
1,197800
5,370400
1,193300
1,193200
2,239200
2,239900
3,276600
1,208100
20,997200
21,1035600
3,281100
5,374400
1,201500
144,1111400
5,367700
1,196200
1,193100
116,2478800
8,502000
2,255400
2,248700
54,2561300
22,1089700
1,182200
2,214200
25,1064600
8,554900
114,2484800
3,306300
2,250800
7,460800
1,203800
5,368900
4,370700
1,194800
4,319900
2,240200
7,468000
7,494300
1,213600
18,941600
1,209300
1,208900
6,440100
8,492900
1,195700
3,294900
4,337200
7,496100
2,241800
4,338700
1,200600
5,374300
1,220900
2,246400
6,430800
30,1418900
5,385300
7,456800
80,938900
34,1635000
1,208000
2,270500
7,485800
7,465300
1,203300
2,246800
1,239700
4,333000
10,586500
2,247900
3,280400
1,203500
1,204500
2,252400
1,190900
16,849900
8,483700
5,368000
1,211800
1,207200
2,263700
2,269300
68,491300
7,477700
14,784900
1,208900
3,303200
2,254600
2,248300
4,340700
5,394700
3,303200
4,344200
15,801800
2,265000
36,1698700
1,208100
1,219000
2,257900
6,426800
24,1199900
1,218600
1,213300
2,281100
1,206400
25,1246600
2,256600
2,253100
1,217700
161,1855100
6,425500
1,211700
1,209300
1,221800
204,1046600
68,471500
1,207600
19,1061300
2,263200
1,209000
33,1586300
5,393200
264,1050200
3,298300
14,764200
461,1762600
89,1415300
2,256700
1,210300
1,213600
1,206000
3,306800
1,196200
726,2349900
1,165100
138,748900
1,195700
11,541800
2,214500
6,329900
34,1100100
7,553000
1,202100
1,191700
32,1075900
1,171800
1,178900
8,388000
1,173000
8,409500
12,559400
1,172400
47,1380400
33,1152000
1,174400
1,168600
2,207800
20,692600
38,1432000
65,276500
5,272700
13,507300
27,880500
2,206400
3,260600
23,762100
2,211000
7,349700
8,367400
26,850900
53,1697900
2,225700
1,194600
174,1619400
21,883900
102,1696700
1,203500
28,1221200
7,440200
1,198000
1,198400
4,308500
1,211200
1,218300
2,248300
2,248000
95,1698000
7,469000
3,285500
110,2389100
7,553000
2,267100
2,260700
11,694300
1,215800
37,2059300
1,156200
8,406200
1,172700
6,338700
1,194300
2,244600
1,195400
10,563900
2,261400
3,380000
3,329400
283,1937300
11,618500
2,262500
33,1486200
2,245400
1,237300
7,455700
4,333100
12,634200
1,187700
2,231200
2,261500
6,393500
105,1885400
3,293400
2,249200
1,205500
3,305100
4,366400
1,226500
6,436300
1,211300
5,373700
3,292500
3,285600
7,459200
6,436800
2,240900
1,203500
1,208800
152,1400900
1,215500
71,690500
4,378900
203,1204300
1,222200
11,761800
3,329600
3,319500
2,268800
1,215800
3,332200
9,535900
5,371500
3,277100
1,199300
265,1026700
1,202900
6,399600
423,2437000
1,198700
5,382100
9,507100
22,1016100
1,205000
3,287300
1,207200
2,247100
1,191600
4,328600
1,197600
24,1103200
7,448200
2,230900
1,197200
2,244100
178,2382400
2,241900
150,1264000
1,211600
462,1561700
5,376900
3,282300
2,246000
56,2389400
180,2464300
1,203500
680,2903700
74,696400
5,366800
259,773500
1,195500
11,589900
26,1176300
59,2424100
4,327300
4,319700
1,202200
1,214800
2,260300
226,1831500
80,1074000
1,210600
8,482400
2,246800
214,1393600
17,839800
96,1531300
4,338700
1,200800
120,2528200
2,248500
14,736000
3,295900
9,521600
1,205600
2,249200
4,323700
61,3252500
3,293800
6,418700
2,263400
2,262500
164,1968600
24,1156400
1,208000
16,830100
70,625400
2,291200
17,893100
204,1034800
8,504700
1,201200
1,203800
11,610900
4,327600
9,523500
2,251300
181,2512200
78,842300
6,423400
7,459300
9,530000
55,2221600
57,2076400
2,210800
2,215400
576,1053700
7,313900
413,1476400
71,483500
1,194200
196,609400
5,286500
3,276500
704,1118200
322,654200
1,171400
14,553800
26,881300
3,248200
9,437900
4,279300
2,204200
4,295600
9,450100
2,197400
2,217600
2,212400
1,186300
2,201300
17,922300
4,313300
13,515100
1,177400
4,294900
38,1302900
1,173000
2,225200
1,184800
17,660000
19,668900
2,209900
2,219700
1,182000
8,478400
108,1418000
2,225900
2,238700
11,625400
7,416300
4,277300
6,342100
2,211600
7,355500
1,169800
1,170900
58,1742500
1,172100
33,1049500
2,211100
21,736800
37,1599000
3,280300
1,209500
2,222600
4,343300
4,340100
1,161900
1,179500
12,498900
6,325900
7,345100
3,239200
418,1563600
13,511400
1,171800
25,840700
3,229400
75,541700
1,169200
1,179000
1,177000
7,366300
4,348500
24,959700
4,322000
18,663100
3,235800
1,170200
12,488700
1,174400
31,1003500
1,171300
660,1502000
151,1157900
1,152900
3,258200
2,237300
117,2063000
1,175900
7,322700
3,202100
1,144500
25,781800
2,205700
2,240400
1,200100
2,238800
187,331300
3,274200
1,194400
1,221900
5,353200
91,1310200
2,262400
1,208500
87,1169300
4,332000
12,659800
40,1775300
1,207200
10,560500
1,206800
6,485400
1,214600
2,248700
4,331500
669,2072900
1,143300
5,263300
11,505000
4,268300
3,230800
3,223700
2,223200
1,171700
2,183900
1,142400
1,143100
118,1635900
2,172200
25,785700
59,1644900
1,142800
1,139500
252,343500
7,307800
17,804400
119,2420100
1,209500
1,213600
10,650100
1,198900
4,363900
2,257400
1,226300
131,588600
33,1806600
2,264800
17,975500
4,399100
72,686800
2,260500
2,266400
7,523800
2,265900
4,364000
511,1330400
2,274600
1,243700
1,206800
3,331400
7,527900
57,3002100
2,259100
204,1168700
29,1625200
13,839800
69,566900
1,210400
1,213800
9,619500
432,3505100
53,2438100
3,303100
35,1599400
1,210500
101,2139800
41,2118900
1,215500
5,423000
2,261600
603,2860800
5,378800
2,249000
2,247100
5,373500
21,1064200
308,3052500
5,415000
61,2921600
5,408500
16,887700
1,198500
255,605500
1,199200
6,419500
18,868700
1,201800
2,244600
2,243100
13,691000
6,446500
187,328800
7,442900
58,2444100
2,260400
4,331800
34,1515600
32,1411200
52,2258300
13,686700
2,247100
67,411000
1,199700
6,420500
5,370000
18,874200
4,325000
29,1319000
2,251200
6,407500
33,1551700
2,252900
1,198300
3,294600
4,322200
44,1888200
81,943900
2,244600
99,1669400
2,241900
2,246200
1,240800
2,258800
1,205500
11,601000
2,236600
4,322300
2,254200
3,283700
1,202400
3,290700
49,2093500
2,246100
2,249300
8,476600
11,598200
151,1275700
1,218200
3,300100
2,258900
1,205800
1,204100
35,1562300
5,360700
1,208200
2,241600
3,297800
1,223700
157,1546800
5,389500
2,252900
2,247100
1,209300
1,207500
3,297300
3,288000
10,596200
256,795300
1,202200
110,2143100
16,836300
4,342200
17,836700
139,932200
2,192000
24,1272800
48,2023700
1,158000
3,264100
21,733500
1,172800
10,442000
3,294700
2,227800
38,1387700
2,203400
56,1688400
2,208800
104,1502700
2,207800
1,170900
704,1054800
2,202900
28,1120200
1,235100
1,162100
1,186300
6,404900
95,1393300
2,235700
23,1132800
1,244200
5,455300
18,743800
1,145900
2,197900
26,1056000
7,300000
215,983800
3,230200
1,247600
7,446100
5,299300
4,263800
1,209200
2,247000
6,367800
5,341100
48,1939500
523,1209200
3,258400
2,248700
8,340900
4,226200
2,169200
4,305400
3,255400
41,1581700
1,187400
1,174800
8,448500
2,223000
13,610100
36,1359100
1,150100
1,150800
10,527500
1,200700
1,189900
39,1474000
13,632100
22,932500
2,245900
24,971400
3,258500
6,358900
6,379400
1,186900
91,1220600
1,185400
548,1922000
1,163700
6,431800
11,571800
132,465600
4,255600
6,311000
74,504200
10,417800
471,1761300
12,575600
2,224200
1,200600
77,774800
11,566200
4,308000
1,186900
1,216500
20,896000
2,291900
1,199000
2,235100
53,2101800
3,290500
8,453800
1,201700
3,291400
52,2130200
1,202500
9,520700
555,2656600
2,242300
2,244100
1,193200
173,2277200
2,245000
3,278400
18,866800
6,402200
40,1722500
2,249700
3,291700
570,979700
53,2216600
3,284600
13,685600
3,278100
1,198200
1,198900
2,243000
19,925900
7,436300
2,238000
1,196000
8,484400
106,1922800
1,200800
1,205500
278,1530200
2,247200
1,199100
2,243800
31,1353500
4,326800
6,424400
11,591700
116,2297900
2,245400
4,320100
1,215400
4,329200
4,325000
1,195300
1,200500
16,795600
5,365400
1,200300
2,246000
2,245600
1,206800
24,1148300
4,342400
1,198800
2,244900
1,201800
2,248700
6,482600
11,643400
31,1612500
64,294200
1,204500
1,207500
19,934700
4,322400
10,558700
462,1621100
2,245300
1,201900
4,326700
1,197900
1,205300
4,320600
4,316300
5,376400
22,1057300
1,204000
1,212500
2,286200
2,258000
2,237500
12,651700
2,256400
3,290500
1,194700
75,707800
217,1537900
1,209600
8,505800
6,418400
159,1688700
1,203200
5,364600
1,201700
1,206000
5,364500
1,210800
2,250500
10,587300
2,236100
1,202300
547,2490600
1,211400
2,265700
1,205200
1,214600
5,366800
2,250700
1,206000
2,246800
11,638400
2,257800
16,802200
1,207100
2,234500
8,495600
1,208000
505,846300
149,1256100
1,206400
12,665800
1,212100
113,2279100
1,205700
2,244300
6,395900
2,244300
3,285700
1,195800
2,250300
1,195600
2,247100
1,200900
2,245800
6,409000
2,242300
1,217100
6,417900
3,271200
1,200200
2,243400
68,457200
1,211600
1,190700
3,282700
1,207900
42,1858100
3,288000
4,335800
7,445500
1,202100
2,253800
31,1372200
1,201100
21,1052200
4,349500
5,381700
1,206400
3,307100
1,206500
1,203600
377,627400
1,195100
5,451900
2,268200
5,377300
250,426100
15,767900
50,2123400
7,453800
1,204100
7,445600
4,336500
2,241300
2,257700
4,328700
6,409700
1,199100
2,245500
9,506800
4,331300
6,409100
18,880800
367,2646600
138,799500
12,639600
111,2409000
1,250500
13,634400
1,151200
2,222500
2,226400
7,369900
191,399400
4,280600
9,509200
2,225200
7,425800
1,191100
3,260300
4,305300
7,443100
2,233500
5,347000
52,2158000
2,261700
1,189900
3,275900
1,191400
3,270300
17,816500
1,201100
22,865400
8,388300
2,209100
15,605300
8,368600
6,278500
5,338200
1,162600
105,2225600
2,211700
6,345400
2,211600
524,1153000
1,178000
1,184400
50,1456300
234,1502000
141,653900
27,873600
1,172400
29,1284900
1,187500
2,171700
16,597100
13,492300
49,1468500
6,333400
1,172700
1,189400
1,216900
2,202400
49,1442600
1,171700
1,176200
1,174700
1,175700
2,216500
1,168200
2,214800
48,2059500
2,208600
3,263100
3,273900
2,212200
7,397400
236,1573100
21,778100
6,324800
1,171500
3,235800
2,211600
1,172600
1,174100
60,1960200
1,196100
16,667500
1,173000
9,392100
1,171200
1,174100
1,172600
6,324400
2,205700
1,173900
4,272600
54,2061400
1,170400
11,462700
24,911000
6,361200
1,187000
2,239100
6,415900
78,780500
291,1872800
1,197000
7,428500
1,185500
1,211000
106,1763600
597,1889400
4,325500
1,171900
3,277000
11,475900
2,226700
568,862700
18,909300
1,174700
6,386500
11,529700
22,905300
1,164500
2,207400
7,383000
1,169400
13,574200
2,217100
2,207200
2,208800
23,815100
2,207800
48,1841800
5,357100
7,420500
2,236500
6,472500
71,576100
4,318400
5,360500
24,1111100
2,245500
7,432100
2,236900
4,334500
1,194700
2,248500
21,966600
1,193100
1,203600
2,234600
5,374400
5,364400
1,197200
4,324100
86,893600
2,238000
93,1001100
7,348300
4,260800
46,1366400
2,213700
1,171800
2,207400
636,875700
142,724700
2,233600
1,152500
4,292200
6,361900
117,1606600
1,138500
3,197600
1,174600
3,258300
1,169500
106,1338600
9,406000
3,247000
7,344100
1,169700
1,170100
3,245300
40,1199400
1,168100
2,252300
7,358700
39,1254100
58,2005600
3,257200
2,215300
6,314100
1,167800
12,492700
29,928600
96,1103700
1,169900
16,586100
51,1708700
2,241400
2,231700
3,286100
5,350000
1,205600
7,453800
11,568900
155,1419000
1,210400
3,281700
6,394000
2,237600
2,245000
609,2501700
1,197700
1,206400
112,2178300
3,280400
3,284100
2,233200
2,247200
101,1682500
205,1035200
3,281800
134,630900
4,329500
2,254700
71,554800
2,234100
1,199800
31,1365300
38,1627300
1,201600
1,196900
2,240500
43,1812100
37,1699700
3,280600
2,241500
1,218600
2,240100
2,248300
5,374100
30,1321000
2,242000
1,202900
2,244300
5,359300
26,1153800
2,245800
1,204500
1,204900
15,759300
28,1227100
18,858500
5,362200
1,223400
6,400000
2,238500
1,221900
2,231700
26,1159400
4,314500
2,243400
1,195600
1,197900
3,279600
1,224100
127,372800
107,1986300
1,202800
9,511300
7,442200
240,2516100
34,1465200
1,201900
1,215000
10,669900
3,285800
37,1596500
2,243700
2,237500
6,405500
1,191900
1,214800
1,222500
24,1118300
2,259400
578,1559400
1,207400
1,202700
1,211300
19,1036500
165,2110000
1,204000
1,222700
2,262100
5,400800
2,242100
1,201200
13,694000
1,203800
14,767700
4,337500
9,596900
18,996900
1,206000
1,204600
2,260800
2,260700
86,1349400
1,216800
6,418700
2,249700
1,201100
1,230200
5,392200
1,215500
2,248000
3,283200
7,463200
4,349600
404,1837200
1,207600
1,204100
2,263900
13,705000
2,224200
194,576200
3,259600
1,197200
107,1689900
1,197200
15,733000
2,247300
14,723400
6,424500
476,1871500
1,176600
3,260300
20,693700
4,298000
1,201800
20,815900
17,758500
18,863200
6,460900
2,188200
124,213500
1,183800
79,662200
5,290600
749,620400
6,378900
1,154300
4,232900
2,171200
25,797200
2,213100
1,169500
14,678600
11,455600
102,1310000
3,228100
8,453100
4,297000
1,160900
1,171300
4,288700
31,1208500
1,155100
4,220800
2,162400
7,398500
6,384600
4,337800
8,473200
2,239000
2,259000
68,484000
2,236900
2,232600
6,421600
4,334000
34,1431600
1,203300
1,209300
70,580500
2,269400
4,350300
1,204100
3,271600
5,376200
54,2633600
509,1401700
1,212300
4,347900
1,214600
1,211300
12,734700
1,208700
23,903600
2,202200
42,1738300
1,192300
1,204900
13,815200
4,337300
49,1948100
1,154800
2,184300
25,1044800
3,320200
76,745500
11,603500
357,1835500
2,160700
2,166000
12,498500
1,139700
8,324600
257,461400
1,165900
6,274800
15,525600
1,135600
1,134400
2,170000
251,299200
3,214700
1,134900
68,303900
6,423800
2,194200
1,182000
5,316600
10,495400
1,135300
7,300400
1,170600
1,143100
1,134500
2,166200
1,135800
1,135100
2,165300
8,327600
12,423800
3,211600
90,942200
96,1704500
4,370800
12,773400
1,220100
1,210500
1,204600
2,243400
5,368900
2,245400
2,242600
1,204400
6,485200
2,261400
64,316800
2,263100
7,500500
6,482400
1,227800
2,256600
2,262200
42,1533900
424,2648000
4,311300
1,204200
4,321700
2,244400
2,257600
99,1948200
5,358100
42,1898700
12,503900
41,1739400
5,359400
144,1190500
24,1384700
1,201500
2,240500
2,236400
1,200900
1,199100
17,803100
23,1024300
1,200600
19,1132900
47,2182800
3,253700
16,632500
24,1167400
4,332100
11,617800
405,2031000
61,3189400
1,215700
5,383900
6,472200
4,358600
2,254700
1,208600
2,265300
20,1043300
49,2511100
2,263500
4,358800
202,1002900
4,356200
2,268400
6,455200
2,286100
8,567000
18,1047900
6,464700
6,449700
60,3070900
3,301400
2,249500
1,198700
3,287500
6,470300
21,1041300
1,212500
1,211100
2,247700
1,215000
2,258200
18,1082900
1,214100
6,439100
6,473100
2,286300
1,228500
3,318700
1,209800
2,272200
2,263400
29,1349100
32,1715400
5,418400
1,202400
1,212200
2,244100
1,202500
13,686800
2,269900
2,267600
10,637900
5,423400
2,265700
1,208200
2,255600
3,291300
25,1142800
358,2774800
8,584500
69,592200
1,217800
1,214300
1,221700
3,321500
2,277800
5,447200
2,266400
4,374000
1,211800
1,208600
7,523400
1,213400
1,209500
17,960000
4,351000
12,741000
510,1180200
1,222500
2,271300
2,246000
187,362300
23,1163600
2,246600
6,397800
2,247900
84,1371600
7,526800
5,363400
656,2036400
9,532200
1,201900
56,2405800
2,246700
2,245900
30,1315500
1,186600
1,199000
34,1516600
1,201500
48,2059900
4,344900
2,247900
2,256500
179,2374900
1,196800
1,204900
1,200100
421,2626000
6,390700
8,481300
2,243700
4,314400
1,203400
10,549000
20,968300
27,1276700
51,2227400
2,261500
6,470900
67,415200
1,199000
3,302100
1,217600
4,340700
3,273000
38,1621400
8,461700
2,240800
14,717900
34,1556500
119,2435200
4,338100
2,255100
8,486900
6,399100
9,511800
17,832300
1,202200
2,244500
26,1172900
7,435400
2,242600
193,592500
10,584100
4,327000
2,242500
1,200300
2,261000
2,220500
3,265500
1,192200
2,208400
1,148500
16,543000
8,378600
2,178800
10,374600
4,221500
14,475700
1,135100
1,135800
6,268000
448,672000
147,775400
69,325100
6,270200
8,319300
6,270900
1,176800
4,273300
1,166900
40,1425300
486,1699500
2,215800
1,177500
473,1351400
5,287500
17,619200
1,166800
18,635400
2,209400
57,1717500
3,272900
20,950000
2,254800
2,233800
14,511500
5,331500
4,281500
15,572200
20,675000
32,988500
36,1094300
3,242300
246,1808800
94,1253700
1,168800
1,175600
10,431200
2,206100
1,176000
1,180700
15,555700
233,1971700
1,186800
4,297600
1,187900
12,588100
37,1562800
4,396600
50,2221200
2,253000
1,181200
25,1024800
1,197300
60,2233900
6,376300
6,368900
12,588800
191,464700
15,705200
7,418500
2,166300
3,208300
2,228400
8,339400
2,169300
6,274000
17,572100
27,882900
7,351200
35,1073100
109,1518100
2,229800
259,803300
8,440200
88,1151600
6,371100
74,703000
1,179400
18,807300
7,412600
3,258800
17,765500
4,291800
2,223200
4,290600
4,291100
38,1687400
1,192600
51,1922600
1,174700
16,630200
1,157500
2,191600
18,697700
1,167700
6,387000
3,279300
1,182900
2,201800
8,353400
23,933200
28,871800
1,149300
4,223100
113,1922300
1,207400
344,1305500
23,744900
3,202700
38,1395000
49,2365600
2,256900
5,388100
2,268400
4,356700
7,481300
9,519000
52,2048600
86,1058100
1,192700
4,303900
3,282400
5,355000
3,283200
2,243300
3,265700
2,231700
45,1780100
2,236100
1,196900
2,244400
5,351100
1,195700
4,316200
88,1126800
2,236000
9,614700
3,279300
24,1097100
155,1457000
7,449900
1,199000
1,198900
2,252600
1,201800
1,202300
1,199800
1,209500
4,330000
32,1402900
5,358600
1,201400
453,1184600
2,239200
7,564900
1,201100
1,194600
7,419900
4,462100
60,2381100
4,303800
3,276500
1,158300
1,164500
1,156800
2,240900
1,192100
2,232300
1,178600
1,182800
1,180600
274,1310300
2,220000
5,331200
2,216400
8,475400
2,250700
1,200300
12,620100
1,195500
5,365000
2,229000
68,362900
301,1805500
6,278500
7,303500
1,135900
1,135400
63,163200
2,160000
15,639300
2,160500
3,189500
333,853200
1,136100
3,190600
542,1963600
17,725500
2,213700
2,212400
20,770000
25,1034400
34,1078600
5,351200
1,168800
3,240500
13,500400
110,1443800
2,212900
24,796600
1,176900
1,176800
16,578900
2,198200
3,234200
1,171200
56,1850300
8,481400
4,331900
115,1846800
3,256700
2,208500
2,206300
2,216500
699,948600
52,1519700
1,176100
1,172500
4,297800
2,234700
2,220000
2,166600
289,1397700
4,347300
6,433800
9,582900
1,210400
2,259100
1,206000
6,456900
3,290700
5,390100
451,1286600
254,632000
6,470600
491,2645200
2,206800
15,611500
21,734600
2,207400
1,171500
13,539300
145,770500
26,823600
1,168300
1,168900
21,715100
3,243300
1,193700
2,207300
102,1398900
1,183000
71,436700
6,322800
146,799100
79,638500
2,199800
1,170000
2,209300
1,173100
1,172800
7,355600
31,1275500
3,274200
2,201600
2,224300
23,758000
1,162900
1,150500
2,236200
104,1587200
5,259100
501,471000
271,848200
74,465100
9,359500
7,313400
19,641800
1,143000
2,182200
4,223900
15,580500
4,232600
1,144900
11,407500
4,227000
3,200600
2,173200
3,201800
1,139300
75,546700
7,460200
1,214000
314,530000
2,244600
4,360000
83,1186000
6,456200
1,208600
40,1567900
7,396300
1,187000
15,699100
1,181300
5,361100
1,219400
1,213200
4,376700
389,1251200
10,611300
1,217400
3,310200
710,2017100
2,245000
4,311700
4,315200
1,206300
1,219800
5,403900
17,971300
4,354500
1,228000
1,241000
2,258800
5,407800
2,240300
1,194400
1,194800
5,350900
218,1439700
2,235800
2,249600
1,203500
1,210900
59,3046700
1,210000
10,653200
1,205200
41,2075900
249,402400
4,380600
2,260400
9,603800
1,209500
2,312000
9,591700
17,958600
5,392900
53,2821700
8,556700
2,257600
22,1192000
7,514300
764,1972800
33,1706100
1,208800
1,202800
35,1769400
2,273000
7,485400
18,1271000
44,2168600
60,2951800
1,212900
2,266700
4,346800
13,795800
8,555500
1,231500
5,401600
53,2716500
1,214000
2,277300
4,385200
3,323400
1,215300
1,214900
22,1246400
83,1193500
2,252400
2,262400
5,412000
2,254000
2,263800
1,217100
1,211400
2,264400
11,704400
245,3150800
2,266700
2,271400
1,219600
27,1451000
34,1800800
1,211100
66,434500
98,1989000
3,323400
5,405200
1,215000
4,346500
1,208600
1,223700
1,214200
380,849900
238,2736000
7,513000
3,314300
1,212600
1,213200
1,216500
72,732300
2,259600
235,2607500
14,841800
26,1430700
6,461200
1,209500
7,488600
96,1790300
2,259200
2,256000
4,449200
1,214000
2,282500
1,211500
6,462000
2,262200
11,698100
4,376100
2,267600
101,2123300
1,211900
19,1384900
55,2784000
1,216400
3,310100
7,476800
1,171700
2,195000
12,518600
42,1330100
82,758400
2,217800
12,478400
6,349800
3,258800
1,166500
25,816700
2,206900
2,212400
24,795600
4,259000
1,167000
6,320100
58,2043300
46,1814000
7,391700
2,176400
190,383100
21,797200
2,221700
2,223600
1,190600
2,245000
2,232300
2,231500
2,233700
2,227400
348,1725100
8,378800
10,517100
1,146600
2,172000
8,376600
6,357100
4,218500
1,192800
9,502200
4,316200
3,279200
1,190200
3,285900
4,303900
10,528400
1,217600
3,305900
12,493500
6,330500
2,209200
49,1586800
2,191900
1,143700
39,1213600
3,252400
3,240100
2,205800
4,265900
6,344300
3,214000
8,432000
1,174900
3,243900
1,190800
1,181000
47,1779200
4,295900
2,231000
1,204100
2,244100
8,382100
13,493900
2,195700
2,178000
2,224200
1,206900
5,351100
1,184300
4,292600
45,1337300
7,349300
3,242300
6,324400
4,276500
329,811100
6,326600
8,370400
1,172200
16,592200
1,174500
1,168700
21,813300
1,167400
6,359500
2,204600
1,216600
2,256900
5,388000
1,201000
5,371400
2,261700
14,818600
4,321500
17,923300
18,1034100
28,1220800
2,205000
5,302000
8,528200
21,1016600
1,137200
12,605000
1,153700
3,247700
1,169100
342,1300000
2,210500
34,1148800
1,179600
2,227300
19,684400
34,1058900
2,212200
12,484300
2,204100
1,170100
2,210200
2,230900
1,158900
1,166800
2,212800
42,1500000
3,236900
4,269200
4,260100
1,180000
1,174100
52,1977400
6,356500
4,297100
2,208700
6,326200
1,171500
2,213500
11,474700
2,207500
14,539400
1,191300
20,721300
2,229900
10,396900
3,241800
1,173900
11,448900
2,203900
2,232000
1,160200
2,210600
1,181300
3,261600
1,171900
3,263300
4,266800
22,773600
531,1284900
1,173900
1,176800
6,333700
2,210000
4,291200
52,1985100
1,168700
2,221500
16,647200
2,211000
3,249000
6,370600
30,1394800
4,272700
1,168300
1,180400
3,248200
1,171600
2,214900
6,355500
2,254500
1,174800
59,1961900
2,222500
572,1040900
1,205300
3,273500
2,225300
5,319300
2,213100
35,1107900
123,1830700
1,175000
1,173600
1,181800
12,527000
2,212400
7,346300
1,166700
58,2111700
1,167800
8,413300
2,217500
538,1680800
4,279500
77,625400
8,468800
3,262400
472,1734100
1,172400
2,207900
4,293100
7,363200
1,163600
1,188600
8,369500
3,305200
38,1405700
2,255100
19,1088100
38,1194600
1,187300
1,219400
11,537300
1,153900
22,744900
125,217500
1,149300
2,179000
23,1015200
1,140700
3,223600
2,179600
3,207800
61,1863600
100,1143400
1,152300
42,1227700
7,316100
5,259500
121,1743300
2,214500
5,253100
21,836300
80,631800
1,149400
576,1112000
7,333200
4,228000
3,204900
2,173800
18,603400
20,640700
22,723900
82,682900
1,140700
107,1403300
1,210100
54,2125100
2,227100
2,227400
15,722900
4,292100
45,1656600
2,195300
17,615000
1,156700
7,312300
2,172900
2,178900
35,1346200
237,1579700
53,1493600
1,146100
1,143600
3,233300
1,145200
2,172900
56,1564100
3,202300
1,143300
119,1712500
2,244400
2,244000
53,2424800
2,243100
2,241000
1,198500
9,613900
7,434900
7,447400
18,974600
117,2613900
1,205600
2,257400
2,270000
2,248500
33,1577000
4,361800
17,946000
1,214100
1,217500
143,1109300
25,1233400
2,204300
1,157900
1,147600
1,182000
8,450100
6,283600
273,967000
2,173600
401,1030800
139,578200
1,143100
2,171400
3,209200
1,144400
1,141100
2,174000
55,1554300
26,796500
2,169100
33,981800
5,265400
3,240800
3,248100
5,257900
1,174700
12,478000
24,823100
34,1060500
1,166300
1,170700
1,144500
6,280900
4,223600
1,150200
59,1669900
1,172900
2,170800
4,226800
18,589900
2,168500
7,301200
1,137900
1,142300
1,142700
204,771800
4,302900
3,205700
8,329000
4,225800
1,140700
3,198800
2,171000
36,1059800
57,2383600
2,247400
709,1772300
2,252300
4,334300
13,697300
60,2509800
1,216900
34,1493500
2,257000
2,257100
8,506800
3,307800
1,205800
2,255800
702,1406000
7,434500
2,247400
1,203200
4,324700
2,246200
2,240900
17,853900
7,442300
6,412900
39,1699900
12,645800
5,359700
3,282700
5,361000
8,474300
24,1109400
2,255900
137,760600
2,261800
42,1826600
115,1772000
316,423600
1,171500
2,208200
1,141600
1,139000
6,282400
1,144300
327,871800
177,1943100
11,416300
8,525300
26,1526200
706,1660800
7,481800
69,568400
141,1117700
1,219100
2,301400
3,297600
1,140300
3,224700
62,157600
2,196800
1,148600
2,197100
8,343800
4,235500
23,791900
32,1105600
1,195800
8,523300
1,181300
2,194500
2,163500
1,148400
16,554900
1,193200
2,252900
402,1619300
3,309800
2,296600
73,709800
6,427200
3,276900
32,1525500
3,278000
48,1999300
1,202000
2,240000
4,326100
2,269500
36,1507500
8,494100
3,286000
3,279800
10,555100
2,240800
1,193500
1,208700
11,586600
2,253900
6,409700
1,192300
4,303900
2,237800
1,192300
7,427500
1,197900
1,197100
1,202800
1,194500
5,359900
4,317900
1,193400
2,237700
6,379800
1,189200
28,1232500
2,236500
1,191500
12,601300
3,273200
25,1083600
8,455600
3,266400
2,239700
2,230800
3,268100
1,213400
2,241400
2,234200
1,195900
2,237500
3,297400
259,758800
1,199200
144,1024900
30,1328100
58,2388600
6,418400
3,283800
1,195300
113,2261200
3,293000
6,384200
4,331300
6,387100
2,232900
2,239800
221,1602300
6,396600
2,243600
19,908000
1,202200
2,237400
1,195800
2,235700
15,712400
2,251500
626,741800
4,307300
46,1843500
2,241000
38,1630600
1,194000
33,1431500
266,1038100
2,245000
629,645500
12,493200
8,368100
4,291600
1,183600
2,224600
1,172400
1,177400
2,214600
5,357900
2,233500
1,182000
2,228900
4,270100
4,298200
1,179500
1,184400
2,194500
5,332200
4,274500
33,1166200
8,365800
18,661800
497,413500
7,296500
61,1710000
1,154300
1,160000
6,284800
40,1985500
2,213700
6,298700
265,904500
11,519300
67,307800
64,213300
1,155900
7,362000
1,157100
5,268000
6,314200
17,581400
35,1051800
1,157900
20,672200
2,181000
69,469900
8,484000
4,285700
11,426700
46,1402200
1,155000
15,565100
7,322600
3,237000
1,157200
6,295000
13,468000
2,198000
27,853300
1,152200
4,236300
3,245400
2,190100
1,146900
3,218000
1,161100
3,216600
392,1268400
16,839100
2,206000
4,235800
5,266300
3,232500
2,197700
4,246700
3,218700
99,1156900
1,168200
1,157400
1,157900
60,1730700
1,159600
31,982800
33,1197000
4,260800
50,1554200
2,183800
50,1467200
1,163000
6,289700
5,294300
1,156800
8,358200
5,263500
1,150300
2,190500
9,365900
6,287600
2,186600
8,549500
7,405200
1,200100
11,616000
7,403300
2,210500
2,202700
2,205000
10,402600
6,289800
4,236200
3,249900
3,220800
4,288800
3,215500
2,205000
5,265200
2,209000
1,158700
1,278000
13,492600
4,264300
452,780800
2,209600
1,164200
1,172600
2,200500
2,186800
2,179700
623,510900
7,346000
2,217500
2,205200
39,1364300
1,152500
1,150900
89,931400
1,144700
5,259600
55,1599000
2,182400
11,419100
39,1642600
5,265400
2,210400
2,238500
11,603900
1,181200
2,189400
48,1364400
5,264400
2,178600
28,849000
2,182200
14,499000
6,281500
6,284200
4,232100
49,1393800
4,234600
49,1627900
3,281800
111,1458700
166,1278300
2,179600
1,150100
2,185000
2,198700
7,312000
11,412300
7,385300
245,1789900
36,1089900
2,214400
16,591100
1,154100
21,689800
4,230400
1,164700
1,152500
2,179000
86,852500
2,185500
12,447100
7,312500
13,478400
1,155400
10,388400
1,145500
1,151500
23,796300
2,185900
1,149700
42,1220600
10,478200
5,343700
1,162000
11,418500
2,180500
148,812300
20,639100
2,186400
1,151700
5,262700
1,156400
1,146700
1,167800
13,618700
7,349500
16,543900
18,599900
4,232700
2,181200
4,233300
4,285100
391,1039200
1,159800
15,644200
1,175100
24,947100
2,181100
61,1738600
152,914000
3,204300
13,474600
21,666500
41,1175300
1,151600
2,192000
1,148900
24,1043900
13,487500
4,239300
48,1425900
1,148200
15,558900
1,137400
2,187000
17,584300
1,146500
6,278100
90,876300
1,143500
1,141600
2,170300
2,177400
3,199600
6,275300
2,185400
4,224800
5,249600
39,1288100
6,419100
1,142000
5,255000
2,173100
9,360200
1,143000
1,142500
9,368400
5,255200
4,235700
2,184300
2,179400
100,1141300
3,213600
22,698100
2,180800
483,1625900
2,177000
13,486800
2,213600
8,532100
1,173900
2,190300
2,177600
6,285100
2,181100
2,187700
36,1243400
6,366300
3,229700
4,273900
49,1474900
4,267200
15,531500
2,178500
6,302000
80,621700
2,180900
6,412000
1,184600
2,237300
180,1903300
6,296000
2,201000
10,386800
2,182600
12,441500
12,452500
55,1563800
6,293800
3,212000
2,177900
4,231100
2,175800
7,309600
53,1731400
2,214900
4,250100
2,207600
66,303800
1,166100
3,264200
16,643300
61,1702500
2,179800
7,311500
6,288200
2,180000
2,188000
541,1592400
9,408500
10,408100
302,1923800
29,876700
5,257700
2,173200
6,290800
4,238300
65,235200
5,256800
2,219100
246,1789800
44,1262300
2,181500
27,940900
58,1805500
198,525700
4,235800
2,190500
2,180600
14,486800
2,176400
1,149300
4,233000
3,206400
24,770200
2,174200
25,795700
2,178000
46,1374700
82,1158800
137,532100
3,203300
2,182900
228,1308700
2,177300
71,479400
2,181800
2,178400
679,1914600
2,178700
17,570500
55,2054900
2,222800
3,213000
1,151800
36,1064200
1,157600
17,565300
2,181300
7,313800
12,443100
134,447600
4,239900
2,174100
2,176900
46,1310500
1,156600
2,181800
14,499800
1,148300
2,180100
1,149800
2,180600
2,204200
2,222700
3,228600
1,167400
81,698400
29,911600
2,180000
372,290300
41,1174200
5,266600
22,694600
2,176400
2,178100
28,853000
2,181000
2,196900
2,208700
2,173600
47,1631500
40,1410800
7,325700
10,390400
259,537600
2,176500
2,185000
1,141600
17,580300
2,177600
3,205500
2,180200
2,180400
218,1031900
2,179800
2,178000
116,1583600
2,192700
13,575500
105,1463900
1,150700
2,178200
2,179300
3,205800
2,196600
23,736300
7,313300
18,589400
7,320000
181,1732900
2,178200
1,145500
2,181600
2,177400
2,265300
5,271100
5,263800
2,214900
488,1772100
1,142400
2,188700
2,175700
1,148900
8,337200
2,186700
2,182600
2,179200
2,179500
160,1110400
2,177800
50,1410400
4,241900
43,1297100
13,534400
3,204800
2,189600
186,204900
2,184800
86,779600
2,173000
84,725600
61,1853000
1,153600
220,1162200
2,178600
2,180700
2,178900
12,441700
2,179600
24,739400
2,185500
2,213500
2,185600
2,173700
106,1343000
2,171300
2,180300
2,177600
2,177300
13,480700
30,897200
1,143800
2,182800
7,314700
17,568300
2,172600
37,1108000
3,216200
1,153400
259,522300
2,179500
5,263700
5,255100
2,214900
39,1381200
4,235900
6,287000
2,177000
2,185800
24,738300
38,1550200
182,1681200
2,181800
23,719300
2,179400
4,230800
14,509000
19,688200
1,150300
2,165100
2,188200
2,212000
60,1692900
1,150000
1,150100
3,212900
2,179200
2,192600
14,517900
41,1184200
2,175700
19,627800
5,259300
27,844700
3,205400
2,197300
249,370400
2,179700
8,368600
6,286600
2,176300
1,152200
71,409700
4,332400
1,180000
2,205400
12,584700
2,186600
2,177100
1,161500
16,549300
15,603000
4,232400
2,182000
2,184600
2,186400
2,180300
3,206300
31,924600
2,193200
3,208000
2,187400
1,145600
3,205500
185,1876900
1,149900
2,180300
1,146500
1,150000
1,198700
4,232800
4,223600
7,316500
2,182700
21,666400
4,232500
2,213400
9,366800
2,178600
6,290000
2,177100
25,779400
9,366600
7,323100
1,162500
5,252000
2,177300
2,184200
11,493900
2,214200
2,184200
2,182000
13,554600
5,277000
1,175000
2,202400
11,448800
20,648400
1,140600
2,170800
75,484400
121,1711700
2,216100
7,380700
2,215700
2,210300
2,237300
2,217300
2,211800
1,171700
18,765400
1,191900
315,536000
2,206200
3,220400
3,254600
15,676100
1,150200
2,199000
2,191500
7,380700
2,223700
11,518900
2,224800
11,545200
2,218500
2,202500
4,296600
30,1185400
1,172300
4,245100
142,823300
2,216700
6,354100
10,526100
1,149400
2,215800
22,908000
2,239700
2,218900
44,1412300
18,601100
2,179900
2,186900
7,351400
16,553000
2,175200
6,304600
6,294600
6,286400
6,428200
12,465900
220,1388600
3,211700
5,263500
16,570000
2,196400
1,147100
3,211300
99,1134300
4,249200
2,184700
2,177700
15,551700
17,578600
2,192500
15,534700
7,306200
19,669000
181,2865200
2,300300
2,202200
14,475700
35,1054200
26,822400
3,197100
25,824900
8,333200
1,144400
2,168500
2,167700
3,199600
107,1644400
2,179100
21,679800
6,280000
5,260800
2,172000
54,1518300
11,404400
8,333600
64,202500
1,146600
610,1757300
2,175600
24,1208500
6,408100
2,182200
5,295300
2,204200
11,416100
66,256600
1,149600
191,362400
8,333700
2,177800
2,178000
19,629800
1,171400
4,234500
127,259000
1,150300
13,463000
2,184600
4,242000
2,176300
3,227700
72,418000
5,260700
1,149600
2,180100
1,148900
2,184700
2,197400
2,182600
29,925000
7,335800
2,245100
20,827200
71,398000
2,180800
57,1656200
7,311200
2,180300
2,173200
2,177700
9,398200
5,263100
2,192700
73,531500
2,187300
2,175900
2,177000
1,151400
3,204800
97,1062600
5,317500
1,137800
2,202300
3,195200
6,351300
517,924200
2,182100
1,153300
7,350800
2,178400
23,727100
2,185100
1,149800
112,1450400
5,257000
250,317200
16,555600
58,1696400
638,1197300
3,218500
7,308800
2,176900
1,155200
2,182200
1,149900
2,178200
112,1470300
122,1743600
2,185400
4,235500
39,1181200
1,149600
2,181500
86,966100
5,342100
5,259200
2,181000
3,210800
2,182800
5,259200
11,412400
2,185500
15,514800
3,207900
2,181200
43,1263600
23,906700
2,183300
8,332200
624,501100
2,180400
116,1644900
5,292700
98,1088300
2,178900
3,206900
2,181300
2,175100
10,384600
203,785200
2,249800
2,252300
3,256900
17,574600
7,314600
6,284500
6,283600
2,179400
3,205000
2,176800
3,201300
3,203600
2,177200
26,840100
1,171800
2,250700
2,204200
2,181200
29,930300
70,370300
2,181200
115,1527000
2,188300
28,917800
13,476100
2,178100
2,179300
39,1498200
3,208100
2,181100
2,180400
8,380500
2,238600
42,1425700
9,376100
3,212900
2,182900
5,259100
4,266800
11,533700
2,207200
8,419800
2,186900
6,281800
2,171400
3,199200
16,539600
2,199900
2,180600
1,139300
4,222100
4,230700
106,1332500
3,221100
2,218000
2,222000
29,975400
198,534500
70,368100
4,278100
2,170600
112,1630400
4,315100
3,267800
3,276300
484,1630500
1,147100
1,155800
2,181000
5,267400
10,531900
4,248400
1,137100
13,503800
1,150100
4,250700
2,181200
2,170700
53,2060800
63,189900
2,181500
60,1701500
23,721900
3,207200
8,328700
25,784800
120,2070800
85,804400
2,179900
2,183700
2,186300
225,1225300
4,238500
5,263700
6,283900
10,386100
3,205600
7,313400
3,206000
1,150600
3,202600
31,936600
2,186800
5,261900
27,966600
2,219500
7,375800
2,181800
1,150300
2,188800
2,185600
35,1034300
23,725800
30,914200
14,489600
2,180600
3,205300
8,335400
7,317400
2,215600
9,363200
2,177800
6,284300
6,281700
4,230000
2,222600
16,732700
113,1500500
43,1237500
7,317400
3,202400
11,428400
20,641100
2,181200
7,341600
2,202900
3,206400
5,273700
1,147800
2,188900
7,302100
1,149400
223,1588800
2,213200
2,181700
14,493000
6,284100
2,185400
436,369800
17,564200
2,187700
2,182100
2,178900
1,148000
12,446300
189,293000
2,177500
3,203400
2,183100
1,146000
2,179600
2,179100
15,529400
238,1533200
4,230800
26,1010500
2,211000
2,170900
4,240000
4,232700
6,301800
3,200700
32,1026300
2,201000
6,284800
2,193200
9,356500
1,153000
32,945200
2,179800
2,181500
9,362800
2,181600
2,178200
3,204500
3,205200
3,282100
1,198100
1,207400
285,1651700
8,342200
16,596400
2,179600
4,226600
9,358100
7,316100
71,401600
2,178100
5,257700
64,209400
4,233400
4,233600
177,1551000
37,1082900
1,149600
11,427000
21,742500
2,186100
5,374500
422,1650200
1,146700
9,367300
2,181700
10,392400
3,204600
14,487400
2,180000
1,145800
5,262400
17,607800
10,384600
16,648900
3,263200
2,185400
5,272400
5,256700
6,302300
2,203900
93,1247700
3,200600
52,1468800
2,181700
1,149000
84,723900
2,176800
66,260400
6,341000
6,283600
1,152100
2,186300
56,1572600
1,152400
222,1199400
2,174400
2,217700
2,202200
26,795300
2,202100
5,256800
10,401600
4,236600
1,151000
53,1519700
2,187800
2,183500
20,726100
8,500200
2,184300
2,179200
9,364200
9,360700
18,596200
7,310400
14,725300
1,155000
2,184300
7,312700
3,205800
43,1265000
4,233100
107,1321300
1,147800
2,174500
1,167400
3,207400
22,689400
3,207000
2,190300
21,675900
2,192200
95,1021600
2,210300
1,186100
2,184300
2,192400
16,582800
1,148000
4,240100
6,290100
48,1380600
9,374100
6,296500
33,1079100
311,391100
1,161600
2,225500
10,463000
53,1482700
4,230100
47,1481600
2,166900
2,176800
2,169900
166,1250100
6,281600
2,219200
580,940600
2,179300
2,177900
2,178700
8,341000
89,866200
1,162200
2,178400
6,285600
70,424700
10,395000
247,2321600
2,181400
2,179900
8,340800
18,644500
1,156700
13,613000
2,211400
2,250400
103,1690600
2,220700
2,220300
76,705400
8,429500
4,296900
4,291400
47,1884600
2,215300
2,213700
2,215400
2,226400
2,216000
2,225300
2,190400
17,579600
66,272400
5,263000
40,1259100
50,1961900
618,2467800
5,393100
3,269700
40,1257800
2,168300
104,1265400
7,313300
2,229200
2,237900
24,1135400
3,279800
5,344300
32,1353600
2,240600
1,199400
2,234600
12,628400
9,495100
7,427400
2,240600
63,237200
3,279000
43,1767600
150,1192700
2,233600
2,297600
3,272200
32,1285800
3,278900
1,191400
11,577100
2,228900
7,410600
2,231100
2,235000
2,229400
2,238700
13,625600
2,232900
1,193100
2,244400
57,2190900
3,275900
1,203200
28,1175900
3,282400
2,242100
2,256600
3,278500
21,989000
3,289500
1,230000
2,255400
3,281900
11,594600
2,243000
3,288000
15,760800
2,237500
2,247200
37,1624900
2,251100
2,240100
117,2224900
32,1312000
5,321600
36,1199000
3,208900
2,181600
1,149400
12,438800
560,453500
5,254700
47,1429700
5,298700
14,565300
2,225500
2,190300
93,1047800
2,179500
2,168900
2,171800
6,277800
4,219700
1,138500
3,195100
1,184100
2,203100
18,699400
20,680700
30,958600
38,1366400
4,262400
2,174300
3,265700
2,174000
2,189600
6,289500
10,390000
2,179200
17,604300
2,183500
1,152600
33,1280200
4,284300
2,206900
1,154000
2,190200
2,210700
32,977900
56,1576700
2,210400
2,257300
1,226500
3,268800
4,234700
17,571100
2,181700
10,400800
20,662100
2,190000
156,1016900
2,177200
52,1720800
46,1779100
2,218700
6,376000
10,513500
197,572800
2,189200
5,304600
1,169200
4,565200
2,227400
122,2287800
6,372200
7,425600
2,218400
166,1587700
1,174300
4,295400
2,288600
4,355500
64,283900
3,336800
24,740700
1,137100
1,164900
2,172900
17,629300
3,192100
2,168100
2,212100
1,181700
3,220700
4,317200
52,1783700
5,304900
6,326500
3,246000
2,199000
8,346300
24,886500
2,216000
108,1808100
6,378900
14,558600
2,187300
2,216900
1,188700
2,280300
2,201800
11,663200
2,196100
26,853600
28,890200
2,217600
1,171500
1,165800
7,363300
2,229400
2,241200
10,524600
3,288700
3,259600
1,152800
2,203000
2,221900
2,185600
76,520800
6,306100
2,231300
4,340100
9,703400
2,194100
2,226000
8,339700
11,458300
2,238100
12,562300
47,1421300
2,194500
14,694100
15,639000
62,160900
2,181100
2,177500
2,196200
4,234400
2,180100
4,239900
25,784800
2,179500
2,203600
47,1726800
7,366900
4,231300
472,1418600
1,150600
230,1763000
2,180100
2,179200
2,182300
291,1466600
9,360300
2,176800
48,1364200
39,1143600
2,173600
2,192500
13,464900
2,178600
2,179700
12,437400
18,918400
2,205900
15,516400
35,1054300
6,287000
11,449300
6,287300
454,834200
116,1942900
4,232000
2,180500
209,798900
2,178500
56,2156800
32,1035700
4,232200
253,373800
52,1481900
2,179100
1,151800
4,233200
1,149100
23,743100
41,1171800
1,147400
10,397800
4,295200
29,1279900
2,182500
2,187600
59,1641100
2,182700
2,193700
2,176300
9,358300
93,948200
2,179400
2,176900
14,494000
5,255800
23,716700
2,180500
18,612900
12,664700
30,1045400
6,288500
2,183600
1,150600
24,749600
2,181600
2,178300
9,374800
18,641200
2,179700
2,177800
2,180300
7,302900
5,264700
2,181900
24,744000
2,175200
2,185800
2,173700
2,207800
102,1288300
2,250100
5,337800
2,266000
2,205300
2,181800
3,253900
93,955600
1,146300
2,182200
2,180700
2,181000
2,176600
30,913300
60,1672600
28,1018600
2,178600
88,913500
2,266200
10,487100
11,422200
12,439700
47,1354200
2,178500
2,173400
18,596200
2,177100
2,181300
2,177900
2,194300
6,282500
16,569600
140,588700
2,179000
4,239400
2,177200
46,1476600
5,376100
2,185500
2,181600
12,440400
6,281000
2,171600
11,413400
6,292100
3,203600
1,141700
2,176600
55,1540800
4,232700
29,875300
1,146700
2,216100
2,185500
4,281500
12,485800
24,741300
98,1406800
2,179700
6,287400
2,179600
4,233700
5,292200
8,367900
2,180600
127,261100
7,314400
2,177200
17,638400
21,675500
89,846300
2,177000
5,270200
2,176100
7,310700
35,1082500
2,184700
2,188200
5,339100
4,233400
12,570200
2,180500
2,177700
8,347300
64,206100
7,311300
2,187000
2,206200
1,157400
4,236600
3,199400
24,794000
587,1544600
86,796500
141,623600
2,175800
3,204400
2,186100
2,179500
711,1840200
2,182500
2,178200
37,1102600
2,179600
2,194400
2,176400
38,1107700
6,282100
192,371600
2,180400
2,178600
338,1028600
1,151600
63,181000
1,155900
2,195900
724,1826800
2,182900
2,179500
3,208400
1,149400
2,181500
20,650200
4,231300
67,299200
3,201600
9,360200
2,217400
242,1982300
4,233200
4,277600
29,890700
2,179500
1,161300
11,498300
10,474700
2,227800
8,356000
483,1601600
2,178200
2,179500
58,1635000
2,175700
4,233200
3,205400
13,464300
2,190800
2,179600
3,204100
2,176000
2,188000
220,1137700
8,532800
1,225900
2,268300
87,1418200
488,2294400
1,145600
2,186900
31,928300
2,185800
2,176900
2,181700
20,705200
2,180700
3,209200
2,174200
160,1453900
6,285300
2,183100
2,190000
2,181800
9,367000
2,180600
40,1154700
4,239700
7,306600
43,1232900
2,178600
2,174000
2,176500
3,205700
2,182000
154,952100
2,177700
4,230400
2,179400
80,776200
97,1089300
2,177000
23,828000
52,1504300
2,180000
2,180300
2,179800
4,235500
51,1462900
292,1356500
2,184700
7,394200
10,469600
1,159500
2,185300
2,159700
24,745200
2,179800
10,385800
3,207400
2,179300
54,1525700
12,454600
13,502600
27,841000
2,180500
3,204800
8,335300
12,450600
2,186700
12,439200
21,956300
11,430400
2,188600
2,205600
16,670800
2,179700
1,149800
5,261500
2,179200
2,186300
23,757000
2,180100
11,438400
4,228300
116,1539800
2,179100
2,176900
81,654500
2,186300
18,702300
1,161200
5,268500
2,230400
104,1253100
2,177500
6,287200
247,1840700
2,179800
1,148500
3,211100
2,181100
2,179100
4,232200
14,484600
34,1008900
2,230600
2,182800
2,177000
1,148600
3,212100
2,304300
9,786500
307,2077100
2,183500
1,153200
2,180300
165,1246800
2,180100
2,181400
2,177000
44,1268400
2,179100
14,491900
18,617000
2,218300
1,166500
25,794500
1,144700
3,204500
2,179100
2,186300
4,234100
2,182900
2,180700
4,242200
2,175100
5,258200
1,141300
2,172000
2,181100
3,219300
2,177400
28,846000
67,289600
1,148000
3,276100
1,147300
2,177500
2,176900
2,178900
1,148400
28,987100
4,293600
2,238000
48,1850300
1,158300
2,188600
2,181400
7,324600
17,604400
20,688800
11,412300
108,1368300
2,173800
2,179200
5,256800
2,185700
2,181500
6,285900
1,157000
2,188100
2,173600
2,180200
12,439700
3,246900
84,781500
10,428200
3,198200
15,509100
2,182800
171,1433100
44,1262800
44,1299500
7,365400
1,154700
2,175700
280,1098000
4,272000
2,203700
1,144800
7,339800
2,219200
21,666500
64,214100
7,312400
6,289200
350,1311000
6,285800
102,1479800
1,168900
2,233500
17,626800
2,195200
5,259900
9,359500
6,280200
2,179800
5,324700
126,259000
2,171600
9,369500
4,245500
104,1261900
3,201700
9,370400
12,429300
4,221700
10,385300
3,205500
2,189200
4,236900
2,172300
2,169300
6,279100
22,695300
2,183900
127,256400
2,180400
2,168300
55,1751100
21,776100
2,171400
2,177400
395,883000
2,171000
2,171400
1,146500
4,228400
20,630700
2,178700
2,175200
2,171500
4,225600
244,1688000
2,172200
1,143400
2,176500
1,146200
1,144600
2,173100
2,171000
4,227400
2,179300
1,181600
2,210200
3,312900
2,243700
162,1215600
5,258200
1,151100
39,1131200
49,1533900
71,389200
7,314600
30,894200
2,169100
2,171700
27,838700
4,234100
6,376200
18,777700
3,217100
13,461900
2,170100
45,1278900
3,208300
2,176700
2,171200
1,149200
139,563200
14,480200
14,493000
19,803200
2,173600
4,222300
2,171000
3,198700
8,337000
2,171400
2,169300
3,197700
266,933700
8,363500
3,203600
180,1743600
57,1699100
7,310600
3,208700
75,497800
2,174000
50,1864400
2,175900
2,222600
12,560000
2,200600
2,174800
62,142600
2,174500
3,207000
2,172400
3,200100
4,228300
2,170300
486,1670300
13,460500
44,1279800
1,154500
9,407000
400,1019800
4,235400
29,974300
2,229000
17,632500
2,179400
7,398900
4,267200
2,173100
2,176700
2,177600
1,134100
2,176600
54,1526600
2,200500
61,1699500
23,718200
7,409500
3,208700
2,172300
24,846000
4,229500
2,166900
2,171600
28,919700
14,497300
15,512500
20,645800
5,249700
3,204000
2,170100
5,250800
10,384800
4,231300
16,532000
37,1263300
2,185000
40,1353500
3,256100
5,308800
8,492300
29,1048800
65,231600
2,174000
2,222100
3,291700
1,193100
32,976400
21,660600
2,184300
1,150600
2,173800
2,168700
1,192200
94,1232400
2,181500
57,1889900
49,1410500
5,270300
8,331700
8,335300
5,255900
2,172100
144,697000
121,1698300
2,223400
10,529900
4,341500
115,2333400
2,240600
398,1383300
11,565300
80,869600
13,653900
1,203500
2,240000
290,2019200
150,1246500
32,1454200
2,241300
1,211400
2,238800
1,192500
498,579900
4,372600
6,407500
2,239500
166,1929800
2,211200
5,737200
31,1482500
269,1169000
2,235000
8,442500
2,224200
1,194500
24,1030800
12,599100
67,554900
93,1402300
2,222700
4,301600
12,626800
7,423400
2,221700
15,729100
294,2097200
25,1133700
2,224700
22,1004800
2,223900
3,274400
48,1879100
2,218300
9,454000
3,253400
4,294600
1,179200
20,951400
17,730400
38,1876700
2,219000
6,381400
14,639300
17,736100
5,317300
4,478000
32,1450700
2,255800
5,325500
1,172500
5,310500
2,201900
2,206300
36,1364700
3,237800
367,2360200
103,1623700
2,215900
6,346200
35,1410700
2,205800
2,211200
1,182200
2,220800
28,1122700
4,274300
2,211000
23,1014300
25,990100
2,227200
1,181700
2,207700
2,210000
6,334700
2,204800
168,1586300
8,360600
45,1531400
656,1805200
73,578200
3,254100
32,972600
2,171200
99,1125800
2,205700
2,242200
2,198300
116,1664700
483,1559300
4,228300
2,235000
4,292200
1,178900
4,304100
4,338300
9,452300
2,222400
5,325500
2,217400
4,294700
4,295200
96,1327300
3,258500
2,242600
2,219600
15,653900
8,420200
12,567100
552,2403400
1,189900
2,221100
48,1764800
1,187800
7,403800
2,220000
2,220900
21,894800
1,182100
1,182600
2,220900
7,388000
21,881200
6,357800
4,287500
22,940000
2,219800
13,590200
7,388500
7,391200
2,228500
16,694100
1,182400
4,288900
8,424900
2,268400
13,580000
2,179500
9,393200
40,1261800
2,207800
2,181800
2,173400
2,185400
12,447500
7,319900
2,180200
12,615600
21,958200
16,790100
84,1045900
2,239000
40,1633000
94,1407800
7,411700
45,1940000
1,191500
2,224500
23,1327800
4,302300
2,233000
76,732500
2,230800
11,583900
52,2162400
2,232100
2,233000
1,193700
4,388300
2,223200
1,170600
3,253100
12,552400
41,1580400
1,170900
2,211300
1,181400
2,211000
2,207900
669,2265000
94,1289800
2,210500
2,208700
1,171000
631,869000
104,1661200
5,314200
3,244700
7,399700
2,207000
2,208000
2,206500
51,2025400
2,214300
2,209200
1,168900
2,221100
156,1318100
26,1066200
2,216800
4,278900
458,1257700
24,957000
2,209100
5,328100
337,1343800
12,596600
4,317200
2,242000
6,379700
64,263000
5,335700
14,663300
2,264200
1,192900
2,231500
4,301100
1,188100
163,1524500
17,606400
41,1415900
48,1420600
90,957200
2,212500
7,358900
16,670600
10,422200
2,215900
2,222200
26,859300
3,258500
2,210500
10,530600
23,812600
20,961300
26,1106000
91,1245300
3,265500
2,228200
42,1692800
3,265700
1,157700
3,252500
2,203600
2,205200
12,478500
5,299000
1,169200
3,234400
11,557700
2,248700
93,1086900
4,276200
52,1545800
71,578200
81,716200
1,173800
13,517700
2,212500
2,215500
14,563800
2,204400
7,395100
1,164900
15,693100
47,1786400
2,161700
2,203400
3,237900
2,209000
52,1512100
1,168000
80,799600
474,1753700
1,172200
13,568000
2,225000
1,173200
2,215500
12,634400
1,170600
2,227700
11,552800
2,188700
92,1041700
26,1062100
1,209300
4,328900
3,267500
2,232500
4,323700
2,244300
1,196400
2,245100
2,253500
1,196300
16,803300
362,2310300
2,248700
2,242000
3,275800
2,241300
6,385800
14,731400
86,1157300
5,382300
96,1625100
2,254700
12,623400
2,232600
3,279300
40,1752200
5,365300
2,239800
6,432000
28,1242700
2,233800
8,496200
5,366300
5,387400
2,241000
2,240200
8,461900
7,463000
2,249500
2,237300
6,398600
5,354200
2,242000
12,786500
2,263100
10,588000
38,1651700
505,955500
3,282300
71,564400
16,758400
3,301500
37,1552000
2,250600
2,246600
31,1334100
5,383100
45,1833400
2,258000
2,251400
16,759300
7,430900
35,1496100
204,960000
2,240700
9,524600
3,279000
2,237200
1,198700
4,331900
20,951500
2,239500
55,2250500
2,343000
4,360300
6,406100
4,319800
311,406100
2,234500
2,239900
1,196400
3,299800
16,780100
2,238200
5,365300
34,1507200
4,318500
19,875600
3,259600
2,222200
10,500900
4,304000
2,229100
17,767700
4,297800
3,276600
16,738300
1,195700
1,195100
3,268500
2,237200
6,369500
8,479200
109,1977600
2,232300
1,192600
2,236500
4,321400
2,226900
339,1385500
23,985300
14,675100
11,546100
29,1202600
2,229600
16,739600
2,223500
2,226500
181,2400100
2,238600
9,514900
10,398200
7,361200
20,726200
2,215100
1,185500
6,342900
19,913500
16,813500
32,1168100
2,212900
19,682000
4,302500
2,219000
39,1523500
2,181900
2,161900
216,1508100
15,530200
4,393700
207,1206700
12,506200
1,169500
2,210800
158,1118500
2,231900
2,206300
8,372700
1,166900
2,215900
2,212600
29,920700
4,267700
2,205400
3,239600
2,204700
2,218000
2,211000
4,281600
2,209100
7,368200
33,1504300
1,202700
2,233300
94,1038700
19,702500
178,1633700
2,211200
2,215700
4,303300
15,554500
2,197900
2,211500
2,218800
12,521600
2,211600
2,213400
1,188900
92,1300600
2,232600
31,1302700
7,432800
2,236400
2,239800
4,332400
2,241000
11,723900
4,305300
331,1144000
2,245900
15,781800
7,547400
2,243400
19,959200
2,237300
5,360200
99,1698000
2,236800
69,481000
2,243400
6,400000
2,231600
8,477000
6,409100
2,236600
10,573500
2,231700
1,190000
2,238000
40,1685400
3,269900
20,923400
4,312300
44,1867100
1,183800
14,746500
2,239400
1,190900
402,1632000
37,1602500
5,344800
2,225000
3,263800
3,279800
2,230300
14,706500
5,343200
2,225100
4,318100
4,306800
38,1465600
5,335000
2,218900
21,875000
6,401500
2,288100
2,230200
2,235500
50,2445800
18,779900
2,218400
8,458300
2,221200
2,219000
2,220700
1,175800
17,750800
32,1267600
6,362100
2,215500
7,402700
90,1188300
4,295800
2,260600
4,294000
2,226400
350,1824200
4,310600
2,224100
15,704000
101,1772500
3,260200
46,1868300
7,419300
6,367600
70,486900
6,411200
1,180400
2,219200
7,455200
711,1673200
122,2205700
2,217400
6,356200
2,230300
2,217900
2,220600
177,2049100
2,218400
2,243100
4,286200
2,220400
2,218100
23,941200
92,1221400
1,190100
6,361000
2,219400
29,1147000
5,335500
4,290600
2,227000
3,272000
46,1806600
3,260800
2,222300
3,254600
7,398200
8,427500
4,299000
1,186900
355,1881900
2,223800
5,322100
7,393300
1,183900
2,220500
40,1526200
2,222900
2,221300
288,1677500
2,221300
114,1958000
2,229800
2,221000
10,525200
5,327200
91,1223100
5,344200
2,227700
9,478600
41,1641600
1,182400
28,1108300
177,2026100
2,225000
2,220300
11,530500
2,217700
6,362200
31,1212500
2,224100
28,1129100
2,222000
1,182900
37,1409900
2,222100
2,228600
2,219500
4,295500
1,182400
185,2338600
4,309900
2,227300
1,183500
2,221300
67,397400
6,378400
11,543000
15,665200
5,336700
13,593800
2,220300
22,955200
59,2477300
1,183600
2,225100
2,234100
1,191900
16,749400
60,2400900
2,231000
2,238700
2,231800
2,229600
4,308200
38,1648700
58,2556600
638,2342000
4,526300
2,367300
40,1776700
4,304500
1,187300
36,1466500
5,361300
2,234700
1,180500
3,246900
31,1245400
3,243600
2,211400
4,282500
1,171300
2,206100
7,415800
2,210700
15,653600
3,243600
19,816400
2,210300
3,242300
2,214500
34,1369000
6,369100
11,526000
2,205600
4,279000
5,310600
14,654700
2,205000
102,1584200
264,842400
4,277600
2,204700
57,2093100
2,215600
26,1026800
2,205100
2,222500
2,206200
2,218600
48,2518600
4,279200
32,1258200
2,214200
198,662400
183,2443100
3,260900
2,234900
2,232700
41,1679300
31,1320800
696,1097000
2,232900
15,708200
2,239600
2,227800
2,244100
6,377200
187,309100
9,492800
22,985100
52,2096600
4,306900
5,358900
18,822600
649,1736100
18,828200
2,231200
44,1781200
2,230300
1,189500
58,2304800
3,267800
123,2448700
2,232700
59,2314600
63,235500
5,342900
4,302000
2,238700
2,238300
3,271300
2,229400
2,231000
121,2437300
2,236600
5,349700
2,241000
176,2145200
2,228600
2,230600
106,2248300
2,234200
10,520600
17,811900
17,781400
59,2321300
2,246300
4,309400
4,303400
6,383700
2,228900
31,1321700
1,190100
13,651000
2,236600
1,208100
2,249600
3,258800
13,621200
75,511100
2,213300
2,222100
2,216000
2,207300
13,615500
2,189700
2,184900
4,234700
17,617200
2,224400
41,1771400
5,365200
26,1200600
2,248500
1,194500
24,1122400
2,260600
2,243900
2,239300
63,238800
3,267800
14,694900
25,991400
4,220800
20,638000
3,241000
28,1225400
5,356300
3,287400
5,393800
22,1104100
2,244400
25,1178000
2,245900
2,233200
3,277500
757,1154300
2,239000
3,279700
2,236400
10,570300
2,243400
18,848100
1,200100
4,315000
2,255500
4,324000
18,843400
4,310000
5,364200
4,315400
2,238100
2,237200
2,240500
3,283900
30,1315200
2,245900
7,430800
32,1470400
2,237000
1,187200
2,241900
74,799500
222,1287600
1,168500
2,228300
6,325500
2,225400
5,291300
13,528200
3,239400
1,179200
1,172000
1,170600
2,217800
18,633300
3,237600
8,381800
6,331800
3,239300
8,377300
16,592200
72,517800
18,796000
4,272800
1,142100
55,1647900
10,430000
14,526500
2,221500
2,207100
7,347000
1,164500
40,1210900
280,1228700
1,144700
2,176000
3,283300
2,188700
3,283300
11,490400
1,164500
9,414000
4,282800
2,235900
20,735400
2,214600
4,292300
11,446700
4,317700
3,243100
2,204100
7,342600
2,203700
2,205400
9,396900
2,223100
22,731900
71,418500
2,214000
169,1603100
4,328600
2,227900
93,1345800
2,241000
2,239200
5,274700
6,362700
6,323000
4,263800
1,166600
2,226100
13,502100
11,464600
2,205200
4,259900
4,271200
336,1220700
54,2083900
6,383100
7,355800
2,210800
11,470900
17,615000
43,1302400
2,213400
2,212100
2,211900
10,401300
28,983500
2,194900
7,399400
19,676500
2,233900
20,933100
3,210200
2,187400
7,315600
2,186400
1,170000
4,263900
2,193500
2,186900
6,287700
15,546700
1,154900
3,251600
2,198300
3,210600
2,217100
70,514700
2,218900
15,650900
2,226200
6,320900
57,1791000
2,278300
147,897800
4,247800
81,695500
13,543300
1,162400
3,261000
2,227800
12,458000
50,1470300
11,437800
4,256800
5,273600
1,156600
2,206800
1,160600
2,188200
2,179900
4,267800
2,223000
3,356000
48,1471200
2,192000
6,362700
30,962200
8,409800
6,309900
2,236500
4,308100
10,422400
4,324300
104,1361100
4,238600
458,951200
14,716200
1,170800
2,218800
20,729100
4,247700
43,1235700
120,1659700
6,281100
76,526100
2,177600
2,182600
3,203800
2,175500
1,150500
5,259200
2,192000
4,223500
3,213700
4,230500
8,358100
42,1325200
4,241200
1,158800
43,1234400
7,320800
3,207500
30,1201600
4,254200
2,240900
69,357400
3,250100
3,209000
2,184500
15,515500
3,203800
2,176900
7,413900
24,765400
41,1633200
2,181500
1,147100
29,871600
3,212900
2,185100
179,1609700
5,255400
15,524600
1,151800
1,150500
89,849600
241,1902300
1,212300
6,360900
2,195000
2,185200
2,179000
77,597900
3,210500
2,180400
13,520600
3,242900
4,246600
3,288800
3,274100
2,217800
7,411500
37,1490600
144,946500
2,216500
7,395200
2,214800
764,1494200
400,1397100
1,184200
144,1098100
2,240100
181,2398100
6,352200
2,184000
2,213800
2,197200
1,171300
2,240700
667,2209600
2,191100
2,183600
2,178700
3,292300
2,237200
8,538200
2,238300
11,642800
52,2347200
2,180800
247,1963100
1,142000
79,594400
54,1524600
2,182300
205,705300
54,1520400
2,169600
2,179400
11,405900
2,173500
5,272600
37,1075700
9,490300
21,859700
2,219800
1,184200
322,844400
123,2411700
2,238300
540,2158600
2,242800
3,288600
3,285500
2,240700
4,319200
64,284900
1,199400
5,358600
2,246800
2,235000
17,817700
3,278600
2,238000
6,406100
284,1622300
4,337200
2,233200
4,305400
4,308700
44,1769000
3,241500
95,1319600
2,176800
44,1289600
3,196300
2,173100
117,1580800
2,175600
2,174200
3,201000
90,874100
2,170600
2,175600
11,419700
509,780200
204,889900
2,203400
12,680600
39,1153300
3,251900
2,207900
1,170100
6,323500
4,231100
22,754800
31,944300
2,176800
2,189000
1,150100
14,494400
4,233100
208,821900
2,192600
1,181900
1,223300
2,188700
5,374200
4,240700
7,316400
2,193100
33,976000
90,888200
2,210100
2,180400
93,959400
1,150100
4,231800
31,937200
15,520300
2,179800
4,234500
11,425500
4,267900
6,288800
69,545400
2,224900
9,406800
38,1119300
20,641000
2,180000
2,190600
2,172600
2,172800
18,592100
3,208000
8,342900
1,143900
3,218100
15,546800
31,951900
89,938400
2,245000
9,461500
1,199400
2,248100
2,195400
16,550000
56,1564700
429,1738100
5,267000
2,178100
8,331500
13,462100
2,175600
2,178900
2,178600
8,342400
5,258600
2,182100
2,173700
2,177500
34,1264800
2,263900
6,293000
5,263800
2,196800
2,178200
3,207100
15,582900
1,149600
2,178500
42,1230200
17,573600
6,284900
140,593800
29,877700
2,205300
163,1679300
131,512000
2,180300
2,164400
2,170600
26,798600
2,181200
15,532400
6,287100
115,1710300
2,231600
2,243300
14,483200
6,299300
2,176100
25,756100
1,142700
2,173800
316,454900
2,179100
64,300200
356,1761100
2,185100
152,932800
9,366200
17,576800
3,251000
4,237600
79,592800
7,359300
7,427400
245,1784600
2,175100
2,182100
2,247400
8,562100
6,350300
6,284800
254,396300
1,154500
2,179600
2,176300
20,645200
6,284800
2,182500
22,700800
2,176700
62,148300
96,1034900
3,206600
52,1500100
6,366700
1,149500
2,200500
1,161400
2,232100
24,857100
1,163800
2,183700
2,175900
2,194600
2,178700
33,975200
3,211500
35,1037800
1,149000
22,1011800
26,807000
2,185400
6,288300
2,177500
153,946100
7,310600
2,215500
8,428600
153,1139000
35,1325800
61,1699900
3,216300
158,1052700
2,178000
2,180800
2,180800
9,380100
2,184300
1,173500
39,1203900
2,201600
19,700400
84,727000
5,259400
2,176900
2,184900
39,1544000
338,1039300
2,180400
3,205700
2,180800
4,230600
2,179400
19,628400
2,197500
20,647800
2,177600
137,712900
8,396000
757,783400
4,235500
21,682000
1,143300
18,595200
2,175900
100,1143600
2,180600
3,205100
2,178400
2,200600
70,403900
74,478400
21,667300
5,262100
2,177000
48,1797500
116,1742900
35,1057300
6,302600
262,654600
9,363000
2,177700
5,258400
8,336100
5,252100
79,596300
6,285700
52,1754600
5,281000
3,215200
93,961200
2,180100
2,174500
8,427100
2,180100
2,179100
3,213500
205,765400
60,1669500
4,228700
4,231200
1,153800
54,1528200
2,231800
19,688800
65,276100
2,192300
5,258200
2,196300
55,1744800
1,162500
93,953100
14,489500
1,158700
2,178500
51,1420200
115,1717300
634,802800
238,1588300
5,274000
4,231000
749,577400
2,177500
3,203700
2,175800
2,172900
8,341200
2,180500
2,179300
2,192900
8,342200
46,1321000
5,259600
31,1000100
2,185800
2,215700
20,749500
594,1486000
4,239000
2,182100
12,451800
1,143700
1,151400
2,178100
2,184200
82,693100
2,181500
18,608700
6,277000
2,176300
2,186100
334,1009100
2,182600
75,610500
121,1851800
6,301600
93,1060800
2,186200
2,174400
2,191100
10,421700
2,211300
207,785900
6,285000
3,216400
2,183100
3,225000
3,205200
5,263300
84,818400
2,182400
6,336700
4,378400
3,266600
81,899400
2,233200
4,296700
54,1584200
86,823200
2,188700
1,148200
6,351300
239,1578800
15,532000
2,208000
2,180300
2,192700
2,209300
12,538700
2,230700
2,193600
304,1949400
1,146500
67,296200
1,143100
6,302200
606,1790200
16,575200
16,629800
4,234900
1,149500
2,184800
2,183400
2,180000
186,211800
2,232400
1,263300
2,385900
5,378200
2,254700
9,509100
147,1193800
7,395500
2,263400
7,465600
2,228100
13,727600
3,257600
6,407700
2,234900
2,237700
35,1475000
2,235700
4,303600
61,2744200
3,298700
3,236400
1,184300
2,235200
39,1557000
6,361000
5,315300
2,214300
2,213500
123,2388500
1,174400
1,195200
1,183600
9,462200
1,172500
7,325700
17,551300
2,240200
469,1960500
6,360300
31,1244300
2,240700
1,189800
2,214000
42,1661200
1,179300
2,213000
8,442100
14,647100
3,269400
2,217200
10,542700
6,361900
2,215200
3,246300
2,213900
2,242500
7,496700
1,179400
3,256900
53,2219900
2,222100
300,2178600
3,334500
2,277200
2,227000
29,1222300
6,379000
39,1530800
3,264000
2,227800
313,512400
159,1495400
3,283600
4,294500
4,302100
1,183900
2,240600
4,294600
2,218800
172,2047400
4,299400
29,1198700
4,301400
2,229900
2,231700
242,2404800
5,338900
2,222500
2,246900
9,555400
22,956500
7,431000
2,222300
131,498500
2,230300
3,258100
703,1341500
700,1258400
1,195400
2,225200
18,798600
4,301600
2,228500
7,437000
4,301400
2,229600
138,755300
47,1882600
2,220800
3,284900
2,225100
13,687000
2,223400
300,2346700
2,223900
2,252100
4,297600
2,224300
4,303300
3,257200
32,1389500
1,188200
2,233300
88,1219800
2,228900
5,362300
18,874000
7,435100
2,226800
1,190900
2,228300
1,183900
6,402800
5,364300
2,233000
1,184400
2,230500
2,224300
49,2034100
251,448600
2,226500
2,233000
3,289400
2,246000
2,234700
2,229400
27,1206200
2,226800
2,221100
2,227800
16,819000
10,564200
21,948600
2,225300
14,712100
2,221900
37,1577700
8,466800
4,313000
9,495100
2,225200
2,224400
96,1531800
2,227500
7,564500
388,1001900
20,916100
4,383800
24,1120000
2,253900
2,270900
25,953800
8,421700
5,347300
6,378900
11,566800
17,795100
21,961200
13,649600
26,1137500
5,338600
4,297500
43,1879400
2,250700
2,246100
765,1794300
1,149900
2,194700
43,1557800
2,185800
2,256000
9,587000
1,179200
2,179500
8,349400
1,176400
2,174800
354,1925100
11,673200
3,293600
9,389500
681,3356900
3,243600
76,605100
2,245000
24,1053300
2,212000
17,863200
2,251700
1,214100
1,203200
96,1725600
2,223800
4,307100
3,264900
4,243500
3,276500
6,407000
10,597400
18,826300
752,895500
8,343500
3,208300
9,379700
33,1066200
6,338600
3,228700
312,378800
3,216500
3,207000
3,212100
3,237700
14,502400
24,758200
3,244500
21,949700
26,815000
2,184700
6,316600
103,1227400
12,462300
2,185400
3,238700
16,548600
15,528000
11,439600
23,741600
1,151600
188,275400
1,157400
1,194900
5,343000
26,1132100
3,281300
8,512300
2,192700
30,935300
2,185300
488,1742000
25,789100
36,1081400
14,492000
63,192900
3,225000
78,636100
4,310600
3,303100
3,308700
312,330700
2,213300
3,244100
31,986700
3,248300
5,326300
3,244000
1,165700
70,395500
13,479400
3,205400
7,335100
66,301900
54,1650200
3,266900
7,327100
12,481000
16,813100
73,469800
3,225600
426,1735800
3,231000
197,496100
1,150600
87,805200
3,210000
18,605700
17,580600
130,347900
2,227100
21,687500
7,318200
23,1089200
1,157000
746,548400
20,651600
2,203500
1,164100
22,717900
2,179700
3,208700
60,1959600
1,209200
4,341700
3,293300
9,396700
90,887600
3,214200
38,1318600
4,248700
3,207200
5,302900
6,289900
689,623700
2,190100
82,677300
8,337200
3,204800
8,363500
3,208900
87,829000
3,209100
13,472600
3,245100
51,1457300
21,928500
1,168200
6,302200
692,707500
29,934000
1,156100
6,352300
2,190300
3,213400
29,1378300
3,217600
18,621900
60,1810400
3,235000
20,915600
1,157000
36,1122100
3,220000
71,396700
11,426300
7,320900
1,155100
1,151000
9,363700
2,186200
11,450500
7,309700
8,342800
20,664400
3,213900
7,310700
7,312700
30,927700
3,335900
5,273100
54,1551800
3,212500
15,541400
347,1753700
19,624300
28,855500
55,1542600
3,209100
103,1647000
3,247500
3,212100
5,256100
1,145900
24,745000
2,186100
2,176600
2,178200
3,203900
3,255700
3,206700
3,204600
2,177900
7,304500
10,404300
1,149900
4,228100
16,533600
2,178100
4,229800
3,206500
2,187500
8,361900
341,1253100
74,533000
8,357700
2,174500
19,632100
37,1303100
8,334000
8,336600
8,334800
94,984900
8,336200
3,204800
8,333800
8,344000
8,336600
354,1480400
8,439300
8,330100
8,338800
83,699400
8,343000
8,343300
7,301500
8,336900
8,355300
29,880000
39,1163100
51,1446000
8,349300
9,358500
2,214900
8,529600
8,481400
2,193000
8,405300
20,687400
54,1512300
1,154100
8,352800
3,245800
8,336400
8,336200
22,701200
27,832200
55,1625600
7,388900
6,282600
8,338700
24,802900
206,729200
1,147000
8,339300
8,344300
135,499000
25,781400
8,334900
6,290200
8,332500
8,336200
189,287700
2,184600
8,335600
8,333000
8,350300
8,384200
8,466900
8,375900
2,201300
10,411900
10,389500
8,335500
7,311900
8,337700
8,333900
2,184800
8,336700
90,1138500
14,503500
12,438400
21,667600
4,228600
98,1335400
8,389400
8,367100
10,444900
9,346200
577,978700
29,897200
8,337000
2,180700
8,336700
13,464600
12,447400
8,335800
2,181300
8,332900
8,341100
705,1017700
27,1104400
8,479800
101,1157700
8,341000
14,499300
124,179900
8,332200
8,342300
8,332700
42,1208100
8,332700
5,257900
8,335600
8,334000
9,370100
8,337200
8,335900
21,704900
8,540500
8,357400
8,337000
3,206400
8,339700
2,179000
10,449500
2,179900
105,1258600
8,335700
28,852300
58,1630100
8,336900
37,1473200
8,327400
27,949600
74,502000
15,580300
54,1616400
2,183600
8,334900
55,1536000
8,337500
10,390700
2,204800
8,334700
3,203700
8,393900
10,523800
8,339900
4,248500
9,374900
63,188600
8,341700
8,334600
12,439500
14,492800
8,344200
8,336600
6,284100
8,332900
8,337200
2,182900
12,449200
8,378700
18,825000
8,435500
8,347100
8,352000
8,411300
8,439100
6,300100
6,287600
12,439000
7,310300
8,337000
8,335000
1,151800
32,950400
8,336200
8,339300
8,336100
8,334700
8,390400
8,328600
2,180600
8,339300
104,1241100
707,1307400
2,184300
8,333800
2,177600
8,330200
8,333200
8,336300
8,337700
48,1365300
8,336800
8,342200
4,236100
23,1094200
8,346400
131,382500
5,260500
8,341400
500,514400
8,339900
8,380900
2,181000
28,907100
8,342900
8,349100
10,400600
25,764000
8,365800
39,1136900
8,335800
6,283500
36,1064700
8,344300
2,185200
8,333400
16,708900
8,384900
8,349100
8,339800
17,577100
9,429700
60,1686500
8,344500
38,1673200
8,358400
8,338200
239,1869800
8,417300
5,261200
8,336300
2,181000
10,391000
343,1133900
1,147700
14,495400
3,210600
2,198100
8,378700
46,1317500
8,344500
6,286700
8,336300
25,766600
23,850000
52,1514700
103,1260500
8,398000
6,296500
2,179500
71,390500
8,332600
183,1725300
23,725400
19,634400
8,382100
8,484600
1,176200
8,342200
13,474800
31,919700
5,262800
8,337300
8,347500
112,1430600
71,385600
605,1642700
93,963600
2,208000
8,488000
14,503600
281,1101800
19,753500
1,152400
8,386700
3,246700
8,338000
8,344300
325,656200
28,857700
8,333900
14,487000
8,341800
8,371900
8,340100
4,227600
8,510300
5,373500
8,355900
8,337800
13,462000
2,186500
2,180500
8,333400
477,1421100
17,568000
120,1639700
8,338600
23,725400
8,342600
8,336600
107,1621300
8,336400
9,559900
6,391500
8,355000
8,340300
197,504300
59,1815600
8,362200
9,361000
1,152700
2,179700
48,1380800
100,1413600
8,337800
2,178000
70,374900
8,335800
7,306100
73,438100
8,340900
8,331400
92,959700
72,418700
8,336900
77,553600
74,467900
232,1429900
8,406100
8,383800
8,334900
36,1235000
76,521300
8,335000
10,396500
8,333700
8,380000
8,339100
8,334800
8,337400
15,692500
18,594100
2,178500
8,338400
19,623000
8,437900
8,361200
8,392700
8,338300
25,781900
8,335500
8,337200
8,336900
14,494800
391,796400
373,318800
1,144200
8,347100
3,208400
8,341100
11,412100
8,404000
8,335600
8,335900
8,340400
8,337700
8,471100
4,313500
8,392800
8,447100
8,366600
8,370400
8,341300
8,387100
1,147900
8,342900
8,344200
8,331700
4,229000
8,334800
1,147100
8,335400
2,185800
10,396300
8,341700
8,334600
8,333600
8,335700
8,344300
43,1612400
8,417000
8,419500
45,1286900
23,741100
8,343900
284,1177100
11,412900
8,334800
8,332400
97,1075700
8,332200
8,353800
1,183000
69,479000
175,1771400
8,339400
13,459500
16,541100
35,1027100
8,323300
8,327900
8,337200
8,329200
16,541000
8,334800
17,689300
8,332800
1,174900
10,637900
208,829800
8,341700
11,418600
8,336600
8,342400
1,150000
11,433300
8,389800
8,335700
26,795400
46,1326100
8,355800
2,240300
8,475000
37,1439200
72,528900
1,158600
40,1178300
8,336300
8,347700
8,336200
21,671300
10,386600
2,178900
2,185100
72,431100
1,147100
8,333600
8,335200
108,1354200
8,337100
141,850100
8,346500
8,340300
2,177800
8,337200
8,334000
30,911500
8,336700
8,335700
8,338600
8,342100
8,350000
8,339000
8,337700
68,310600
8,450600
2,170300
12,528300
8,419400
152,1108000
8,355700
8,323900
9,360800
5,257400
37,1101000
9,373200
9,357400
13,466400
29,909000
35,1039100
1,144900
113,1476500
6,281400
9,429300
16,703700
9,365400
9,364200
9,360500
92,1020200
9,360600
3,204500
9,363800
33,1024600
37,1394400
113,1606600
9,464800
3,212200
7,345400
9,369300
6,292100
2,178600
23,979300
5,260600
9,362000
2,174900
9,366700
5,264500
2,197400
23,727600
2,184300
9,359800
119,1633100
9,362200
486,1963300
13,476800
9,366600
8,337800
9,399400
9,359200
9,369900
15,667900
9,505300
7,488200
9,409700
7,308800
9,365400
9,358600
9,360400
8,349900
6,288100
52,1930600
9,363600
6,284500
18,593200
6,285300
10,392200
1,147400
9,362800
9,362900
36,1076300
9,422100
1,147700
13,482300
9,362400
45,1309800
9,483400
22,866100
9,361100
20,642000
42,1306000
9,408700
43,1246200
17,636300
2,178600
84,729800
9,363300
21,665300
2,174500
17,706000
9,403000
29,871400
9,362600
44,1268100
9,362600
9,360500
9,376000
7,311500
9,357300
19,610300
98,1112600
9,362700
9,359700
9,378200
1,187400
9,423100
32,1044200
48,1552000
9,359100
5,255400
9,364500
26,801600
9,361000
23,739800
9,380000
3,207700
9,359700
9,358900
9,392300
9,405200
19,712300
9,363400
9,363300
1,146200
25,781800
2,180300
9,365800
11,428100
23,735600
67,287200
28,870400
9,364800
11,429000
9,359700
618,2122000
9,432400
1,150000
9,774800
32,3278800
1,168600
76,888800
64,251700
9,448900
19,985700
2,241500
25,1801100
1,176700
9,558700
16,1095500
4,333300
88,1620700
9,541600
9,477000
635,918900
9,398500
9,546600
15,1324800
9,503000
49,1739300
9,400800
9,444400
9,497600
224,1755000
11,3707900
12,613100
2,252600
9,649800
9,652300
9,496500
9,556300
87,1091400
9,466300
98,1698800
9,432100
9,374300
11,421700
9,363200
5,269800
9,366300
9,366700
471,1311000
16,559700
14,494900
9,366400
9,396400
2,179200
11,418900
9,363200
10,400200
9,410600
9,384900
503,551600
23,731000
225,1315700
41,1241500
2,201100
9,406700
1,167400
9,360000
9,397200
9,409200
9,1399800
9,400200
20,969300
73,456500
9,369500
9,359900
9,356500
12,445400
8,331700
9,358800
11,418900
5,253300
2,172200
63,181400
1,141800
9,361500
9,357600
17,566400
9,353600
9,361900
14,530000
9,365800
9,349800
9,482900
9,458700
21,950700
8,439600
58,1659700
9,365600
9,369500
99,1491500
9,377100
12,438000
9,364700
51,1801800
63,270700
7,314300
9,367600
1,149400
9,371800
9,361400
9,377300
7,309000
9,365300
9,367200
8,337700
9,366400
9,372500
4,236700
9,384600
9,358400
9,362700
1,150700
9,370000
6,278300
9,366100
80,718600
9,393400
9,368100
55,1575100
9,368700
9,361800
9,373700
406,1324600
165,1308400
61,1736700
2,199300
31,1000000
9,395200
43,1244400
8,338000
9,369400
16,546700
9,394300
9,370400
92,932000
9,367200
104,1275000
9,378400
4,247500
9,522800
9,456200
9,410400
9,365500
12,447100
9,360700
4,232400
36,1307700
9,476800
2,180900
9,368900
69,342300
2,183400
9,362800
9,364600
81,653600
31,926600
9,665400
1,212600
9,388300
6,287900
14,501700
32,955000
9,366700
34,1071100
45,1301600
9,377300
22,694200
3,205100
9,367900
14,505400
2,182800
9,456500
9,498300
52,1714100
9,465300
76,564500
59,1654800
9,369400
19,616700
1,146200
96,1380200
9,360100
55,1725600
9,441900
9,362100
19,803900
9,368000
152,905800
9,362400
2,181500
9,371500
9,364400
9,363500
36,1075500
56,1737300
9,420900
9,431500
11,633600
15,523000
9,374500
13,464900
37,1345900
2,242700
51,1702700
9,353600
18,604100
9,374600
55,1816500
9,358100
3,205800
9,374000
9,367000
8,335300
9,363400
14,490200
298,1514900
9,360800
183,1730300
9,403300
9,466600
27,874900
7,316600
9,361900
12,483400
59,1636600
86,771500
17,565400
9,358700
9,400900
9,360600
9,361400
193,400600
8,337400
1,146500
4,302200
9,578900
1,165400
2,225500
9,437500
9,387900
307,1773300
25,793200
9,369900
9,367600
9,352800
9,373100
88,839500
9,363600
9,376100
101,1665100
9,429200
32,1264600
9,460700
9,459400
9,491900
9,475200
9,470000
4,280000
9,455500
1,175400
75,527200
3,207600
9,462100
9,398700
9,367800
9,436300
9,519900
1,167500
15,517400
24,749200
16,555300
9,378900
9,364500
6,290200
102,1200700
9,362000
9,359300
13,464100
27,991200
5,263200
9,375700
9,424600
14,707200
7,324200
26,812000
9,402700
50,1416400
9,372500
1,146600
18,594100
2,207600
9,362200
9,359100
9,372800
12,444900
2,178900
9,368600
9,358600
9,362900
9,450000
9,362700
11,537400
9,364600
11,447400
9,371600
352,1350100
17,581600
9,368900
9,359700
40,1255600
30,1070500
9,373300
2,195500
22,820800
9,424300
9,367500
10,404800
87,809900
9,362700
1,146100
9,363200
11,433300
11,413200
18,599600
3,204900
9,470500
14,495100
16,544200
50,1437100
9,531100
9,492400
27,834400
9,366000
20,733700
9,372800
9,365100
9,363800
9,403700
170,1452600
9,357800
9,352200
92,1308900
9,544400
9,540200
9,556100
23,1308100
4,291000
9,462300
9,483800
9,441700
1,156500
9,463000
10,474400
16,665700
9,447200
9,458400
9,464500
4,282100
9,473900
52,2109700
9,458700
9,443200
9,465200
136,601300
2,209600
34,1753900
68,389700
14,571500
9,400200
12,465800
46,1755000
9,562000
9,354700
9,418900
9,352000
9,396000
3,274900
9,452500
9,456500
16,618900
9,369300
15,528900
89,878300
9,386900
9,384800
6,371300
1,139700
12,538400
373,378000
49,1484800
9,392100
25,1248300
76,727800
9,436800
6,288400
9,380300
9,368200
1,162300
9,425500
18,599400
9,450300
593,1591800
5,345100
9,382000
9,426300
9,371900
9,380400
50,1436400
2,182000
9,362300
9,379700
46,1344000
73,465300
1,162400
9,456900
9,428900
71,450800
9,376100
9,403800
23,979200
9,544100
9,547500
9,417300
8,458900
9,466600
9,532800
174,2180400
30,1683400
19,689500
25,779900
42,1239500
5,249100
7,303700
9,355000
9,400000
35,1056400
9,358200
9,361400
82,771600
22,911100
9,623000
23,883000
9,515700
10,388900
18,590600
9,376300
50,1449000
312,317500
7,309000
9,499200
10,542100
8,467700
18,891600
31,1131200
48,1446800
2,222600
125,258500
9,468800
371,2385100
10,498900
9,470700
5,332200
9,454100
3,250600
9,547100
1,218800
9,474200
9,366600
9,367300
9,370900
1,141100
9,367100
20,641800
97,1072400
9,362400
27,828500
9,369400
9,365000
66,256700
1,150500
9,362700
5,258100
9,517800
9,520700
27,1174400
57,2354200
9,505800
9,400300
79,742200
9,543700
9,515800
9,517900
6,370600
9,532800
52,2040400
3,232200
9,379900
2,173600
9,385400
9,382100
9,375700
121,1691400
9,356400
14,478400
11,408500
17,573600
6,275300
31,1407500
9,536900
9,533400
483,2805600
1,227000
9,565700
9,646800
9,375100
9,372100
9,398300
17,827600
6,374500
81,672600
9,362800
17,568800
475,1471200
9,372400
8,337500
1,150100
10,390500
373,335800
2,182600
18,595400
75,496200
1,151000
10,397500
14,552800
58,1817700
10,392800
10,417000
48,1401300
10,385100
10,399900
39,1340400
116,1767300
2,180400
10,431800
10,488300
10,531000
3,285400
10,420300
10,395400
10,393400
10,389800
5,266400
4,234600
117,1574800
14,490000
10,388200
10,385100
3,209500
29,872300
78,576200
10,711200
339,1387200
1,156300
10,374900
12,528500
10,367000
56,1910800
2,188100
10,403700
10,402500
10,394500
13,473100
3,210800
10,411000
312,340800
12,493700
20,637500
19,627200
10,447600
10,393500
282,1174700
10,432000
87,807700
10,406700
10,386900
16,554200
10,388200
10,392600
34,1191900
11,443100
10,621700
10,400100
10,389000
3,202400
10,389600
1,157300
10,401000
6,384000
2,190000
31,1222100
10,520200
10,509600
86,1065800
10,509500
608,2328000
37,1490300
10,505500
24,1118800
10,553200
5,354300
10,577700
10,425300
10,394700
397,954000
10,491200
383,612500
10,377400
10,394300
36,1120800
10,416000
10,455000
23,735100
31,931300
10,388100
42,1226700
10,388200
2,179300
10,419600
22,794200
10,561800
26,884000
3,207900
33,1042900
10,427200
23,731300
10,384400
3,209700
38,1113000
10,387100
10,390900
10,421200
22,1038300
12,434100
47,1733300
10,501100
10,401400
53,1533600
10,392900
165,1251900
2,209300
10,393900
10,404500
302,2052500
27,816700
10,420700
10,384400
21,675200
10,388400
1,159900
26,824400
10,392300
5,261000
2,181800
2,180000
10,387200
10,393200
10,393600
2,179900
12,450200
3,260000
14,576400
62,154600
13,468100
10,389300
581,1226600
21,666800
10,387000
41,1181800
1,151300
10,387200
6,285700
10,388500
10,399400
159,1087600
3,240300
10,406100
111,1491900
10,399800
10,401500
11,416800
12,459100
12,445100
10,379100
10,396200
5,263400
10,383300
10,388000
2,179600
10,395500
12,496500
10,389300
31,1201900
10,472400
10,480800
13,469600
10,397000
10,396200
27,828000
2,181400
53,1497200
5,258300
10,390500
10,394400
10,394200
36,1088400
11,439200
10,567100
1,192200
18,727200
10,457000
10,391700
10,385200
10,385200
10,387800
12,455400
10,385300
1,146600
10,386800
13,460700
10,389100
10,401600
591,1640800
4,245000
55,1896300
10,393400
6,328200
10,380800
10,391700
394,870100
10,387600
10,387800
10,420000
10,402500
19,627400
10,387700
10,388200
1,145800
4,241900
10,392300
10,460300
4,234200
17,810000
4,243700
3,212400
84,717800
10,380900
10,394900
14,500800
1,153300
10,388900
10,388700
171,1408600
69,546100
10,474200
4,245200
10,389500
28,1138800
10,401800
39,1167600
47,1339700
10,383300
10,414100
5,258900
99,1118400
3,205400
10,402300
3,200600
2,174900
28,861700
10,385100
21,896900
10,449700
10,417000
16,618700
10,495700
226,1268600
12,435000
388,803500
109,1447100
27,834300
70,362100
10,474600
1,216800
10,501600
10,390000
14,493700
83,703200
10,423800
2,186900
10,385300
6,283300
111,1445100
10,387100
10,385800
11,428400
10,405800
585,1067300
47,1603000
1,150400
10,385400
5,263800
10,390500
6,286500
27,907400
10,466800
42,1352000
10,401200
8,339100
10,384600
24,750400
8,339000
10,501800
10,599500
11,457100
4,235200
1,147700
10,397800
29,879200
10,387300
55,1549400
94,980700
10,395600
13,470500
305,1899300
3,269500
10,388800
20,645000
6,288300
12,444100
10,388700
15,576100
10,389800
62,151500
10,387700
4,232200
1,148800
46,1357600
10,453100
10,418300
10,395300
114,1817100
10,428200
2,234400
19,618300
4,231300
1,151300
21,676400
10,399700
10,390000
10,392900
10,384900
8,333900
10,412200
5,258200
10,384700
10,391700
10,391000
10,391600
1,152000
64,208200
21,997400
29,1046500
50,1876500
10,390000
9,362700
10,385800
84,789000
10,498300
10,387200
10,387200
10,440000
10,395300
10,398700
63,235500
1,217100
10,456100
4,242900
39,1138900
10,381900
3,201000
10,398600
1,145500
87,800500
24,748800
10,391900
8,330600
2,172200
12,438400
20,650500
10,384600
2,194000
10,396600
13,702100
58,1928100
10,403400
10,398900
10,418800
10,496200
10,385300
72,437200
85,752000
10,382300
10,386100
44,1264600
10,404000
74,546600
10,537800
87,802400
36,1070200
10,421900
10,378700
10,390300
1,152000
40,1434700
7,316500
10,392500
3,202600
10,395100
97,1070400
10,516200
4,282700
89,1028100
4,264500
10,388500
6,300500
58,1601200
10,398200
10,392600
43,1230600
69,350900
10,385900
10,387100
10,390000
10,455300
10,537200
2,186800
10,423000
10,393000
17,573900
10,393200
10,385800
10,379300
52,1475300
125,213700
10,382800
27,868700
10,445000
34,1407700
10,620400
2,178300
10,402900
10,385200
49,1396100
10,387400
2,178700
10,398200
3,206800
10,383500
10,395300
230,1354400
14,490400
16,543200
10,383600
2,460000
10,679400
47,1532600
2,229200
10,438900
56,1662500
1,151200
10,389600
2,174700
14,496600
10,473000
10,411000
10,434800
1,156100
10,399600
42,1637200
8,340800
10,380300
21,678100
10,388600
2,179800
58,1631600
94,1003500
10,388900
10,387400
10,387600
82,692600
10,408000
55,1713900
10,389400
10,387700
14,488700
14,493600
384,604600
2,179300
10,388700
10,395900
10,399100
4,300500
2,183000
94,1046900
130,341800
1,147800
10,388800
4,252900
10,576700
10,393800
27,825000
4,232700
12,429100
122,1705600
10,384400
10,400900
139,627300
10,391800
10,394700
10,397900
10,383300
2,179300
10,387200
5,259600
10,591500
4,322600
1,146300
10,461700
533,1313000
18,598700
27,855400
40,1259900
1,172400
10,410100
105,1273700
12,435700
10,512700
10,555400
12,588300
82,678100
10,402600
10,383200
10,387400
10,391500
11,403200
10,396000
10,384700
10,387100
10,386200
160,1124100
1,154800
2,179200
31,925500
10,454100
4,358200
19,728800
10,402400
11,428000
10,418800
10,401000
11,416300
10,389500
10,397700
10,594000
14,535400
33,988200
10,387100
10,390900
9,362100
10,396600
10,409100
10,450300
103,1441500
1,150400
3,208200
10,386400
10,388500
10,399400
53,1515800
2,180700
10,395800
10,405400
14,488100
10,388600
14,490600
10,402500
16,601800
10,535300
10,466300
10,391900
11,418200
11,408300
11,497500
15,564900
54,1516600
11,423900
267,727100
11,414800
3,206000
41,1196800
7,374800
11,650600
11,428900
14,487400
11,417800
11,416200
308,1781600
26,804200
11,417100
11,421500
11,414700
22,732900
115,1838700
11,548700
5,262200
3,206800
78,579200
5,393500
11,483200
37,1139300
122,1700200
3,213300
11,442300
11,419300
23,721100
11,500200
11,531600
17,575100
4,232700
11,413200
67,296700
11,417400
11,415300
8,334100
11,416100
2,179000
11,421700
1,148400
11,410400
44,1318800
2,181700
11,413100
2,180100
11,408100
14,498300
11,513900
2,206300
4,236100
11,541900
11,568700
11,422800
11,421500
11,411700
4,236400
50,1408900
11,415000
4,240500
11,423400
2,187600
11,413200
11,426900
30,918400
11,589000
18,794000
23,745500
11,452000
11,423300
36,1085900
11,413600
747,527200
11,410900
11,423400
9,360600
117,1569500
8,340100
11,512600
2,213900
11,546100
36,1570700
11,412700
292,1369800
11,412200
11,420700
27,822300
11,414300
11,413100
84,738000
11,417500
11,514800
11,576400
11,417300
3,207900
11,412400
11,440200
3,207600
20,657000
2,185300
11,406200
11,467700
78,619300
11,418700
6,282900
11,414200
11,409300
11,419300
195,449600
11,416200
11,533600
11,640200
11,421000
344,1156500
6,297400
3,203200
4,234000
11,416300
11,412200
53,1495900
11,416600
60,1681800
11,425000
11,664100
11,458600
11,418500
11,408600
11,414100
305,1703600
11,494200
11,415400
11,413800
11,412400
120,1799100
3,279100
1,164800
10,573300
11,668400
11,494900
47,1331600
11,413000
1,152700
11,424700
4,243000
47,1344800
11,412200
54,1537900
28,886800
11,512400
67,306600
11,439800
11,419700
81,646500
11,408000
33,981000
2,179900
11,411900
229,1315800
11,699100
2,252600
11,597200
11,422400
3,206000
11,470400
491,1841000
4,238900
91,932000
32,963900
157,1030400
11,455200
3,210400
28,872400
11,419000
9,380800
11,413100
11,487400
20,757800
11,425700
11,407800
11,409200
11,419700
11,421700
11,417100
44,1275400
1,144200
11,498800
11,540900
2,203300
1,149200
41,1254700
130,340700
11,504300
6,329900
9,378800
11,415700
4,232900
32,1019900
11,419200
66,262100
11,420900
11,460200
15,525900
3,203500
42,1232500
11,428000
8,337100
11,411200
4,227800
11,416400
11,673400
11,478200
19,621300
3,206200
11,413600
11,424800
11,411600
2,182900
11,416000
30,1320300
32,1068600
11,434300
17,564900
11,411700
11,412300
11,524600
6,289100
11,442200
11,423700
660,1577400
25,797400
2,219400
24,751500
29,878200
11,431000
4,232600
16,540700
11,415700
11,484600
175,1740800
11,420900
11,418700
32,960000
11,478500
12,584500
2,220200
11,509400
11,419900
11,427200
32,948000
2,182800
11,411600
2,181700
11,424700
77,900900
154,1038900
116,1536200
11,424400
1,155800
11,418300
82,668400
11,417100
2,180200
11,413500
11,413700
4,232400
2,178300
11,414400
11,425200
11,438000
20,867800
51,1611800
1,174100
11,419300
11,431500
1,188100
13,465900
2,181900
11,421600
27,847700
35,1032400
2,177900
11,419100
3,207700
14,509600
11,505900
74,563500
101,1170500
11,415200
77,558100
11,415400
2,178800
116,1546200
11,414900
11,412200
1,146500
65,239700
11,417400
11,428400
44,1437100
11,481400
4,297200
11,497800
11,414200
11,424300
2,180600
11,416500
341,1071800
16,554100
11,412600
2,180400
11,462000
25,784900
14,541800
73,440600
11,414400
11,611900
26,831600
29,904900
7,319700
2,175700
9,366800
11,416100
246,1793300
11,413000
58,1614800
5,257800
11,414000
11,505900
11,647800
11,604000
11,467700
1,148400
13,478600
11,412700
11,404500
11,427300
42,1230300
11,422800
11,429000
11,418900
11,414500
20,649400
2,179300
2,182400
11,510500
70,539500
11,419300
11,424700
11,459300
2,180900
11,409100
11,416100
50,1420400
11,417700
2,183900
11,423500
11,414200
23,715100
11,416100
2,178500
1,155900
11,453500
7,477100
11,476900
1,140900
11,419700
11,419700
11,415200
61,1900700
11,421700
12,437800
23,733000
11,421000
49,1404900
704,1222800
11,462500
11,420200
2,182200
11,433700
6,289900
11,416500
11,515600
39,1256300
11,511700
110,1435000
9,392600
41,1242600
11,541600
4,302700
11,423800
11,418600
11,416000
340,1052400
36,1057900
11,429800
14,487200
11,410700
11,411600
1,153400
11,414400
259,560300
11,416300
61,2003100
11,413400
11,409300
8,347700
11,412600
2,171800
23,717700
11,413600
12,445800
11,415000
2,178700
65,230900
11,414800
12,445800
1,149000
12,516800
25,1090800
1,190700
31,1075900
6,294600
12,445100
3,212200
12,434300
12,454700
33,985000
12,440800
81,647500
12,445100
12,447800
2,177500
12,446500
49,1415800
12,526700
25,787400
4,233000
12,449800
12,438400
17,565900
14,490400
55,1548500
18,606800
79,758300
2,203700
12,442400
12,454200
12,453600
12,512400
3,306400
55,1741600
14,491800
12,450600
12,450200
125,237600
12,451100
12,450200
12,447600
12,441600
12,439500
74,470200
6,292700
12,470200
12,439500
468,1571200
12,432400
12,438300
6,281400
12,442800
2,183700
28,853700
71,431200
12,439900
158,1219700
106,1308700
5,251900
12,431700
12,525000
12,536700
12,440800
53,2198000
12,568700
4,271600
12,536100
9,458300
58,1503100
12,577300
12,547000
12,583500
12,479900
33,980400
12,445000
10,413100
5,259100
12,441600
5,251200
97,1195400
12,462000
3,209600
14,492000
3,206600
16,548100
12,440000
4,231300
43,1646800
2,185300
18,654100
12,447000
357,1479200
15,525800
12,435200
136,493600
62,147400
66,268500
12,439600
12,523700
6,287800
29,870600
12,493300
12,482000
12,453500
1,158300
24,752200
12,442300
446,844500
12,486100
21,685300
12,440500
4,234900
12,446800
12,453400
12,441300
2,180400
12,436600
19,642300
12,472000
100,1449200
12,453200
12,437200
10,389400
12,446600
6,285300
2,214000
12,438900
12,458800
12,441600
37,1084800
12,445000
60,1802200
12,675200
26,888000
12,522700
12,469200
12,455500
12,458100
12,446300
126,232300
12,440900
55,1637600
85,754800
13,462400
12,455600
12,592600
12,537100
4,231400
13,463200
12,453300
12,431800
42,1212600
3,207300
12,436800
153,934900
25,798900
2,180200
12,441600
12,436500
153,1014800
12,489700
21,711400
12,642900
12,571900
12,444800
35,1022300
4,232100
12,447300
29,869400
12,439000
12,441200
12,455300
2,182300
12,449800
284,1520600
121,1711200
2,180600
12,451900
30,948500
112,1450100
6,283500
12,450800
12,555400
155,972500
3,221900
19,776600
12,696600
12,568300
92,1000800
12,541900
185,1814600
30,918900
12,435300
14,614600
14,509000
23,905300
156,1217200
37,1205000
12,441700
604,1569800
318,501500
4,284000
12,438200
6,281700
85,743800
6,283800
12,438900
12,647400
12,536900
47,1363500
21,670000
20,655400
80,624100
12,439300
2,180800
20,666800
12,435900
12,438200
12,441100
94,985900
421,2091000
12,440900
12,436400
24,757600
27,818100
61,1702200
12,438200
5,257500
12,448600
12,438800
12,836600
2,245200
12,520400
27,878300
345,1177800
12,442700
12,439900
12,442500
4,236900
44,1272900
6,285300
2,185600
12,467600
12,437700
43,1508900
12,453800
100,1134100
160,1117500
12,442000
1,155900
2,182500
12,449000
12,439000
1,148600
12,439000
44,1380700
12,444200
14,491900
6,474600
63,275000
12,603200
12,428900
12,424300
2,171400
12,419600
19,617600
2,165400
12,414800
2,179900
12,445000
3,210100
1,146600
12,443400
12,438900
2,196900
12,449900
12,437000
63,181000
12,439400
12,451700
2,186500
26,1040400
12,476100
17,584700
12,441400
1,150800
12,435200
11,418800
12,452200
12,437900
12,438400
312,316900
12,651900
12,599700
28,826600
37,1176400
1,213300
12,561100
12,446200
12,448800
106,1286900
69,346100
12,445900
12,439100
12,483200
12,439000
145,747200
12,440600
1,149600
12,443400
1,145100
12,447000
2,179100
20,866500
12,457100
3,217100
12,438300
12,439100
1,150900
12,441600
378,468600
12,441700
12,441100
46,1504600
13,463000
18,665100
63,181600
12,452100
12,453300
44,1484800
12,444300
4,233200
9,362300
12,472600
36,1060500
12,438300
1,149700
34,1011100
12,439800
203,655900
10,393900
12,437900
40,1444200
2,239200
12,466200
12,450400
12,441700
3,203600
19,635600
23,729700
12,443700
4,294500
12,577000
14,579200
5,254000
12,558600
24,740200
14,504600
209,1046900
33,1039400
12,443800
12,436800
12,452700
3,213700
35,1029100
55,1595700
61,1705300
12,442700
12,547200
8,359300
105,1307400
12,439700
1,148400
17,581800
1,150500
12,554800
8,505600
120,1753000
58,1652100
12,463800
8,480500
12,538700
12,491100
55,1591200
12,449200
18,597600
12,445400
54,1525000
12,447200
1,151000
12,443000
12,441000
89,1028000
11,439600
12,437000
4,235100
12,437500
12,458200
12,463700
6,337600
29,896000
1,148900
12,438800
12,444100
2,178200
12,457200
12,451800
14,499700
12,486800
12,448100
19,731900
12,511800
559,403600
1,150800
3,211700
2,178100
14,494000
548,1691700
17,559300
12,432400
13,464600
1,152500
13,469400
1,140600
1,160800
13,552100
4,265800
13,460100
13,489000
13,612200
13,624700
13,483200
35,1178600
13,478600
13,479200
13,519700
6,284900
13,463500
47,1366200
3,220500
13,469700
10,403400
13,465900
70,473300
31,1226000
114,1532700
1,154800
13,471600
13,463200
23,735900
1,150000
4,293200
13,464500
13,460600
13,465700
115,1625600
13,531900
39,1346000
20,682800
13,485800
2,181100
13,466500
12,437900
13,464700
219,1377600
13,468200
12,451700
13,464500
234,1667400
13,468000
102,1186700
13,469700
31,924500
13,475600
13,467300
13,467200
1,158600
91,953800
13,467700
13,467100
478,1641600
45,1723000
13,501900
13,464300
4,223900
13,479500
23,715100
9,358500
13,515800
248,244800
11,410200
13,469900
13,474600
1,146600
13,799900
13,716000
59,1939500
13,469900
13,478400
1,154300
47,1330100
13,464300
11,524300
4,230600
26,809500
13,468900
13,727000
13,636700
13,487400
3,212600
15,521600
13,499900
13,481500
49,1393400
13,482800
125,212100
88,827700
13,465200
13,475300
11,418300
13,529100
255,460000
14,548300
7,324300
13,468800
13,471300
12,449400
15,517000
13,465800
229,1326600
36,1078800
13,463900
13,471400
74,471400
20,894200
317,669000
59,1656700
1,151500
13,465700
5,257300
2,182900
14,502700
70,378600
13,460400
13,466700
1,147700
6,286800
13,468600
32,953300
28,906400
13,603700
4,336800
13,551400
13,465500
13,469100
221,1184700
13,475400
13,479600
26,802700
34,1026400
13,466900
4,249300
5,327300
13,518000
13,566100
13,487000
1,147900
30,925600
6,294600
13,469200
34,1017700
3,210400
8,337900
92,931600
101,1181200
13,502000
8,323900
86,852200
13,641400
14,532200
110,1392500
1,177000
13,467200
31,937500
13,469700
147,776900
13,470200
76,533500
13,624500
3,300500
13,583800
1,181500
2,273600
13,727400
13,542400
14,497100
2,179300
27,829200
236,1517500
40,1175600
79,599000
1,143800
13,468500
3,208100
10,387200
13,490600
2,196300
13,686300
81,696800
8,335400
13,500100
14,495100
13,471700
343,1105300
13,471200
34,1000400
13,601600
28,1110000
3,210500
13,606700
2,178500
13,472600
13,548100
2,167100
82,674700
44,1276200
13,471200
13,629200
13,601300
3,229400
16,817900
480,1908600
3,235100
13,569200
2,255900
24,857600
8,438000
13,679000
13,470700
13,509100
13,563100
493,2503600
13,618600
7,393000
18,799300
4,298400
13,610200
13,628900
13,609700
30,1200500
13,608400
1,193400
13,610900
13,630700
49,1679400
37,1481100
13,624500
1,202400
18,776500
13,608900
13,625700
13,608100
517,1334700
79,804200
13,623800
28,1164300
22,937500
13,659900
6,373900
13,660300
32,1420300
48,2142800
25,1143800
13,656400
77,786400
8,498600
13,656300
13,642700
13,652100
14,672900
13,682600
112,2020100
13,593000
31,994900
13,462600
13,541500
13,537100
6,367000
16,801200
13,533200
11,527100
13,508200
13,548900
13,536400
13,520400
13,554100
13,487600
11,456500
13,501200
13,602300
13,699700
19,682500
13,471700
2,225100
13,492500
41,1350800
1,150400
25,775600
74,473200
13,477600
13,490400
216,987000
17,719000
13,572900
13,579500
2,202300
13,546600
13,485500
13,479000
13,463700
28,993800
85,753000
13,473200
39,1160600
13,567600
35,1371800
10,450500
42,1720700
1,148200
13,484000
13,483000
13,475500
68,332700
13,526600
5,279600
123,1797100
13,503800
15,809400
14,498400
14,503600
14,508100
22,703700
7,319200
111,1434200
14,553900
1,150500
14,508200
14,488500
14,494700
3,212500
92,958000
14,682100
111,1878700
47,1397100
14,579100
14,526400
15,556400
183,1728900
14,491900
97,1384800
14,526600
14,476700
14,488500
14,500700
1,178600
19,647900
14,494300
14,499400
2,180600
2,179400
14,521300
14,491700
2,177100
2,181100
14,507500
14,496800
14,493000
14,574600
14,718100
14,760100
3,212300
14,511100
14,494500
37,1196800
46,1357500
14,529100
14,498800
2,174800
2,177800
14,490000
17,617500
6,336300
10,427500
14,481900
14,569100
14,637000
33,1001000
1,149600
14,522800
14,644200
6,291100
14,499300
87,815100
26,807100
45,1588400
14,501700
24,759500
14,519500
8,333600
17,556500
24,747500
14,493200
14,488400
48,1877500
14,674000
4,326800
109,1971800
14,509500
14,501400
16,550300
14,510000
14,492000
14,491500
33,980700
1,150800
14,491100
1,149900
17,1285500
50,1870200
14,475300
14,471000
14,627200
688,629800
14,488100
2,185800
14,485900
16,541000
14,497300
131,455400
1,147200
44,1246200
14,565600
2,213800
14,512300
14,665700
6,289300
1,156200
14,497500
15,518900
29,882300
14,507200
4,231900
14,519300
14,493900
26,934900
763,971000
14,501800
167,1727200
14,502200
14,489800
14,493900
2,183300
14,516200
82,676800
14,491100
6,288600
2,179300
14,501900
14,482000
29,875600
14,520000
296,1673300
15,587000
42,1216600
92,962600
14,761300
550,1858400
14,495500
1,156800
14,500600
16,656000
14,589500
372,300900
50,1405000
14,485100
2,178600
2,181400
14,493000
14,489600
2,175700
120,1647300
14,490600
205,794200
1,155000
18,684500
14,635200
14,498000
31,931300
14,506300
14,487600
8,336000
14,715600
61,2053300
14,501800
153,931200
12,513500
32,1273200
14,490000
85,767500
14,490900
14,546000
2,178000
22,715600
14,487900
14,488300
14,489800
14,509200
4,230000
14,492100
14,490600
187,238000
14,808700
6,296100
29,881300
14,573600
14,558300
44,1274600
14,485100
15,511500
14,492100
14,502400
14,490900
14,486800
16,543900
14,697100
94,1219000
14,506100
12,447000
14,491100
14,490600
14,512500
74,469800
51,1496700
14,499700
14,487300
29,919500
14,577200
14,496200
1,172100
26,965800
55,1591300
7,313100
14,486300
14,482600
201,603700
14,493500
759,830500
14,493400
14,493200
60,2123100
14,492000
14,488200
16,547400
3,204900
14,489800
14,497800
14,486200
15,537100
14,491800
33,977700
14,523700
14,491700
81,888800
14,515800
14,494400
9,417500
14,538700
14,501900
6,288100
28,861600
14,513600
160,1129900
14,490100
14,498400
14,484400
14,487500
14,575800
18,655800
14,503100
14,495600
14,492800
76,579900
326,681100
14,495700
10,399800
60,1688700
14,737600
49,1590700
46,1600600
14,497300
14,494500
7,304000
2,180800
25,808500
14,488400
39,1123600
14,499700
2,178900
27,823800
14,490700
14,761300
386,718100
14,485900
28,861800
14,492500
14,488700
14,531800
14,644700
14,492600
122,1859900
31,938900
14,599600
36,1169000
14,512000
1,148000
14,492100
2,172200
25,782200
79,594900
48,1364800
14,490600
7,311600
44,1336000
92,1264600
14,489800
18,593200
14,526900
28,863900
7,310100
14,512600
15,576400
15,525400
15,519300
334,1106400
15,529100
1,163400
15,537900
15,688100
15,674600
15,526800
15,529900
15,516100
20,655500
15,527500
15,516900
8,338700
15,511500
401,1105000
87,823400
2,178200
15,517500
15,606300
32,980000
2,181400
15,523000
2,177300
15,554800
9,362400
15,653300
22,899400
17,596800
345,1177300
15,516900
62,150400
13,470300
64,208800
131,547500
3,305600
15,549200
1,149300
15,512600
2,181400
15,525400
5,260500
15,516400
33,985400
15,524100
15,515200
15,513600
15,529100
15,543000
15,515300
2,178200
15,627500
52,1689800
46,1415200
15,703900
167,1299100
3,208800
31,985800
15,519200
15,519000
6,305000
15,616000
30,945100
11,422300
10,521300
15,521100
79,598300
32,1070700
1,147300
15,510600
15,539700
15,521100
15,517800
15,512600
15,524600
15,563500
8,393200
15,633100
15,728900
15,622400
69,379600
20,660300
15,514100
15,518500
3,211300
15,547800
15,532900
85,755200
22,704700
19,628600
15,696900
16,813000
2,203500
50,1422100
173,1502900
5,265700
1,150200
15,529200
15,516400
15,516600
377,420800
3,213400
15,513500
25,835700
15,687300
4,272000
2,190600
37,1269000
15,527800
15,517600
81,651700
15,529200
15,517100
15,517500
15,515800
15,530800
25,791500
15,568300
6,302600
15,1025000
15,523800
15,729800
36,1103000
15,558100
4,233000
15,523200
15,520800
15,520000
15,518300
2,197100
14,498000
72,426600
15,685000
24,904300
15,531600
15,517100
329,751000
8,340800
15,528600
108,1351900
6,290800
15,524000
164,1208800
15,530000
15,759300
15,626700
15,531900
223,1164800
2,176900
7,310600
15,529400
15,522900
2,185200
39,1163300
15,521200
663,2005100
57,1855600
15,515600
719,1388800
15,514600
15,516000
15,531500
15,531700
15,518200
15,519300
15,560600
24,765100
129,364600
15,625400
37,1078300
1,150800
15,522000
15,521000
50,1479800
15,532300
25,857000
17,739500
2,176900
15,535300
68,341400
15,617300
48,1433100
2,182100
14,504000
15,509000
2,178800
21,729300
15,530700
55,1572800
15,617600
15,514600
15,525900
31,1031500
21,732100
105,1273900
15,514700
17,571700
9,363200
29,1190200
15,683200
15,535300
15,514800
27,818600
15,565200
40,1336100
1,150900
15,531600
15,512000
260,549600
33,1015500
2,179200
5,266300
15,514500
86,805800
15,517100
2,185700
6,287800
15,529000
13,475000
51,1677500
15,673000
25,767900
42,1349100
15,562200
15,514200
15,516000
13,473000
33,1260000
561,457400
15,647800
3,247500
15,570900
80,622500
15,550200
15,514600
9,377200
15,517100
9,356000
15,515600
10,406800
15,515800
15,536400
2,179100
16,545400
6,330400
28,931700
6,435300
46,1497500
15,664900
2,217100
15,669000
4,242800
15,516500
74,489300
15,517400
15,530400
15,521600
211,917400
15,528000
54,1655500
4,244800
15,510400
15,516200
205,692000
18,610800
26,805400
15,520900
13,473200
46,1297500
132,401000
1,147400
15,513600
21,905300
15,599900
15,826100
9,376400
65,236900
15,534600
5,263200
2,181300
1,145300
22,743600
34,1015700
3,205200
15,515900
8,395400
19,663000
15,516100
5,273500
15,723500
83,750900
15,515800
15,521800
15,543900
37,1077300
89,862700
15,518100
93,949900
6,295900
16,540700
16,555100
186,246200
16,589800
16,729400
4,240600
16,547100
45,1299500
54,1525300
16,568700
409,1266500
17,636000
94,1271500
16,760700
16,537500
169,1339400
16,544500
16,551900
3,199000
17,565500
16,547000
16,554500
16,547800
16,537500
18,689700
16,770500
16,695700
16,539500
2,186800
16,539900
16,539000
16,542300
16,548300
16,572500
16,538400
385,637000
16,539500
16,544900
16,536800
16,562700
210,995500
16,665100
16,547700
16,539100
16,735600
16,556200
16,536200
73,545800
96,1056700
1,166600
16,594000
16,654500
16,562000
22,872800
1,153400
2,192300
38,1111100
16,556400
1,147900
6,293600
16,715700
16,666000
15,528200
16,542400
16,533400
16,544200
9,370100
34,1071700
5,284100
16,787000
16,537300
16,547300
16,540300
371,1955500
16,733300
16,555900
4,238000
16,540000
16,542900
25,795100
3,281200
16,662300
16,563500
16,546000
16,550900
159,1087000
16,544600
28,967200
116,1565000
16,548300
16,602600
39,1915000
1,151700
16,698700
40,1448700
16,667900
16,553800
18,586400
16,534600
16,537400
35,1068400
65,240700
1,183000
16,584600
4,219200
1,161200
16,555000
16,539400
4,228600
16,540400
16,547800
6,285900
2,184500
16,542400
34,1012000
5,259600
16,544500
16,548800
16,551200
25,863700
15,624200
16,562600
16,544800
16,543000
49,1569700
16,541600
433,1894600
16,539100
17,576100
16,541600
16,779400
73,552500
16,645100
5,266200
16,538400
20,652300
16,549400
41,1240700
16,531800
116,1551800
16,538200
66,266000
42,1350900
16,545900
491,1915300
16,572000
16,536200
381,531800
113,1475500
2,178500
16,541200
16,555900
3,250700
58,1814100
47,1341800
16,541300
16,550000
64,207800
16,542400
16,541600
16,578000
16,538800
16,536700
55,1808900
16,624500
16,603600
14,490500
16,587700
2,180700
12,447000
16,535300
16,544900
16,547100
16,550300
16,544200
39,1140500
484,2072900
16,543600
38,1120300
4,231300
16,549700
20,645600
16,535700
16,547100
16,541100
7,307900
10,385900
16,631200
16,572900
16,797500
4,360700
55,1542900
16,614200
342,1234700
71,414300
16,549100
16,539700
16,539000
2,180500
16,561200
271,883500
16,734500
16,603600
140,612400
2,178700
16,543900
1,163000
16,540300
16,533500
16,543900
16,559300
43,1227100
1,150700
16,693600
614,2286200
16,550300
16,555300
81,661800
54,1526000
16,538300
16,599600
16,544200
16,552000
79,589300
16,539700
66,336100
11,604900
16,665100
58,1622200
20,635900
16,551400
2,185100
16,587500
5,259500
16,542800
16,615800
12,444400
16,690600
68,418300
206,1223100
16,603200
16,553200
199,546600
17,570200
2,175600
17,570400
17,564000
17,559900
209,808100
1,146500
81,646400
10,386200
98,1211800
5,312500
2,165600
17,616300
34,1025400
80,616800
2,177900
17,594500
2,180400
17,564400
69,334700
17,647100
12,466300
17,562100
17,560900
17,568400
17,606900
6,449800
17,687000
1,192200
7,322200
29,886000
17,565900
162,1179200
38,1107400
21,666700
56,1590900
17,648100
4,335200
3,269500
17,603700
17,595900
34,1037500
17,568300
17,560700
2,181900
17,685800
17,597800
17,573200
11,414400
17,578800
51,1776600
17,628900
17,564200
1,149400
17,571200
17,564600
457,909900
26,809900
2,180300
17,570500
17,572700
17,573600
17,578900
542,1929600
17,568200
17,561300
17,572300
20,647400
17,878400
130,358100
79,590900
17,567200
17,575400
17,581000
14,487400
23,784000
79,674500
17,647500
17,582700
23,727500
107,1315800
17,574600
5,322300
17,565600
30,1139800
17,569200
17,591600
17,678500
1,142100
17,724000
1,155500
1,148200
41,1196300
2,179200
17,605900
14,499500
17,553200
1,141100
17,555400
10,398500
17,563700
17,561800
2,170600
17,564100
1,149200
28,1163500
68,308800
17,573100
48,1396500
7,314700
80,635000
17,566100
17,579900
400,1059300
28,852100
1,147700
17,587500
17,667700
17,806300
5,345700
17,706800
17,637700
17,581100
82,675000
17,568100
17,582600
17,563200
17,569500
17,564000
3,219900
17,571000
3,207500
17,872900
1,149200
17,641700
17,557000
73,448900
3,206600
40,1166000
17,599900
19,634200
2,194100
6,275800
17,564600
17,561700
130,353500
17,572400
17,605000
17,631200
199,729700
2,202200
1,149900
40,1169400
17,581800
17,568100
1,153400
17,576000
17,567200
100,1211200
99,1119300
17,652200
17,773200
17,574300
17,573800
79,612100
18,681400
1,145300
17,567500
17,572900
42,1196500
17,581000
17,567500
6,288000
20,868500
17,838000
17,714000
112,1548600
17,567400
17,573700
17,569900
1,148600
17,567100
1,147100
63,189700
3,201700
114,1487900
17,608800
17,635600
17,641200
17,746300
17,562100
4,232600
17,571000
17,576800
27,820000
1,146600
17,581300
17,577000
17,565100
17,654900
23,793500
17,678700
30,956700
17,564300
20,670400
27,852400
17,570200
54,1583500
17,572900
17,563200
93,996600
9,423400
32,1215000
10,396400
17,564800
17,581500
6,285200
33,983900
17,570200
4,251100
45,1469100
17,583600
2,179100
17,576700
17,818700
17,633600
503,528100
17,567700
17,579300
17,574000
3,208100
17,567800
3,202600
3,212700
17,572000
105,1295000
17,578500
17,583200
14,525400
17,822500
17,565900
17,589200
559,410400
1,147100
4,237800
17,621500
17,569100
110,1635500
1,152800
17,578000
4,233100
17,568800
17,567900
98,1188900
135,541000
15,517500
2,174800
7,325300
9,369600
18,597400
33,985900
32,971800
18,597600
18,614800
18,589200
18,598300
18,667400
99,1628900
18,579200
2,178700
18,590700
26,1115700
18,687900
141,631200
5,267300
18,599400
18,594400
18,656000
2,181000
18,789800
11,436400
18,597200
18,593000
178,1638300
1,144000
18,590000
18,594400
4,228900
56,1570600
18,617000
18,591500
27,1109700
18,646800
3,225300
19,681600
18,621500
38,1110100
18,592000
34,1072200
18,593300
18,605300
3,206200
18,585400
12,611700
33,1212400
18,597900
44,1277600
18,587300
8,335600
2,179800
18,600900
18,597900
1,149600
18,590300
367,1856600
18,813600
18,943900
18,766200
54,1536700
312,330200
59,1637800
18,602100
3,233400
18,605000
46,1535900
18,595100
1,150000
18,605400
18,585600
620,399100
95,1021200
18,596400
18,618200
1,147500
18,605700
39,1136200
4,349400
4,344700
16,995300
119,1650400
18,593400
50,1426200
6,287000
18,635200
18,602800
7,310500
18,719500
2,179300
50,1675900
18,782900
18,610100
18,594100
49,1497300
18,599800
47,1364000
18,599400
18,944500
6,412600
18,750400
57,1633600
18,597200
89,957900
227,1270300
18,598600
18,591800
18,595300
8,345400
18,603800
18,725800
14,552500
18,589000
12,435100
19,613000
18,601100
56,1574700
18,592300
18,597100
24,1061300
4,325900
18,847500
18,760700
7,345700
18,586900
2,183800
55,2070100
18,697100
200,591500
196,552100
18,635500
2,182900
18,814900
43,1861400
19,693500
18,819400
18,954300
27,1248900
18,793900
19,1019100
5,349700
44,1547400
18,759400
18,679800
18,659100
18,822500
18,694600
46,1556000
18,636200
2,198500
18,783000
18,618600
6,326000
18,825500
18,709100
18,709000
18,668900
1,154300
82,783200
1,157400
18,656400
18,758100
18,729800
1,150900
6,308200
18,663600
18,685800
18,765800
14,691800
18,704900
18,624900
10,440200
18,616500
18,650500
1,205200
2,258900
18,901400
19,865200
3,258700
18,792900
5,325500
18,828200
18,727000
18,722400
2,208400
59,1814700
18,664700
18,932100
18,652900
54,1585700
18,881600
18,851200
30,1451500
2,192900
18,595700
1,163700
18,620100
18,752700
18,618300
18,590700
18,618200
4,233400
24,791700
50,2217100
18,670600
18,969400
31,1420900
11,428700
18,606800
22,703700
68,333900
19,626200
41,1797800
12,450700
19,884300
51,1899300
1,180200
19,834500
8,455500
26,1098600
19,817900
4,297700
2,219400
19,872600
19,865200
19,1158200
19,896300
1,182400
62,198700
3,268000
19,910600
2,223200
71,518700
19,905800
40,2066200
19,882500
513,1120100
19,895600
19,874500
43,1793600
19,625700
2,194000
19,839500
182,2745500
1,198300
40,1696100
19,892000
19,843600
19,878600
3,265300
19,869300
2,223700
11,581100
19,866900
19,871100
77,763700
19,861200
85,1085000
1,180500
19,864400
19,882100
1,208200
41,1776000
2,224700
19,852300
19,839900
27,1140700
514,1114600
4,339900
1,202900
19,1013800
4,351100
43,2093200
19,1031900
19,793200
19,699500
19,686100
6,279800
63,204300
23,829000
19,633000
19,810700
374,417700
8,504000
95,1307200
415,1631900
19,891000
19,866100
19,864500
19,678500
2,177200
19,632100
293,1882000
19,705700
50,1503200
378,608900
19,750000
1,176500
7,364700
19,1003500
380,787600
19,1049200
1,201400
19,966700
19,857600
12,509100
19,723200
12,446300
19,623700
19,660000
19,725200
19,729600
19,754300
134,617300
19,843000
94,1212400
19,665600
19,654200
19,668300
4,268300
19,838500
2,214800
19,713900
19,735200
53,1611900
19,771500
109,1848600
19,873000
19,661000
25,808500
19,662600
19,659500
3,204200
15,526300
70,443300
19,629100
1,142400
12,636800
19,918200
1,144200
19,659700
139,843100
4,337200
2,221800
19,667400
19,884700
1,141000
2,214700
19,707500
19,689800
99,1368800
19,818000
2,242200
13,547200
115,1578500
9,378100
19,667100
6,277500
19,608100
19,632500
19,622800
5,257700
1,140000
20,962000
19,1297100
19,881100
19,957300
2,232200
22,1173400
19,626800
11,434300
19,925800
19,680000
19,767300
45,1763100
719,1397800
3,228000
19,619800
3,201900
19,624600
19,638600
300,1604700
5,265500
87,861700
19,758900
287,1589700
19,630800
18,597500
19,623600
21,664700
19,633700
10,383500
19,623100
19,627100
1,150400
20,643100
37,1368200
20,732000
5,270000
20,668000
20,653500
20,664400
20,660700
65,232000
20,650600
8,335400
20,651000
18,607000
20,654400
20,663700
20,1011700
20,753800
308,1858600
23,737400
20,732300
83,702300
20,663600
20,655500
20,650600
20,724300
20,729500
258,575900
103,1259000
21,685500
51,1453800
20,652500
20,648400
20,643200
20,655500
8,443800
103,1575100
26,878800
20,649800
2,179200
19,628800
20,656000
20,646000
20,703700
36,1060300
20,651800
4,229600
20,712500
29,1041600
40,1167300
368,1784500
2,180100
20,653300
43,1234600
20,656600
118,2095400
20,697200
24,1023300
20,990500
26,828700
20,671500
20,705300
6,281700
20,812100
43,1652600
15,694300
96,1061700
1,146000
20,657900
20,644500
20,649500
20,659600
20,668700
16,575400
20,748200
1,151600
20,813400
20,905500
7,402600
20,646100
15,589900
103,1646100
20,896200
20,860200
2,217600
20,939800
370,2511700
20,712400
218,1083100
20,691500
20,714800
3,244500
63,172700
182,1699100
3,201600
20,643800
700,969600
24,1166500
36,1286600
20,785400
20,854400
20,812500
20,850300
20,943000
4,271500
20,806800
20,869500
23,998300
20,850100
14,625700
20,896000
20,857300
19,828200
28,885500
20,656100
20,975300
4,342700
36,1319200
2,175500
20,682500
1,151600
20,657800
20,649000
8,353700
89,913700
20,821100
20,660800
4,245400
73,456400
527,1442300
20,950400
1,153500
20,663100
20,778100
20,798500
1,144800
2,202200
13,677000
20,701000
5,263400
20,660500
37,1193300
35,1389300
8,402700
20,682700
20,669200
20,691600
16,540500
20,669400
258,515400
8,344200
27,863600
20,662000
275,955300
20,804700
63,246500
20,1020200
20,731900
107,1335800
15,529000
20,650600
20,651500
68,332000
6,289800
20,652600
21,712200
8,338500
21,955600
21,895600
21,695500
119,1669700
4,231800
21,670000
15,522900
21,730000
21,672700
21,687700
4,237500
4,231600
21,905000
21,777500
21,953400
21,692600
24,760300
21,677200
22,717000
21,678400
21,682000
21,687700
21,672100
40,1342300
49,1400100
21,686500
21,676200
21,675200
3,214800
37,1089100
21,678500
21,1035100
21,944500
2,199600
21,680400
22,1229800
2,268500
27,831200
6,286300
21,715200
167,1294900
21,684900
21,712100
21,675500
2,189700
21,870100
1,148000
21,687100
21,689600
88,856900
94,1280800
21,712600
21,679700
21,972600
21,796000
21,770600
21,810400
21,672900
21,687100
21,702300
142,686600
8,338900
28,907200
2,181200
1,150700
21,695600
501,478200
21,679600
71,393400
6,294700
21,949400
22,819000
21,678300
21,667400
18,604500
21,676200
1,171600
21,764700
54,1578900
110,1479400
67,345900
21,906600
21,672200
21,668100
501,480700
3,213100
38,1144500
41,1187300
21,665500
21,704100
47,1491100
18,756000
21,676000
21,669400
21,685900
21,748200
175,2013100
21,667500
7,311200
101,1216800
45,1547300
21,668600
5,263900
21,683400
43,1232500
3,206000
8,348500
37,1069300
21,671000
5,264500
21,669400
101,1439500
21,678600
16,543800
21,735400
21,809800
41,1176100
21,669500
21,734100
117,1590600
21,995100
21,1205900
4,300000
21,993000
21,698800
21,688200
8,335000
21,685900
25,790700
21,668200
184,1830900
7,316500
2,180400
21,691300
46,1592700
1,152100
21,717000
59,1666100
4,284000
21,682600
21,704500
21,696000
2,236500
16,698900
58,1626200
3,205500
21,681900
21,674600
78,589000
21,683000
21,670500
21,669500
24,764600
21,665500
21,1007900
47,1890300
21,679000
21,662000
95,1010900
26,794700
29,880300
21,677900
102,1356500
21,695900
21,671700
1,145900
21,681700
21,666800
30,901400
21,692500
75,497900
21,729100
78,581100
11,411600
21,683300
1,165000
21,925400
71,585400
5,334600
21,731400
21,670400
21,778200
8,350200
21,674800
22,700700
9,360900
22,714000
5,261900
22,692900
3,207600
12,529400
114,1613600
122,1736100
22,707600
22,726000
22,692800
22,706400
4,233200
22,689400
4,311200
22,1076400
22,713800
123,1746600
34,1013700
22,698200
4,234300
22,711100
100,1138600
5,260600
22,789400
1,150200
10,411100
22,799400
61,1714300
21,683100
22,696600
7,311000
68,313600
22,716300
22,866400
22,743600
22,736600
16,677800
22,733800
2,183700
22,770000
22,694900
14,502900
22,693600
22,702300
22,705400
22,686800
330,775700
22,714000
10,395600
22,1050700
3,208400
22,698000
2,183100
22,699200
22,707000
22,698000
22,737200
22,870000
22,947000
30,1009200
22,760600
22,1046700
57,1645100
27,873500
60,1683600
16,538600
71,406800
22,701400
22,701700
110,1768200
22,703900
22,724000
34,1002400
62,151100
1,155000
22,827000
94,1066300
115,1524800
22,978800
1,142400
22,732400
22,707500
22,693500
22,703400
80,636800
22,756000
22,735900
17,564900
22,709300
2,176800
102,1186100
76,586800
8,442600
22,745300
22,699900
18,591600
39,1353100
22,691700
41,1185800
22,693500
233,1461300
22,1291600
37,1077200
2,179900
22,698900
22,689200
22,701600
27,831400
9,471200
12,433800
22,708600
22,732100
22,860000
22,717400
222,1198400
22,815800
12,431900
22,695400
22,703300
1,153200
40,1162600
60,1694500
22,984800
20,652900
22,700200
22,712300
22,697300
2,180700
22,703800
38,1464000
22,715200
22,734400
22,715900
3,238600
9,485000
49,1606000
22,722800
22,749400
22,811500
22,750500
22,732700
22,700900
22,699300
25,864100
52,1481100
30,920500
4,281700
22,692700
23,762300
22,694900
25,766500
2,180300
22,700600
1,150100
46,1686600
22,814100
30,915300
190,312100
9,358300
22,699600
2,189400
22,694000
3,208200
22,695500
22,709000
284,1158100
22,755800
22,954200
10,404500
22,713800
2,178900
22,842500
22,776700
23,718500
86,767900
14,507000
23,717400
8,335900
23,938100
23,1144900
28,998000
15,568100
123,1732800
3,213100
23,722400
23,726900
23,717700
2,180400
23,730400
2,181000
25,760200
23,952600
23,737500
55,1602000
23,806500
248,299400
23,728100
23,726100
23,767100
4,534900
23,885500
23,1034700
53,1947700
23,735900
23,724200
12,443600
23,720200
23,742000
23,757900
23,753800
90,1063600
28,1013700
23,742700
23,723800
23,720000
23,733500
23,820700
12,506600
23,724400
66,288800
6,289200
23,754200
23,866300
28,913600
1,150900
23,735400
6,281100
2,180800
23,719300
23,734500
23,721900
23,759800
23,749800
23,769100
28,865400
30,1115800
4,229500
23,735100
156,1013700
23,740100
8,435000
23,811700
108,1352700
23,720000
30,908200
47,1642900
1,151700
23,723400
20,645500
23,735400
2,205300
23,950500
23,739400
36,1077300
23,736100
9,374000
21,724800
26,932800
64,211200
209,814600
23,731600
6,292700
69,412000
23,1177200
23,743600
500,454200
115,1574500
23,770800
30,1113300
16,542200
23,767200
1,150800
30,904000
73,446300
23,783600
2,180700
23,721100
23,732300
23,729500
23,720900
23,1113300
33,984200
23,981900
29,947000
23,737900
4,233100
23,723600
138,553900
23,728500
23,724600
709,1244400
3,231600
5,265600
10,386900
23,731000
338,1018500
33,1004300
23,718700
118,1605400
23,722600
164,1422200
23,1041100
2,177300
23,760800
15,518200
23,735600
23,721700
23,754600
10,404900
23,731900
2,178700
1,145900
42,1251800
23,844700
23,775900
49,1400500
23,736100
23,727300
1,148400
25,783000
27,835700
11,414000
23,727600
23,982000
254,552900
23,759700
23,724700
32,1122300
23,768200
339,1019300
23,723800
323,652600
7,313300
23,736900
23,719700
23,911300
99,1278500
23,750500
23,723300
23,720100
234,1453300
23,1119500
23,841200
8,340100
23,842300
24,963500
20,655800
58,1614200
24,790500
24,755500
3,204900
24,760100
24,751300
24,738600
24,1199800
24,829300
24,761800
2,189300
24,752200
86,779600
24,767200
24,840300
33,1022700
6,285400
1,147100
9,362100
1,150100
24,904000
24,845500
8,340100
6,285900
24,828100
24,775800
61,1708900
24,770500
4,233000
24,814400
1,150700
33,1014000
91,1204600
7,316000
24,762300
67,287800
169,1373600
24,838900
2,241200
24,1104400
24,759100
24,764200
24,888000
24,901200
24,776500
2,185900
39,1131500
260,568700
24,757600
2,179300
49,1422900
72,418400
13,464600
24,774300
24,1009800
114,1619300
2,181600
24,779100
82,773200
24,819000
17,581500
24,756200
24,750700
121,2066200
24,881200
32,960400
24,762200
1,147700
1,149800
24,747900
24,775300
24,749100
26,806300
106,1302400
24,1199400
3,215600
24,749500
79,667700
30,1050800
5,261700
24,756100
10,392000
24,783400
24,759400
277,1054100
24,880400
2,184900
24,756800
42,1218700
122,1713600
17,564500
24,748500
24,761400
24,746500
24,746800
24,877500
24,791200
5,263100
24,904800
24,742100
24,793300
100,1140200
34,1014300
24,752300
24,835700
24,993000
24,936700
24,764700
24,796800
65,240000
31,930700
24,740900
24,756200
24,755200
93,966200
2,187800
24,864100
15,581700
58,1717000
24,762700
27,869100
24,749400
24,748100
40,1161200
17,574000
120,1839300
2,179700
24,756300
2,180400
25,775700
25,763800
400,1021000
179,1594700
25,820000
3,202200
25,957800
25,1050600
25,769400
25,778000
25,760500
25,755400
29,873900
2,166700
25,761300
25,775700
25,774200
236,1670100
25,778100
18,608400
25,766600
25,764700
4,244000
25,773400
25,772500
25,788300
39,1384800
25,995400
505,586400
3,209900
2,179500
11,472400
25,777400
80,630800
146,762200
25,777700
6,285400
69,354100
2,177400
25,772400
36,1074400
25,1097200
9,383700
25,910500
7,362000
79,654000
25,789500
25,775400
25,777400
2,200000
25,766600
25,1184500
25,984100
26,925000
25,847400
25,788400
72,428600
25,779000
28,986000
125,212400
7,310200
25,766100
61,1698500
25,1021700
4,232100
2,171600
12,445200
25,775800
1,146700
83,707900
25,770000
2,224600
25,784900
2,213400
25,855700
25,766600
20,656900
25,1082400
47,1452000
81,662400
2,184600
1,146000
106,1284800
25,777600
25,776300
25,790300
25,833100
25,840600
3,257500
25,898100
25,776900
25,808100
25,777400
56,1864700
25,787700
57,1589100
6,352400
50,1801800
2,192100
25,782500
324,630700
112,1445100
25,772800
59,1660900
25,823300
2,212300
25,828500
25,773400
21,654300
25,758400
4,217200
8,352800
25,1081200
80,689200
25,774000
3,209100
2,178200
56,1713700
25,919200
173,1453000
4,231100
25,780700
25,773300
2,177300
25,785100
25,772400
2,176800
25,788000
25,820800
9,478500
25,1166300
25,778900
25,1024800
7,316900
8,345500
25,783100
25,824600
25,771300
12,444600
25,780800
54,1656800
1,150100
25,779500
25,852500
25,779400
25,769400
57,1599800
46,1354000
2,181700
25,816600
38,1366400
25,1076400
25,850100
2,183000
25,774100
1,156100
25,785400
25,771100
27,831900
25,774700
85,818100
26,919000
71,393700
84,789600
26,803000
8,336100
26,811000
26,826100
66,262900
26,818200
26,796100
26,803300
2,186600
20,988400
26,982100
2,178500
26,803400
31,934700
12,454700
63,181600
26,794500
7,304900
26,861800
26,797600
37,1120500
118,1718100
26,828000
26,806800
5,279100
27,846000
26,804300
26,811300
6,282300
26,789400
2,205200
4,283000
105,1535200
26,808800
6,297900
26,801900
26,814700
26,790500
270,827000
33,981500
26,807400
100,1189000
5,302800
26,867900
5,327200
26,798200
26,817400
39,1164900
26,819600
5,264000
26,790600
26,988200
26,1107900
26,866900
15,525400
62,153500
137,523700
8,341900
26,794200
2,180300
3,203600
26,815800
50,1413000
26,819000
3,209000
26,860600
1,152200
67,474800
26,1015400
26,933700
26,790200
26,783500
26,808500
26,799300
26,886900
3,304600
26,984600
26,1089600
124,181900
56,1594700
26,856100
26,808600
26,804800
2,193600
26,833000
2,177500
26,797900
97,1077700
11,561900
26,905900
3,206200
26,812400
96,1033200
26,808400
26,797700
26,872400
26,1004100
28,890700
47,1633900
65,250600
26,800600
26,801100
27,832200
26,837100
26,816100
5,256600
26,797900
7,313200
4,230100
26,823000
26,1160500
7,320000
41,1196000
81,710500
41,1184900
26,861700
50,1670800
26,807700
26,877300
3,242800
27,895600
27,830100
27,905700
27,829100
27,840600
42,1210100
27,837000
186,212700
27,835000
21,764700
27,897100
2,180300
20,645600
27,838600
27,825200
203,1038200
6,386600
27,1028500
27,906400
80,645400
27,913900
27,936900
27,826800
34,1006600
27,847400
27,897000
27,832200
122,2162600
94,1187100
102,1204400
27,825300
48,1617900
27,864700
3,206800
27,815400
2,171000
27,834000
71,387400
27,1052500
492,1894700
27,835100
27,828600
27,847000
8,342100
27,824700
6,287300
38,1115900
27,935600
48,1573800
27,881000
27,822400
13,465000
61,1743200
27,828300
104,1270500
27,1151400
1,148900
1,146400
95,1019100
27,826300
27,816100
27,840900
68,315800
27,821700
103,1233500
27,819700
36,1526400
27,938700
27,840500
27,852200
39,1188100
55,1610200
27,832300
27,898900
27,1251300
38,1487300
27,833900
76,519300
301,1614900
7,309500
27,828000
27,876800
27,1168000
27,1052700
101,1247500
6,284100
27,822900
27,823600
27,840800
52,1507700
27,1264800
27,1030000
27,840800
66,272600
27,914000
27,858000
116,2181200
7,447300
27,975900
1,201000
122,2075100
27,856700
28,834800
28,845400
10,383100
34,994100
28,848900
28,850500
30,1138100
138,579800
38,1110200
28,843100
14,479200
28,852500
2,170400
26,798300
49,1500400
70,528700
28,963200
2,174800
28,990800
143,730700
1,167000
123,1741900
28,853600
55,2114400
28,862800
318,612000
4,309100
3,254000
28,851400
28,861100
14,490900
28,854300
6,279900
28,841100
28,874100
450,793600
28,1000900
22,837500
28,1016600
28,861500
28,862000
28,1489300
28,871600
35,1109000
28,870400
2,175800
2,189100
51,1582500
1,151100
10,390200
8,338400
54,1534500
28,972700
5,270600
1,181200
1,176400
28,865300
3,206800
28,859500
139,578900
5,260200
28,960900
99,1123200
6,287000
28,860800
28,848300
4,234800
20,663500
28,848300
9,356700
28,858600
1,146300
28,959300
18,784700
61,1727700
28,915900
28,952400
7,383300
23,769400
28,854000
28,864200
45,1399000
28,1373500
16,562700
28,861700
28,852100
28,849200
28,842200
21,680400
28,851200
117,1801800
159,1099500
28,853300
31,1136100
28,875600
28,875900
28,862300
17,572100
28,854100
28,963900
18,667800
120,1662000
7,316600
28,862500
201,600900
28,900900
2,177600
28,855900
28,884800
28,974800
28,1053800
6,310300
38,1222400
28,862100
28,859400
86,778600
4,249300
28,849800
35,1056100
28,921900
28,863400
28,854900
3,215900
1,136700
20,654700
29,875800
1,144200
29,894500
29,883500
11,446100
29,895400
29,882700
14,609900
3,232900
29,1247800
29,926900
29,890500
52,1508200
4,242500
29,1230300
3,208000
29,887300
29,1057200
1,172000
46,1410100
126,267000
2,182400
29,1043700
2,258400
29,1328600
210,842500
4,232900
2,180500
4,234000
29,873700
29,1047500
29,1083600
29,896300
29,871600
29,887800
2,186700
29,871600
48,1357600
29,870700
29,1131700
297,1633000
30,979100
31,997200
20,648200
29,946500
29,877000
29,1083900
25,1074400
29,1002800
2,166800
29,868700
3,200800
110,1401600
29,872500
3,208400
29,866900
70,362000
1,141400
35,1038600
29,1191200
29,1141400
65,238100
29,930800
2,182000
39,1134400
2,177800
29,877900
29,888400
12,597800
29,1010300
29,959800
72,469400
36,1062800
29,892000
29,874700
1,145100
17,575600
29,879200
29,876000
11,419400
29,904300
2,180300
29,1410800
495,1894400
29,923500
29,891300
9,367500
32,1268600
29,910400
29,934300
29,957400
154,1001100
29,956400
29,891300
10,402200
29,881100
29,1206400
5,259800
3,207100
29,897600
29,1009900
7,347100
29,964600
29,882400
51,1470600
44,1584600
2,198900
10,438200
1,192200
29,893100
29,1090400
3,255300
21,671800
29,904300
29,878100
23,765100
107,1320300
29,877100
29,932600
13,464100
29,990300
29,997000
29,890200
5,272500
30,901700
30,1040000
20,652100
86,1195400
30,930500
4,226800
30,943200
477,1500500
30,955500
30,897900
13,486200
30,897100
30,926200
30,908000
45,1296100
28,1197400
30,913500
388,707300
30,1187000
2,249200
30,917000
19,633200
30,902400
30,907200
2,179200
30,1008800
30,941700
30,924900
11,409700
58,2144000
9,369700
32,963400
30,907300
30,919200
59,2082800
15,730500
30,953400
30,958500
30,917900
24,773500
30,920400
733,2355400
35,1041100
36,1078100
252,337800
14,498100
30,1188800
6,285600
30,937200
1,158100
30,965100
336,1374100
30,1217800
30,945000
30,908200
57,1619700
30,941800
30,941500
30,1033500
30,946100
30,929000
30,956800
49,1397300
14,493500
30,906300
30,904100
56,1705300
11,525500
30,1158700
6,287100
30,909300
1,152000
30,916600
51,1452700
1,147900
30,916400
30,912900
195,443100
4,283400
30,1043500
30,919000
12,438900
37,1126700
110,1388900
30,907400
4,231000
31,1102200
31,1293600
31,1643700
173,2707400
31,1591900
31,1320100
31,1371500
31,984700
31,949800
4,253500
31,916800
31,932800
11,407900
31,946300
31,979000
11,406800
86,891100
8,409800
31,976800
31,967200
31,923500
42,1251800
31,926000
22,704900
14,485800
31,936700
31,1167200
2,189600
31,980200
31,926300
6,278300
91,950200
28,967900
31,1373100
31,926000
31,1041200
40,1220500
31,921000
31,932800
1,144000
31,931300
31,946500
2,211500
2,171800
31,923000
2,170800
15,525700
31,993300
67,299900
7,311700
31,1134300
31,926300
31,932300
31,999200
31,962200
31,957800
42,1252000
216,1485300
31,1200300
31,946400
32,1004500
31,937400
31,934300
31,954000
31,928900
2,250300
31,1074700
149,842300
67,287400
3,259800
31,1066200
31,1308000
31,932700
484,1617300
31,1075600
47,1359100
31,939300
49,1371300
31,936200
2,179100
112,1457200
31,954500
31,1030600
31,970600
408,1251800
14,684000
31,1274500
31,934300
34,1025200
72,416300
122,1820900
31,937700
4,242700
57,1596600
2,177600
31,938300
4,234200
31,927200
4,251400
2,186100
31,936500
31,946200
72,519100
31,1290600
31,980200
32,959200
7,310900
4,237900
32,959100
32,970600
4,236400
11,413300
57,1692700
5,360800
32,1153000
32,1233600
32,971400
5,257100
10,390100
32,961200
51,1436000
3,211800
122,2188400
32,963600
2,179000
60,1686200
32,971500
47,1340400
32,1027400
4,234300
32,1041600
4,233100
23,725800
32,966500
108,1738400
32,971600
2,182100
32,968600
32,998700
32,1510500
20,754800
44,1271300
32,945300
25,778600
32,952400
32,949300
240,1617700
32,1245200
23,768800
32,975500
2,179200
38,1106500
35,1076000
32,953900
1,164700
32,1131500
15,642400
32,1302700
54,1560500
32,965700
32,983200
32,955100
32,964500
32,951300
32,955900
4,308100
109,1466800
32,989700
32,968500
57,1870600
32,1483100
32,1108400
32,1313700
32,952800
77,545400
98,1088300
32,952500
32,970800
15,515500
32,970600
3,206200
32,999300
6,308800
2,190200
8,433100
32,955900
32,961800
32,1023100
32,1231900
10,391400
39,1153600
32,963900
32,1272600
32,975300
32,989700
32,1048200
196,613000
44,1298400
32,966300
42,1247200
32,1133800
32,968300
33,1307400
552,2357600
73,449600
2,180300
33,978300
33,1048700
33,1278600
33,1000200
33,1036800
33,988400
33,994400
301,1638500
33,997300
33,1144000
33,987100
602,1855300
204,833800
2,179500
1,147600
33,992500
405,1145000
33,985400
33,1213800
33,1009400
33,979500
1,159900
33,985800
5,289100
61,1724200
33,985900
2,198200
14,492200
33,1175100
33,1532900
33,1004300
33,981200
3,201300
33,996300
41,1186100
17,575100
33,1000500
33,1191600
4,240700
33,1008400
33,1015300
33,983200
33,981100
23,729600
33,995400
4,235000
33,1082800
33,1404700
33,1056900
2,180400
33,971800
17,582300
33,976400
33,995800
4,239600
33,978600
2,178800
33,1194600
8,384900
33,989100
33,978500
33,991100
33,973200
34,1009500
9,362100
34,995200
34,1298800
23,795000
2,186600
37,1084500
34,1033200
34,994800
34,1017000
34,1001800
34,1079300
2,178700
34,1381300
2,228900
13,479200
34,1061400
133,435300
34,1063400
34,1019400
34,1008600
88,1127300
11,475700
34,1323900
66,261900
34,998400
57,1618400
37,1094500
34,999800
34,1037800
592,1364400
56,1667900
34,1014000
34,1115600
176,1576500
34,1108400
34,1035200
105,1481000
34,1006700
105,1279500
34,1012100
34,1037200
34,1010100
34,1005300
1,149300
34,1144800
34,1079100
5,267300
10,406100
34,1054800
34,1010300
34,1585400
49,1401400
114,1730600
34,1045300
34,1033100
34,1045900
34,1015400
34,1013100
34,1005700
34,1027700
34,1179900
34,1055300
61,1884000
34,1000500
131,371200
34,1059500
34,1011100
34,1004600
25,1058600
110,1444100
7,310900
24,759600
34,1022400
14,500100
34,1008900
38,1117000
9,364500
34,1112700
2,193200
99,1123600
34,1281400
432,1952200
41,1177500
7,307100
78,606500
35,1037100
35,1400000
35,1025700
35,1033200
35,1036600
128,294300
35,1097000
35,1042800
35,1037700
35,1557600
4,279500
35,1051000
35,1029600
12,482600
35,1029900
35,1066900
5,259500
35,1033600
35,1275600
35,1222800
763,964900
51,1486800
18,629500
35,1047500
8,333700
99,1123200
35,1324600
4,262900
35,1204400
35,1037900
37,1204800
4,236900
35,1043400
594,1351400
35,1037900
5,261200
35,1259900
35,1052800
35,1052600
35,1028100
35,1041500
46,1372200
35,1207900
2,184000
35,1394900
35,1113900
35,1048300
6,283300
35,1022300
93,961100
1,153700
35,1038500
8,334900
35,1107000
35,1417600
35,1319500
35,1055500
35,1038500
41,1462700
35,1049700
35,1210600
582,1079600
13,470300
35,1087100
35,1033100
35,1039800
35,1041100
2,179500
35,1095000
2,180400
35,1290100
35,1164600
36,1067100
51,1441800
36,1347700
36,1372500
185,2176500
36,1202600
3,212800
6,292800
19,624400
20,645400
36,1060700
36,1104900
36,1081300
36,1137300
15,682100
51,1470700
36,1051400
2,179200
66,257100
36,1150800
56,1633400
36,1052000
1,150100
111,1669900
36,1065600
7,306100
34,1000000
36,1075400
245,1753200
2,180400
36,1067300
54,1782900
45,1303400
242,1801500
132,408900
2,168200
36,1078400
1,134900
36,1042400
45,1374500
36,1113800
12,445400
77,542900
36,1051900
29,884700
3,209100
36,1065700
36,1380800
36,1075500
36,1256400
3,208300
74,472700
89,879400
36,1176900
11,471200
41,1195700
36,1065800
36,1073000
7,318400
36,1197500
99,1116700
71,398200
36,1115400
36,1117700
36,1068100
4,232500
17,579300
36,1056800
36,1273200
4,242000
51,2026500
207,775800
1,149300
62,148800
36,1061400
36,1069900
36,1069300
420,1954000
36,1130400
36,1052400
69,341500
36,1058700
36,1054000
36,1063600
36,1091300
451,1102000
36,1266800
29,877000
101,1179100
36,1062700
19,632300
36,1051400
36,1064800
64,357300
36,2041300
36,1038100
54,1483900
36,1062300
467,1140200
357,1632100
36,1352600
2,180300
7,310600
37,1085500
6,307000
37,1084300
80,633500
37,1091400
46,1317400
3,209100
37,1387900
142,657000
12,450400
37,1086100
37,1128800
37,1083600
37,1162000
37,1447400
115,1659600
61,1719500
37,1099800
37,1085000
37,1102500
11,419400
37,1157300
15,588700
61,1870400
4,259700
37,1092000
3,205900
17,562000
37,1095000
6,285800
37,1190900
446,702300
37,1387900
37,1269700
37,1102900
3,205700
2,178500
37,1124800
11,431900
13,470800
37,1092800
37,1089400
3,210100
37,1296700
4,237800
37,1089500
37,1101000
37,1133500
37,1349200
37,1104400
29,883200
37,1232400
37,1095400
37,1097700
4,231600
37,1092200
174,1502900
3,213600
37,1103400
37,1202900
37,1413800
33,977000
37,1091900
37,1094300
2,191200
1,377900
37,1165400
2,197400
37,1091500
37,1328400
37,1072300
21,673800
2,179600
37,1103800
2,185800
37,1090700
37,1131800
37,1095100
37,1317000
38,1148100
2,179900
2,177700
106,1300800
38,1183000
5,283400
38,1231200
38,1137600
38,1152100
38,1520800
38,1366200
1,136700
38,1096700
82,717900
38,1111900
38,1108500
38,1170000
38,1169200
299,1584600
1,148000
38,1474300
6,284100
38,1114400
5,259600
38,1117100
2,181100
38,1417200
76,667200
38,1118200
38,1144700
308,1773800
38,1160000
225,1231900
126,236400
38,1317500
38,1108400
221,1260500
2,185300
39,1123400
91,948800
38,1108000
52,1536300
473,1506100
150,853000
38,1112900
1,145800
38,1132600
19,614700
38,1141500
38,1117400
128,292800
1,168900
38,1541800
38,1486100
38,1178300
82,684900
7,310500
10,388900
38,1133300
38,1123100
38,1304100
17,586200
38,1114100
2,176300
38,1107400
38,1136300
38,1122300
38,1110100
83,702300
124,200900
3,285600
38,1343600
38,1147200
38,1108600
2,179000
100,1135700
1,152500
38,1213400
26,802500
38,1293200
173,1695300
38,1125600
2,176300
33,1021400
38,1108300
38,1100800
38,1106100
38,1408800
38,1517700
38,1105900
39,1121200
4,238700
63,228900
2,176100
39,1124900
39,1203900
5,257900
39,1472400
6,287800
39,1138000
3,207100
39,1124700
7,314300
14,494500
2,391800
61,1803400
45,1968100
1,167100
100,1226900
39,1148200
39,1135400
39,1151600
39,1131200
39,1137700
52,1724100
9,365000
39,1140500
16,562500
39,1129400
39,1150000
8,338200
39,1301200
68,359800
39,1682300
39,1141300
65,261900
5,262500
39,1130300
6,290200
3,210100
39,1136400
39,1142400
633,780600
39,1492000
18,708900
4,234300
39,1145300
39,1149600
8,340300
24,761200
39,1271400
2,236400
39,1308300
39,1524100
39,1254900
39,1157800
4,235700
39,1525100
39,1210000
7,317400
39,1174000
61,2349400
39,1631600
3,204600
39,1683500
169,1952700
39,1356900
39,1136000
39,1136900
39,1135600
1,142100
11,407900
39,1136500
6,278500
39,1129100
39,1738200
39,1506200
4,321300
39,1564200
502,757700
39,1534600
39,1620100
3,288900
39,1686400
39,2179100
68,453000
39,1651300
39,1671900
2,233400
15,735800
122,2434600
39,1305200
84,904400
39,1155800
4,228800
39,1151600
39,1557300
40,1183300
20,645900
40,1164000
40,1179800
28,859800
38,1138700
40,1283400
63,171200
15,677700
40,1489500
40,1649100
138,711300
104,1654400
40,1555000
3,262700
40,1569800
40,1581000
289,1417500
40,1260800
40,1192600
2,203400
40,1390200
3,330200
78,675700
40,1183700
40,1174500
41,1206800
40,1168800
40,1173800
40,1552700
115,1565800
18,606000
40,1206600
43,1246500
40,1201200
2,179900
40,1671000
40,1490800
40,1181200
2,186700
40,1168100
40,1166000
40,1199500
40,1160600
4,238500
40,1496500
40,1184300
40,1154200
15,554800
40,1158400
40,1197500
40,1162300
40,1712700
40,1183000
6,288000
40,1172800
1,146100
1,154300
40,1158200
5,265100
40,1163600
40,1251500
40,1491200
40,1159900
4,240200
1,149700
40,1169800
2,198800
10,389300
40,1172000
40,1564800
1,191500
41,1460800
290,1902000
17,612100
41,1199000
41,1446800
41,1203000
5,261800
41,1534400
97,1172300
41,1195500
1,153500
41,1186700
12,443300
41,1369500
18,807100
8,404600
36,1336600
41,1308400
41,1200600
41,1197100
41,1216000
687,553300
41,1189900
41,1401900
41,1370300
121,1689100
21,707500
41,1326500
2,180000
41,1190500
41,1270200
209,959700
41,1237900
41,1176700
121,1683800
6,282000
41,1216100
6,282100
41,1185800
1,152000
68,506500
28,902800
41,1184900
41,1762100
41,1247800
41,1172100
41,1184900
45,1647100
41,1622700
12,643000
3,277100
41,1644800
14,497500
41,1195900
2,181600
41,1313800
10,587500
41,1379000
41,1514200
41,1205400
25,776100
41,1198100
2,180000
41,1317000
41,1242400
99,1149800
41,1197500
268,774300
41,1264300
28,856400
42,1228700
42,1963700
42,1274800
42,1235200
42,1199400
42,1242500
57,1676200
42,1501400
2,185700
42,1202000
23,745200
52,1457200
42,1214100
42,1212500
42,1484700
145,915800
4,284000
1,171800
42,1256200
54,1534200
42,1224200
42,1247700
153,1188500
42,1316600
197,509800
1,150000
42,1220100
42,1209200
2,187100
42,1213900
2,186200
42,1215700
4,280700
42,1602200
2,180700
1,151400
14,495800
42,1223300
152,917600
10,399300
42,1225600
52,1501500
2,180200
42,1572000
2,183700
92,936300
42,1222500
42,1220000
42,1243500
42,1373400
42,1600300
42,1261300
42,1233200
42,1229000
42,1313100
42,1222100
97,1134400
14,745800
31,975100
42,1262800
42,1232000
66,274300
42,1406700
42,1599700
2,242000
46,1628100
2,197000
42,1267300
42,1220000
6,286400
99,1109700
9,368700
114,1511300
42,1219700
1,171200
56,1848900
42,1227200
3,210300
43,1242200
42,1640800
42,1251600
100,1455100
359,1543300
43,1291500
43,1258900
43,1259700
43,1287000
3,214700
43,1405200
43,1428500
43,1334400
43,1345600
43,1238400
51,1496700
43,1388100
43,1381200
285,1215500
2,178900
43,1250000
2,179800
43,1271700
43,1254000
43,1502100
10,476500
80,632300
646,1331700
43,1255600
4,231700
43,1273600
43,1231600
57,1829700
43,1325500
43,1258100
6,298000
2,182900
48,1368400
43,1300100
43,1242600
13,479100
43,1379200
3,216400
43,1439900
43,1270200
6,287000
43,1247000
43,1227900
43,1289800
511,953600
6,385500
43,1240300
43,1241100
44,1264600
44,1254800
44,1272600
44,1455400
20,920900
44,2006100
44,2031700
44,1784600
109,2000600
44,1690200
44,1736500
44,1877000
1,184000
40,1946000
44,1911600
44,1654900
44,1988400
44,1850500
6,312100
44,1672800
69,346800
44,1399300
195,464700
1,158300
1,161100
44,1331600
26,896400
44,1551800
19,1060000
44,1417300
44,1450200
44,1401200
1,152300
44,1345900
66,275500
128,309600
7,331500
44,1666100
44,1746100
44,1449200
44,1446500
45,1486300
45,1532100
45,1580100
45,1396100
7,324000
45,1367000
45,1342300
45,1414500
45,1585000
182,1843700
37,1193300
45,1530700
22,742600
45,1347500
45,1733000
2,219800
45,1396600
45,1354800
45,1347200
45,1326500
13,496000
45,1435100
45,1394900
2,182600
45,1361100
45,1619900
45,1310200
6,307900
45,1293700
6,365400
46,1695800
431,2520700
1,188100
21,921400
46,1755300
13,616200
27,1151800
46,1825400
46,1919100
46,1853900
46,1853300
46,1833800
46,1866500
46,1858800
46,1872800
46,1855500
34,1590300
46,1902400
174,2083800
12,589300
46,1856600
14,696600
46,1850500
46,1833900
5,383100
46,1859100
46,1876400
46,1907800
18,809100
46,1858700
46,1852000
46,1891100
122,2603900
46,2290000
22,1170100
46,2247400
35,1176100
46,1568400
3,192900
46,1553100
6,431200
46,2038800
175,2333600
86,1118800
46,2225000
243,2888700
5,433700
46,1625400
46,1500700
56,1664800
46,1978400
2,180000
46,1564600
7,437100
46,1422800
46,1398800
46,1425900
1,163700
32,1114300
46,1687800
118,1974000
47,1386300
47,1369900
47,1357000
47,1394700
6,314100
2,229900
2,208800
47,1705900
47,1465000
47,1452900
3,214700
47,1571300
17,645900
47,1704000
2,182800
47,1346800
232,1454700
47,1345100
6,289100
47,1398800
47,1354000
98,1378200
23,736200
47,1365100
332,990700
16,857100
47,1362000
51,1470800
146,946600
52,1477800
42,1214600
47,1378700
47,1420000
2,184500
47,1351300
47,1560900
17,581300
47,1578100
10,401800
47,1359000
5,298400
47,1365000
47,1430000
47,1615300
63,189200
47,1382200
47,1357300
47,1349500
47,1380700
2,177600
47,1526300
19,651600
47,1886900
3,209100
47,1334900
104,1269000
47,1354100
47,1600000
190,350900
14,491700
47,1396200
6,395600
92,946100
48,1394900
48,1384400
1,148100
48,1516400
3,234700
21,811700
48,1387000
48,1521100
23,733300
48,1375900
48,1388200
48,2056300
1,199200
48,1532200
48,1387400
392,852600
8,339500
93,966800
48,1508400
118,1721100
48,1781200
48,1373200
403,1122200
48,1383100
48,1721600
48,1398700
48,1384300
48,1369400
10,388900
48,1448400
48,1576500
48,1506900
12,572100
48,1382700
441,544600
1,149200
23,719900
9,364900
48,1373600
48,1508800
48,1371000
3,207100
3,213300
48,1350400
48,1374100
16,551500
3,204900
48,1498600
48,1493800
48,1379700
49,1415200
3,206000
1,190000
49,1555800
49,1404700
49,1409900
53,1704900
49,1395000
49,1399500
49,1407800
71,557000
14,535500
49,1474500
49,1607400
4,230800
49,1406700
418,1464400
296,1497500
49,1430400
49,1540300
11,414800
49,1394900
49,1401500
4,233400
49,1693800
49,1400800
49,1594100
49,1391300
1,147900
49,1414400
183,1716000
49,1394900
40,1182600
1,183700
49,1561400
49,1430300
49,1604100
49,1620600
10,391300
49,1392100
11,530500
49,1613300
8,342700
49,1392200
50,1422500
46,1335000
50,1424900
1,145800
50,1674500
50,1420400
50,1682400
14,495600
50,1456100
50,1418800
4,267700
50,1683200
4,235400
50,1416300
50,1413200
50,1421300
50,1422700
50,1761500
8,348600
16,546000
55,1715900
92,933400
50,1424600
50,1421600
50,1683900
50,1412400
2,180900
81,655700
53,1492100
50,1433400
16,547300
50,1438700
50,2244600
2,195800
50,1489800
8,426100
50,1467300
50,1409500
11,419000
50,1559900
42,1212100
50,1435500
6,278100
50,1452300
50,1419100
51,1521600
51,1886100
2,208300
115,1621300
51,1450300
183,1740100
5,253700
2,185800
33,1009500
51,1595100
51,1454100
2,180200
2,185500
51,1541700
51,1488900
3,205100
13,504800
51,1815000
51,1499500
1,150500
80,627400
51,1448500
4,229800
35,1048400
38,1109500
51,1521000
51,1508300
124,258400
51,1459300
6,289800
92,951500
8,348800
51,1453300
51,1766900
7,372300
116,2115900
16,535400
51,1772100
51,1417900
37,1077800
51,1707300
35,1235000
51,1491000
16,548300
1,176700
51,1444700
51,1511000
51,1654700
2,178200
55,1561300
51,1434800
51,1453200
74,504400
51,1485000
28,862600
51,1879000
51,1448000
52,1480800
52,1555500
52,1475500
11,413700
1,197800
52,1838500
52,1479700
52,1470100
52,1615500
52,1500800
2,187100
52,1719300
1,146800
52,1471200
289,1305400
1,177400
52,1517600
175,1500300
2,187000
9,429600
8,478100
52,1485100
6,284900
52,1483500
52,1474800
52,1527900
13,472400
52,1895000
1,182200
52,1497500
52,1521500
52,1526700
33,996000
52,1519400
28,1024900
52,1483600
52,1470900
52,1529900
52,1479400
7,315700
53,1730100
53,1564000
53,1653300
3,208400
41,1188900
74,484200
53,1573100
116,1887500
1,189900
12,475000
53,1525000
83,712400
99,1135400
53,1516700
53,1562200
2,201700
53,1896100
53,1582400
17,570100
53,1559300
1,149500
53,1506100
53,1910200
53,1533600
11,434600
5,261600
53,1490800
11,424300
53,1557200
4,237600
53,1607500
53,2019400
53,1504000
53,1517000
53,1505100
53,1631300
61,1781900
68,326700
54,1522600
87,822300
54,1553300
54,1516600
203,785200
2,171000
19,839500
54,1538500
54,1528700
54,1544200
54,1527300
54,1819900
7,313900
64,221500
2,182900
54,1531500
152,913800
54,1525000
54,1670900
4,269300
54,1681000
54,1524700
54,1542800
54,1531100
54,1528200
54,1739500
437,407500
54,1512400
76,531600
4,235000
54,1530100
1,150700
13,538700
54,2042400
54,1765800
54,1560500
54,1548300
54,1521000
53,1504000
54,1778800
168,1336200
1,148100
1,148400
62,147100
7,318900
54,1576500
1,147500
54,1950000
12,457200
54,1702500
54,1597900
4,234900
114,1500800
22,701500
54,1526400
54,1546800
2,192600
8,402300
78,588100
85,790800
26,1118400
55,1585600
10,435400
55,1773000
2,166300
55,1583500
55,1834200
1,148800
55,1585100
6,290100
1,150300
55,1566600
18,596100
55,1585900
55,1695400
2,177900
1,146500
55,1635200
55,1964500
69,327300
74,456500
2,177200
55,1550000
3,191600
55,2073300
55,1587900
578,949400
4,340000
55,1711600
55,1851600
8,577900
55,1670900
12,507300
55,1914200
1,140700
55,1577000
60,1694900
12,526200
24,886000
55,1539400
21,677400
55,1520600
85,754000
55,1541600
55,1841300
253,525600
55,1584100
55,1541600
5,254800
2,179400
55,1592900
56,1602000
56,2413700
56,2474200
9,539600
56,2449800
3,278800
56,2215900
9,367600
56,1606700
56,1637600
64,216200
56,1693700
56,1903000
56,1738500
2,183200
56,1620300
56,1593900
56,1831000
56,1795100
10,405100
56,1574300
56,1580900
28,860200
40,1154400
56,1841600
1,153800
56,1584100
56,1649500
3,210200
56,1580400
3,273000
1,178700
56,1655000
4,283500
8,431900
5,296200
56,1666400
2,182200
56,1624600
56,1580800
3,203700
17,566300
114,1559400
18,847000
57,1599100
11,430500
52,1495200
57,1742200
57,1592000
57,1965700
57,1646300
1,151700
57,1612200
57,1603100
2,179400
57,1668600
57,1648200
70,382200
31,938300
57,1823200
83,694800
57,1614500
57,1846800
22,688700
57,1612600
57,1637500
341,1081200
57,1649000
192,374300
57,2048500
249,287000
57,1609700
57,1902100
248,245700
57,1595900
82,844200
2,255400
94,1302100
1,150200
37,1093600
58,1693500
58,1626100
4,231500
24,771500
58,1875300
58,1658600
58,1778600
248,298400
118,1598800
58,1641600
58,2289500
58,2582500
58,1870200
58,1653000
58,1966300
275,1293600
19,647100
58,1652200
58,1692700
58,1780400
82,885800
58,1653600
33,1016100
6,300700
58,1613800
5,268600
59,1638600
4,232900
59,2081500
17,603400
59,1665300
2,177600
59,1661200
59,1643300
3,215800
59,1874000
59,1676400
59,1682100
31,978100
59,1645000
7,315900
59,2118700
59,1717500
3,212300
59,1721600
59,1644100
59,1741200
2,200600
59,1717900
59,1702700
60,1679300
9,363800
60,1693900
60,2527500
60,2306200
60,2302900
60,2380800
1,203200
60,2200300
1,151700
60,1677100
8,337600
60,1743900
143,780000
60,2117300
60,1686200
60,1685000
60,1707500
60,1763900
60,1765400
60,1666900
61,1703800
1,161700
61,2359700
61,1979200
1,143200
8,359300
61,2109900
61,1699700
6,281700
62,150700
61,1716600
61,1821200
61,1704900
93,948000
61,2190000
61,1804100
61,1985700
61,1727300
5,258900
76,527400
76,549400
36,1058800
61,1682300
61,2071100
641,945800
1,153700
61,1993400
62,153300
62,145600
3,204800
62,148800
4,233400
65,250800
62,152800
62,150000
62,150400
62,152000
36,1055900
62,157500
15,564600
2,203200
63,189500
3,280300
62,155900
78,616000
62,152100
62,147600
62,148800
81,647200
76,512800
62,144300
62,152500
82,674300
62,150600
330,1035100
56,1565400
9,402400
62,149000
103,1445300
62,142700
1,149100
62,152000
62,150200
7,312700
4,227500
62,146300
63,180800
63,181500
63,178800
63,193200
2,243300
63,242500
7,397300
34,1227500
63,195400
63,182800
63,176400
63,183900
1,149500
63,185200
34,1076200
63,190400
63,177400
63,177500
4,243800
64,253100
64,218300
1,145400
64,293900
2,216400
64,211600
8,341700
19,618000
64,211300
7,311000
64,222700
177,1550400
64,205600
64,217400
64,247400
8,337400
64,210600
2,179900
65,237100
1,149500
67,287900
65,242500
24,749200
65,234100
65,254100
7,398600
65,359100
65,248900
24,953100
65,281500
65,251900
65,238500
65,243600
65,233500
65,237000
65,238500
2,178600
65,234400
65,235200
2,188900
65,237800
8,335500
65,291900
65,243400
65,239400
72,419700
65,240800
65,236800
65,238000
66,264200
66,258900
167,1819800
4,236300
66,265300
4,232700
3,216100
6,287100
2,180800
9,367800
66,265000
66,259300
66,259200
66,270700
66,262500
526,1121000
66,263100
66,268900
69,341900
66,263200
81,707300
66,264800
8,371000
66,302500
7,409800
66,312300
66,304200
66,270100
311,312800
3,210500
97,1062200
67,287000
67,310800
2,187500
6,299800
67,298900
55,1549300
67,286000
67,310900
67,292500
89,863500
67,340500
1,214000
67,416600
2,178500
67,283000
3,204300
67,305900
67,284000
67,285600
67,293500
72,427100
67,288500
67,305500
67,287500
274,899900
67,284400
4,231800
67,306400
75,624400
67,293900
27,831000
5,261400
67,288000
67,425000
1,226200
3,234100
68,320900
7,381500
1,181400
68,323800
30,1000000
28,868600
68,319200
75,495100
68,318400
68,320400
68,313000
68,314300
68,315800
68,314000
7,318400
68,323500
68,314900
31,1222500
9,458100
68,352300
68,329400
131,374500
1,150500
35,1422100
69,413900
456,900000
69,345700
68,318800
107,1515000
69,533500
69,365600
69,375700
69,380700
2,200600
69,401100
2,183400
69,338800
69,347100
69,341900
69,354200
329,751500
160,1156000
7,312500
69,341000
69,340100
69,340400
125,207400
69,359000
69,338100
69,353800
2,178100
69,341400
69,446600
70,476500
70,368300
2,179400
70,365200
464,1105600
70,362700
67,291800
70,363700
19,655900
70,368700
70,397900
98,1186400
87,886100
70,367900
8,343200
28,1663900
70,504500
290,1488800
70,368900
27,819100
70,368600
70,376600
109,1373300
70,365800
70,369000
4,248500
70,398800
70,390400
70,403100
525,1189400
16,543700
70,353100
624,516300
70,366700
70,364200
1,144400
71,531600
71,423100
12,475100
71,395900
161,1160600
71,389800
71,413000
2,231000
71,511300
71,400000
285,1191600
4,234900
4,234000
71,495900
71,391300
71,391300
71,399900
71,396100
71,392300
71,392300
71,393300
95,1105800
71,399200
10,389200
22,816900
71,411300
2,181000
71,392000
72,416100
4,235100
4,241000
72,423300
241,2356200
4,233300
72,419300
72,422500
6,295100
72,417500
18,589500
72,448700
125,317300
72,533700
72,420400
8,333400
72,413300
72,430200
8,436800
72,430800
72,414600
5,259700
1,156800
20,648300
72,423000
15,521400
72,430500
72,418600
72,420100
73,442500
18,632700
73,487600
2,196300
73,483000
98,1104900
4,258800
10,434900
73,461000
163,1201500
73,442000
73,446100
92,939100
73,444100
73,445400
11,410400
73,482500
73,469300
74,466000
74,470400
2,183000
74,471500
20,652900
74,473800
74,479500
74,484900
74,468100
74,466200
1,144800
74,481000
153,960600
6,284500
74,598100
83,810000
113,1566700
74,715300
74,481100
74,482000
2,186300
74,464200
74,472500
2,176700
33,986300
75,490500
75,498900
75,504100
75,510400
75,671900
25,987100
75,499200
147,779400
75,521100
62,147500
75,496700
8,338500
23,722400
16,551000
76,525500
76,520200
76,529000
2,177400
76,551300
76,591000
76,776000
76,590300
76,521600
6,331700
76,532800
76,522800
73,447700
28,861100
76,519600
2,177500
76,518300
76,521800
76,530400
76,515600
76,535900
343,1429300
77,563500
77,555300
77,550300
92,932100
77,554100
77,541400
10,383900
77,602600
13,485100
77,546400
77,549700
233,1797300
77,568600
2,177700
77,553200
77,548100
77,542400
1,147400
77,573900
7,315100
3,205800
77,596200
77,559000
2,181300
77,547000
77,549600
78,606600
78,848200
11,571700
78,586000
78,569300
220,1089000
78,583900
1,151800
78,647100
78,575500
78,585000
118,1620900
78,727200
4,299600
78,644600
9,369900
78,573800
78,568500
78,572800
78,584400
78,573800
2,181400
79,597600
276,967200
79,603600
79,631300
79,600300
79,799000
2,183100
79,860500
2,185600
95,1013600
79,618800
12,449900
79,614800
79,720300
79,689600
79,585600
79,637700
80,836800
80,753300
80,880500
3,210300
10,402300
106,1671300
18,612600
80,632600
80,733100
80,643900
73,448200
80,620600
33,1190800
80,714400
2,185100
80,640600
89,863100
9,397100
80,635900
17,569300
66,262400
80,626900
80,789900
80,868800
80,664300
80,779400
54,1602700
80,630600
2,184500
81,650400
2,182900
81,657200
81,650600
84,745200
761,907700
1,148700
81,657200
81,696800
81,824700
81,734500
81,649000
1,148100
81,648400
82,683600
82,667900
82,942200
153,1138700
82,1084900
82,1018800
82,990500
65,316400
82,999000
90,1274700
82,1134500
82,981200
82,976100
13,654300
82,994400
128,363500
83,746600
279,1680900
83,975100
83,960000
4,326000
83,950300
2,237400
90,1258100
3,267000
83,981200
4,320500
83,1095400
83,994600
83,975600
83,1012700
83,873100
83,660400
13,752400
83,960900
83,743700
6,284800
83,708700
84,1012400
149,1018100
84,744800
8,336700
84,728200
93,961200
84,718000
84,880500
84,858600
84,729200
84,741900
84,742000
84,732600
108,1384100
84,741300
84,752400
41,1226700
84,788900
2,177100
23,861800
84,983300
22,752800
11,436200
110,1398300
84,736900
85,854400
85,761900
5,256500
85,1065900
2,189300
85,781300
85,750900
637,864900
39,1130900
85,758800
85,759300
4,233300
2,179000
85,781100
85,767400
85,1116700
85,825000
26,798000
85,754400
86,776800
86,790800
86,842400
2,182700
1,148400
86,773700
86,851600
2,175200
86,1079700
86,769200
5,261100
86,776700
86,775500
38,1115800
7,314000
95,1022900
591,1275700
86,781000
86,1141500
86,990100
598,1437600
8,359700
86,954100
418,1482600
86,829300
87,816100
87,873300
87,1008400
10,386100
87,809400
87,811500
1,149300
87,805800
1,146500
123,1751300
87,940100
255,560100
9,380300
87,956700
6,291700
87,1050400
87,813700
87,808500
87,839000
87,832800
545,1648500
87,805300
2,199400
87,1185100
88,831500
657,1438500
7,312700
2,184600
44,1282100
88,827100
88,955900
88,919700
235,1886000
8,342800
2,178400
5,267900
88,853800
14,494200
88,834500
14,492900
2,176700
88,830300
88,839800
88,916500
88,970300
88,855900
58,1625400
88,828200
9,365100
88,825700
16,618500
89,1171500
89,884000
89,1191600
89,886300
8,336800
20,639300
89,858700
89,864600
89,845500
89,857100
8,337400
89,850100
41,1419800
89,916800
89,853600
16,547500
89,861500
365,1813100
90,934200
90,948800
7,341800
8,337100
54,1804800
90,882100
1,146800
27,834900
90,874900
90,896800
90,883600
90,882200
13,487200
90,970700
6,381500
58,1638600
90,897200
4,231100
90,1099600
111,1604400
90,891100
90,892700
90,1048200
90,920900
124,181800
90,890300
2,185500
91,908600
91,919000
4,233400
5,256200
13,459100
91,915100
5,265500
91,1140100
91,1071000
13,492600
91,928100
91,1191200
91,958200
91,907100
91,919200
185,1809000
7,370700
91,978200
91,915300
91,933100
92,941000
9,366900
14,560300
92,937800
3,209700
43,1234700
92,1026900
92,1254300
762,915500
92,947400
92,943000
92,924700
93,964300
93,950700
93,961500
2,208700
93,1128600
93,960700
358,1520500
93,958400
93,982400
93,951900
93,998400
103,1439400
310,286300
93,953500
94,995200
94,981000
94,998700
4,232200
94,983600
94,996100
4,232300
94,1347400
94,989000
94,1043700
95,1005000
136,499200
95,1009700
95,1008000
95,1243100
3,276200
95,1210700
56,1622300
95,1009000
2,180300
95,1014800
109,1371200
95,1006700
164,1213400
95,1364400
95,1074600
95,1006000
95,1015300
95,1111200
95,1412200
10,394600
96,1066600
8,378800
96,1175800
96,1032100
96,1050600
96,1033700
96,1074200
1,148600
96,1034300
624,512400
13,468200
96,1267800
7,325100
96,1033500
96,1052300
96,1068700
10,426500
97,1047800
97,1061000
97,1071500
9,453800
11,742900
97,1065500
18,597700
97,1069600
98,1089400
14,495400
98,1090800
98,1114600
98,1455500
4,236600
98,1094400
318,477900
98,1440200
4,228400
98,1090500
1,144600
15,502900
98,1411500
8,328700
15,549900
98,1345700
98,1196800
98,1093000
151,1086600
98,1088600
98,1423300
98,1265700
4,286700
99,1467800
13,526400
35,1188000
99,1131200
1,147600
22,697000
99,1114900
461,1078100
4,263900
99,1248900
99,1130200
99,1113800
99,1116000
99,1122900
11,412600
99,1111500
99,1304600
424,1863300
99,1111700
99,1119600
99,1119500
3,201500
99,1140400
100,1153800
100,1257400
100,1132700
100,1149500
100,1456600
4,247100
100,1230700
101,1169400
101,1618200
101,1194800
101,1227200
101,1161000
102,1203100
102,1210200
102,1183200
5,301800
102,1404800
102,1211000
145,735000
102,1211000
102,1179700
102,1198700
102,1526100
1,208800
102,1200400
393,848800
103,1271400
103,1226400
103,1222100
52,1460600
103,1363300
103,1280700
1,161900
12,624100
103,1252000
103,1207900
4,236300
75,491800
103,1340800
7,319300
103,1387100
8,335900
103,1223300
103,1287600
103,1212800
2,177100
103,1215000
104,1248100
114,1677400
38,1154300
104,1250300
1,148800
104,1233900
104,1307500
104,1423300
104,1620000
379,520300
27,833500
29,891500
104,1287900
192,378400
104,1234500
5,255800
104,1269400
104,1768200
3,199800
15,670200
104,1244400
105,1264800
105,1544100
233,1430600
105,1498900
141,643800
33,992600
105,1311900
8,375900
105,1286300
19,660400
105,1264200
8,333800
105,1550200
105,1310500
3,210700
99,1106400
105,1727800
105,1426500
105,1294400
105,1400600
105,1257900
96,1041900
106,1349700
106,1280500
3,227600
10,389700
106,1330600
106,1549400
12,443700
6,284800
33,1029800
61,1767500
106,1296800
4,233400
106,1296100
2,186800
106,1404500
106,1354200
107,1374000
19,624400
107,1359300
107,1325900
107,1470700
1,194700
1,213700
107,1368000
2,198900
107,1728900
107,1339300
107,1315500
108,1374200
103,1473700
108,1407100
9,359500
117,1573400
120,1701200
108,1354600
375,407000
108,1503800
8,397400
108,1391100
108,1433900
718,1402800
55,1575700
108,1726900
108,1411400
108,1381300
629,630000
108,1419300
268,742600
108,1377700
519,1197600
108,1364900
108,1363200
48,1371700
108,1369600
108,1380600
109,1586100
109,1382300
109,1373100
80,650300
109,1372000
15,527000
109,2035600
3,246500
109,1614800
47,1420300
109,1448300
109,1368600
109,1360700
31,1089400
109,1367100
114,1537900
109,1389600
109,1602900
2,230200
59,2382900
109,1921100
109,1900300
109,1937200
110,1450600
110,2009800
110,1435800
110,2179800
110,1991200
110,1593800
110,1449500
110,1399700
9,351100
111,1415500
37,1065800
111,1423300
111,1668300
111,1464300
111,1712600
111,1891300
4,266200
111,1507000
111,1674200
3,203300
111,1473300
111,1457900
52,1549500
111,1436900
111,1681500
112,1468400
112,1785900
112,1461200
15,518300
112,1433600
1,143200
112,2041700
8,355200
112,1464400
112,1470300
4,232300
112,1463400
113,1521000
7,479800
113,1640500
113,1481400
387,696100
113,1516100
7,314300
1,152900
113,1487400
577,1223000
113,1928000
113,1541100
406,1174300
113,1469900
113,1649900
29,1258400
113,1602500
113,1481000
114,1501700
4,233300
114,1504600
263,915700
15,748400
114,1503700
114,1501800
4,233600
114,1575600
114,1558100
114,1990900
114,1885900
4,244500
11,433200
114,1851500
11,440600
114,1514300
114,1695300
7,314100
1,171700
114,1516200
4,234700
114,1499600
22,713600
114,1549300
54,2076600
115,1565500
12,432300
48,1404100
115,1559300
115,1594900
8,344500
13,600800
115,1567400
115,1530200
115,1523300
115,1691400
115,1559000
115,1750200
116,1594700
12,514100
116,1558600
116,1561400
4,235600
116,1959500
116,1542400
385,640600
116,1588100
116,1737900
156,1013300
116,1913700
116,1857500
2,168900
116,2453900
116,1549100
116,1690200
117,1654200
323,608400
117,1720300
1,155700
117,1679100
117,1558300
118,1779200
118,1592400
4,220600
118,1588700
118,1596600
10,382600
118,1693100
118,2198100
749,913400
31,1386700
118,2304500
118,2407500
118,1997600
118,1822800
118,1616300
119,1747800
3,247600
72,466500
119,1758800
119,1867600
34,1003800
119,1717700
4,233600
119,2077700
119,2071100
120,1673300
120,1712900
120,1754200
114,2057400
120,1724200
120,1661300
120,1687600
120,1800900
120,1657500
120,1694800
4,235200
120,1661900
121,1776900
124,187800
121,2240700
87,1051000
121,2319500
121,2322400
121,2409900
194,627000
7,439800
5,320500
122,1740900
4,237800
122,1714400
4,242000
122,2049900
18,609200
122,1741700
1,151600
122,1723600
2,186500
122,1712400
123,1974500
123,1774600
123,1738000
11,413800
123,1734600
394,1015100
123,1979200
123,1877300
123,1755700
230,1364900
123,1768800
492,2227400
3,212900
6,291800
17,580900
123,1716300
124,240100
3,210400
124,199300
4,334000
25,876700
124,185400
9,362700
124,182300
125,207000
125,208800
125,254100
125,236900
125,223200
