25661
1590517
363090373200
1411
425075900
424530700
461797800
434791700
438790000
432453700
434548300
430637100
443197800
435045100
434600900
451366600
431897500
439660900
463383000
436806000
422453500
482290800
440387200
433097400
431112600
428702200
432477100
419049600
434864200
483464000
426402400
427867400
441304000
436434300
432840400
431672700
428040500
426543100
482553500
431826400
430588800
465374000
432823600
424198400
427003200
436552700
431444000
431639300
433110900
426449800
421302900
426397600
433769000
460169000
427819800
428458500
429497900
436718300
441544100
492871600
431253100
427976000
427745900
438786400
494624300
440378800
428893600
426612900
438830100
434848400
434991800
427264800
430709900
441724900
424440300
431108900
457274600
431982300
438758700
426806700
438793600
428335400
429721400
432878900
427561700
424327900
429493300
421325000
452038200
431808800
434999000
427981800
439682800
435922900
433335000
426768300
431150100
429015400
435520600
450278600
450453600
427944300
422216900
441598700
434484900
428929400
425447900
428326200
434756000
430212400
428782800
429235000
453736700
439952800
434417700
458246600
429009100
432142400
430261000
428598000
429251400
428882000
432284600
427486600
502774900
427589000
449937100
432740900
434083100
428003200
425819100
420019000
431912000
458145300
442205400
434879000
449540500
429777100
436412600
417129000
427869400
434661700
427777200
429449200
432686800
423615500
423306100
437026500
455144400
446006200
439066800
433371700
430437600
419435400
431233400
428810000
428270300
426046600
425801700
447385700
427030700
431714900
426439100
428000300
445896300
429882400
419792000
427065500
444967200
459641600
429561700
441434300
441118400
425483300
435678300
426519700
428107100
428800000
427974200
435243400
421467300
426519900
427958600
457282600
445349900
430621700
465051000
431924200
429981000
433343000
427240400
431522100
427011900
427853400
432220700
457216900
428184400
434766400
429562300
431017300
430411200
425613200
428628900
444004000
440727100
429608800
432055600
467038600
425595100
440130900
421507600
430433600
429566700
427456300
436811500
431304000
427180900
421172600
451277600
478989100
427368300
430819000
424970800
433796300
431465500
442502700
427251500
428649100
434723500
427054200
442204300
458475600
427746600
434145100
429667400
432870300
428641700
429515400
455360000
427171600
438214200
444496500
462009600
439530400
436096700
438269600
434120700
435431200
425674200
429677400
435628700
498294600
427969100
431691400
443629500
429298700
426605400
432717200
428112100
429736500
438330000
430776300
505188600
420433500
444444400
438928500
456134400
432334900
429312600
432574300
438404600
421197600
426453100
444154700
429190600
442955600
447311700
429918800
458789800
431055600
431948700
429450400
430855300
428242600
425363000
431447600
430154000
454515700
431439500
450858100
445622900
431295600
427023200
429703500
424543900
440188600
429098100
431980300
437017700
426324700
436109200
447272800
430308600
429733500
426751900
438306500
425930100
426653400
450099300
432516700
444316200
430807100
431955700
502002600
434603900
441087400
426878400
427896700
427583500
441320600
435189200
433182100
426501900
427265500
424726000
477013000
428255900
426359800
434508100
441194300
434966800
419048100
424320700
455054100
447757400
571810100
561196100
461196100
428383400
521468300
484824000
456505400
426715300
438735300
444772000
421043500
428523100
427160600
463634400
435468300
435873500
428494300
430588800
425144000
433500900
441241100
428273300
432373500
427003600
417360200
468662600
426481300
430356200
429929900
430366400
433922000
422398900
436052600
424170300
432323000
434384800
437194800
445249600
419957200
437741100
433760700
455602700
430197900
469387700
430897100
433017100
422705900
425749200
465385500
434509600
435051000
429031600
425932700
428704000
426959300
439883900
426448600
428737600
440235100
430589000
466587600
420641100
422622600
423938200
427819200
435361900
434662600
432989800
452192700
435348600
431780700
426256800
466434100
437286500
427321100
435159100
456525000
432263600
423020000
435566500
431839500
433053300
426098100
432177100
453523100
431796400
427174000
427530500
433404000
436749200
441212100
422866900
425946100
426691800
428982500
434798700
454404500
431073100
421894400
425718300
433583400
450460500
436370600
427826700
429674400
466709500
474836600
440505400
433528000
439402400
430464400
443421500
434879000
429539400
430866100
427705200
432425000
427845500
428824200
455221400
440914500
427814700
425550400
435933100
428376800
436514800
436968800
436267600
429295600
420798300
430185900
452210700
427290400
427460500
428273100
452247700
424627300
430961000
428956300
432290700
433115600
434837500
430093500
448260700
432110300
428292200
457711600
430910600
426220300
429671700
425078600
436948300
425973900
426855200
428492600
469902200
439263600
428466700
429141900
426554000
434094500
433721800
433579900
431892600
424061100
430582800
431524100
460806400
429361600
431816400
430671400
478952300
426639400
429433700
430134800
430271700
438442900
438811700
431276700
447126000
430238400
463815400
437362200
433976500
430073500
426924100
421557200
438291900
430273600
427108600
433659000
452061000
437175500
429780400
425807000
426844000
439647700
430475500
425967000
430416000
420782100
431580000
456450600
435036400
437212200
428143000
430407100
424599300
425038700
431329600
426877900
437667400
450547000
450350700
473493300
453439300
438312200
449653500
452341500
445555100
441671300
453014000
439772300
440749700
444394600
438195000
482523700
450349000
447908900
442594300
447382300
447477500
443055900
447871900
437849700
508625100
452839200
484968800
458742400
444773800
445058900
446247100
444873500
443086100
436403200
436080000
465972200
448566700
456514800
474819000
446691000
593868200
607774500
539913000
448545900
486437000
518922100
461330400
443192300
491316100
447383400
445375300
443827800
449958400
450391900
440135400
444664700
444308900
445120100
447913900
504706700
448086200
446756500
440200100
456538300
435556900
446682600
441646600
443801500
452440300
446672800
483668800
479750400
442513700
443899400
437515500
442206400
445672800
450984400
457513100
447424200
441589800
455866200
485352900
436445300
443195200
469328000
444051000
450079000
443905600
445674700
441196500
441930600
457488600
439990300
461254700
446901000
449330500
452855000
440874700
447196100
443290300
442014400
440611700
450538000
469078700
502661500
447896600
457298600
444560600
449973500
441337000
435576700
449149400
448007700
446685300
442447700
459193800
475377100
447746600
443260200
439586800
442645000
451889400
445991200
453275500
464340600
450618300
447369500
472208800
447533900
440763600
454555200
447456800
440625700
444716800
446936900
476341500
444495700
472317900
482605600
445165700
442124900
442835900
449720900
445063200
445093200
450834600
460783700
449977400
440671300
524717600
477078300
435722100
442629300
440633900
494865300
516792500
427192900
432361800
427414100
430217400
426522200
469205900
426808500
430347800
439811800
433827000
439546200
428846900
418282300
435806700
428432700
464310100
425897400
460137900
441388000
425849600
424193300
434019300
430940100
435984500
427267300
429354400
425013400
429895100
431654100
463444200
425360600
426164100
430695500
427785100
424150500
426670800
430215300
431947300
429503400
434127500
426626600
451744600
428229500
425963100
430483300
430908300
430374100
453257900
419222800
440914700
446237100
428435900
429523000
450729400
440766100
465859700
420059500
423728300
434616200
454427800
427870900
424518400
421914300
430666300
453605500
440215400
424056800
432270600
431379400
424543500
436277300
435006000
427657700
430399200
435882200
429718700
445208900
423503100
426493000
430082400
428959500
427410000
430460200
424827700
438336100
444655000
427294200
424035200
515349600
531893600
561879700
431172900
433117900
557086600
439094200
430645400
416732600
431479100
425286700
469364800
430449400
431659500
426220500
425832800
433287800
425949600
440640100
435296600
433586100
436434400
426915900
459458900
433168200
430965700
430265000
433188700
432892200
426932000
438147500
518101200
527981300
418216200
436311000
448444600
431351300
434966700
428881200
436901900
427358800
434820600
434127600
429822400
436295800
432254500
452853100
445210800
429483700
434062500
435355200
435549300
429599900
429093700
428721900
426281300
433006500
427911700
455087400
427692600
430963000
437262200
460738900
425869200
428893500
457205700
436456700
436391900
456077500
444811100
457453300
430251300
431716700
431973600
431898700
428006900
436599500
425010200
422054800
428960300
427609800
433504300
461617400
435232600
443003000
439477600
440551800
430692700
434985700
433228000
441926900
560263000
622645400
512730300
429198000
481680500
469813400
436799600
462253200
451929100
428925600
424670200
430983100
439826700
456254200
450708000
451971900
431780900
423002700
428515000
446969800
432264500
433123100
437782200
430272100
432876600
459061100
431853500
434242400
429748400
438614800
432675600
442032100
421627400
431480600
439079400
428813900
433795200
467638600
447012100
440570500
431331400
434162800
445840900
429088200
447898800
429233600
428212000
420462300
433827500
465790600
431864000
426949700
442248300
428493900
436591700
427043400
434120400
436958200
430931600
436485200
433240300
466702500
427879200
431121600
440374400
434447500
476662400
439499500
431325400
441589200
419393700
428644800
458496600
433678400
435485600
430976000
431900900
438822500
434315100
436196100
432214300
431459700
439044900
429596900
485022700
431006300
433911700
427658900
427816400
435147300
429717500
420614300
427012500
430024700
432114000
435531300
457288200
428081200
419278100
433877600
438292700
432331100
430287000
434448600
435567800
434148100
432669200
441032200
457166800
429213200
439482700
427330200
434044800
435528500
424859800
436937300
430707500
434764100
429398300
422432400
466737700
436425200
435366900
434123100
437266400
437393900
440541600
422459200
503938100
440259400
448784000
456932100
428944400
429589100
429743900
433123400
428093400
447030100
435762700
432211700
440562800
452266700
431870200
453729000
428454000
444604400
447657300
492214800
494307600
587142300
440141400
433456800
549777400
450339100
458848800
435068200
430608900
432176900
425767100
437532700
427763000
431857900
432196800
436431800
438223300
427652000
469468700
435930500
437831200
437091700
438310000
435336900
432385600
423803200
440590400
450270500
433211600
433168200
448942800
433000400
445687900
429361400
429167700
435520500
435897800
431112800
439262700
431807200
423734100
449732800
439636100
438672800
432961900
476144200
436889000
432650900
422421700
447662700
432700300
434998000
430942300
461182800
427429400
425875800
437963400
435622400
442080600
437851000
431564400
445977100
434699700
435401800
436645200
465265300
449455300
471226300
447203900
429226700
430279100
438555500
425388400
434667500
432258800
427778300
433922900
459689900
433424000
422925100
442090500
440983200
438308000
444446100
454443400
430396800
437852400
423715400
457699900
434107200
432864400
436908700
429271700
430675600
426363900
443351600
438838100
430014000
429946600
430208700
456014400
453707600
425834400
435117500
435584400
430417300
445345700
506532600
436198900
430937300
427624500
427543500
468892400
431790800
428349700
427846200
433998000
426887400
430048600
436156800
429411700
431269000
439614800
435125600
465950700
456875300
519574900
543746400
604119200
437860000
443950600
524749600
433549300
423591400
471011400
449214500
434016300
438398000
429546400
430027900
441918400
435026500
430533700
429124400
439063100
432070400
468437800
437314700
433907800
439429800
438263000
439195000
431350000
431272400
440249800
439301700
439666600
421663000
460843500
428974800
428843000
438290100
446855700
433056600
422983000
432172500
440803300
432704800
442771800
457570600
470162400
438003100
507811200
434190700
429529700
431246000
426590300
429708800
429774500
430546500
421001500
460163900
426577900
425216400
429221500
436451000
437479200
421423300
428389800
434177900
429236600
452982400
428524900
458612600
440026600
447540600
447340200
440689900
427853100
430471700
428250200
434841800
422146500
421244700
458753100
446648200
433098200
427896100
443987100
436214700
426935400
429980400
428825400
427315400
429801800
427960400
435507500
433056700
427269900
426550800
440542900
433442400
426453300
427001300
424990300
425863100
434883600
431655400
494014500
454489000
428526900
440933100
469173100
432209000
430526300
433854800
435603900
429822700
425234100
451420900
461178000
442567900
433254000
427185000
428622400
435633400
435856100
424131600
433233600
427609300
427757000
431118700
460112100
425853500
422351200
428733000
437296800
427244000
433294600
427118000
428054200
428802100
431990100
427246600
473570900
435269500
443936300
428213900
426141700
427811200
425545300
436192000
436355100
429366000
467549400
439583400
472131900
434548400
432775700
432269400
437157800
436667600
430699300
434527100
418875600
428299400
424862800
431750000
459767000
428912000
427748300
422917000
434038400
426241500
426220200
429975300
427665500
452970300
418251000
428080900
458007500
435756300
434345200
433799700
420652900
427293800
434315400
431205000
431556400
465485300
428483300
435609100
472084000
424051600
424540200
428937300
431953500
436217200
423113300
419943800
429673100
425872500
439872900
451722600
445770900
433875300
428605100
429654700
423142500
430949100
429787200
426382000
443038900
429253200
424628000
473188700
436324300
434245800
431305100
432545600
427759000
425153400
434913600
437720500
446525000
426469300
443411100
454205400
428927000
418892400
430097000
433056500
433681700
439288900
430569000
425511700
425126000
432335400
442300500
459198600
429607700
430106600
501616800
429591000
422104500
426749600
430567700
453444300
431395900
444895900
441897200
464998500
425963000
429084400
433638800
431271100
431144500
439748100
456404700
423756600
432180300
433638300
429082100
473376700
426273600
706,7268600
705,826200
705,1017500
705,1024300
705,1053300
705,1232200
704,967600
704,1075000
703,1076600
703,1223900
699,888600
699,862400
698,839300
697,822900
697,776300
696,791600
696,761100
695,736400
695,798400
694,723700
692,674300
691,923500
691,752800
688,678200
688,658300
686,600500
685,503300
685,488500
685,491600
684,542400
684,514800
684,523000
683,445100
681,2017500
681,2290500
681,1968100
680,1956700
679,1962000
677,2226600
677,2241400
676,1889900
676,1896000
674,1821000
673,1775900
671,1919400
671,1721300
668,1799000
667,1606600
667,1690500
667,1618600
666,2010500
663,1567600
663,1505800
662,1533100
661,1447500
660,1454600
659,1638300
659,1417800
659,1476100
658,1365200
658,1370000
656,1387700
656,1327100
656,1507900
655,1309200
654,1264200
652,1215300
652,1515800
650,1208800
650,1230300
650,1190800
650,1407100
649,1268000
649,1162200
649,1306500
649,1150000
649,1187800
648,1148300
647,1083600
646,1266200
645,1210100
644,1000800
643,1110200
643,982900
642,1005300
641,926700
640,909400
640,982300
640,908200
639,1156900
639,928300
639,945300
637,853900
635,821100
634,737600
633,734700
631,766000
630,693700
629,633500
629,670100
629,607800
628,611000
628,776300
627,558500
627,555200
626,545000
624,473400
623,451100
623,554900
622,428200
620,379600
619,1983400
619,1994600
618,2110500
618,2059300
617,1986200
617,1871600
616,1872600
615,2098800
615,1838200
613,1766700
612,1761400
612,1841800
612,1974000
611,1926500
611,1714600
611,1715400
611,1805500
610,1696000
610,1822900
610,1672000
609,1872800
609,1801500
609,1663500
608,1636600
608,1812400
608,1624500
607,1664000
606,1595500
605,1600700
605,1555400
604,1972500
603,1497200
603,1524900
602,1556300
602,1487800
601,1434700
601,1801400
599,1488900
599,1462600
598,1389600
598,1881800
596,1419200
594,1454500
593,1346400
593,1323200
593,1291000
593,1237900
592,1284200
592,1254900
592,1233100
591,1362600
590,1290700
590,1265400
589,1239500
588,1143000
587,1173500
587,1118000
585,1066900
585,1343500
585,1075900
585,1063000
583,1032300
582,1018500
582,1048800
580,989600
580,941900
580,1181800
580,962700
580,1162500
579,921900
579,902100
579,907100
579,958800
578,872600
577,935500
577,850500
577,913200
576,828400
575,873900
575,1032500
574,786200
574,767700
574,901900
574,842400
573,733100
573,797400
572,727100
572,771200
572,719600
572,706800
572,729600
572,949300
571,697600
571,704000
570,684800
570,659100
569,664000
569,636700
568,606100
567,611500
567,577900
565,628500
565,545300
565,534100
565,688400
564,641100
564,858200
562,464000
562,462200
561,448500
561,429600
561,431800
560,475200
560,464300
559,380100
559,471100
558,345500
558,350600
558,407100
556,1894900
556,1859000
556,2175700
556,1877200
554,1983500
554,1828100
550,1702800
550,2138200
550,1750300
550,1756100
549,1695700
548,1652900
546,1859800
546,1727400
546,1617100
546,1629400
546,1622600
546,1697200
544,1683000
544,1563500
543,1525300
541,1493000
540,1908600
539,1912000
538,1870700
538,2146900
538,1604900
537,1920600
537,1848200
537,1733900
536,1925500
536,1355200
536,1418000
535,1357500
534,1300300
534,1372900
534,1589600
534,1310500
533,1267100
532,1313300
532,1248300
531,1326400
531,1267800
531,1349700
531,1322400
529,1185700
528,1184700
527,1167800
527,1138400
526,1107200
526,1129800
524,1062600
524,1271900
524,1156600
523,1165400
523,1081500
523,1028000
523,1136200
523,1021300
522,1001000
522,1087300
522,1196200
521,987100
521,983200
521,969400
519,954000
519,936300
519,924100
518,904600
518,959300
517,1002700
517,1079600
517,896600
516,842600
515,804500
513,784000
513,856300
513,755000
512,737400
511,701300
510,719900
509,870500
509,668700
509,735500
508,697800
508,639300
508,639000
507,610300
505,553200
504,766900
503,829500
502,568800
501,533900
501,466300
501,453600
500,423200
500,428700
500,438800
500,483400
498,383500
498,391800
495,2104100
494,1883900
494,1863400
493,1829800
705,990700
492,2181900
491,1992100
491,1887700
489,1739100
489,1721400
489,1867400
489,1818900
488,1685000
488,1882600
488,1752400
487,1694800
487,1940300
487,1656100
487,1653500
487,1783200
486,1633900
486,1607200
486,2565500
486,3700600
485,1654100
485,1769000
485,1826300
484,1581800
484,1592600
483,1608500
483,1702000
483,1723200
482,1580100
482,1547100
482,1544600
482,1516800
482,1539200
481,1507900
481,1815400
481,1526500
480,1620000
480,1568600
479,1446100
479,1462700
479,1821900
478,1422500
477,1473900
477,1427700
477,1399600
477,1532200
477,1423600
476,1518700
476,1363100
475,1357100
475,1363300
475,1386900
474,1361400
474,1385300
474,1672200
473,1371600
473,1782500
473,1334800
473,1366100
471,1279000
471,1405600
471,1256100
470,1218700
470,1229100
470,1241600
469,1218000
468,1225000
467,1139000
467,1536700
467,1155000
466,1124500
466,1136700
465,1139700
464,1104900
462,1048400
462,1190400
461,1334700
461,991100
460,1016400
458,924300
458,987500
458,915400
456,1281200
455,976300
455,886900
455,864200
454,1219900
454,838900
453,830200
453,800300
452,773700
452,779600
451,744700
451,841300
450,770900
450,720600
449,690500
449,710800
448,826200
448,711300
448,775600
447,658400
447,642100
447,637800
447,649500
446,608300
444,562600
444,572600
443,536400
441,481900
441,484200
439,440200
438,453800
438,460900
437,489800
436,431800
436,358200
436,349900
435,324600
435,336100
435,322900
435,336700
434,304000
433,1856800
432,1879700
432,1919300
429,2052200
429,1764700
428,1814700
427,1921100
663,1469100
427,1798900
427,2100800
426,1817900
426,1682600
425,1705200
423,1623100
423,1739500
422,1592300
422,1582700
421,1572000
421,1565300
420,1578500
420,1787200
694,840900
420,1500800
420,1546000
419,1487300
418,1456700
418,1531700
417,1833900
417,1495900
417,1490900
417,1503600
416,1631400
416,1422500
416,1496900
416,1426800
415,1372000
415,1382600
415,1383100
414,1342000
414,1407300
413,1608700
413,1503700
412,1313100
412,1335900
412,1318800
412,1307000
411,1301000
411,1443300
411,1342200
411,1301800
410,1312700
467,1254900
410,1263400
410,1433700
408,1183000
407,1336900
405,1111200
405,1089600
404,1118500
404,1094400
403,1135000
403,1084700
403,1121100
403,1064800
403,1350600
402,1080600
402,1208800
402,1113900
401,1012500
401,1034800
401,1023100
401,1055300
400,1055100
400,1400000
400,1025300
400,1037600
400,1050700
399,970200
399,980400
399,971900
399,997000
399,1067700
398,1123700
397,917700
397,941500
397,910000
397,922100
396,962100
396,929600
395,865200
395,954400
394,839600
394,839600
394,1206400
393,819700
393,834300
393,855100
393,830400
392,876200
392,878100
392,814000
392,797100
391,799500
391,836600
391,937400
391,808800
390,764500
390,742200
390,768100
390,757600
422,1549600
389,726100
389,715700
389,772300
388,691600
388,741900
388,702900
388,900200
388,742200
387,654800
387,658400
386,632200
386,717300
386,625900
386,638100
385,614700
384,580300
384,589500
384,684300
384,580100
383,548200
383,675300
383,577500
383,550700
382,544800
382,519600
381,643600
381,511700
381,506200
380,479900
380,491800
380,476000
379,586600
379,467400
379,455100
378,429300
376,386200
375,349000
375,372000
375,347300
374,325600
374,423600
374,468500
374,408100
374,327300
373,301000
373,331000
373,367900
373,298500
372,299300
372,265200
372,264900
372,269900
370,1773400
370,1797500
370,1837100
370,1965200
370,1987400
370,1774600
369,1747800
369,1808400
369,1967600
368,1759400
368,1742300
367,1692700
367,1718500
367,2110500
367,1882400
366,1717200
366,1691100
366,1685200
366,1698300
365,1933500
364,1708900
364,2015400
364,1624900
364,1647000
363,1628400
363,2032000
362,1581900
362,1581000
624,483100
362,1573000
362,1689800
361,2340200
361,1584400
361,1601600
360,1977300
360,1538300
360,1565000
360,1663900
359,1506500
358,1497000
358,1567500
358,1686500
357,1920800
356,1634100
356,1552000
356,1528500
356,1468100
356,1425600
356,1433000
355,1409500
355,1922000
355,1850600
354,1397100
354,1370400
353,1408800
353,1709300
352,1620300
352,1325100
352,1330700
352,1325800
352,1430400
352,1355300
352,1387800
351,1751900
350,1550400
350,1793400
350,1332900
349,1291500
349,1257800
349,1469400
349,1315200
479,1609200
349,1404300
348,1468300
348,1565000
348,1298300
347,1308300
347,1212900
347,1241000
346,1181400
346,1183000
346,1194900
346,1181000
346,1220200
345,1675000
345,1149000
345,1139000
345,1162500
344,1120900
343,1089600
343,1115000
343,1104500
343,1580400
563,544000
343,1099400
343,1400900
342,1395300
342,1148600
342,1090400
342,1098700
342,1315900
342,1132500
342,1090200
573,738900
342,1092000
341,1040800
341,1069300
341,1094600
341,1068500
341,1075400
341,1739500
341,1058800
341,1048200
340,1032500
340,1021200
339,1010100
339,1016000
339,1029600
339,1139800
339,1207200
339,1007200
338,1044100
338,1036500
338,1022700
337,1065100
337,990900
337,980200
337,1145300
337,978900
337,983500
336,1003800
474,1325100
336,925500
336,1165400
336,939000
336,916200
335,902300
334,1100600
334,882200
333,838400
333,1151000
333,847000
333,874900
333,897300
333,855600
333,836900
332,829300
331,808600
330,971800
330,778900
330,765100
329,802200
329,735700
329,733800
329,781900
328,715700
328,710100
328,733100
328,722400
327,807100
327,828400
327,882700
327,708100
326,661300
326,662400
325,645200
324,608000
324,607200
324,610200
323,634400
323,576300
322,565300
322,612400
321,552100
321,526600
341,1729100
321,580300
320,497400
319,471900
319,614200
319,641700
319,537700
319,500400
318,699100
318,509100
318,485800
318,455700
318,458500
318,467600
317,434100
317,437100
317,452900
316,408000
315,449400
315,600900
315,453300
315,389600
315,376600
315,387800
314,353000
314,362300
314,366800
544,1626300
314,445500
314,354700
313,346200
313,332100
313,326500
313,358800
313,335800
313,319300
312,318900
312,299800
312,308300
312,294000
311,281300
310,315500
310,318000
310,309600
310,320600
309,2645300
309,1862200
309,1786000
309,1792900
308,2093700
308,1775200
308,1764200
307,1963500
307,1724300
307,1980000
306,1765000
306,1788300
306,1733100
305,1680100
305,1747900
305,1898000
305,2157400
304,1651300
304,1734000
304,1656100
303,1794000
303,1612500
303,1639000
303,1601800
302,1601500
302,1901400
302,1720300
302,1590200
301,1569700
301,1655500
301,1566200
301,1586200
301,2064800
300,1543600
300,1711000
300,1550300
300,1548700
300,1557800
300,1759500
300,1552200
299,1656800
299,1890600
299,1562000
299,1530200
299,1824200
299,1610000
298,1554500
298,1508800
298,1550700
297,1508300
297,1637800
296,1440800
296,1450400
296,1556100
295,1530500
295,1423500
295,1446500
295,1686200
295,1427500
295,1452100
295,1438300
295,1474100
501,475300
294,1495800
294,1532900
293,1523000
293,1380500
293,1376100
293,1471300
292,1348400
291,1340500
291,1469800
290,1319300
290,1323900
290,1298200
289,1316400
289,1435400
289,1282400
289,1279700
310,348400
289,1390200
288,1251800
288,1232500
288,1240200
288,1254100
287,1254900
287,1292200
286,1318600
286,1371700
286,1334500
286,1186000
285,1157100
284,1182900
284,1157100
284,1292100
283,1305900
283,1107900
469,1194200
283,1097300
283,1119400
283,1123000
283,1272000
282,1151200
282,1360200
282,1119200
282,1105000
282,1134000
282,1155500
281,1051300
280,1053900
280,1044600
280,1072800
280,1334300
278,989700
278,976500
278,1089100
278,1023200
278,983200
278,1020900
277,996500
277,972800
383,650600
277,1089700
276,964800
276,1011400
275,1013700
275,921800
274,914600
274,885600
274,900000
274,896300
273,951800
273,1221100
273,906700
273,866200
273,874500
273,854400
273,923500
272,846500
272,832600
272,844200
272,846100
272,851400
271,1110000
271,832200
271,828400
271,827100
271,873500
271,806200
628,596600
270,1116200
270,812100
270,791700
269,863700
269,906600
269,897800
268,811300
268,735300
268,852400
268,735600
267,711600
267,725800
267,710200
267,709100
266,701500
266,684900
266,689200
266,843300
266,768900
266,923100
266,744100
266,739300
266,681600
265,654700
265,668900
265,659900
264,627500
264,635700
264,780900
264,635400
264,634700
264,942000
263,634400
263,627600
262,581000
262,573100
262,581800
262,581500
262,634100
261,558800
261,544400
261,545900
261,548600
261,741300
260,641200
260,525600
260,529700
259,708300
259,513500
259,620700
259,518600
259,499400
259,494300
258,487500
258,520400
258,481000
258,473800
258,485000
257,441300
257,454600
257,492100
257,456300
257,451800
257,498600
256,475600
256,419100
256,547300
255,554100
255,412400
297,1502500
255,600800
254,561400
254,389300
254,370500
254,374100
253,339500
253,348100
253,345900
253,346300
253,343400
252,319800
252,321800
252,329600
252,315900
252,313900
251,298600
251,296100
251,300200
251,304300
251,413800
251,394900
280,1047400
251,324100
251,291800
250,273000
250,274100
250,266200
250,276900
250,277600
250,320900
250,275300
250,325800
250,269500
249,242300
249,244200
249,245500
249,238500
248,211900
248,214600
247,1826800
246,2019600
246,1747600
246,1719800
246,1693700
246,1713100
245,1679600
245,1905800
245,1732200
245,1747200
245,2113400
245,1691800
319,544300
244,1898800
244,1665300
244,1673600
250,268800
243,1636400
243,1661000
243,1681700
242,1880400
242,1677300
242,1623800
242,1681700
242,1630500
242,1627100
242,1816900
242,1685500
242,1654200
242,1658600
242,1792000
241,1595400
241,1970500
241,1670100
240,1620400
240,1565900
240,1586000
240,1581500
239,1877500
239,1721900
239,1628900
239,1546800
238,1872500
238,1980800
238,2027600
238,2011700
238,2198100
238,2980900
238,2129900
238,1947300
237,1693200
237,1576300
236,1503300
236,1727800
259,538900
236,1526000
235,1513900
235,1654100
235,1493200
235,1682400
235,1573300
235,1493000
235,1493700
235,1455700
235,1503900
235,1637300
235,1594500
234,1620700
234,1615400
234,1750500
234,1386600
233,1663000
233,1522800
233,1396300
233,1441600
233,1396100
233,1593200
233,1466200
232,1515000
232,1448600
232,1369900
232,1386200
232,1414000
232,1375500
232,1384700
232,1661000
232,1430600
231,1776500
231,1337900
359,1501600
231,1346200
231,1370100
231,1506900
231,1334100
231,1333500
231,1335600
230,1354500
230,1318000
461,1040500
230,1766400
230,1314800
229,1285400
229,1301900
229,1341400
229,1270000
229,1606100
229,1402600
228,1358200
228,1255600
228,1265500
288,1622700
228,1627400
228,1274700
228,1463800
228,1310100
228,1311200
228,1295000
227,1255200
227,1227000
227,1230700
227,1241400
227,1471200
227,1320900
227,1232600
227,1315700
227,1260000
226,1252300
226,1196600
226,1357400
574,826800
226,1292800
225,1181300
225,1174400
225,1230600
225,1266000
225,1181300
225,1170500
225,1388600
293,1377200
225,1169700
225,1184200
225,1236500
225,1242600
225,1192300
552,1832600
224,1179400
224,1278300
649,1127400
224,1186800
224,1150400
224,1143600
224,1216400
223,1680600
223,1161600
223,1121600
369,1786100
223,1136200
223,1147000
222,1174500
222,1416300
222,1237200
222,1113200
222,1164700
222,1104600
221,1073200
221,1082100
221,1071800
221,1102000
221,1075900
221,1608600
220,1308600
220,1378700
220,1107900
220,1099500
220,1126500
220,1041400
220,1148000
220,1239500
219,1056000
219,1029700
251,302000
219,1159600
219,1041200
218,1053600
218,1038100
218,1144300
218,1431900
218,1051400
218,1010700
218,1016000
518,887400
217,1053000
217,1037700
217,997300
217,1015800
217,1293200
216,990800
216,974800
216,955000
216,1014500
216,1255300
215,957600
215,948500
215,1370500
215,1078600
215,924800
215,929500
215,938200
215,929000
215,947600
214,901200
214,921900
214,929000
214,960300
214,1327500
214,1613500
214,972900
214,1013400
214,957300
214,929000
213,891100
213,888200
213,883800
213,1238700
213,904300
213,901100
213,886400
213,898600
213,894800
212,864700
212,1132000
212,892800
212,926300
212,1033100
212,955800
211,837400
211,1033200
211,856100
211,841600
211,846600
211,835200
211,839100
210,808900
210,818600
210,998400
210,936700
210,913800
210,958700
210,951300
209,829400
209,780000
209,996200
473,1260800
209,755000
208,749500
208,878900
208,880000
208,851000
208,763500
208,760800
208,765100
207,760900
207,726700
207,723400
207,768900
207,872600
207,779100
206,745200
206,952300
538,1408500
206,720300
206,703500
206,721000
206,783300
206,723800
206,713000
206,699500
206,716800
205,724900
241,1888300
205,684700
205,737900
205,682100
205,675300
205,853600
204,684700
204,663700
204,657400
204,660200
204,665100
204,660700
203,629200
203,726900
203,835400
203,748200
203,632600
203,664500
226,1220400
203,662400
203,648600
203,637900
203,628800
203,663200
203,644800
202,604100
202,593600
202,687600
202,696300
202,610000
202,607600
202,592500
202,602100
201,566000
201,579600
201,568000
201,576400
201,661600
201,575800
201,576100
201,698900
201,569400
201,578400
200,566200
200,802300
199,522200
199,525900
199,553300
199,544600
198,498500
198,491900
198,581100
550,2193000
197,471400
272,852900
197,536900
197,469800
196,578800
196,530500
196,509200
196,445400
195,422300
195,430000
195,420400
195,417400
195,420800
195,421900
195,432900
195,426300
194,484200
194,413500
194,409400
194,397300
194,390800
194,392700
194,404400
193,380500
193,368200
629,670000
193,492300
193,463200
193,456600
193,409300
193,370900
192,344200
192,355800
192,339900
192,384700
192,357000
192,344600
191,320500
194,568300
191,341400
191,320200
191,317000
191,314400
191,347900
191,325800
191,326400
191,317000
191,319200
191,317600
190,328600
190,351600
190,292300
190,293200
190,393800
190,375900
190,302400
189,261700
189,269500
189,281100
189,270200
189,267100
189,266400
189,277300
189,282300
189,262700
218,1076000
189,269700
189,293400
189,271300
188,243900
188,236700
188,239500
188,244600
187,214100
187,220500
187,241000
187,248600
187,207500
187,220000
186,183400
186,235800
186,183600
186,179400
186,190800
186,177400
185,1864600
185,1714400
245,1712300
185,1698300
185,1705900
185,1783800
185,2035700
185,2074400
185,1702900
185,1701500
185,1695200
184,1982000
184,1683300
184,1706900
184,1699900
184,1678700
418,1990100
184,1963100
184,1728400
184,1724800
184,1689400
184,1761400
184,1972800
183,1780400
183,2009500
183,1792500
183,1689500
183,1748000
182,1941000
182,1664600
182,1629800
182,1620000
421,1576300
182,2324900
182,1656600
182,1641600
182,1679200
182,1697300
182,1655700
182,1767800
181,1610300
181,1605300
181,2041200
181,1601300
181,1601000
180,1778900
180,1626200
180,1670400
180,1600800
180,1582100
180,1566800
180,2085300
180,1582100
180,1590300
180,1599000
179,1603600
179,1560100
179,1892600
179,1615500
179,1564800
179,1582100
179,1841900
179,1580500
179,1851400
179,1596200
178,1533800
178,1551900
178,1574700
178,1525800
178,1716300
178,1571200
178,9831500
178,1579500
178,1531800
178,1548200
177,1689600
328,887900
177,1535800
177,1486800
177,1538100
177,1488900
177,1522900
177,1502000
177,1904500
177,1534400
176,1631600
175,1521800
175,1470300
175,1475900
175,1599100
633,787700
175,1440100
175,1447300
175,1467500
175,1577800
174,1402900
174,1916100
174,1437300
174,1471100
174,1437600
174,1436400
174,1450000
174,1796700
174,1875500
174,1876300
174,2018900
173,1415600
173,1490500
509,812200
173,1580800
173,1429900
173,1421300
173,1414500
173,1412400
173,1986800
172,1476600
172,1547500
172,1392300
172,1460100
172,1586600
171,1389900
171,1621800
171,1374700
171,1356700
426,1637600
171,1356800
171,1402400
171,1587700
171,1518300
171,1391200
171,1380200
171,1404500
171,1496800
171,1415000
171,1422100
543,1929600
171,1428400
171,1457200
170,1417500
170,1358500
170,1334500
170,1383800
169,1504200
169,1312700
169,1364500
169,1328000
169,1336800
225,1208000
169,1448700
169,1535200
169,1320700
168,1356700
168,1394000
168,1284700
168,1307800
168,1313100
314,399300
168,1439600
600,1424900
168,1416300
168,1373200
168,1273600
167,1261000
167,1271000
167,1416500
167,1366500
167,1266400
167,1255300
167,1278100
166,1245800
166,1223800
166,1313200
166,1337100
166,1229900
166,1233100
426,1720400
166,1243400
166,1260700
166,1264600
165,1542800
165,1285500
165,1220900
165,1307500
165,1378500
165,1448200
165,1208700
165,1427300
165,1253300
165,1202000
164,1228000
164,1171400
164,1179700
164,1189600
164,1183600
164,1279700
163,1381800
427,1999700
163,1143900
163,1166800
163,1200600
163,1158500
360,1515200
163,1443100
163,1171400
163,1158100
163,1142500
163,1200700
163,1151900
163,1401100
163,1157100
162,1448300
162,1195400
162,1163600
162,1157100
162,1137800
162,1120900
162,1507800
162,1500800
162,1160600
162,1140800
162,1341200
161,1191000
168,1282600
161,1178200
161,1097800
161,1122400
161,1746300
161,1156700
161,1103400
161,1497000
161,1481500
160,1087600
160,1376100
160,1392000
160,1104400
160,1086000
160,1096800
160,1068900
160,1101700
159,1045800
159,1373800
159,1369000
159,1077600
159,1062100
159,1082700
159,1114100
159,1483800
159,1056700
159,1062500
159,1048600
159,1271100
158,1041300
158,1024200
158,1024400
158,1019700
158,1071400
158,1050900
158,1062900
158,1082700
158,1363600
157,1114800
215,1019500
157,1006500
157,1000300
157,999000
157,1027800
157,1006700
157,1003000
157,1147900
157,1192300
156,1030600
156,980300
156,988500
156,1318000
156,1288300
156,1102900
155,1039100
155,1099100
155,969400
155,1002900
155,1003900
155,970300
155,1000200
175,1497000
155,954700
155,1005600
155,1346100
155,954100
155,983800
155,1136200
155,989700
154,952500
154,961300
154,932500
154,954700
154,929800
154,1209400
154,983700
154,946200
154,941800
154,1013600
154,933300
153,916700
153,900300
153,908800
153,1062600
153,1111400
153,914100
153,912500
153,919800
159,1058900
153,963100
153,937500
152,892300
152,883500
152,926600
152,1167500
152,890700
152,890000
152,940600
152,1051400
151,941900
151,878000
151,874400
151,894800
151,944900
151,964200
151,867800
151,908900
151,860900
151,863000
151,864300
150,846500
150,838600
150,863600
150,843400
150,836800
150,1131600
150,870100
150,850700
150,831300
150,852700
150,835900
150,842300
150,877900
149,835000
149,812700
149,811500
149,843000
149,1050200
573,814300
149,800700
149,801900
149,836200
149,1017500
149,848500
149,806200
149,821000
149,804900
148,788400
148,964400
148,788900
148,834400
148,772600
445,571700
148,858200
148,794200
148,788700
148,783600
166,1247900
148,773200
148,790900
147,872700
258,568200
147,1000900
147,751700
147,750500
147,755500
147,754900
147,761200
147,740900
147,787400
147,835400
147,765800
146,754000
146,832300
146,729900
146,744300
146,728800
146,742700
146,777700
146,729500
146,839000
146,928600
146,742200
146,737600
146,730100
146,793400
146,863900
146,729800
146,755600
146,743700
146,723200
146,736200
145,697100
397,924700
239,1591000
145,702100
145,702700
145,846200
145,793400
329,834500
145,715600
145,719100
145,706900
145,801000
145,739900
145,706300
145,750900
144,679100
144,681300
144,690400
144,706600
144,901700
144,682900
144,681900
144,700800
143,652300
203,630100
143,705400
143,667900
143,654500
601,1748400
143,663100
143,658500
143,655300
143,742700
143,664500
143,756700
143,685400
143,657400
142,630200
142,693400
142,628200
142,638400
142,638900
142,624300
142,640700
185,1728900
142,620000
142,776400
142,769700
141,829700
141,608700
141,609500
141,628600
141,597200
141,609400
141,611200
141,633400
141,603300
141,606500
141,600900
141,609800
140,571000
140,586100
140,732800
140,573500
140,593300
140,589800
140,570400
140,575000
140,573400
140,570700
146,737200
140,581000
140,570100
140,762800
139,670900
139,542200
139,541100
506,597500
139,771300
139,573900
139,558900
139,543100
139,540300
139,553400
139,547500
138,653500
138,523200
138,525600
138,527300
138,522300
138,518300
138,530400
138,519500
138,537600
138,531400
138,733700
138,539700
138,523300
138,525300
138,516100
138,575400
137,539300
137,542900
137,492000
137,495000
137,498900
137,521600
137,495900
137,491900
137,506700
137,492400
137,493000
137,495600
136,479300
136,749000
136,482300
136,478800
136,476800
136,467000
136,462000
136,469500
136,476800
136,556100
279,1015100
136,475200
136,468800
136,466900
136,469000
136,472900
136,464200
135,439700
135,529300
135,445100
135,648500
135,536500
135,454600
135,495100
135,448000
135,444800
135,445900
135,454600
135,450800
135,442500
135,455100
135,455300
135,443400
134,419500
134,418800
134,418800
407,1368700
134,422900
134,415600
134,572800
134,467700
134,422600
134,420100
134,493700
134,418700
181,1607500
134,418400
134,560500
134,713700
134,439500
133,398900
133,393900
133,388200
133,442600
133,401500
133,389900
133,395400
133,395700
133,484700
166,1336100
133,431800
133,388300
132,358200
132,368100
598,1364600
252,328700
132,372200
132,369900
132,445400
132,369200
132,367900
132,421500
132,369800
132,380500
132,366100
132,364700
683,426800
131,345300
227,1448100
131,415000
131,348500
131,422500
131,341800
131,336900
131,340300
131,351000
131,366300
131,344100
131,346300
131,386800
131,339600
131,345800
131,350800
131,345900
131,340600
131,346100
130,317600
278,1057800
130,323100
130,318900
130,312600
130,413500
130,325100
130,460900
130,323300
130,323100
130,378500
130,320100
130,318400
130,317900
129,291700
129,288500
129,305300
129,295400
129,292200
129,291100
129,289900
129,286500
129,290100
129,420600
541,1479400
129,305000
128,263700
128,266200
128,266500
128,267500
128,302900
128,271100
128,311500
128,265200
128,264300
128,268000
128,303000
128,268800
128,269900
128,282200
128,287100
127,240800
127,241600
127,239100
127,236300
410,1244000
127,242500
127,237600
329,745300
127,253500
127,237100
127,238000
127,238000
127,237400
127,241000
127,237400
127,250500
645,1087000
127,352700
127,246300
126,261600
126,287900
126,213200
126,215300
126,213500
126,242000
126,268700
126,266000
544,1601700
126,217000
126,214900
126,222600
126,224200
126,210300
126,210800
126,213400
125,191800
125,189500
125,185900
125,190400
125,192600
125,193300
125,240300
125,188000
125,190600
125,189700
125,204900
125,188300
125,188300
125,183800
125,199800
125,184800
125,188600
125,186900
124,160800
124,160100
124,187500
124,190800
124,222900
161,1128100
124,162900
124,161000
124,160900
124,159400
123,1740600
123,1719900
123,1724200
123,2056500
239,1822000
123,1747800
236,1491800
123,1692000
123,1691400
123,1673600
123,1914600
123,1800800
123,1701600
123,1718500
123,1682500
123,2042700
123,1720600
123,1704300
123,1790900
123,1696300
123,1832400
122,1912600
122,1666600
122,1647900
122,1642300
122,1661300
122,1645800
586,1328100
122,1647100
122,1712500
122,1957000
122,1678700
122,1657800
122,1972800
122,1692800
121,1685800
121,1729900
121,1621500
121,1819700
121,1935700
121,2212300
121,2327600
121,2282300
121,2368900
166,1673700
121,1638200
121,1650800
121,1972700
121,1798300
120,1602100
120,1678400
120,1618600
120,1661700
120,1600800
120,1894000
120,1618500
120,1909000
120,1654600
120,1649900
120,1668600
120,2026100
120,1608400
120,1649500
137,492400
120,1608800
119,1764600
119,1870900
119,1652400
119,1583300
119,1664300
119,1608800
119,1639100
119,1778700
119,1587100
119,1582600
119,1755100
119,1629600
459,946000
456,883100
119,1897200
119,1606200
119,1585800
119,1571800
119,1614200
119,1579300
119,1995200
119,1585400
119,1586800
119,1607100
118,1605500
466,1104900
118,1783500
119,1616600
118,1552200
118,1550700
118,1752900
118,1984900
118,1828400
118,1632200
118,1622500
118,1634100
117,1520700
117,1548400
117,1825100
117,2090000
349,1286900
117,1866700
621,606400
117,1924000
117,1763500
388,727400
117,1564100
117,1606800
117,1543500
448,672400
117,1709400
116,1892900
116,1714400
116,1626100
263,614900
116,1537300
116,1537000
688,578400
408,1192400
116,1907900
116,1533900
116,1830400
207,742700
116,1544900
116,1574500
116,1880200
116,1526400
205,686200
116,1529500
493,1915900
116,1489800
116,1616500
115,2006000
115,1653900
115,1520100
115,1493900
115,1490700
115,1503800
115,1697000
115,1598300
115,1476500
115,1665400
115,1488500
115,1554300
115,1662000
115,1498500
115,1487700
115,1526800
114,1453600
114,1474200
114,1500500
114,1799000
114,1515600
114,1479300
114,1496700
114,1462000
114,1519700
114,1683100
114,1454200
257,478800
114,1497400
114,1475400
114,1849700
349,1267000
114,1547400
114,1491000
113,1423600
113,1543800
113,1431200
339,999300
113,1424600
156,1006300
113,1637900
113,1635600
113,1498100
113,1452900
113,1508300
113,1485000
112,1579000
112,1405900
112,1411100
112,1421900
112,1396300
112,1418500
112,1746700
112,1633400
112,1401600
112,1398500
112,1418500
112,1397600
112,1406200
112,1403400
111,1563100
111,1373700
111,1450000
111,1564200
111,1400200
353,1340700
111,1380800
111,1993300
111,1386500
111,1372400
111,1444300
111,1378800
110,1388800
110,1420300
110,1369000
110,1351200
443,507400
110,1349000
441,468900
110,1360400
110,1412200
110,1372600
110,1708800
110,1440000
110,1435300
394,1147200
110,1408000
201,581400
110,1371500
110,1487200
110,1499200
110,1371600
623,462500
110,1396700
110,1365600
110,1371800
110,1416600
109,1505600
514,887800
109,1465300
109,1893000
109,1692700
109,1409400
109,1397000
109,1566800
109,1376500
109,1414200
109,1371300
109,1760400
108,1468200
108,1523600
108,1358500
108,1322900
108,1309100
108,1348100
108,1365600
108,1348300
108,1481300
193,384100
108,1328500
108,1479600
108,1303600
478,1441000
108,1320100
108,1307700
108,1478300
108,1532400
108,1365900
108,1314000
108,1374800
108,1302300
108,1303300
108,1650200
108,1344700
108,1288300
108,1313500
108,1304800
107,1278300
107,1298700
213,926900
107,1445600
107,1299400
107,1271400
107,1461200
107,1276600
107,1302900
107,1270900
107,1401900
107,1365700
107,1347900
106,1254100
106,1270600
106,1252900
106,1635500
106,1251500
106,1649300
106,1280600
106,1260900
106,1291900
106,1294400
106,1239300
106,1288400
106,1654100
106,1326100
106,1277300
108,1307100
105,1295200
105,1230100
105,1294100
105,1215500
105,1498000
105,1224600
105,1292300
105,1268200
105,1309300
105,1250100
105,1245600
105,1373000
105,1548900
105,1257100
105,1246100
105,1268400
105,1234100
105,1311400
105,1326100
104,1318200
104,1214500
104,1239800
104,1223600
104,1245800
104,1595800
104,1210900
104,1254700
172,1504900
104,1214700
104,1490800
104,1737500
104,1218000
104,1216600
104,1218500
104,1656800
104,1433500
104,1573000
103,1272200
386,626800
103,1185300
103,1215600
103,1290400
103,1334300
103,1546500
103,1179200
103,1196300
103,1265200
103,1237000
671,1725600
103,1420300
103,1221100
103,1224200
103,1188500
103,1211100
103,1194000
103,1178500
103,1181800
102,1410800
102,1153000
102,1361100
102,1232400
102,1158600
102,1176600
109,1368300
102,1201600
102,1406300
102,1141400
102,1451500
102,1154500
102,1145700
102,1173400
102,1212400
102,1487900
102,1281800
102,1152400
102,1217100
101,1125500
101,1146900
101,1136700
101,1144300
101,1169300
101,1486700
101,1211600
101,1135300
101,1327700
101,1337900
178,1535700
101,1158000
101,1126300
101,1560800
101,1138100
101,1133800
101,1254800
101,1128400
101,1163000
101,1130600
101,1389600
100,1165100
126,221000
100,1132900
100,1179200
100,1122900
100,1154400
100,1101300
100,1093500
100,1114600
100,1369400
372,280000
100,1104400
99,1092500
99,1078400
99,1076300
99,1408800
99,1076500
99,1118800
99,1191500
99,1167300
99,1092900
99,1100800
99,1121700
99,1099600
99,1082700
99,1153000
99,1093600
314,434100
99,1136400
99,1210000
99,1103200
98,1084900
98,1051300
98,1043500
98,1060700
98,1044600
98,1092200
98,1252500
98,1049900
98,1062700
98,1062000
98,1099000
418,1547500
97,1245200
97,1055600
97,1200500
278,1006900
97,1116500
166,1248900
97,1018600
97,1024800
97,1021800
97,1029100
97,1027000
97,1175000
97,1174400
97,1771200
97,1110600
97,1037200
97,1074300
97,1036100
97,1018700
96,1071800
96,1128300
96,1025200
96,1007000
96,1026800
96,996100
159,1049100
96,988200
96,1023400
96,1185200
96,1178300
96,1511900
96,1546500
96,1036800
96,1064700
96,1065400
96,1324300
96,994500
96,1321800
95,1074700
95,980800
95,1025000
454,858100
95,1034000
95,983900
95,1033300
95,978800
95,1244700
95,1006300
95,980600
95,966000
95,991600
95,966200
95,1025100
95,970000
95,982500
95,1114300
94,1128600
94,1060600
94,970200
94,1044700
125,202700
94,1027300
94,993500
94,955300
94,961700
94,952300
94,1302200
94,952000
94,964200
94,957900
93,933800
169,1368200
93,1068500
93,1218800
230,1306400
93,1173600
93,931100
93,969800
93,997600
93,942600
93,963300
93,939700
93,929100
93,982700
93,936100
93,1182000
93,930300
93,1040100
93,946000
294,1392500
93,925400
93,968700
92,894800
92,930500
113,1688700
92,924400
92,921000
92,977300
92,936700
649,1165300
92,913100
92,903200
92,1228900
92,900800
92,1071200
446,609800
92,900000
92,923100
92,929900
92,923100
91,874800
91,937800
91,883100
91,880500
91,874400
91,1051800
91,882900
91,878600
91,1040400
91,1010700
91,891100
91,875700
91,890400
91,881100
91,903400
91,983700
91,1005400
91,884000
91,907800
91,894400
91,901200
91,917400
91,879400
91,946100
90,864500
90,1010900
90,976400
116,1523800
90,923600
90,853100
90,855600
90,870300
90,859500
90,860900
90,882500
90,864400
90,911300
90,1149000
90,1177800
90,1276800
90,1305100
89,885600
89,874400
89,919100
89,828800
89,832200
252,472300
89,906500
89,1166900
89,1209900
89,1179900
89,1217200
89,1197900
89,988900
89,823000
89,1004600
89,1022300
88,834200
88,806500
88,837900
88,801000
88,818700
145,709600
88,798800
198,526700
90,884700
88,813400
220,1172700
88,823100
88,817200
88,819900
88,852400
88,801600
88,802000
92,902300
87,1243700
87,915900
104,1419800
87,821200
87,780500
87,772800
87,798100
298,1576100
87,805800
87,773400
87,817600
87,779900
87,780500
87,836700
87,943300
87,780100
203,644100
87,847000
87,863500
87,784800
87,787900
87,779500
87,778800
87,762500
86,740000
86,747200
86,1148400
86,807600
86,762100
142,649600
86,779400
86,755900
86,808900
137,496300
86,753400
86,760900
86,794300
86,833900
97,1259800
86,880300
86,1019800
86,783700
86,755600
86,747800
86,774900
86,1051200
85,740600
85,1139800
85,1136800
85,1084100
85,1146800
85,1043300
85,1054100
85,1017000
85,1156100
85,1068400
85,1106200
85,1084000
85,1116000
85,816300
85,731600
85,726100
85,738700
85,726000
152,908200
85,785600
124,155900
85,731200
85,739200
85,719600
85,729600
85,796900
85,840500
84,786900
84,701100
84,737600
84,708700
84,697300
84,734500
84,777800
84,732200
84,735600
84,702100
84,715700
84,703000
84,923100
408,1244500
84,732800
84,746700
84,737600
84,697000
84,711500
84,694600
84,853100
84,821100
84,700400
84,779300
83,708900
155,1482100
83,722300
83,714400
83,676800
83,680900
83,718300
83,681100
83,679700
83,751700
83,676100
83,683100
83,1009000
83,691100
182,1708500
83,906700
83,759600
83,678700
4,209900
7,346800
7,284400
7,284900
38,1072000
7,297700
2,155300
7,290500
7,358100
7,287300
7,292400
38,1322400
7,291600
1,126300
532,1248300
7,289800
621,454300
40,1133000
7,290600
7,294300
7,286600
1,129000
7,287100
7,284900
4,207800
7,289100
7,289300
1,126700
1,125500
3,184600
9,335100
7,343200
1,126200
44,1381900
2,235700
7,444800
5,286100
4,238900
7,284100
113,1515900
8,315100
6,263900
2,157500
25,773100
7,292200
38,1093300
7,301300
212,892100
4,234100
7,290200
7,299200
4,220800
4,215800
7,297000
226,1721300
7,387800
7,302900
7,286000
435,326600
7,305100
606,1558000
4,205800
7,304000
30,961100
257,618100
2,192800
24,730800
1,120400
6,266100
7,282000
146,747400
7,290300
7,290600
9,368300
7,289300
9,339400
7,372000
31,947000
328,718700
7,300300
271,821700
1,124800
7,287400
4,211100
590,1245800
3,189600
1,123500
7,287200
2,160800
7,318800
2,159400
3,182200
7,288000
7,287900
7,353200
28,842100
34,970400
7,285200
169,1598400
7,301600
7,289200
2,149800
7,289600
5,232100
7,300700
7,292400
7,276400
3,189300
55,1513500
7,290600
7,285100
7,320600
7,290800
7,289000
7,293500
7,284100
7,283000
7,283100
3,189000
308,1851300
1,154400
7,276400
7,309000
7,289500
62,125900
7,284100
119,1585000
7,287600
7,282900
22,689500
70,346000
36,1019500
10,462200
7,348000
1,131500
7,314400
3,181600
7,289700
7,296500
3,195000
7,286500
1,130600
9,333200
66,240200
6,259200
2,160300
1,127700
7,327300
1,188900
20,918100
7,293200
5,238000
1,127000
2,167200
7,285400
7,284400
552,1773500
2,156100
7,285700
7,290700
2,158900
25,755800
7,293300
4,207400
7,305300
7,296600
7,290800
7,291300
1,177100
12,414200
3,184900
7,286300
7,295200
7,284500
4,211300
7,422100
7,294600
7,293900
7,317200
351,1710700
4,272300
7,348700
7,288500
3,193500
7,314200
393,835000
35,1022600
637,834600
7,292100
3,185700
18,593100
50,1371300
7,298800
7,361300
8,378500
7,332200
1,126300
8,464400
7,292800
7,296300
22,674800
63,162300
135,449400
7,288900
8,324300
10,367200
6,264600
7,301700
8,322700
5,235500
7,294800
27,831500
7,316000
7,328900
7,337300
7,340000
36,1117900
6,317800
255,413400
5,241900
7,290700
6,260100
2,156700
41,1172200
7,309900
7,292000
7,292500
4,204800
45,1273700
283,1105500
7,315300
7,284200
2,155600
7,289400
7,303800
15,488100
454,820500
342,1244600
7,337800
14,471400
126,220900
7,355100
7,345300
26,783200
7,289900
199,619300
7,327700
11,522600
7,304700
4,208100
3,184500
7,288900
9,336600
7,294800
7,282200
7,285600
7,288400
14,476100
7,292300
5,239000
7,292800
1,133100
192,350800
7,300000
7,435300
6,383900
8,336500
102,1240000
1,127000
7,285400
7,287500
6,262600
7,284600
3,184700
7,316600
109,1331600
17,564000
476,1390100
7,292100
7,344800
7,290000
107,1289300
7,335800
7,301100
88,896200
7,289500
20,636300
7,288200
7,299000
6,261300
9,345100
63,168300
7,303800
7,287600
5,238600
7,287400
6,255000
2,154600
15,520000
234,1456800
7,293300
20,631600
1,129700
6,264600
7,293400
6,256600
6,322500
76,603900
6,399400
137,559100
2,164500
6,260800
517,904200
6,268400
5,236900
6,258200
131,344500
28,835100
1,124500
554,2029300
1,151300
28,890500
6,277000
6,264600
6,256400
6,270800
6,259300
2,155100
2,191700
7,472900
17,554400
6,271100
6,304400
5,238300
7,306600
10,391900
6,258600
6,263900
6,265700
6,260500
6,266400
1,126500
34,987300
22,673200
6,264700
6,274400
16,522400
1,130500
2,156600
10,396600
6,259200
8,313000
6,273900
16,515500
31,1000800
503,573900
6,263000
15,497400
6,262100
6,286800
564,630600
371,1951500
6,265500
25,770000
15,512700
120,2112900
2,163300
122,1817500
6,282500
6,263800
6,271400
111,1385200
6,259100
6,298600
4,213200
114,1481700
20,627200
40,1138100
6,272200
25,753200
30,1012900
30,1142000
6,293700
82,666400
6,263500
322,599200
6,250700
12,405800
2,154600
20,609300
25,751500
6,261900
4,217600
206,692900
6,250100
6,254000
4,202200
337,936500
17,724500
6,376600
29,877600
6,359500
6,288600
6,313100
28,851700
86,779500
6,332500
1,133100
6,272000
6,259700
6,264600
22,753600
52,1635800
6,354700
2,162800
6,273600
71,397700
26,776800
6,267300
4,213200
44,1467800
6,300300
6,262500
6,273700
198,502500
3,184600
167,1301600
36,1066500
6,257000
6,265700
6,273300
6,267700
7,284500
13,437700
6,267400
6,264400
5,235600
3,192900
6,270700
16,516500
101,1122200
64,306800
6,494000
174,1733400
6,392700
2,242100
3,211200
81,637700
6,262500
498,388500
6,280200
7,422700
9,522100
242,1634200
2,158600
6,261600
6,296600
52,1450600
6,264500
3,225100
1,120800
6,307800
32,979800
361,1580200
6,265500
30,896000
2,164300
2,161400
6,270500
6,261800
7,291200
1,125400
6,257000
169,1338100
122,1946100
6,261600
3,182600
6,343000
6,338400
6,323600
4,214700
6,252000
6,268100
12,432000
6,273600
54,1486600
6,301500
9,342700
6,266100
208,767000
6,262700
6,267300
57,1556300
118,1578600
6,313300
6,270400
32,1098400
46,1307000
6,271000
34,1067400
6,284500
6,330100
10,369900
11,381700
6,258100
6,257300
6,253500
24,736400
6,253300
49,1593200
6,351400
200,684700
3,234000
6,381300
3,277200
6,367600
659,1748200
1,153100
6,323800
102,1460100
6,320300
10,457100
30,1108100
45,1625500
6,317800
6,329000
2,207600
1,143800
224,1881100
3,187300
23,731900
6,262800
5,247500
7,339600
92,1486900
3,203400
6,280200
13,450000
6,274500
3,188000
9,330700
6,375300
13,487300
6,260500
6,267500
6,285400
45,1321200
6,267000
6,274700
6,367300
7,293700
6,276500
6,274500
67,265600
6,278300
2,164100
6,281300
6,279200
59,2303200
6,381100
149,923000
2,154700
1,126300
6,268500
6,319500
6,275100
65,221900
6,264200
6,326200
24,800300
6,256400
130,471300
36,1401900
6,265700
6,276100
3,187700
6,285600
1,133600
6,278800
15,499200
6,263500
6,288700
6,280100
4,216300
6,263300
6,281900
6,273400
51,1422700
53,1528300
6,262800
6,262900
6,300100
6,313600
11,425700
6,450200
183,2163100
3,248200
50,1463300
6,268200
6,266200
6,276800
16,522600
30,943100
36,1080100
6,262800
496,385000
85,855200
6,308200
6,420400
6,285500
6,259600
10,541100
11,411300
6,272300
14,475100
6,265500
6,266100
4,211900
6,264100
36,1036000
6,266100
6,263100
6,263500
258,591200
43,1352400
57,1928400
6,269300
140,629600
6,264400
6,263200
6,260600
2,157600
6,267800
1,125700
1,133500
154,997400
6,268100
3,185600
1,127600
6,264500
555,1859500
2,168100
174,1465400
4,212300
6,289100
3,235900
5,269100
6,398800
6,483900
37,1981100
6,300100
689,596400
33,944300
6,251900
4,197500
2,141100
6,255500
3,165800
75,452100
6,274900
65,201300
1,122100
6,256800
6,255700
6,264700
1,122400
6,254400
6,252600
43,1348700
122,1780000
6,264900
2,149800
6,253900
6,252300
2,145100
22,668400
306,1684500
63,163800
6,260000
6,275400
6,259700
6,280200
3,205200
6,265100
6,257300
6,265400
13,452100
6,265200
187,242100
6,369700
6,287200
6,321100
6,426600
7,397600
6,269700
6,265700
6,264100
6,285800
6,276500
6,269300
4,213200
1,132800
38,1098300
1,146100
41,1225600
6,264800
6,264500
6,267600
14,469500
6,264100
40,1134400
6,271600
4,209200
6,267700
44,1446000
1,168600
6,310100
6,265300
6,270300
6,266700
1,128500
33,973300
116,1514500
6,264400
6,285200
6,347200
12,463700
6,266200
6,272800
6,267200
9,369100
6,297300
5,235700
13,448100
552,1911100
20,835200
6,269900
6,273100
3,189600
6,267400
19,606900
3,185600
400,1038100
6,265800
13,456300
6,263600
14,465800
6,262800
10,360200
2,153700
6,272800
3,181600
6,257900
6,265400
6,265300
6,262300
1,130200
6,264900
6,266500
12,415400
7,288200
6,263900
4,294900
5,372100
6,303200
7,418700
6,404100
6,383200
6,268200
100,1128300
6,266900
47,1326200
2,159000
4,213900
4,217100
58,1587400
6,263100
5,238700
6,264300
6,264500
10,377500
3,208900
14,541200
6,368700
7,293900
6,268400
4,219500
55,1509900
6,257300
7,295800
36,1074100
6,266700
24,742400
54,1467900
6,351600
3,224800
6,302500
36,1538900
6,417200
291,1362300
51,1428700
6,259600
7,301300
168,1280200
7,296300
6,262900
8,320700
1,127700
11,390700
6,257500
6,262400
6,262500
3,179700
6,274400
6,308900
570,657700
6,260300
6,262400
617,2150400
27,838900
5,237400
174,1953600
115,1560300
9,347600
502,480300
5,240400
10,374900
22,695500
7,289800
117,1859700
5,257500
5,241100
125,188700
5,242300
6,281800
5,238400
43,1190500
5,238300
5,245500
5,286400
156,982400
5,238900
3,182000
5,245600
5,237400
5,232700
7,357800
5,236100
5,231500
6,263100
9,353600
1,164800
18,677000
3,239500
8,329000
111,1784500
42,1222600
143,679500
77,540600
2,152100
5,251500
5,239900
26,788100
7,295700
2,152300
6,271100
169,1317100
20,639700
5,238300
5,240300
41,1157100
83,825300
5,334600
24,781700
6,270900
5,235400
3,185900
349,1265200
12,708400
12,543000
15,654100
5,315700
16,526000
5,278100
3,239700
15,561900
24,764100
5,304600
25,840500
5,369500
6,336100
3,198700
5,285200
5,297400
5,290300
5,236600
4,267400
34,1065100
5,245100
239,1780800
5,252500
5,300800
5,298500
141,619600
5,271200
5,259900
113,1458300
8,403300
5,280100
446,901400
117,1889800
43,1385100
5,301800
5,305200
3,228100
23,851400
145,758100
5,254800
16,576300
5,245800
2,158800
13,466000
45,1256800
5,244300
12,495000
2,213400
2,205200
3,298400
5,280400
2,168100
5,244600
6,288200
5,245100
5,286800
5,247300
71,382800
5,243400
5,271700
5,261700
7,316100
5,284300
5,230700
5,300400
18,691600
21,1084100
5,249500
3,188500
22,706800
307,1782700
5,360900
5,374600
6,295400
158,1072400
4,227500
5,243100
6,272800
33,971600
1,141200
5,260800
2,165800
5,239800
13,439000
5,244300
5,236500
23,741500
5,301600
5,259400
5,238200
79,577800
80,647300
9,418300
5,254800
1,129000
5,288000
5,268400
5,328700
446,727900
5,260300
87,1149500
39,1115200
5,284300
4,259300
24,745700
5,224000
4,246300
5,228900
68,287000
5,282300
115,1464400
5,239000
5,247900
27,798100
1,127900
5,239000
6,263200
7,369800
2,253800
10,458300
5,240500
5,232900
5,233500
2,153800
235,1516200
39,1132400
5,240900
5,242600
3,183000
5,234300
2,154000
5,238400
103,1191800
7,284900
133,389900
5,256200
1,153100
15,528900
14,490000
32,1122900
5,304800
5,232700
53,1564100
185,1742400
65,213900
5,237600
16,564300
6,251900
25,760600
1,165800
14,480100
5,282600
2,154800
1,131400
15,498000
5,269200
5,292400
1,125900
72,447100
5,262500
5,235900
6,262700
5,253100
1,126600
5,241000
3,183800
12,449400
5,232700
5,238900
5,238700
8,338300
5,236300
5,240100
5,287400
5,261000
627,572800
7,297500
5,234100
1,129400
5,232700
5,232900
338,976700
3,191400
20,645700
5,235100
5,240700
12,438600
5,259200
1,125500
5,239900
5,236000
5,340900
2,165100
2,193000
22,699800
5,238700
5,250100
5,254600
30,884100
5,248300
5,239800
15,512700
92,994300
5,240200
14,472200
6,310300
153,920500
72,397400
3,181700
1,125900
27,807400
5,240800
4,221600
31,952800
5,289300
5,296900
5,256300
5,300900
5,245100
5,270100
5,299100
5,305700
44,1446300
110,2028600
5,250400
3,189000
613,1859800
5,241600
5,234900
2,154900
4,221900
5,242600
27,939800
5,329000
9,419300
5,241100
5,236200
13,455800
5,239700
1,128900
5,242500
5,243200
4,231100
1,129000
23,738700
5,240400
24,754000
16,526000
123,2137800
5,513900
2,212600
11,563100
5,356700
5,424500
13,614300
5,318100
5,361700
5,543100
5,404000
426,2464700
6,342200
5,310500
5,314700
154,1337800
14,652000
5,308800
29,1200600
5,313000
19,831700
5,367800
459,1365100
17,952700
5,289600
6,315800
153,1162500
5,319200
20,883900
5,296200
5,287400
2,194000
7,393700
9,452400
37,1353900
5,335500
1,129500
5,298200
1,248400
5,277100
55,1884000
36,1516100
6,328300
57,2057000
5,288600
5,311200
5,379700
7,446900
16,559400
5,276500
5,235900
5,295600
2,211700
5,251200
7,295300
5,315800
5,260500
112,1486700
4,205500
3,177800
281,1133700
201,601500
5,243200
5,229700
5,256500
5,243600
5,243800
6,261800
14,539800
5,235400
5,239100
5,254000
5,237400
1,126500
42,1178800
5,246300
86,1111700
5,248400
5,230100
153,945000
2,161000
5,237800
5,283500
8,413800
5,381700
5,341800
5,247300
6,327100
140,582200
5,254700
5,256000
5,279300
5,239400
14,514200
5,243400
5,242400
34,1001300
379,463800
6,268000
5,243600
495,2027800
1,199000
5,418200
1,186300
5,364800
2,237000
5,399600
5,363600
5,310600
11,385200
5,234500
5,234900
2,152100
124,151800
5,226800
5,231900
93,973300
5,242500
18,589000
5,243000
5,241200
5,243600
45,1907700
5,259800
5,261600
5,238000
1,132500
140,616400
1,130300
6,264000
482,1625600
13,453200
1,127300
65,250900
1,134900
5,244000
8,311100
32,1173700
1,136200
5,241700
3,213900
5,345600
5,318500
5,296200
2,173300
5,242800
13,470900
627,635000
51,1750100
13,454800
5,253600
15,525600
5,254800
5,247900
6,264900
5,256500
5,242200
17,599200
5,292500
6,411400
2,208700
37,1261700
5,250100
508,763200
2,180000
5,248800
154,983900
5,351500
5,354000
33,1046700
5,244000
2,156800
8,326300
47,1396300
5,242900
5,240400
43,1298400
61,1710200
5,261200
8,327100
5,243500
5,243600
5,285300
5,259100
530,1351900
5,365100
3,214300
5,364100
5,342200
15,591100
5,260300
3,197300
2,165400
9,407700
5,243300
276,945600
5,247200
7,325700
6,322100
5,251500
65,249000
5,265300
5,236500
5,234000
5,295700
33,976700
14,482900
246,1920600
24,868200
50,1490500
4,240100
5,249600
6,266700
5,254300
396,906700
85,753800
5,239000
56,1969900
6,310200
5,241800
5,264800
6,273900
27,831800
5,315500
19,712500
6,283600
3,200900
1,131900
5,314600
16,611500
5,244900
61,1734700
5,261200
6,265200
5,279100
2,165000
5,245600
2,161500
213,893300
16,531800
5,233200
83,670900
32,928900
5,241000
6,261400
211,1126800
5,243400
5,243700
16,641500
107,1603400
43,1246600
6,323800
7,298500
14,464900
2,165600
14,466100
5,240800
5,246000
437,380100
5,251300
5,235500
29,856400
5,243000
5,240900
3,179500
5,345400
3,277500
5,287200
5,250500
3,186300
8,405300
1,132000
5,234800
2,159000
2,158700
5,237600
14,470700
5,248000
16,515400
426,1722600
162,1125400
5,284600
46,1392200
5,231500
5,252900
5,237400
38,1336900
4,227700
597,1353900
3,186600
42,1223300
4,225300
4,208600
4,210900
15,494300
77,537200
7,294500
4,226300
4,207400
4,220400
4,204500
3,186900
4,209400
309,1833600
4,212500
4,206700
4,218000
4,213400
6,352900
24,800300
7,286400
4,219500
2,159500
1,126300
1,138000
4,211900
4,211200
43,1365600
4,211900
9,335500
5,242900
16,521800
4,213300
5,274500
70,340400
4,210700
4,214200
23,743500
167,1307200
4,230600
17,568800
41,1564800
4,196000
1,130300
2,165200
4,213400
4,213200
2,160500
4,214600
11,396800
13,448400
4,217300
5,239600
5,248000
4,214800
4,212700
41,1184100
4,215900
221,1098200
4,215400
35,1015500
4,214400
1,124400
1,124300
12,556100
16,701600
4,298900
4,208400
4,235100
4,217800
3,182700
2,159000
6,264100
4,214100
9,351800
4,215700
13,468400
4,214300
4,207500
4,209900
4,208100
31,924900
5,234700
29,937300
5,246900
31,969500
17,553300
4,217100
4,211900
4,208500
15,504900
1,130900
4,214300
2,155300
4,213000
4,256700
89,911700
7,292300
4,215500
36,1177000
97,1037400
4,243400
4,303400
5,243500
16,591100
4,211800
13,441100
4,219400
5,240800
8,315600
262,583700
4,211400
307,1742800
4,212300
2,153900
4,214900
11,463300
4,262500
2,229100
4,220900
4,211900
338,1012700
13,452500
9,341000
6,268700
17,546700
1,137200
5,239800
7,289700
4,210500
4,211100
4,217400
14,475700
4,260500
14,470100
4,205500
4,210600
2,153900
28,856000
4,207400
7,290100
265,1018500
16,974100
56,1644800
578,895000
65,217700
5,238600
16,548000
9,338200
6,259200
4,212400
2,160900
3,180200
6,265300
4,208000
72,408300
4,218000
178,1542900
19,608200
40,1171600
73,686900
4,219100
87,790100
1,135600
4,207600
1,138500
15,497600
4,211700
2,157000
5,237800
2,155400
4,210000
2,159000
4,214300
2,154100
264,663900
2,154000
4,208400
4,211800
3,185500
1,151200
4,284000
39,1123300
4,217000
19,624400
19,608200
4,214600
4,205600
15,499200
258,514600
4,281100
65,222800
4,237700
1,133600
263,609400
7,303600
4,214600
9,347900
4,215200
13,462100
23,726300
4,211000
4,216100
6,265200
3,182200
4,212000
4,208200
4,218800
4,214600
4,222200
20,629200
40,1137100
4,224400
90,866600
2,189300
2,162800
4,210600
4,214100
1,130000
4,252700
6,486100
4,245000
2,181800
246,2227400
4,218500
9,349000
5,245200
10,378200
36,1041200
3,190900
7,336000
9,338700
4,219200
4,215900
4,208200
1,128200
2,158100
4,207900
4,223200
76,500000
4,215700
4,214500
21,658400
4,223800
398,1048500
2,171600
379,441700
4,212900
51,1431300
7,286600
3,182300
4,223200
198,526200
5,239400
3,192700
29,868400
15,496300
7,291100
4,208800
58,2272900
4,211900
7,288900
2,172200
4,257600
33,1087300
4,287400
4,214200
83,699300
7,295800
4,216900
483,1571600
90,860800
4,217000
4,222900
2,153400
9,341900
2,161100
4,249700
4,245900
5,240300
7,284000
5,252600
4,212200
86,806800
2,160300
8,503800
4,314400
169,1317400
4,212200
2,160900
9,359900
4,237800
2,216600
61,2127700
296,1507100
4,225600
4,214200
9,358200
4,250000
75,491600
4,236600
4,228000
6,262000
3,175700
19,717000
4,259900
3,178500
4,327300
2,171400
2,155800
317,427200
16,518600
4,218600
11,392800
4,208000
4,249700
28,839100
4,240400
2,160100
2,160200
4,253600
3,196500
11,433000
19,607800
4,219100
5,248500
7,342600
6,265600
12,419300
65,216000
4,208000
7,300900
6,318600
1,136600
6,275400
16,639200
7,445100
5,275700
4,214700
4,228700
7,292100
4,218800
1,127600
48,1377700
4,207100
2,158600
3,182300
53,1929900
4,213400
36,1069300
4,217000
5,234400
14,462400
4,213800
4,223400
9,363000
28,861300
11,610600
509,702200
4,219100
13,447500
24,743000
4,211400
4,215800
33,968600
4,213200
4,226100
61,1929000
221,1167700
4,227600
62,124200
4,217100
4,222200
22,685900
4,213100
14,518700
6,294400
4,235600
4,283900
21,663300
4,215100
2,156300
4,214100
26,812100
4,216900
6,266700
7,291500
3,189900
8,319400
4,216200
40,1166300
4,213100
4,214600
4,212400
2,163900
5,238200
46,1290500
4,213600
1,132400
45,1273500
83,1112100
4,262000
4,260500
174,1538900
5,242700
4,214300
7,302000
63,154200
4,269900
17,573600
1,126800
4,238600
4,227400
13,457500
4,219700
4,227700
4,222300
4,227300
148,850800
1,126800
7,316400
8,350100
77,533300
5,231700
101,1359900
36,1076300
277,988900
1,125100
6,262300
4,211900
4,208000
5,233500
20,637600
6,262800
41,1494200
4,218900
4,215600
4,714500
355,1655600
4,212900
5,240300
4,261900
4,337700
74,492200
4,210900
7,281300
4,202100
1,124700
2,153300
5,227800
1,252800
4,271900
39,1152500
4,324100
4,275400
4,255000
7,324000
4,216300
15,507300
4,253200
2,156200
25,779000
75,476800
4,219900
330,789700
5,238900
4,215700
8,315300
4,209200
4,249500
6,425700
4,229600
4,253600
5,252900
39,1349200
4,292000
5,245700
28,855600
158,1063600
4,216300
4,220700
2,161600
4,222200
4,210300
55,1545900
4,224400
6,259700
5,232300
4,207400
5,244300
1,128300
5,235300
217,1381700
12,509200
4,222100
2,157000
4,220500
7,294300
6,262200
4,207600
202,608700
7,292900
9,376400
30,897400
4,216500
2,155700
26,791100
370,1815800
4,215100
46,1462600
4,267200
4,280200
4,237700
4,248400
7,294700
8,313700
4,217800
2,170600
2,165600
223,1162600
4,215800
5,240600
102,1198300
17,556200
39,1120900
4,211600
4,213000
63,164900
4,212100
4,209000
2,168600
24,746400
4,223200
11,392800
168,1638800
147,767500
12,435000
4,216000
140,577400
2,158400
4,208800
9,341800
4,242300
4,268100
7,364000
15,526400
6,264200
16,538100
6,270300
4,225100
4,221400
2,179200
4,204200
4,213400
7,288600
9,374900
4,203300
4,213700
7,293600
70,348300
4,215700
5,235100
9,430600
4,254400
1,110600
4,217900
86,748300
4,213100
4,217700
18,597500
4,216400
24,733300
43,1231800
6,264900
1,129800
48,1371800
4,213000
80,604200
4,214600
8,325400
4,209100
2,159800
4,212500
14,489800
64,190500
219,1208400
4,256500
4,237800
5,235900
30,902300
4,210500
4,208200
2,153500
4,213800
4,207800
4,194200
24,764000
4,214000
1,116800
7,332000
2,157900
4,203700
10,361400
4,206300
21,663700
37,1106000
4,249200
552,1788100
4,307200
4,236000
4,305300
2,196200
93,953000
7,339700
4,210500
12,501200
4,207100
4,213400
27,979200
7,298700
4,213500
4,210900
3,187600
13,445500
4,287900
53,1583400
4,217600
4,224800
5,235700
5,237100
4,221400
4,211500
4,235400
2,156800
84,1042200
1,172500
7,312500
5,244300
4,218500
3,174800
2,161500
4,223500
4,236700
216,977300
6,265700
44,1246200
166,1253500
6,266300
16,581100
4,213200
2,155400
19,608800
4,210400
4,214700
10,377400
27,813700
4,213400
3,190800
528,1453700
227,1641200
42,1235400
134,456200
5,245400
5,285800
2,163900
29,878900
4,212400
13,450500
5,244300
4,210100
3,199100
4,260000
215,969900
1,137500
4,223100
4,214900
7,378300
1,115500
4,212500
5,266200
4,340200
4,223000
19,617400
4,216400
12,413000
4,208600
4,209200
1,128000
28,845900
650,1209600
4,215100
20,640700
478,1454900
4,288000
4,226000
4,247200
4,220100
4,215000
4,208700
1,126400
282,1250300
4,207500
5,267400
5,243600
1,122800
10,375700
41,1193100
5,253100
14,480300
4,224900
3,202600
9,350100
9,346400
5,242400
6,267400
2,154300
29,897600
4,237700
4,216500
302,1607800
29,868100
10,507100
4,326800
4,228200
5,244700
4,216000
5,241200
5,227000
4,210400
9,353800
1,131800
1,132000
11,398400
132,373100
8,314800
4,235000
4,349700
4,312600
12,550800
12,424300
121,1716700
4,210700
397,943400
45,1586800
2,161100
4,209900
4,207200
4,206500
1,139800
5,242300
4,212300
32,938000
4,247700
4,211700
4,216700
6,262300
6,266100
14,477500
265,660000
26,778700
7,301200
4,210100
7,288900
4,210900
7,286100
1,125700
29,867200
4,213600
5,237500
91,1053100
2,174600
5,292500
4,289700
4,221800
4,210200
43,1303400
3,189400
3,193100
4,214300
5,245100
13,514400
4,216500
4,210000
4,228800
1,131400
4,213300
243,1695200
4,217000
29,937700
66,321100
4,212000
2,164400
4,207900
4,211600
18,694100
30,1111600
72,475600
3,258100
98,1230000
5,241600
4,234700
4,215900
188,250200
4,225500
4,268900
4,257400
26,1097900
4,215500
2,179500
20,645400
4,223500
214,965900
4,216900
4,224600
2,161100
140,606000
49,1532400
4,216300
376,397500
2,162700
4,213600
14,481700
4,210700
44,1253400
4,212200
11,411600
4,216500
4,210000
2,160500
114,1573800
4,219100
16,559900
4,218200
4,226900
348,1373800
16,582000
8,568100
4,403600
145,836300
8,416700
9,437400
7,322700
6,272500
7,305500
4,219500
3,193200
4,221500
5,242500
5,241000
68,324800
4,211400
22,729900
4,220200
277,999500
4,208300
1,129500
12,434500
4,206300
4,211800
4,211300
9,372500
4,297800
6,256500
10,383000
30,985200
4,224800
81,712300
4,224100
3,192600
4,223600
7,348000
2,157300
547,2162100
9,388800
106,1767500
4,222600
3,186900
3,187800
7,293400
4,207700
4,212900
6,377800
23,1017200
4,219500
4,209300
4,216100
4,196400
4,192700
5,236300
3,188700
16,518600
7,297000
2,147200
36,1090000
4,200300
4,189300
13,461000
4,192700
2,172300
6,274100
4,206700
49,1396400
6,248800
73,450800
4,194600
4,194800
13,463100
4,192000
1,139400
4,230200
30,961600
4,196300
4,194600
4,196800
7,304400
4,214500
5,264600
16,509600
31,890000
4,194900
4,216100
6,266500
4,190900
41,1174700
4,198100
4,200500
2,142800
4,227300
386,686600
5,223700
4,196700
3,171500
4,202600
4,205100
9,346300
131,360400
10,386000
22,692000
4,203000
14,484200
80,578800
4,196100
2,137900
3,170300
5,232000
3,163000
12,402000
4,194000
3,168100
4,194900
5,215900
4,207600
4,221600
5,221700
412,1292300
4,193900
15,542400
33,1025700
4,222400
13,479200
4,208600
4,196200
1,115000
4,190200
4,301000
16,665400
4,212100
16,535900
4,193200
2,143100
29,840200
214,902600
4,195400
4,195800
2,137000
4,193800
2,143400
10,363000
4,215200
7,273900
4,195200
1,110500
7,266700
19,657400
19,592900
4,200600
14,446400
4,189900
4,237700
18,629500
204,900200
38,1199200
4,196900
4,191100
13,447600
4,192200
4,237600
5,300800
4,289300
320,661100
4,263200
2,199700
97,1458700
9,454400
4,266600
99,1578400
16,712400
4,279600
13,588500
3,228100
4,260900
5,306200
2,189400
1,163900
5,308700
2,188300
122,2380100
4,267000
7,382900
10,508800
4,270400
5,299000
49,1997400
4,268900
4,267100
4,270900
10,514500
4,273900
4,268200
4,273400
16,769700
1,156500
4,278100
21,907800
4,279500
2,195100
111,1981200
4,265300
40,1687700
4,226900
5,247900
4,245000
4,273700
7,385500
2,194000
4,269000
84,1014300
4,272700
332,1458500
5,395700
4,340700
1,167600
4,369600
26,1307700
4,358500
2,226600
4,311800
2,226700
4,308500
18,978100
4,316000
4,282100
5,267700
4,239300
30,992900
4,295300
4,319100
4,290300
24,892000
4,219100
18,645400
4,208600
2,144500
336,996400
12,432700
2,148500
16,568900
4,197900
411,1296000
4,236400
25,952900
4,213500
4,264100
7,328500
519,957800
4,302300
5,283600
1,125200
4,263500
26,824000
107,1505700
42,1681400
4,218700
1,127500
5,257700
4,240400
4,206800
4,225400
7,301700
4,207700
5,243500
3,212500
4,212400
38,1160400
579,931300
2,164200
4,257700
2,160100
3,243900
4,290200
4,212700
25,759600
4,235700
7,301100
2,162700
19,646000
27,802100
4,219700
156,994200
14,469600
4,213500
4,216500
1,131900
4,211000
4,212100
41,1499400
4,265200
1,153200
1,144700
4,279500
4,329800
4,335600
4,278500
418,1534700
18,583000
25,761600
174,1441300
4,213300
4,213700
53,1470400
5,239000
13,446300
4,237600
4,213500
5,237500
3,185000
2,165200
9,336100
32,1106700
4,243100
2,193200
4,224800
4,214000
94,1045300
4,210900
2,165800
5,247800
5,240200
9,337000
6,266600
4,241700
6,289600
4,253200
2,165000
4,216400
160,1082400
3,188000
24,749200
6,264000
1,124800
4,221800
4,211600
25,758000
35,1017700
4,297800
29,1013700
34,977800
4,213800
4,216100
106,1284000
4,208600
1,130100
4,213700
23,714500
4,211400
218,1010900
4,215600
4,216500
10,364400
4,214800
27,798300
29,932300
4,216200
313,324600
33,1367300
4,208000
34,1118200
4,268300
16,719200
4,270100
4,215300
1,117600
7,287000
4,205700
5,241500
4,200200
7,279600
4,214000
3,176100
4,200200
4,201000
4,203500
41,1156300
2,154000
13,491100
17,546900
3,291400
121,1864500
2,150700
45,1260600
4,207300
4,219900
230,1368500
2,181600
3,185300
3,195000
6,319100
5,362400
6,272600
2,195400
23,1071700
3,189500
4,208900
97,1092000
3,196800
12,572300
15,561300
24,787200
3,193500
2,160800
3,185100
140,578400
6,260300
3,181600
3,182300
3,192500
2,187100
3,212600
309,1822900
14,489000
3,187600
4,213600
3,181700
37,1059000
3,182800
3,187800
1,132200
3,187700
9,336100
149,889400
4,310200
3,188200
26,811700
3,183300
5,278300
3,194600
7,295700
3,184900
161,1141900
4,212300
3,185100
155,974700
4,215100
3,194100
64,215900
73,422900
16,517200
77,527200
4,217400
8,309000
80,600300
1,126100
3,208300
3,182500
3,179900
3,180400
18,768900
27,1000300
4,210900
37,1055300
3,186000
3,218400
7,296400
28,837100
79,576800
35,1001900
3,185400
3,185300
3,186100
99,1107600
41,1296100
3,184200
67,262100
3,266400
4,239600
3,220900
4,254800
3,188700
3,182800
3,184100
3,188500
1,125900
3,188400
3,193300
3,185000
2,154400
5,237400
11,390900
4,213300
3,208500
4,218700
3,185500
4,225100
31,902600
93,935200
3,185500
2,158700
198,565600
146,727600
3,183100
3,192300
180,1589100
3,247200
6,432600
14,605600
3,195100
72,400600
3,217800
707,1648900
4,267900
14,483800
3,190200
3,183500
5,323600
3,236100
3,225700
30,906800
5,242100
3,181500
1,125400
14,463100
4,206800
8,310100
8,310900
4,212800
1,158200
7,284800
1,123200
3,185400
3,178300
3,198700
8,354100
1,148700
12,463800
7,286200
8,300700
3,183500
9,343700
3,186100
1,125100
4,212600
18,815700
31,1198900
3,217600
19,592700
35,978600
316,408000
4,211500
3,185400
3,185300
220,1292000
33,1343300
6,266900
42,1238500
5,291400
13,446000
3,190000
3,185900
6,254100
4,206400
7,288200
3,184200
25,856500
26,794300
3,187200
3,190200
1,129600
3,198200
291,1362800
151,852200
3,189500
3,223700
3,216100
3,251000
19,621700
86,769200
36,1025700
3,183300
9,338900
3,184200
7,289900
63,161800
3,226700
24,875000
6,309700
224,1179500
4,213800
2,156400
3,186000
72,406400
3,179700
1,122000
62,131700
3,180900
3,186100
5,237000
2,155600
2,158200
11,385400
3,274000
2,227300
6,370500
1,121500
41,1189800
6,261500
3,185300
3,185500
2,167000
4,205200
184,1675900
3,232000
3,185100
204,653900
2,154000
6,263200
2,157000
15,527800
3,183300
6,260900
3,181900
25,761500
2,160400
114,1789300
1,157600
6,278200
3,214900
3,188300
3,189100
1,150300
3,246300
122,1667700
1,129400
292,1342100
14,490800
3,184500
14,467200
3,187200
622,463500
6,264500
3,229700
6,294600
8,314600
3,180800
10,368300
43,1870700
3,185800
7,281600
3,164700
5,218000
26,759500
1,116300
11,392600
3,173500
15,475900
4,197900
3,176200
1,117800
6,251900
3,175300
3,177100
3,173400
3,179700
4,197500
75,469300
3,182800
4,207500
3,186500
4,275700
202,852400
2,163600
5,235800
42,1181700
1,130000
1,130100
6,353600
8,331500
9,362600
3,186200
38,1082300
81,638200
226,1223600
3,187300
36,1109200
53,1441500
5,238800
3,193500
2,212800
3,188700
4,208700
100,1094600
3,184600
13,451200
3,236400
1,177500
24,847100
3,191200
7,300800
3,184600
3,226700
645,1056100
3,207000
3,190500
190,348900
1,111000
5,234800
3,181600
6,259500
3,184500
3,186800
2,160500
1,130400
43,1227400
3,180300
3,186400
3,179100
25,764800
3,182800
3,181900
26,791000
34,1262300
3,227600
3,192600
3,184000
3,186000
8,321300
9,359700
3,184200
3,185400
2,160300
3,182500
3,186000
3,181600
90,864900
11,385800
227,1247100
58,1630700
6,281200
1,131200
1,131700
129,288400
4,213200
433,2245600
3,241700
6,261900
21,703100
3,188200
5,239200
62,130000
6,262800
6,262100
4,209100
3,193600
3,188600
3,185000
1,124200
3,183200
11,387100
6,262600
3,182800
5,232300
24,737000
3,184300
5,231500
3,186800
6,258400
3,180000
6,293200
4,211900
6,264000
4,213000
3,188000
2,160500
3,183600
3,195800
86,819300
3,274300
7,377400
52,1496900
3,181500
4,212100
107,1286700
3,212500
244,1850600
5,257700
41,1156700
4,235900
1,126100
14,466600
7,297100
3,181000
3,181200
7,287600
3,181700
3,496400
185,2098100
4,272200
17,609700
39,1095400
4,207400
3,181700
3,180000
4,207900
3,190700
6,263800
4,212000
235,1493900
3,181100
5,234300
51,1383800
16,559900
3,255500
19,654500
6,320500
2,159100
4,218500
3,178900
5,239800
56,1535300
3,179700
130,314200
7,281700
3,184900
6,263100
3,184300
274,889300
8,308000
24,727200
3,186200
2,157000
3,191700
1,125100
2,158000
3,182200
3,179400
2,153700
4,210200
13,435700
3,185500
4,222000
12,455400
86,898800
3,190500
3,182000
82,660900
10,374700
271,862400
24,742400
5,233600
3,182800
78,541500
5,235900
1,127900
2,160400
4,206900
35,1022300
3,225400
5,332900
3,287700
7,426700
73,430900
118,2308700
3,179200
25,796000
1,146000
3,190000
31,911700
3,187100
3,190600
17,544100
3,220500
9,336000
3,185800
4,213800
36,1030600
210,811300
3,184500
3,181900
3,196300
1,126900
28,857600
3,183500
83,915900
6,289200
321,592900
3,181300
5,244000
3,217600
3,194400
68,286900
5,232800
1,137200
7,393700
3,194900
3,196700
29,925400
2,163300
5,237800
8,315000
14,459500
99,1093300
2,157200
4,207200
3,180200
3,183600
10,371300
3,184000
36,1042100
5,238200
3,190200
14,564200
4,252600
4,206400
267,697600
97,1039300
9,361100
3,180700
22,671100
6,272200
4,206200
3,180200
123,1686300
83,711200
3,188600
15,489800
265,676400
3,181500
1,122900
2,176200
2,220900
52,1881600
417,1414300
3,183700
3,209000
10,363900
3,184900
3,184400
142,640000
105,1230300
3,179700
1,129300
6,272600
36,1026800
189,266100
3,187800
3,200800
3,195400
6,272200
248,211500
3,187400
368,2476400
5,268200
3,187600
30,890800
53,1469300
3,201100
3,254800
5,278600
3,199100
1,129700
22,678100
3,195900
3,184000
6,269500
3,178700
508,690500
7,284300
28,834600
17,554400
7,430800
8,330500
6,305100
3,185200
163,1163700
5,236400
3,193300
4,207800
3,186300
8,312000
3,182800
9,393200
62,131300
6,257900
3,189000
3,186300
15,494200
3,179800
273,861300
5,245900
3,216300
169,1314600
4,207800
27,834600
3,186400
7,296900
3,222800
65,231500
3,169100
6,315800
3,186000
2,145100
22,678900
5,230300
3,178600
57,1557400
6,255000
4,209300
8,313000
1,121100
1,125300
2,150700
4,206300
3,178800
11,386100
3,179500
5,235100
63,157400
25,754800
3,187100
3,182900
3,182600
28,834500
4,213300
3,186000
4,207800
37,1352200
4,215400
17,552100
81,661900
3,186700
7,297500
6,265400
3,185300
1,138300
9,339100
35,1048700
3,252300
3,181900
2,160300
3,181100
32,1200700
3,187000
459,950900
3,188600
5,233400
3,187100
25,786300
31,1087800
442,540000
3,185000
60,1676000
3,185800
84,706000
3,189400
103,1195400
6,261300
3,183200
13,443500
26,818000
187,218600
11,388700
3,197000
3,180200
4,206900
3,186600
5,244100
180,1881400
3,198700
32,1128600
7,286900
322,558900
25,751200
6,271500
2,166100
3,173200
2,150600
4,232100
1,133500
381,561100
3,175100
3,187000
1,117900
3,175400
10,353300
537,1416900
12,410300
3,182900
440,460300
11,420400
87,888900
14,502000
4,213300
8,343600
3,185000
3,184400
111,1513500
50,1391700
3,198800
3,187100
8,314500
28,863800
3,207900
105,1378700
4,219300
13,452800
512,795900
15,747500
96,1008600
3,180200
2,169700
72,414700
3,193000
65,210700
4,211600
15,490200
78,540400
3,198200
7,306100
3,232800
17,551200
7,294400
3,178200
3,179800
27,857900
3,193900
2,160200
6,265600
3,230100
13,445700
24,754600
176,1612700
3,185100
3,193800
6,267400
11,387800
40,1420400
4,243600
3,184100
4,251200
2,161500
4,205700
1,123900
3,185600
3,187600
3,189200
6,271900
3,186700
4,207600
2,155700
3,181300
24,728600
4,219100
2,159600
3,187900
8,330400
57,1553500
3,187000
5,273700
6,291500
3,231800
1,131500
62,125900
3,185600
3,190200
3,187700
34,980100
113,1520500
36,1078100
27,815200
494,1813700
3,188500
313,318400
3,179400
23,1013400
27,1203100
211,844700
6,268700
499,401300
3,184900
6,258100
1,125500
13,448700
14,464000
3,183300
44,1224700
78,552300
4,257000
124,157000
3,180800
10,374500
4,215100
1,128400
5,251600
4,212500
11,426100
3,180500
218,1121300
8,314300
7,338100
20,662700
4,215600
7,360700
7,287200
6,262800
3,181100
81,615500
3,187700
3,181200
7,296900
7,297600
1,158400
301,2149500
104,1210900
3,186800
8,308500
124,162200
3,183100
3,186100
1,126400
2,154700
3,183000
4,213000
44,1569800
4,208900
3,186900
465,1165800
25,798700
3,194900
183,1671700
3,182200
1,130300
3,187300
4,208800
3,186700
4,209000
4,211600
3,183800
2,151900
32,936500
3,188600
5,233300
3,199400
38,1198200
4,296500
3,223300
2,198000
11,517500
14,484900
19,600600
3,186300
3,179200
7,292900
15,496700
28,837600
3,186700
2,177000
10,372600
12,430700
46,1265500
38,1117700
4,210600
3,180200
32,937500
3,182600
57,1861900
3,183600
36,1015600
18,577700
3,185300
32,948200
1,126500
7,297000
3,182000
394,842400
7,287900
9,336900
9,426100
3,182000
3,168800
6,282400
1,124200
1,120200
8,326200
5,235700
19,610800
40,1198700
3,218900
3,174400
11,404500
338,1266400
6,251800
3,175300
114,1766900
3,189100
7,312300
24,731400
3,190700
18,573500
3,187900
1,131700
3,180100
194,396000
10,363800
20,621900
30,1141400
3,201200
3,186200
3,180300
3,181900
3,182900
18,590200
28,888700
134,495700
3,261400
3,242500
98,1128900
3,187900
85,736000
4,220800
3,185800
9,444000
3,187200
3,182300
1,128400
5,238100
31,914100
4,272900
2,216800
28,955600
655,1342400
3,186300
36,1043200
4,217900
39,1369200
3,188400
1,124800
2,190500
49,1388400
3,187500
9,340900
7,288500
4,210600
1,126200
2,160900
3,183100
5,233500
1,137900
3,183500
11,415400
30,1403300
13,513400
54,1557700
56,1592900
3,226200
3,200600
150,824500
7,290100
3,186000
3,179100
3,187300
3,194600
468,1157400
2,159400
3,185300
43,1495500
1,137400
227,1246300
4,213200
3,186800
7,284600
3,184300
3,182300
2,156000
7,304400
636,774900
3,184800
110,1689300
64,191800
3,186400
99,1095400
20,621500
4,208800
3,183600
3,184200
3,181600
336,1015000
246,1768100
4,206400
14,457400
2,153900
3,179900
3,215000
350,1320000
9,346200
11,385500
3,193100
17,548100
3,187200
79,572400
4,214500
3,185400
2,168100
15,489700
239,1537300
3,184900
20,935400
5,257400
30,1118900
3,200900
2,152400
1,148100
33,967600
3,185200
3,184300
1,127500
52,1471900
57,1637500
4,217900
3,185100
3,187400
3,181200
62,131600
276,924700
3,187300
7,295200
1,129900
6,416000
1,183700
4,211200
67,275000
593,1254300
3,187200
4,209000
2,158600
3,184500
17,550600
3,187600
4,209100
1,128700
3,187000
6,262500
3,182400
375,344300
16,522000
62,124700
3,182400
2,154400
35,1134800
3,240200
5,238000
3,188300
2,155500
3,181900
3,185400
57,1655500
4,252000
3,264100
1,131600
1,127600
9,343600
6,259700
3,184300
4,210400
4,207600
3,186200
3,180900
3,181700
2,154500
5,242200
4,214800
6,268400
1,137500
3,183100
8,312000
38,1091400
5,236400
1,130000
3,185500
1,125000
3,183100
7,293200
4,253700
4,208300
3,194500
17,546300
3,182100
33,948000
21,701000
19,834300
4,211700
3,180800
41,1164900
4,211900
5,252800
3,230900
83,763000
4,216500
9,339900
3,183700
6,289100
3,179800
105,1297900
3,190100
2,165900
5,236300
28,879800
3,181800
1,126500
5,231800
3,189300
3,183300
1,129900
3,186900
3,234600
13,594800
7,401200
1,131300
15,494300
5,246200
13,437600
72,392800
4,210100
18,570400
155,968700
3,186900
3,184000
3,184700
4,212400
3,180700
7,405700
4,208600
6,264400
3,192000
375,348900
3,182200
61,1825700
4,256000
3,194400
15,629400
6,343300
2,198600
74,446100
570,655100
3,181700
13,437700
3,184900
3,190100
6,258800
2,157900
5,235800
3,185300
3,193500
29,845400
245,1731100
3,182700
3,185300
12,409600
5,239400
8,334500
3,186600
8,308600
30,1144900
11,416600
1,127600
23,723600
6,260800
3,183500
3,185400
11,393400
12,411800
4,214000
3,184300
89,824200
3,212800
3,222300
3,187100
590,1507400
3,189200
9,335100
16,556300
55,1536900
3,187200
6,374300
6,412800
6,332900
3,189800
16,514900
169,1345900
51,1398600
5,250600
37,1401600
94,969400
5,237800
3,184600
2,158800
8,307100
17,539300
3,185200
4,222700
3,185900
3,183900
68,289400
6,358000
3,258700
3,222900
3,184100
3,225300
9,387100
24,712500
12,420500
38,1107900
3,180900
6,257500
6,262200
3,184500
598,1370300
10,360800
7,284800
4,219600
3,218600
3,188800
3,178800
3,187500
19,649700
7,290000
3,188900
15,491600
3,183000
31,1116300
3,209100
105,1240800
3,186500
3,183500
4,210800
12,423800
3,180900
3,185000
2,160300
119,2293300
5,233400
1,123100
3,185400
2,178200
16,628600
3,183200
486,1608200
3,187800
4,211600
7,450700
46,1391500
3,183300
5,235300
3,186900
3,184600
3,180800
7,301100
3,185500
3,185700
3,181500
103,1167700
5,240500
7,289100
3,186900
3,181600
8,309300
11,385700
3,185100
3,184600
6,266900
2,158200
8,311900
6,277600
3,223800
3,186300
3,181700
388,676500
6,256700
6,263000
4,265200
73,721200
3,309300
41,1506300
3,184500
3,265500
3,217500
4,318700
3,231400
1,127600
24,754000
3,198400
3,182400
366,1694400
234,1421700
4,216100
3,186100
26,786500
178,1894200
3,190700
3,183100
3,185000
3,184500
1,131100
2,159900
3,183900
7,311900
125,184400
13,434000
3,184700
4,289900
216,968000
19,596900
3,202300
25,740600
76,530200
7,286900
3,184500
3,179900
2,151600
5,237200
128,265600
7,372600
3,206800
3,191200
473,1610900
2,158800
12,423000
166,1235700
14,471700
7,290000
4,214400
33,972000
7,289900
3,184000
392,778800
6,263700
19,605700
71,366700
3,181300
1,125800
52,1433100
3,180800
48,1670600
5,240400
11,399900
172,1394000
45,1357400
3,219100
4,239100
3,194700
3,188800
552,1854400
75,460500
491,1743300
253,441700
3,215500
5,297900
65,223900
3,190300
5,237300
300,1526000
2,168400
1,132100
24,719200
3,184300
3,178600
26,798100
43,1230300
7,289600
3,183200
250,280500
3,186000
4,212900
12,417700
3,185100
3,209300
203,639400
2,162100
10,361800
3,183000
3,208800
3,211900
23,911100
5,231600
5,239500
7,292500
1,125000
3,193100
5,241100
3,185400
3,195800
6,264900
3,181500
3,183800
6,267300
1,125300
3,188100
7,290800
8,313600
6,281400
3,180000
3,180300
15,490900
71,363700
3,187000
30,937200
2,162400
5,236700
3,182700
2,159800
3,185000
4,206800
8,345900
3,179200
1,128900
3,184000
1,129100
3,215500
6,436300
2,199100
2,145300
4,246800
3,182800
3,183500
3,186900
3,186100
22,683900
3,183800
8,323700
19,610700
28,824000
3,183800
45,1277700
6,292400
9,519300
99,1137200
3,187000
3,186400
26,791000
3,190500
19,640000
7,274700
36,1117800
3,188000
3,185700
1,128700
14,478000
21,656500
3,187300
3,191900
33,955700
27,825700
4,210600
4,236500
7,335100
2,152400
13,444800
248,278600
3,192100
4,213100
4,209300
7,286300
485,1595600
3,192100
2,213600
4,255800
4,268000
34,988300
38,1318900
5,238700
9,341700
3,186300
1,154500
4,214400
15,490400
9,346700
3,185300
14,466600
570,660700
5,235100
2,156100
3,228400
10,371800
3,185500
9,405800
3,188100
4,208500
60,1734200
2,201000
3,220200
4,234900
1,138300
90,931600
3,191700
3,182100
1,128600
126,213700
3,192100
12,411500
352,1305700
17,561300
10,364000
3,186600
6,264500
5,234100
8,310100
3,200700
9,390500
3,181800
44,1402800
18,580400
6,259000
3,240600
140,824700
4,224900
2,159000
24,732500
3,187000
15,500600
5,246600
5,238100
3,183900
3,181700
12,415700
361,1544400
15,516900
3,184700
52,1426700
310,241100
3,191000
13,436100
3,185900
2,161800
15,488100
343,1375000
62,280800
80,657200
3,190500
4,210300
1,119900
3,176700
82,1256400
24,740300
3,182400
3,186400
3,181900
16,509300
6,256900
236,1531100
2,158700
10,362000
16,522100
3,189400
3,184000
4,207400
3,180200
3,179400
3,203900
3,232800
1,128600
1,113800
2,164700
76,576800
3,182300
4,210800
2,161800
3,182600
3,186700
7,282500
3,190300
3,179800
31,907100
49,1365300
3,183000
71,364900
24,725300
4,212800
39,1115400
3,181000
3,183300
3,181900
152,1175600
3,185900
3,269300
11,493100
14,467200
3,183800
4,207600
3,188700
4,222800
442,564700
59,1660200
3,183100
2,159200
6,256500
3,186800
3,184300
3,182500
101,1165800
37,1116400
3,186800
3,186400
4,211900
3,184800
19,610900
3,185400
3,185500
1,129400
9,445800
20,747100
3,189500
14,477900
52,1446500
4,212100
4,254100
2,167700
9,338800
3,185800
2,156900
183,1865500
3,183800
5,235400
3,182000
12,413000
4,222000
3,182000
4,214600
187,218300
3,180400
8,317200
3,185300
59,1816600
3,180300
7,316600
4,216300
3,186500
110,1357300
1,123200
3,180100
2,167100
42,1211800
3,184800
7,283500
4,217200
3,188100
33,955500
3,186700
3,199700
5,233100
5,250000
49,1366600
4,304800
3,196800
3,204300
3,218400
4,266900
9,391400
89,915500
3,187100
94,970700
12,415500
2,179700
2,162300
36,1023900
9,334200
22,708500
36,1082300
310,242900
2,158700
13,463100
7,283100
6,271000
2,154300
5,231400
2,158300
40,1403000
2,154600
2,152200
1,129600
6,246000
2,168400
1,126500
1,126500
4,223400
2,156700
7,286400
3,185800
1,132100
1,130500
6,314400
1,131500
1,132100
3,182700
3,188700
3,182400
8,309400
2,157800
1,123000
2,158600
458,908800
111,1632200
17,563200
3,188200
5,243600
11,390100
3,187400
1,126000
406,1380300
2,152900
2,154400
2,157400
60,1667000
7,288600
2,163400
1,128600
13,448000
2,155500
2,160000
2,154700
2,157800
5,236700
3,184900
3,183600
2,151200
8,311800
175,1473500
4,212400
28,844900
16,520800
3,188500
7,287400
19,798600
116,1576700
4,215000
16,544300
3,225500
1,141400
178,1655200
48,1359300
57,1570500
180,1590200
4,211600
2,221000
1,162600
3,240900
2,180800
3,217500
1,130800
3,184900
61,1694700
4,213600
2,156200
2,159900
6,258000
6,263100
91,894200
18,570600
2,161100
20,615900
2,165200
15,489900
2,159700
228,1290800
18,659100
14,740900
6,353400
68,309200
74,482300
2,155300
6,269600
5,240200
50,1399200
2,161400
2,155900
9,343200
138,529400
2,158400
2,158000
10,365200
7,289100
9,346800
30,890000
6,321800
154,970100
8,316400
7,304900
5,262900
2,200700
25,826100
3,189000
176,1508200
13,439300
2,153300
7,290600
463,1059400
237,1659100
4,296600
1,136100
35,1028400
4,229000
54,1471200
1,147800
300,1742900
2,151900
2,149300
182,1716700
172,1398900
1,129800
2,154800
2,168100
4,213300
1,130000
2,171500
5,220600
4,193100
1,107300
2,152500
2,157200
1,131200
2,155300
1,125300
4,217900
44,1224200
2,193900
43,1384200
2,174700
1,153600
347,1349300
5,233500
2,158900
27,799600
2,169200
9,336300
8,313600
20,632200
2,162700
11,396600
39,1106000
2,160100
24,730100
121,1608700
3,187200
418,1875600
19,622300
26,823700
59,1649900
7,288600
2,157000
52,1494500
1,127900
1,130700
7,307100
5,261900
2,158600
3,191700
2,152700
3,180300
14,466000
6,262000
1,132600
2,157100
2,183000
39,1362400
85,753500
12,425700
3,181300
53,1459900
6,265400
5,242500
1,128700
3,182000
73,418800
3,182300
3,194300
3,180600
32,930700
12,409100
3,187400
3,185200
2,156600
58,1594000
132,467200
5,289700
15,521900
41,1254400
2,180000
17,751400
53,1614400
100,1109500
2,161200
2,165500
2,161800
2,160000
2,158200
1,127800
15,488500
3,187000
2,158900
10,485600
2,157200
99,1067500
8,337200
2,171000
7,318000
409,1245600
40,1125400
2,155200
5,236800
13,435400
1,124800
3,183300
5,235500
3,195000
2,156400
3,185700
307,1743200
9,336200
1,127800
1,128700
15,487700
657,1477400
2,159800
49,1596500
18,572600
2,158600
2,163500
4,209100
1,127000
2,171000
40,1117100
1,129200
19,622200
28,825100
1,126100
4,213200
2,150700
21,656900
98,1062000
6,265800
1,123900
21,661100
4,208200
25,763600
2,161200
245,2130600
225,1301500
1,153500
23,765200
1,129500
27,805600
1,128400
9,344100
1,128600
109,1371600
38,1068400
4,220300
501,455200
1,126900
18,568500
1,127900
24,1011000
2,157600
3,183100
1,123100
8,317900
613,1743500
1,128000
1,123900
5,244200
16,516100
146,725900
7,286400
1,126500
3,186400
10,383400
1,123300
7,304100
32,953400
56,1634400
4,255800
3,183200
8,435500
63,239300
1,167100
1,129600
2,165000
2,153100
2,159300
79,579800
7,287900
16,640300
1,132200
1,130500
2,155000
13,437300
2,176500
114,1460200
3,187000
15,491700
4,207800
2,167600
3,183900
23,744400
100,1107700
49,1392400
6,321100
2,153600
1,144300
202,656100
5,235500
2,152700
6,260600
2,153800
22,684700
1,155900
194,395000
29,1136900
54,1696900
4,227800
1,124600
42,1170900
7,289500
53,1457000
3,180600
26,928200
3,182200
1,126900
4,210800
5,235200
1,128100
4,215900
1,129800
1,125000
1,127100
7,299900
3,180600
6,259800
10,360200
59,1608600
11,390500
1,130300
41,1149400
6,261300
1,128900
4,207900
6,262900
1,129400
7,305700
3,179500
4,223100
8,313600
6,262500
40,1321800
1,133500
25,807600
5,240100
1,130800
1,130900
14,474700
4,207000
1,133500
7,283600
1,129100
1,129600
56,1592500
92,904800
1,131200
1,118300
2,166700
60,1660400
1,129100
3,192100
20,641700
4,308100
3,195900
6,404900
4,237600
25,773700
1,129300
1,129300
135,452200
8,313100
1,128800
2,162600
3,183100
8,312800
1,158600
1,126300
4,212300
1,125200
85,726700
19,607900
2,198800
5,251200
32,999200
2,160700
3,185100
2,154300
16,512400
1,121800
4,209800
9,340200
2,165400
15,502200
5,340600
94,1022700
1,139200
196,530400
5,230600
1,129000
95,982800
2,161400
2,161600
1,123200
93,1010500
7,333900
1,131400
1,131500
12,416800
5,239900
6,265600
2,151500
2,159500
28,828300
1,126600
1,126700
16,524700
7,284300
1,129200
1,151100
1,127700
55,1657200
7,334400
66,247300
4,207400
1,125700
18,862000
20,625400
62,139300
2,161200
4,210300
5,237500
59,1628600
1,131700
1,130600
11,401900
116,1524300
23,703800
185,1868100
5,247500
2,169100
2,155800
2,167700
2,155700
2,154100
32,929400
1,131700
4,245400
5,249300
2,169200
2,154600
1,129600
6,266700
2,154800
4,262900
127,243200
3,185800
45,1312800
3,189300
3,182700
2,159200
1,126500
1,135700
93,986900
20,790900
1,131700
6,268500
1,133200
64,191200
1,131900
48,1509300
2,161500
3,184200
34,1005900
1,129900
1,125200
4,208600
1,136700
5,239400
1,126500
4,214900
3,186000
10,369900
21,659600
699,930100
1,125600
3,184100
4,209100
397,940300
1,131000
2,159000
3,234900
1,131300
2,161900
176,1537900
1,129900
1,131500
30,1070100
99,1091900
2,159000
1,131900
2,163000
3,182200
64,211300
6,309400
1,161900
2,192100
2,198000
655,1297100
259,501900
3,192600
1,124900
2,155700
7,287400
2,160500
3,191900
1,131600
16,520400
1,125900
116,1532200
1,131700
2,163200
2,160000
1,127000
17,849800
21,707500
4,217600
1,131000
2,157400
366,1709800
6,263300
3,186800
43,1213600
1,133900
3,184200
7,291300
3,185000
3,186900
12,429500
19,610900
196,445900
1,130000
2,159900
1,127900
1,130600
2,155100
4,246400
45,1624700
2,157000
1,139100
1,129000
2,156500
1,130000
5,235300
6,264600
38,1084300
437,369900
1,128400
1,132900
61,1676500
2,157600
10,358500
7,288500
4,211100
4,211100
2,158200
2,154200
2,152500
1,126200
17,550200
1,156000
4,212200
41,1164900
1,127300
1,126400
2,170900
46,1458800
62,124700
6,265900
111,1398400
1,127700
2,156000
121,1799200
8,481300
1,140400
5,225500
62,130000
1,125600
4,209700
1,128800
256,429500
1,131200
4,211700
1,127200
5,247000
7,286200
67,261900
2,159000
3,194600
9,338900
1,125800
1,131800
613,2113700
221,1077200
27,845800
113,1448700
3,189800
1,129700
9,338900
1,128900
6,260000
1,149400
43,1201700
1,128600
6,276200
8,313200
307,2041500
4,213100
4,219400
3,244500
1,148000
1,157700
3,225100
8,403200
1,146800
4,251100
6,334800
483,2168700
1,151900
90,1183600
1,149000
1,161300
76,703900
4,262300
2,200900
4,268800
1,149400
11,533800
3,230100
1,151200
221,1609500
3,249700
2,203800
2,210100
4,239600
5,234400
1,123500
1,121900
3,186700
2,157400
4,206300
5,239800
11,391900
37,1044600
3,190800
4,207200
13,439700
1,130400
1,130500
2,159600
5,232800
1,126800
15,526400
155,1271000
7,295400
4,211300
19,936900
33,1481800
52,1668400
1,128800
1,130800
11,394100
1,127700
1,126700
22,675400
1,130400
2,168500
2,159900
2,152900
4,209500
1,128900
2,160200
3,181700
18,585200
54,1491400
37,1135700
1,138500
95,1179100
1,130600
10,377300
1,124600
82,659200
1,140500
2,170800
1,153900
1,141700
65,259600
5,226800
1,130200
1,124200
22,733000
34,1034700
23,697100
1,125700
2,161800
3,184200
2,161500
351,1374600
6,263600
10,365400
30,1059200
2,199200
1,142900
60,1625700
7,291400
4,205500
25,761700
1,127800
10,473300
193,367800
1,136500
1,131100
97,1031300
65,212000
3,183500
3,211500
2,159300
8,316000
1,128100
25,759100
2,156500
4,212200
4,241200
41,1823100
1,132800
30,887000
2,162800
8,315100
3,184100
6,265100
1,129000
1,125100
2,157800
8,364800
20,690300
3,185300
408,1343800
19,591200
3,184600
1,123600
60,1639500
1,128400
1,126300
6,265300
1,126500
2,179400
2,169400
26,865500
3,190100
1,124700
7,294800
4,218300
1,156300
11,400200
42,1175100
1,129400
113,1558500
30,1241800
4,220300
1,128300
6,262100
12,526000
3,177900
40,1306100
79,574900
9,406800
1,124000
7,304100
106,1243500
70,342900
1,144900
2,158300
1,127000
1,127500
3,182500
1,127600
1,129600
1,126400
2,157900
2,159700
1,125500
6,262800
1,130500
1,126600
1,125700
1,131400
10,434800
2,160600
6,259800
4,212400
1,126600
2,159600
1,130400
7,287700
2,154000
1,124700
3,183400
8,314100
7,290900
435,314900
4,220900
2,154700
4,212100
5,237100
22,670300
4,264900
67,319900
1,150300
1,126800
9,400200
1,205900
1,175600
4,209700
162,1144800
7,286700
1,125500
11,386300
35,1009700
82,688700
5,236200
3,192600
1,127400
2,162600
11,400800
14,508000
1,123700
13,436800
314,406600
7,297200
23,715800
14,462200
6,284500
1,157200
5,350700
45,1533000
3,191200
5,248200
3,186600
6,269900
2,159500
6,261600
18,567900
2,158600
10,378700
13,458200
5,233000
1,123300
67,270400
2,155500
30,881500
4,240600
78,583900
2,201300
6,323700
1,155900
221,1192500
9,358000
115,1623400
6,262300
1,128400
1,131700
373,319300
44,1217100
1,124300
4,215400
3,186300
4,219300
1,124500
27,806500
46,1279500
3,182400
1,125300
6,258300
24,716200
1,123500
53,1619300
14,515100
2,174600
97,1028100
2,158600
77,518100
2,186600
1,148700
68,407400
4,214400
1,130100
443,609400
31,952500
1,130100
3,189700
19,593200
7,286400
2,160900
3,188100
1,125100
2,154200
1,124900
2,158200
4,211700
1,125100
197,473000
8,319500
12,473200
18,684700
26,926400
58,1642800
85,789000
1,129700
6,264600
2,161800
3,187100
15,488500
2,166200
1,124100
1,126900
7,285000
39,1100800
19,611400
1,124700
4,211500
48,1452500
6,292500
6,314600
17,916400
5,250100
5,239800
38,1062600
3,182000
1,124800
3,182800
34,975200
4,207900
40,1124700
7,284800
117,1529800
2,155300
1,129700
3,182600
3,180400
92,916200
2,159700
13,450300
5,237300
34,1313600
4,226800
20,631700
3,203200
7,288000
40,1230800
2,158600
58,1841500
4,213800
2,160100
3,187200
19,593300
2,160200
165,1227700
7,284700
2,160800
2,152400
4,231200
5,240400
1,128900
1,128300
1,125600
2,158000
7,462500
1,152500
3,225000
16,529800
2,156700
1,126400
1,132600
8,349000
2,156300
2,159900
8,312000
2,159400
239,1541900
1,127800
1,129400
44,1268700
3,181500
8,314600
2,156000
7,294300
1,132000
1,125500
1,126800
3,187000
1,124800
6,276700
4,206900
39,1120400
1,128900
35,1379400
3,262400
11,459900
18,641200
24,738300
1,129400
6,266600
26,777700
1,126900
469,1184300
221,1082500
31,911100
43,1205500
17,554100
2,156900
1,125200
1,144300
1,144000
1,118400
6,296100
1,143700
1,130100
1,148300
4,227500
6,261600
3,184200
2,156200
2,163100
1,129300
17,541500
22,681200
83,677500
39,1128500
1,130700
2,160300
1,129200
1,132100
4,216400
1,128600
2,154900
1,123500
5,231400
2,171900
204,825600
97,1119800
1,134700
5,234000
2,160100
5,236700
1,126600
377,514100
2,163800
15,540000
1,132800
2,155700
2,149900
24,722500
1,128600
10,359800
1,165600
28,829800
2,157500
19,596700
269,769900
76,489600
7,288700
26,774800
1,132600
1,130700
1,126600
6,259800
14,474000
5,235900
1,128800
1,124100
2,168000
1,143100
145,707500
8,453300
78,575000
19,620600
4,207100
2,158100
2,182300
1,156100
2,159900
17,548700
12,423500
2,159500
7,288200
2,155400
35,992900
1,131400
5,239900
1,124200
6,264200
2,153800
7,287400
1,129800
2,159200
2,158200
3,179600
3,198400
4,205900
18,589700
4,210400
6,264100
2,154300
1,124500
92,919500
42,1530400
8,357400
1,126400
1,128100
3,189500
2,153400
1,145200
1,129400
1,129500
6,258900
1,132100
17,543100
1,127400
7,287800
4,208800
16,512300
75,483400
21,680800
566,553100
2,156500
3,179100
2,166300
14,592300
14,694500
1,131200
350,1543200
4,227300
1,131600
17,558600
1,124300
197,475800
1,124200
2,159900
4,211500
1,125100
6,259200
1,124500
118,1563600
1,128000
5,237500
2,177500
15,499200
22,667300
1,125200
1,130000
1,124600
1,137200
1,133600
14,474100
4,209600
4,210400
43,1198900
2,169600
86,1011000
37,1088700
40,1142400
299,1698500
1,142500
8,324700
6,250900
2,157300
10,359700
1,116500
283,1095100
80,602900
3,184200
1,125600
3,184500
1,156700
16,651500
1,161500
1,147200
1,171100
3,250600
1,182700
2,208300
6,299500
73,511900
1,152000
5,278200
2,196100
170,1649600
4,264400
4,231600
73,485600
3,239800
1,161100
93,1243700
4,250100
56,1953100
4,258900
1,153300
3,215900
1,166900
1,152100
2,224900
7,426000
401,1432100
1,152100
5,320200
3,252300
1,143300
288,1321300
2,158200
580,1453500
3,242000
1,133200
10,383300
146,750300
13,449600
1,145900
1,127200
1,125800
1,127900
7,286000
14,467300
30,933500
34,1352500
394,883900
1,129800
5,237100
38,1116700
1,131400
1,132500
2,159000
1,125300
89,936800
3,195900
14,491900
3,186600
2,163300
1,128100
4,261800
1,123600
1,131200
21,745400
1,127900
1,150800
72,422600
5,239900
10,392900
1,126600
18,607900
6,390900
2,231100
1,125400
1,120100
45,1336000
2,166500
2,160100
11,391800
311,353100
136,518100
1,124900
1,132500
19,602800
1,125900
1,132500
1,150700
13,456200
1,268900
1,146200
2,165300
2,159400
276,1022000
4,309100
4,278200
4,263200
2,163000
2,189300
4,217800
2,191600
4,327800
4,268700
2,221600
1,183100
7,401600
4,251100
2,183900
2,191300
31,1048300
3,217800
1,140900
1,151100
11,440300
59,1652300
2,184600
3,214300
18,634200
37,1080800
56,1783000
122,2046700
61,1811200
1,133500
490,1714900
6,290500
1,155700
2,184600
1,153800
1,159100
196,685100
3,198000
1,137600
27,825500
2,164100
4,223300
3,278700
14,542800
336,1043800
39,1134800
5,237900
9,361400
8,368100
1,140000
1,133000
4,215000
1,132000
2,163400
2,172100
2,168400
5,234300
2,172300
14,474300
1,135500
156,1015600
29,891900
4,213300
7,291900
1,127900
2,165300
7,288900
6,303700
112,1790400
1,131900
1,135000
354,1549700
10,444900
25,828200
2,169300
41,1194600
1,152900
2,192100
3,221700
1,145500
53,1497900
353,1391800
3,282500
49,1723400
1,136600
1,132300
6,283800
475,1353600
4,219300
3,213700
1,130800
69,402000
2,171600
3,212800
405,1146300
12,411600
3,203700
2,182900
5,249000
211,1128700
2,153500
82,709100
6,351100
1,141800
3,196200
16,525000
6,263800
2,160100
1,129100
1,133400
18,566500
4,218600
1,127800
2,156100
12,531500
82,684400
1,126800
3,182100
1,131100
5,238900
1,128500
7,286600
4,212300
688,545600
1,123800
1,128300
56,1600300
3,187000
2,154400
421,1508400
52,1735200
1,131500
7,283900
21,658000
1,130800
1,151000
4,251200
1,118700
1,148200
2,160200
1,123900
7,293300
31,914900
6,265500
6,260400
1,130900
150,844100
2,156300
1,129900
19,594200
18,571200
5,242000
68,312200
96,999800
4,238600
9,384200
7,350400
18,570900
5,240400
1,129200
1,124500
2,162300
32,962000
2,158100
52,1482100
69,379700
1,127000
7,294500
4,209500
2,160600
2,158200
4,212200
23,719700
1,128600
36,1042900
2,158700
6,273300
50,1629200
6,352900
29,846900
1,126500
63,158200
2,158200
60,1630800
4,220300
11,393500
2,168200
146,756200
4,210600
2,159500
32,976500
248,216900
3,183000
21,653700
2,160500
2,184100
1,125300
18,591800
1,135900
2,155900
1,124900
183,1885600
1,125200
12,420300
1,122800
5,242100
4,208000
29,1115300
28,883400
1,134400
1,126700
7,303500
1,136000
13,462200
1,129800
112,1431000
28,837500
2,158700
4,215500
55,1591800
2,227200
1,180500
4,287600
54,1582100
123,1754500
3,189100
20,733200
2,157400
19,597500
2,158100
4,205600
1,125000
2,163700
6,269800
12,422100
7,292100
1,125600
6,262400
7,284900
2,157100
6,275200
1,124300
1,123900
14,469800
62,126600
6,267800
449,773600
1,133700
1,132400
1,134500
9,365800
1,151200
7,322600
8,471400
25,816600
2,150900
4,199400
5,230600
525,1181600
224,1173500
5,245900
3,188200
3,180900
1,124000
39,1136700
2,156500
10,373000
21,691900
2,169100
58,1601600
1,145000
6,347000
3,200300
5,224900
4,197900
103,1432800
1,152900
211,863700
1,131600
1,131300
3,212300
1,130800
1,124900
42,1195000
133,400800
6,344700
12,582400
1,137300
1,134700
3,188000
11,386900
581,1131900
20,644300
65,219700
2,167600
105,1299100
2,160200
1,124000
11,395000
1,130100
1,132100
48,1448700
2,159300
16,531500
1,132800
33,975300
62,127200
7,291800
2,161200
10,366900
18,585000
5,246800
23,930800
34,994700
108,1460200
2,158400
1,141000
4,218200
2,199100
1,336400
104,1503100
5,234300
2,155400
1,130200
8,371800
2,170600
1,128500
52,1950200
7,310700
7,431100
4,250600
11,393700
107,1306300
59,1628600
3,188700
4,208000
73,419400
2,158000
6,267700
44,1282000
1,131800
48,1350200
2,160600
6,261600
43,1227000
4,368300
1,168500
7,722600
1,170000
1,176700
6,358800
537,1581900
6,270500
1,155100
1,135200
1,126000
42,1215600
1,123400
19,625000
1,126800
198,510300
2,154800
2,156800
38,1103500
1,130000
1,131200
25,766900
6,268200
2,159300
15,668600
5,282900
2,162300
15,495300
171,1393400
17,555500
22,701600
3,183700
35,1136500
4,213600
1,139000
2,214400
263,607700
19,653300
5,243000
48,1379700
3,182400
373,301300
1,125400
204,1096600
43,1225400
65,220300
2,160200
2,160900
6,266300
2,155400
126,215100
20,640300
2,170900
8,374800
1,133200
5,300100
563,484400
146,754100
94,984300
35,1013000
2,158900
2,154400
2,159000
7,300000
2,155400
1,128800
15,519200
5,378200
3,247900
3,217100
1,150900
1,164500
10,396200
4,219900
2,157900
4,220300
9,348400
43,1232700
3,221000
1,126700
1,131700
2,161300
1,125500
2,158200
2,161500
4,214000
2,153300
396,906200
5,242300
2,155100
6,306400
1,153300
1,134300
4,210600
13,463300
72,397300
117,1609600
1,186100
3,268500
2,192700
6,272800
2,161800
1,129400
4,211100
12,428300
68,303400
26,782100
1,129500
1,132500
2,161400
8,313300
8,322400
181,1629500
8,324500
3,182400
28,991000
6,309100
1,152000
2,167100
11,402100
3,185400
1,132900
3,198000
2,156300
43,1499700
38,1085300
1,125000
10,376400
2,155100
23,707800
2,156200
39,1146900
1,130800
174,1478200
4,231200
129,335800
22,692100
1,130500
24,755100
5,236600
5,234600
7,283800
7,372500
6,291600
2,166500
11,396800
1,129600
2,156400
171,1384200
15,634100
4,262300
1,130200
4,216100
4,208800
10,377900
41,1194600
1,131300
2,162300
7,291300
2,168100
8,318300
3,180200
3,180900
4,210900
1,126300
10,413200
58,1625000
1,135500
2,211200
2,203800
1,173600
1,166000
72,434700
3,183000
5,241400
4,209800
38,1091100
4,208700
6,261700
7,291600
39,1124400
2,155300
27,811100
144,695500
6,278200
1,126900
1,129500
6,272700
1,148200
2,157700
5,235600
5,234900
34,1035500
1,142100
2,205700
5,326500
3,180600
1,139100
208,797600
88,821000
1,132100
2,163100
35,1029400
52,1492000
345,1136200
1,130900
209,805800
3,189700
1,147700
127,274100
102,1177700
2,161900
28,1183700
2,158000
4,213600
8,409100
116,1524500
20,634100
1,132300
1,132700
3,188000
1,124200
4,214900
11,426500
2,156100
17,742100
3,220500
2,154300
1,148400
18,713200
24,737500
3,188400
7,293600
2,155700
1,126400
66,243700
13,457000
1,129800
1,164500
11,588200
3,180300
1,140100
1,131200
23,737100
4,330300
2,225700
159,1437500
3,189400
20,626100
1,126200
1,127800
20,642400
8,313400
376,383200
2,161200
2,156800
274,946500
32,934000
30,964200
2,164900
125,293700
1,186000
1,153500
1,157900
4,216900
70,349700
131,363900
3,183800
3,221500
5,258900
4,259100
35,1014000
11,388400
2,170900
1,125700
2,157300
4,213800
3,191800
1,125400
1,128200
5,249400
1,125500
1,127000
7,289900
1,124500
1,127400
1,127400
6,261600
5,284400
5,245500
149,865000
8,314300
130,316200
1,181300
1,183600
2,246900
2,230800
4,325900
18,790800
27,831900
45,1304800
1,132000
15,504900
2,161600
26,803400
1,132300
1,133700
4,209700
18,589800
3,184600
9,339800
480,1492700
1,130700
1,130700
1,132000
374,453700
4,263600
5,247400
4,204100
2,157000
1,129200
83,800400
1,165000
76,506000
1,138600
2,163700
1,131800
13,590000
17,551400
21,666900
42,1196000
6,260100
2,159800
2,166200
28,834800
11,396200
1,128700
2,197000
10,373500
4,270100
2,161500
3,195900
1,143500
2,159000
2,183000
1,125300
1,135800
8,319700
291,1659400
1,125000
8,309000
1,128200
2,162200
49,1357000
1,126200
707,1456100
59,1636900
5,236700
13,441400
6,262900
134,431400
7,296600
3,183000
2,153800
1,121100
2,160200
15,491600
1,129600
1,144900
2,155200
2,157700
1,148800
2,181700
8,332600
1,179900
101,1217100
64,195600
3,187700
1,131600
92,940400
5,244800
2,157700
21,655300
1,128900
2,205500
10,386600
2,167800
44,1231800
4,248500
30,882300
11,396700
2,155200
94,1431000
6,422500
10,368700
1,130900
3,193200
36,1055100
1,124300
14,474100
1,131000
2,156800
1,130000
140,593500
4,211200
19,602200
3,192200
6,266100
9,357600
1,125900
4,211300
11,389200
137,504100
1,128400
3,185500
1,127600
2,166000
5,234700
1,140600
184,2012300
21,724400
56,1557300
57,1593000
1,130900
3,188300
1,123600
1,146200
9,604100
6,329400
2,174900
362,1575500
1,129300
95,1037200
33,1265800
1,110500
6,268100
93,958900
6,267200
166,1266500
118,1579500
1,124400
8,322700
4,220800
1,131700
4,212600
5,246100
2,185500
1,129400
66,238300
26,779500
1,126700
2,156900
1,128800
7,301600
1,124900
102,1241200
45,1602500
2,186300
2,152100
33,999900
1,131300
3,184200
33,983200
6,284700
1,131000
136,476000
14,461900
3,179800
10,368000
106,1283000
3,182300
18,586200
2,166500
7,293600
1,123800
3,186700
1,129000
1,130300
2,195400
5,344500
2,172400
13,469700
5,235000
35,1046000
4,209000
2,157000
314,357100
23,952200
24,748100
38,1088900
2,162300
2,159300
11,391300
13,590100
1,127200
12,568700
43,1220300
11,402000
11,495300
29,982600
100,1135300
35,1018600
2,154800
29,861100
1,132300
27,826000
5,234000
5,233800
1,131500
5,238700
1,129600
11,402900
5,322400
411,1305000
1,129800
14,486900
34,1115300
74,621900
2,165700
2,158400
9,342500
2,157600
110,1528000
5,236800
181,1630500
1,129600
2,162200
1,128700
2,161400
1,123800
1,130100
1,132500
5,240700
1,126200
3,191500
214,930000
43,1228800
2,162300
2,159200
1,129500
26,860600
3,196300
6,318300
94,1062400
5,246700
9,339900
1,129200
8,324200
21,652200
72,394700
2,161200
2,155300
3,186000
6,271300
1,124700
363,1594800
12,475900
4,213200
4,212200
7,306200
8,378800
41,1261100
1,134100
1,137500
7,377400
3,173900
4,200700
1,142200
3,186500
1,125300
2,161700
4,213900
3,172700
15,490900
371,1813000
1,124600
197,475700
2,166600
1,124800
2,161500
43,1210700
104,1331800
4,223900
2,158500
35,1012100
2,154600
389,835500
8,379300
31,987300
1,133100
1,131500
2,159400
11,386300
33,1084800
31,965400
195,431900
1,126600
1,131600
2,160200
31,912500
2,162200
37,1064900
1,128600
6,263400
1,129900
99,1145700
6,262600
1,130000
18,855000
1,131600
7,323300
2,160500
19,604100
143,658200
1,129800
8,325900
1,124100
3,187200
2,156000
3,183200
64,191100
4,213000
35,1018400
6,260500
12,415500
21,654500
4,215900
10,376600
1,129800
1,131500
15,490700
2,156000
1,130400
12,422500
17,703100
1,153300
2,194500
2,211000
2,237300
5,334700
3,241900
106,1664200
1,130200
128,283200
3,182300
1,128000
9,339500
2,159800
2,160000
1,125500
2,162100
1,135100
2,169300
8,330400
7,289700
8,317500
3,187500
1,125400
3,190800
1,129800
2,156900
23,738800
526,1153000
80,647400
1,132400
2,158000
4,253700
1,126200
3,244100
5,258100
4,250100
2,156900
2,165400
16,567000
1,133300
1,129500
2,164600
5,239800
3,183800
6,266100
1,129400
1,143900
61,1810200
1,137000
262,584900
1,126900
1,129300
110,1427800
5,241100
3,186900
23,709100
8,317100
1,137900
15,573000
1,145100
36,1032300
191,360000
7,301100
147,769700
12,413700
1,126500
1,136700
5,238800
1,124500
1,130000
6,270400
1,130200
39,1115000
59,1609000
7,296600
1,130100
1,126000
1,126400
17,551000
2,172000
1,161900
71,459600
78,697100
122,2025700
4,211800
1,125100
1,128400
2,157500
3,183800
11,385800
110,1383300
1,127300
3,187700
27,871400
428,1742200
5,244900
65,211400
1,127500
2,160300
63,158800
64,184900
4,209700
2,158700
11,422500
221,1341800
2,164300
7,297400
1,133100
4,220600
7,290300
3,185400
104,1213800
1,131200
2,157200
29,864600
40,1224000
5,244600
31,1155400
35,1121000
2,164200
5,237900
41,1254700
1,128900
29,873300
1,126400
119,1720600
98,1104800
3,188000
2,158600
8,317200
9,344200
3,194100
25,753700
50,1407100
357,1461600
1,131800
3,189300
11,519900
1,115700
2,170300
1,130900
1,131700
1,125900
37,1090900
2,155600
14,471400
103,1671800
4,218000
91,898500
4,230300
1,131100
2,156700
2,157600
5,234500
10,390900
11,393800
1,131400
3,180900
23,704500
1,123800
4,214300
2,199100
54,1705400
9,346000
3,185600
2,169000
3,215300
1,148300
4,213800
6,267800
1,124100
4,211600
11,406100
3,187800
3,186000
1,124600
27,818800
1,126000
62,192600
1,125900
1,124900
24,741500
6,267900
1,125700
41,1150000
1,130300
2,168400
33,968600
1,145600
2,200700
2,195100
7,328900
4,264400
12,611700
3,227900
11,403300
483,1609700
302,1618400
21,660400
30,926900
1,125700
2,157700
1,125500
163,1235600
2,157900
2,157200
34,982000
3,182300
40,1524300
447,644600
1,131300
304,1660800
1,124400
33,984500
6,266100
9,396000
1,118000
6,256800
71,385800
25,764000
4,287600
21,890000
1,157800
441,641700
9,450900
2,186000
162,1622700
2,180300
2,193100
3,221000
1,162300
17,626100
1,131800
1,132000
4,211900
1,129900
223,1158900
1,130700
133,429100
2,172800
1,127100
8,317400
11,410300
15,497400
4,221600
5,247400
26,796300
2,163200
2,159300
2,157500
3,181900
3,183800
2,179200
1,162400
20,636500
4,285100
1,130900
5,288400
2,183000
1,130600
1,152000
23,788900
1,168000
5,241200
2,161000
3,189000
3,188100
1,126300
152,957300
4,211900
22,682800
5,249000
177,1548600
6,259900
3,185000
2,160300
1,125500
27,822500
306,1923000
1,129300
6,261900
3,187900
3,195600
6,271000
13,448000
1,134700
133,404200
6,266300
4,209300
2,155300
9,339400
17,566200
2,161900
2,155900
13,443500
6,268800
7,278700
5,240700
2,156600
2,166900
5,280500
1,159500
2,188500
124,168000
15,681700
1,117700
575,954800
5,244200
2,161200
26,935000
205,720100
2,158800
2,156800
1,129800
5,241000
2,159900
1,125000
10,373300
2,157800
1,125800
1,126500
4,214500
37,1051400
2,175500
1,124400
2,162700
7,291900
31,920000
1,124200
6,276700
4,216100
22,682800
39,1141200
1,125600
1,132000
3,189600
7,292100
12,483000
89,901300
4,218000
4,211100
3,188200
8,315000
1,124400
1,126200
5,236000
2,160500
83,849900
7,293800
4,215200
6,265300
2,160600
20,640000
47,1319000
1,137700
1,131500
1,131000
1,129200
1,131800
126,213600
1,130300
3,185900
34,994500
1,132500
1,127300
1,125000
158,1172500
2,188300
114,1898600
2,169300
1,129100
2,159700
47,1300800
2,160900
1,142400
62,129500
4,219700
2,160400
3,183500
36,1051300
193,385600
7,287000
1,129000
2,159900
161,1147100
4,247900
5,311500
2,151900
1,139500
29,1142400
6,272200
5,239800
2,159800
1,129000
2,158000
1,125000
298,1506600
4,208900
1,125000
5,236000
2,155800
1,131100
3,190200
2,161800
5,241000
3,188000
63,164600
4,208300
1,123200
2,168700
3,185200
5,245500
2,160200
2,156900
1,132900
4,217000
116,1546900
111,1506500
20,931600
3,185300
1,124700
2,160500
213,921500
34,1019100
1,132000
6,319900
7,292600
5,238300
1,123400
2,178200
4,297800
3,191800
4,250500
25,784800
352,1335500
4,213900
11,396800
2,157900
2,154900
34,988600
2,212900
4,240700
1,148000
2,153000
2,157200
26,778100
2,162100
36,1029100
1,127200
16,519800
1,129000
1,131700
54,1492500
2,159200
7,290600
78,564000
3,183200
2,160500
7,303900
6,262700
63,157400
1,130200
13,484000
3,183700
2,157000
1,128200
10,378200
17,550900
2,160900
40,1824100
7,458300
1,138600
2,166700
21,668700
81,633000
4,249600
15,494900
122,1672600
1,125000
29,888100
2,161500
1,128000
2,159300
1,136100
445,586100
6,264700
2,161500
2,154500
2,160700
16,514400
1,155200
3,245300
1,130800
31,971400
1,133800
2,168700
1,132800
1,138300
1,132100
2,159500
1,130400
6,264500
1,130100
3,234500
27,821200
6,268600
2,156900
19,604700
1,127900
4,209900
3,185000
1,125200
12,453600
54,1912800
4,212800
5,246200
6,268200
3,186000
1,126300
13,445100
6,369500
1,159000
2,214300
6,416800
2,167600
1,130800
1,132100
1,125700
1,127700
50,1403300
1,125100
3,183400
1,130200
6,263300
1,125300
4,216800
5,280800
655,1378900
1,135800
11,397500
1,128200
4,215700
3,184100
8,326700
63,165200
1,130200
293,1406900
6,335000
87,917800
1,130000
5,239300
17,545500
1,130700
1,128400
12,421500
1,126200
2,158300
3,178800
1,127900
11,389300
1,158800
4,326000
1,182400
1,184300
13,548800
33,964800
1,126300
375,354800
28,822200
3,184800
2,153400
14,462700
1,128400
2,160900
2,154200
2,157300
2,155100
1,130000
2,154200
5,234000
6,336300
1,182000
1,162500
41,1202700
2,160300
47,1298600
55,1536600
4,215000
1,132100
1,127300
2,154400
7,287700
11,389500
14,460100
241,1602900
147,814700
15,499100
39,1329300
557,1862100
6,262700
2,162000
1,127100
9,333200
50,1382300
3,186600
4,213300
9,338800
1,131000
1,125900
8,346600
531,1213400
21,676500
2,162300
138,535400
9,447900
3,199200
10,386900
1,137700
1,134500
1,128500
434,307300
1,129200
2,199300
1,157000
2,160200
2,156900
5,240800
1,130600
1,130700
6,268300
559,381600
1,129700
7,292700
5,240000
11,392400
89,848100
1,128700
28,998900
18,633500
2,158600
3,184700
1,128100
1,124300
1,130200
4,209600
2,157600
4,216900
2,166600
8,317400
584,1570400
32,942400
2,157400
2,159500
11,396900
628,609400
404,1142000
7,292100
6,268500
390,786600
5,241500
13,444900
25,757700
1,138500
1,131900
3,191700
1,128900
10,372500
73,421500
3,184500
2,153700
47,1503300
2,158400
2,160700
3,189600
131,404200
9,461400
1,130100
4,251500
94,1128700
19,608400
1,126100
6,268400
13,447500
3,181200
62,140700
148,808100
1,132700
22,686600
3,190000
1,132400
2,159400
3,182500
1,128600
5,240900
1,124300
86,760200
17,661400
14,528600
2,168700
82,665300
3,181900
5,254200
1,131700
34,983000
43,1220300
5,238700
3,182200
1,130100
3,181100
1,128400
5,240300
2,160500
1,137400
2,161500
1,124800
6,263000
4,213600
1,125900
2,156300
1,124700
4,209300
1,124300
31,1219500
2,161200
27,812200
3,255400
4,228100
2,186000
30,943700
4,213400
125,207700
2,190600
5,281500
1,130000
3,182200
2,156700
1,128400
1,128900
1,126900
8,317100
6,296800
2,165700
2,160700
219,1069300
15,501800
12,422000
4,216100
1,128700
2,161500
157,1021000
4,209500
4,214900
46,1284300
42,1491300
1,126200
34,1054500
48,1693000
2,166500
2,159800
239,1551100
1,123800
119,1588300
1,128200
2,168300
2,155400
3,184500
583,1004800
1,125100
9,392100
42,1412100
1,132200
30,940800
4,213100
6,268200
3,186600
2,154500
91,900400
2,161100
2,161800
1,129000
1,131400
5,239600
1,129400
15,498600
6,272300
11,390700
93,943400
4,210400
1,127200
1,135100
7,294200
8,377500
3,178600
3,196400
26,895600
55,1875200
5,316200
49,1451100
119,1640700
2,171500
6,267800
170,1424400
14,482300
3,187000
11,394800
1,130000
2,158300
1,130300
35,1047600
490,2047200
21,659900
3,185000
2,158900
15,505200
3,187100
1,134500
4,238100
21,865000
5,293500
6,342400
18,926900
29,850400
34,976900
1,118600
18,566200
5,229100
2,160600
59,2227800
1,152400
477,2034800
8,485000
2,216200
4,215000
1,130100
17,565000
151,862600
1,130800
45,1269200
1,128500
20,636800
44,1345100
3,250100
173,1798400
1,132300
67,272800
45,1283800
5,240300
130,375400
20,693600
1,131400
1,138100
11,397600
1,129200
1,127600
1,130200
5,242200
79,577200
415,1463900
26,868500
4,231700
4,249000
1,154800
2,159600
1,120500
1,149100
238,1542400
8,317100
10,376700
4,215100
3,182700
2,167100
17,552600
2,174300
3,243600
10,517300
56,1808100
1,117500
5,233400
2,151600
1,136900
124,168200
33,986300
1,151600
4,266900
1,147700
1,175900
1,170100
52,1708700
8,318600
2,159900
19,653700
6,269100
10,374200
1,126500
1,136500
7,293500
14,468600
6,267200
11,394100
4,215200
3,193700
2,155600
12,418300
28,848700
54,1510400
2,168700
1,162300
2,238800
93,1032000
1,137100
15,498300
31,1317000
1,148600
1,129700
2,191800
53,1501800
7,328800
1,125500
62,130400
79,589100
1,139000
6,269600
2,155500
6,268100
5,239300
2,160700
5,238800
15,497000
7,300500
1,134000
5,243000
6,321600
11,430600
20,837600
2,159300
22,670300
6,263200
6,263100
143,701100
4,210200
2,161000
1,130600
1,129900
2,164900
2,160100
3,182000
4,221800
78,563100
3,184500
5,255100
32,950900
6,280100
4,209800
1,124800
3,183600
1,124900
1,131800
174,1750700
11,485100
4,284900
5,262700
1,133300
3,197900
7,294100
6,267000
265,658100
34,1004800
2,157700
8,314900
4,209700
70,347300
2,161300
4,211200
2,166300
8,311300
3,188400
8,314100
4,212900
1,128700
1,131200
1,131000
2,161600
5,238800
176,1499500
4,210700
1,129400
2,164600
1,129800
24,928200
1,158000
2,200400
11,408700
2,149000
2,135800
5,220500
20,614600
2,144200
48,1372600
1,114400
3,164000
1,125200
30,998300
161,1217600
33,970400
1,126100
2,157900
258,474700
5,241200
4,209600
2,155700
2,162700
1,136900
4,210500
18,648600
2,229700
2,185200
2,139700
1,130900
88,856000
66,243000
2,162200
7,289100
4,212600
1,124600
1,130000
83,696600
1,130200
1,128800
1,126900
34,977600
161,1139200
51,1422300
60,1679700
1,169400
4,240100
57,1926600
707,1040200
75,487900
18,596800
2,162100
61,1794400
4,216100
4,208000
2,158700
5,232800
1,129700
104,1221100
4,216400
2,156600
45,1489900
1,134100
30,903000
6,288200
5,242200
2,155400
1,128100
2,163500
4,206600
5,236300
2,153100
4,215100
3,180000
1,196500
5,302200
42,1282100
5,268200
7,350100
4,256900
3,215700
42,1416900
9,415200
67,268100
4,206300
3,187700
2,156300
10,363000
1,140200
1,173800
23,801800
4,210700
1,138800
24,761700
1,128400
3,181700
1,129800
1,124900
1,125600
2,159500
13,451800
3,180100
2,154300
34,1026500
3,181800
2,155600
2,175700
11,397700
9,342500
675,1809900
1,132400
2,162800
4,209300
4,211800
1,126600
2,169000
77,535000
18,822300
2,206300
205,697700
8,305300
1,129000
1,144400
132,456300
56,1559700
1,127700
2,160600
270,798900
6,278100
331,800400
2,174600
1,129500
92,947300
2,156800
1,127100
3,187800
6,260100
20,653400
23,726500
1,128500
2,159300
1,125700
13,516900
2,236500
2,209400
3,197500
1,137200
5,241800
6,265500
2,160800
14,490300
2,157500
260,535800
10,367500
51,1449500
80,601400
1,126400
1,131100
4,213300
2,168500
63,159300
2,159800
2,154600
4,219400
2,168600
4,284200
2,166900
1,151800
24,802700
6,275300
12,418700
1,131700
10,371700
3,184300
68,461100
4,282100
3,197400
4,225400
6,272900
18,587300
2,163800
3,188700
1,130600
35,1068000
4,208300
1,132900
67,265800
4,212200
2,156300
2,161500
4,208500
174,1437300
1,129800
4,219700
56,1546500
3,184900
10,378400
6,260500
276,1009100
2,147400
27,978300
5,245300
76,645500
4,316700
4,281500
304,1727800
44,1255100
6,259600
4,214800
42,1188100
50,1433300
1,126900
3,188100
11,391100
2,182900
2,207500
1,181500
18,611400
26,792000
2,162300
7,291800
4,210300
1,138500
4,211200
4,211700
1,127900
1,127000
2,159100
2,159500
2,154900
3,188900
2,167500
3,188000
1,124400
7,289900
25,767500
22,770800
387,670200
6,257900
1,129200
1,126700
1,142100
1,152800
6,292200
1,149900
19,673500
11,395700
257,662100
19,707900
3,194500
13,448400
34,1067500
1,176800
1,118000
1,131400
1,130900
285,1177200
13,459800
1,131600
7,290400
15,512200
1,131900
1,128000
278,1055100
3,191000
197,490200
8,319400
2,160000
1,136700
1,130400
3,191500
1,125000
12,417800
408,1622400
1,178600
236,1472500
1,125800
7,304300
2,184700
3,186800
6,305000
3,183400
1,143000
113,1449400
2,157500
4,210200
1,109100
1,110600
2,142700
570,738300
1,129800
101,1153100
7,284300
4,208400
2,201300
7,455000
94,1123700
4,219900
6,258800
6,265500
6,262600
4,215400
1,124500
1,132700
13,454900
3,183700
4,262000
310,245600
111,1424300
29,855900
26,827500
425,1632900
1,131300
2,158200
1,130100
2,160300
4,276300
11,432000
3,204800
17,846600
7,314000
1,130500
11,400100
2,155200
1,124800
2,154500
5,238400
58,1604400
3,186300
5,246400
1,130300
13,445600
20,641400
61,1719800
3,187100
31,928800
7,290500
26,946900
2,162100
4,214100
2,152500
8,334100
46,1320900
56,1598200
3,183200
1,125700
1,136400
3,250900
1,146400
58,1611700
11,403900
16,515500
3,188500
1,125700
17,552900
3,189700
1,126200
2,174300
631,735900
11,441300
169,1389900
42,1216600
4,218000
11,392800
1,128100
4,215800
4,207000
1,126400
8,322700
4,215200
2,163500
4,216300
1,127200
2,165600
2,159100
1,128600
1,127000
2,161400
1,130600
6,318900
3,187600
2,169000
3,183600
5,236800
97,1058200
1,126400
115,1763900
2,190400
54,1794200
1,129000
21,674600
7,319900
2,160800
17,552900
2,162800
5,244500
3,190900
3,190300
7,293600
103,1194900
2,161100
4,215100
4,212500
6,271200
2,156100
37,1056200
1,141200
6,266100
5,261400
1,165100
21,941300
25,780200
3,182000
27,802700
539,1477100
1,130700
2,161700
5,239700
7,292200
1,131700
7,284200
4,217500
2,153600
2,158700
25,896100
12,480600
1,132100
10,425100
7,293900
1,124600
6,267400
3,187400
2,165600
7,289800
6,291600
4,212000
6,364300
29,880400
1,131000
4,215000
2,155800
16,512600
2,155200
1,130800
2,196600
37,1061400
1,125200
8,315800
13,448400
2,160100
7,301100
1,132700
14,473900
2,159800
2,159800
1,129400
77,566900
2,162000
1,131700
2,163300
3,181300
2,155300
10,371200
4,213800
1,131500
1,125900
6,269400
14,472000
44,1431800
7,304500
59,1916500
3,177900
2,146600
2,151500
1,121800
1,125400
1,118500
232,1365900
28,834900
2,149300
2,154700
7,342200
67,275100
5,228700
1,125000
2,153400
7,337200
2,150200
1,120900
9,361000
226,1549200
66,243000
1,133400
23,724200
2,189500
2,164800
2,159400
1,130000
5,280400
2,186400
3,230400
6,277100
10,367500
24,726500
1,126700
98,1069100
1,125600
1,129800
233,1420900
6,263100
2,188300
1,181500
8,411000
1,133900
471,1459500
116,1636600
2,168500
114,1637300
2,159700
1,130900
3,187800
2,158200
28,843200
264,638200
1,126000
2,158100
69,323800
1,128900
1,131300
3,208200
2,155300
30,909300
37,1079400
48,1636400
3,188300
76,515700
3,183700
17,554200
4,216500
48,1447700
2,160400
1,126200
1,125900
7,301000
2,160900
5,277900
1,125800
5,233100
1,123600
2,152700
9,335500
23,699800
1,126300
2,151800
39,1107000
5,232900
9,336300
16,533000
4,212700
3,264900
71,383300
3,215900
18,585800
3,191700
1,129000
3,187600
4,236900
3,187900
38,1086800
1,125400
2,162100
1,126500
108,1308100
49,1375900
10,367300
3,185600
17,567800
1,135200
1,126600
4,215000
1,123600
587,1114600
3,188600
1,130600
11,684100
13,465000
2,163000
164,1204600
97,1101200
89,836500
14,555400
1,151000
527,1406300
31,958700
6,266900
2,158900
64,190000
80,607100
10,388200
2,165900
3,195800
7,295100
1,148400
143,882700
2,161600
2,159100
1,137200
1,129900
137,502600
5,307600
4,208700
212,876100
3,181600
132,369000
10,360600
1,131100
4,210500
1,141600
3,245400
5,309500
51,1432400
6,267100
1,132300
5,242300
3,182800
376,436500
66,245800
2,155400
1,129000
1,140200
2,159300
1,125200
1,134300
5,242800
4,234200
3,281200
16,569100
42,1313900
3,190800
1,124300
8,315700
253,393100
1,130500
2,172700
1,128400
13,441600
1,125400
609,1668700
1,131400
10,365400
4,209000
495,1941600
3,187600
649,1178700
1,181600
654,1412300
1,128600
6,266500
5,243400
1,128800
13,457000
3,182600
1,125300
39,1138100
13,468600
2,164000
1,124300
11,406500
605,1586900
1,126100
6,263800
11,389900
12,412200
37,1092700
510,679700
1,160700
51,1608800
1,124900
7,286200
1,120000
1,129400
47,1373700
2,162100
1,128800
9,338200
490,2462900
6,390500
3,241800
5,321700
1,161000
1,159900
4,263000
6,259800
2,165700
2,163000
287,1257300
25,835000
35,1390000
7,269700
363,1784400
22,694900
25,755200
85,733700
3,232100
3,185700
16,523800
3,186800
1,128400
11,390900
285,1206400
3,208500
1,174900
3,283700
29,1210000
3,292100
4,213300
386,681000
1,124100
5,241900
2,154300
8,309600
20,627900
9,342800
1,135700
117,1580800
2,161300
20,644400
2,161500
2,153600
3,254600
7,291600
23,728400
1,125600
5,241900
2,157500
2,162200
2,188300
1,151000
2,180200
2,162500
34,1031400
27,1131500
59,1629700
2,156500
11,401400
1,125900
5,240700
1,128500
1,125500
20,629100
2,182600
8,364100
1,154500
2,197600
82,669100
2,157000
2,157000
3,189000
32,954100
2,171900
1,175200
1,154200
77,565300
5,240700
1,131500
14,502000
6,268100
1,128300
220,1092700
1,129200
91,982000
2,164200
155,1022200
3,189700
2,154400
2,154600
1,125500
4,211400
23,723600
91,974900
6,265000
1,131500
65,214600
9,344900
7,296900
2,177300
1,150800
2,169200
7,407500
98,1074500
1,127300
3,188000
6,264100
2,157800
1,136900
139,885400
97,1377400
20,645700
4,214700
2,154900
51,1449800
2,158400
8,339400
3,187800
16,524100
2,158800
25,770500
2,179600
12,493700
6,258300
2,168500
20,641300
2,163200
5,274200
2,160900
17,550100
1,142100
71,370700
1,133200
1,140800
3,185600
43,1264400
3,187400
2,159800
6,276400
1,124000
19,604700
1,131000
7,292700
1,124400
4,211800
1,130200
2,169900
291,1518500
15,504900
1,129000
53,1748300
5,245500
2,188700
2,158000
168,1293200
1,143600
2,155300
137,495800
1,130300
59,1636600
33,962500
2,155700
27,845000
1,125800
255,407300
10,367000
1,125500
1,128200
1,132500
3,220300
2,161300
3,229700
2,166000
25,809000
1,125600
9,344000
138,533800
6,266200
39,1228300
72,398400
4,215200
1,125500
169,1328800
25,755400
1,145500
11,438400
3,183600
1,127400
45,1289400
1,130300
21,660900
1,126800
5,324100
2,216200
50,1437900
6,265800
17,557600
1,132100
2,160100
1,128400
8,311300
1,130300
4,218500
369,1765900
281,1076400
6,274200
4,212700
1,126000
151,873900
1,131400
23,763100
5,341600
33,1115100
3,217800
1,132000
7,289900
7,288800
1,124600
3,199500
8,310800
17,600700
1,129800
6,260900
1,130700
2,154800
2,155700
9,387200
11,395500
14,476700
127,246700
60,1663300
1,129600
183,1710200
11,417600
1,132500
9,345500
2,159300
1,154500
1,182400
3,254500
14,538000
1,128500
333,841800
1,124700
15,508200
3,207200
13,448600
2,155000
2,155700
4,222000
1,125000
212,907600
7,454200
3,252700
7,372100
1,133900
6,267400
5,239500
481,1612800
1,139300
10,372500
19,598100
16,651700
1,127300
7,325100
1,127100
49,1425900
1,124800
1,135800
2,161500
12,447900
5,243900
31,917400
1,126300
479,1840300
2,213100
15,622100
2,156000
3,186400
1,123800
1,141000
6,280300
23,726400
1,126700
6,267800
8,314700
14,695400
1,151500
1,153600
1,142300
18,889100
44,1345500
1,136300
8,312600
6,277800
3,207500
7,288300
2,157700
8,309700
4,210600
45,1297200
26,809900
112,1426900
106,1309300
13,528000
15,538600
10,366000
4,248900
49,1420300
3,182300
54,1560000
1,133300
1,127500
3,187300
70,345600
93,958000
2,202700
3,322000
1,137900
605,1606500
1,132300
14,473000
9,408500
3,199200
1,154000
2,154000
6,264900
34,981900
1,122800
1,132600
19,603500
48,1333300
5,234500
18,584700
2,162300
4,207500
2,155700
2,157800
1,134000
3,190200
1,131200
1,126400
3,191200
80,606500
5,242000
6,266400
1,138200
1,132300
108,1313300
2,161600
84,1001500
2,197100
4,252700
8,318200
4,215900
27,853900
1,131100
1,131000
1,145900
2,184400
23,827300
1,203600
1,190100
2,224300
1,177100
1,178200
4,257500
3,186900
37,1079100
2,161400
1,138800
2,158100
2,176500
1,124500
198,500600
1,124200
258,494800
4,211900
4,212700
12,414600
1,125800
1,132400
2,173400
4,332800
2,209500
1,136000
95,1017800
2,161300
9,349500
87,790300
1,129100
1,132400
1,130300
2,160600
2,152900
1,130100
13,458600
1,130900
1,126100
4,208400
2,155300
2,156900
10,369900
4,213700
12,425800
1,128000
1,129900
2,155800
33,991400
1,125100
10,369200
1,126800
4,244400
1,133500
1,130700
15,510200
1,133700
73,513600
2,181500
416,1415000
158,1046700
30,914900
1,126600
45,1254600
5,241800
1,125100
14,471500
3,182300
3,183600
4,213800
75,471000
1,125400
6,261300
2,154900
697,798700
4,206700
4,213500
1,139100
9,582300
14,501900
25,759100
1,154300
4,216600
1,124600
13,444200
2,159500
1,130300
73,424800
4,211600
14,468900
1,130800
33,975400
59,1860700
2,160600
1,125900
36,1103300
2,157600
203,678100
5,236500
2,186200
2,195200
4,325600
1,157500
4,217200
2,164200
3,189600
1,126200
1,129300
2,161300
2,157100
11,402600
55,1532100
4,215700
1,124800
8,318600
14,482100
1,126100
43,1228900
7,292900
31,955000
2,171500
39,1106600
13,450400
2,155900
1,121900
71,550700
1,182100
3,224200
369,2118400
2,177400
17,558000
1,130800
16,535200
3,181500
8,315900
6,334500
126,218200
11,394100
1,140000
32,943300
3,197800
8,318900
1,126900
3,182300
1,127300
1,126400
187,221500
7,289500
4,206300
1,130900
2,167400
8,315900
6,266100
2,183200
4,317100
1,181300
5,245200
20,646400
7,295000
3,211800
39,1116100
23,707500
4,258300
3,183100
20,627900
235,1480800
45,1483900
2,161900
1,130700
6,268500
2,155800
257,461400
110,1535700
1,135400
7,306400
21,662200
2,157500
1,124100
4,216000
2,156400
3,187700
1,126000
17,566200
1,125700
6,260200
9,338700
6,319200
2,162700
26,794500
530,1225400
46,1326700
73,422700
1,129200
4,212000
1,130100
1,180900
1,164600
3,201300
285,1179400
56,1751400
1,174400
2,200600
2,218100
1,129000
50,1433700
1,125600
6,277700
8,319000
1,127300
2,160700
15,497300
2,157300
4,211500
19,641100
3,184200
1,126000
6,270900
5,240600
4,212300
5,241100
19,877200
7,420000
68,307300
149,881000
1,131000
13,447200
1,177200
2,164700
4,209800
1,125400
1,130300
21,666900
5,235900
2,159800
1,125800
22,689900
45,1271600
6,263300
1,129500
2,157500
45,1276600
14,610500
74,533200
2,227600
1,186700
1,150100
1,120400
2,164900
4,223600
24,737400
1,139500
7,294600
8,317100
56,1562600
28,862500
451,740700
173,1428600
48,1381300
56,2057700
8,371000
2,162800
1,131500
6,320500
5,318100
3,228000
2,193600
57,1709500
1,126100
1,132200
6,267500
4,307700
159,1224200
4,211600
1,126000
10,369000
4,213500
5,292900
72,416400
7,285800
6,265300
2,159500
1,131000
1,127100
16,535200
132,507800
2,228700
3,224200
2,161600
15,492500
444,632800
5,241800
2,155200
4,213200
1,129200
39,1145500
3,187100
1,126900
10,367700
4,216300
6,264700
1,127700
4,218200
2,160400
4,233900
11,401200
41,1187300
18,578300
2,164500
1,129400
76,493500
2,155900
1,126300
5,245100
4,213700
2,183200
115,2170000
3,193200
1,128100
1,124100
3,188700
1,138000
19,617600
59,1621400
5,245100
4,216500
2,159000
25,757200
175,1531300
46,1292100
3,186300
4,237500
3,244500
2,158100
13,457100
2,161400
2,159900
3,186100
2,161600
32,950600
1,132600
37,1064100
2,184400
21,666100
2,161200
4,210400
1,129100
80,618400
5,314600
26,928400
2,162200
1,125600
1,136600
1,127800
8,315800
2,155900
2,160600
2,156400
21,656800
372,294400
4,222200
1,130100
72,481300
1,150400
1,155900
510,767200
199,539300
1,126900
1,131200
6,259900
12,451200
2,161700
4,258700
2,176300
14,482100
6,267900
1,129700
4,216300
1,124400
3,187500
3,184700
1,122700
5,250800
1,124800
1,127300
2,154800
2,165600
12,418400
3,205200
7,286100
18,588400
1,126700
1,129900
6,266700
40,1139100
2,159800
6,385500
1,184300
1,181600
3,233300
1,131600
1,131600
2,156200
86,874200
23,797100
4,216400
48,1345300
225,1234300
2,163200
4,214300
11,389300
36,1048400
30,923000
41,1172600
1,141300
5,292900
53,1539300
306,1693000
4,222300
555,1823600
3,185600
232,1385900
3,185700
5,249100
1,131100
3,187200
40,1366900
1,121900
2,191300
2,192600
2,163900
1,131300
1,128800
1,130700
5,236500
1,133100
20,626300
1,135400
29,859400
6,261000
27,855500
8,311500
77,526700
1,123600
1,130400
5,251600
4,249100
2,162800
30,896400
82,677600
2,159200
134,435700
4,209400
2,172900
13,501400
14,529000
21,754000
6,268200
2,161400
5,239500
2,161900
24,727100
5,242000
25,764700
1,126300
5,234900
67,270100
1,125500
25,862200
1,147300
3,192000
1,123800
23,800600
84,728200
1,125200
9,433300
2,160900
9,341300
8,323200
1,132700
15,523800
7,290500
2,154700
2,184800
2,189600
2,161400
34,1048400
77,531000
1,127400
2,161200
6,271400
104,1209200
1,127700
12,421300
16,552600
2,182600
1,131700
1,133600
4,215800
1,124500
89,846100
2,159800
4,214000
23,704700
51,1427300
7,291200
13,492000
14,720300
1,131100
38,1354600
15,508500
41,1192500
4,224800
6,270100
34,984000
3,186500
2,159800
2,155600
8,317100
2,166800
2,154200
91,887500
1,128300
88,849600
1,124300
1,131200
2,161200
148,788900
2,207500
3,276100
2,237700
21,657000
309,2308300
6,265700
5,239300
6,264300
1,128100
1,130200
7,313900
7,285300
32,925600
1,130800
1,142900
58,1819000
11,403200
6,294200
17,548900
5,247400
2,191400
18,729200
30,890100
1,133600
4,213400
27,822700
4,214100
1,129200
1,132100
1,127000
45,1324600
81,631400
2,154800
2,177300
204,670200
6,274900
2,150400
19,603900
2,158600
1,130100
199,534200
1,123700
2,161700
17,550100
2,153600
1,128300
29,1003900
1,126000
2,157300
14,464800
1,125500
1,132300
2,156500
2,160100
164,1789900
17,565300
1,121200
1,124800
5,322600
4,278100
23,733400
1,127000
4,216300
11,421600
2,155900
3,182800
64,186200
107,1292500
6,273900
8,316700
3,179700
584,1293500
12,418500
1,124400
1,126600
3,193000
1,127700
2,160800
2,159300
1,125300
13,451300
382,530100
1,125700
1,128500
12,419100
8,320700
40,1137000
1,148800
3,182700
10,369600
3,183000
19,634700
192,347100
23,698400
8,314600
1,133200
19,716800
2,193300
6,348300
11,520300
15,504800
43,1222800
1,131400
92,915600
4,209600
1,124700
1,126100
5,312000
2,161200
16,565400
1,130800
1,131300
8,319900
2,155300
8,316900
1,123700
3,185000
1,130300
1,127200
21,688400
32,921800
40,1148500
4,213700
6,349400
6,405200
1,183300
7,306900
3,186000
675,1808100
384,575700
9,427500
1,117100
9,345900
2,153400
242,1600000
34,977900
2,185400
2,154300
1,119800
1,116100
1,116800
2,149800
6,254000
26,784800
2,196300
1,120000
216,1037200
2,165400
1,125200
31,920100
2,160600
2,165400
1,129000
3,187700
41,1167300
225,1204800
7,304600
1,153400
1,135400
15,503500
1,129400
6,268500
77,538400
2,157900
3,184100
3,187300
186,188300
4,213200
1,130400
2,174700
4,214800
1,132400
1,133500
41,1377200
3,222200
384,598700
2,155400
1,133300
15,506300
1,132200
31,935900
5,241500
9,342600
1,125700
40,1158900
72,409500
1,125100
8,328300
10,377700
22,696200
51,1421400
4,212100
1,138900
19,674100
1,135900
7,318300
1,128400
1,128400
1,124400
27,823800
1,125600
1,132000
4,210600
2,157300
22,680500
3,196600
81,685400
1,128500
163,1185100
1,126000
2,158000
11,564900
1,144900
1,127100
4,237100
1,165100
3,233600
1,172000
149,840500
1,127000
6,264700
3,181800
13,449700
5,240000
5,273700
3,221800
3,213800
1,181200
5,282800
2,164100
344,1129700
1,126000
2,157200
4,212000
11,400500
25,773600
258,479700
1,148100
3,189100
13,443000
86,786000
2,162700
1,124100
17,544000
10,366900
5,245900
17,571500
1,131500
1,128000
51,1534000
1,144000
1,147600
10,401900
7,293000
1,124300
11,403100
1,137900
41,1307100
1,127600
4,218700
35,1013500
2,164300
55,1575100
5,241200
1,124300
19,615300
4,219300
2,160600
3,187600
1,126300
2,161500
52,1445800
2,188200
8,393800
3,210500
16,556300
50,1407600
1,123700
2,162200
8,317600
15,498500
25,781800
6,265500
1,126100
145,777400
7,299900
53,1477900
2,164800
5,239800
31,1225700
243,1916600
4,210700
3,184900
181,1632900
3,189000
1,141200
7,294800
8,313800
18,572900
2,158000
6,259500
15,504900
2,154600
288,1323200
2,164300
6,269900
1,130400
4,212000
42,1209600
3,186600
1,134300
187,222100
15,690500
26,808600
528,1168400
1,128700
60,1777400
1,118200
224,1245600
1,137100
15,500700
1,124400
2,156900
2,155800
5,238300
3,186500
115,1523500
8,311200
2,157100
4,221200
4,209500
6,378100
1,179600
6,349900
517,878500
1,132400
2,149900
2,155900
1,129900
2,159000
3,182300
154,939700
1,145600
1,132600
3,239500
1,133100
2,160900
1,129300
2,162200
30,892800
2,161700
8,362100
4,214500
3,188400
43,1229100
369,1761600
29,1108000
6,303900
47,1315000
3,183400
2,157400
71,364600
2,159600
53,1463000
26,792400
1,132300
2,175200
2,160000
413,1329300
83,692000
1,124500
515,816500
5,248200
2,224800
393,931000
3,183900
1,130200
1,129300
7,293800
1,136500
1,125800
6,264000
7,286400
1,126400
26,791600
83,701800
3,185500
1,130300
1,128800
51,1549300
27,844500
2,157400
4,216500
15,506000
2,154300
9,336300
3,181500
6,267300
4,212100
2,157900
2,174100
1,127700
4,234300
8,329400
4,208800
1,124700
16,525900
1,129700
4,209800
10,383100
22,688600
56,1544800
4,209300
2,175700
12,414700
97,1039500
12,436000
45,1381400
3,192700
1,123800
2,170300
511,712800
17,698100
7,305500
1,126800
1,141000
1,149500
57,1813700
6,269100
33,1005600
6,269000
89,836800
14,467100
32,1265800
54,1502000
7,294700
58,1842500
2,159900
1,129100
2,157400
460,977100
11,397500
4,212700
21,654200
3,182500
2,160900
12,463700
3,184400
462,1031700
78,720400
8,367000
43,1361900
4,225300
2,160500
2,153800
1,126300
1,124700
7,295000
1,130100
3,180700
3,184400
1,136800
14,580800
14,506400
23,708200
29,878400
2,162200
1,129800
2,157500
1,130100
4,211600
2,158400
11,395200
38,1114400
5,275600
10,370500
1,123400
3,188700
1,144300
1,125300
1,131400
3,182200
47,1332500
274,915000
2,161100
23,743900
1,135100
1,161300
1,134400
43,1236600
12,491200
2,165900
1,148700
1,164600
76,504700
5,236100
1,125200
2,159100
1,125200
9,352300
528,1153200
5,240700
69,342500
126,223500
1,130000
1,130600
1,131200
7,289700
4,206300
130,315700
3,187100
1,129600
59,1630400
2,162000
1,174500
1,161600
3,261100
1,155700
547,1683200
12,428800
3,183200
1,131400
1,138600
1,130400
7,291100
6,266300
202,661400
20,645400
1,124900
8,319600
14,477300
43,1520800
1,136000
1,187700
20,862200
2,178600
1,119500
1,123700
154,1268800
9,336300
13,547900
48,1570100
1,126800
2,167700
4,213500
8,397200
1,131800
1,124900
1,129800
1,131900
1,131400
3,211900
2,154100
322,563400
2,157800
99,1082200
2,160200
1,129900
1,132700
1,130200
1,130900
69,315000
1,124200
50,1388900
3,214400
4,253200
1,113700
13,463400
48,1345600
2,159800
1,127700
380,599100
2,186300
1,131800
1,127000
1,141300
41,1212100
3,188200
3,192200
20,661800
6,266500
1,123600
27,841600
2,160300
3,194400
459,944200
2,157800
11,392400
80,614700
2,226900
2,205300
1,130500
2,170300
32,926100
2,161700
2,161700
22,680200
2,159400
575,792600
5,238000
4,214100
2,157100
4,214700
2,156800
2,156600
1,128300
16,512600
28,859600
2,156900
3,187800
1,123500
2,161300
14,464600
100,1108800
6,262200
7,354500
3,186500
2,172900
86,1169100
2,162700
213,1008300
42,1224600
4,213700
2,166800
2,155900
10,366300
4,218400
2,160400
129,297400
21,711300
142,663400
5,247700
10,435000
1,127900
3,182200
2,159300
2,164900
5,239000
12,414200
6,266500
3,186900
5,260400
2,165300
2,160700
3,208400
3,245500
12,420400
2,160000
5,238900
2,155600
25,764600
26,781600
43,1226800
2,157100
4,262100
2,220300
7,391000
7,313300
23,718300
55,1531800
1,137100
4,211200
4,249700
548,1918500
1,133400
2,157700
4,213100
8,317800
3,191800
2,157300
4,210100
51,1422600
3,184500
1,129100
4,214400
2,171400
2,156500
3,189400
3,182000
2,161100
2,162400
7,292300
201,595400
16,544100
22,680300
2,155800
26,794000
2,157000
20,657700
2,162100
28,1115100
1,124800
2,172200
479,1869900
6,332900
1,148600
2,193500
3,226100
13,600000
33,1333300
34,1364600
2,189800
51,1963900
11,534400
2,208400
8,455200
2,198800
2,212700
67,364200
2,208400
12,436700
2,144200
2,139000
140,593200
2,147200
369,1744800
85,760700
55,1851500
1,132200
124,158900
3,186600
2,159500
10,366700
2,168100
3,190600
1,131200
2,160000
4,210000
3,187900
4,211400
38,1356300
51,1461000
2,172100
151,864600
6,261000
2,160200
21,658900
9,348800
1,124500
15,492100
6,260700
12,411300
2,174500
2,167900
1,127000
2,158300
9,442400
2,162600
14,479100
2,155700
7,297200
6,265600
1,126300
525,1246800
2,157200
1,132800
8,319100
1,128000
3,185100
74,554700
1,133900
164,1243200
7,294400
3,181800
3,187500
6,266600
1,124500
18,590900
4,214500
3,186000
6,307800
2,159400
2,154100
6,264200
26,788800
38,1106500
2,160900
2,159700
5,445000
31,1213800
427,1875400
3,189000
7,289100
18,575700
34,1006000
2,156100
2,157100
18,580500
2,160400
3,181700
35,1043800
119,1789500
2,144000
2,157200
2,157400
2,158800
5,236700
2,184500
14,584100
10,433900
9,346200
25,768200
29,874800
2,159700
34,1073500
2,161000
468,1438400
11,397700
4,215600
18,581700
2,154300
2,152600
2,156500
3,181500
18,582900
1,137100
24,738100
3,182400
2,154000
2,154000
6,326000
2,194100
6,297000
3,185500
2,158800
1,124400
5,240700
2,161500
1,134200
18,574300
1,131400
2,169700
57,1670400
2,193700
214,947700
5,244800
6,302700
64,189500
4,213200
4,227200
2,159000
7,283100
20,637800
2,162200
118,1585100
3,188800
382,737000
12,428900
2,156900
20,634900
48,1339300
2,180300
1,130800
2,143700
2,161000
24,731700
5,236200
2,156700
6,317900
4,211300
4,213700
2,159300
1,124400
12,415200
92,952000
2,156700
406,1176400
5,255100
70,537100
1,191100
2,226300
2,160400
4,212400
30,891200
12,419000
2,159200
4,212700
15,506400
2,158300
4,208200
2,154400
2,192400
10,367200
5,239900
7,290300
39,1135900
12,418500
23,718000
3,184800
2,161400
2,155400
2,155800
2,155900
3,186300
4,217500
2,154900
2,155200
1,130000
31,1045000
2,169100
1,147600
2,163800
11,397800
41,1169300
3,186000
2,159300
8,314500
4,225900
2,158300
1,127600
3,183800
2,160500
38,1074300
2,161100
3,184800
14,523500
3,211400
13,484900
2,189200
1,134800
1,124500
1,146800
35,1000300
373,292000
2,174300
21,671800
17,781400
3,279700
13,457500
2,163200
5,237400
2,161200
3,186700
2,156500
7,294300
14,470400
23,721300
5,239700
13,436900
2,154500
2,161500
3,186700
2,153400
1,126000
2,168900
4,213800
5,250600
2,163600
2,155800
1,127200
2,153800
2,159800
1,126300
7,290500
16,528100
2,184800
13,453200
1,126300
7,290000
2,160100
47,1461400
5,289300
6,325500
17,570900
1,126700
2,188800
1,156400
2,163700
2,184500
56,1570800
1,131100
2,157300
8,317400
7,320000
2,153800
2,170900
7,285900
2,176200
2,154800
4,209000
1,124900
4,213000
3,182200
2,159200
28,848600
69,320000
8,474300
47,1472700
2,167700
3,183000
21,655400
2,166900
4,208600
9,339000
2,154400
2,156400
5,239200
2,158700
16,518600
3,194100
10,360400
14,468700
5,235900
3,181900
2,163100
2,164000
7,339200
25,765100
8,354000
2,166400
6,264200
14,620000
2,171300
7,340600
2,207600
360,1873600
17,553700
27,824300
2,161700
2,155700
6,266000
3,181600
3,188800
53,1543800
1,129300
2,158900
6,265500
4,213100
1,123800
1,132800
2,157200
1,139200
2,155300
7,286400
481,1499800
2,159000
35,1034100
2,159800
2,158200
3,274700
8,361800
218,1074900
2,212700
3,219500
9,340100
12,416200
5,236600
3,181600
4,205200
2,160800
24,1045800
7,292900
6,268000
4,208000
150,927800
7,285800
1,125100
2,155500
295,1415700
7,288600
20,625800
2,162400
6,268900
2,216700
6,411600
8,342100
3,186800
17,550600
60,1651400
2,161800
39,1105100
7,293300
3,181000
285,1157900
18,571600
6,273900
8,316600
2,155700
3,179500
2,169700
2,159500
6,257800
2,152600
30,1033600
6,319600
1,156700
44,1249100
18,608500
2,156100
26,777400
3,220000
1,122700
18,579600
177,1513300
2,158400
15,527000
4,210900
2,159100
2,159500
8,311000
16,510600
9,346900
2,157200
9,336800
19,595300
6,265500
1,126500
3,189400
2,168700
2,210700
596,1457400
245,1735900
12,414600
2,156700
539,1882000
2,160100
4,207800
4,225800
2,148300
2,158900
4,215000
161,1115700
32,943500
3,254600
32,962600
21,656400
37,1041800
5,247600
356,1415600
20,630100
65,213800
2,159800
59,1638500
3,188200
58,1607500
4,211200
17,542100
2,221200
6,295000
6,292600
2,158700
26,932900
2,161100
2,153800
2,154400
63,163100
2,152100
10,363800
1,132400
2,153700
2,151500
105,1230200
2,154600
48,1361900
17,537700
1,144000
4,219600
2,155500
20,624200
4,214500
2,152600
2,154200
14,502000
9,338200
20,750100
4,212000
12,463400
2,148000
6,262400
23,705700
1,126700
2,152900
2,158200
9,361600
4,224800
2,155600
3,183700
4,207400
2,165200
21,653300
2,223700
81,636900
380,496800
7,289700
10,359300
2,155700
3,212100
6,416000
3,218700
2,202000
1,147600
2,182800
2,157000
1,130600
2,154700
1,129500
18,585600
1,125600
2,159100
2,213900
18,746600
1,131800
2,167800
235,1453300
29,874200
2,161000
7,295800
49,1368700
7,287400
2,157000
38,1062600
2,153300
2,163500
17,545900
2,187300
13,444900
2,156000
2,151400
302,1896900
2,194200
314,363200
1,130500
4,207700
28,876000
65,220100
2,161000
36,1188600
3,187100
2,160200
2,159700
3,181600
2,159700
13,448000
2,154600
2,156900
34,966400
146,739400
2,159200
2,159500
2,160600
13,437000
11,386500
23,706600
2,160100
218,1185800
147,771300
2,159800
2,160900
1,124800
27,826200
2,161800
40,1126000
7,287500
2,167900
6,267600
2,154600
1,126700
2,158600
2,152800
6,258200
2,150700
8,308600
3,185500
2,173800
2,152000
24,732000
84,969700
2,167700
1,134400
2,161200
2,159100
33,1248600
2,169100
3,183700
24,730600
22,678300
2,159900
2,158600
12,427000
7,287800
4,210800
17,550800
2,159800
5,243900
22,679200
60,1701400
2,161400
8,310800
2,180000
4,209900
2,156000
4,211300
8,310400
2,158700
3,195700
30,982500
4,242900
2,147400
1,130300
9,348800
90,853100
21,656700
2,161400
12,429300
241,2054400
4,219100
2,158400
2,161800
7,284500
41,1188000
4,262000
2,154100
2,155500
54,1492200
2,159700
14,712400
2,150700
2,142900
3,188400
4,214700
15,494100
14,470300
20,625300
24,737900
94,1009100
2,161200
3,188800
2,167500
113,1443300
13,456500
6,263500
3,182400
1,132300
266,710900
10,375100
41,1293200
67,277700
2,150000
7,274100
15,489200
2,151700
42,1170100
2,143200
15,489700
28,810100
3,172500
2,149100
3,168500
44,1226700
2,160300
11,387800
2,155500
8,403200
57,1646900
2,156800
2,158500
2,164000
24,727100
34,1300400
2,160800
8,311100
7,291000
6,263700
2,153600
85,740600
3,194900
2,159600
2,155000
348,1418400
24,725000
3,189600
12,413000
26,785600
3,182800
62,131500
5,238600
3,186300
1,123300
346,1153500
2,158700
2,158800
2,153200
2,211900
3,280300
2,192200
15,483100
2,156300
3,187200
2,156000
2,152000
297,1499400
4,213100
1,128700
6,261600
1,124500
7,284500
28,836200
4,213600
2,154700
2,158600
2,158200
2,158000
2,153600
20,629400
2,155500
15,492600
6,259400
7,289000
1,127200
9,338200
2,159900
21,714300
2,160600
44,1436700
4,209100
174,1442200
21,648900
2,149400
2,145300
24,715600
1,121400
19,627600
13,442200
2,173000
2,162000
3,187900
1,129400
2,159900
3,185300
446,643600
2,159400
34,974600
5,230400
3,193700
3,182400
2,154200
1,128100
2,155600
546,1817100
2,159700
2,156900
11,388900
11,387600
135,457200
2,159800
15,500400
365,1721400
110,1525300
5,232800
458,903300
2,164500
69,368900
2,166100
1,133500
40,1453700
11,402800
2,162600
3,186600
2,157400
4,208300
2,159600
2,158000
12,443100
6,256600
1,135100
5,234900
2,160600
689,579400
156,987200
4,210700
2,168000
2,159400
58,1610900
3,193200
2,160700
93,957100
2,156500
7,293200
101,1377600
2,161600
59,1727500
2,161600
395,871600
21,655700
53,1451700
2,158800
23,714700
49,1574800
1,157900
10,401600
2,154500
19,616500
1,169700
2,160700
25,792700
48,1358500
3,188100
1,124900
2,156100
1,123900
2,155900
2,159700
2,168700
2,156700
14,460700
3,182600
8,317400
41,1185000
2,160500
2,161400
4,214700
2,154600
1,129400
2,158100
2,154400
4,208500
3,192000
14,547000
4,295700
2,224900
2,217200
5,352300
1,146300
2,152400
1,145700
10,575900
12,666000
3,306300
1,135800
5,236400
2,201300
386,718400
2,178900
43,1505900
52,1441000
6,267300
2,155700
22,681300
76,518600
5,238300
7,381200
32,927600
1,134000
2,162200
2,167400
1,130200
199,648000
2,186900
12,414900
2,158400
232,1381800
2,158900
22,673100
3,197900
2,155800
3,235100
2,182200
104,1398400
10,371400
6,266800
3,187800
75,518200
211,887500
2,167800
2,161800
2,184600
4,212100
2,175200
2,155000
28,930400
3,194000
40,1225500
4,220400
6,262700
1,127000
12,441000
2,169700
8,314400
19,613700
2,159400
3,185500
2,155800
7,292700
1,131700
5,239600
2,156500
284,1185700
6,263200
126,215200
2,153800
10,369800
324,638200
27,841100
1,142200
10,401300
2,177800
22,729900
2,198200
2,197900
2,166200
2,175000
3,328300
1,128000
65,214100
12,557100
199,546600
2,150900
43,1482900
75,587200
3,238100
3,231500
2,196000
59,2088100
2,190300
1,142000
681,2590200
8,382200
180,2044900
30,1202000
47,1724500
2,185100
2,179300
2,183300
13,519900
2,156100
2,153300
2,148800
2,157200
5,240500
14,462600
2,173100
7,498700
2,247900
8,529100
15,609900
2,166300
534,1323900
2,160000
7,294500
5,241700
1,128200
2,162300
5,244300
3,199200
6,265900
6,271500
2,156600
220,1113700
2,162600
9,339500
1,133200
2,167600
17,596900
72,433000
3,190100
6,279300
1,131600
7,298800
2,160400
3,175700
2,165000
2,144700
313,334400
6,271200
2,186500
65,269600
21,762900
25,1044800
3,198500
2,163300
24,766900
104,1239800
2,156900
7,334200
3,203600
2,155600
2,161700
55,1580600
1,135400
152,927100
2,181800
364,2070200
2,191800
133,410500
4,215700
2,159400
2,160900
3,185900
2,159000
120,1678200
43,1250500
2,196200
2,204600
61,1841900
74,474600
2,155200
4,252500
2,159000
4,211800
2,239500
28,1029100
81,765700
175,1538700
2,158000
66,243100
3,190400
126,217600
4,222800
2,154100
4,213500
347,1214500
13,453300
2,155100
93,975400
2,163000
2,160600
9,348200
42,1402600
23,844400
40,1133700
2,177000
8,427200
10,384800
2,151000
20,872400
2,183200
1,150400
3,197300
82,659700
2,161400
2,156200
2,154500
2,157300
116,1562400
15,499700
24,740200
66,243900
3,187800
2,225100
34,1130100
2,163500
270,807700
10,363800
2,180700
2,160300
2,164000
2,161700
2,162400
2,159400
2,158700
11,400900
2,159100
6,268800
5,239800
2,166500
7,286500
5,238100
10,373100
79,586300
2,157600
8,326900
46,1667400
124,244000
2,175300
2,162100
7,291600
8,432000
5,227000
105,1317600
40,1135500
116,1519300
5,239200
9,345000
2,155200
3,187800
2,154500
2,158800
29,854700
375,402800
310,303100
2,161000
336,937700
6,267500
2,163100
15,556800
2,185700
6,371200
10,541000
120,1676200
2,156300
2,155900
1,130300
63,159400
2,163000
1,124800
4,207800
26,1078300
6,396300
2,180600
2,163200
2,156000
22,677000
54,1500700
6,263100
2,161300
1,130400
6,271600
2,161000
2,156200
24,743500
4,246600
1,169800
87,957800
2,166200
3,186500
8,321700
13,435200
2,159800
2,158700
4,215100
52,2233000
4,277100
1,130700
20,636300
2,165100
3,185300
3,187400
38,1110600
2,164400
5,233300
78,553600
79,672800
7,518100
2,160700
1,134500
4,213700
2,162600
6,273000
1,131700
6,270000
100,1136200
8,318800
5,250000
4,256300
335,897800
11,396200
52,1449100
3,188800
219,1066000
2,155800
1,127500
1,127900
2,155800
2,157700
6,265100
348,1319400
35,1115300
11,440700
154,957900
13,445500
450,738000
35,1034700
5,331200
4,219100
45,1410900
2,160700
2,163000
17,555800
1,130700
6,287300
9,341600
24,829000
1,113400
2,201400
48,1348800
2,171400
2,156900
553,1791500
212,867600
12,422600
1,128500
2,162600
25,769500
3,188300
1,136500
20,635100
2,160300
7,305000
15,662300
157,1026900
2,447700
43,1528700
3,244200
4,268500
53,1632800
1,129900
1,129800
20,642600
6,262800
2,167200
2,156700
2,156800
5,233500
12,418100
531,1510800
2,159900
7,285100
4,212600
2,159400
2,153500
6,266800
2,164700
2,196700
51,1575000
1,131100
3,203200
4,214400
1,125600
16,527600
18,579900
2,158300
2,161700
17,562800
2,160700
15,508800
2,162100
1,127900
2,154400
1,124700
1,159100
1,143500
18,579900
2,163800
2,158000
2,157900
2,153900
437,377100
2,161000
299,1677300
61,2539600
1,127000
1,131900
17,579700
1,130900
2,155400
8,312500
2,158200
5,254800
14,471000
2,156000
7,302100
88,816000
5,241000
12,418900
2,164300
2,157600
556,1871400
11,396100
16,518700
3,222600
2,203600
3,232800
2,182800
1,122400
16,552700
205,723400
2,161700
34,985700
125,189200
3,188100
2,161200
2,168100
1,131300
2,209400
76,577800
61,1890700
2,159400
4,214900
17,574300
7,446000
3,198800
1,130100
32,976800
242,1893300
23,704400
40,1177500
2,160100
17,547100
2,161300
2,155400
25,754500
6,280800
4,214500
3,216700
10,365100
2,154600
11,395600
12,427100
3,181700
13,463300
4,258700
2,167900
80,630400
1,129300
2,175500
41,1595600
1,155900
2,204200
19,992400
32,984600
2,165600
2,159200
16,533700
9,456400
3,189200
12,434000
37,1077100
1,132000
16,541300
2,170600
1,125300
175,1469500
2,156900
3,238900
20,801300
3,242100
2,158300
53,1556500
1,151900
573,753300
37,1153900
246,1727200
4,209600
8,315700
5,267700
2,205700
2,206100
2,165900
2,190600
4,259700
2,162100
284,1313500
10,373700
2,162600
103,1193800
72,415600
138,522400
11,396100
4,208000
4,209400
9,353700
3,186300
23,707900
2,158200
2,160200
3,211800
32,942200
1,126200
2,161200
114,1486200
16,540400
42,1410200
67,269200
2,156700
14,471700
1,126000
35,1015100
2,197500
41,1289400
1,124500
2,158000
2,186500
6,281700
18,582200
4,215300
1,125300
28,866700
2,166600
63,166200
76,517900
119,1600000
22,761800
2,189400
209,832400
2,173100
63,169600
193,443300
3,185200
1,131600
40,1139400
1,125500
5,236700
2,159800
2,160800
64,209800
189,273000
1,129200
2,161100
2,159800
77,531200
6,259300
1,132600
4,216100
21,659300
2,163200
406,1244700
13,486800
52,1818500
4,215500
12,434500
3,188100
34,975900
3,181700
2,156700
2,160600
2,166900
2,159100
2,171600
2,162300
10,370000
22,685300
4,209500
2,160800
1,129400
2,167500
10,362200
3,188500
5,241100
2,162700
10,363800
176,1511400
2,157900
45,1535000
102,1185000
2,162500
4,210400
2,160600
19,602000
2,164200
2,160100
2,158400
2,160500
3,183400
2,139600
24,741600
2,161500
2,161500
21,722000
3,243300
36,1128900
2,158800
2,165300
2,156200
2,160700
2,160400
39,1128400
324,613100
4,272500
271,888000
2,162400
8,321800
52,1439300
3,183200
5,236800
1,136000
1,130500
490,1774500
252,319500
2,157900
22,681700
6,261900
2,153600
5,235300
15,506000
55,1533600
2,165000
1,130500
2,208700
56,1681300
3,193400
4,261100
1,152400
7,313300
2,188500
2,159800
247,1852100
2,160800
112,1470000
3,188900
2,181000
6,272900
21,669500
3,187300
43,1213700
40,1350500
8,333600
3,187100
21,675200
4,214700
2,160100
2,155800
3,182600
2,155900
2,155200
2,156900
1,130200
27,853900
48,1338000
25,757800
57,1586200
2,184000
20,749800
6,317600
149,983000
2,180000
6,304500
2,163600
2,185200
2,164600
192,366600
2,151900
2,150900
99,1116100
3,181300
17,618600
38,1526000
2,219100
8,314700
13,435200
52,1471700
3,184500
1,122600
24,740500
17,612400
2,183700
6,362200
3,244100
2,218300
4,254100
544,1597300
3,180300
17,859000
1,132600
2,152300
8,303700
333,826500
5,230500
11,403200
48,1371600
4,206100
14,475500
2,154000
567,598200
1,121900
2,150500
36,1260300
4,206500
2,170600
24,730300
6,265100
8,308100
97,1021100
11,382000
2,158800
2,151900
2,153900
36,1027300
2,154300
2,148400
3,177300
1,131100
2,155600
1,119000
2,157800
2,149200
4,207900
50,1395400
2,147200
408,1290800
238,1810900
3,224800
2,189600
2,154000
1,122800
16,509800
4,202500
30,947500
1,131000
2,150000
3,174900
4,206700
2,150300
1,125200
17,546500
76,502200
2,154600
2,148900
516,843500
2,155900
2,154300
9,333300
12,419300
5,263300
10,440500
4,211000
6,259100
17,655900
22,771700
46,1332400
2,152300
4,209700
2,152500
5,236600
10,356700
3,180900
14,478200
346,1319400
1,155700
6,283000
1,123000
3,181200
2,151400
65,200800
181,1634000
3,179100
2,145200
10,355600
155,1096600
2,215000
15,544100
484,1592400
1,133700
5,236900
3,171000
2,158700
3,187800
3,184500
14,473600
2,165100
2,163600
248,217500
4,211700
2,161900
1,140400
12,448500
12,428700
2,155900
7,364500
2,190300
2,156900
71,374300
2,154700
9,347200
2,160700
2,160700
2,160900
2,159200
583,1156600
7,342000
2,185100
2,208700
2,160800
76,555900
26,798000
2,158500
2,160400
2,161600
2,156000
2,163300
4,221700
2,154300
148,804200
2,156800
11,396200
95,984400
1,135700
271,820800
8,318500
227,1271000
45,1558800
4,261000
9,321800
3,188300
2,162100
364,1665500
40,1169800
55,1566200
34,1029300
2,176200
24,800100
4,213100
3,182400
2,166700
28,1098000
94,1285900
3,183900
2,160200
2,161800
1,128000
29,864700
1,131500
480,1537100
2,162700
2,165700
25,760800
2,160200
435,334800
2,161700
2,159000
2,155800
316,409000
2,161600
2,152800
1,131300
2,161300
311,265700
2,153600
2,155600
17,558900
7,292900
4,214500
131,352900
6,302000
2,162400
4,287400
36,1206200
50,1624500
3,264700
4,282400
3,193800
1,130500
82,697900
3,187600
2,153700
174,1447900
1,130700
7,289000
8,316300
91,912500
10,390500
66,246600
2,161600
279,1141400
2,198600
15,503600
2,158000
20,642100
4,215400
6,262200
12,432400
2,161800
2,159200
1,130000
4,213400
2,155600
4,205800
2,154500
6,263700
104,1220900
84,704700
1,126600
18,624400
2,161600
7,286800
6,356000
39,1213400
2,161300
1,144300
2,156100
1,167800
2,239400
2,219300
142,692100
37,1065500
21,671900
2,160100
6,263400
12,421200
2,192600
2,157100
2,160800
3,191800
2,168000
3,186000
20,624000
2,157100
11,390400
39,1185700
4,246100
2,158200
1,129100
26,807600
7,300300
124,181800
29,1016000
46,1302000
6,266800
1,129500
2,180300
2,153200
78,561000
4,256600
17,726700
2,183800
18,715900
18,572100
2,148900
14,467000
195,574700
51,2064200
6,352500
2,183700
14,602300
408,1395800
52,1505100
575,794500
231,1381500
4,214300
131,346700
19,599500
1,130100
8,320400
53,1497100
3,183200
2,159300
83,957700
51,1567600
1,133500
2,158400
4,212600
2,154800
3,186300
9,329700
122,1717400
1,126500
64,189200
2,161800
344,1123600
3,185500
2,160900
3,183200
2,161100
2,168800
4,212500
16,519900
54,1504400
19,725900
82,675400
2,161900
2,165400
2,163100
2,160900
11,393500
5,237300
31,945600
9,363500
56,1558300
7,299800
3,242700
3,201600
2,172100
22,785600
3,187600
4,223100
35,1021900
6,267700
4,216100
3,187400
195,459700
37,1256400
2,161300
609,1673700
52,1445500
2,159900
2,162300
1,127900
11,499400
2,169000
2,162600
2,156000
3,182700
9,341200
4,208200
12,419400
6,265900
2,167800
70,373200
5,234300
4,209800
1,130500
6,322900
2,155000
1,126100
14,482200
2,185200
8,329500
3,188700
3,186400
14,473800
2,159700
6,270900
15,646000
2,178500
19,604200
4,213800
12,430700
2,157700
11,386000
46,1294800
3,207100
7,285300
34,1029400
634,752700
2,154300
109,1332500
1,137600
9,411200
319,483200
2,158500
3,183500
2,155100
1,128600
14,479300
18,575200
3,190600
5,239100
2,177800
12,420600
6,276800
52,1453400
2,162900
2,157500
1,132200
1,132000
115,1494400
8,322200
6,284400
2,176900
2,150300
2,148300
4,259100
14,508700
228,1603100
2,160100
4,212000
2,154000
53,1491000
3,192000
2,159700
2,157100
58,1674700
1,126400
2,159300
3,193200
44,1238300
2,159500
2,155900
54,1537500
2,160900
3,181200
2,156500
3,184500
2,168600
66,313400
2,172300
4,213900
4,255500
8,314900
32,937000
2,157200
1,125100
2,160000
12,465100
19,659500
3,224600
2,157300
10,378700
2,161600
36,1094100
6,267800
6,265600
2,164800
12,420400
24,744500
4,263300
7,292700
21,661800
2,159300
2,161300
56,1948300
2,162500
4,212600
2,178300
2,158200
2,160200
12,429800
75,514400
2,154900
3,179000
2,165700
1,126900
25,763300
26,821000
28,852300
16,518900
2,161600
17,545000
2,168700
2,160700
2,159000
64,189900
625,611500
2,154200
54,1713300
2,158100
2,158900
10,375200
1,127700
17,568100
2,162100
50,1408100
11,388100
3,182900
58,1602000
6,267300
2,158800
2,158900
53,1516500
2,164200
2,161000
2,160800
56,2139800
6,261200
5,241700
3,184800
3,194300
36,1057500
1,126100
267,895500
35,1201800
2,161600
7,289300
6,273700
2,161400
366,1725100
3,187800
2,160400
5,240500
2,162400
3,182400
149,824400
2,207600
39,1217500
2,162900
1,130300
1,128000
2,169600
27,821700
25,792600
13,465800
2,156400
7,290700
285,1226200
23,712100
4,212800
4,205000
18,576800
10,378800
285,1315700
1,115600
14,505900
33,1095300
3,185900
16,524500
1,129500
2,167500
5,241600
23,706900
282,1103200
2,156700
2,162100
345,1181600
6,267900
3,187600
24,756400
49,1417700
3,184500
2,155300
2,170400
39,1221800
2,167900
7,313700
11,440400
1,128000
3,188900
28,851800
1,129700
12,417000
23,707700
76,515000
1,127300
2,155200
9,344000
2,175400
103,1497600
2,162500
22,687200
2,158600
2,161100
3,196100
21,665400
2,161800
7,304800
2,164400
4,215200
590,1440000
1,125400
7,292500
2,160100
2,160600
486,1653200
12,417400
5,242100
1,130000
5,240300
12,431000
100,1187400
26,790300
42,1237200
2,163100
2,162200
2,154100
3,194600
6,267600
2,155400
41,1433900
101,1326800
10,367100
2,159900
9,344900
2,163000
46,1302100
7,291300
2,161200
285,1172600
2,212700
4,208500
2,160200
2,159700
2,160400
1,126200
67,270800
2,154700
2,181700
2,166300
27,823300
45,1418200
28,866400
1,129800
2,163600
2,159100
46,1291000
24,727600
2,164700
18,582000
6,259000
2,207500
367,1759200
4,279500
2,160000
57,1637700
2,161300
31,1008400
3,249500
2,167600
2,193400
2,157700
2,160200
6,260300
3,183000
6,263200
2,153500
2,164900
7,286900
1,128200
16,546500
99,1101300
2,160300
2,159700
57,1567900
2,159800
626,532600
2,160500
2,154800
2,159100
2,159800
250,296600
1,126100
15,494000
7,298900
4,213000
7,287400
2,162100
2,155700
19,765200
3,191100
38,1085200
2,196600
117,1900700
2,169400
26,808700
1,132500
2,162800
3,187700
77,536400
2,166400
2,158700
55,1535700
2,167400
9,352800
2,154900
2,160700
41,1402300
2,168100
2,192700
2,160700
10,373700
2,154600
2,156700
3,182400
9,338500
4,223200
55,1521000
15,507700
4,210400
2,160000
4,207400
70,344600
2,158700
190,297000
24,745200
21,653500
23,725000
11,615300
2,164500
2,187400
25,945800
414,1441300
2,162000
1,131800
97,1045200
2,179700
5,241300
5,237200
4,215400
2,155200
3,186500
48,1383500
2,154400
4,217400
12,428600
10,367400
1,129600
10,369900
4,209700
16,538900
23,725100
1,130400
4,318400
1,174700
88,899400
10,375100
22,683200
80,609200
2,169500
4,214100
2,160500
4,208300
143,653600
7,291600
2,160000
147,1174700
26,807200
2,162400
39,1113500
1,132900
3,188900
4,210100
89,1150800
6,266700
2,164000
3,187300
1,121600
39,1303900
2,152600
4,199700
65,204500
30,895100
3,189800
3,186900
8,320500
7,291200
16,518800
3,194100
2,160300
20,623500
2,157300
66,270800
2,160100
2,183500
11,411700
344,1114000
1,130300
45,1604900
1,126600
2,205300
4,265600
18,832500
9,420100
3,221500
16,686700
66,317400
2,195200
2,193200
531,1725000
18,777000
2,189400
34,1339300
6,334000
5,300200
14,630500
24,1150600
97,1486300
2,185200
2,160100
121,1660900
2,157500
4,213400
4,207700
13,446700
2,169000
2,161500
2,205200
5,237300
2,158700
2,160800
8,337400
20,711700
2,161500
24,737200
2,162000
5,233000
2,154600
2,153200
2,154300
2,164200
2,181400
35,1341200
6,271700
52,1488800
16,527000
57,1656500
2,156500
4,221100
2,154900
7,291000
11,391300
4,210700
8,314100
23,715400
2,161100
2,156800
2,156700
2,154800
495,2055900
23,703900
20,655700
14,466800
2,155700
2,155900
309,2073700
6,341300
4,263300
2,183300
9,416200
12,552300
3,168500
112,1422300
6,248600
2,138800
1,115500
17,546800
7,282600
2,141600
38,1144200
69,300300
2,142500
21,651800
2,161700
4,218500
33,1128400
2,176500
5,236000
19,606100
302,1615900
3,191700
7,293100
2,159000
2,156100
83,691500
11,394500
1,136200
2,161400
2,154800
29,1244400
53,1615300
3,209700
2,159500
1,126600
243,1667400
4,210700
80,602200
1,140000
3,222100
9,343000
258,550000
4,214800
1,126000
2,163600
1,131100
7,325300
557,1907900
24,749500
1,142800
1,172900
2,168800
2,141600
44,1308200
8,312100
21,651200
50,1588100
2,163400
6,266500
7,347900
38,1296000
2,159400
4,207400
20,636200
1,127500
2,160300
2,164700
36,1111600
6,297600
2,195300
5,235600
6,266800
78,550600
2,156600
2,162700
2,159500
3,188100
2,155200
125,185400
11,386100
2,154900
4,208500
2,187700
5,242000
2,174600
8,320700
45,1270700
2,162800
1,133700
2,157700
3,188600
300,1599300
7,291400
2,159000
25,773600
190,293800
2,156900
2,217300
15,745000
42,1303400
2,193000
50,1615400
2,171300
2,160800
4,211400
73,418000
2,156200
2,163000
87,816300
2,158200
2,161500
2,163000
8,312500
2,161000
7,287300
2,159800
2,156200
2,159900
2,167000
6,266500
14,466100
2,160000
12,412800
49,1524700
598,1437400
2,163300
2,157900
8,323300
343,1099200
2,217400
10,372100
11,389800
2,154300
8,313100
6,312000
4,213900
2,160100
2,161000
3,187900
59,1781600
4,255800
18,620600
108,1382000
21,662200
1,126100
6,270600
47,1310400
2,159000
2,160200
94,979400
2,161500
21,653500
6,267600
2,156200
2,166300
4,214200
13,434000
2,159000
14,473000
344,1150400
24,751700
1,151800
1,171200
46,1592200
6,272300
3,220000
2,169000
2,157900
5,242200
20,633800
3,188900
41,1426500
2,161000
119,1612600
1,130000
15,499100
1,125900
40,1167600
43,1381500
1,149100
3,226500
2,161200
11,390200
2,159900
8,313500
19,602600
3,203800
6,266000
6,262700
43,1248900
2,158500
8,319100
5,233700
2,159800
2,155900
2,157800
2,185100
23,731000
1,136600
2,158300
1,130600
2,162200
1,129800
1,132900
82,656500
2,161800
15,519900
2,156100
2,161600
2,161400
1,141500
6,324300
8,626300
15,733800
17,621100
2,161300
65,425400
3,207400
163,1170300
3,263600
30,978200
10,370700
237,1506000
3,182400
77,566300
2,229700
5,239100
2,154400
18,589500
2,157000
4,209600
616,2158200
36,1040700
2,161500
2,163400
10,360800
18,587500
25,758900
226,1336300
2,156400
1,138000
2,183800
7,299200
29,914700
229,1315300
5,239300
6,385400
2,218900
169,1351100
2,178000
2,159400
2,156700
13,436400
1,129300
2,156000
5,234100
11,390600
4,207900
2,165900
70,348300
2,161700
16,529100
2,159700
2,156700
6,266700
3,219100
11,401600
2,154900
2,160800
5,233600
1,125500
454,885800
4,214400
2,165900
2,159900
25,800600
2,157500
5,234100
6,368200
2,161100
32,1378000
272,897400
146,747600
2,159600
65,216800
1,136500
2,157100
4,215400
2,172500
13,438700
2,158700
544,1598700
7,290100
10,364900
4,209300
20,644400
14,629300
22,680200
191,499500
3,285500
24,838400
4,219400
4,211300
10,390700
2,161900
2,155800
2,161300
2,159000
2,152300
2,159300
5,233700
2,160100
2,155900
6,322100
2,160200
32,942500
4,216200
2,155900
4,213200
3,184600
2,162100
1,128800
5,239800
2,194600
1,168500
5,284500
1,146900
38,1084700
4,209400
201,598300
35,1247800
2,157000
2,173500
15,503600
10,412800
1,125800
2,161500
3,186800
7,288600
6,279300
1,131800
4,211500
9,342800
1,125400
53,1473500
347,1247200
1,126100
2,167000
180,1594800
61,2118300
1,149300
5,262000
41,1464200
56,1772000
2,159600
2,163700
11,403000
45,1252700
6,263800
1,126000
2,172900
543,1561800
2,159900
10,380900
2,163700
23,973000
14,561000
56,1539500
2,167100
2,156100
79,583400
2,158100
2,161100
2,155700
195,424200
9,340500
10,375900
3,180900
3,180000
11,386800
1,126300
2,158300
3,187100
1,131400
35,1017900
19,772700
1,128400
12,447800
2,161900
23,851600
2,170700
70,346500
2,162900
179,1587500
1,125200
49,1465000
6,267200
44,1249900
2,163800
11,421800
2,158800
2,157500
2,160800
29,885400
2,174800
2,194200
12,420600
7,290100
2,158700
232,1466500
27,860000
5,228600
420,1779900
4,248000
2,189500
244,1778600
11,400200
24,732600
39,1136600
101,1142300
2,172900
7,293100
2,185300
2,180600
4,237800
20,688200
2,158500
511,726100
3,187900
3,182300
12,419200
2,161700
2,157000
14,479400
21,706200
499,405800
40,1164400
46,1279900
6,272500
1,126500
2,156700
18,608100
6,262400
2,158300
13,550600
68,308600
5,252300
10,436000
1,133800
2,162500
2,155300
2,164500
4,224500
64,191000
6,270300
17,551600
26,783600
3,195400
27,808900
2,157100
2,157200
51,1453900
2,185400
404,1104400
2,161500
64,190000
3,220200
10,367400
538,1409100
7,393100
3,278400
6,360500
3,171600
2,158700
3,192800
13,441300
65,214100
3,187300
1,124800
20,631300
24,797800
3,189200
2,161400
344,1228600
1,115200
2,145100
30,897100
80,613600
52,1473800
2,160700
3,184700
8,313200
2,195800
24,969600
28,1133800
2,194700
230,1635200
2,157900
6,261100
2,159200
18,577400
79,635600
7,292100
21,651200
2,157300
3,180200
1,128700
2,193900
15,505200
4,214700
3,184600
7,290100
6,263700
2,154700
21,977500
13,620800
5,321900
2,152100
4,213500
18,582700
1,131800
11,394300
4,211700
2,158700
4,213200
3,183700
2,163600
388,685900
1,125700
2,156100
2,164100
2,159600
2,159800
14,482500
2,161300
19,625700
2,159500
3,189200
21,674400
156,1044500
43,1519100
178,1557900
6,267700
2,160600
108,1302900
5,243600
1,130100
17,578400
3,190100
82,673300
2,162600
2,234200
9,341900
2,160400
2,183300
29,1013000
5,252300
2,157100
1,128100
2,160900
2,156100
41,1408600
658,1491000
6,263800
2,155200
3,196100
8,316800
32,937500
49,1375200
6,260000
425,1632200
1,130500
8,326700
29,867800
2,163900
1,129000
2,169000
2,139700
7,291100
2,161200
3,185500
12,416700
1,152300
2,212900
2,212200
11,436900
1,126300
33,1012500
5,241300
5,256300
3,196400
3,183800
2,184700
2,157600
18,677200
1,125100
2,154600
15,483000
3,175100
2,152600
9,333200
4,203600
78,558800
386,634500
2,149600
2,153000
379,485400
12,436000
66,252400
2,184100
371,2156900
4,209400
2,155200
4,201700
1,125800
7,287700
2,169700
2,160400
3,188100
74,454000
17,551900
22,903800
107,1300400
2,153600
7,310500
2,155600
1,143800
26,1268100
4,290500
3,214100
5,235400
2,148100
153,1317300
29,879800
2,163000
2,160500
19,602500
23,762900
1,130600
13,438500
4,216000
8,311800
2,165400
21,654300
3,188500
15,498800
455,858400
2,161900
286,1220400
9,348100
4,213400
11,391600
2,156000
4,251200
1,148400
2,147000
35,1057300
2,156400
46,1298300
2,154500
2,162300
1,129000
40,1143500
2,158200
74,538100
1,170900
8,470900
18,610500
2,217100
118,2742800
1,129500
2,160500
14,512200
2,184400
16,537800
50,1560900
3,247700
2,191700
2,145600
629,613600
16,525200
284,1164900
3,185200
2,160600
18,583600
7,291500
2,175700
440,575600
17,550200
1,132100
2,162100
4,217500
1,139200
3,192100
2,152700
14,464900
2,199100
4,316600
5,319500
3,173100
2,191400
104,1449300
1,131200
2,156400
1,164200
2,162600
2,159000
2,158500
5,238000
7,336000
7,293900
2,159100
2,156600
201,587000
2,163500
2,168700
25,759100
3,187800
2,155200
1,137000
9,340800
2,162700
46,1290700
1,148000
2,153200
7,298200
5,235300
1,123300
45,1407600
5,236000
145,733300
4,214800
32,936900
44,1294400
2,157200
27,814900
56,1853800
2,166400
24,763500
26,804500
2,183100
48,1538100
3,190900
10,371100
34,997800
2,160400
1,130500
4,213000
19,603400
1,124300
2,161500
2,158900
3,186800
18,594700
3,184000
4,215300
5,234400
3,185000
20,630500
6,265300
2,172800
3,187500
10,369600
2,161100
3,187000
8,313300
6,259300
2,153500
161,1470800
60,1676900
1,125100
2,156700
3,227600
2,199900
3,213600
23,780100
268,748400
1,126000
66,244800
3,199700
5,234300
2,154600
2,156300
2,160300
2,161100
2,158900
4,254100
672,1715400
11,393400
16,534200
163,1367800
141,627500
2,174100
35,1006100
2,160800
2,156500
58,1605500
2,159600
1,124100
58,1611800
77,519500
7,299700
6,292400
11,399800
4,213500
28,1005300
3,218300
2,196900
7,302100
2,184000
16,521200
4,215100
6,277300
2,149900
4,258500
35,1013200
2,155400
2,161300
34,1025800
1,135300
4,214700
14,472600
114,1476100
77,519100
2,171900
16,518600
2,159600
2,157700
3,186000
79,578900
2,161300
1,123500
2,247100
1,198800
22,1025500
1,132000
2,183700
56,1767100
3,189000
7,295900
2,159700
13,444500
2,156700
295,1686300
5,245300
64,193200
2,157400
2,161200
310,250500
114,1463300
10,378200
3,181600
5,236500
54,1839900
3,188400
18,582100
4,208700
47,1325400
102,1176200
6,273700
3,183700
2,156400
4,209100
25,756100
2,155000
4,211900
14,511900
2,165000
3,186700
2,159700
2,161000
672,1995200
2,203900
3,228600
1,125800
39,1199500
2,157100
4,207700
8,328600
2,155000
2,156100
132,367300
2,156900
13,440500
3,185000
127,255800
6,329200
3,182300
110,1442100
31,965900
158,1043500
2,154900
9,348100
2,160100
2,176100
3,249800
43,1328800
17,574100
1,126100
3,182300
2,155000
3,179400
2,174200
2,155800
1,130200
37,1088600
6,264600
38,1104000
8,318100
3,188500
12,417400
2,206000
2,196400
23,1036300
3,189100
15,495400
245,1915500
4,213100
27,830500
2,162800
176,1498300
1,129100
2,176300
2,163500
2,177800
170,1658800
6,269700
2,161600
406,1160400
1,126900
17,580500
5,241000
18,592200
2,153300
1,127400
3,197200
4,268800
12,500100
3,217300
54,1513900
3,183900
2,157100
2,161600
6,324600
2,151700
6,279500
2,159300
2,155500
20,627400
2,158400
2,160100
2,158200
4,212000
210,840600
2,158200
3,183100
2,158500
2,152600
3,184300
3,182300
3,179900
9,352500
229,1290800
4,211700
3,184800
10,377400
3,185000
20,892800
43,1241600
57,1596300
4,216700
2,157500
5,238400
2,160800
3,181400
2,160000
2,159400
2,162300
17,569100
11,411200
30,892800
3,182200
3,194800
25,903600
47,1401300
1,153600
17,771100
15,497600
22,698500
2,162000
3,182000
3,190600
10,368800
2,154800
12,427300
3,182400
72,398800
3,181900
18,575900
1,126400
3,183200
79,593900
3,184100
35,1009300
17,573000
3,185000
13,480700
3,187100
322,550800
1,132600
3,198100
14,499200
2,161700
3,247500
3,188600
4,220800
14,473300
2,168600
3,185800
2,159600
117,1811900
3,188600
4,212800
3,186400
490,1756800
10,368300
36,1042400
2,163000
27,831200
1,127200
3,196000
69,323800
3,248200
3,187400
2,166300
16,606900
3,186800
168,1273400
60,1738300
6,267200
241,1651600
3,189900
538,1460500
109,1507800
8,337400
9,567300
4,280300
2,151500
2,155200
13,444900
11,393200
23,718300
47,1316200
3,198600
1,138100
2,162700
84,707800
1,131700
81,634900
590,1190900
7,293200
223,1164900
3,186100
4,239100
5,238100
19,634400
3,267400
107,1456700
11,459200
1,125200
3,189900
3,187200
30,885300
1,131800
2,159300
11,569300
4,218500
2,177100
15,798300
430,2521000
3,190400
3,187900
2,159200
21,668600
3,189000
5,281800
249,272400
2,194700
2,160700
1,131200
1,126300
69,325400
3,188400
223,1168800
3,189000
9,340400
3,186300
4,213200
10,398100
40,1124700
5,245000
3,181900
2,154800
413,1318700
2,160500
3,195900
3,187000
3,194700
15,625600
537,1457400
24,999500
47,1461600
2,155800
11,393700
248,219000
3,200600
6,267300
50,1389200
5,246300
3,185300
11,390400
4,217800
4,205600
5,237200
22,694800
7,287800
6,260100
11,556700
568,650100
1,127500
7,304800
3,199800
6,291600
9,444600
20,661400
562,476600
1,147800
10,375100
1,130700
3,188000
17,556700
3,197800
3,185800
3,183800
7,289300
1,126000
31,908500
5,250600
3,188000
46,1444300
3,195700
147,786900
9,343300
11,423900
1,125200
3,224100
10,386000
558,410200
2,176300
1,126900
3,190000
9,343600
2,162400
2,168200
2,154500
4,210000
22,682100
3,183400
5,240400
1,132200
7,293600
3,188700
36,1057400
619,1902600
3,185200
261,543600
42,1505000
3,189900
11,517600
1,210200
14,633900
2,154900
7,313900
1,176800
7,368900
15,799500
23,1127200
49,1386200
3,189700
60,1654600
3,187700
1,130200
7,306600
1,126400
7,287700
1,124900
10,398600
7,293900
99,1423900
7,341800
2,165900
7,292700
7,292900
307,1805000
67,266400
7,358300
7,287400
7,284400
7,299400
8,319300
3,184200
7,291200
7,291600
7,293600
2,159600
7,291100
7,302300
15,519200
7,286500
286,1375600
14,561400
33,1027100
143,670900
7,291700
12,420500
7,286900
7,301800
7,289000
156,1026200
7,289500
9,353400
7,292100
7,289500
7,288000
104,1227200
3,183200
7,288700
7,292700
31,935800
7,301900
7,319000
145,955700
7,278800
20,645900
42,1184900
70,353900
7,286200
17,555500
22,760900
7,361400
7,331400
45,1468400
152,958300
14,466500
7,326800
7,298600
7,293000
2,166700
7,334700
213,958800
12,437800
335,1121100
7,294400
10,372900
1,125900
9,342500
7,289800
8,317700
232,1370700
10,363300
7,291700
1,125100
8,320000
9,352100
45,1278100
2,156200
7,289300
340,1228100
7,336900
2,194100
7,327500
1,152800
7,302000
7,294900
16,522100
7,306100
7,287200
8,330900
21,688500
8,319900
7,372400
8,331900
8,315900
87,790600
78,549900
8,318800
53,1475400
8,314300
8,321000
72,457900
4,225400
8,410500
8,318800
8,325800
8,314700
75,467000
8,322200
123,1715000
4,209000
8,313900
52,1454000
8,312000
3,181800
12,567700
7,345800
8,371800
8,333500
219,1077700
8,334300
8,470500
3,244200
8,332800
43,1252600
8,317900
8,321000
15,498500
4,210500
8,309700
8,309100
8,312700
41,1168100
8,318100
8,310800
8,315900
8,316000
8,323400
16,546700
37,1055500
8,312800
2,170200
8,338800
17,706300
5,278100
2,156700
8,325300
78,551800
8,313000
2,159100
14,545000
4,233600
8,370600
92,1017000
8,314900
620,445100
8,317600
101,1122900
8,313100
145,742900
7,293100
45,1264000
59,2201000
301,1575800
2,163800
8,319100
208,753000
30,898900
6,263600
8,313500
4,210600
14,487700
8,312700
12,427000
11,495500
4,213200
51,2135600
8,324000
8,315800
8,324100
8,314600
8,311600
21,720500
8,318900
8,322400
8,314500
8,330900
1,129400
12,422000
2,159300
8,315500
8,327000
8,317400
8,327000
8,318300
8,311500
1,124400
8,322900
8,385200
2,165500
8,315600
2,161300
9,337700
4,237700
17,719600
8,329600
8,320900
8,312900
13,478200
2,169400
8,311000
12,419500
92,920300
5,302000
8,321200
49,1487000
3,194000
8,316100
33,957100
38,1088800
8,316200
8,310000
37,1570800
8,318800
8,318000
8,326900
18,588100
8,330200
8,316600
222,1537800
8,316900
145,710600
8,315900
8,314200
6,261100
67,266100
8,315900
2,155100
8,326500
8,392300
16,534400
47,1640400
8,393200
292,1599700
8,317600
9,346100
5,255300
83,685000
22,702000
8,322700
8,317200
8,315300
3,184800
8,331600
168,1316500
11,397200
27,848700
8,363100
16,675600
4,293000
20,673400
8,318900
8,325900
5,243900
46,1310400
8,317400
11,395100
6,311200
8,318700
8,313100
8,333800
33,1001600
8,517700
8,364800
84,722900
8,332700
2,156500
8,315300
8,319000
8,443400
5,359000
29,871500
8,337400
477,1414800
2,162800
17,557200
8,320800
10,383400
20,643400
8,326700
8,315100
9,404100
1,129000
8,429500
8,408500
10,566900
471,1286700
19,694100
34,1126600
8,324900
102,1173600
10,536000
8,486500
444,587800
4,212200
8,325100
1,130900
8,315300
488,1740400
8,319600
2,159000
8,331500
104,1231000
8,322600
8,408700
9,384900
8,463400
35,1060000
8,319300
2,155400
16,531900
8,316200
8,319700
1,146000
8,325900
14,469200
57,1611700
8,320200
8,328200
8,316800
35,1259000
30,1125800
36,1248300
8,319600
3,189000
15,502000
445,580200
8,323700
8,318100
3,189600
72,396100
8,317100
8,311600
8,325900
8,317700
8,318400
8,317600
176,1508500
8,318000
8,330600
16,523400
8,349300
8,317100
8,310200
13,531700
8,324200
4,248400
8,331500
29,925700
8,320500
8,312900
8,326400
525,1193200
191,376200
8,369000
2,159700
19,599600
230,1331800
8,321400
8,314100
20,622600
8,319800
8,324000
172,1658000
14,481600
22,697900
2,156700
29,864300
74,450700
8,321900
148,808900
8,319200
8,313300
8,335600
11,408700
8,316200
8,323300
31,928800
316,418600
8,316200
1,127300
8,310800
8,364400
8,442300
8,343500
48,1338400
4,207300
1,141100
8,324200
3,208600
2,153800
8,310200
367,1721400
8,310000
3,174700
2,149700
8,304000
8,325900
1,130500
8,335200
8,319300
8,316400
8,318900
8,315100
8,329700
11,394200
8,315300
8,333600
8,402200
32,1049400
8,305900
14,466200
8,317200
8,324700
49,1396500
4,211700
8,322000
21,650800
8,324000
20,777800
5,345700
8,320100
8,386700
8,334700
400,1026300
5,241800
33,1270600
8,360700
8,321600
22,718600
8,319400
8,323300
9,342600
8,320500
8,311300
8,364700
17,543000
1,145600
8,319600
8,313000
1,146500
8,349000
5,238500
28,853200
125,195000
64,183800
8,327300
2,158500
8,316000
1,131400
8,341000
35,1053700
8,421700
2,212300
11,453500
15,497700
8,344800
8,376100
8,396300
8,435200
4,225000
8,324300
18,618100
8,325000
8,317300
17,556600
8,318500
1,130900
18,591100
6,265300
8,313000
23,722700
8,315600
8,321000
8,339500
1,130400
8,316400
8,327400
2,176800
6,260300
10,469000
5,265400
8,313900
35,1025000
54,1547100
1,130100
8,311600
13,459800
6,266200
8,312400
8,329600
8,315500
2,161600
66,236000
8,329700
6,260700
18,575400
8,391900
22,795900
42,1499900
220,1162600
8,317700
8,314800
2,182500
8,339800
8,318700
10,361600
11,396700
8,317900
8,319600
5,241000
9,345700
8,317000
8,366300
8,311700
5,240800
10,378100
74,445500
8,316500
8,314200
304,1658800
1,167400
8,494100
146,752100
54,1503800
8,437100
45,1396600
512,748600
8,311700
8,313400
8,307800
53,1523800
8,313400
220,1097900
34,1128200
8,341200
8,372800
8,318200
8,320200
8,318100
331,936500
8,313400
8,316900
2,154400
19,601300
8,329100
15,487300
5,241900
22,680200
8,323300
8,318000
1,124400
55,1516900
8,452500
39,1438800
56,1530600
6,266800
7,289900
8,530100
8,338900
31,1048400
35,1546100
8,320700
7,291300
8,313400
8,314600
6,270800
8,317600
8,328000
426,1836600
8,365300
10,364400
124,162600
8,316800
8,318500
8,323500
8,316800
398,944700
6,294700
36,1170600
8,326500
8,325700
8,318700
8,334700
5,245700
8,327600
8,338500
11,423000
8,321300
17,573200
24,842400
25,795400
100,1260500
2,160900
8,348800
62,141200
8,324400
8,315300
8,332200
19,667300
8,335500
8,337400
29,895400
8,331400
2,155200
8,338600
63,167800
376,404600
8,337300
8,344800
8,321600
2,176700
8,329100
7,323100
12,470600
8,403300
4,243300
8,363400
7,360500
8,381500
477,1488700
8,351100
3,200600
8,347700
348,1328000
65,220900
8,389500
106,1329600
8,332800
8,374500
16,533800
2,152100
14,562500
22,878000
31,998800
108,1514200
8,418100
8,326100
8,326500
8,336600
8,348700
8,348600
2,187600
17,645800
1,127200
8,309900
8,332800
8,312900
8,317200
8,323100
471,1364800
4,303100
25,883000
8,315000
13,476600
81,688500
8,357300
13,443800
27,829100
3,200600
8,333100
23,768200
154,1067200
8,369200
8,396900
13,670100
8,335500
9,344400
50,1691000
45,1354200
8,371700
34,1250400
8,361200
8,332000
123,1754800
14,471400
15,524900
21,689200
8,328400
8,305100
78,562900
8,320800
4,222000
60,1985000
14,484200
9,337100
12,541900
8,393200
8,489800
5,342500
14,651200
323,638700
57,1628300
3,216600
8,329500
34,1347600
110,1719200
75,525500
8,420400
1,131900
8,346800
8,338100
8,320400
2,155700
10,392900
25,767300
2,177100
8,368700
20,620600
137,527800
3,202100
17,564100
8,318500
8,334200
8,368300
13,455000
6,279200
62,142900
8,316300
2,166300
8,414200
302,1727100
2,160200
8,342200
12,442300
39,1252700
1,152300
8,385100
39,1538700
84,954100
5,307200
8,415200
15,661300
8,428600
12,554900
8,413900
4,272000
8,408300
18,810800
623,579500
439,578600
1,156800
8,415000
424,2245900
8,418700
8,525200
8,446500
8,410100
4,268400
8,416200
8,420400
23,992600
216,1406800
8,410000
2,194200
8,428800
2,198900
49,1927600
8,410400
79,811800
8,432100
67,351200
1,152300
8,430600
8,423500
18,792200
8,405900
8,437400
81,867300
8,498900
8,423900
8,423000
8,440300
31,1293900
8,416700
36,1454100
8,443500
30,1305600
49,2109000
191,438200
8,413200
1,154800
8,428300
47,1854100
8,420100
8,430500
8,417500
8,413400
8,418400
8,511000
56,2238700
89,1271200
74,502200
21,1088200
8,446400
6,361800
8,445800
8,415000
3,228900
8,406800
8,456500
8,427400
2,193400
8,417000
8,418700
27,1268800
8,502400
9,527300
9,533500
9,523300
9,548000
33,1288400
23,793000
16,729300
9,483300
38,1852900
9,536000
7,375700
17,759600
9,422400
27,1107300
23,839500
9,362000
14,680300
9,441600
9,402000
9,458900
9,398300
3,296400
9,407300
15,870500
31,1472500
4,307400
26,1325600
9,542600
9,538200
2,220900
9,453100
32,971600
2,185600
9,379300
9,398900
1,129900
9,356500
45,1894000
9,503700
9,354400
10,423800
9,408600
9,381500
9,377400
9,368200
4,250500
20,695100
9,350100
9,379000
9,394100
33,1007300
179,1612500
9,379800
7,530100
9,443100
9,524900
24,946400
34,968600
4,190200
9,325900
1,109500
9,407800
9,318200
250,266100
9,384000
51,1919100
9,354400
19,744000
8,322500
9,387300
9,361700
545,1965000
181,1691500
96,1040300
6,268400
38,1092000
9,361100
7,293900
9,350700
19,613800
9,353800
36,1087000
9,343900
9,342900
9,360800
3,271900
7,514600
9,462900
9,349700
32,1301300
20,675800
80,635200
115,1545700
14,564600
44,1250400
9,368700
17,556300
13,447400
9,348700
9,339900
4,247700
9,533200
8,435200
17,575600
9,389600
63,173500
1,135300
9,386900
9,353900
9,381000
9,362500
9,429200
27,1003500
2,166900
35,1323800
2,179200
9,580100
1,172200
18,799500
10,485400
11,417200
9,446800
29,1140200
34,977500
9,403600
353,1462500
9,427800
9,380300
262,614500
9,431300
10,412600
93,1027800
37,1082000
9,391700
9,440700
48,1600100
48,1361400
13,647000
9,447300
521,1025100
25,806600
9,432900
9,430200
14,466200
9,368200
7,275700
9,335200
39,1103800
9,340300
9,340100
9,346400
9,497700
9,493700
64,232900
9,340100
9,339900
9,432100
7,288800
11,386600
135,457200
44,1276900
351,1289500
9,332700
9,340100
9,337100
518,920300
5,236800
14,467100
224,1299200
197,478400
5,289100
9,341900
9,332700
3,187600
9,349000
9,340600
1,124300
9,337000
9,336000
55,1501500
152,896100
9,348200
9,336200
9,381900
4,209100
12,416700
36,1034500
9,339800
9,341100
20,626000
9,356600
106,1406100
2,160300
9,347600
244,1734000
9,337100
9,347600
16,639800
14,487800
9,348800
7,288800
9,357700
9,335800
14,479100
74,457700
9,340100
66,236400
9,336500
9,336800
1,129800
10,371700
13,444100
5,269500
9,523900
9,353000
12,426200
9,344300
3,174800
11,386500
6,262100
9,339100
9,375100
9,342400
1,139500
9,336400
9,368600
9,331400
1,131300
1,125800
9,349600
9,340500
13,436900
9,336500
9,397100
9,347900
9,337200
1,128800
9,335600
9,339800
27,949100
9,445200
18,715200
9,338100
9,352400
9,337800
9,337700
318,449900
1,124200
9,397700
9,355500
9,339000
9,332000
9,340900
12,418000
9,348600
12,544200
5,239400
9,339600
9,339300
9,349200
9,340100
5,232200
9,336700
9,334400
9,339900
21,656900
9,371700
9,540200
80,595500
9,354300
9,340000
9,357400
9,338000
20,615100
10,373000
7,290600
9,388200
9,356200
105,1355800
6,262800
9,332100
21,646200
22,672400
9,343600
9,339600
9,341900
1,129900
10,373200
11,418500
9,513400
9,335000
1,127600
9,348800
15,492700
9,343200
11,389000
9,364400
2,156400
20,632200
9,340400
9,342400
9,335700
9,334700
9,350200
31,898900
9,341200
51,1446900
9,338500
1,124700
15,492600
9,457200
32,1101900
232,1495100
2,162400
9,339700
9,346100
3,187500
9,336100
3,181900
9,331600
9,338800
10,366000
14,496000
3,185600
9,335600
9,336200
9,339300
9,343400
18,595600
11,393900
35,991500
15,659900
26,794600
119,1624600
45,1329400
9,343600
9,338500
12,411400
9,337700
9,428200
9,425600
2,179100
9,405100
14,470200
9,366400
5,240000
9,335500
9,334800
14,462200
22,819100
35,1074600
7,289500
9,351300
9,337800
3,187300
9,337600
9,342100
9,337700
107,1278100
7,288300
31,903900
9,354800
62,155700
1,130800
9,344100
16,517700
5,246700
9,382300
94,1012300
34,1227100
9,331000
1,126800
25,1173700
52,1445500
9,355500
5,284400
20,634000
263,604900
71,380000
1,130700
9,335300
4,211000
9,334800
9,338000
9,334400
4,215900
9,340100
9,335100
6,262200
15,953900
173,1426500
11,395400
9,360100
9,339000
3,183400
9,340200
9,336800
672,1699200
9,334700
9,339900
9,349200
92,1244200
29,1152000
9,340700
9,513700
361,1628700
1,130400
2,161500
45,1266100
9,337000
9,334600
1,129800
9,346600
4,229600
47,1334600
9,354600
123,1717900
11,406500
9,338400
1,130100
9,341800
9,426700
47,1685900
9,343000
74,561700
9,421300
45,1300900
9,351200
4,211100
9,334000
2,159100
42,1213500
9,401100
2,159500
2,155900
10,364800
15,488900
66,247400
9,342000
10,432200
51,1613800
49,1341000
9,347300
47,1327500
82,661000
12,453000
9,333700
9,355200
44,1256100
36,1018000
9,343000
9,387800
16,613100
9,456900
222,1240600
9,338600
9,334700
4,210000
9,347600
2,158300
9,336300
154,976500
92,942100
72,394600
25,745200
9,347800
13,437300
100,1153700
9,338200
9,338300
561,421600
9,338900
107,1568200
1,130600
8,296700
10,337700
8,328000
9,354500
9,333500
22,685600
139,836900
15,562000
91,889100
3,188200
15,514800
9,341100
9,337200
9,338600
6,276800
15,499300
9,335700
585,1188300
53,1521100
64,190000
9,340400
50,1416100
9,343800
35,1006700
5,280100
9,427600
9,333600
10,369700
31,905900
47,1324700
67,268900
8,312600
9,372500
74,477100
9,366600
21,647100
9,327400
5,221600
9,327200
9,331200
26,760200
9,323500
7,324500
19,597700
9,333600
9,330000
28,818700
9,421900
9,385500
9,345400
5,237600
7,319500
20,625800
2,157200
9,336700
6,256900
11,416200
58,1732800
13,444100
9,340700
17,560500
4,213400
9,341900
3,183600
11,390700
9,341000
35,1296400
9,338900
9,350700
153,1136600
9,337200
126,218300
9,403000
14,465400
51,1540400
9,347200
14,471600
137,503400
9,335300
9,345000
24,797200
9,341100
13,493400
22,746800
9,342600
59,1709700
9,338600
1,123400
10,365200
11,394700
9,349200
77,517500
9,340900
9,341700
9,337500
9,476500
10,421700
9,339000
9,335200
19,612500
4,213700
35,1004200
9,337000
24,739100
9,335000
9,337300
9,331300
10,358000
23,741800
9,340800
9,341400
9,336000
1,129200
9,352600
9,339300
11,408100
551,1983500
4,209500
58,1610600
189,333400
9,336600
9,464900
200,668100
2,154700
2,148000
7,275400
9,333000
11,600200
9,469200
73,551900
9,448600
9,443000
9,431400
3,222500
14,600600
9,458600
10,494200
45,1589000
53,1505600
1,133200
9,349400
10,392100
22,720400
10,375500
6,260100
10,385200
82,696700
10,371100
21,657000
10,372800
16,564200
64,192600
10,389000
11,567500
10,417200
113,1689600
14,561900
31,1013700
10,382500
19,617500
18,604500
10,367800
184,1797300
29,890400
10,383300
22,740600
10,417100
16,560500
11,392800
10,474000
10,372000
24,794200
10,374700
2,191500
7,371500
10,400900
603,1517700
18,590100
2,169700
10,371900
25,834700
10,575600
10,361200
28,886100
10,421100
4,204700
10,370300
5,236200
10,368300
499,433000
449,700800
4,216100
10,363700
10,368400
15,500800
271,868300
72,400100
10,387400
1,124100
10,376600
10,378000
10,369400
10,370000
639,903800
10,428800
2,161300
10,368900
2,161800
10,515400
10,475600
37,1065200
55,1840600
12,425200
10,369600
3,185600
23,720300
10,378600
10,368600
454,936100
10,367700
10,384100
11,402900
12,417700
10,379500
10,370600
3,185200
52,1674500
10,370900
10,379900
17,640100
36,1032200
10,378000
5,232200
10,389600
10,377000
10,373900
10,367500
21,655900
5,249500
50,1399900
2,160400
10,431900
302,2057700
10,372400
601,1490700
3,183700
20,653500
4,207600
10,369200
8,336800
1,135200
10,361600
2,158000
19,600100
10,364800
7,291100
10,370500
173,1419400
8,322900
10,395000
533,1354400
1,131300
10,426500
26,805500
10,377700
1,129100
46,1291900
1,148400
10,571100
375,419200
7,301300
7,294500
10,367300
11,395100
10,435700
10,395700
10,371100
7,298000
10,368400
4,214800
49,1512500
24,742100
7,291400
26,782800
10,367900
10,445000
2,173300
17,555200
67,275100
35,1026100
10,368400
10,366900
73,425000
18,574500
2,162900
10,372900
7,290600
10,364000
3,187600
10,366300
191,322700
25,1066900
10,499100
2,178000
10,456500
2,162400
22,687600
12,408800
10,366400
39,1126700
10,412800
29,1050900
10,370700
10,366700
10,363300
10,374800
10,362800
5,239700
10,368200
51,1477200
10,376100
15,509300
10,368400
10,377800
10,364100
30,886300
10,368400
3,192800
11,395400
52,1468600
10,365200
10,361200
4,218800
10,1001800
77,598000
10,371900
34,1172600
1,159600
10,494200
300,1571200
10,367400
131,350100
10,361400
10,366800
10,362500
13,446000
67,277900
24,751000
24,784000
27,814200
128,264300
10,366200
4,212500
73,419100
10,377800
18,574700
24,988000
25,792100
10,371200
227,1277200
2,208800
10,510500
2,166900
19,619800
10,396700
10,371300
10,368500
36,1033100
10,369700
10,370100
92,908700
1,127000
10,381100
10,362600
10,430500
10,533800
10,553600
10,371900
10,365500
10,371000
3,186100
18,584400
10,370100
10,366800
10,381400
10,364600
2,159800
10,394600
226,1270600
5,239600
10,372800
10,367900
86,811800
13,447500
10,404600
2,171100
8,337300
10,398200
10,625100
5,246900
10,372700
3,180200
19,622800
7,288500
21,662100
24,733200
10,365800
250,263800
65,212900
15,503300
10,366300
3,184300
10,379900
109,1335000
1,124100
10,368700
19,593900
2,157700
10,382100
16,516300
69,370200
10,408200
3,222800
10,385000
17,552000
10,369400
10,363500
10,370200
10,391000
25,1198900
35,1078200
33,969700
10,409100
4,342700
10,608700
10,513200
4,213500
57,1714500
10,419500
10,369200
5,235900
10,364800
1,127600
10,355000
10,365800
19,620800
630,685900
66,238900
10,359800
36,1051700
10,359100
29,861500
10,364000
10,364400
10,393900
3,184800
20,638800
10,367500
13,439400
10,557300
10,490200
3,190200
15,488200
10,381200
3,179900
11,468500
10,380500
1,128300
10,385500
65,217400
38,1098400
10,364400
19,649300
10,362500
10,472200
62,132600
10,364900
9,340200
10,365600
10,365400
10,368400
7,287500
10,428100
46,1450000
10,361800
10,361000
10,360100
10,363600
26,854300
40,1151000
10,407300
11,390400
10,366600
5,313200
25,1131100
10,394500
10,372400
3,182200
26,833500
10,435100
3,225700
3,186800
10,365900
26,801300
19,598200
63,165400
10,361500
15,484400
28,833100
10,381900
1,130400
10,366400
25,802900
10,372400
10,361000
2,155000
6,262900
10,367800
14,468900
10,367700
10,397100
10,366900
3,179500
10,443300
2,222400
22,697600
10,369000
10,422600
65,244500
5,282100
10,380800
10,364400
11,393100
10,372100
10,370600
206,721800
3,182300
81,631400
10,378700
1,124200
10,359200
53,1942300
10,367900
41,1469100
19,595000
5,233600
10,373300
541,1483500
1,142500
10,372900
10,363800
10,363400
1,125000
3,183800
10,379300
290,1338300
10,364900
5,316100
10,412200
10,420500
176,1877700
12,488500
10,410500
10,408800
10,422600
1,144200
10,367100
10,364300
1,127300
52,1483500
2,153400
10,366700
6,270800
55,1532400
583,999800
10,390400
10,360800
4,205600
10,404900
10,424700
317,459400
30,885600
10,362200
76,636700
10,365400
37,1332200
10,530600
10,517500
109,2056900
10,534700
10,553800
10,534000
10,526300
10,635300
24,910300
2,171900
10,500300
44,1580300
3,242500
10,457600
10,445700
10,449100
29,1112100
10,450800
4,243800
10,436300
3,223000
10,483100
10,478500
95,1506800
10,469100
10,450200
70,426700
10,456900
126,265100
10,440600
10,452100
2,185000
3,225300
10,396400
108,1333700
5,337500
10,614800
26,935900
4,223700
10,371700
10,375500
10,421100
52,2329500
143,672300
4,217600
78,619200
10,387700
25,757600
86,823000
10,495500
4,258300
19,640300
80,623400
10,382600
20,655400
10,361700
295,1533500
14,686300
16,514100
134,442300
10,371200
10,358800
10,380400
573,765000
10,380900
10,393800
6,252500
10,390200
6,265800
10,361000
6,261800
10,438600
169,1327300
10,368500
2,151700
10,370800
10,368000
10,433200
10,367500
201,712400
5,378400
10,545200
9,361400
2,157100
16,561900
21,647600
10,366300
48,1347900
67,261300
10,359800
57,1597200
10,381000
10,368900
10,383600
11,517400
11,413500
11,444700
11,432200
17,560400
70,364900
11,388500
17,623800
11,409400
11,551400
16,514800
11,390500
39,1113300
11,462800
11,540700
7,387900
11,544900
11,393700
37,1184900
13,468200
11,392900
2,155100
47,1299100
11,390700
28,826500
11,396700
114,1520400
20,643400
73,420700
11,413300
2,155100
11,397700
43,1242700
2,229200
11,454700
461,1060000
11,387600
11,391100
2,154200
11,566700
11,633400
21,661500
3,196300
11,399200
68,294100
11,384700
32,938100
11,389500
12,416400
1,128800
11,386700
26,831200
2,159700
11,389500
11,458500
15,634500
11,416800
4,215200
11,404700
101,1134200
11,390400
11,389200
11,388600
11,388700
11,399800
11,386100
24,718300
11,386800
46,1308000
11,398800
11,389900
11,597600
11,424100
11,562800
64,260100
11,437600
24,726500
3,198300
11,387400
11,389700
11,384600
11,461000
465,1097800
48,1359400
11,386900
28,832200
11,396900
14,468200
11,392500
35,1051400
147,1108900
11,401900
16,515900
27,807200
381,529500
11,389200
11,383300
11,386400
11,389900
4,286100
2,224500
11,430700
11,425400
11,394900
2,160500
8,320200
11,384300
11,411500
11,395600
71,370100
9,369200
11,391500
11,429800
11,585100
11,434300
48,1331800
13,450500
11,405700
11,390200
1,129700
11,462200
4,206500
1,130700
11,396600
33,946800
11,384300
11,391400
2,190200
43,1193000
9,338900
11,422700
263,608200
11,486900
3,232300
14,514500
11,520800
3,189100
11,389400
41,1147500
76,494300
1,122900
11,388800
11,408000
2,161800
1,133900
14,470500
11,391300
11,388400
11,440800
11,513100
6,270400
11,387800
90,858100
31,1086800
5,255100
11,384700
11,399600
152,879300
2,157100
11,392500
11,390200
11,400900
34,977200
211,858400
11,409900
3,199700
15,495200
11,390100
115,1697500
2,158400
2,154800
14,532800
2,144700
31,990600
11,379200
3,237500
11,400800
11,391700
1,124700
15,488300
16,518400
11,502400
34,964000
11,406800
11,391600
11,389000
11,390100
1,131500
11,418400
21,659800
11,392700
11,396300
11,437400
4,208200
11,632800
11,393500
12,420300
14,467600
1,130900
21,651100
11,392400
4,212300
9,378900
11,477300
11,370800
297,1460500
1,130300
35,1059200
11,417400
7,297400
12,420600
33,1003100
18,910100
597,1448900
12,423000
13,531000
11,384400
1,126600
16,518000
11,406300
11,387100
79,568800
11,394400
2,159000
11,412700
43,1211400
11,390400
11,401600
11,411300
29,892300
11,567900
11,509900
13,594500
28,834700
17,579300
11,394100
17,547900
11,400100
30,894900
11,393800
34,993500
11,439800
226,1223800
12,444400
11,389000
388,897700
11,427600
11,386100
7,288300
11,394600
11,390700
73,431300
11,399100
11,388100
11,395700
17,549200
26,768500
117,1756100
11,421700
11,436400
46,1366300
11,461800
11,448200
11,401900
8,311900
11,388700
11,388700
11,388300
12,439100
7,287900
44,1301100
11,404800
11,390900
3,185600
20,631000
11,392900
4,216300
2,176800
11,387800
11,389700
11,400800
11,393600
11,396500
4,210000
11,383400
10,442400
11,573400
11,398000
11,390200
2,155100
11,527100
59,1730300
11,388000
11,399200
11,388600
525,1143600
3,188500
46,1296000
11,400400
11,391500
105,1365500
4,320800
11,413300
11,389200
11,377400
11,404100
11,487700
11,400100
11,390100
11,383700
2,158800
25,748000
12,521300
21,650000
11,393300
11,390200
11,396700
1,129100
11,389100
47,1458300
11,392600
520,1195600
245,1925200
122,1836300
16,521700
565,525500
11,396300
11,394400
25,799200
11,393600
17,544300
2,165100
2,161400
60,2144100
11,400500
9,336600
11,389400
20,631200
84,806500
11,389200
200,675500
2,160100
11,378900
16,501400
11,384000
11,478300
43,1193100
11,380300
72,444000
11,388700
11,378600
11,389900
11,399800
11,462600
41,1211100
16,517000
74,454600
11,434900
5,237600
54,1467800
38,1071400
11,390300
79,584400
11,400200
6,265100
11,447400
32,989800
11,399800
26,1065700
11,389200
20,621200
34,991300
7,289400
11,388100
3,188100
11,395000
27,810200
11,389700
11,384400
11,384800
73,418900
11,400400
11,390300
7,288700
5,237400
64,199600
7,289900
11,394900
2,160600
11,387600
11,387900
15,643600
11,533300
11,388700
14,467300
11,383700
11,398200
11,389900
258,499000
11,390100
2,170600
7,370800
35,1202900
2,157400
11,388700
11,399800
11,398700
81,643600
15,493000
11,401000
11,384200
11,387000
11,389900
11,445200
11,629000
29,859000
13,456500
125,210800
11,386300
11,390900
11,393300
7,282800
11,388200
11,390500
11,388800
11,384700
6,260500
1,129700
19,626500
447,652200
61,1691000
2,160000
23,705200
108,1769000
24,738000
11,398200
11,389900
300,1564200
19,599100
11,392200
11,386700
11,400600
38,1088700
39,1106300
27,814000
11,446600
82,785600
11,393900
3,178900
2,145600
11,408900
299,1554200
19,653200
11,397800
11,454400
1,126800
11,431800
2,159900
11,514900
11,398600
11,391500
11,391800
3,186800
41,1169300
67,331000
12,411100
8,420600
12,424400
93,930200
14,472200
306,1673800
38,1077500
12,414700
609,1643100
12,412700
12,409100
190,323900
2,166700
12,414600
12,414000
8,395000
12,502100
12,712100
12,414600
1,124900
12,461600
12,510600
1,159300
12,415700
21,656700
136,468700
4,205900
12,414400
291,1324100
12,413500
12,412700
60,1649300
114,1601000
12,480100
6,277600
3,181800
21,653000
11,396800
12,408300
18,599800
12,419700
12,410700
12,412800
12,410200
12,416600
1,131500
38,1245000
1,119900
12,402600
12,419700
33,944900
12,419300
12,429100
34,1147700
56,1527200
12,418000
14,467900
12,424300
12,417100
12,415900
57,1566500
12,418500
49,1344100
12,432600
8,312700
12,411400
12,611100
468,1379400
12,507300
12,463500
12,416100
70,343400
12,452100
34,979300
12,417000
12,416600
12,420400
12,413100
12,428100
12,408800
634,740300
15,489400
12,410200
12,408200
248,212900
3,219900
12,477500
12,409300
12,412400
66,237100
12,420100
12,416400
12,437600
43,1280200
2,165600
63,160500
12,416700
72,388200
2,152900
12,437600
35,1017900
63,157000
12,417100
9,385200
12,457800
12,430300
51,1799700
12,460600
241,1731600
235,1441900
12,408600
13,433200
12,409100
12,418300
126,217600
17,568700
12,412100
12,448600
13,455800
12,414500
12,413700
12,413400
14,734800
12,463100
20,622200
13,447500
1,126300
12,410800
427,1865600
12,410800
12,414200
6,258300
12,414000
4,219900
12,411800
1,128500
12,435500
12,414800
12,433900
1,132300
41,1148100
3,182100
12,520200
389,772100
22,678100
37,1059000
28,880300
82,656600
15,497200
3,184400
12,413700
110,1359600
89,843900
12,419800
19,604500
12,516100
168,1808400
12,414800
13,442000
20,633400
49,1355500
184,2156400
14,474600
12,437900
19,593700
7,313100
10,375700
12,422000
36,1037100
2,172300
12,674200
12,520500
12,418400
12,417900
10,367100
12,420600
12,512800
44,1294400
7,283400
12,411100
12,409800
13,430000
42,1193900
2,160600
12,412200
511,701800
45,1316100
1,133500
12,475400
12,421500
12,520100
74,447900
265,683500
4,209500
1,128700
10,367800
12,421100
141,594100
1,134200
24,721400
12,412300
50,1375900
15,490200
100,1098800
1,130500
12,414200
30,1120600
109,1406600
12,414200
5,240600
7,291400
12,413500
132,369600
12,417100
12,422000
1,127000
82,660700
12,420400
11,454900
12,473500
12,415600
392,1077400
12,457400
113,1609800
12,462500
195,418200
12,421000
14,462900
12,416700
12,412700
12,412600
75,462700
12,413000
4,215600
12,415500
591,1328800
12,432800
338,1073900
2,173000
24,1000600
12,529300
12,442500
282,1087400
3,185600
12,475700
12,415100
168,1361300
16,521100
12,421500
1,129300
12,420500
59,2005100
10,368700
12,418500
19,921300
12,415200
12,536300
78,539300
12,530100
12,475200
25,810000
2,148600
12,423000
12,412900
104,1198100
12,412000
12,417100
12,408500
48,1360000
11,585600
12,499700
12,423200
13,441800
19,598300
74,449700
12,426300
12,415400
12,414400
2,162800
15,485500
11,415300
3,181800
12,419700
12,416600
8,312700
12,416300
71,376400
12,407600
22,676700
12,490300
12,458100
12,522000
12,477500
3,196600
45,1262000
12,415500
12,409700
12,425500
6,260200
19,594400
12,419500
12,417400
1,135900
61,1683800
12,411100
25,752300
57,1572900
7,457000
12,626400
12,462900
24,724000
17,537900
12,480300
64,171900
12,410800
5,269700
12,465100
12,449400
11,386200
59,1623700
12,402100
2,150500
12,401600
3,177700
14,564800
12,410500
26,805600
20,675300
221,1136700
12,413000
12,409400
12,418300
12,564500
12,544500
77,526000
12,434300
12,416300
1,123300
34,1023000
38,1171500
1,130500
12,416200
4,214100
12,417500
12,414800
12,502700
12,516900
12,516500
12,473900
12,414700
343,1175300
12,428100
12,415200
34,984900
3,182400
12,411100
8,343100
28,837500
2,160000
36,1031700
38,1081200
12,416100
3,211400
26,852600
12,430500
26,794200
4,216300
56,1526700
12,410200
192,343700
2,159000
12,633100
61,1846200
12,417400
4,213600
12,416500
12,419000
26,792700
8,348300
12,627900
2,194400
20,666400
4,210300
12,471900
329,889100
118,1545700
12,440900
12,413500
12,435200
12,418900
3,187700
12,417100
3,182600
23,700300
12,412600
15,502000
147,757500
12,471600
308,2076900
24,740500
42,1182900
12,416900
12,438600
31,944100
36,1028500
618,1891700
12,418600
15,517000
12,523600
379,483900
3,183700
24,720400
12,413500
12,416400
12,425400
59,1664500
11,400400
12,436900
5,230700
12,412900
2,164100
75,478700
2,191000
12,480400
3,222600
14,454200
73,420300
12,616200
12,457300
12,450500
10,366700
32,948800
19,600800
12,412800
4,220300
12,410800
12,412700
12,412700
14,467200
16,527200
37,1066500
248,213500
46,1286400
115,1712400
12,475300
6,264700
12,415100
12,437400
28,898200
2,161100
12,407100
3,191100
12,500300
25,841100
2,161700
26,810900
2,160500
64,235700
1,124700
12,436300
53,1453200
7,286500
12,415300
12,422000
12,555700
158,1039000
50,1375200
12,416300
7,286200
36,1021200
12,413200
12,417700
12,462900
12,424300
5,235600
2,160500
73,420200
496,317700
12,430800
12,420000
12,413600
12,414400
1,129000
33,1211100
12,468000
78,553600
7,299000
63,214400
12,409000
17,609800
12,411600
12,476700
19,601100
629,606100
4,205100
13,448900
24,722100
13,452000
13,438800
14,493300
13,440300
2,152600
30,874600
13,652000
4,290500
14,448900
13,440800
15,511600
13,441300
13,440500
13,436500
38,1099200
13,436600
13,443500
5,238900
38,1206000
13,439800
35,1002200
2,155700
13,451000
13,437100
13,481500
276,1127000
40,1137000
13,431000
37,1044400
13,502800
7,289200
21,648700
13,441100
3,202100
14,459400
2,154800
35,998700
66,242000
12,410900
13,441000
11,407600
13,443400
17,692600
13,516400
13,468700
13,436100
4,251300
3,224900
1,132500
63,162700
13,559700
78,584600
8,319400
13,442900
7,285000
13,435800
6,261100
13,451600
13,440500
18,623000
48,1327200
13,451100
331,781500
2,166100
13,717700
13,529700
1,129300
2,162600
13,466400
18,570600
13,444700
4,212100
13,439900
8,357200
21,650600
13,446100
13,440000
15,529200
110,1346800
13,485000
380,529600
54,1642400
1,126300
13,574300
13,441800
13,440100
21,657200
10,372200
13,435000
20,665700
2,161200
1,126400
13,440600
13,440800
13,439200
13,460100
5,237000
13,440700
458,914300
3,197400
46,1280900
30,1026700
30,1074700
13,442600
20,624800
39,1293300
13,501200
2,160800
13,436400
6,258900
3,226200
32,930400
13,447800
2,155000
13,432400
13,447700
13,444100
13,483900
50,1563600
79,588100
13,445100
13,446700
31,906400
2,154900
13,433600
85,733800
5,240800
13,435200
22,676800
1,122900
13,450500
29,880100
13,443200
2,159900
8,318300
11,425600
13,464500
13,470500
13,578600
13,444100
13,444600
35,1030600
13,436400
13,439900
10,357800
13,465000
13,449100
85,729700
7,294700
3,185900
2,156300
9,339500
13,443700
1,123200
13,442000
22,725400
68,303900
3,179100
13,449100
41,1374200
13,432400
13,440600
50,1417800
27,1059900
13,584800
13,782000
98,1055800
13,440200
19,595000
13,554700
13,458800
308,2071400
1,132000
13,450200
13,436700
5,236500
13,449500
38,1070600
3,187600
70,374800
13,448500
13,488800
13,444100
61,1676600
220,1049400
13,450600
13,438900
89,918100
13,672400
13,562100
13,445800
13,442200
11,402400
13,437200
13,445700
57,1645200
13,440400
41,1149600
6,262500
13,441700
45,1252500
489,2047500
13,449500
4,204500
13,519600
37,1111300
13,447100
13,435200
3,185900
2,165700
7,299200
16,777400
6,271800
13,419900
5,249800
15,487400
37,1042700
13,452500
13,459900
13,444700
42,1596200
10,364300
13,438800
6,262500
13,448900
13,443600
32,920600
30,895600
13,443000
13,443000
19,608200
13,482800
13,441100
13,455300
387,662100
116,1842300
6,322400
13,599900
166,1372700
2,160400
45,1372600
4,222100
13,441200
13,435200
7,287300
48,1360700
21,647500
2,158100
13,445300
13,439100
13,438700
9,330900
12,659300
17,583400
1,126200
13,438800
13,469400
88,808900
3,189300
13,442500
13,435300
13,435500
13,460700
3,183400
15,489800
3,180300
13,433900
98,1123300
6,265100
29,868600
13,441200
80,591200
13,580200
31,941500
5,233500
44,1230500
13,486300
3,175500
52,1547000
13,442600
13,442500
13,443600
4,206100
13,480900
27,802100
10,367700
13,467700
13,442600
13,440800
2,158900
65,262200
13,643900
13,443200
2,155900
21,657900
2,162600
13,452000
13,503000
24,787000
35,1093100
1,131400
72,411900
13,442700
1,125600
13,448600
13,438800
21,656400
260,525400
32,926500
13,592900
1,153400
13,482200
13,533500
38,1116800
13,450300
13,475200
13,434200
75,462900
13,512400
22,827500
13,430000
43,1212100
13,449300
25,740800
13,583100
13,521100
13,644600
13,534800
11,401000
13,501600
13,444000
4,212900
13,448700
4,208200
6,261600
13,435600
40,1126100
2,153500
13,442600
13,435800
29,892500
14,467600
13,441300
13,438000
13,448800
28,869900
2,190100
13,503200
13,449000
36,1026600
13,439500
13,452300
3,187300
27,857500
387,650600
8,383500
13,711300
18,849800
13,550700
13,436000
13,427600
13,457100
13,503400
60,1730500
3,189400
2,164900
13,429600
20,879000
12,465200
29,1113400
14,519700
22,698800
1,130800
29,853800
4,224300
52,1549200
4,234300
14,481500
14,466900
16,638900
51,2045400
14,474100
14,589900
14,512800
14,466700
9,341500
34,1318600
14,467000
14,492700
20,651700
32,931000
14,541200
14,470400
14,606800
5,308300
3,218600
14,479300
2,151600
14,488500
42,1179500
14,473700
4,209300
14,466300
3,186300
14,473500
14,464800
4,206200
15,493200
7,285800
1,130100
14,613700
14,515200
14,468000
9,338600
14,475900
11,387700
8,386300
14,576900
21,698800
14,459500
14,492500
3,181100
21,658700
4,212700
14,480400
7,295300
16,509800
34,1030800
189,272200
8,307900
14,460500
14,477000
14,466600
53,1535800
14,466700
2,180700
2,195300
14,578300
14,486000
1,126600
14,469900
2,153800
14,466500
14,617300
14,540500
30,976300
14,479500
172,1377700
1,127800
57,1587100
14,473100
17,549800
14,495400
137,777900
14,520000
61,1674000
14,483000
14,499600
62,124900
14,464400
134,419000
14,467400
40,1124300
14,462600
14,471100
14,609000
14,531800
14,470300
28,827600
14,536000
14,594400
25,755100
43,1257200
14,461900
241,1596300
18,570100
52,1464400
14,469600
18,570000
14,463300
385,631300
17,539500
60,1929200
6,265600
14,461700
26,898500
1,122400
29,908900
14,487300
14,461900
325,624700
39,1146000
14,455600
8,313400
14,459400
115,1653100
2,208200
15,634100
56,1527000
38,1105300
14,513400
4,212500
67,266300
4,221100
14,465800
14,460600
20,628300
4,213500
14,495100
13,446000
14,466100
14,463300
15,550400
6,305600
72,481400
14,654700
68,301500
14,465500
14,467400
525,1191400
41,1167500
14,480000
22,673700
14,467300
111,1410900
4,206800
14,463100
14,469200
14,471300
14,463200
14,484700
600,1583200
14,466100
9,346300
14,472500
34,977300
4,208100
14,458100
8,324000
14,675100
1,170800
14,499800
14,461900
14,500000
14,470800
4,211100
79,573000
23,737700
14,470100
38,1232100
14,468400
14,465100
15,596700
14,529000
14,460400
45,1263900
14,455200
6,262600
16,527800
14,469800
14,703100
14,802600
16,530100
2,180100
1,128800
14,469000
14,536500
4,371600
18,606800
14,473600
3,187200
14,497000
6,258100
2,156200
38,1090300
43,1234900
14,461800
24,723900
14,471400
3,180100
78,541900
9,337800
14,462600
2,159400
14,499500
140,573400
14,556800
155,1109200
14,472500
29,855800
14,487600
14,462400
14,513800
135,445700
64,190800
8,314500
14,509200
94,1163700
1,142200
1,127000
59,1624100
14,464600
14,462800
27,1105000
14,471100
224,1166900
3,185500
28,834400
14,466600
14,462200
14,491800
56,1508900
14,479500
7,290900
14,457200
14,462700
21,673700
511,703400
2,157700
14,542300
7,312400
14,627800
34,1137000
14,535500
14,524600
28,824900
37,1067800
14,466700
2,157100
14,465900
14,478000
703,943500
14,466500
14,496800
209,777600
14,476300
24,1022700
14,469600
215,930500
14,461000
4,211000
14,480400
14,467000
18,575000
1,131000
14,486900
125,191900
28,950300
14,541000
2,150600
38,1183500
6,276900
75,466900
4,213600
2,158200
14,475000
14,733200
14,500000
10,368500
69,320100
93,947100
14,504900
40,1129400
14,470000
14,459100
14,458600
17,558900
14,479200
53,1452200
9,333400
14,461400
157,1081300
2,161900
13,535500
19,689100
1,132100
14,483600
14,553200
14,462200
45,1270700
6,274000
2,160400
14,462600
14,458600
21,657900
23,697700
14,469400
14,474000
26,770100
14,463000
123,1875200
14,462900
1,126500
14,470800
14,462400
142,633000
30,944900
11,394900
33,980800
5,240000
5,233900
14,721500
75,632000
4,221600
14,466600
13,444500
14,466100
14,735300
2,161300
14,483400
14,465700
14,593000
14,480400
14,465300
2,153200
14,463000
3,186200
14,477300
14,474300
125,187400
19,600800
14,468600
14,464600
14,475200
17,543700
14,473300
14,465400
14,472100
14,466900
14,722000
2,205100
14,541800
2,155100
18,575900
31,947800
14,549600
2,158200
14,468900
301,1567800
73,426700
14,461500
26,790300
67,262400
166,1286000
15,490900
15,552200
1,172800
15,646000
2,158300
15,499400
15,486200
15,491800
27,809900
15,486600
21,648700
15,504000
31,1017900
144,690900
1,130300
15,490800
15,510200
104,1348800
2,153800
15,687100
2,206000
15,494900
26,772800
15,491200
19,692800
15,493100
1,122200
4,225000
15,534200
22,685900
47,1350800
42,1191600
15,510500
15,491200
15,496000
15,505800
4,290300
15,616400
11,423700
15,497700
106,1265900
2,161500
38,1216000
15,502700
72,401600
15,492000
15,490700
15,487600
15,515600
15,490900
15,489900
4,210800
15,502200
5,237000
21,682700
15,616100
17,718800
1,128200
55,1548500
6,263200
15,490200
15,491200
10,358500
29,854900
15,523300
5,236000
26,807000
15,492900
196,461200
13,438000
15,493700
137,631300
15,670000
15,653900
69,321000
123,1691300
15,494700
15,489600
15,492000
274,895600
15,511300
15,487000
2,156400
15,499300
3,186400
4,206200
15,489400
44,1420800
15,513100
29,922500
34,979300
15,493000
18,580700
65,215900
2,157400
15,542700
15,484000
61,1837600
15,516200
15,489200
24,726600
15,494000
31,1009600
15,496500
386,625100
15,506700
3,188300
63,163600
15,487100
15,492800
15,493600
15,481100
15,608200
15,510200
15,495600
10,403300
15,490500
6,256300
24,741600
12,445900
12,422500
15,525400
103,1549300
43,1480900
15,540100
3,187600
15,499500
15,486200
1,146000
15,496600
17,553200
12,424900
35,1010300
15,488700
19,692000
15,493700
2,156500
15,558700
86,859300
15,489300
15,491400
2,178500
3,190200
16,518400
15,493400
2,156400
15,491200
14,476000
3,183800
15,503000
62,130000
99,1099000
15,495900
17,592700
15,511400
11,478000
15,492100
547,1796800
7,291000
15,490500
21,649600
14,470200
27,814800
37,1055500
3,184100
48,1362600
45,1290400
15,495100
35,993000
3,187100
53,1648400
124,162700
6,267500
15,496100
15,505000
73,428300
15,641900
15,594600
3,198800
38,1076500
15,493700
15,500700
230,1340800
1,128700
15,645400
15,599700
38,1401800
15,500300
15,493200
15,535700
20,642600
15,488200
15,494100
20,641500
15,508100
15,507300
7,286400
15,502500
30,910500
15,496600
15,503300
15,494400
2,174200
15,633500
15,576500
3,274000
15,492300
15,499700
15,502500
15,519500
12,420200
15,497200
12,418600
23,715200
1,127100
15,505500
21,812800
15,502000
15,521400
15,493800
240,1570600
25,850900
15,648700
31,918300
134,470400
15,502000
44,1271600
15,507900
15,566100
380,543200
27,1027300
20,646700
15,528900
2,183100
15,501700
15,492300
22,674000
15,648300
15,519000
4,223700
11,447900
15,491900
27,875800
15,586700
15,505100
2,169500
15,494900
117,1558000
15,489300
9,457600
51,1401400
1,132900
15,757200
20,767300
71,403600
15,655000
8,321100
15,671500
11,531500
15,532200
15,652000
15,513800
1,122700
15,497800
9,342500
15,527600
15,494500
15,540000
518,993900
173,1649200
15,508900
245,1694000
2,161200
6,259900
15,491900
15,495500
36,1045400
15,748800
15,645600
15,496700
8,318600
15,506300
15,487000
5,247600
15,646700
1,148700
15,829200
9,359700
15,494100
23,728300
15,532500
2,166300
15,485800
22,673700
15,490500
74,458100
15,518500
12,451100
15,485600
5,243800
15,493400
15,507200
15,489000
15,503500
15,487700
7,423300
14,606800
67,267700
431,1974600
3,191200
15,497300
15,498700
15,495600
4,223700
34,1028700
15,480400
17,561200
27,846900
15,486400
2,176000
15,498500
486,1966600
15,500000
15,490000
15,487000
15,512700
36,1023000
1,129400
15,486200
42,1217700
15,487600
42,1391800
211,836800
3,181200
15,506900
10,442900
15,673600
16,649800
16,653800
36,1054100
16,707000
16,546100
16,545000
23,875700
16,523500
4,210000
1,132100
16,515800
16,513400
16,523800
16,534300
5,234200
17,544700
16,679400
17,586000
25,850100
16,513400
16,544300
16,668400
16,532100
26,837600
16,521700
4,206800
1,118100
29,865100
2,159300
33,980000
16,516500
16,547000
16,520000
2,158300
16,583000
445,727800
16,518000
16,513200
49,1403600
16,516600
33,988200
16,523300
239,1586200
16,525600
16,513100
101,1517300
25,1128700
454,879800
61,1700300
115,1549200
16,520400
16,527900
7,285200
16,559700
34,967600
3,186700
16,527600
42,1255600
16,593100
2,196600
16,512900
21,862500
16,524000
5,236400
8,327400
16,541000
55,2180300
60,1908300
10,459000
75,637100
16,702900
6,311400
16,639600
16,652700
221,1039400
16,630200
3,235900
16,551700
3,179000
16,524100
5,249500
16,521900
81,629900
16,520100
572,704200
16,518200
16,514300
16,570200
14,637400
16,524000
16,531400
38,1474400
16,537300
16,555800
681,1981600
16,517300
16,509500
16,540800
20,620800
16,524400
10,363300
16,620000
25,1063300
10,418100
16,538100
16,516300
16,512200
1,134900
16,525000
16,508500
16,536900
1,130600
16,518100
16,529400
32,923200
18,648800
16,676600
106,1526500
50,1439900
52,1463600
16,528400
50,1391000
16,675900
5,231600
16,516600
2,155000
16,534100
15,494500
16,518100
16,511900
78,546100
16,524800
14,691200
16,588400
16,513200
16,521200
2,153200
16,508600
34,1147600
16,515700
32,978800
16,548700
88,821400
16,522900
16,522500
16,521300
40,1133400
67,298300
16,735100
43,1285700
16,526000
16,536100
16,521900
16,516700
57,1551600
16,533100
64,187600
16,512000
17,544500
107,1302800
16,653400
16,584200
16,709600
16,519300
16,536200
16,515200
16,549400
16,525700
12,428900
54,1500900
6,276300
20,631200
16,517000
22,678700
16,515000
48,1381800
16,614400
4,259000
16,515000
1,125800
49,1366600
9,337300
16,518800
16,536400
1,128500
16,612000
16,585900
16,568900
16,520900
2,154400
16,525000
16,525700
16,512600
8,327000
76,488200
16,577600
16,572400
7,290000
16,513800
57,1561100
16,514100
16,537300
16,514600
276,941700
16,568300
16,517400
196,466100
38,1081800
16,510200
16,531300
7,283500
16,750000
16,612400
43,1388400
16,516700
16,522900
1,130200
16,530900
16,519100
16,515100
57,1635600
16,534700
16,514500
16,567600
54,1653800
88,816400
16,523900
16,514600
16,516400
24,932800
16,526600
107,1305300
16,529800
16,525100
2,180900
18,693600
16,575300
16,531900
16,523100
8,317200
16,638900
168,1305400
16,517800
3,185200
21,694200
16,518500
304,1654500
2,152300
16,521000
16,522100
6,266300
41,1157600
16,519300
2,159500
16,514400
16,512100
4,265700
71,424000
146,738100
16,576300
16,516500
16,523700
16,705400
16,732500
16,558700
16,525000
2,155600
17,587700
17,565200
70,359200
17,548300
45,1299000
17,547000
35,1348700
12,416700
3,187500
17,540300
17,565500
17,549400
574,760900
54,1514100
17,554300
6,262400
17,555400
23,699500
17,702000
21,768300
205,683900
17,623000
17,590400
11,387700
2,161400
17,548200
17,565000
3,174900
3,186000
17,550400
23,713500
14,486800
26,781200
17,543400
17,574500
13,449600
35,1018300
17,549400
21,644100
60,1902600
17,548200
17,557100
17,547100
17,604700
63,206800
17,637700
2,159500
17,540700
2,174500
17,544300
19,607600
302,1616900
17,570700
96,1111800
17,718100
17,552800
77,522300
11,390900
17,571700
43,1259200
1,123900
17,583300
2,163300
30,893900
17,559500
1,130000
17,594000
124,157200
17,543900
17,556800
47,1369700
39,1302300
6,258000
17,548300
31,917700
17,558600
3,188800
17,543100
17,560800
17,559600
17,573100
173,1425700
17,566500
3,185600
2,165300
17,556800
17,552300
17,652600
26,869000
1,131500
17,551000
2,160700
1,130500
17,558200
17,558600
2,205300
17,799300
4,286100
2,201500
44,1459000
17,608500
4,216000
1,124400
74,449300
85,791300
17,713200
17,620500
10,408900
17,560200
63,162500
3,186000
17,559900
2,156000
17,559800
2,151700
17,538800
17,561700
22,768300
3,187500
17,548900
12,419900
17,576100
4,214100
1,128300
17,545400
17,594600
2,139300
17,561500
17,543900
17,747800
17,615100
17,567700
7,403700
37,1147400
1,125700
17,550900
17,546700
17,556100
17,546500
8,315200
17,553000
7,287900
17,564800
17,604500
17,550000
17,560100
17,641800
17,770100
140,588700
17,548500
77,574000
4,205900
17,557400
17,553900
19,599900
17,552000
7,285200
2,159100
17,568900
17,547500
48,1638900
17,573200
1,127200
23,702800
1,175300
17,597700
17,622100
49,1345000
17,545800
17,543100
17,600700
17,630000
17,545100
17,548200
17,543300
17,595100
3,188800
17,546000
58,1581500
13,556700
17,739800
17,568900
2,156100
37,1050000
17,754600
10,498400
17,655200
17,550400
17,554400
10,362000
17,546600
12,415700
17,537200
147,752700
4,206200
2,157600
46,1357300
17,628900
41,1159800
17,548700
17,552000
110,1345000
3,186100
44,1232500
1,122500
17,552800
17,553000
17,549500
86,788200
17,773800
23,836800
19,727400
9,474800
17,744100
6,277200
23,704500
34,1013300
2,153100
2,151400
11,413200
17,549900
17,714000
17,538200
17,558100
17,534900
238,1805500
122,1861400
17,547600
2,161500
33,962900
17,587900
23,883100
636,850700
24,733300
207,820200
160,1107500
17,551200
4,270700
80,669200
17,602700
48,1332000
17,548700
18,573600
18,585400
8,334800
18,569600
18,581100
18,571100
486,1619100
22,691800
14,466100
18,580200
30,966100
5,267300
18,626700
21,655600
8,311400
10,367100
18,593600
4,224500
66,240500
10,415500
18,580000
26,901200
28,839500
18,584800
3,188800
18,644000
41,1161500
1,125100
2,170000
18,730100
18,572500
3,189700
18,760500
18,574300
18,572600
697,810700
6,264000
1,129800
18,570800
18,577300
141,743600
3,227700
18,588600
54,1506100
18,597400
5,234200
18,883800
18,649900
18,636500
18,575200
18,599100
115,1513000
18,570000
18,583000
4,212400
18,567900
136,471900
18,582300
18,590000
18,576300
18,574100
19,733200
18,580000
59,1747400
4,222100
18,569800
18,606800
18,582100
18,580700
117,1627700
18,589200
18,591700
4,211200
32,940000
2,157100
18,765200
4,244500
18,589700
1,128300
18,578000
26,813400
17,542400
40,1134000
185,1734900
12,423300
18,629200
18,571000
15,768300
18,748400
20,710100
18,683500
3,215900
18,575400
83,694800
18,585500
18,576900
57,1767800
18,730900
18,576700
18,583600
18,580100
17,544400
28,891400
167,1499100
31,916400
56,1592700
18,592200
62,130500
18,578100
31,956900
18,603400
21,700100
1,123500
18,576200
61,1718300
2,157800
18,755900
18,621200
18,580000
4,212400
18,559700
18,570200
18,577400
14,483500
18,567600
32,954600
9,339900
13,437500
18,578400
1,125300
18,575900
18,577200
18,582300
18,681000
18,864900
137,541800
18,588900
18,577800
24,749200
18,572700
39,1099400
71,396200
1,125200
18,570900
18,575800
104,1243100
6,310500
5,239800
18,571600
114,1740400
18,578400
18,578400
4,213300
2,154400
17,545300
30,900600
18,584700
18,569500
18,729300
4,215000
18,603900
18,568600
52,1441700
18,574000
2,161700
18,575700
18,701500
2,138900
23,706800
18,579500
31,912600
44,1238900
18,569500
18,745600
18,583300
34,1040100
18,579700
18,574300
18,566000
2,167200
18,573700
18,759600
18,681100
2,225200
18,824500
18,587300
1,119400
18,593500
18,600800
368,1734100
36,1024800
18,573700
90,855600
4,210000
18,587900
18,576900
24,1161500
18,639200
18,576200
18,575400
30,897000
18,592200
39,1135400
124,162500
36,1345300
12,479600
18,577900
18,581000
18,740400
18,728800
18,580900
36,1056500
18,637100
6,254800
19,625600
23,707900
26,775500
19,630400
19,596700
19,600800
5,233700
3,193900
19,600300
5,261300
19,610800
19,821800
2,230700
19,626900
1,131100
19,608100
19,601600
2,154800
19,1003900
111,1442700
62,126700
19,621400
254,389100
3,176100
37,1068000
19,608500
19,640400
19,613400
2,156200
29,1122400
19,599900
19,618500
585,1040400
19,598200
19,603200
19,618500
19,595400
2,178000
52,1479200
19,656800
19,766800
4,253400
19,684500
2,231500
19,641800
5,241000
1,125500
29,867900
1,147700
19,598000
22,679500
127,247500
19,614900
19,629900
25,765400
10,390800
19,595400
85,736800
19,651800
488,1665400
19,760000
2,191700
19,649200
19,624200
12,422700
19,621200
19,595700
184,2540700
19,592500
31,921500
545,1599400
19,812600
1,159200
19,604500
19,620000
19,621300
3,185100
24,732200
320,516100
7,291700
19,597500
19,598700
8,315300
19,641200
233,1426200
33,1007200
43,1294900
19,871300
2,153700
19,593700
19,613000
19,608200
19,607000
19,625000
19,594500
4,266100
19,599000
19,619700
1,131600
19,610300
19,606400
2,154100
19,677200
19,615900
1,124200
54,1850700
7,290400
19,604200
19,604400
2,160900
35,1075000
3,187000
19,631100
2,195800
37,1129900
1,130600
19,616500
1,126500
19,600100
5,258700
19,603200
3,180000
30,871200
3,240300
19,631400
19,675000
255,400900
6,274600
19,601900
6,263100
19,591700
117,1554700
42,1218700
78,542300
19,595100
39,1124000
19,600700
1,131300
68,294500
20,835200
63,194700
5,278000
19,675500
2,186700
19,607400
19,603700
19,625900
19,609800
33,1013200
19,781700
19,593500
15,484300
19,613300
37,1104500
19,605300
15,506200
25,1153300
3,238700
19,605800
112,1400600
6,268400
19,632700
2,155800
19,595100
30,896900
41,1310900
64,187100
19,613000
2,154100
19,613700
19,598600
33,1094400
31,955900
19,612300
564,561600
21,643700
19,607700
19,597000
19,593600
1,127000
19,637000
19,598100
33,963400
7,321500
19,604100
7,289900
19,594400
19,742900
707,1136600
19,675900
48,1755300
2,158900
19,593500
63,165900
19,591500
165,1227400
58,1671900
24,754500
64,188300
2,159800
19,773000
4,312400
19,944500
38,1193000
19,686700
632,742600
3,187900
19,654000
28,863500
19,598600
19,674100
85,818900
19,590800
31,924000
24,1037000
3,201300
19,604700
19,608700
241,1727800
19,643900
176,1626100
19,636000
19,603500
17,562300
19,634200
111,1607600
54,1731800
28,840000
40,1657200
1,126700
19,604600
19,617300
20,677200
20,634600
13,453900
25,768100
20,702800
59,1964300
67,273100
20,691400
1,130700
11,387200
20,636300
196,450200
196,440100
55,1529900
17,544400
20,619800
2,155400
33,957400
20,626600
30,1142200
82,891000
20,641500
16,528700
20,622200
9,348700
20,624800
137,513800
98,1085100
20,658700
20,632600
3,181700
16,527200
20,694000
56,1618600
20,882600
24,864000
33,954500
4,209500
58,1850600
20,648600
16,515300
36,1045100
20,630200
38,1082800
20,626300
20,636100
79,764800
20,699300
20,631100
20,664100
20,653500
21,673400
20,618900
2,161400
20,632600
1,131500
20,722600
109,1327900
20,633000
4,251000
20,623300
20,949100
2,150200
22,676900
24,729600
20,639800
102,1172800
7,290300
20,626900
20,647000
20,627400
5,270600
3,185600
20,620900
20,626600
25,766800
20,663300
20,700500
144,737500
20,642700
7,286200
20,635300
2,161200
28,848300
20,627100
18,586500
20,652600
1,158100
80,712900
36,1066300
52,1507000
20,886900
20,663500
20,628000
1,153300
22,680400
20,638800
82,658500
20,624400
24,750800
1,125500
20,629500
258,472900
20,650200
11,394000
20,614300
20,629700
20,621800
179,1874100
2,155900
20,805300
569,770800
6,259800
20,628700
34,1006000
20,799600
20,628500
20,699500
316,397600
46,1277400
180,1833600
20,641400
20,627500
20,627500
1,132200
14,466600
20,621600
37,1070900
2,162100
20,635400
75,472800
20,634800
20,617800
2,192900
20,1216500
9,570900
20,1096500
1,186400
20,682800
80,653200
29,928600
20,649400
2,153600
20,626400
20,633300
20,637500
1,123900
63,162200
20,657800
20,625100
20,631800
620,370500
20,637500
20,722800
19,632700
20,638900
20,628800
2,160800
20,740500
20,842300
116,1652200
20,654100
199,527100
16,559100
9,327700
2,160400
8,310900
20,632000
73,432000
32,1188800
8,373400
20,729500
20,695800
20,995000
20,707000
45,1338600
221,1600500
3,191100
20,824200
32,1284700
20,753000
8,342100
20,660000
20,641300
654,1301500
20,632400
2,155000
20,675000
11,397000
20,624800
20,641400
20,636300
20,631500
20,620900
56,1557500
20,879800
78,562100
20,624100
3,184300
4,211400
20,628900
20,672500
20,636000
5,316800
20,743600
2,161800
20,681100
20,746600
76,502500
2,155400
20,618000
1,132300
20,701300
35,1146600
93,1022700
20,622100
1,128100
2,155300
22,685100
20,633100
20,639000
29,869300
20,642000
13,441400
20,646700
53,1442000
20,634500
20,621000
535,1557200
20,663500
20,632700
21,668500
35,1023200
21,652900
7,284300
12,415100
38,1070500
1,128400
21,665600
117,1586100
3,184200
21,796900
121,1849000
28,825800
21,659100
27,797600
13,443400
15,556400
21,830300
223,1327500
21,678400
21,649800
21,643100
2,187400
21,745400
2,159600
21,660500
21,867000
29,860300
21,686700
21,655400
76,501500
33,954300
21,653500
4,215100
9,350600
21,642200
4,206500
47,1371300
21,804000
3,287700
21,941800
21,688100
21,666200
21,675000
21,656200
21,663200
21,658700
21,684700
221,1084900
21,650200
21,645200
5,244300
38,1504400
21,667000
4,212700
28,824900
21,650100
3,201900
29,861500
39,1101900
27,801700
81,627300
21,966200
21,760200
3,189800
2,175900
21,719600
21,958900
51,1421500
57,1554800
21,646100
9,341400
21,666800
5,234000
20,621800
40,1159700
21,639800
21,648300
21,663100
3,181200
21,812200
2,144200
21,660200
6,270200
21,677700
13,443300
21,866100
34,1132500
583,1094700
23,710400
21,671300
11,404700
21,664700
21,669200
21,677700
21,942200
21,666100
2,161000
21,648800
39,1129400
21,674000
37,1081400
21,663900
109,1380900
45,1259900
21,715100
6,334500
4,212000
21,827400
21,737700
21,659900
21,653500
21,684000
184,1693700
21,723200
21,669100
3,186100
21,653100
4,212800
41,1233500
21,683300
21,793300
21,799800
40,1162500
21,658200
2,161800
21,674000
21,649400
21,712800
28,903100
3,184600
21,647500
30,894000
26,788200
21,647000
11,403600
21,957300
21,668700
21,661900
21,661400
27,809600
255,408800
2,162000
50,1391000
21,666200
21,641000
21,696700
21,674600
47,1301300
21,729200
21,825900
79,927200
21,660900
97,1059200
21,663200
33,988000
72,476600
3,187400
21,655700
2,152800
44,1236600
60,1664200
21,892100
27,825900
127,289000
21,648700
20,633800
21,655600
21,648100
120,1698500
21,679800
23,1273400
578,874600
21,695400
21,787400
4,219800
3,181700
21,664500
6,275800
21,664700
21,673900
21,647700
2,159600
21,653500
21,671700
21,639100
2,157500
21,688400
21,661200
38,1059200
21,653900
21,796200
33,1015900
21,811300
21,660700
40,1237300
21,649400
22,692600
22,686100
28,852700
22,694100
22,689100
43,1218700
494,2004700
6,297700
6,259700
10,363200
22,675700
22,677100
22,676900
576,885700
23,721000
22,860800
29,1564100
22,851500
475,1536700
1,126100
22,683900
22,668800
35,1016400
42,1178600
10,357800
22,681300
12,416500
22,722300
105,1220600
3,185400
66,281100
22,677200
43,1467600
410,1274300
4,208600
22,686400
4,212700
22,865500
3,230300
22,907100
2,163000
22,675400
90,874500
22,666700
57,1549300
5,255200
63,188000
22,783000
22,685800
1,127300
22,708800
50,1425400
22,704700
7,300300
22,671100
22,676400
22,691100
100,1191100
8,312300
22,684700
20,731000
22,758900
1,125700
22,683100
29,852000
22,680600
22,684000
22,672300
1,130100
12,420200
22,672500
22,683500
1,126300
3,207600
14,472900
22,673600
28,824000
40,1341800
55,1534400
2,159500
2,162800
22,668800
2,168400
31,920300
176,2017900
22,690300
22,681900
25,769800
22,714200
1,126600
22,676400
22,969300
22,677500
6,266400
5,265400
55,1503800
22,691100
22,670400
5,238100
22,673900
22,688500
1,133900
25,763300
22,687400
22,674200
22,674800
8,370100
2,214000
22,742100
1,149600
28,853100
22,691800
22,665200
4,200000
22,668600
22,670400
226,1570900
46,1661600
261,731800
85,883400
3,263700
22,949500
22,869400
66,315200
15,628000
22,858100
22,831600
22,860900
22,884900
3,227200
22,978600
22,954000
3,181900
66,272300
22,691900
31,1137700
22,689900
22,737200
22,712300
6,261700
22,725600
22,676300
22,690100
22,727100
64,187600
22,692500
22,725400
4,231900
58,1747600
22,906800
4,236400
22,673900
22,952500
49,1811600
22,1038500
22,1004600
22,928300
22,734000
22,802000
22,895400
22,804000
26,798300
1,133900
2,166800
41,1302100
73,573000
22,1170300
8,468600
22,1137100
22,890600
65,238400
22,803400
22,1086000
22,767000
2,155200
23,739000
6,293400
43,1392700
22,796000
22,815100
163,1277800
22,707600
61,2085700
22,727800
6,283700
23,743400
22,745200
22,753700
22,819900
23,918800
23,737300
9,353000
23,765300
38,1178300
23,899900
23,942900
40,1162700
3,198500
23,1012600
23,689000
21,671300
23,693400
1,119000
23,758700
7,279800
1,115500
55,1510300
23,816800
23,797500
7,325100
24,801200
23,683500
23,712500
21,638400
23,737400
33,995700
7,273300
13,509500
23,710300
2,138600
23,699700
4,206400
16,681000
23,717800
9,512600
2,188400
23,761400
23,791900
23,746900
23,730600
12,435600
23,711000
19,653200
41,1159100
7,345100
23,764500
23,697300
23,704500
23,894900
151,974200
43,1206600
4,203600
23,701600
23,698800
23,707800
50,1377900
23,889800
23,1012500
61,2347500
23,978200
14,991100
23,1025100
3,270600
23,825800
23,746400
23,699400
23,690600
23,734300
23,686200
44,1237700
23,869100
24,789800
8,322000
45,1321200
2,148700
23,920000
40,1130100
23,702800
23,697000
23,692400
1,129700
9,355400
38,1533700
2,243600
23,987400
9,455000
7,389300
23,983400
23,965700
24,1027500
12,575300
23,1001300
38,1531100
23,999300
26,1125800
73,596600
33,1395300
83,974400
40,1734800
23,1010000
23,1021700
23,1000900
23,1008200
23,1085500
238,2590200
4,315200
23,1190700
23,1167900
9,558300
28,956300
10,425200
23,758300
23,785100
4,302400
23,1180300
23,914800
15,590900
27,1025500
23,779500
23,843000
23,1076700
30,1136900
35,1241200
23,1176100
31,1373700
87,1332400
2,248700
45,1672900
78,671700
23,1124900
23,840900
61,2124800
65,298300
1,159100
23,862400
23,759100
2,163500
23,737500
17,788200
23,773500
24,820600
2,173300
23,727900
23,733900
23,911600
23,800100
152,1232700
23,879100
23,971100
23,860000
23,953500
36,1293300
23,758100
604,1706800
10,368700
23,705500
23,1109800
69,349600
48,1338900
23,714900
23,710500
21,653000
23,740700
190,295600
1,135800
23,715900
96,1048700
23,1076700
494,2253100
24,789900
8,396500
54,1482200
3,222700
24,816000
24,729200
24,743900
119,1626900
21,666200
24,726500
24,940400
1,130300
24,733500
5,232600
24,739300
1,130900
24,781700
1,131100
72,530400
24,846900
99,1097800
24,750100
24,726900
24,738000
24,758700
12,411000
24,893600
24,767100
4,211800
3,181200
11,381700
24,729500
3,185400
24,729400
2,161100
32,959900
24,733800
24,729100
11,395300
24,723600
24,757400
24,755600
6,260100
31,1088200
223,1345500
24,733700
80,596300
24,721000
55,1586600
1,130200
35,1007800
24,776600
24,721400
24,763400
24,959100
77,688400
24,735600
2,163000
24,723700
24,854800
1,167200
24,1090200
127,241100
4,199700
24,709900
20,917000
24,762200
24,751100
24,754500
24,888600
51,1644700
597,1417900
8,314000
24,774300
24,810200
82,662800
24,738900
24,734300
24,762900
64,191600
24,743500
24,767900
24,890800
14,525200
74,439200
24,816100
48,1430200
5,256900
1,154100
2,166400
49,1356900
24,720600
24,714700
24,722800
24,833200
41,1141300
24,888700
3,185800
40,1125100
24,733400
33,973600
48,1333400
398,925400
2,159600
24,746500
24,725000
24,901200
88,1085300
1,138900
17,684300
24,726700
2,162100
24,1016600
24,743600
108,1342700
24,702900
112,1413000
24,722100
24,794400
38,1103200
24,844800
24,721700
24,728700
24,729100
21,652200
24,730900
24,943700
9,357200
24,723500
18,583400
24,737500
24,755700
24,739700
24,728100
24,828800
135,495100
2,154400
24,724500
10,365900
24,758900
395,912000
24,739500
24,815300
4,210600
24,741500
28,821300
24,747300
25,762300
2,151800
31,943200
15,652900
25,938500
25,751100
24,739600
25,748900
59,1679200
2,157200
25,756800
5,234200
25,763600
16,559600
25,759000
12,407500
25,838000
25,1034400
36,1082000
25,765000
86,758600
25,757100
25,804300
465,1209200
25,750800
1,120500
25,1020300
25,1052300
106,1771300
7,458600
25,1095900
2,192000
11,529200
25,1074100
3,253500
2,211800
25,1105000
25,962600
25,775500
25,813100
25,761700
25,1163600
14,601700
51,1723900
6,268100
25,837700
4,220300
25,808800
25,756300
36,1360900
71,401300
25,772100
25,764000
25,976900
38,1136600
3,200700
9,337200
25,758700
25,748300
25,775400
8,344400
32,923300
25,773000
25,768200
25,1076500
25,851600
25,757000
25,940800
25,744400
25,981100
25,750700
25,783600
25,750600
50,1395800
25,755100
10,370300
25,850300
25,754900
21,897800
25,788600
320,505300
12,552400
42,1206900
25,1063500
25,756300
25,758500
2,155700
25,784800
6,264600
25,867700
25,787800
25,792200
25,856500
6,326800
25,748500
4,208800
33,965700
5,239500
25,766500
25,792900
25,739800
25,756200
361,1587300
25,1051900
25,1012900
44,1324500
11,394700
25,750200
33,989500
25,769900
5,285400
25,752500
59,1627300
25,750400
25,756900
25,772800
25,1013100
25,766500
420,1493100
15,491700
25,747100
360,2268000
25,808800
25,951500
2,184700
25,755200
25,763500
14,728600
26,810600
26,776600
20,633300
34,962100
26,782500
17,547200
26,793000
26,776200
26,770300
1,124700
47,1319000
26,781800
8,354600
26,951700
26,830500
2,159600
67,263700
26,809100
18,600500
26,780300
2,185300
26,770100
9,337600
33,980800
26,773600
31,903000
26,933100
55,1831000
64,189500
26,757500
53,1442600
26,859300
1,155700
26,822600
26,783600
5,264400
26,868200
26,806400
2,155300
27,790200
76,631700
264,750100
26,769900
26,852900
142,651200
20,651300
26,814900
26,766500
26,778700
26,837400
26,797500
3,186000
26,798700
26,773000
26,895400
26,778800
13,448900
26,786600
26,1008800
26,801400
1,126900
26,773300
26,779100
600,1445600
26,789300
7,289200
26,775000
61,1950600
40,1133900
16,521800
26,828700
26,783000
26,772900
26,806100
112,1429700
25,820100
26,1013200
334,986000
3,190700
26,777400
270,802500
1,126400
2,157700
1,128500
7,301600
26,769600
26,798100
26,768400
26,782200
191,321000
26,792600
26,785600
18,577000
26,1096300
6,271500
2,156900
26,775000
33,993400
26,817900
26,868800
26,784400
26,771100
87,787400
6,263200
26,1041100
26,788000
154,1178500
36,1075100
26,782300
360,1519100
26,769900
26,788700
327,681200
46,1272300
26,810200
91,1161000
26,1162600
26,1140500
4,235400
26,794900
8,324200
26,776600
26,844400
37,1104400
26,776800
26,776700
2,161800
3,182400
26,774500
26,784900
6,289300
32,1142000
18,583900
26,778700
26,833200
26,779800
4,210000
26,772100
26,788900
33,1087100
26,797200
26,768700
26,798700
5,239200
26,903800
26,784600
10,364600
26,770900
27,827700
4,214000
7,314600
27,807300
29,866400
27,858900
97,1043600
41,1191400
27,816600
82,798600
27,952000
27,807800
27,796100
27,807000
27,798500
27,815700
312,294000
27,793200
27,823800
27,1076400
3,187500
6,263300
10,375400
27,1032500
391,954900
66,249000
27,802200
25,802400
27,816700
78,545400
32,962800
1,130800
27,797100
3,184800
23,901500
27,984500
47,1721800
254,389000
9,342700
27,816200
4,208800
27,804400
27,819100
179,1569100
1,128100
38,1067400
27,852100
5,238600
27,827200
27,816100
22,804700
27,995400
79,579200
1,123900
27,1093900
37,1067400
27,815300
79,634900
27,790500
27,897600
108,1372300
32,1150300
27,945400
27,813300
27,876400
30,961400
27,802000
27,816400
27,797500
7,286600
49,1408400
1,142000
27,910300
61,1726200
27,785100
27,783500
258,526200
4,204900
2,147100
27,787000
27,804500
27,888000
96,1016600
27,810600
27,859200
13,441700
49,1535500
27,813200
27,800700
20,636600
27,1059600
62,133400
27,834600
425,1654700
18,572800
41,1170600
27,844000
33,1240700
27,1051300
27,908600
2,181600
13,441200
27,1040500
48,1604400
27,859500
27,818700
27,831500
27,836800
27,1305600
2,161100
27,803500
29,861900
2,145500
27,813600
91,877900
27,820900
27,804500
15,489300
27,833400
27,802500
47,1464200
27,918200
27,813700
27,798900
156,993300
27,800300
37,1049400
27,857900
27,847500
27,857600
27,822100
27,905900
27,968500
27,844100
27,818000
27,846300
238,1581200
7,311700
27,807600
28,867500
38,1110900
1,131300
28,878700
14,467500
28,997800
120,1860100
23,734200
70,346100
28,830700
203,740300
28,867500
5,238800
31,950800
28,844900
35,1036800
28,1110500
28,878000
89,831800
3,182800
28,828100
28,837000
28,879400
28,846700
28,824800
28,1353400
11,391900
28,827700
28,1099500
28,839600
66,256300
2,150200
28,826400
28,830600
77,546000
122,1673100
6,310200
23,907600
28,839100
6,260500
3,184100
37,1044300
28,1082400
27,930300
28,917800
6,298100
1,149600
80,639300
6,336700
2,159000
70,339400
28,872300
28,832400
1,124100
22,669900
28,864900
4,215000
28,834000
28,886400
28,995300
28,841300
28,822800
2,166500
28,815700
11,684000
28,887100
28,888200
38,1120500
2,175400
1,183300
28,1149800
68,288200
28,966800
2,225100
28,926500
28,904800
28,825000
28,851700
83,674800
1,123800
28,889900
162,1123700
17,548700
28,846700
28,838800
28,870900
8,337700
71,483800
219,1032900
125,186400
28,841000
63,151800
28,1003300
28,832200
5,232800
28,891600
28,828800
28,843600
6,261100
28,836000
25,760200
28,1025600
28,1181500
6,266000
28,816200
28,844000
152,881900
28,832500
28,827700
28,839900
3,189500
11,392200
12,413100
28,1033300
28,1154400
48,1327000
28,827000
2,159100
28,831600
2,155100
13,439300
28,856700
16,521400
70,441900
29,1084600
29,1271100
29,892900
63,164400
47,1541200
29,871400
29,857400
35,1061800
129,313200
3,240000
67,364100
29,878900
74,455200
9,341800
29,864800
29,878900
2,156800
8,310000
29,931400
2,147500
29,963100
29,881400
4,216900
29,856000
31,971300
29,854800
424,1611200
29,935500
3,187600
29,870800
29,869700
167,1493900
29,887100
29,855400
2,160000
29,938200
29,856700
2,188700
9,350600
29,881600
4,216600
29,860600
24,755100
29,861800
22,683100
49,1726100
1,123800
29,876300
26,784200
56,1583900
6,325300
78,553300
29,994600
29,903100
49,1361800
75,479700
1,123200
74,625900
29,926800
167,1276100
22,668600
29,885200
420,1586100
29,871600
29,907500
16,538500
43,1202200
29,1002400
29,942000
29,976200
29,897500
34,979300
9,333900
29,884800
19,631500
29,861100
29,868400
82,655100
29,870500
44,1414500
3,182400
10,363900
29,868900
29,851500
1,128800
29,904500
29,908100
2,164200
29,867200
29,865000
76,591500
29,920400
41,1161700
29,1217400
1,125700
29,867400
8,313200
31,907300
29,870800
2,154400
29,849600
29,866600
17,555200
29,864400
13,456400
29,851900
8,335300
29,891900
206,917600
8,322700
29,860700
4,205700
29,942600
66,338400
68,337900
29,949000
29,861200
29,843500
34,978900
37,1063000
29,866100
5,252800
29,1037200
29,869700
29,862600
657,1329000
5,232200
48,1357200
46,1318400
29,877100
30,892100
30,1237400
30,1180600
30,889000
30,884600
30,893200
30,873400
2,160800
30,886500
110,1352500
30,916100
33,951200
14,472000
30,1121000
147,774900
8,331500
30,880300
31,914400
30,1040900
30,901800
5,272900
30,883900
30,892400
30,895900
30,883000
3,182700
3,248500
30,942300
54,1896400
30,892700
30,878000
14,463900
30,880900
30,882000
288,1277300
117,1560100
25,1193600
30,929400
34,1069000
11,395400
30,906700
30,885000
30,913200
3,187700
41,1145100
2,153900
30,892600
2,159100
30,887100
49,1713400
103,1192800
3,181400
30,955400
30,934700
7,290600
30,903300
30,1154500
35,1029500
62,131800
30,932000
5,236100
3,190300
30,1090000
165,1235600
30,871200
30,884800
30,872700
4,215600
30,887800
30,922400
30,891400
284,1149800
1,155900
30,906000
30,1146100
42,1359900
30,1392600
30,1339500
479,1449700
56,1578900
30,865700
30,950400
7,296300
30,931600
3,189200
30,877900
67,263000
12,440300
30,920300
30,912000
2,153900
28,833100
30,892800
4,226900
30,954000
30,1083700
2,153800
23,796700
30,1077500
30,903200
379,465000
30,925600
30,889000
26,805900
30,887300
6,255200
1,122200
30,892300
310,237300
30,882500
28,871500
30,1089000
3,183900
30,1075600
539,1450700
31,993300
6,338400
31,928800
1,137100
31,939700
31,923500
31,906100
34,1365600
31,1187300
331,882900
44,1315300
31,947300
6,259200
80,600100
51,1529900
31,939800
1,125700
31,902700
31,901900
31,1193200
356,1931900
49,1374400
2,158300
31,931600
47,1347800
31,1235000
248,213300
31,947700
1,132600
31,1281700
31,929900
63,165800
31,910600
31,926600
31,913900
31,918200
223,1368400
31,928500
31,913300
31,921700
12,610700
31,1000600
31,929100
31,906300
191,347200
4,225300
4,211600
31,969700
5,249900
31,942600
31,910400
48,1376500
31,910200
31,1182400
6,250200
31,927900
317,665200
31,1121500
2,163800
31,915700
31,943800
31,930400
13,433700
32,963500
3,189400
50,1612300
31,963200
43,1254700
31,953200
31,925700
31,909400
314,410200
31,928700
7,319600
31,1101000
2,205900
31,954900
31,1174000
31,929700
31,922600
180,1593400
8,326400
42,1212900
31,917400
4,215800
44,1343600
2,159400
10,363900
31,924100
2,172400
31,1049100
32,939700
150,911200
9,341600
47,1452900
1,157000
27,824900
32,989600
207,754800
1,126500
32,945000
32,937900
3,187500
32,1268700
3,191200
32,961900
3,206200
32,946500
328,720400
32,949500
3,188600
32,934200
32,969200
268,747300
2,157700
1,126600
63,177200
18,593700
32,964600
32,1578100
1,129300
20,660600
76,506800
5,233500
32,930000
32,973100
137,500200
32,945000
32,982300
35,1027100
32,955600
32,1171900
32,1117900
32,948800
34,997700
3,181500
11,401300
38,1343500
76,546900
10,449300
32,933400
32,945200
32,924200
32,1160900
32,938900
260,533500
32,932000
32,934800
32,946700
5,264900
32,992600
20,652600
73,424900
32,981200
409,1253400
32,1193900
32,972000
263,604700
19,661000
32,974700
42,1246200
3,179700
32,1004500
685,520900
111,1399400
4,208800
51,1584700
226,1292100
3,186900
32,930600
298,1484500
2,159500
33,965600
32,951500
22,970200
32,995000
5,239800
32,917000
26,968600
32,937600
32,988400
32,922000
32,1187000
32,927800
43,1238800
17,553100
1,128400
2,157200
32,1003900
661,1728600
32,980000
32,951200
3,189000
32,1022000
32,948100
6,313400
32,1010400
337,966400
32,928500
32,933300
4,214300
46,1485100
32,972900
38,1084100
41,1158300
32,959100
32,937400
588,1149000
32,935400
32,954900
164,1420300
33,1046300
33,1330800
7,478300
33,1376400
33,1306900
33,1168600
354,1379400
157,1035200
5,254600
33,1278100
36,1030800
33,985600
33,1134700
33,1168100
21,660000
33,999200
33,958500
33,986400
33,1213200
33,1036500
1,127400
33,1055200
2,164300
33,966100
33,977200
104,1265800
33,975500
67,279700
1,130500
33,982400
33,999400
30,1238100
33,997800
40,1148400
49,1354200
33,988000
21,659300
33,1010500
1,131300
33,962300
39,1125400
33,1117500
59,1662400
33,959800
38,1078600
10,372500
13,472200
33,993300
35,1259300
33,964500
1,132600
33,948600
33,1143800
52,1422500
73,527600
33,963000
34,991800
17,569200
33,950400
33,962600
72,395000
13,435900
33,957100
33,955100
6,427400
33,1089000
33,1085900
83,708200
33,951900
34,991900
1,128800
34,993200
34,1012700
179,1573100
34,1248200
43,1203400
34,991000
7,298600
50,1408800
34,1001200
70,352800
2,157100
34,964000
34,980100
323,694100
34,1273900
5,281700
34,1078700
34,992500
34,980100
1,124400
34,1000400
34,964500
34,978000
20,623100
34,1031300
34,1012300
98,1362100
45,1237200
34,991600
34,963300
51,1714500
34,985500
34,960500
34,970900
3,185900
34,1061600
34,1008800
34,978300
56,1535700
333,842900
74,452900
9,346400
34,1012500
17,597400
34,1021200
21,855900
34,1050200
34,1409700
34,980100
321,539100
7,285100
2,158900
34,990500
34,971300
34,967000
34,963600
34,972000
20,622700
62,129000
14,475500
34,1293200
34,976100
23,711200
34,971600
2,155900
4,205800
45,1308300
34,980000
34,1146700
256,487100
34,976900
24,752200
34,1292300
34,975900
10,366200
34,978600
88,806900
34,987900
2,159800
34,1004400
165,1205500
34,988400
2,165900
35,1101500
35,1135300
35,996200
3,181800
64,197400
35,1172400
74,438700
35,1006200
156,1133900
6,261200
35,1311600
2,193000
35,996300
4,254800
35,1358600
39,1123400
414,1352900
75,466200
35,1003800
22,666800
35,1002200
4,207500
35,992100
3,187600
35,1285500
35,1267200
249,250800
2,160000
1,131800
35,1017000
7,289500
35,1029100
217,988300
35,1225100
70,417000
4,209700
30,892200
35,1038700
2,164000
35,1110900
35,1084000
3,198600
35,1012900
5,236200
35,1019100
35,991200
14,600100
35,1065600
15,530600
35,1026900
11,392000
35,1116700
2,173500
35,1050100
2,155500
35,1079300
35,1003900
41,1179300
35,1001700
35,1868800
6,252800
46,1267000
35,1109300
2,143300
35,1115100
45,1263400
2,134400
35,990200
2,136500
8,290400
35,1016100
35,1026800
4,240700
35,1017900
3,187300
35,994800
3,184000
50,1739800
35,1018200
4,213700
35,1070800
35,1013100
35,1024600
12,425700
9,352800
35,1313400
35,1013800
16,513200
35,1216400
35,1016000
35,1031100
346,1144900
35,998700
112,1419400
9,353600
35,992900
35,1037600
13,446500
35,1143900
417,1516600
35,1005600
36,1323600
5,303400
35,1000400
35,1021200
35,1093900
35,1038700
35,997900
1,128800
35,1137200
40,1129800
35,1005800
85,721600
16,531000
35,1025100
123,1693800
7,287500
35,1304000
36,1015800
36,1302400
1,123800
59,1670200
36,1095300
1,131400
65,218100
36,1040100
36,1055400
36,1018600
14,479500
36,1092100
36,1031000
36,1530100
79,627400
36,1026700
152,972800
4,223100
36,1082600
36,1450400
36,1419000
36,1404000
355,1965400
36,1420700
32,1478600
49,1662900
38,1101200
2,159400
36,1043200
4,211500
8,317200
36,1213600
1,141100
36,1084100
155,968600
3,189200
6,259000
36,1071100
4,208100
9,334000
41,1170400
1,130900
36,1020500
36,1030800
116,2083300
36,1105000
36,1062200
367,1692700
36,1049100
36,1266200
5,236500
36,1015500
272,876200
36,1139700
3,273200
46,1270100
88,810900
36,1038500
8,317900
36,1052600
7,287000
36,1029400
36,1063800
177,1541800
1,128300
1,123500
36,1252500
14,598100
21,715500
36,1035900
85,724300
36,1046700
36,1024900
75,470200
36,1025100
36,1069200
36,1021500
40,1260700
2,153800
36,1029100
34,1048200
23,697500
36,1044000
1,154400
36,1027400
36,1075500
36,1192700
1,140900
36,1333200
36,1220200
69,316200
36,1015500
37,1060200
37,1126000
56,1542800
37,1051800
37,1049500
37,1114300
37,1186700
1,135800
37,1030000
91,1261300
4,216000
37,1058100
103,1201900
37,1058800
50,1380600
37,1067400
11,387300
64,183000
37,1411900
37,1051700
8,320600
37,1051500
18,586800
37,1078700
3,184800
37,1053800
37,1086500
37,1350700
2,152100
37,1244500
37,1099500
37,1050200
37,1065400
2,164000
51,1441500
5,239200
14,561200
37,1062700
244,1662500
4,209600
41,1323300
37,1074800
15,522700
46,1572400
46,1308600
21,668900
37,1078700
15,490400
37,1050500
3,194000
37,1104500
13,594700
30,1076200
49,1364900
36,1017600
37,1054100
29,848400
37,1068100
37,1062800
37,1133400
444,729400
37,1281100
1,129500
43,1311700
37,1243700
37,1252700
49,1480000
24,726800
37,1059300
37,1212500
7,311900
37,1061100
37,1096900
4,216800
37,1065300
2,156900
37,1221400
174,1475200
5,239300
37,1061100
161,1126400
37,1209900
18,591700
37,1115100
5,239300
37,1061100
92,915000
37,1050600
37,1043300
2,157500
37,1072400
37,1103200
1,130300
38,1381700
38,1093100
38,1122500
38,1063100
38,1085800
124,162200
8,311800
38,1077100
2,168000
20,621300
38,1082800
414,1476900
38,1165300
1,131300
1,126900
38,1062400
38,1115800
639,855000
17,565900
38,1273000
7,368000
38,1073900
38,1090500
2,157300
2,159500
38,1277700
2,164800
7,288300
38,1074200
38,1079800
38,1071700
38,1107200
38,1076400
38,1104900
17,554300
3,188900
46,1371400
7,389300
5,241500
38,1092900
38,1286300
221,1081000
38,1105800
33,999300
38,1086800
38,1067400
4,208300
38,1099400
38,1189200
38,1072400
435,320600
1,122700
38,1112500
38,1115400
38,1070400
38,1070200
38,1175200
579,1004200
44,1420000
38,1093000
81,627700
38,1078500
22,675100
38,1109300
38,1063400
38,1080600
38,1096000
1,126400
38,1250700
38,1249400
4,211400
38,1093400
370,1929800
38,1261300
2,150100
68,284000
569,614100
39,1106400
435,380700
137,498300
39,1253500
39,1105500
8,314200
39,1100700
39,1143100
39,1116700
39,1155300
84,751200
39,1104000
48,1492900
39,1352000
39,1090800
3,173600
39,1090700
5,228300
1,115400
39,1090000
39,1103100
18,581700
3,187500
39,1138600
2,158200
18,626800
39,1233700
2,160300
41,1257100
39,1098300
39,1127200
5,245600
39,1102400
9,356600
39,1288000
39,1101000
43,1255700
2,155400
39,1154700
39,1225100
21,927100
39,1148000
6,260000
39,1102200
144,709100
39,1096600
658,1340900
640,1117400
39,1126100
39,1141600
27,881700
50,1404700
200,545000
39,1121900
20,623300
39,1114000
39,1178300
39,1453900
39,1098400
39,1116800
39,1128700
39,1172600
39,1116900
39,1095400
39,1264200
40,1476200
40,1128100
20,633500
59,1638200
30,894900
40,1152200
40,1127400
40,1144200
40,1204000
2,184400
40,1232000
40,1180200
6,260900
40,1113900
40,1220500
26,797300
40,1345000
40,1635200
40,1526600
60,1652200
2,165800
8,352400
40,1124600
40,1194700
19,596800
40,1177900
3,183400
40,1135600
5,255000
40,1129400
107,1661100
1,125900
67,311900
40,1224100
40,1178400
53,1528200
133,394300
56,1591600
40,1132700
40,1574700
40,1129800
1,124500
1,130200
40,1131600
3,180800
40,1114600
40,1151300
40,1217800
44,1343600
40,1458800
32,930300
2,161000
40,1172800
40,1141100
11,382600
40,1129600
4,211500
23,699500
40,1131700
40,1118500
10,364500
40,1240300
40,1123600
40,1175200
4,242500
80,789600
40,1214300
9,337700
33,972400
40,1447000
9,339000
40,1129200
40,1468700
1,131600
40,1181000
20,625700
40,1126600
40,1129800
4,212800
41,1186100
202,604000
41,1160600
41,1716000
41,1275400
41,1258900
4,233900
41,1667300
41,2002600
41,1151700
4,221000
41,1197300
43,1534400
55,1528700
41,1252000
41,1814200
41,1469100
1,146200
41,1161600
41,1190600
41,1731000
79,594900
41,1179800
192,358200
2,163200
41,1177400
5,247800
41,1194600
41,1166600
41,1213300
41,1234000
41,1629600
72,466200
41,1232200
57,1600800
41,1202800
41,1267100
41,1164200
41,1164100
13,687200
41,1239600
41,1178000
65,233700
41,1158800
41,1213000
41,1550500
3,293300
25,914600
41,1207300
41,1469000
1,132200
41,1224500
96,1064500
45,1286400
41,1188300
42,1450400
42,1202200
7,293200
42,1472900
42,1263400
42,1180300
265,1207800
42,1236800
42,1579100
2,180000
42,1324000
42,1254600
42,1397200
3,199400
10,373700
2,172800
41,1242200
42,1260900
201,588400
42,1312100
42,1213400
42,1439800
2,188700
42,1628700
232,1402600
42,1330600
42,1306000
20,667600
42,1261400
42,1197100
42,1191500
2,184300
5,392100
42,1350300
60,1684600
4,221400
42,1788500
3,270800
42,1352500
193,398600
44,1328200
42,1278200
42,1366400
3,206100
24,788100
60,1763800
2,167900
42,1168600
289,1352300
42,1188400
3,198400
42,1171600
1,132600
42,1892900
42,1353700
42,1174500
1,130800
12,417200
78,545000
6,262200
42,1563300
47,1334700
42,1162800
206,861100
28,831700
42,1183700
42,1242300
42,1179900
2,156500
42,1172300
42,1399200
29,869700
42,1214900
43,1481400
2,156100
43,1267100
43,1184300
43,1197000
43,1239000
43,1240900
43,1217000
102,1267800
43,1229000
43,1199900
72,520200
43,1273400
43,1189500
302,1614300
5,236400
43,1210300
4,205300
43,1411900
43,1277200
43,1251400
43,1238600
43,1201500
4,207900
43,1234500
251,297700
123,1786100
43,1343700
32,958100
43,1204100
76,545900
2,154500
43,1206300
3,182700
18,571000
43,1237000
43,1213500
43,1209700
4,222000
44,1583300
44,1306100
6,267700
44,1221600
142,809600
44,1465200
44,1234800
23,703000
9,339100
44,1342600
45,1370100
1,130100
44,1240900
7,287500
44,1214700
44,1227800
6,262000
44,1226300
44,1265800
44,1299900
5,255000
1,138300
44,1272900
44,1255900
6,270900
1,130800
3,188900
9,341200
44,1251700
3,179600
44,1257900
2,184500
72,401200
44,1218900
6,275500
9,345700
2,155700
44,1460300
44,1241800
44,1221300
202,613200
44,1221600
446,620700
44,1634100
60,1666700
44,1444800
44,1273300
44,1231600
161,1152700
9,338800
44,1251200
44,1222600
44,1243200
3,188500
26,791700
44,1447200
2,157900
44,1547800
25,863400
44,1222600
658,1453900
44,1254900
44,1217000
45,1430000
21,864000
45,1263800
3,183100
45,1307700
45,1248500
45,1254900
48,1347800
74,588500
45,1411100
57,1921500
45,1245100
70,355100
22,677000
45,1251000
45,1258300
574,786000
45,1261800
45,1275800
185,1981900
45,1298600
45,1426400
10,366700
36,1067200
45,1336300
45,1260000
45,1353100
45,1370900
45,1253800
45,1264800
45,1243700
45,1243100
13,440300
45,1276200
45,1274500
45,1662000
45,1331700
6,265000
13,552400
57,1560900
3,182200
29,854000
45,1251500
8,312400
45,1266500
45,1399400
45,1267800
45,1251700
144,692900
45,1245200
3,182400
13,724800
45,1307700
10,374000
55,1533500
45,1452000
45,1252700
45,1258300
78,612100
46,1305100
1,126300
46,1346000
24,723700
46,1294400
26,920600
46,1755100
46,1368800
46,1278400
46,1285400
46,1353000
4,214700
3,184600
46,1315100
46,1551000
46,1293100
6,266500
46,1291200
364,2110600
1,129600
2,159000
46,1505900
46,1421600
14,461100
46,1576000
1,130400
46,1293800
80,615400
46,1328800
46,1266600
3,186700
46,1302400
46,1286500
1,121500
46,1324600
65,328500
46,1307500
46,1353700
46,1388600
46,1269600
46,1271600
46,1299800
46,1383500
46,1416100
6,270700
46,1270800
46,1304100
46,1314000
72,393400
46,1307300
46,1275600
46,1705600
46,1300900
46,1290300
243,1809800
12,416100
46,1279200
47,1328400
47,1385400
47,1796000
2,161400
47,1334700
375,349600
47,1318600
1,162200
77,592100
47,1295700
27,821900
47,1332400
47,1588900
47,1312700
2,158700
47,1304600
71,363000
47,1370400
47,1351400
47,1347200
2,159500
47,1321500
47,1632400
47,1301400
88,814000
47,1287200
47,1350000
2,158100
47,1299100
1,130900
50,1390400
47,1764200
6,264500
14,474400
47,1367500
2,159100
47,1348300
47,1433000
47,1371300
47,1316100
5,239300
3,185900
47,1620500
47,1308600
8,307900
47,1303900
47,1300100
211,834700
32,918500
47,1358500
2,160000
47,1349000
41,1403500
47,1451400
48,1352000
29,898000
48,1336200
48,1358800
48,1360000
48,1555600
2,157800
48,1346900
17,548600
48,1443500
2,162600
48,1335400
20,659000
48,1871700
1,131000
48,1512600
120,1657900
2,155400
48,1322400
1,124300
48,1333000
48,1395000
48,1328200
49,1387800
48,1554800
52,1445200
48,1627800
48,1376000
48,1333000
48,1330200
48,1341500
48,1403000
53,1468000
48,1325300
3,185100
48,1371100
48,1330400
6,263000
80,603000
42,1171800
48,1603600
48,1378000
48,1330600
48,1325300
48,1322100
49,1374100
49,1476000
5,238900
49,1516800
49,1365500
49,1354700
8,313300
49,1348600
3,180500
49,1450000
46,1359200
18,625900
49,1561700
49,1364600
49,1355500
49,1373300
49,1345400
49,1421800
51,1435000
49,1477900
49,1410900
4,231500
1,125000
49,1659700
294,1375300
49,1544000
49,1613400
475,1809800
16,742900
49,2471400
49,2355000
49,2305700
32,1304700
49,1611500
49,1815200
43,1448800
49,1470600
195,533500
50,1449000
13,514400
50,1636600
540,1668300
50,1473100
50,1804700
72,399500
8,326800
50,1474000
2,164900
50,1491300
50,1708700
109,1450800
6,274900
37,1057600
50,1417900
7,290700
10,386000
50,1980500
1,156700
50,1782900
50,1701200
50,1403400
50,1673200
50,1389500
2,181300
15,501100
50,1921500
82,932000
50,1459400
11,399500
50,1424300
50,1452500
152,1043000
12,427100
50,1534100
17,648400
50,1507200
50,1423800
12,417400
83,679800
698,837100
1,130200
37,1086300
17,575500
50,1417400
2,162300
50,1428100
409,1342300
4,209400
3,187600
50,1583800
24,747500
50,1445000
61,1725800
50,1455300
50,1682600
50,1524600
19,651500
50,1618100
50,1505600
50,1411000
5,245000
51,2132000
51,1560400
51,1494300
51,1557000
51,1577700
2,159300
51,1524100
51,1794600
2,171900
51,1720300
51,1472400
2,164900
51,1502500
53,1532600
51,1529300
51,1589000
51,1824800
322,594000
2,190200
51,1557600
51,1543500
51,2036500
51,1493600
4,228300
51,1988500
15,555500
51,1556600
14,529900
51,1504900
51,1510900
52,1618000
52,1813000
48,1400900
52,1467800
52,1976000
6,354800
52,1995500
32,1227000
2,208300
52,2006100
13,605700
52,2008300
24,1012700
54,2137800
52,2051100
3,244900
52,2094400
2,202900
69,430200
32,1305700
52,2035400
27,1143500
52,2064100
52,2171700
52,2055900
2,196500
34,1388500
52,2134600
4,269400
52,2044600
403,1546000
3,230900
52,2210300
1,155800
52,2070000
157,1441200
52,2177700
4,289800
14,551500
52,1752000
52,2225000
52,2075000
52,2217600
4,320000
52,2314900
6,349400
42,1428400
52,2312400
52,2446900
34,1114200
57,2059300
52,2489600
52,2105000
52,1673700
52,1855700
52,1510700
52,1657000
140,610500
53,2153400
53,1551400
53,1515200
70,525700
53,1867800
675,1923200
64,212700
53,1514900
53,1506900
9,340500
53,1569600
53,1855400
53,1571500
53,1555100
7,422800
2,169100
41,1195500
53,1454200
53,1523400
154,1145300
53,1621700
53,1977400
53,1484200
22,894700
53,1815900
53,1526800
64,261400
53,1570700
53,1466900
120,1621200
53,1473000
248,241600
4,217800
53,1487500
282,1169300
53,1809300
13,506600
54,2044200
13,468700
33,951000
54,1506100
54,1512500
45,1264900
54,1731600
680,1942300
54,1555200
268,760800
4,244600
2,171300
4,231200
54,1530300
54,1559400
3,195900
54,1713100
1,131100
54,1506500
10,362200
54,1567100
3,231000
18,578100
54,1498300
54,1518000
8,308700
2,167300
54,1675400
129,340200
3,186100
58,1644100
54,1562800
54,1482300
54,1464500
5,237800
54,1639200
54,1576000
54,1500500
9,339200
54,1509300
190,293400
54,1482900
6,267100
54,1470400
524,1089700
54,1749100
79,578800
54,1507700
155,1017400
5,247300
56,1565400
54,1478200
54,1519500
207,915300
54,1509300
55,1497600
11,386200
55,1507400
55,1805100
3,184000
55,1503300
55,1769800
252,324500
66,244000
55,1526500
55,1545100
55,1543500
62,125200
73,423400
15,503800
55,1526000
18,597500
55,1837900
55,1900500
55,1621000
55,1533400
55,1520000
17,547100
55,1863700
55,1564500
55,1530900
55,1506000
3,190800
55,1508600
49,1438300
55,1686900
7,354200
55,1702200
55,1524100
56,1576600
14,469900
56,1835300
30,901600
56,1756200
13,456400
56,1570500
56,1807300
56,1714900
22,690800
56,1549800
172,1615300
56,1764200
238,1524900
4,214300
56,1520200
56,1629200
7,289000
11,394500
61,1704400
286,1833000
56,2062100
57,2163800
56,2060200
4,276900
56,2067500
21,703800
56,2072300
328,745400
56,1582500
239,1838500
8,450100
2,210000
42,1823700
56,2435400
56,1674600
56,1871100
87,792300
1,131800
56,1539500
3,185600
56,1890900
57,1687700
57,1585800
57,1567200
19,627400
57,1571900
2,156700
57,1617300
5,239400
57,1956100
44,1282300
57,1565300
57,1935600
57,1800400
57,1785000
5,352700
1,168900
57,1636600
19,609700
64,192800
57,1575900
57,1569900
57,1633900
6,270100
2,169300
20,635300
57,1880300
274,920700
3,182300
58,1718700
1,123500
58,1644400
10,378400
58,1641700
58,1637700
58,1913700
58,1683300
58,1689700
10,378300
58,1637900
58,1714300
58,2118300
6,265400
58,1674500
28,842000
58,1642100
131,345500
19,607400
67,266700
58,1583600
208,764400
58,1937000
16,550400
58,1635000
2,160000
58,1594000
58,2066500
6,273200
58,1639800
7,371200
58,1857600
3,186900
58,1604200
58,1589000
58,1597600
28,861100
58,1585800
8,319700
58,1853200
58,1793000
58,1659700
59,1633600
59,1626500
59,1753700
59,1895700
59,1619000
59,2155500
2,232200
59,2379800
59,1874500
24,752200
59,1675200
59,1650700
59,1633800
308,1862400
1,129200
1,124000
59,1714600
2,236200
59,1745200
59,1688500
125,192900
59,1613400
2,154700
59,1617300
59,1622300
2,160400
59,2080300
202,639700
19,614000
59,1666200
59,1642600
59,1618700
59,1802900
8,396100
59,1916600
59,1634900
225,1212900
14,472400
59,1617800
60,1656500
15,488300
60,1869700
60,1738400
60,1783000
2,160800
60,1674300
60,1695000
60,1634800
44,1383500
60,1659700
3,181000
60,1667400
60,1685000
302,1616800
16,520400
60,1755200
310,287900
60,2166800
6,269900
60,1785500
60,1648400
60,1646100
13,455800
1,135700
60,1800700
4,319600
60,1685900
24,727300
61,1677200
61,1770600
10,360500
45,1251900
61,1663600
61,1953600
61,1703800
61,1663700
1,128700
61,1695900
61,1657000
61,1800900
61,1866000
222,1095900
61,1672900
9,375000
61,1661700
61,1697300
61,2126700
2,158800
61,1940900
61,1726900
61,1645300
207,1036100
4,216000
1,129300
61,1644800
72,510300
33,1045200
61,1662400
11,395900
61,1675800
419,1533200
226,1202000
2,158400
61,1709400
5,325700
61,1831900
19,717300
62,134700
62,113000
2,140200
62,123000
62,130700
2,159900
69,333300
531,1225100
62,126100
62,131300
25,794000
62,129900
28,831100
62,131600
62,132500
62,129400
614,1842400
429,1975700
62,132400
62,131300
9,357400
62,126800
14,462900
62,131700
62,134600
62,125900
62,129900
151,930300
2,156300
62,130700
62,130900
4,210900
35,1027200
62,130700
162,1145400
1,137400
62,128700
183,1864600
2,145500
62,121300
62,129300
440,659300
62,163600
62,169000
2,169600
62,130900
62,126800
5,242400
22,689400
28,834600
62,133000
5,235600
4,220700
63,179100
63,194400
63,165800
25,763900
13,442900
48,1395400
63,161500
63,155900
14,472000
63,158600
6,266300
63,158600
63,162900
63,162100
63,160500
63,156000
63,166900
73,420100
63,173600
9,386600
63,169400
224,1274100
63,163400
84,706200
7,302400
63,163800
63,159800
63,153200
3,177000
8,318000
63,153000
8,309200
63,157000
63,164500
40,1147800
63,164800
6,264700
63,159000
63,161900
2,169500
44,1242400
63,161500
63,157600
63,161900
2,158500
63,163000
36,1162800
64,269200
64,256700
64,220000
64,179900
64,186500
64,183200
54,1563400
64,199200
64,212600
66,256100
64,188300
64,190200
64,185700
1,123600
64,190400
2,156800
64,186400
64,188700
64,184400
64,192100
5,237900
64,189400
64,184700
3,181700
64,185000
14,472600
64,190500
20,643400
64,190800
6,267300
65,212900
3,181700
2,158700
65,254400
65,398000
34,1134000
65,221900
65,213000
65,222300
65,216100
65,215500
65,213700
65,217000
65,217500
65,216000
65,217400
65,213800
2,171700
2,155200
18,579000
65,212900
65,213800
8,317100
65,210900
65,218700
1,157300
65,212500
65,213600
4,207300
65,213700
7,290700
65,215500
65,217000
65,225900
3,181600
65,216200
65,214900
65,209500
3,225100
66,387700
97,1143100
66,254500
66,241000
66,242000
66,242000
66,245000
66,244300
66,241400
82,655200
657,1412000
3,186300
2,155000
20,795500
66,255600
66,243500
1,129400
66,234600
153,911400
66,241800
1,139900
66,238300
66,239500
54,1643600
66,239200
66,243800
66,234900
8,365400
6,266100
66,238500
66,247700
11,387100
66,248400
80,605800
66,310800
66,240200
300,1569600
26,789700
66,242800
66,236700
46,1311000
67,270000
67,262900
67,284000
67,329600
67,270800
67,383500
8,322000
21,738500
67,390300
67,357400
67,325900
67,270500
67,262900
134,418100
67,267200
67,350800
67,328000
79,576200
8,315400
14,466700
67,264600
67,287600
30,905200
67,274300
67,262400
404,1109600
67,302600
1,127600
67,404500
1,136800
68,327400
358,1500000
68,294400
68,300500
234,1426700
68,350800
80,610800
1,125000
62,124800
68,364300
495,1968600
76,539100
9,353100
68,295700
68,294700
7,411800
68,379800
68,296200
2,161200
44,1290900
68,343200
68,331000
68,293300
3,184900
68,294400
68,347300
108,1366800
68,290100
6,270600
68,291600
6,264700
68,301300
4,214100
68,295700
69,317500
69,316400
69,319400
10,386500
69,322200
69,327800
8,455500
69,468400
43,1292500
69,327800
6,266300
69,330600
69,374500
1,121200
69,407300
69,510300
69,327900
69,338400
69,336200
69,324800
69,342200
473,1429100
69,317400
69,326200
69,395800
2,159600
69,318700
270,839600
28,928500
2,157700
69,321300
69,315500
69,330600
4,212900
69,322100
69,314700
2,157700
74,448700
143,775900
69,335800
69,316700
24,757200
69,317900
2,157500
8,332300
70,371100
452,771500
293,1693900
70,393100
6,296700
70,490200
70,366200
70,353300
70,356900
70,388700
164,1236000
28,887400
70,365200
70,366900
70,343000
70,358800
70,349000
70,351400
3,186600
70,339600
14,469400
70,398300
1,126500
10,416300
70,363000
70,346300
70,358500
1,152900
33,1243800
70,375700
39,1177800
70,441700
70,344200
70,398600
70,410400
3,225400
6,269700
67,331100
53,1944100
70,377200
45,1319900
70,371300
138,593600
23,1001900
70,378800
70,349200
1,130700
71,367900
346,1233800
177,1538200
71,376300
71,371900
71,374300
71,377100
3,190300
2,156400
71,393600
4,223600
17,553100
71,380000
71,373300
71,486800
71,400000
71,516200
71,565100
2,184700
71,376400
71,373900
101,1292600
71,372700
71,375400
71,451400
72,414900
72,407400
64,190800
72,398800
72,403100
72,410700
72,465500
72,407300
8,320800
72,394800
72,417400
72,496100
72,501800
72,445900
3,191700
2,163100
72,401000
28,855000
69,385400
72,414200
72,404500
72,390900
566,564900
1,128500
23,719400
72,403500
89,910500
73,464200
295,1501000
73,438700
3,184800
73,556400
12,424500
73,418000
10,373000
73,444300
73,479300
2,158800
73,485600
73,431900
73,425900
123,1756700
73,419200
2,161200
73,413500
130,318400
16,518800
73,421000
73,421900
73,419000
8,324100
8,311800
73,611500
73,667000
19,623800
73,509200
73,468600
74,479000
18,581400
74,443000
74,444200
74,444600
74,463500
30,890900
74,459600
291,1325100
74,445800
74,446000
74,452300
6,303300
74,795400
18,593300
74,444600
3,188200
74,461300
74,472200
8,332100
24,733200
74,449400
12,411800
2,153100
74,463400
74,480900
75,475500
215,1029500
75,561300
1,126100
75,552900
75,487300
75,509000
75,597300
2,191300
75,471200
75,484800
75,474100
115,1525600
9,345200
10,379200
75,469700
2,153400
75,483000
75,504800
75,472200
76,643000
76,511100
76,496700
76,494600
4,211000
76,505600
76,580500
76,558500
76,495500
14,472500
1,128400
76,498900
76,552300
76,505000
76,571100
76,567300
1,135600
57,1957500
76,503500
5,253800
23,705000
76,506000
76,493900
77,545600
77,670100
372,308000
9,340800
77,545100
78,543400
77,532900
288,1274900
1,125900
1,128400
79,575800
267,857000
1,126500
72,397900
77,519300
77,534700
77,583600
148,803300
77,539000
10,384600
77,624800
6,345700
77,531400
406,1143500
6,263300
77,527000
1,129900
77,531800
3,182700
77,529700
77,553000
101,1138500
77,522000
77,536200
78,549100
3,186700
77,530300
77,528500
77,632300
11,503000
53,1487100
64,188500
78,546500
1,126000
12,524200
78,545300
6,263400
1,124400
78,567700
78,663600
78,550900
78,550700
78,563500
78,549500
4,211800
78,546200
2,162900
78,696100
78,566700
78,554500
78,635400
7,293000
79,650100
3,189900
79,584800
79,596800
2,160700
79,577800
79,599300
79,597600
79,584900
79,581100
79,591900
79,608200
79,581800
80,910500
2,171800
80,614100
1,130500
80,768100
3,223500
80,741600
4,213900
80,605600
59,1622500
80,620500
83,692400
80,609500
80,617500
15,507200
80,604300
74,503900
80,825300
80,615000
80,610700
80,619600
451,743400
31,955600
80,657900
80,609700
2,156500
80,611000
80,600100
6,265500
20,630000
80,685700
80,673900
70,359700
81,752400
81,622400
81,645700
81,641900
81,625500
81,624100
7,284000
81,633100
8,307000
81,623900
253,352600
11,421000
2,154600
1,122800
9,341800
81,628800
81,677300
2,158800
81,644400
81,898500
1,131400
81,636200
4,209500
81,633800
1,125100
81,641200
77,522100
82,658300
178,2016600
82,667800
82,654500
26,779800
82,677700
87,937600
82,799200
12,425600
82,661300
82,659900
4,220300
3,185300
82,674200
16,518700
82,693000
82,664900
82,652300
4,213200
82,664300
83,694900
