28568
1771192
402595514900
1267
427993100
431784900
561266000
430181600
436554600
434482100
454303600
510358300
435167300
435659700
452632600
444226100
469970100
430849800
430981100
433803900
443644500
434307500
466618700
449045600
437959000
447813700
476734000
429833800
437542900
439295300
489473700
434388300
432251500
427164800
467251500
468517800
569198100
554394800
436912700
442365200
527752300
469275800
441723700
444576700
440411800
478803400
445956700
442754900
441904000
423931800
432064500
435795700
439481000
436248700
434820900
435290200
436359800
440569100
461687500
442032000
443161200
431928600
437637700
459495000
443063600
427677800
431382400
438247000
463595200
443682400
432350000
434166100
426730300
436118800
440190800
430249500
434899600
433337700
477867800
432691500
500860800
437653300
438730400
442762700
434515000
432089600
433177300
437971100
446137800
431642200
435026000
445553500
458898200
438946800
442095400
439661900
448336000
433189300
438796800
433878100
431043200
434336600
435565100
495540600
453257700
436502400
427498200
438647400
442803000
431921600
433139100
435731700
454669700
436342800
436804300
465847600
432856900
438786100
443947500
436025100
437816100
432460900
431202100
441378600
433118300
439263500
448449500
464710900
439136800
428910700
455512000
435353200
449194800
442773600
433794600
437328600
449521700
590200100
606710100
453912700
436630600
496373700
486773900
427898600
432386300
441011000
448188800
442431500
438925700
467709300
437218300
431161400
440175900
435800200
441205100
436314500
457255700
442031900
442876500
432740800
433813500
470448400
440757200
431454100
436727100
438008100
439133500
435852500
444958700
433656600
451117000
430555400
474108500
439588100
435346300
429144900
435671800
447834400
430143600
435413300
455770800
434889200
437700200
430332100
469933500
439677300
437420300
441939900
436941600
435091900
429751700
434847600
441190500
444203800
436235600
435195000
450723600
445813900
429596200
440462000
436062800
473669400
442339200
435809700
472603700
451209500
433744100
461771900
425922500
435883000
429876800
434140500
445500700
436079700
455966500
439196300
441884600
440775900
434109900
507386500
492949500
564681800
442596600
440219900
553296900
474167300
457666300
434974000
433449800
440042200
460749000
436833800
435337800
429457700
443559400
432008500
438930400
457598600
438204500
432675800
433142900
448877500
450477800
434690100
430103700
432218200
436065600
433448200
472271200
437240600
436222400
441053400
434858900
477144400
429484900
429293900
437781500
443207200
434793300
435146000
447236500
435776700
456973800
429120800
434424100
442134900
445025500
431357000
440220900
434576300
427213400
458326600
437927600
434888100
439556400
437227900
448532600
527953800
490060100
425716600
435522900
445905000
456976500
431222400
434601900
442501500
450532600
434510500
459969200
473040100
596313500
629994200
596475600
636402800
602790100
542618900
527699800
569155700
475562700
674002100
468823100
580910500
444778300
449546300
430028300
446503000
429892600
437856300
463218800
430211000
429089300
435505600
437467900
455488600
428058300
435552100
437808600
439782300
436798300
459483700
429491800
425882900
441987500
436768600
431362000
428371100
433293300
435734100
425672800
426127700
437012100
464155200
434240400
432006000
432827900
432575200
427854300
440310300
428681000
426994900
432665400
426940500
433840200
452251200
432241200
427613000
424389200
486314000
540390500
582068700
468428900
434714300
476142900
439593500
471509200
442810900
433150300
429961300
427324400
433560900
433450600
438457500
431719000
469104400
429517000
424846400
466697600
437892900
433783100
428719500
424551900
433314500
427552100
442084400
431785500
430828500
435826900
434369000
479591700
427222300
439505000
479763100
432366700
425110300
425059300
429019100
429967100
430907100
425095500
428493600
449599900
431464900
440602700
451276100
487024800
426127000
438883400
432086600
435682700
437635000
432457300
463683300
429437000
433101400
426347400
430106300
433365800
427030600
431139100
422962200
429871400
424997500
440958100
456241000
425368400
453038200
479152800
445116100
428438500
433505300
429129600
440003300
438860200
429295700
434886800
512059800
436228400
424492500
429359300
427633200
431141100
446533300
425748900
426729300
426010900
431791500
432312000
463607900
429893300
433829300
431493700
472243600
438754200
445010700
437134200
430517200
430980900
440914200
458028200
427859700
431694700
448142200
437760600
429761600
429887200
427910900
428838400
438975200
434032100
432994000
446021900
435954900
443811500
429677300
467590100
451645700
457725600
489412000
456184100
472758900
450470100
455041600
463177900
446189100
441713300
445526400
452884300
441704200
447758900
457575500
440549000
437472900
433463100
481397200
443328400
439891700
487181200
432940500
436168200
437197500
426691200
436475100
426063600
429581200
428919700
463877500
435833100
427247400
436130200
425917300
427701400
437724900
432705300
434238200
428717600
434056400
442692800
447207600
434629000
429233000
434464400
433770200
429363800
424276900
429695500
432970300
435525000
431356200
443544800
469427100
427009300
440372600
431815700
431622100
436635100
434817400
448510000
429212200
433066100
430104500
464795800
439635800
428236400
432294400
431754400
434656800
432633200
435223800
434508100
428976800
429393800
446398900
478811700
436757200
446834900
439453900
448052100
437091000
490369700
439983000
434723700
455330200
433155600
436738000
479174600
438590200
446226600
428792100
433286000
431284300
458040000
444495200
438816600
436360500
435663900
465620100
450593100
443981200
439175600
434525600
430009700
454177800
449737600
440529100
441255300
430720700
441179000
472095100
453724500
432706700
437072000
456157000
440911600
433513500
431271600
430718000
442192400
431957500
456516300
454794900
433205300
441873100
430948200
438759700
431950900
431588500
435844200
435278600
436499900
429565800
436529600
443766800
433012700
428544000
426437000
427049300
436736200
434659800
431007300
429619100
456846800
438866000
474284900
433309800
440776200
435630100
446361700
434131600
430210200
436142700
428263900
437521300
427758400
453363100
438324000
425704200
433825300
435288600
436413100
428119000
435244400
438218800
433785300
429305900
434956000
436609200
458487900
434326800
430129000
428253900
430669300
438548700
434151300
427162100
431034100
425788800
431869400
427392300
444639300
428831200
429288500
436896400
441733800
434998800
439714300
433867000
436979700
450063100
447324100
430416800
456540600
426057300
432614700
429366200
426240600
434564100
427235700
432990800
425408300
424861700
429976000
438433300
540607400
428873900
434535600
433117000
430343800
439449800
433151700
433835100
451330300
548291900
601186600
452412100
439332500
526143900
471871600
432515000
431175700
434414000
433410700
480931300
434826200
431892800
462915500
437918700
465335200
432387600
433941900
429729500
435168400
435054400
426559900
429748400
424393800
428048700
459994300
430583000
429777000
431928700
431320100
442185300
431212700
428865500
430569700
436504600
440167300
432585800
470838100
432816200
430265600
439118700
428099200
430089100
428391300
435553100
457458600
429505700
429712100
448761000
433019800
433851000
430135000
429687800
431801900
430186800
461974800
435511300
430699000
444892900
434036700
469864700
433940600
434537500
436747100
427255400
434378400
425989100
449687200
425623000
438521600
435564600
425212600
469777800
426320500
431579200
439269900
434506600
429865500
436002400
444723300
462690700
436285200
433569000
424755300
468260600
438310700
427349600
424918500
440301600
426817000
431460000
427963400
423377200
434193900
427342200
444532800
461789900
434099100
434887000
436414400
444529100
429973600
438241800
431022600
431643100
442236400
435383400
452051800
435163200
435151000
435005800
432339900
435552300
432864500
446215700
431586900
512171300
439197900
440303000
472514500
442114700
431790700
430998600
427958500
431688100
446400800
427333600
427769300
427480800
430019900
427733900
453065700
424971800
430390800
431234200
439358800
499899700
443628300
447849300
444704200
491578500
478281700
483074800
433320700
434548800
438269600
445922400
426154800
460705400
429302300
436422600
436257900
440218900
436288100
466373200
444825000
424716100
430544100
432043800
427403600
430342400
424278700
434105700
427987200
424838900
434965500
467286300
428878000
423739900
427946500
431785200
425436500
433575400
422617500
427793600
428931700
423843300
425789800
448803000
456279500
431775100
429802400
425429100
443642100
429117200
430779000
425265200
421408300
426904100
430234900
490654300
428929700
424395600
423961600
427209200
566259700
590572400
536620000
421429800
461347100
559511800
443436700
426104700
427511800
430702800
428760500
428756600
428068400
430026200
423989200
435842400
428775500
461778000
423757100
422314500
432038000
430864900
461610900
432528900
429500200
436525200
427200000
429282500
425417900
465414900
442472300
435783600
436595500
423762600
430100700
428974800
425361200
425222900
431476800
426902100
434133200
459843700
427583300
423814300
427530300
433010500
426243800
423708600
424762000
481503200
437819100
424932500
422987500
467324000
425190800
430552900
435239300
448784400
447908100
496055500
433249400
429900800
427102600
424567500
422671300
454754400
424950300
443978600
447297800
429317300
428886000
424785300
443516500
485458800
451948200
439104600
464742100
426490500
427281500
428787200
429790000
432994600
425759900
427186500
429885700
431709100
434484400
428694200
458476200
422188500
437506800
443777600
438522000
438686500
426197800
434464600
425619000
425553100
429919200
424116600
467292000
424927900
428885800
423663700
426654400
440125000
439545600
436217700
490268400
430705800
427136500
426613100
453527200
424984200
433959600
427458300
430028600
421378900
428288000
430099400
428403400
435177800
428947800
432351100
456978800
424048500
463789100
423396000
434363800
427182300
445249600
437548900
430254600
430916700
427990700
439337100
459447400
428658200
426266800
426469200
428734800
437452000
438262800
427354800
429314700
426125000
432942800
433437900
443415200
427851300
423361400
432323000
421893700
427426100
432848500
427040400
434089600
424024100
423257400
424320200
461981700
445607700
427642100
430343300
422508700
426580400
437599300
423261000
430399400
425034000
425281900
434235600
444793200
433472800
426661400
427440300
424157000
440489300
434085000
427130600
431136900
426167300
439940500
433912000
436016400
430848100
429205200
427503000
427077000
428926000
424669400
424222500
434741100
425277800
425520900
436956300
454395000
443414600
428965700
431050800
545431200
555785300
540989700
428551500
452011700
537197800
471625200
430157400
428761700
429310800
427294200
434899700
426688300
428889000
433241500
426722200
434628300
424087300
470775100
430502700
425219700
437131100
428678900
428955100
424515900
429226400
441624800
429375700
433897300
432054300
491754800
436345100
459314000
436821200
428400500
495239600
432806200
431266400
422370300
427585900
435166300
432521000
460184900
426860200
432145400
429167300
433218300
428075800
426983600
441989700
427852000
436481400
425126700
427819100
448768800
424884300
439358200
423592300
427181300
427202700
425490200
429805600
433261200
432805900
428463900
461610400
429145500
430907700
454370700
452567500
435989000
430364500
437233300
431524900
421282200
428993400
425205100
463767500
427045800
427796900
428440700
426190800
435022100
424031800
427022200
427960500
430239900
445521100
436476400
457555100
428024900
428826100
435130600
424190300
425830500
428554500
429343600
430153900
431398000
472869000
450416200
464715000
433298900
426256000
426967300
427877200
433125000
435323100
434412400
429995500
428350100
426089900
441214800
463677700
433166700
434757200
425045700
438466900
422623300
425101700
427925600
426692900
434551000
428743500
427601500
463256500
433125800
432004000
491699800
430582000
426048900
436184300
434541200
439129600
436630200
448745400
442389700
455571000
435892000
428060800
426204000
429470000
439680100
435856000
430500800
430664900
426604100
436975900
461230100
427637300
435025100
429435600
439736800
427824400
429382300
426337700
478719700
572519600
599381000
545518300
437322300
579737000
428990400
426790800
429665300
432838500
430761500
433017000
444359600
431194400
430406300
483708700
436352800
428133300
443634700
428946400
437330800
430766900
430881300
434520300
428335800
441014200
436317000
451633900
428151300
497965400
439788400
430159800
431868800
428508500
435351500
438400200
431138300
434705600
459195900
634,138200
633,7527500
633,738800
633,739900
632,782400
632,695500
631,709700
631,866000
631,769200
631,677400
629,666500
629,615100
626,539200
626,546600
625,563800
625,618600
624,488100
623,505900
623,497000
622,438500
622,504800
622,569400
621,412500
621,455600
620,400500
619,2297500
619,2084600
619,1945800
619,1956900
618,2056100
618,1991200
617,2011900
617,1897800
617,1886900
617,2079600
616,1865700
616,1852600
616,1888400
615,1864800
615,1937400
614,1972500
614,1806900
613,2012800
612,1915700
612,1946000
611,1817800
611,1779700
608,1701900
605,2301100
605,2080500
604,2071900
603,2212000
602,1701800
602,1654400
601,1555500
601,1690600
601,1678500
601,1701100
600,1487400
600,1454700
600,1493500
600,1681500
599,1487700
599,1506000
598,1869800
598,1515500
598,1716700
598,1559500
597,1609900
597,1387600
595,1349400
594,1319800
591,1308800
590,1523800
589,1349900
588,1260100
588,1237700
588,1252200
587,1135800
587,1204000
587,1127300
587,1159000
587,1163300
586,1356300
585,1077200
585,1184600
584,1081900
583,1026100
582,1009200
581,970600
581,991300
578,989000
577,1267900
577,983500
576,844300
576,1151200
576,1157800
576,1272700
575,1090000
574,1120700
617,2153100
573,745000
570,677000
570,670500
570,675500
570,944300
569,784100
568,837100
567,682000
567,627800
566,688600
566,655700
565,543600
563,593400
562,691500
561,603000
561,535100
561,434000
560,463600
559,396600
558,354900
558,351800
558,431200
557,1931300
557,1918000
556,2295300
556,1956300
555,1869600
554,1822800
554,1884000
554,2355800
554,1826200
553,2284300
552,2365100
552,2470600
552,2504000
551,2514600
551,2208100
549,1791400
548,2120700
548,1832800
547,1734300
547,1657200
547,1655600
547,1808600
547,1691200
547,1655800
546,1652000
545,1607000
545,2055600
543,1867900
543,1605800
543,1628800
542,1578900
540,1550800
539,1471300
539,1522600
539,1709800
538,1595200
537,1485600
536,1399200
536,1373800
535,1490800
535,1450900
533,1289300
533,1345800
533,1298600
593,1279900
532,1280300
531,1373200
530,1579000
529,1209400
528,1162600
527,1158100
526,1161400
526,1118400
525,1101900
525,1076800
525,1467200
524,1118600
524,1140100
523,1051200
523,1049700
522,1101700
522,1013600
522,1087300
522,1061100
520,1196700
519,986100
519,935100
518,1019900
518,899400
517,872600
517,883400
516,851800
516,951300
514,798400
514,1146500
513,818700
511,760600
511,715000
510,815500
508,653100
508,695900
508,637100
508,645700
507,730600
506,614000
506,599300
506,866800
505,652000
505,573500
505,566700
505,561500
504,549200
503,519500
503,508100
502,574400
500,444700
500,439200
499,404300
498,385100
497,396300
497,357500
497,387100
497,435100
496,346500
496,371200
496,349700
494,2279100
494,1987300
493,1824400
493,1828300
493,1839800
493,2170600
492,1801500
491,2201600
491,1873700
491,1774700
490,2044200
490,1787100
490,1750500
489,1735600
489,1742700
488,1921200
488,1823700
488,1708100
488,1710700
488,1719900
488,1720100
487,1908100
487,1727700
487,1764000
486,1929800
486,1681800
485,1915100
485,1618000
483,1559800
483,2030000
483,1556400
482,1545900
481,1830300
481,1643200
536,1481900
480,1656100
480,1646600
480,1526900
480,1787100
477,1420300
477,1579900
476,1554300
475,1463200
475,1490400
475,1649400
475,1455800
475,1375600
475,1487300
474,1377200
510,687800
474,1339500
474,1347400
473,1385400
473,1355900
473,1474100
472,1810500
471,1706300
471,1666300
470,1742800
470,1652500
469,1327100
469,1227200
468,1198900
468,1229200
467,1155300
467,1759900
561,490100
466,1294800
466,1231100
465,1112400
463,1081600
463,1190300
462,1049700
462,1038800
462,1356700
465,1114400
462,1083900
462,1058600
462,1150300
461,1125400
460,981400
460,992000
460,977600
459,1336000
459,967800
459,973600
458,930200
458,987600
458,937900
611,1722400
457,928800
457,905800
456,1057700
456,1006600
455,9017400
453,807100
453,878700
453,821200
453,808300
588,1129500
452,784900
451,754100
451,752500
450,844200
450,743700
450,969100
450,871300
449,697800
449,756800
449,695600
448,723000
448,661300
448,668700
447,646500
447,701500
447,639700
447,690600
447,671100
447,654100
446,898100
446,665300
446,630300
445,596100
444,560900
444,567200
443,793400
443,604700
442,581400
442,646000
441,571200
441,501000
440,469200
439,484100
439,430900
439,513700
439,474300
438,443300
437,379700
437,380100
437,404000
437,385300
436,345400
436,353100
436,361900
436,368400
436,430100
435,369500
435,328200
435,328400
435,335900
435,378000
435,332900
434,300800
434,295400
433,1863400
433,2115700
494,1879700
433,1878500
433,1841600
432,1845700
432,2178300
432,1885000
431,1794700
431,1815700
431,2251300
431,2153700
431,1818900
431,1837900
430,1793000
430,1770100
430,1924300
430,1894100
430,1932500
430,1845600
430,2382800
429,1960100
429,1933700
429,1763700
429,1754500
429,1792500
428,1837500
428,2061700
427,1741600
427,1809800
427,1741500
427,1695100
427,1897800
427,1697700
427,1689800
426,2069200
426,1690500
426,1894100
426,1855400
425,2116200
424,1634700
424,1669000
424,1638900
424,1760700
424,1817600
424,1662100
423,1611700
423,1610100
423,1627300
423,1995300
423,1597900
423,1583000
423,1647300
423,1687400
422,1640700
422,2059100
422,2273200
422,1596900
421,1578600
420,1532900
420,1887400
419,1530700
419,1589500
418,1534900
418,1527100
418,1493400
418,1530300
418,1601200
417,1482800
417,1445500
416,1487300
416,1413100
416,1414500
416,1656500
415,1567800
415,1518200
415,1402500
415,1460700
414,1367500
413,1361800
413,1676900
413,1440100
413,1354400
413,1486800
413,1327100
412,1327300
412,1322300
411,1381900
411,1346900
411,1285000
411,1281000
411,1338500
410,1299700
409,1253900
409,1378600
409,1298200
409,1228700
409,1238900
408,1307200
408,1216600
408,1266800
408,1198200
407,1395600
407,1178900
407,1162900
406,1180500
406,1186600
406,1384400
406,1227600
405,1123800
405,1242000
405,1158000
405,1121600
405,1146900
405,1134500
404,1161400
404,1101200
404,1114800
403,1108900
403,1459500
403,1293400
403,1096800
402,1052000
402,1098200
402,1133800
402,1060300
401,1016600
401,1306200
400,1067200
400,1030200
400,1020900
399,1038500
399,1022400
399,983600
399,1119000
399,976200
398,982200
398,1195400
398,970600
397,923200
397,943000
397,929600
396,905900
396,887600
395,890000
395,952000
395,884200
395,1115000
395,908400
394,863900
394,1039500
394,1022200
394,886500
393,845700
393,844800
393,870300
393,862800
392,807400
392,1217100
392,853900
391,773400
391,762400
390,822800
431,1905000
390,780000
390,752000
390,816300
390,812000
390,928200
389,975500
389,744900
389,723500
388,722800
388,718500
388,694900
388,693300
388,712700
388,701400
388,703400
388,682200
386,632300
385,620600
385,871900
385,660800
385,659500
385,613100
384,584600
384,595200
384,729200
384,747100
383,567900
383,584100
382,532700
382,524400
381,560300
381,533500
380,543700
380,781700
380,669000
380,584400
379,564000
379,550800
378,544200
378,574200
378,582100
378,630700
378,540500
377,530100
377,523400
377,617400
377,532000
376,497500
376,475100
376,501100
376,489000
376,519600
376,496200
376,481400
376,467500
376,499600
375,450600
375,426900
374,380300
374,339100
374,327300
373,308200
373,298500
372,290400
372,412500
371,2396000
371,2328200
371,1955500
370,1915400
369,2080400
369,1882400
369,2228300
369,1828600
369,1867100
369,1870400
369,1911800
369,1984300
368,1952600
368,1856600
368,1774400
368,1796300
367,2125600
367,1759700
367,1768100
367,1860600
367,1963700
367,1905800
367,1777000
367,1884400
366,1727400
366,1715500
366,2002600
365,1777000
365,1816700
365,1741800
365,1696000
365,1991600
365,1724600
364,1726800
364,1663000
364,1668100
364,1669800
363,1948900
363,1628400
363,1627900
363,1626500
362,1621500
362,1683000
362,1965900
362,1611500
361,1587500
361,1703200
361,1588900
361,1978700
361,1581700
360,1577400
360,1552400
360,1817900
360,2355500
359,1845000
359,1751700
358,1986700
358,1543300
357,1476300
357,1572700
357,1511900
357,1499900
426,1695000
356,1483100
356,1590300
356,1695100
356,1629100
356,1493500
356,1443300
356,1485100
355,1437400
354,1416400
354,1505200
354,1558400
354,1392700
354,1583900
354,1399100
354,1455400
353,1441300
353,1751600
353,1387400
353,1355300
353,1375900
352,1342900
352,1349700
352,1383800
352,1769100
352,1374900
352,1358100
352,1404500
352,1347800
499,409500
351,1317200
350,1287300
350,1534600
350,1592800
350,1708000
349,1545100
348,1442600
348,1306600
347,1433500
346,1224100
346,1221400
346,1253200
345,1206600
344,1141400
344,1142200
344,1198000
344,1354200
344,1411700
343,1129000
343,1203500
343,1170700
342,1091400
342,1105100
342,1110200
520,1226500
342,1256600
342,1110900
342,1102800
342,1107600
342,1103500
342,1272400
341,1110100
341,1090300
341,1231400
341,1064800
340,1067700
340,1121800
340,1033700
339,1033300
397,937100
339,1005500
339,991500
338,1162000
338,1017100
338,989300
338,1072800
338,1043800
338,998400
338,1264600
338,1052100
337,965300
337,1086500
337,989000
337,1012600
336,953300
336,922000
336,953400
336,918400
336,948000
336,913300
335,899500
335,1314900
335,1134700
335,920600
335,898500
334,876900
334,919300
333,839900
333,856000
333,916300
333,850400
541,1653700
332,917300
331,804200
330,819100
330,759500
329,752300
329,882100
329,804200
328,725700
328,736300
328,721100
444,578900
328,821000
328,953000
327,687800
327,748700
327,713400
327,693200
327,683000
326,693100
326,662600
326,661100
359,1519100
326,678200
326,667700
326,938100
326,878900
326,730700
326,684700
325,638500
325,676400
324,636600
323,616600
323,591400
323,581200
322,581300
322,560800
322,562200
322,590500
322,559400
322,629500
321,687200
321,538700
321,534300
321,538400
321,558400
319,481200
319,498000
319,480100
319,508700
319,480500
319,625200
319,533500
318,443100
318,465700
318,469200
318,468200
317,450900
317,431600
317,559700
317,541600
316,435600
316,421100
316,463800
315,382900
315,472800
315,379600
315,432800
314,354400
314,357300
313,339800
313,328100
313,326200
313,326100
313,367700
313,334900
312,323000
312,300300
312,339700
312,307700
311,273900
311,314700
311,289200
310,342000
310,341600
310,268200
310,247900
309,2011500
309,1825500
309,1810200
309,1821900
308,2078100
308,1764700
307,1857000
307,1795500
307,1770000
307,1937300
306,2112400
306,1738700
306,1754300
306,1772100
306,2277400
306,2048600
306,1844700
306,1775100
305,1704100
305,1760700
305,1937800
305,1869100
305,1762700
305,1681900
304,1724300
304,1765700
304,1881600
304,1689400
303,1627400
303,1649800
303,1655100
302,1606200
302,1759600
302,1671800
302,1932000
302,1620300
302,1633700
301,1747700
300,1635000
300,1620600
300,1620600
300,1565100
299,1573600
299,1558100
299,1916000
299,1565500
298,1558700
298,1579000
297,1502800
297,1510300
297,1678700
297,1521800
296,1538600
296,1476600
296,1603000
296,1564100
295,1632000
295,1449100
295,1437700
295,1510100
295,1452500
294,1429500
294,1413000
294,1618100
294,1689000
293,1438200
293,1414900
293,1451000
454,833000
292,1350400
292,1583600
472,1310000
292,1348300
292,1377900
292,1363400
291,1323500
291,1535700
291,1552200
291,1365300
290,1340300
290,1480400
290,1348200
290,1362800
289,1301700
289,1614900
289,1303900
288,1271100
367,2172300
288,1349500
288,1620200
288,1394400
288,1315400
287,1233600
287,1290200
287,1236600
287,1237400
286,1209700
286,1211100
286,1380400
286,1330600
286,1765700
286,1763200
286,1687000
286,1747000
285,1787000
285,1205400
285,1197000
285,1252000
285,1196200
285,1327000
284,1226900
284,1163000
283,1549200
283,1170600
283,1158400
283,1214400
283,1131100
282,1099900
282,1102000
282,1103400
282,1325200
281,1140500
281,1179600
281,1441700
281,1096700
281,1089400
281,1114100
280,1198100
280,1130600
435,364000
280,1023600
280,1057600
280,1104900
279,1029800
279,1018500
279,1023400
279,1117700
279,1069500
279,1259200
278,1022600
278,998900
278,1021700
278,1034700
277,1029000
277,985800
276,941900
276,1001000
276,951400
276,1290400
276,946200
275,928500
275,925400
275,1030700
275,922900
275,929100
275,933700
413,1362200
275,1021900
274,1013500
273,874700
273,895500
273,890700
273,951500
273,930500
273,1199000
273,874500
272,874100
272,897100
272,1150200
272,838600
272,895600
271,847700
271,833000
271,820600
270,787400
270,815000
270,797900
270,799600
270,811300
270,1021000
270,860600
269,767900
269,772800
269,777100
269,773800
269,875300
268,843900
401,1056200
268,757700
268,782800
268,767600
268,1024900
268,803900
268,742800
478,1527400
268,751300
486,1636400
268,781500
267,705900
267,711100
267,787900
266,823900
266,738000
266,690100
266,866800
266,939800
266,704500
265,743800
265,666900
265,663000
265,667300
265,671900
264,629900
264,649800
264,639900
264,771900
264,660800
264,640400
264,640700
264,664300
264,628700
264,642900
263,638600
263,756000
263,615500
263,679500
263,832500
263,696700
263,625100
262,659700
262,913100
262,623300
262,588200
262,597700
262,592600
261,578600
261,567100
261,598700
261,565300
261,554000
260,541400
260,537300
260,532700
260,531900
260,548100
259,776400
259,521900
258,498900
560,459500
258,471700
258,505600
258,491800
258,632900
258,527200
257,451000
257,466400
257,518400
257,461300
257,460600
257,478300
257,458800
257,477400
257,458900
257,475700
256,573700
256,493900
256,437000
256,451100
255,419800
255,404100
255,426300
271,832200
255,405300
254,376000
254,436700
254,381600
253,359900
253,352200
253,351000
253,351600
253,361500
253,359500
253,355300
410,1295400
252,336200
252,505600
252,509300
252,340000
251,357200
251,376100
251,299800
251,310200
251,319100
251,308100
251,301300
251,318800
251,362200
250,287100
250,276200
250,277900
250,304500
250,409400
250,338400
249,244200
249,245700
249,246100
248,220900
248,213200
248,275800
248,223900
248,220900
434,302500
248,218600
248,219800
248,217500
248,259000
247,1918700
247,1806800
247,1798300
247,1979500
247,1868900
247,2064400
247,1816800
246,1744700
246,1759800
246,1765200
246,1970100
246,1921200
246,1803700
246,1808400
478,1436600
246,1758500
245,1938200
245,1755900
245,1808600
245,1788700
244,1935400
244,1964200
244,1785500
244,1772300
243,1682400
243,1733600
295,1479800
243,2092300
243,1701400
243,1910100
243,1691200
243,1779000
243,1862900
242,1662600
242,1804200
242,1750800
242,2102700
242,1789800
242,1881500
242,1755100
242,1690500
241,1644400
241,1606000
240,1732100
240,1591500
240,1673400
240,1683300
239,1649600
239,1615500
239,1780400
239,1623300
239,1604100
239,1602900
239,1646500
239,1560500
239,1824500
239,1623400
239,1567000
239,1578700
238,1545900
238,1580000
238,1889600
238,1545400
238,1551800
238,1539200
238,1604600
238,1579800
237,1766300
237,1541200
237,1512300
237,1512200
237,1613300
237,1525500
237,1633000
236,1588400
236,1595800
236,1512700
236,1484400
236,1512400
236,1506100
236,1776700
235,1463200
235,1530300
235,1460600
235,1457100
235,1511400
235,2082700
381,568900
235,1535100
235,1467400
235,1552500
235,1441900
235,1473400
235,1645100
235,1533800
235,1457300
382,677600
235,1680400
235,1481800
234,1439900
234,1565100
234,1475100
234,1521900
234,1510700
234,1427100
233,1461200
233,1573500
233,1458700
233,1429300
233,1400800
232,1417000
232,1370100
232,1424100
232,1705700
232,1410400
232,1387100
232,1390900
232,1512600
231,1371000
231,1337900
231,1701500
231,1370900
231,1380200
231,1341300
231,1361600
231,1396100
231,1389100
231,1615700
230,1423600
230,1721100
230,1435300
229,1406300
229,1381700
229,1300500
229,1484500
229,1344400
229,1326600
229,1298000
229,1358900
229,1467600
228,1351800
228,1397800
228,1313000
228,1290400
228,1305200
228,1292300
228,1281200
228,1289600
227,1378800
227,1661300
227,1406700
227,1269400
227,1291700
233,1416800
227,1346800
227,1522400
226,1239300
226,1266500
226,1233700
226,1226700
226,1245400
226,1231100
226,1340900
226,1480500
226,1267600
225,1225900
225,1226200
225,1263500
225,1217300
225,1233400
225,1268300
225,1553500
225,1223700
225,1219200
224,1222500
224,1319800
224,1302400
460,988800
224,1307200
224,1280800
224,1247300
223,1145900
223,1161800
223,1142700
222,1146600
222,1120700
221,1225500
221,1383900
221,1164800
221,1118600
221,1102700
221,1109700
221,1126300
221,1092900
221,1107500
220,1315200
220,1135400
220,1087200
220,1094000
220,1089300
219,1113600
219,1117700
218,1268500
218,1410500
218,1384500
218,1092700
218,1061100
218,1013200
218,1022300
218,1013600
217,1025300
217,1057200
217,1101200
361,2024700
217,1001300
217,1019400
217,1010900
217,1069300
217,1005000
217,995800
217,1018300
216,1089700
216,1014300
216,997800
216,1017800
216,983100
216,973400
216,1017700
216,1083200
216,969800
215,957000
215,1233100
215,965300
215,955200
215,976200
215,938600
215,948300
215,1174700
323,597400
215,942300
215,958000
215,1187500
215,1027900
214,1252500
545,1917700
214,934600
214,920500
214,926100
214,916800
214,934900
214,1242800
214,915300
214,1003400
214,954200
600,1489000
213,908700
213,920000
213,923300
213,1130100
213,941300
213,1011800
213,904800
212,870400
212,879200
212,864100
212,876500
212,881500
212,891900
212,902200
212,907200
212,1128700
211,852000
211,839100
211,873200
211,1111300
211,864000
211,850900
211,833600
211,899000
210,819200
210,906300
210,1019300
210,830100
210,819200
209,793000
351,1324000
209,787600
209,800300
209,783400
209,830700
209,790300
209,787700
209,1186300
209,808200
208,778600
208,761400
208,789500
208,780800
208,844800
208,776600
208,765400
207,827200
207,740700
207,742000
207,1004100
207,772600
207,759800
207,788500
207,739100
207,749900
369,1965100
206,732600
287,1230600
206,709900
206,782700
206,792800
206,713500
206,721500
206,728400
206,718600
206,761800
206,711500
206,732400
205,683000
205,698600
205,695400
205,721100
205,883900
205,7599400
205,816300
495,2217000
205,697500
205,705800
205,769000
204,730400
204,671000
204,677600
203,663700
203,649600
203,831400
203,683700
203,633900
203,704800
203,729000
203,871900
202,651900
202,619200
202,609600
202,626600
202,614700
372,282100
202,613900
201,623900
201,591100
201,590500
201,605200
201,656300
201,640500
201,703300
200,687700
200,651900
200,591300
200,552100
200,624200
200,712600
213,899100
199,537400
199,543100
199,564200
199,533000
199,527000
199,564600
199,542000
198,508100
198,571900
198,664200
198,621100
198,506100
198,538200
197,487000
197,481000
197,544000
197,537300
359,1523200
197,492900
197,501700
197,480600
197,495000
197,486100
197,481400
197,514100
196,595200
196,651600
196,472700
196,465300
196,471200
196,452700
196,452000
196,448100
195,555700
195,429200
195,429000
195,428400
195,437300
195,428800
195,444100
195,429200
194,402800
194,414000
194,411400
194,435600
194,401700
194,493400
193,559600
193,496500
193,382100
193,462400
193,380100
192,359400
192,352900
192,355800
192,384500
192,601600
192,579200
191,410300
191,345800
191,439900
191,400400
388,708800
213,910800
191,316700
191,335000
191,320600
191,308800
191,453200
190,299900
190,329300
190,300800
190,299800
190,299100
190,316800
190,301300
190,361400
190,299100
189,279600
189,281400
291,1372900
189,282600
189,275600
189,280500
189,275200
207,742600
188,256400
188,252500
188,254600
188,265700
187,220800
187,222500
187,267400
187,222400
187,226300
186,191000
186,191000
186,235500
479,1652700
186,208400
186,268900
186,212700
186,200500
186,199900
186,189700
186,187500
186,188000
185,1748800
185,1748400
185,1741300
185,2037600
185,1792500
185,1765100
185,1761000
184,1772100
403,1150100
184,2043000
184,1735700
184,1790300
184,1729100
184,1711800
184,1808800
184,1978000
184,1940100
184,1766900
183,1697700
183,1735800
183,1764700
183,2128400
183,2016600
183,1705500
183,1692500
183,2146800
183,1987500
183,1732500
183,1690000
182,1670700
182,1748000
224,1462400
182,1677900
182,1858800
182,1701500
182,1707700
181,1892000
181,1775000
181,1656600
181,1656200
181,1659300
181,1644100
181,2033300
181,1668800
180,1635100
180,1709300
180,1607900
180,1627300
180,1749900
180,1608800
180,1707800
180,1723000
180,1881000
179,1603600
179,1905400
179,1655400
179,1584500
179,1604500
179,1589100
179,1700400
179,2096100
179,1605900
179,1632100
179,1596600
179,1628700
178,1771600
178,1624400
178,1561100
178,1552100
178,1644800
178,1618400
178,1715200
177,1607100
177,1548000
177,1529800
314,365400
177,1586900
177,1546400
177,1725500
177,1646000
177,1659400
177,1577000
176,1504500
176,1556500
176,2142900
176,1563200
176,1519400
175,1481200
175,1484800
175,1505900
175,1805900
175,1619100
174,1471800
174,1491000
174,1467600
174,1536100
174,1457100
174,1681600
242,1733600
174,1555500
174,1548900
174,1457700
174,1453800
174,1608700
173,1456600
173,1477900
173,1452500
173,1446300
173,1498200
173,1535900
173,1647600
173,1435300
173,1494300
172,1396600
172,1412600
187,221800
172,1426400
172,1551400
172,1423900
172,1404200
172,1534900
571,729800
172,1608100
172,1421800
172,1501100
172,1431700
172,1432700
172,1405800
171,1376300
171,1390500
171,1405000
171,2182300
171,1593800
501,487600
171,1379000
171,1371300
170,1492400
170,1380300
170,1489800
170,1354800
170,1378100
170,1370200
170,1387300
170,1388800
170,1463100
169,1604600
169,1730400
169,1751200
169,1778100
169,1631400
169,1351200
169,1646600
169,1497900
169,1357400
168,1701200
168,1314000
192,441800
168,1317400
168,1374500
168,1628400
168,1326900
168,1387700
168,1297600
168,1363700
168,1326900
167,1363300
167,1996200
167,1290200
167,1297400
595,1323700
167,1347700
167,1294000
167,1337200
167,1409000
167,1331600
167,1331100
167,1623800
167,1312200
167,1297000
167,1379000
166,1529300
166,1317900
166,1628300
166,1245500
166,1354000
166,1273300
166,1256400
166,1446000
166,1303000
166,1291000
166,1528300
166,1265900
165,1215400
165,1280900
165,1527400
165,1294800
165,1230600
165,1226600
165,1229300
165,1483900
165,1322700
164,1491900
164,1220100
164,1208700
164,1206900
164,1250400
164,1267300
590,1235400
163,1176700
163,1454500
163,1213400
163,1357400
163,1232200
163,1533000
163,1173800
163,1175100
163,1271500
163,1308700
163,1210700
163,1214900
162,1166300
162,1172300
162,1151100
162,1144600
162,1414500
162,1606000
162,1579500
162,1644800
162,1592000
162,1649500
161,1650700
161,1344800
161,1163200
161,1141200
161,1316500
161,1140500
161,1124900
161,1204300
161,1136300
161,1230400
161,1155200
161,1156200
161,1150400
161,1142200
161,1502300
282,1165300
161,1180900
161,1463600
161,1144700
161,1122500
160,1111900
160,1151100
160,1118500
160,1140300
160,1103400
355,1562300
160,1113100
233,1420700
160,1112000
160,1163500
160,1268400
160,1104000
160,1100900
159,1167800
159,1209900
159,1098300
159,1116000
159,1069300
159,1102300
159,1103000
159,1117700
159,1066700
159,1306800
159,1269300
159,1114200
159,1162600
159,1067900
159,1082000
168,1335600
159,1139000
206,790100
158,1274200
158,1052000
158,1042300
158,1048200
158,1132500
158,1052800
158,1039700
158,1350600
158,1254100
158,1266700
158,1059600
158,1040200
158,1085600
157,1017300
157,1033500
157,1089200
157,1041600
157,1105300
156,1253900
156,998400
156,1013000
156,1128800
156,1021600
156,996300
156,1291200
156,1038100
156,1119200
156,1069600
156,999400
156,1009400
155,966300
155,974300
155,957800
155,985700
155,964100
155,1143100
155,1498900
155,981700
155,998200
155,1001600
155,1029300
154,988100
154,947700
154,946100
154,953900
154,945200
154,1052800
154,946500
202,620400
153,1124600
153,926300
153,1034500
153,1246900
243,1659400
153,938300
153,1047800
153,977900
152,893500
152,903900
152,885000
152,902300
152,925200
152,907700
152,890700
152,898500
152,947800
152,1065800
152,908500
152,903600
468,1277800
151,898300
151,880400
151,880900
151,1126600
151,871100
151,858600
151,1284200
151,869000
150,852500
150,843400
150,835400
150,939600
150,873600
150,865500
150,844300
150,917100
150,886000
564,537900
150,874000
149,807900
149,827500
149,815900
149,811500
149,859800
214,921200
149,845100
149,833100
149,843300
149,843800
149,1031600
149,857700
149,819700
149,819800
149,864200
149,890900
149,813600
349,1278800
148,785100
148,861700
148,1087100
148,826800
148,848700
148,799000
148,805600
148,789000
397,929700
147,765300
147,769400
147,1048700
147,831500
147,904300
147,798200
147,844000
178,1578800
147,765500
147,760700
147,775800
147,780100
146,741300
146,753500
146,744200
146,822600
146,896400
146,751300
146,742300
146,746300
146,830200
595,1473700
146,746700
146,737100
145,720100
145,925700
145,722600
145,917400
145,795700
145,726500
145,703800
145,717800
145,742200
145,965900
145,730200
145,747400
292,1422600
145,711500
144,685200
144,848300
144,819800
144,697500
144,693600
144,681300
144,709500
144,758500
144,693400
144,700800
144,688100
144,685600
144,704500
144,710100
143,723300
143,882500
143,685500
143,675300
143,756100
143,660800
143,725800
143,720400
143,802500
143,711800
143,659200
143,670700
143,662200
142,658000
142,788100
142,636300
142,649800
142,643400
142,700300
142,637100
142,646800
208,768800
142,638800
142,649900
142,635100
297,1502700
142,629800
142,629600
142,1026800
142,691600
142,792500
142,648100
142,643900
142,644600
142,634900
141,616300
141,645800
141,653000
141,616900
141,639800
141,614900
141,636200
141,664200
141,607800
141,628000
141,616000
141,610900
141,617500
140,588600
140,643200
140,582500
140,605200
140,604800
140,591600
140,668500
633,780200
140,589900
140,809700
140,664200
140,633400
140,602100
140,589500
259,508100
140,584300
140,591900
140,578900
139,558100
218,1022600
139,558800
139,734600
139,569700
139,551200
139,596300
139,661300
139,613700
139,723600
139,569800
139,589500
139,586300
139,617900
139,625900
138,526300
205,688400
138,553400
138,537300
138,543000
140,597100
138,548300
138,527600
138,617000
138,631800
138,530900
138,533600
138,544300
138,549300
138,533000
138,536000
138,711000
137,512700
137,501100
270,807700
137,605500
244,1699700
137,615700
137,651400
137,662300
137,571800
137,498200
137,562300
137,507200
137,507900
137,512400
169,1343100
137,526700
136,489100
136,480100
136,490600
136,480700
136,492600
136,555200
438,406600
136,613100
136,587500
156,1019100
136,483800
136,488900
136,480300
136,481100
136,483300
135,496000
135,622700
135,670700
501,570800
135,509000
135,510600
135,464200
135,464300
135,557500
135,473500
135,730900
135,452500
135,459700
134,430500
134,430800
134,436900
134,429400
177,1564800
134,445500
479,1468100
134,436300
179,1589100
134,428200
385,671900
134,504100
134,504400
134,460300
134,430100
134,431100
134,441500
134,430400
133,404800
133,407000
133,549400
133,556200
133,547100
133,576000
133,560700
133,545600
133,547900
133,577600
133,546900
133,549000
133,584300
133,647600
132,512500
132,510300
132,532000
132,507700
132,511800
132,515000
132,521000
132,504600
132,503900
132,513600
132,596800
132,533200
132,512000
132,531300
132,512700
132,521600
131,467300
131,350700
131,362000
131,350700
131,355700
131,352800
131,350900
131,363700
131,348700
131,359800
131,348300
130,326400
385,628100
130,337400
130,325200
130,323900
130,326300
130,327000
130,371000
130,330400
130,329500
130,325200
130,327000
130,331300
130,382100
130,407500
130,365600
130,327000
129,299100
129,314900
129,304200
129,300500
129,299200
129,365000
129,317900
128,292000
128,274200
128,274800
128,280000
128,271100
128,280400
128,273200
128,322300
535,1399400
128,270900
128,286100
128,274700
128,281300
128,273500
128,272300
128,269000
128,270200
128,288400
127,381700
127,395700
127,281400
127,255900
127,249900
127,258000
127,256000
127,253600
127,244200
126,279400
126,220100
126,221000
126,219800
126,227700
126,246000
126,220800
126,218000
547,1659400
126,221100
126,220100
126,227800
126,222200
126,219200
126,226200
126,225100
126,219700
126,221400
126,274200
126,263200
126,254200
126,244700
126,271000
126,283400
125,232400
125,193600
125,194900
238,1558400
125,195000
125,200600
125,194600
125,195000
125,193200
125,191500
125,201100
125,193900
125,194600
124,161200
124,165600
124,163800
124,169400
124,218900
124,165900
124,169900
124,162800
124,170700
124,165000
124,164700
124,164600
124,214300
124,166700
123,1739600
123,1956900
123,1730400
123,1802000
123,1850300
123,1707000
123,1732300
123,1935400
160,1145500
123,1722100
123,1697700
123,1759400
123,1726300
123,2076400
123,1730200
123,1777800
633,725300
123,2244700
122,1981700
122,1799100
122,1749700
122,1686400
122,1804200
122,1691500
122,1955800
122,1704900
122,1694300
121,1689200
121,1702100
121,1677000
612,2304400
427,1699400
121,1642600
121,1766200
121,1678100
121,1990800
121,1663400
121,1723100
121,1684300
121,1881200
121,1820500
121,1744000
120,1634800
120,1634700
219,1058300
120,1645100
362,1600300
120,2220800
120,1798700
120,2216800
120,2298300
120,1875900
120,1964500
120,1663300
120,1651200
120,1666200
120,1676300
120,2158200
120,1717100
120,1691100
120,1625100
120,2137300
212,883000
119,1937400
119,1625100
119,1732500
119,1647900
119,1657600
119,1735400
119,1835200
119,1659700
119,1655900
119,1608600
119,1624400
121,1672600
119,2131700
119,1635100
119,1711200
118,1623900
118,1608900
118,1692900
118,1789500
118,1594700
118,1584700
118,1738000
118,1653200
118,2102700
118,1768000
118,1668800
623,470100
118,1644800
118,1708400
118,1578300
118,1763700
118,1738400
117,1630500
117,1601800
117,1560000
117,1871800
117,1772500
117,1567400
117,1646600
117,1571100
117,1710800
124,168400
117,1771700
117,1616500
117,1567900
178,1590500
116,1656500
116,1552200
116,1831200
361,1644700
116,1587300
116,1629600
116,1541900
116,1544800
116,1695200
158,1079500
116,1579100
116,1558800
116,1579500
116,1585200
116,1567000
115,1745400
115,1527600
115,1509600
115,1541200
115,1510200
115,1520700
115,1720400
115,1613900
115,1561200
115,1575400
115,1611500
115,1514000
114,1694700
114,1734400
392,808200
114,1527600
136,493200
114,1491200
114,1514900
114,1569000
114,1746100
114,1732500
449,700100
114,1494800
114,1503200
114,1490700
114,1522100
114,1658200
114,1530200
114,1516600
114,1647400
113,2036600
214,947800
113,1962400
113,1481800
113,1460100
113,1464000
113,1487400
113,2000500
113,1826500
113,1814500
385,914700
113,1464800
252,440200
113,1473400
302,1621600
113,1650600
113,1469800
113,1494700
113,1462300
169,1393900
113,1566600
113,1633600
112,1625700
112,1425000
112,1428300
112,1429600
112,1434100
112,1447300
112,1765900
112,1445000
367,1815000
112,1496800
112,1834200
112,1433100
112,1469200
112,1538200
112,1642400
112,1529400
111,1418800
111,1423000
111,1414400
111,1847400
111,1412500
111,1480800
111,1752700
111,1674600
111,1774600
111,1820500
111,1770000
477,1833000
111,1953900
111,1561000
111,2031600
111,1494300
111,1470800
111,1531500
111,1452700
111,1441800
111,1469000
111,1843400
111,1737100
111,1561400
111,1509500
111,1465700
111,1513000
111,1774900
111,1443100
111,1425200
111,1428300
111,1575100
145,760000
110,1609700
110,1495100
110,1407200
110,1445900
110,1391600
110,1462500
110,1416700
132,491300
110,1575900
208,770100
110,1621600
110,1421700
110,1410200
110,1384100
110,1407100
110,1568700
110,1435900
109,1393100
109,1381000
109,1386700
109,1412000
109,1431200
109,1552800
444,569800
109,1364800
109,1353400
109,1401400
190,298500
109,1361000
109,1362500
109,1671300
109,1495300
109,1435600
109,1490500
109,1355300
109,1352300
148,782900
109,1520000
109,1466500
108,1536500
108,1321200
108,1345300
108,1388200
108,1320300
108,1689500
216,1022500
108,1398400
108,1333600
108,1364100
108,1333000
108,1325900
108,1343000
108,1677600
108,1329900
108,1339500
108,1337800
265,805200
108,1380700
108,1323800
108,1503800
337,963600
108,1346200
108,1322900
108,1335000
107,1315000
107,1328000
527,1312200
107,1403900
107,1912900
107,1374100
107,1346200
107,1309000
107,1389400
107,1546000
107,1391300
107,1300400
107,1301000
346,1181800
107,1298700
107,1470000
107,1628000
107,1416900
107,1306300
107,1311000
107,1296100
107,1311800
107,1395300
107,1434700
107,1371200
107,1351500
107,1411800
107,1312200
106,1307000
106,1278300
106,1297300
106,1610600
106,1280700
106,1268100
106,1272100
106,1269500
106,1270800
106,1305300
106,1646600
106,1306300
106,1419800
106,1289300
106,1314400
106,1284900
106,1290200
106,1582900
106,1384000
106,1281800
106,1276500
106,1385600
106,1920800
105,1721700
105,1673900
105,1670100
105,1669600
105,1594400
105,1290300
105,1278400
105,1437500
105,1355600
105,1627800
105,1268100
105,1253400
105,1267600
105,1273700
105,1375700
105,1467300
104,1250700
104,1280700
104,1243900
104,1273200
104,1281800
104,1795200
353,1537700
104,1233400
104,1223100
104,1222900
104,1226700
104,1267700
104,1239900
104,1285700
103,1367000
103,1313500
103,1648200
103,1378900
142,637300
103,1188500
103,1212700
103,1316500
103,1202700
103,1237800
103,1191700
103,1251500
103,1236900
103,1188000
103,1207400
103,1475800
103,1220100
103,1216300
102,1198700
102,1173400
102,1189400
102,1208500
102,1179800
319,534100
102,1212700
102,1221700
102,1212300
102,1190500
102,1263300
102,1190700
492,1803800
102,1280300
102,1181500
102,1165800
102,1192000
102,1173800
102,1173300
102,1210600
102,1176300
102,1303100
102,1610600
102,1230900
101,1156700
101,1160000
101,1149000
370,1807600
101,1160300
101,1491800
101,1153400
101,1213300
101,1168500
101,1169000
525,1191900
101,1652600
101,1541300
101,1250800
241,1611400
101,1134800
101,1140000
101,1441000
307,1841200
101,1265800
101,1232300
101,1141600
101,1340500
593,1634000
100,1160500
100,1140800
100,1148400
100,1228500
100,1141700
100,1124900
100,1160100
100,1144200
100,1135400
100,1161600
100,1116400
100,1274100
100,1487200
99,1152100
99,1119700
99,1137500
99,1118800
99,1097300
99,1196500
99,1188200
99,1253800
99,1127700
459,1011000
99,1136700
99,1342700
99,1128000
99,1108300
99,1102100
99,1396000
123,1777400
99,1123000
99,1108400
329,768300
98,1152300
98,1070400
98,1081100
113,1641300
98,1128600
98,1088400
98,1078900
98,1100500
98,1097300
98,1080600
98,1093600
98,1174100
98,1339300
98,1079000
98,1077200
98,1083300
98,1100400
98,1082400
97,1188800
97,1067400
97,1164000
97,1149500
97,1048700
97,1059700
97,1079900
97,1106600
97,1044400
97,1053400
97,1062900
262,588300
97,1323200
97,1124100
97,1163900
97,1067300
97,1097100
97,1063900
426,1685200
97,1100800
97,1190700
97,1118400
131,390500
97,1063700
451,741700
97,1043900
97,1035900
96,1023000
96,1025900
96,1077000
96,1508100
96,1017600
96,1040800
96,1013000
96,1052700
96,1045800
96,1032100
96,1022900
96,1076900
96,1119400
96,1204000
440,461000
96,1026500
96,1022800
283,1215600
96,1188300
96,1041400
96,1313800
137,535000
96,1413000
96,1095000
96,1028300
96,1012300
96,1026800
96,1041300
96,1071900
96,1019200
96,1024300
96,1007300
95,1211200
95,1056100
95,1041200
95,997100
95,1012700
95,992400
95,1011600
628,638100
95,998900
95,988500
232,1716900
95,1024300
157,1015600
95,1029000
95,1047300
95,1226300
95,985800
174,1515300
95,1157100
95,988300
95,1043600
95,995300
95,1000900
95,981200
95,1015900
94,960100
94,973200
94,1073000
94,1261900
94,1063300
94,1043700
94,1311600
94,973100
94,981700
94,963700
94,968400
94,967200
94,1384000
94,968200
94,973900
94,972300
94,976700
94,978500
94,1036500
94,1014000
94,1031900
94,1349700
94,1000700
94,957700
94,1274500
94,956000
307,1775900
94,1218700
93,947700
93,943800
93,1280700
93,942700
310,239600
93,1045900
182,1732600
93,932500
93,978900
93,955100
93,961100
93,966000
93,1100300
93,948700
106,1290600
93,929200
93,1005900
93,953000
93,951100
93,952700
93,1037700
227,1438100
93,962800
93,946400
93,963500
93,981400
93,956200
566,562700
193,373800
93,950700
93,950100
92,928200
456,871900
92,1071500
92,915800
268,750500
92,944100
410,1682800
92,1208500
92,975400
92,949200
92,945500
92,927300
92,1320100
92,927100
92,919300
92,933600
135,458300
92,923600
92,922100
214,917600
92,970700
330,801000
92,1269800
92,1081800
517,884700
92,916200
92,923400
92,964500
92,936900
181,1731400
92,917500
92,914800
92,1210800
92,918000
91,901500
91,921200
91,899000
91,1219500
91,997500
91,1221500
91,1298700
91,1346500
91,923600
91,947700
91,1009800
91,1073400
492,1924700
91,1244600
91,1398100
96,1513400
91,1091700
91,938200
90,914300
90,931300
90,902700
90,994000
90,997200
229,1491600
90,1102000
90,1081600
90,928800
90,1057900
90,940700
90,1097200
90,1002000
90,996200
90,1179600
90,910600
90,1091000
89,1133700
89,886600
89,1151000
89,931100
89,1164000
125,240200
89,1152600
89,1188800
89,1157000
89,1160200
125,238000
89,1234900
89,1248700
89,988800
89,978600
89,1081100
89,892300
89,1227300
89,1113300
89,1307400
89,1200200
172,2055200
89,1188000
89,1220600
89,1256400
89,1243400
89,1228700
88,1145800
88,1195000
88,1197800
88,1155800
88,1187400
137,714300
88,1325800
180,2361700
151,1278200
88,1154500
88,1210800
88,1258200
88,1190700
88,1218500
88,1144000
88,1199000
88,1141300
88,1177800
88,1176900
88,1477300
167,1822300
88,1176000
88,1172900
88,1178800
88,1163300
88,1159300
88,1138600
88,1322100
88,1359700
88,1363700
88,1366800
88,1389500
88,1394300
87,1346600
87,1312800
87,1019400
270,995300
87,1343500
87,1327800
87,1295400
87,1183000
87,1063200
87,803300
87,863100
87,924300
87,849700
87,1110700
87,1129100
87,1071400
87,879800
87,994900
87,874100
87,879100
87,1128500
87,1179300
87,1176700
87,1054600
87,910900
87,876800
87,826600
86,851500
86,791400
86,1018400
86,818100
86,860000
86,862700
86,796500
86,937700
86,1328000
140,652500
86,843800
201,658900
86,847100
277,1172000
86,863800
86,820000
86,870300
86,786400
86,841200
412,1663700
344,1136400
86,776700
86,888000
86,784200
244,1717100
86,806300
259,602000
152,969500
86,997800
86,794200
86,821500
433,1857900
86,760700
86,776100
86,793400
86,808600
207,763600
86,765200
85,849800
85,904000
85,789600
85,768500
85,790000
85,796800
85,769500
85,734200
85,768400
85,819800
85,740900
85,752400
85,739600
85,772400
85,927400
85,788500
85,738700
539,1440600
85,736900
85,925700
85,791000
85,745300
84,747200
84,708500
84,708500
84,886400
84,838800
84,720100
84,720400
84,718900
84,722900
84,704500
272,865400
84,710600
84,719800
84,917400
84,718000
84,705900
84,798900
84,925600
83,706700
83,688200
83,689300
134,427200
83,671700
83,727700
83,698100
83,679500
83,722900
83,692900
83,684200
83,684700
83,801500
82,771700
82,669800
82,650600
82,656600
82,672400
82,664100
82,658300
165,1254600
82,730000
82,930100
82,737100
82,657100
82,876000
82,729100
180,1630800
82,655200
82,667200
82,654500
82,699000
82,665300
82,654400
239,1570800
81,654500
81,643100
81,867100
81,665400
81,644100
81,638300
81,821800
81,658200
81,627200
81,628200
81,642300
81,771200
81,630400
81,658400
81,639600
81,625700
81,768000
81,838400
81,655100
85,793500
81,632800
81,643000
81,630000
81,627800
81,648200
81,688900
81,637900
81,884200
80,605000
80,780300
80,854500
252,345900
80,613800
80,619800
199,533700
80,613100
80,610400
80,758500
419,1571400
80,610800
193,427200
80,631300
80,612000
80,623600
80,610100
315,448200
80,683100
266,694300
80,614800
80,608300
80,636600
80,624200
252,325900
80,668800
80,656200
381,530900
80,611000
80,603800
80,725700
145,721000
80,607900
80,883700
142,719400
80,658500
80,630800
80,611400
80,615300
80,604800
79,595400
79,576600
79,629900
79,582600
79,589700
202,648500
79,578800
79,609500
79,614200
297,1626900
79,623900
79,578400
79,579000
79,587400
79,578700
79,576800
79,625500
91,889800
79,602400
79,593300
79,578500
79,581500
265,671300
79,719500
106,1290500
79,587400
79,604400
79,577800
79,607400
142,649700
79,589400
79,619900
79,583600
180,1741400
79,572600
79,597300
81,794200
79,668700
79,592000
79,580500
79,575200
79,580000
78,563200
274,939200
78,560800
78,655400
78,555000
78,553600
78,607000
168,1310100
78,647100
78,683700
184,1733800
78,624400
78,776900
78,562800
78,548700
78,552700
78,584200
78,565500
236,1493500
78,636300
78,550700
78,695000
78,644800
78,555300
78,576200
96,1049900
78,560900
496,331300
102,1216700
90,896700
78,551600
78,600600
78,576500
128,279400
78,550200
78,634100
78,724300
98,1237600
78,573400
262,584600
78,558100
77,534400
77,621800
77,526400
77,524300
77,562900
77,527200
77,525000
77,522900
77,566400
77,529600
77,538400
77,550300
77,779400
77,668700
77,546300
77,580300
77,527500
77,523900
77,749300
77,934100
77,593700
77,535500
76,495500
462,1117400
76,511400
136,480100
76,503700
76,658800
616,1901100
151,897300
76,500900
76,521000
76,516800
76,502500
76,511300
76,812500
366,2059100
76,514400
76,527400
76,709200
76,634100
76,579000
76,527300
76,511300
76,576300
535,1361900
76,617300
76,504900
76,506600
76,515000
76,524900
76,570100
76,518700
76,511300
76,529400
76,645700
76,554900
76,514500
76,529400
75,514400
131,353400
75,486800
75,493100
75,507400
75,499200
75,552600
75,521200
79,660700
75,491800
75,506200
75,489000
75,506200
75,490000
75,790200
75,506800
75,493900
75,539300
75,527400
75,479200
75,477600
75,553400
75,482000
75,496900
75,491000
75,582700
75,578300
75,492200
75,489400
75,477600
75,514500
75,479000
75,550700
104,1316900
75,513400
75,675800
75,576600
75,485700
75,493800
75,480000
138,551200
75,481000
75,499400
129,302200
75,511800
75,491300
75,492000
75,491600
75,512700
74,469800
74,702800
74,564700
352,1352600
74,457300
74,466200
74,455100
74,496000
74,459600
74,453800
376,433100
74,554800
262,663500
90,857900
74,623600
74,684500
74,533400
74,526400
74,634000
74,663900
74,465900
74,488800
74,500800
74,466000
74,698500
74,710700
89,848700
74,498700
74,476800
74,458300
74,461600
74,459100
74,460900
74,452100
74,450400
74,561300
74,522900
74,491700
74,461100
74,455200
74,461700
74,537100
83,925200
74,467300
74,474700
85,736200
74,452600
74,573300
74,473600
74,450200
74,459900
74,462700
73,486600
73,523300
73,678100
73,507700
73,433300
73,432400
80,613900
73,437400
73,425400
73,430600
73,428300
73,443600
73,433800
73,434900
274,921000
73,473700
73,428200
73,456300
73,528200
73,447900
73,428900
73,470700
73,603900
73,601500
73,427600
73,433200
73,432000
73,441100
73,430200
101,1193900
73,439900
73,430900
73,520300
73,432200
72,446800
72,414000
72,400200
96,1026600
72,405400
72,407200
72,541300
72,609100
72,413200
326,668600
72,409700
72,411700
72,406300
178,1972800
72,472100
298,1547000
72,403000
72,404800
72,400800
72,438500
556,2006000
72,408100
72,405800
72,407100
72,405500
215,972300
72,402900
72,406400
72,557900
72,419100
72,434900
72,456400
72,416600
72,408600
72,403800
72,414900
72,406600
72,428200
72,483400
72,414000
72,609700
72,536500
78,618000
72,408300
573,755400
72,409000
72,403800
72,450900
151,883100
72,425900
72,446000
72,404900
72,419900
71,386600
71,374500
71,378800
71,377700
71,384700
71,388400
71,634700
71,420600
71,375600
71,388400
71,377700
71,377600
374,329100
71,376000
250,282900
71,384100
173,1532100
71,387100
71,388800
71,384800
71,405000
71,478800
70,359500
70,359700
70,433700
70,352300
124,172300
70,482400
70,416200
70,391800
70,351200
70,342400
70,366500
70,349900
70,348200
70,351500
70,346900
70,360500
70,346300
70,349600
70,358100
185,1796200
70,352200
70,350100
70,360800
70,353800
114,1530300
70,393800
70,433400
70,468500
69,342300
69,353100
328,719200
69,327800
69,405500
69,326500
69,334100
69,324900
69,348100
69,325400
69,322800
69,343600
69,333800
113,1501800
69,335600
69,323600
69,330000
69,325100
69,326200
69,326300
484,1893900
69,345800
69,326800
69,323400
69,323700
69,321600
69,327700
69,330600
69,325400
69,325100
69,332300
69,325200
69,338100
69,338000
260,537500
69,398200
69,349800
69,329900
69,336100
69,328700
69,323700
102,1334400
69,352000
68,360300
68,302000
68,301500
173,1471800
68,306300
68,299300
68,315400
68,298900
68,298300
68,313300
68,298900
68,306900
68,315600
68,313800
68,298000
68,323100
68,327600
68,302900
68,301900
109,1361500
68,302300
68,332600
68,386600
68,330700
68,306000
68,298900
68,302100
68,315200
68,307600
68,298500
117,1777300
68,299700
68,330200
68,308400
68,311500
189,282200
68,323400
68,310100
68,305500
68,321300
204,776100
68,310300
168,1389800
68,401900
68,353900
303,1822300
68,308100
68,300400
68,311300
68,300600
67,276900
67,287200
67,284500
67,300200
259,519300
67,273800
79,597600
67,278300
67,276600
67,274700
577,916400
67,298500
67,273600
67,274300
67,272400
67,271800
67,282600
67,333000
67,339600
67,377400
144,775900
67,275600
270,826900
67,288100
67,280100
67,276300
67,280600
67,275300
67,274700
67,274100
67,273700
67,273700
67,273200
67,283700
67,346600
67,269900
67,336200
67,275200
67,275600
67,282400
67,275300
66,244500
66,244700
66,245900
138,529300
107,1466300
66,250600
66,247200
66,245200
66,247400
66,252400
66,246800
66,261400
66,295800
66,332300
66,306600
66,250400
66,249100
66,256000
66,270100
66,250300
66,248400
339,1096700
66,247700
66,294500
66,250400
66,253700
166,1261000
66,243700
66,247200
66,243300
66,335000
66,254400
66,259400
143,665000
66,244100
124,165600
66,247300
537,1747200
66,249800
229,1333000
66,318200
66,253400
66,254600
66,244100
66,252000
66,244400
66,243600
66,250900
66,254500
66,244600
65,237300
65,307800
65,292100
65,265400
65,270100
65,335700
65,257200
65,263000
65,250900
165,1251000
65,227200
65,220600
65,225900
68,298600
65,219600
65,232400
65,216600
65,223700
287,1266300
65,219400
65,224500
65,217500
65,218300
65,229400
75,480400
65,266700
65,228200
65,281400
65,222700
65,219500
65,226600
65,219800
65,245200
65,226400
65,219000
64,238200
64,203500
64,261500
64,271800
64,179600
64,195400
64,191300
64,192400
64,197300
64,185700
64,200700
64,190600
427,1747100
64,205500
64,225500
64,225500
139,618300
64,199700
64,227500
64,207500
85,800900
64,232900
64,196900
152,940700
64,247800
64,206900
64,194800
64,195000
64,189200
64,196900
64,234300
195,475700
64,206300
64,265200
64,226900
63,167600
63,169800
63,168000
63,176800
63,168500
63,169300
63,167600
63,181900
63,168500
63,174600
63,165500
63,166700
63,167700
63,167900
63,165600
63,166100
63,167800
63,167400
63,173200
143,678900
63,167000
63,173900
63,179700
63,184100
63,173700
150,910500
63,169900
63,186100
63,174600
84,744200
63,176100
63,184000
143,751200
63,205500
63,204300
63,194000
63,150200
62,194800
62,191300
62,171700
62,192800
62,144700
62,145600
62,135500
292,1387500
62,135000
62,134600
86,771900
62,134200
62,135900
62,145700
62,146200
90,874800
62,144300
62,153900
62,163000
62,142900
62,125700
62,143600
62,134300
62,133400
62,132100
62,133700
62,133000
62,135200
62,133100
62,132500
584,1094700
62,139200
62,142500
62,131700
261,655400
62,138800
62,149700
62,133800
62,180900
62,163100
62,126200
61,1716400
61,1705800
61,1829800
61,2151200
254,402000
61,1837000
61,1748000
61,1747800
61,1761200
121,1693900
61,1772900
449,866300
61,1797700
61,1701500
61,1693700
61,1693000
74,473600
61,1719400
61,1925400
61,1783000
61,1826700
61,1849100
61,2130000
76,508800
63,211500
61,2132100
61,1702200
61,1718000
63,173500
61,1730100
449,730400
61,1979500
61,1913500
61,2034100
61,1706500
61,1696700
61,1680000
61,1785500
61,1684300
61,1692500
61,1783700
61,1771500
61,1940300
260,576300
61,1706500
61,1712900
61,1691400
61,1694900
61,1916900
61,1722200
60,1718300
60,1684900
60,1727300
60,1715000
60,1838100
60,1749600
149,817400
100,1148900
60,1678000
60,1690000
60,1847100
117,1893600
60,1836000
60,1670600
60,1679700
60,1709300
60,1808400
60,1702200
60,1667200
60,1690200
60,1713200
60,1815700
60,1915800
60,1663000
203,644300
60,1694400
60,1714800
60,1668700
60,1901400
329,742900
60,1858400
74,581300
60,2876100
542,2104500
69,417800
60,2353200
60,2310600
60,1710000
93,977300
60,1803000
60,2065100
60,1672000
60,1694300
60,2390700
60,2100400
60,2171900
83,688200
60,1737700
60,1785800
60,1677900
60,1902400
60,1868800
60,1729900
60,1687800
60,1703400
60,1688100
59,1917100
59,1789700
59,1700200
59,1810200
59,1697200
59,1714500
59,1954200
59,1696600
59,1736300
59,1692100
59,1695500
59,1759200
59,1776900
59,1735300
59,1670700
59,1696100
59,1739300
59,2004000
380,518900
59,1699300
124,166300
105,1402400
59,1710200
59,1717100
59,1818100
59,1857300
59,1642500
59,1674300
59,1741900
59,1658000
59,1919000
59,1649100
59,1730600
59,1636100
59,1662700
86,825500
59,1697700
59,1851200
59,1739100
59,1922900
59,1652200
59,1693800
59,2047500
59,1662200
59,1720700
59,1670100
59,1660500
59,2264800
59,1677900
59,1716300
59,1795100
59,1677300
59,1759700
59,1780800
59,1766400
59,1714100
482,1656200
207,845000
59,1703300
59,1815700
58,1615600
58,1618600
58,1659500
80,642800
58,1793000
58,1735300
58,1730500
73,432700
58,1655800
108,1400100
58,1712600
58,1623600
58,2017000
58,2083000
58,1623400
58,1630200
58,1740900
58,3119200
58,1654400
58,1601100
58,1608700
58,1617200
58,1598300
58,1825200
58,1689500
58,1781900
58,1632300
90,881700
70,368900
58,1658300
58,1966500
58,1658300
58,1630700
58,1641400
58,1645600
58,1752400
58,1768800
344,1151000
58,1650900
58,1640500
58,1649800
58,1641300
58,2007100
58,1610700
58,1735300
523,1086000
96,1045300
58,1645500
58,1785400
164,1307400
58,1598300
58,1608100
58,1660000
58,1707600
58,2062100
58,1668600
58,2151800
57,1614600
57,1638100
57,1745400
57,1783600
57,1636200
57,1589800
174,1828800
57,1613500
79,594600
57,1834400
57,1679100
57,1588900
57,1591800
57,1620500
57,1593400
57,1822500
57,1632500
57,1599600
57,1591300
57,1580300
57,1595000
523,1172100
57,1615300
57,1591300
57,1579200
57,1731500
57,1590900
57,1719600
57,1692700
123,1709600
57,1627200
72,408700
57,1646000
57,1588700
57,1913000
57,1772300
57,1709300
57,1729600
57,1587600
57,1596800
57,1760700
57,1623700
57,1610200
58,1761100
57,1588300
57,1722800
57,1920500
57,1622100
57,1581700
57,1578900
57,1622500
316,466200
57,1655900
57,1783700
57,1737600
104,1341500
56,1607100
56,1589600
56,1903500
263,622600
56,2193200
56,1642000
56,1639600
409,1332300
56,1850700
56,1779000
56,1640800
56,1618000
56,1618100
59,1696800
56,1944300
56,1712700
56,1658100
56,1675100
56,1601200
56,2284600
56,1659200
419,1546400
56,1611000
56,1632100
56,1666300
56,1634500
406,1434400
56,1628700
56,1633800
118,1661400
56,1627800
56,1606900
56,1763900
423,1675400
274,925900
56,1609600
56,1714600
56,1611800
56,1987300
56,1624600
213,928100
56,1661500
56,1612800
56,1675700
56,1659700
56,1795500
56,1822700
56,1612000
56,1621300
56,1617800
542,1815700
58,1809800
56,1642000
55,1628200
55,1579200
55,1754200
55,1727500
145,798300
55,1646500
55,1586800
55,1595500
55,1633700
55,1604400
55,2140600
55,1587400
55,1718500
55,1578800
55,1584900
55,1683100
55,1632600
55,1659000
55,1577400
55,1568200
55,1601100
55,2024900
55,1620900
55,1678700
328,741100
55,1578800
55,1622800
55,1603400
55,1739300
55,1591500
55,1638500
55,1738600
55,2267500
55,2028600
55,1682700
55,1602300
58,1718700
55,1672400
126,231400
55,1590500
55,1989100
55,1783600
55,1617700
55,1584200
55,1614300
55,1584600
55,1828700
55,1604700
55,1652200
278,1077300
55,1778300
55,1598000
55,1713500
55,1639500
55,1580000
54,1577600
54,1582700
54,1559600
82,680700
54,1675600
71,398100
54,1666800
54,1552000
54,1553600
54,1573100
54,1572200
136,497600
54,1929300
54,1555000
54,1625200
54,1557500
54,1609900
54,2116800
54,1654000
54,1546300
54,1588000
54,1576600
54,1564500
54,1902700
54,1558800
54,1577500
54,1629000
54,1659700
69,339000
54,1609900
54,2247000
54,1566900
54,1556000
54,1612500
54,1580500
54,1704500
76,898800
54,1579800
54,1624400
54,1590000
54,1567700
54,1577000
352,1408200
54,1768200
54,1560700
54,1639600
54,1557900
54,1581600
54,2412600
54,1573400
54,1660800
54,1576100
54,1573600
54,1572000
54,1662200
53,1751300
53,1642600
53,1666800
53,1715900
53,1539600
342,1113900
53,2333000
53,1582300
53,1568800
53,1535300
53,1540800
53,1554100
53,1861700
53,1653900
53,1607900
53,1565500
53,2206500
53,1655700
53,1635500
53,1588200
53,1539600
53,1546800
53,1538900
53,1555400
53,1698500
53,1539300
53,2033400
53,1646300
53,1575400
53,1997300
53,1581600
53,1634000
53,1536500
53,1538200
53,1536600
53,1671400
53,1546400
53,1629300
53,1566500
53,1634900
53,1554500
53,1732500
53,1708900
53,1853700
53,1562700
53,1586500
53,1689100
53,1746400
52,1730500
75,546400
52,1553200
436,400100
52,1572200
52,1935700
115,2330300
52,2018900
52,1662500
52,1888800
52,1624800
52,1600900
52,1717500
52,1592200
52,1569500
52,1645400
52,1673400
52,1874700
52,2017900
52,1723900
52,2124800
52,2117300
52,2151000
127,344100
52,2213300
109,2096600
52,2164800
52,2108700
52,2123000
52,2133100
52,2138400
52,2112600
106,1941700
52,2149400
52,2148800
52,2148500
52,2109700
129,410600
52,2154600
52,2156700
108,2007000
52,2106900
52,2173200
52,2089600
52,2112000
52,2148100
52,2137000
52,2142500
52,2124800
52,2014700
52,1627200
52,1728500
52,1977100
52,2123400
52,2121400
52,2167000
52,2165600
52,2678800
52,2527100
52,1649200
52,1525300
52,1534800
52,1661600
52,1774800
52,2129300
52,2467000
69,517000
52,1965900
52,2709500
51,1802200
51,2284500
51,1616100
51,1610700
51,2517800
51,2151600
51,2601400
51,2119700
51,1551400
51,1768700
51,1735100
51,1520500
51,1699100
598,1515400
51,1758800
51,1638800
51,1543500
51,1598200
51,1623100
189,310500
51,1554300
51,1911800
51,1681800
51,1510000
51,1548500
51,1501800
118,1834700
51,1778300
51,1502000
127,275000
51,1480400
57,1723700
51,1498700
51,2034600
51,2240700
51,2171800
51,1789900
51,1864000
51,2530000
51,1965600
51,1916000
533,1719800
301,1925000
51,2051700
273,1235800
51,1677600
51,1524700
51,1568200
51,1534600
51,1671600
51,1939200
51,1562200
75,555200
51,1614600
51,1555300
51,1521900
51,1723800
50,1563000
144,719300
50,1519500
50,1522300
50,1536800
50,1485500
50,1869400
50,1446900
50,1566500
50,1535200
50,1504800
50,1552100
50,2015700
97,1152800
50,1487300
50,1487800
50,1443700
50,1587700
50,1549600
144,724800
50,1452000
50,1484600
50,1466100
50,2318700
210,919900
50,1525300
50,1498600
6,281000
4,222100
6,276000
147,797000
6,285300
453,827500
6,274200
1,140100
1,142500
23,747200
6,282800
6,275100
58,2032400
2,246100
2,176200
190,316500
6,272700
11,428000
6,275600
6,275400
6,275500
6,275600
6,272600
58,2472700
29,895900
1,134200
6,272800
6,275300
104,1332700
6,287300
36,1401300
6,277700
301,1676200
6,279400
3,196000
62,131800
6,275900
6,281700
6,290600
6,313900
44,1298300
6,295100
23,738900
6,273600
6,273700
6,276100
3,193400
367,1945600
6,354500
2,152800
2,171200
73,444000
17,569100
1,134800
6,287200
6,304500
158,1163000
1,133600
6,287700
3,202500
32,994400
3,201300
12,439500
1,140900
1,135000
4,228200
473,1352700
6,285500
312,308400
79,607800
6,371300
6,394000
6,413300
552,1859800
297,1558300
77,577100
6,271600
17,678000
79,657900
6,299700
6,270400
1,157400
55,1611200
6,274800
6,364500
22,990000
6,260800
6,274900
20,660900
6,280000
6,279100
6,284600
3,191700
6,271700
6,274000
3,190200
1,134600
14,488300
6,278600
6,270200
6,270200
5,258700
1,139800
5,253300
26,886600
6,278200
206,731900
2,164200
325,655400
6,280900
6,276100
10,559600
6,331800
1,124900
6,340900
4,226700
23,843600
6,294100
11,473000
8,343900
15,547700
6,274100
17,568900
6,386100
6,276700
6,271500
6,272900
3,191700
1,132700
76,531700
4,229500
2,171500
46,1332100
7,298900
6,281500
34,1228100
6,306000
2,190600
18,597400
16,573900
6,278000
262,614200
6,275500
616,1914000
5,246300
22,713900
6,277800
6,330300
6,293700
4,217700
69,354000
6,400900
60,2077100
6,348900
8,442900
56,1619100
6,280700
6,269400
421,1578000
2,203500
1,159200
11,555400
6,378000
239,2317700
4,225100
6,303900
2,152700
6,256900
6,304800
7,339300
11,410500
6,277300
6,277100
6,283400
6,275300
6,270600
93,1349300
2,169900
1,135700
24,762400
6,273000
6,278600
6,280000
472,1332700
26,823400
390,778300
1,140600
298,1915200
100,1173900
6,275400
6,275300
17,569200
6,287100
173,1485100
28,864700
6,280700
6,274300
461,1046000
272,869200
10,422600
6,420300
6,435300
6,302200
322,654200
61,1851800
34,1054500
6,275600
6,272000
130,332800
36,1095300
101,1175900
6,274800
1,132400
6,284200
564,531000
6,326700
6,276700
6,260500
14,528400
6,261700
6,277800
1,140600
32,1115000
34,1026900
6,274300
6,272900
2,163900
60,1812400
6,290000
373,369800
6,281100
7,302700
89,858200
6,284300
1,134600
1,135600
6,280800
4,243700
111,1569800
6,273400
6,285200
257,456900
3,192200
125,203700
6,274900
4,226100
21,675000
6,275800
1,133400
6,274200
316,421500
121,1713100
6,274300
5,246000
39,1151000
6,283700
276,1132900
6,467300
394,901300
6,296500
349,1487300
77,553400
19,621800
241,1707700
6,274700
124,165400
6,283500
116,1582300
25,787500
6,272400
20,955500
6,293200
121,1738700
89,878300
69,343200
7,299600
37,1134900
6,280600
6,272200
6,276700
6,273100
130,349000
5,246500
50,1569900
174,1693600
6,263500
6,305500
2,169800
7,297600
15,558700
405,1165500
62,134200
6,271000
30,962400
6,283100
3,191800
15,510300
6,267500
6,275200
6,275300
6,273100
101,1180700
6,272300
31,947400
42,1611100
3,197000
3,192800
6,274200
6,277100
530,1379700
10,459500
6,282700
3,198100
6,271300
3,190700
6,290000
6,275100
4,216500
177,1887100
30,895200
6,276300
5,399900
6,429500
2,166800
6,359000
6,275300
5,273200
38,1408300
3,193600
6,284200
4,220900
1,134500
6,274200
6,275400
23,745800
6,283500
5,267500
36,1075700
6,272700
4,226700
384,600000
4,218700
1,134000
38,1263100
6,406200
6,325400
6,263700
3,192800
6,292400
1,142900
1,138600
6,282700
3,193600
6,386300
3,196200
6,278500
18,606800
104,1264900
20,666100
102,1306700
6,273100
1,131600
55,1647200
6,274700
6,284100
1,135400
2,198700
6,377100
4,305200
2,176700
6,282300
6,295700
17,585200
17,569000
2,163400
6,321600
6,270400
7,300300
9,466900
136,495400
16,764500
6,386500
6,304000
11,435400
6,277300
4,224600
6,279800
6,279500
178,1939800
35,1147600
6,277500
6,283500
90,888100
6,275200
165,1287300
6,279100
6,302800
9,357300
235,1568900
52,1516000
22,694900
6,272300
3,199100
3,280600
6,268500
4,265900
8,402700
15,621100
22,965800
6,277000
13,527500
6,287300
4,282900
3,194700
6,275100
2,165800
174,1537800
114,1526200
12,445400
6,274100
2,166600
14,490800
23,914000
6,380500
8,384300
6,276900
6,272200
6,298400
88,851000
6,274800
23,726500
6,279200
1,134500
6,275100
59,1707800
1,142600
9,542100
6,294600
3,203100
1,133500
6,273000
239,1767300
119,1792300
6,304700
1,118900
1,128000
6,258000
5,227900
2,148400
6,264700
1,117700
80,611400
15,506600
179,1616900
74,492200
6,278300
2,165000
6,275200
6,278100
6,275900
25,797000
395,971500
30,1098600
155,1004800
6,281000
29,1324500
6,350900
309,2067300
5,260000
6,272400
21,672300
176,1608000
5,246400
5,244200
2,191300
18,910400
241,1712900
5,248900
518,922000
23,747700
33,991800
5,248400
1,141700
5,255100
5,254500
516,931900
5,249500
14,507500
6,288600
34,1102500
5,271200
6,407500
6,313300
5,331600
34,1044400
14,498000
14,489900
17,561300
57,1649500
5,243900
6,272200
120,1727500
1,133600
5,262400
54,1549500
6,286100
7,349300
8,489700
5,284200
3,195900
591,1309400
29,912600
5,253400
5,256200
6,272900
5,314600
48,1613200
5,266200
3,199900
68,305800
5,245500
8,327200
5,254900
5,249400
3,200000
7,312100
30,993900
5,324300
2,181100
5,290000
5,247400
5,248100
12,434200
5,246400
84,753500
9,352100
5,248000
45,1332100
3,193200
5,247600
331,819300
9,350900
5,246400
5,261600
8,328400
7,306200
5,250400
5,246000
18,611900
38,1291400
5,361000
5,265600
6,921300
5,310300
7,308000
5,326800
19,628300
5,244900
12,471200
513,1136600
5,258800
3,193100
78,579500
2,169900
201,591600
17,567800
5,267200
11,413500
44,1505900
5,255500
5,252000
16,544800
5,242700
167,1326200
10,377400
1,132800
15,534700
5,242200
223,1221500
5,246200
112,1569200
27,868200
5,267000
5,253200
5,341700
10,557700
20,655600
6,279700
3,221900
5,252200
5,248800
137,519400
5,245700
14,497200
34,1050900
36,1087300
281,1130500
5,248900
3,209000
166,1291000
5,262600
5,259900
4,220800
6,290300
9,484700
5,251500
5,240100
5,252000
5,256500
5,247000
5,257200
5,247300
5,245600
4,228600
10,461000
3,243900
91,946500
5,247600
5,273200
23,743600
5,247400
9,353200
5,246000
66,250500
64,194800
5,248000
1,147500
5,245700
4,225500
1,133700
7,298600
5,247800
5,271200
143,697900
17,718000
5,272900
5,291800
6,265800
205,720900
5,249700
5,258300
1,131500
23,746800
5,246400
5,266600
25,781000
5,253400
5,254900
18,632200
1,138200
5,247600
161,1247200
144,703900
7,306500
25,893800
2,176000
35,1133300
15,514100
31,992400
35,1043200
5,246100
610,1768300
3,190300
29,880200
12,434800
5,246100
23,731500
5,245700
224,1227900
6,293400
5,376600
5,378900
5,262800
5,249000
1,135500
34,1033700
122,1910700
5,262700
5,292300
5,262600
5,324400
160,1117700
5,248300
20,660100
5,254200
5,245300
5,245100
12,434400
5,295400
5,240500
5,268400
138,666300
5,248700
42,1254600
3,196900
5,247500
4,222300
6,281600
3,194800
5,243700
5,256200
5,256400
190,307100
184,1868100
34,1024300
5,243100
13,468600
5,252500
3,193800
2,165700
10,396900
5,296100
9,398900
5,285300
1,167100
5,261300
14,502800
5,249000
5,248100
18,753900
14,485100
117,1957000
5,249600
51,1534200
4,219900
107,1402300
5,247500
37,1096000
4,222500
5,326800
9,531600
5,288100
5,255900
5,245100
6,282000
36,1080800
1,140900
149,844300
5,240200
76,515900
10,416600
6,365200
425,1823900
5,246100
158,1088900
2,166100
5,315800
3,193500
5,250400
79,894800
5,244600
1,141400
5,254900
93,968900
5,248400
20,707900
112,1483600
5,265500
23,786500
3,195200
20,645900
5,247200
32,998900
6,274400
314,374000
250,292100
161,1226900
17,752700
28,1246100
33,1066300
5,245100
19,663000
2,162900
26,810100
5,255000
1,133100
5,249000
5,247900
17,567800
5,246500
6,280400
11,408600
5,247200
5,245300
14,490000
5,255200
6,355200
6,276800
5,286600
5,374500
235,1580400
8,334100
404,1161000
3,200200
2,163400
119,1664000
5,248000
5,256100
165,1398600
2,187900
37,1508900
1,133400
5,248600
360,1804000
5,248400
3,200100
123,1782800
3,205700
5,247600
5,244700
101,1179600
3,191600
5,246700
5,252800
5,246900
334,950900
20,657000
5,247400
4,218700
106,1507100
14,573100
5,246500
5,255600
5,245100
44,1326600
5,342900
2,172300
5,259000
5,267600
5,249100
4,218400
5,253500
51,1479900
5,248300
51,1530500
2,165300
16,540200
4,212900
46,1516400
5,255000
5,248000
5,257900
4,219900
5,246100
5,243900
6,263400
5,245400
9,354800
295,1505300
5,250200
15,552600
8,328400
8,325500
18,593300
66,249300
5,247100
5,261900
5,244300
5,246600
3,192200
5,253100
5,242100
5,285800
5,287400
5,251600
5,272500
11,491500
5,251700
5,243600
5,247000
1,138700
5,246000
5,249500
2,165400
6,275500
55,1610700
52,1512000
5,245800
5,247100
5,245100
5,247100
3,191800
6,311400
5,253700
5,250400
49,1470100
137,537000
3,192500
5,367800
5,253300
6,328400
5,250000
496,345100
102,1206800
3,193000
24,757800
5,244800
2,185000
163,1285300
5,292400
6,289500
4,226000
12,429900
5,257300
4,219500
12,452700
21,683900
5,248200
5,244500
5,247500
501,475200
5,249000
18,880100
1,135900
14,502300
25,786700
5,251300
1,153100
5,263600
5,248000
5,258500
5,248400
327,714600
5,244000
5,245200
10,397800
88,878200
5,246400
3,191600
5,254700
2,164600
18,598800
405,1187600
20,669900
5,265400
2,211200
5,318400
8,349200
78,601800
12,437700
2,167200
5,246500
5,248000
88,889000
15,609000
98,1109800
24,759900
50,1556500
5,254900
5,254200
5,246400
5,247000
1,134200
2,182700
211,918900
4,305900
381,682100
1,150500
9,370000
5,255500
5,249200
5,248600
19,624900
5,247400
5,259300
5,248700
14,530300
5,253300
5,247000
4,278800
5,312900
50,1639800
15,532500
264,720400
5,249100
3,191400
26,804700
2,165700
1,197100
11,446400
118,1679700
5,250900
295,1492600
5,281900
36,1091600
5,253500
175,1538100
5,255700
5,245500
5,262900
16,545900
105,1483700
5,285900
5,340400
1,140200
9,356000
5,241100
1,126300
5,247200
306,1801000
4,228000
3,194500
3,199200
12,431800
5,246200
92,987100
5,263700
5,247800
2,167000
5,246500
5,246400
5,247200
5,247500
4,230500
5,246300
5,249500
5,255300
37,1428600
5,246800
563,578800
177,1603800
5,246100
5,266300
3,192800
5,244700
5,252200
55,1583100
4,217700
143,792100
2,217500
14,515800
6,276300
5,249500
6,280200
6,264000
19,625400
431,2112800
5,255600
194,420600
5,279800
40,1170800
5,269600
3,192800
18,602600
180,1729600
67,281600
5,247800
1,133700
384,604800
6,275600
7,310800
609,1931200
5,314000
5,251500
213,932000
2,202700
5,387500
27,1121400
5,313800
5,320300
2,199500
6,342000
9,440400
5,297200
5,311900
5,348400
5,349100
2,188800
5,298400
14,635900
5,310500
5,328400
4,346300
5,335500
3,188100
5,257500
5,256900
11,422000
21,673800
5,247900
5,247000
6,291700
25,825600
122,1815900
38,1147300
68,302300
5,275300
73,481600
7,315800
5,270400
10,476600
5,261000
603,1974300
6,278300
19,639300
5,247900
16,550800
26,821400
5,251700
5,265200
3,194100
2,165200
46,1365100
24,750500
1,140400
4,231600
108,1374500
12,433500
39,1470900
122,1749100
6,327600
4,218800
4,219200
11,421200
12,431100
20,871400
9,467700
4,261000
365,1758000
3,202300
4,220200
6,278400
5,247500
4,218500
24,815000
4,234300
1,141500
4,235400
293,1509700
4,221500
2,163800
5,250000
14,492500
2,165400
4,228000
1,142200
1,147000
2,166400
10,381000
4,221400
11,411600
21,756800
4,219800
4,221900
3,199200
15,515400
21,707300
4,221800
27,840900
480,1906900
4,224800
3,192700
6,281100
4,217800
3,197600
4,218900
4,220500
4,218800
4,220400
2,163200
8,325300
1,140100
4,219000
11,408500
265,684200
54,1578100
4,249300
4,218600
4,220700
13,474900
4,220900
4,221500
3,192800
1,132300
36,1113300
4,293200
5,335400
4,272200
34,1027700
126,226900
4,218400
6,275100
4,222100
4,223100
4,221200
97,1140800
49,1606800
4,287500
40,1640400
44,1756100
4,275500
28,1122700
9,488300
2,203100
4,287600
4,323200
1,163400
4,266000
4,268400
6,350500
19,786400
4,227400
4,219000
4,218800
4,240400
2,164600
6,283100
86,796100
5,245300
10,575600
4,232500
1,132500
1,133000
153,960400
60,2046300
45,1450900
142,713900
4,221600
4,231900
4,220100
5,258100
4,222500
4,218700
11,407900
47,1394900
6,275800
4,219500
6,276000
3,191700
11,457400
4,223400
3,192300
21,679600
5,379000
4,328600
68,319300
4,228700
1,134400
35,1061600
4,221600
119,1688800
4,236900
25,780700
4,218200
6,293700
7,301400
4,226300
7,303900
29,988800
4,243900
7,333500
4,236200
5,242500
4,215900
4,224000
2,162200
3,191300
158,1258300
48,1409700
4,226300
4,225700
225,1224300
90,877200
5,243100
162,1196400
12,428600
33,967500
4,219400
6,277500
150,858200
15,503400
1,176500
4,271000
6,312400
8,360800
4,218300
41,1166000
4,225800
4,241500
16,645500
1,138500
4,284500
325,1119400
134,481000
4,218100
388,711000
4,217300
4,216000
4,216500
1,134500
176,2037600
24,1038100
4,272300
4,247200
2,164600
4,217700
31,915300
39,1129100
6,274400
6,264100
5,243000
5,251600
54,1508200
22,697500
4,218100
304,2165700
114,2027900
13,443300
6,264800
294,1435500
4,218100
22,678200
4,229700
4,226000
1,141100
10,376200
4,216600
2,164800
4,208500
4,219200
4,229200
2,160600
61,1680100
4,229300
4,236500
1,130200
67,276200
5,241900
12,493600
200,637600
4,217300
108,1336700
4,226500
5,244600
4,222800
4,215400
6,270200
11,445500
4,393800
9,350400
33,969300
4,227200
2,162000
4,214500
347,1254700
4,216800
3,201500
20,628100
4,223600
5,248100
5,244500
2,162900
4,263100
124,177600
4,273500
4,256300
102,1237100
4,220100
7,302200
4,220400
338,1039000
4,228100
4,218200
15,501200
78,562200
4,216000
20,643300
4,215300
69,323800
4,222000
11,398000
4,215000
11,463800
4,216600
4,225700
60,1821100
1,142000
12,445200
4,218200
22,700000
5,246600
4,217200
15,513900
1,133300
3,191300
14,477100
318,468100
4,216100
3,190500
4,219600
73,432600
50,1448400
4,217000
7,351000
10,385800
4,228600
76,509000
4,218200
9,384300
24,867300
24,966300
4,214400
20,642200
51,1430800
4,218100
6,280900
4,211200
10,376300
4,217400
4,229700
7,371000
27,989400
4,270400
37,1125900
37,1146700
4,220900
1,138300
10,375000
4,250100
4,237400
4,219500
2,143700
14,665700
12,424900
102,1177300
7,295300
549,1745800
2,163000
4,230500
1,128900
17,575500
62,135200
2,162400
113,1477900
2,166600
4,216300
34,1001400
4,215100
3,189700
3,259500
4,323900
4,243800
4,219200
30,988600
6,274600
4,219500
18,586300
4,220500
4,217100
1,157100
4,227100
4,222100
8,323700
5,243600
4,218000
1,139400
5,247300
37,1114200
4,217500
4,214700
11,399600
4,223500
119,1661400
4,212800
5,247900
4,245800
6,296700
13,521100
4,220400
9,348900
4,216200
1,132400
4,229900
5,243500
4,226600
2,163200
4,214500
1,133500
5,244900
4,217500
4,247200
1,143700
4,228900
60,1683800
4,219200
2,164500
75,482100
2,195400
20,688500
4,252300
1,149100
4,216700
43,1242100
4,219400
2,182000
34,1029600
1,147800
478,2579500
4,342800
4,215300
2,193500
4,327600
4,240900
17,734800
4,221100
4,210400
4,211300
4,207900
2,197400
12,436900
4,217200
6,340400
89,850800
31,980800
4,314000
1,180600
4,237700
2,168200
4,211100
99,1183400
29,931900
4,213600
9,423100
416,1435000
6,271500
4,252500
6,271900
79,655700
3,200500
271,825800
6,270900
75,522300
4,227600
3,192600
4,209400
67,275300
2,218500
4,354300
36,1143900
4,221900
169,1402100
56,1579400
4,217700
3,189900
103,1236800
4,226200
17,610100
115,1593300
27,813500
177,1821100
4,217900
1,144000
147,1035400
4,218500
283,1171300
4,217700
263,691600
1,132600
9,349500
4,228800
1,134800
7,299200
4,218800
4,217700
97,1048300
2,161100
4,218200
16,546700
5,243900
588,1368400
7,321800
8,364100
4,220500
4,231300
4,228500
4,219200
7,356000
120,1757900
5,245900
36,1116600
4,233600
2,170300
31,912400
4,241100
437,438300
4,282700
4,289700
1,139900
4,266100
9,361400
4,210800
10,447900
4,253700
9,506100
206,722700
4,219400
4,225800
4,230000
12,431200
14,521500
4,228100
55,1699400
22,736600
3,211700
27,840600
4,219700
4,218800
24,751700
5,274900
151,970200
4,254000
5,389000
3,277100
10,459100
74,459300
4,219300
1,141500
3,200200
6,273500
4,219400
1,133700
32,980800
248,245200
4,272000
1,137400
8,326200
4,224300
215,959000
6,281100
610,1849400
377,416900
4,216900
35,1081200
5,369700
2,241800
4,292200
4,219600
4,213300
4,222800
4,220500
11,451900
21,730100
21,898000
4,249200
116,1793100
4,227100
3,199500
4,221700
4,219600
10,388500
347,1231500
46,1474900
4,317400
4,248900
2,157500
30,1048900
4,231300
4,223100
3,191900
11,416900
102,1233500
4,219900
191,327200
4,224100
1,135900
28,870400
576,921100
5,248200
4,219200
131,425900
4,227900
192,359400
3,189900
4,240200
12,447600
8,321600
12,507700
4,239400
4,235000
8,348100
1,136900
2,163900
28,876900
40,1179200
3,197900
4,221500
4,236000
1,134400
5,249600
5,250100
4,223100
4,220300
191,325000
5,264400
15,521800
3,192800
4,222100
17,558900
4,216900
8,369600
16,542400
4,220800
12,436500
96,1269300
4,241100
16,543000
24,768300
4,219100
4,219100
325,646900
94,999000
4,219600
1,134300
25,882100
37,1135400
324,617700
52,1581100
4,220900
4,218700
102,1604200
54,1666900
4,218400
8,325000
4,220900
10,396200
4,227500
110,1390700
8,327600
4,249900
4,221500
2,175000
4,232400
4,210900
16,539000
20,657600
47,1363500
4,317000
4,475200
257,687800
50,1696200
5,253100
4,259200
4,232000
2,163000
5,251100
20,670300
4,227800
5,257700
1,133200
327,720000
6,275200
4,304800
6,283600
4,222400
34,1094600
5,268900
391,836800
3,229000
4,238500
188,333500
1,132200
53,1563300
24,740700
4,217000
4,256900
4,228400
372,275600
37,1080200
2,172300
4,224700
31,963900
446,694900
4,218900
9,377200
106,1287800
6,271800
10,417400
70,371300
6,318700
10,386300
4,213900
2,174500
4,234900
334,901700
61,1847700
3,185300
4,219000
5,235800
4,222200
21,681800
3,190100
1,132300
4,217900
2,170300
352,1413100
257,579600
14,484300
4,217800
14,637100
26,854200
5,245900
14,513000
25,830000
4,216800
4,216100
8,335900
27,856900
255,409700
4,216200
8,322700
4,217200
4,228300
165,1242400
4,220500
4,217200
4,228300
134,437900
4,220500
1,133100
4,228800
4,218600
50,1769100
4,227100
4,232300
4,228500
6,281300
4,232000
6,274100
25,768900
4,225800
5,241700
94,970800
4,218200
22,682800
4,228300
67,353100
1,134200
13,453900
5,241300
1,173500
14,594300
8,354300
4,259600
9,351100
224,1370900
72,408500
4,218500
4,223100
3,191200
4,218900
38,1139500
4,227000
4,217600
334,880500
117,1580900
4,228400
436,348000
5,246500
4,216000
6,268800
1,162500
112,1466000
27,1031900
4,223200
4,219800
2,163500
6,271300
2,165300
7,327700
41,1194600
6,271200
4,216900
1,132200
47,1685100
4,225500
4,214700
4,217000
7,301500
4,217900
5,243100
84,789100
40,1198800
1,134300
3,192800
4,224300
4,222300
300,1916200
3,192800
4,217800
4,215700
4,225700
4,230800
37,1103900
4,219700
4,232100
56,1611000
6,272100
6,277300
4,241800
19,605500
27,819300
4,224200
20,633100
4,218600
4,213700
61,2081700
2,164700
3,192200
6,279300
14,497600
17,549000
4,216900
2,169400
389,731800
46,1297800
4,216500
36,1185600
3,196100
4,233800
2,163200
4,211600
94,982900
4,225900
52,1803300
4,216200
2,162600
4,247000
50,1454300
3,196300
4,237400
4,216600
1,138500
4,224800
21,733100
4,213000
4,216200
10,375100
4,215800
4,225400
5,242500
1,132100
4,223600
1,133700
6,268300
5,243100
53,1503600
4,217200
8,435300
4,278700
4,215300
4,241800
4,215300
4,217900
4,221700
490,1775900
6,278600
208,782800
9,359400
4,217000
1,133300
1,132100
2,163700
6,333900
4,217800
2,162300
4,214800
4,393800
4,227500
4,222800
2,162800
70,408800
4,255300
3,278900
4,217700
161,1124300
4,352500
1,178400
9,445900
2,200800
3,263000
38,1446500
4,208300
2,153900
378,485700
19,595700
4,208600
81,632200
23,731600
1,132500
53,1477500
4,219100
2,166600
9,347200
4,218200
4,215300
2,168800
4,215800
11,541800
4,245000
9,380900
5,243000
5,242200
4,218500
4,224500
1,132100
4,223800
1,132800
83,691000
4,218400
4,217100
4,223900
4,221100
23,732700
3,189300
10,371500
55,1588200
5,243700
5,250900
14,529500
4,281100
7,333200
22,743500
4,219700
50,1719100
2,166000
74,461100
4,226300
9,348800
271,821200
4,217800
4,217900
70,357700
22,684000
4,222600
438,465000
3,200600
2,164100
4,229800
9,357100
4,214000
37,1134500
5,251200
12,427500
4,217200
2,161400
230,1594100
12,430400
32,1030800
4,220400
4,216800
629,697400
2,190600
15,713600
4,262900
4,244600
8,323100
20,646400
48,1386300
4,217300
1,133100
7,295900
1,140100
4,224300
4,250500
4,232500
4,231900
1,178100
9,431100
6,271700
1,138200
7,325000
4,215800
4,262900
3,192200
10,405400
264,647300
7,304400
4,218400
4,214800
4,214300
91,896900
9,353200
4,217700
4,222800
4,223600
6,270000
1,133000
2,172400
24,749100
4,217600
10,376100
61,2749800
4,315900
5,306700
1,132900
18,580700
36,1064600
4,215000
11,407400
4,215800
166,1306300
8,321200
86,773700
4,216500
1,132500
4,233500
14,505300
4,216100
4,215000
4,219800
228,1541700
61,1692800
4,218100
88,813900
4,286600
8,333200
4,224200
488,1712300
3,193100
1,131200
7,293500
7,317400
4,298200
4,267700
4,262100
10,454000
4,220500
31,909800
5,245900
308,2078400
25,761500
4,215500
4,236800
38,1096900
4,216400
15,508900
4,224800
14,478200
4,233000
3,191100
10,378400
2,162000
26,786900
2,166700
4,225900
4,217800
240,1588200
5,634800
4,311400
13,598200
41,1407900
4,264300
5,281600
7,313400
17,563700
21,687300
2,164300
1,130600
22,699300
4,215800
6,269300
5,243100
17,565800
6,270200
435,353000
19,619300
4,218500
1,132400
13,461800
4,216600
14,627800
7,298800
75,502200
4,224500
3,190200
5,244900
4,217100
4,218400
4,219200
18,609200
4,226000
4,221300
8,322900
4,220200
4,223500
4,217100
4,222200
59,1674500
6,270800
4,214500
38,1145900
291,1363900
4,216200
620,497400
4,266100
19,689100
4,217500
4,217200
21,656300
4,211300
3,189300
5,245100
24,789300
4,269200
22,697500
114,1525800
2,163800
239,1642400
5,243400
40,1412800
4,218700
3,199000
2,163000
8,327700
5,242300
4,241600
4,217900
1,131600
5,244100
3,199200
4,216000
9,344300
56,1990100
4,260100
3,274600
4,280100
1,164500
1,171000
6,357300
4,267800
22,940000
79,848500
5,308400
98,1490200
4,271900
4,270200
4,265900
4,271900
4,302100
4,298800
1,171700
96,1494800
4,270100
17,571500
29,891700
4,229300
4,219900
6,267600
25,764300
4,210200
1,148900
1,134100
12,521900
4,238800
6,316500
4,248100
6,397600
65,330900
3,228200
142,643300
23,716900
29,887100
41,1216400
4,216400
19,613900
4,282700
4,219500
10,373100
4,218200
4,216100
132,389600
36,1050000
121,1918800
4,226700
129,303600
3,200200
4,216500
4,303900
4,219400
9,342200
22,681300
4,225300
2,163400
19,605000
4,219000
2,163500
31,1065500
4,219600
32,976100
44,1322100
144,728800
45,1787400
177,1627100
4,224700
386,656700
4,225500
4,217500
2,164000
31,952400
1,159500
4,227000
2,174100
9,361800
2,161700
3,189900
3,190500
1,133200
3,188100
60,1720700
1,141000
27,808000
3,217900
2,174100
7,309400
6,270300
1,133400
3,193200
3,187600
16,541900
5,245800
3,192400
3,195300
1,134200
10,426300
3,189500
4,273400
1,135500
2,165100
3,189300
79,587500
3,217500
2,164000
6,270800
1,149600
12,429800
3,193000
2,159800
19,608200
585,1080500
3,229800
35,1037100
3,206600
31,1187700
3,201500
374,337700
3,203000
8,322200
82,669000
3,188800
3,197700
3,196000
5,249800
3,191800
1,132200
1,141900
3,188800
37,1070100
22,753600
118,1870400
5,251400
3,192300
3,188400
3,198400
2,162700
15,506200
3,189300
5,293500
224,1245200
37,1122600
3,191600
12,431100
3,189000
12,444600
3,195700
6,268500
2,162900
11,408900
5,244500
4,217200
1,139000
3,198800
3,190100
44,1245800
3,189100
1,129300
34,1513200
180,2244600
3,202400
3,191000
4,229100
3,189400
90,859600
2,161300
28,883300
3,188800
1,130200
3,189500
3,188000
28,902800
3,189100
3,190600
53,1751600
2,162600
11,388600
5,234100
3,220100
35,1258000
18,585600
3,190800
8,320500
29,891300
18,581400
116,1558000
3,191900
551,1940000
1,145500
181,1653500
3,183800
3,182700
1,184000
3,222100
28,935700
6,272900
1,132000
47,1360800
8,320100
65,226300
6,268100
104,1243200
3,197600
4,215400
4,222000
4,224500
6,275300
36,1045400
3,191100
3,190800
1,139900
3,198800
2,164700
12,423600
3,190800
3,191400
3,187900
5,244700
1,130400
25,867300
3,191300
3,197200
4,216700
4,213400
3,190000
3,201400
4,225300
15,669600
3,222000
3,204500
1,135800
3,192000
2,163700
7,299600
15,505700
6,267700
9,346200
209,827200
13,453200
4,211000
3,194700
1,124300
4,220700
3,196300
598,1420500
2,163000
3,190000
3,188800
10,525300
3,240300
4,298300
4,213200
3,191100
32,966000
618,2038500
47,1323900
3,198600
3,197500
1,142500
3,199600
23,710200
3,188700
3,188500
3,189200
34,1006800
21,799400
3,260400
4,288400
6,333200
3,206700
4,211300
7,323400
3,188300
4,215800
1,131700
569,671500
3,198000
4,216600
3,231100
3,192300
5,249000
4,223000
34,1021200
4,217900
3,189700
13,453900
3,210700
3,196900
4,226100
3,189000
19,609800
5,246800
3,193800
3,188900
3,189900
19,786700
3,183300
180,1951000
17,549700
3,188600
89,858600
6,272200
3,189300
11,403500
3,184300
169,1412300
6,318900
1,133400
3,188500
450,738900
3,190400
4,216000
164,1205900
7,292600
70,357500
24,732500
3,196100
9,502900
3,318300
5,323500
15,497900
3,179900
1,124100
10,373200
38,1080500
429,1888500
3,194300
1,132600
3,190700
3,188600
5,253600
4,216800
3,188100
9,351300
468,1180700
183,1780300
3,298200
3,207200
2,146800
202,727700
24,784900
19,604900
3,190500
3,192400
3,187500
4,221600
3,190700
2,168100
3,190400
592,1295900
3,197100
10,385800
414,1353400
3,191800
45,1302200
5,249900
3,189600
217,1339300
17,566900
3,201000
75,501900
3,191500
9,360900
28,841600
3,192000
3,191700
12,436700
149,819800
3,189600
3,189200
214,1193800
3,199100
4,216400
30,903500
3,198200
1,132900
10,393400
109,1459700
3,213000
3,211900
1,133200
3,190800
38,1405400
3,199900
19,606300
3,277000
1,133500
3,199700
3,190700
10,375300
5,246200
5,243100
10,375800
3,202300
3,197800
49,1376700
3,199000
1,131700
6,277500
3,191300
2,160000
42,1209600
3,197700
177,2042700
1,157100
55,1710500
8,333900
90,862100
1,160300
5,243100
4,214300
3,189500
5,252300
18,577100
277,971700
113,1511900
38,1247200
3,192800
4,225800
3,246900
449,724400
342,1114900
3,189700
3,197200
379,503600
3,202100
19,607600
3,186200
3,189200
89,880100
22,704600
101,1592400
6,277600
3,190200
4,217600
29,1120700
3,248000
353,1436700
3,197400
1,130900
3,189600
1,136100
42,1240300
4,235600
4,217100
3,187300
21,655000
3,211200
3,198000
8,338200
3,188700
4,215600
65,238700
3,189500
3,190300
3,189800
14,505600
562,473500
16,545000
4,216000
3,189600
1,131700
3,192400
3,254500
3,213800
18,740300
4,219600
361,1585600
2,163100
2,163200
1,131700
9,344500
10,500100
3,200000
3,202200
26,821100
3,190200
305,1712700
1,133700
7,295000
20,661200
5,322700
3,192200
122,1832600
2,161700
3,187100
510,749300
3,202800
4,223100
11,396300
6,268200
3,188900
32,962700
3,198900
6,264900
3,195800
1,131900
10,374600
3,191000
16,558000
13,445600
14,512400
3,191500
3,188200
14,495100
52,1445900
3,223200
5,422400
3,228200
308,1764800
13,448700
3,190300
432,1833900
1,132000
3,190200
5,242400
138,552700
31,936900
3,189400
3,188800
2,167400
1,132900
7,298400
3,206700
3,191500
3,189800
12,460000
534,1605300
9,389700
3,192200
6,271100
3,200400
24,778800
7,310800
4,214400
8,318800
3,188400
3,191100
1,133400
2,172200
3,188900
3,212900
1,133100
4,216900
241,1816900
10,376300
4,217600
2,163300
3,188800
7,314200
4,219700
11,397800
189,275200
3,188900
4,216300
21,815900
3,232300
4,201200
1,133600
4,217400
126,220200
3,189300
4,215200
1,129700
1,140000
1,133300
2,163200
3,196000
12,423000
3,189400
32,952200
72,403400
3,191500
227,1287100
17,561200
21,656500
24,767200
3,196900
3,188900
2,161400
3,190600
16,528500
4,231600
5,334500
2,210700
4,206800
3,192900
18,760200
6,297400
4,300600
3,228600
4,272900
115,1530600
1,125500
3,182500
3,192600
4,256700
3,254300
10,426000
137,526700
2,176200
7,372200
232,1503900
3,213200
2,221000
20,824900
3,278400
45,1685400
6,275500
75,532400
1,146700
15,488700
177,1793300
4,275200
3,192400
9,344200
6,283600
3,295600
109,2140200
13,583700
4,209700
7,324400
1,173600
1,190200
49,1878700
40,1682900
1,161700
1,145900
18,649300
2,188000
4,319600
3,260100
3,258100
3,282100
8,444800
6,382900
3,289400
1,198000
434,495100
63,241200
3,281800
337,1659800
192,550200
4,312900
2,158300
3,221100
39,1527000
3,253600
3,246100
3,288000
16,860100
3,210500
3,225500
3,206900
4,242900
22,772600
3,199600
1,150900
3,234900
7,315800
139,612500
3,234300
14,567800
10,382700
3,231500
3,245100
14,704000
3,265000
6,287800
86,900700
1,138800
1,224500
9,444600
4,230700
86,786300
63,194600
41,1188100
3,202400
35,1070100
25,787200
4,224300
5,304700
48,1505100
634,1164900
9,398800
20,647500
3,211500
14,535200
560,437400
3,204700
46,1326300
3,190300
3,213200
238,1577900
4,266400
3,199900
26,892500
3,217900
3,226600
3,190700
3,228900
149,832000
4,349300
4,318700
3,241900
32,1009200
3,214700
1,141700
5,253500
3,226600
3,229900
115,1531900
1,146800
21,1090700
3,253100
3,210600
326,688000
244,1778900
5,258400
1,138700
26,971500
3,179400
4,239500
5,269400
4,218300
3,188900
8,331200
6,265200
38,1098400
51,1434900
3,188900
3,191500
92,974200
32,978800
4,217900
3,188900
96,1095700
2,163800
41,1226700
145,1026100
3,191500
143,664800
2,163200
3,199000
76,506500
6,274200
5,247700
139,602400
2,165700
7,306800
10,386200
144,695900
6,296300
204,677000
2,161600
25,794700
3,190700
21,669900
3,191600
288,1347100
1,173000
3,222800
162,1166600
23,732300
31,919000
3,190800
4,223700
3,188000
10,381100
3,189100
33,1085600
66,247300
1,132500
3,187300
4,227600
3,188600
173,1471200
5,248000
3,190300
34,996400
3,221500
426,2067000
3,195300
16,540900
3,202400
3,191400
61,1783200
5,259200
3,190300
362,1619200
3,188900
1,140400
9,345900
369,1796000
3,191600
22,820100
3,186500
222,1125800
3,190700
3,190100
524,1053800
3,190800
110,1476900
2,163000
3,190800
116,1585100
3,195600
4,216100
40,1172700
44,1368300
4,271700
3,227800
78,559300
1,131300
45,1334900
6,268300
3,189400
25,781900
2,200300
3,198300
65,279800
4,247500
3,208400
1,138600
37,1240400
6,270800
30,893500
234,1454300
4,221400
31,1030700
3,230100
3,222800
5,250900
3,190600
3,191700
8,322700
48,1354000
3,191700
21,658600
45,1298900
3,197700
2,162000
4,216700
14,484700
18,758800
2,164600
16,535200
4,216800
3,198900
32,953800
3,191900
48,1786200
3,180300
245,1780200
2,166300
3,198300
1,133100
15,513600
214,918300
3,191100
13,508600
113,1494500
3,190900
94,976000
17,554100
128,270500
3,267700
12,573300
6,272900
4,216600
5,242800
451,743400
3,194200
5,250600
3,189100
16,516600
11,418700
5,243700
459,955100
5,243100
3,189800
4,217300
4,266600
3,275900
4,241800
4,217000
474,1403600
385,623300
3,191000
3,189000
1,133300
7,300000
3,187500
116,1678200
31,976900
3,194600
239,1598500
3,198200
14,473500
4,214900
6,267000
3,195700
32,971000
3,191100
3,205800
3,190700
197,484900
3,187400
1,132400
10,383200
3,190100
75,486200
10,379900
3,188700
443,674800
5,248800
108,1452000
85,752000
76,666400
2,165000
3,193900
3,190500
3,197800
68,299100
4,216600
529,1216700
3,205700
2,161400
11,417700
3,195000
34,1012800
3,198400
4,215300
3,189200
74,452100
3,188000
3,189600
3,205300
9,442800
3,200600
154,973000
4,218400
3,202900
14,543200
8,321700
11,405000
5,241300
2,163800
5,241100
3,187700
22,697300
2,166100
27,921700
3,265100
3,195200
3,195800
6,317600
99,1335100
3,200500
3,199800
3,199400
5,248200
8,320700
3,194600
4,316600
4,234800
3,186100
18,613200
593,1374900
3,191200
29,862300
39,1137500
144,690000
5,249600
3,198200
3,191000
1,146700
107,1311800
51,1436000
17,558400
5,283700
45,1423500
48,1385000
3,255300
14,525000
3,187000
164,1203400
1,132300
624,489700
69,349700
1,126100
32,1055700
164,1218300
3,192700
10,372700
3,188800
98,1255300
3,210600
3,191000
6,270500
69,324500
3,187200
6,271800
21,667100
3,190400
3,189300
3,193900
4,214300
1,141500
27,820000
2,178000
4,222000
4,221100
3,194200
3,190800
3,191400
3,191400
3,188400
3,201600
15,517500
3,187500
3,194300
15,507300
5,245400
2,168100
48,1509300
4,267100
3,193400
3,184300
2,165600
3,217800
123,1767900
47,1323900
3,189900
3,396800
99,1335700
1,179700
1,165900
2,204700
4,269200
6,335900
1,164100
5,256300
3,199700
111,1409900
90,1030700
1,153000
5,254700
3,188800
101,1159000
56,1557200
8,417000
4,264700
46,1473000
103,1225700
68,299800
3,188700
6,283700
28,837300
3,225100
46,1466400
3,241100
2,163500
6,270100
3,189300
42,1255900
1,134100
253,361100
3,189800
5,243700
4,226100
7,295200
33,978300
622,434900
20,648400
3,190000
5,240100
1,133000
21,662400
40,1174800
4,281200
28,980600
5,295900
13,577400
3,191000
3,188900
3,190100
7,305300
3,195500
3,212300
21,657600
46,1308800
3,191700
12,432700
3,192100
3,189200
3,190200
3,196300
3,190900
48,1457700
3,190600
194,412700
12,467100
28,947900
29,1068200
33,1036100
3,247000
95,993800
6,275300
3,193800
2,163300
4,222800
3,189700
4,215500
20,809600
3,213400
40,1308900
3,190100
3,191200
4,215600
48,1439900
16,758800
227,1264200
3,188400
3,187300
2,161000
2,169500
3,197100
5,252700
77,531500
3,189600
4,223300
3,188600
3,196400
3,194600
296,1527300
3,191200
3,199000
15,509700
7,295500
14,474200
3,190900
48,1356500
3,226400
59,1813700
4,243000
1,163800
1,145400
81,629100
61,2120200
3,241400
1,159500
90,1169700
3,246100
3,265600
3,270700
3,227900
3,221800
345,1438300
3,191600
8,442600
3,206600
6,376200
5,247000
3,203100
3,188400
6,269900
3,187800
1,133200
3,189800
5,243100
54,1569600
34,1000300
3,189400
4,215700
9,346600
538,1500400
1,133900
12,477500
16,561200
17,565800
3,192400
2,167800
5,283300
1,187000
5,364900
3,192000
220,1090900
9,342000
128,273900
3,190900
3,198700
31,913600
3,190100
3,195900
6,270000
3,189100
8,321200
1,137200
3,191900
4,212600
3,190100
80,606000
7,296100
4,213600
4,222500
120,1621500
3,189800
3,197700
3,191000
3,189800
4,247500
11,425400
262,618500
3,194700
3,193400
35,1070300
86,771800
3,190000
42,1409100
3,191900
3,202000
3,181400
3,182300
3,188400
1,125300
3,187800
3,183900
2,153900
3,187300
11,401400
3,230500
3,198900
3,196300
3,197200
15,501600
3,189200
6,274700
51,1550900
8,323400
3,202000
163,1187400
3,189900
252,366000
29,889700
3,188700
1,133100
72,402800
4,217100
3,190400
3,199700
3,195300
135,483200
7,301200
66,243800
3,193700
40,1183200
7,295900
3,190300
54,1669700
3,278800
2,242700
3,243500
3,192300
3,190600
9,355900
4,217200
22,698600
3,189200
3,192300
39,1199400
3,192300
3,191200
3,190700
7,294500
45,1302400
3,188900
5,243500
3,191200
2,162100
3,191000
19,620100
3,190200
12,426800
98,1196100
14,680100
3,189600
3,185600
1,131400
3,189500
3,187600
28,874500
3,199800
3,189100
3,189000
72,400800
7,339600
14,483000
10,395300
6,273300
3,188900
1,130700
3,188600
2,185500
23,1034300
234,1459200
4,217800
4,225500
4,215400
18,575300
44,1353000
46,1298500
3,188600
3,187200
16,527100
3,190700
28,839400
4,215600
23,896600
11,420500
3,189800
4,226500
4,214800
1,130500
3,204300
4,216300
4,218700
3,186600
148,796500
3,196800
5,242500
5,243100
3,192500
1,132600
49,2044700
86,888700
3,210600
4,238200
3,192700
131,352600
11,403800
50,1462800
3,189900
4,217900
3,194000
3,194800
12,424000
4,216000
3,188400
32,945800
3,198900
5,242600
3,188900
2,161500
3,269300
6,320700
3,187900
19,607500
3,195400
9,347700
4,226900
3,187900
3,190100
3,196400
1,133300
20,665600
239,1550900
3,194400
18,580900
16,524100
6,268800
46,1346200
3,203700
3,208300
4,220100
3,215200
5,255000
3,192900
1,149800
3,195900
221,1272700
4,227800
14,477300
3,190500
107,1298800
3,187400
3,187200
2,182700
17,594500
6,271700
3,196300
75,494100
3,192400
442,518000
85,755800
3,198400
26,840000
432,1899500
1,158100
4,267100
1,140000
9,356300
3,185200
1,140100
61,1684600
3,242300
103,1959900
3,270700
3,204700
36,1156000
1,126500
3,194000
23,727500
3,186200
1,125800
2,156600
6,263400
54,1648000
4,213900
47,1541300
2,168100
5,236400
46,1400100
3,200300
3,230000
3,186400
4,213500
4,214500
2,223400
12,784800
51,2737300
22,821700
319,523700
1,120100
28,926200
4,218600
3,189700
1,144900
11,402200
3,183700
5,254700
240,1645200
3,192500
3,190100
3,187800
3,198300
4,218400
3,189500
181,1776200
7,397300
27,1332200
3,270900
3,205300
253,406000
3,178700
336,1123000
3,187500
72,399500
3,254300
55,1727000
2,201600
15,582700
5,237700
7,310600
3,190600
1,132300
97,1075600
3,194600
11,409800
5,259900
6,271400
3,191100
1,133300
3,190000
2,163700
33,1006100
3,221400
2,211500
66,293800
1,143100
1,177700
3,186100
8,335700
8,322200
92,919300
9,339300
193,389000
3,189600
8,321800
30,885400
3,203800
3,191700
81,633200
67,270600
3,189600
2,161800
13,489600
3,190800
70,361400
3,202500
4,223600
13,456100
3,188500
3,189200
14,486400
3,208700
3,217800
403,1364000
13,451300
223,1149000
7,307500
61,1759900
3,199500
441,484600
86,764200
3,204600
3,199500
27,911200
3,195700
6,268500
1,133300
5,266000
12,432600
3,195700
3,192100
6,319500
3,190300
3,172600
3,225100
54,1523400
3,193000
3,190400
3,226700
28,850500
65,220900
3,189600
3,190800
3,190400
28,905600
4,275700
4,292000
3,203600
3,275900
3,197400
3,193900
9,353100
27,805900
52,1663200
3,233000
11,388900
13,456500
3,190400
547,1694400
97,1054000
1,131600
1,151900
3,235300
5,245200
3,188700
4,223700
3,185100
90,868500
33,1005000
45,1335000
34,1078200
5,242500
3,188100
5,245900
21,931200
219,1143900
3,189100
113,1473400
24,740300
3,189900
5,256700
3,191600
7,298700
7,295000
3,195800
147,774700
4,242100
3,190500
3,191100
26,983400
4,310300
3,229700
3,193000
3,198300
6,267400
3,191400
3,191000
12,427500
21,669900
3,234000
6,277800
540,1661300
94,1027900
7,306500
4,294500
126,222000
12,423900
3,204400
12,529000
3,204700
3,198100
29,857300
5,295400
17,744900
3,191400
385,620800
303,1645500
40,1178000
3,199500
3,189800
3,197200
5,240700
2,162600
31,915300
3,196700
3,187100
45,1275800
538,1652100
3,209800
3,191800
16,537300
47,1321900
3,197600
3,197500
3,199700
3,192600
66,260700
9,430800
3,221700
3,187200
3,233300
81,656000
3,191300
5,277900
159,1081300
9,353400
5,278100
73,429400
3,188900
2,160900
2,162800
4,244600
4,223800
1,133200
3,188600
9,389900
2,235200
18,691100
6,279300
3,196000
315,381700
2,164900
2,161900
86,756600
83,698200
3,191500
4,223900
60,1730100
1,133100
4,218400
3,188200
18,626800
3,201600
1,132400
3,189200
18,599100
3,189200
3,188800
24,750500
33,1294000
109,1420800
49,1380900
129,301200
3,190800
5,243600
2,164100
224,1186900
4,237800
3,193800
3,187200
10,371400
73,448700
3,191500
26,791700
3,190700
42,1206200
6,315200
9,400400
3,208700
3,233800
171,1435100
60,1711800
3,187900
3,191100
3,189400
2,163100
62,167300
3,254000
3,198800
3,190800
11,399300
5,245300
45,1288100
3,198800
3,188200
17,550900
105,1334100
3,238000
3,233700
3,245300
518,950500
14,478200
106,1285900
5,241000
91,893200
28,851100
32,1015700
3,190800
3,191300
1,134200
218,1141000
3,192100
3,189800
2,160900
7,293400
7,302100
3,191000
6,294100
3,266600
3,276500
3,194100
11,424000
102,1192700
3,190700
57,1701000
3,193100
3,189600
8,321500
453,819000
3,188100
4,215000
8,327600
90,873500
3,193500
3,200500
3,194900
3,188400
5,250000
6,275000
624,553200
4,216800
1,132200
3,262500
9,398600
3,251400
3,192800
3,188700
23,718500
3,190700
3,186800
12,429300
3,189400
3,189400
373,314200
4,225600
20,627100
245,1820100
120,1868500
2,162500
3,189200
337,1246500
3,191700
3,191900
7,324600
502,543300
3,178300
3,182300
4,218800
1,132000
2,163300
458,926800
3,190600
3,196500
3,194000
3,190000
249,246500
4,218300
5,283900
3,188900
96,1039200
55,1533300
3,190700
17,563400
2,162400
3,188300
4,223800
1,131900
2,163200
5,241200
5,243900
3,233500
96,1072200
1,134400
2,161600
4,222800
30,1045400
2,168500
3,191300
1,133200
560,421400
3,187100
5,249600
39,1149500
3,189900
3,211000
219,1076600
3,240300
7,293500
32,978500
222,1138600
60,1973900
3,197800
8,319700
3,190100
3,189000
2,162200
59,1640400
3,189800
100,1183700
5,247000
7,295800
3,189800
3,188700
101,1246700
3,228700
55,1567900
7,373000
3,206400
24,927600
4,217300
12,437300
7,294100
3,189500
21,676300
3,191500
3,189800
4,218600
2,163100
2,157800
10,466700
6,273700
30,907600
4,218200
29,857700
3,193800
3,188200
33,988500
4,216900
123,1877700
3,201800
3,190700
4,214700
3,187700
56,1696900
3,191700
1,132900
39,1149900
3,188400
8,348600
3,189900
9,352900
6,270500
3,188200
3,188200
3,186800
3,189500
29,864200
169,1356600
3,190100
46,1531000
3,230200
3,191200
9,413100
232,1538500
43,1495100
3,193200
8,338100
3,191500
3,191100
6,285100
3,194700
4,223800
25,764100
3,194300
28,913100
3,192400
3,196700
253,354300
3,195300
1,159600
7,385100
10,529000
20,687200
90,1283000
3,188500
3,181300
7,288800
3,184900
6,268800
3,188400
5,235100
3,193100
6,267500
5,311800
5,242700
260,549300
3,190500
4,212600
39,1128200
343,1155100
3,188100
3,187500
2,179700
5,410400
3,217100
4,203900
2,155000
3,239800
108,1344000
5,241400
2,171100
3,189000
37,1074300
2,164500
5,248100
153,1051000
5,280400
3,183900
155,1016500
21,652000
35,1019400
3,180400
3,184600
4,276800
6,338500
27,1074200
293,1859500
3,195500
3,189500
3,190400
1,133300
3,203200
326,681100
3,191400
81,637800
4,216800
7,401100
3,195700
46,1353100
3,190700
3,198800
12,450100
3,191100
3,191600
7,297600
7,416200
3,223700
3,208700
1,133200
3,231700
32,1082500
5,254900
385,627600
4,215300
3,190600
3,190500
264,657200
14,497800
43,1222500
3,187200
3,189100
1,146300
3,193100
3,189900
1,131700
3,190800
3,188400
54,1583700
1,133100
70,360300
3,223100
3,223500
40,1222200
3,189800
48,1382800
4,217200
127,330500
1,126700
3,192200
1,140100
3,191000
24,743700
62,135600
3,190600
3,189200
2,163000
4,222400
77,631200
10,474400
3,217100
3,216900
45,1423600
3,244600
3,236900
49,1576200
3,191400
6,281500
3,188700
1,132300
3,230600
3,191000
1,132100
34,996700
21,659600
3,189700
137,519600
3,190300
3,196700
229,1315300
3,188500
2,163100
25,755700
3,188700
6,281000
9,358500
6,267100
3,188900
3,231400
3,274600
30,1026900
3,193400
3,191800
165,1622600
3,196000
189,271600
1,136700
3,265900
22,692200
3,192100
3,187600
3,191100
9,354200
3,188900
3,189300
13,456100
3,259900
3,196400
6,271100
9,359800
3,193100
1,133800
3,201900
19,615000
38,1386700
344,1173200
3,192800
3,189200
3,192300
4,216800
3,194000
4,222400
23,707600
3,195000
3,190000
4,215000
1,131200
556,1887200
3,188200
3,192900
31,937500
5,322700
3,195900
3,198800
28,881600
5,241500
1,134300
3,274300
49,1528900
3,192200
24,733600
7,293500
3,200500
2,163900
147,849100
17,561400
2,165000
3,201200
3,190200
8,317700
415,1400500
52,1478100
7,298100
13,458100
5,241000
2,162100
1,156500
10,578600
2,180200
195,480900
74,459300
2,185000
2,177300
43,1226900
32,1061600
8,332500
264,868700
71,377500
3,192400
2,160300
2,163800
2,160700
327,713000
63,167600
4,244000
5,248500
376,383900
7,296100
125,206000
11,496200
5,265700
83,682300
2,164100
292,1389200
265,670800
1,134500
1,139100
25,769000
1,135200
2,171700
2,161600
2,160800
13,463200
14,496700
2,161700
9,344200
23,704300
2,202200
5,256600
2,160700
100,1169000
6,467600
2,164600
2,165200
4,259000
2,209800
2,168800
305,1726200
66,246000
9,352700
2,176600
6,272100
1,153100
2,163900
4,215600
2,156900
2,169600
2,162200
27,810600
43,1241900
3,189500
66,246700
3,190300
2,164200
2,177600
2,162100
2,173700
3,190200
5,239200
1,132000
67,272800
2,200300
7,338000
2,220900
10,369500
4,219200
9,348000
13,452400
19,613800
1,132200
284,1180600
6,270300
9,355000
2,163200
100,1156100
6,322800
8,339800
3,183600
53,1500100
2,168700
2,155700
1,124500
8,315000
7,288000
528,1317600
60,1679500
27,803800
4,210600
15,493300
3,182300
105,1581800
6,281500
2,162400
32,954600
1,131200
37,1137200
6,273600
67,275100
2,163600
22,779500
152,1077200
31,969500
2,199000
2,173100
4,258900
7,325300
279,1037900
13,455100
2,160500
6,259600
2,154600
6,268400
3,171300
3,199700
1,155400
27,1000900
38,1353900
522,1681800
2,212800
5,292200
254,465700
7,365000
518,1168900
2,187000
137,637200
104,1591500
32,1194700
54,2080500
35,1407400
2,158000
1,163600
2,176200
1,127400
5,239600
1,128300
22,752300
3,252400
3,269200
1,238800
27,932400
237,1829900
44,1324500
2,165200
1,132600
5,249100
30,915600
3,195000
7,298800
19,657800
2,196500
5,331000
9,478500
4,242700
7,300900
2,164800
15,519000
1,141200
1,146600
18,667900
439,444900
1,132500
7,303700
9,375300
1,132800
1,134100
1,128100
1,133500
4,283100
32,986400
21,692700
4,216200
2,163400
472,1387900
12,576600
1,178200
2,185800
5,253800
4,292800
1,135900
3,192100
8,329500
2,166000
2,164100
1,132000
5,244400
1,130700
484,1755800
226,1251400
1,132100
5,245500
3,188600
17,562200
36,1071000
1,132500
4,218200
1,127300
2,191900
2,200900
1,184900
1,173200
19,704700
1,176300
1,132800
7,297900
5,243100
1,135300
6,282900
16,528500
68,299800
2,162100
4,216000
2,162500
13,462600
3,188200
18,581000
22,700200
1,133500
2,202800
111,1689900
1,123600
250,286700
9,348300
228,1397600
1,155400
2,159000
6,295800
42,1267400
17,552800
23,707700
1,132500
4,223300
6,269200
2,174700
1,131800
1,136100
17,782100
7,318000
1,136400
1,140500
21,685900
49,1396000
62,138000
1,161100
1,139000
4,220400
20,631100
11,506700
13,684300
14,488700
50,1420700
21,660600
1,132900
5,250200
3,191100
9,345500
18,614100
5,246100
36,1054700
2,170200
1,135100
3,204800
11,416100
17,579800
4,227200
6,265700
2,161400
3,190300
1,138200
1,131400
156,1065600
2,161800
81,712000
23,763100
1,127900
19,626300
1,191400
5,281000
1,132900
1,135600
4,227600
1,133000
1,134400
1,134300
1,133500
17,571300
52,1488500
6,281800
1,131300
2,166400
9,346400
1,131400
1,135300
3,189800
1,130700
341,1061500
15,501500
5,240200
9,575500
1,174900
4,261400
1,132400
317,431100
117,1602400
4,215600
4,218600
21,664900
2,176100
5,256600
7,298400
4,217500
11,394000
99,1191400
2,172500
5,258900
2,177800
6,265700
1,132400
3,185900
47,1362500
2,206600
12,514200
1,179200
235,1659500
153,982300
27,802800
4,217400
7,292800
12,427700
1,134700
25,784600
15,505300
4,231300
41,1168400
2,169700
6,309000
145,1149200
1,165100
1,162800
473,1362600
1,133100
2,163400
3,187400
1,140900
10,503700
1,166300
3,244700
1,161900
3,219800
6,270600
554,1822600
8,327000
47,1323200
320,508000
4,220800
32,968100
2,185100
49,1862500
1,125200
8,303800
3,172800
14,454400
1,124900
1,124300
1,117100
1,116100
13,450200
1,123400
12,403900
40,1140600
1,135200
5,256700
147,765000
1,131400
25,796400
2,169100
6,267100
3,189000
10,367300
263,781700
32,1124800
1,133900
296,1485400
9,349100
79,582200
31,1211100
2,161800
155,972700
7,290500
1,131700
3,192000
6,296400
7,295800
24,742100
1,132000
72,398900
4,212800
4,215800
546,1887100
2,162800
17,557100
94,991500
50,1461000
5,243800
1,131300
39,1195600
93,959600
2,187900
5,243700
48,1358700
162,1160600
4,322400
176,1762500
1,143100
1,139000
38,1105100
609,1703300
2,162300
32,956600
105,1264000
2,169700
371,1847000
6,284900
2,263700
6,392100
1,160400
5,280100
4,284400
10,420200
3,192900
1,153300
3,190500
4,215500
1,132700
1,132800
50,1555900
1,135500
1,139200
47,1336700
3,203700
1,131900
2,167500
7,294700
14,472500
23,710900
2,163200
6,278400
140,654400
36,1159900
48,1395100
1,131500
8,323300
1,131900
3,196300
1,130900
2,163700
2,161100
22,758600
4,218000
31,927400
2,162200
462,1080800
9,362700
96,1016000
14,475800
4,214000
3,197500
1,130800
1,131700
11,511800
1,129400
5,263000
3,192300
221,1163900
82,660100
18,581400
5,253800
40,1182300
4,218600
8,320200
633,713300
29,859100
1,140600
1,135000
1,138900
2,163800
1,131600
56,1551300
15,510500
1,141400
4,339000
1,138400
10,392000
14,478300
257,450700
1,131500
1,149700
3,190400
9,344700
3,215700
2,228200
30,985700
141,680400
8,327400
5,253500
77,568600
3,212000
83,686400
1,133100
9,386400
1,134400
1,131500
3,190700
5,243300
5,284900
1,133500
1,134400
3,197800
19,673500
20,681800
382,532700
2,164800
11,420100
51,1427100
1,132200
1,132700
3,193300
1,132700
123,1786400
21,657600
1,131100
25,757500
1,131000
239,1682400
5,298100
7,306900
23,814300
50,1440400
100,1150500
6,268900
376,403600
2,164000
2,164800
1,137800
9,349000
97,1049800
2,163300
6,270300
220,1067100
21,663600
45,1269200
2,161700
27,967900
6,316400
1,132200
4,218200
8,328700
2,173400
1,136500
356,1442000
59,1791600
1,133000
19,614500
5,242700
4,216700
3,190100
1,134000
17,585400
1,132300
5,250800
138,561500
4,215600
2,162300
3,191900
2,162500
6,266900
7,301400
21,933200
1,139400
1,141200
1,131700
1,133300
137,518800
1,153400
83,704900
20,630700
6,269100
214,935100
2,163700
128,287700
2,163000
1,132100
3,198600
3,196100
6,270300
1,156700
2,170400
4,213000
1,131900
179,1605800
4,214900
218,1025500
1,141100
61,2083800
2,162800
5,243100
1,132100
3,189700
20,684000
1,133100
18,641200
1,135000
47,1415500
1,135900
1,140700
1,134900
42,1268500
6,281300
2,163500
6,266100
15,499400
1,130500
2,162100
1,132300
23,720600
23,892900
3,202600
1,135900
4,215600
13,470900
8,316000
3,188100
15,500300
385,613200
6,281000
2,163500
6,269300
1,132000
124,166000
9,376700
67,334300
14,518200
12,424000
489,1767000
42,1193000
44,1555300
1,138900
2,163300
62,134900
7,296100
4,232300
18,568800
75,490800
1,132700
4,226600
1,130800
280,1060200
1,124600
122,1726200
9,481000
4,224700
1,134400
53,1508300
1,138300
1,134100
17,556400
203,737800
52,1660100
5,243100
2,164400
2,161300
138,569300
1,139800
9,360100
1,138500
1,133300
1,133800
12,426400
6,289600
1,138200
207,747800
1,130900
12,430500
2,163100
8,323200
3,190300
403,1086400
1,135100
1,131700
8,319600
1,132000
2,163300
1,128900
1,133700
94,1220200
17,555200
47,1350000
4,223800
12,419800
329,795800
2,164500
4,224400
1,140300
1,147500
41,1237300
4,251900
1,137000
3,197500
1,134300
1,133900
1,133400
1,134800
4,216300
335,1011000
26,787600
31,1101600
33,981300
4,222800
2,182800
2,172800
11,399500
4,217800
1,131600
13,449900
4,216600
1,144500
81,672800
18,580200
175,1508900
4,215000
2,183400
1,141800
5,241700
135,466400
1,138100
104,1310900
74,505900
2,168300
1,132100
379,458300
1,125300
11,399100
1,134100
1,137600
2,163300
1,136200
1,146700
4,260800
82,672500
1,128400
26,794600
4,264600
2,165200
9,345500
34,985500
1,139800
1,134900
4,213800
10,370400
41,1176400
1,133900
577,856700
17,864400
12,447100
356,1454700
5,235000
32,941600
4,217500
498,473200
3,190700
3,194600
3,189800
1,123700
1,140100
460,971500
7,294500
4,222100
1,132900
80,662800
2,170800
2,162000
96,1646100
16,533500
6,271100
6,280500
1,132900
2,162900
11,395100
48,1358000
1,137000
6,352900
2,165700
11,406200
1,134000
37,1137300
2,164200
1,133400
1,134200
5,249600
1,130200
5,248500
11,409500
134,430400
5,240900
2,160300
1,133100
1,131300
3,191400
1,129900
4,217200
8,339100
239,1783200
5,247200
8,323400
3,191300
22,694800
3,188700
39,1237800
6,268800
3,210800
1,132300
242,1649400
3,196400
1,132000
8,324300
2,176700
35,1017300
2,172800
2,162900
1,130600
3,189100
3,197900
1,133300
121,1826600
3,191700
2,170400
194,401500
4,216300
6,275700
160,1115600
6,271900
17,564300
1,136400
82,670200
2,158500
7,291100
1,132800
3,198100
71,383900
16,535500
2,162000
487,1695000
19,750600
132,603900
5,263400
1,136600
6,274000
2,177900
2,163800
1,133300
4,218200
3,190400
5,242300
1,137900
1,155900
4,223700
52,1457200
17,553700
1,133000
2,171100
10,378900
6,269400
62,131400
4,217100
1,139700
1,133100
24,745300
277,967800
2,172200
49,1552900
4,273000
84,740900
1,141300
1,133400
2,154900
18,584700
5,241900
13,450900
2,160400
1,144000
1,133300
2,189600
4,218800
71,377000
2,185400
6,333400
7,320900
1,140000
2,164000
30,1168100
1,131800
66,246500
1,140300
20,638000
19,603000
285,1255200
1,188300
109,1501300
2,167300
6,271400
1,131300
3,193000
1,133800
5,264400
349,1287100
45,1301400
91,905300
1,134400
1,139900
4,209000
43,1232900
27,839700
4,216000
1,136100
40,1462300
1,138600
1,144100
1,137500
2,179600
2,185100
97,1059400
8,319600
4,215000
1,137500
1,138700
2,185800
2,163100
1,131200
68,298400
2,162800
1,131000
3,182000
28,851200
18,579600
44,1729200
212,879200
2,159600
43,1413700
1,126300
24,732100
12,442600
1,139600
1,134300
3,189900
2,163200
6,274000
5,242900
1,133400
40,1207400
29,864700
1,139500
15,501000
5,242200
2,169200
4,231700
2,174600
4,227800
1,140800
49,1399000
1,202100
29,971600
1,136600
1,136700
4,254300
3,191800
12,423400
22,713600
7,297600
1,128900
13,454900
1,132900
4,215800
49,1382400
1,158500
3,202100
58,1685700
1,132900
149,829200
1,134800
2,172000
10,370200
1,138400
5,267700
2,161000
615,2089800
16,541800
1,157500
3,209100
2,194600
61,1833200
1,144400
24,735700
1,134400
3,188400
3,200100
2,160100
1,131900
9,389500
3,187900
1,132900
1,131700
6,269200
2,169600
3,187900
35,1036800
3,190300
124,163800
5,305800
19,692500
2,166000
34,1013100
122,1703300
1,133100
2,163500
2,170500
37,1121900
1,131600
2,163800
1,137800
4,216400
16,535300
1,133200
1,133000
2,164900
54,1721000
1,133000
6,276000
5,243900
64,192700
1,132500
2,214300
66,273400
45,1393600
6,268600
2,165000
58,2125000
4,228300
1,130800
1,135000
5,233700
8,316600
1,134800
3,192300
11,398500
1,131400
520,962100
1,131600
20,627200
499,415100
155,1016100
2,164600
5,328500
1,180600
4,343300
34,991400
1,134100
2,178800
1,134100
2,163800
26,800200
1,132700
4,218200
203,768200
8,345200
5,262900
1,135500
5,240100
1,128500
5,241600
55,1589100
1,134200
2,194100
2,163000
30,903900
1,146200
5,244200
1,134800
23,767700
1,157200
1,128900
1,165800
1,186300
3,228300
2,164200
98,1083500
5,250500
8,327000
5,242200
5,246800
5,243000
1,131500
4,218200
7,293900
1,135200
20,670300
2,164600
171,1379500
1,144900
8,320200
5,250800
3,187600
1,131500
1,132700
12,423000
4,226700
1,161600
4,231800
250,274300
7,295000
14,641100
30,962100
4,216100
6,266400
16,516700
59,1630400
3,181200
30,892900
319,480500
18,600400
1,132900
1,134200
6,277000
41,1193700
57,1596100
46,1534300
1,134300
1,151200
1,133300
4,219100
2,162700
14,472400
2,170100
36,1059700
1,137300
47,1431500
2,165000
8,319400
27,964400
1,134300
129,302200
85,750700
1,133100
1,140100
2,164500
10,377500
76,507500
6,270200
64,208500
3,245300
6,282300
3,237700
30,889700
1,134000
373,304300
47,1337400
1,133400
14,486800
1,133300
2,161100
1,128000
3,192200
1,156400
1,135500
6,267200
172,1436300
26,859400
2,160800
14,474400
29,872700
5,248700
36,1191000
1,125500
17,536300
414,1594100
3,267800
2,173600
1,134800
15,519000
31,946500
1,139300
1,131400
4,223700
152,887900
59,1659600
9,345700
1,140000
5,243900
1,131200
1,131900
95,1206400
15,511800
2,163700
34,981500
421,1568700
119,1662800
6,269600
1,131700
6,266900
28,887600
1,132500
1,131200
1,146600
1,136600
36,1120100
5,257400
5,242600
17,678300
4,222600
1,134600
174,1470700
2,160700
13,449300
41,1197400
1,131300
6,272900
8,346600
4,231100
4,210800
1,131800
519,922200
1,133200
6,269400
59,1715900
12,416600
18,690900
1,148800
3,228500
191,325700
25,772600
3,190700
1,131000
1,133500
2,169800
1,133700
5,241000
3,187400
36,1266800
441,632600
1,133500
1,134000
1,134700
1,132400
1,141000
1,133300
3,190700
2,169400
1,129900
4,216100
2,162700
14,476900
323,660100
133,402600
6,268900
45,1353700
2,191400
5,252400
1,132600
117,2050800
5,245200
9,346500
85,757000
2,169200
3,190600
1,134000
40,1160200
2,169500
188,249000
1,138400
30,882600
1,127300
4,224800
2,163600
2,163500
2,162400
14,475100
45,1439800
1,146300
1,170600
19,642800
1,132500
23,730700
1,133000
12,422100
27,804200
6,288100
16,530200
38,1118000
308,1878500
259,519000
2,170000
39,1167500
1,136500
3,190500
3,237000
35,1286800
1,129900
332,824900
2,162500
5,248100
7,291400
1,132400
2,163100
45,1288400
4,217300
5,291100
74,626700
2,178300
35,1067700
1,132500
1,134700
207,747600
1,130400
3,196100
14,473900
1,116800
1,123100
1,124300
8,313200
1,122300
1,174400
43,1344300
6,268400
18,582900
1,139900
5,242800
2,155600
74,446900
4,219000
8,318500
4,229700
21,654700
1,138500
8,322300
4,218600
2,179400
6,279000
89,842300
55,1589500
5,244000
329,736300
98,1279700
73,554800
1,151000
1,143400
1,143100
7,382400
18,601200
29,871400
4,226900
36,1099700
3,193800
2,167800
21,706900
2,160900
21,656800
1,133500
3,189400
4,213800
1,132600
11,414400
6,268200
4,215000
6,268200
18,606600
2,169700
3,188300
90,1119100
3,201500
1,134300
185,1757200
7,294900
1,133200
1,134700
1,136400
3,199700
5,243000
1,129900
27,838000
19,627000
1,134000
2,168600
2,162900
16,556900
92,1069300
1,138900
6,270900
1,138500
50,1485500
4,216800
11,430800
3,232000
1,135100
25,768000
17,551200
3,190400
3,193500
27,815000
2,173500
2,163000
22,696000
1,134300
94,998100
2,163300
10,369700
11,398600
1,125600
4,217400
11,398100
21,669900
5,243600
1,134000
6,270500
16,531800
13,658400
53,1517400
4,228500
2,163100
1,133700
6,266900
1,162900
1,178200
2,169700
56,1700700
4,218600
47,1353300
2,164200
22,682200
34,1052600
3,198100
1,132600
16,524700
1,132800
28,1191600
1,133600
11,401500
27,840200
1,132600
1,130300
2,170700
3,232300
1,132000
2,165200
36,1100200
73,426600
2,170100
2,162600
8,321600
17,556400
3,196700
33,987700
1,134800
5,244700
2,162900
3,198100
1,133600
1,132700
25,781100
1,127100
1,143400
5,272500
2,163600
6,265800
4,263900
1,125100
8,376400
8,327400
4,215400
4,217000
1,133900
3,262200
31,911500
42,1227800
186,192200
1,133200
1,132800
64,193900
4,216900
20,630900
1,139400
1,135100
2,164600
2,163800
26,783200
6,270200
1,137000
5,272700
3,199300
5,254700
1,134700
1,158000
1,167200
2,162900
2,201600
1,154000
2,188200
483,1583300
138,602900
63,167600
6,276000
4,222300
480,1579000
3,188300
4,214500
1,154400
45,1356700
2,164100
3,189300
2,160300
270,796900
10,371700
2,174300
4,217300
39,1480500
2,172500
1,134600
1,132300
48,1351700
1,130900
5,254000
5,242700
4,215300
382,543200
5,243500
9,347500
2,161600
31,937500
338,969500
1,138200
30,892800
271,824600
3,217200
38,1326100
1,148600
2,234700
29,884300
4,320700
7,314000
3,194100
1,133000
67,273700
35,1026600
5,250300
2,164300
15,503200
22,697000
1,133000
2,168800
16,539600
1,134000
1,134300
3,199800
1,133500
428,1771200
64,203200
19,636700
51,1616300
13,450600
1,132800
5,241700
1,132100
3,190500
258,553200
121,1660700
1,138500
3,193400
7,293600
71,394400
5,242300
1,131000
5,241200
20,850100
5,295100
113,1470800
1,132700
173,1639900
3,276000
68,358600
2,193200
2,157000
1,160400
3,252600
32,1027700
33,1381300
1,144900
4,225600
2,155800
1,141200
5,247200
2,164900
17,573800
19,616400
4,221300
1,135500
1,133400
2,164600
1,129500
14,476100
4,215900
1,144200
16,526500
1,162100
1,157000
10,417800
3,224400
304,1717900
3,191300
4,239000
1,162400
1,137500
2,225500
29,1065000
256,433500
1,131500
3,193800
10,380500
3,192000
2,163300
1,135000
263,621400
2,156100
1,142000
10,378800
2,161900
6,272500
3,205800
39,1194900
530,1418900
1,159600
1,143600
19,611100
1,132200
5,241300
1,133600
17,559400
381,530100
1,133000
6,269100
1,140600
2,163000
4,215300
1,140600
67,274200
6,277300
48,1354100
5,267800
1,133900
4,230700
12,422600
210,825200
1,133100
5,280700
1,162900
5,273000
4,275800
301,1892400
1,136100
107,1327100
12,441100
21,669800
85,765400
4,227100
6,277000
472,1298100
15,515300
1,134900
1,132000
2,170400
3,187400
2,162800
1,132000
4,215600
1,137900
1,132500
9,349700
2,163200
312,305500
1,176800
1,137800
1,153600
8,332100
5,281400
7,306600
33,1004800
1,132000
129,305000
5,251900
1,133100
40,1165100
4,218500
1,133400
2,180000
17,697700
1,167600
124,168400
22,682700
1,131600
3,192500
1,134700
125,209700
1,132800
26,829500
1,134700
22,709100
6,269500
21,782400
3,197400
1,168800
2,200500
10,387000
4,216200
4,216200
7,298300
114,1499300
1,131500
2,163900
1,132900
349,1260600
3,192100
1,140100
4,217400
4,215200
1,129900
239,1595900
1,134400
1,136900
1,134600
6,269500
3,188000
2,162900
1,154200
16,755900
45,1636000
6,270400
8,319000
17,551100
2,171500
144,711100
8,321000
3,205200
6,279800
2,163500
8,322300
2,163100
3,196800
108,1324300
4,228800
7,301300
93,941400
1,138900
6,317800
6,268400
29,1020100
14,458800
30,911000
1,131600
1,131600
1,133900
47,1416700
1,136700
156,1025000
1,131200
22,751900
5,258600
24,746900
3,191700
4,214900
1,133700
5,241700
21,660300
1,132400
1,171700
1,134800
1,139900
1,134200
103,1528700
42,1264100
84,730100
24,736500
4,238300
2,161900
117,1561100
1,138500
3,201600
1,131400
6,269900
41,1164900
42,1229600
2,161800
2,161500
1,131700
2,162900
3,188000
2,230100
301,1902400
7,304400
84,717400
3,192500
3,189000
1,131800
6,286300
27,817400
92,922300
14,509000
21,673400
3,191600
19,609100
8,339200
1,133700
6,272100
1,150000
106,1309200
1,174600
4,258200
12,589700
62,135200
2,162800
2,162600
4,229200
4,217500
1,133200
18,599100
5,278600
1,131700
123,1723200
30,971200
5,243100
10,377100
6,274800
59,1756700
4,216900
1,132800
1,132900
2,164000
2,163100
10,371800
35,1152500
1,148500
1,145300
1,139300
1,130100
50,1416100
45,1275200
10,386300
1,142600
1,135000
1,132800
38,1100200
1,131800
12,430800
6,265900
1,130000
13,450200
53,1520900
35,1150000
5,287700
3,204400
1,130700
1,131900
4,216100
4,215200
31,1144000
3,210800
123,1722500
1,141700
4,218500
26,782700
1,135200
72,408900
37,1099900
3,189000
4,213400
142,638700
1,133500
3,191300
22,686100
23,868900
123,1703600
1,134600
7,322500
114,1484500
14,507100
5,244700
2,162100
2,162600
1,132300
10,370200
20,633900
1,133300
8,452700
3,218000
3,198400
1,144000
2,159900
95,1061100
51,1620900
6,270500
1,131100
18,580800
2,163300
130,326200
2,170300
2,168200
6,271300
1,137300
1,132200
444,559100
71,377100
3,189700
9,357100
223,1160600
2,161700
13,444400
1,139200
1,133400
1,132200
8,322900
26,821000
1,140500
12,434600
3,189600
2,168300
1,132200
1,134400
1,134500
116,1788100
4,217800
1,133500
3,238100
1,126600
1,133400
29,872800
4,231600
29,949300
11,436700
4,223800
2,164000
38,1091500
5,247700
8,336500
5,252900
52,1457700
3,183600
1,140000
1,134200
2,166900
4,222900
4,285500
4,308300
1,178700
1,161900
24,755300
1,132900
57,1633600
1,131200
1,133900
14,474100
7,292800
22,718400
38,1087200
219,1066100
2,163100
1,133300
1,131500
2,173200
7,299600
1,138900
1,133900
134,490800
1,141000
1,143100
4,221600
244,1869800
6,267900
1,135800
5,237500
1,140900
11,397800
1,138700
87,790200
1,132900
7,297400
354,1393900
59,1706100
28,867000
7,301300
4,216400
15,531200
3,190100
1,130500
2,164800
4,266300
2,210700
23,766200
27,817500
48,1403000
143,666800
2,163100
3,193100
12,425900
1,156300
2,191500
35,1247200
6,271300
1,132500
2,165000
110,1379800
6,269100
1,132300
1,136000
34,1087500
49,1441000
26,790300
263,714900
1,132500
15,497500
2,161100
1,139200
2,163500
9,353300
337,964300
14,471900
2,165000
5,243500
13,455500
1,132600
2,162400
3,189100
1,132100
1,132500
58,1590000
16,561900
1,166700
3,207500
41,1352600
1,132500
2,163300
10,371800
4,215700
3,191200
2,187200
1,133100
28,838700
1,132400
3,201500
1,154500
3,191200
15,542500
1,132600
36,1204200
1,123300
13,452400
12,445900
5,241500
244,1923000
1,193900
11,525300
1,132500
5,253800
73,429300
3,197300
13,447200
5,258000
3,191500
9,355100
95,986900
2,163600
1,163900
2,165800
176,1528300
3,188400
45,1446900
3,191800
6,267000
2,158200
34,1019200
1,156900
1,149400
2,201500
3,192600
6,412700
9,349600
42,1211500
23,741700
2,188100
40,1156600
3,189800
1,131800
16,537400
2,167900
2,190400
41,1410900
1,134200
1,132700
5,247000
2,162100
2,163300
4,213900
8,327900
6,270700
1,133800
6,270400
1,134400
1,169100
1,185100
1,188700
2,245700
4,228300
2,165300
9,352000
4,219500
1,145200
22,733200
2,157900
2,170200
33,1025300
1,127600
4,208600
1,165900
271,1092000
1,162500
14,615700
94,1271100
2,203000
12,595400
2,206200
10,486600
14,648500
153,1228500
28,866800
1,135700
30,909100
2,164700
1,149100
2,167000
13,457500
5,253600
4,218400
26,804500
93,954000
7,304600
2,163400
2,164400
1,131700
13,631200
405,1319100
11,506100
4,292300
5,241600
1,134900
5,245800
1,133300
2,166700
4,216500
125,203400
4,217800
62,132800
12,435200
2,160800
1,132100
14,556500
14,530200
1,141000
5,249300
14,483100
12,449400
32,952400
4,220500
1,134600
43,1285600
3,200400
1,136700
9,350100
1,132400
2,179100
1,161600
1,126200
9,358300
18,579500
114,1538800
1,134800
1,140300
2,164300
2,164400
1,133000
3,189600
58,1954500
1,133300
1,134500
1,139200
3,187700
3,190300
1,138600
239,1553900
5,250100
40,1155200
2,267300
453,1088800
1,140100
1,134800
4,214900
1,134200
1,132600
102,1202700
5,248900
22,681400
1,131900
2,163800
116,1563400
6,269400
4,217100
25,762400
1,134400
23,718400
49,1389700
2,164000
1,148300
2,199900
2,220000
8,536900
23,713200
1,132600
1,138800
22,687200
241,1630500
5,242300
4,229200
126,265700
22,678900
472,1295300
2,164000
1,133300
1,133200
139,621100
29,871700
216,1078100
5,365900
1,161400
2,170300
451,739200
23,707500
2,165100
4,222700
1,140400
1,138600
1,134200
7,298600
7,319500
3,194100
10,381800
2,168200
236,1562300
1,134200
2,203600
5,251200
1,135000
19,602400
1,133900
1,132300
4,213700
19,603100
4,222100
5,246000
20,627700
4,310900
83,1000800
2,165600
9,343400
1,171100
3,192600
2,162700
6,275500
13,457500
1,130900
8,317400
9,351900
39,1168400
3,189600
470,1266400
4,222100
1,131700
6,269200
1,131400
1,134000
153,928200
3,189900
1,144900
5,267600
2,162200
18,579700
41,1421500
69,333300
1,129500
16,645600
2,202000
49,1452300
350,1341400
3,190300
388,699400
83,709400
8,320800
135,464300
9,355600
1,134000
20,706900
275,965600
4,326000
2,236800
56,1614900
5,249500
359,1583600
1,132600
27,822200
19,599300
31,908500
1,138800
1,133900
20,701200
4,222800
4,256800
271,848700
1,140400
1,133500
1,134000
3,190300
1,139700
3,273500
1,192200
23,765700
13,449800
3,192200
14,498600
1,130300
5,241900
14,489000
1,132500
1,133400
9,433800
11,398600
62,133200
28,850800
3,182600
4,216400
2,163500
21,659900
2,166700
1,133200
6,266900
3,188100
196,452900
1,138300
371,1834600
21,947300
20,659300
43,1244500
4,218100
1,132700
323,583900
6,274800
5,257700
3,206200
2,200100
22,919400
290,1788200
6,343900
27,1134100
4,268900
15,668200
149,1198300
3,232400
1,158200
6,345000
1,156700
1,160900
25,1134400
1,161600
1,177400
10,535200
1,180700
11,494800
17,563500
16,530000
23,725500
1,133500
381,573200
6,274600
3,191700
1,145300
19,620000
1,149600
2,183700
5,283500
1,133100
4,262900
1,138600
1,159600
1,139200
27,862700
12,429200
25,759200
1,131200
145,727100
28,847600
2,164200
1,130900
1,133300
1,304300
6,358300
139,575900
2,160100
161,1364200
8,329800
3,237200
1,146000
4,220400
3,187700
2,188900
55,1935200
3,189100
13,447300
1,130900
1,134100
4,216600
2,198500
2,170000
2,163300
14,482300
69,326000
5,243400
4,218200
3,265700
13,465400
1,138800
31,1089400
14,512700
14,494200
38,1449200
29,927000
7,308200
11,496000
1,134200
4,222100
3,193300
3,190600
27,844700
1,133300
8,354100
1,131100
4,217500
20,634500
10,368300
1,133600
10,385200
1,127000
2,165200
1,138100
54,1519200
3,187900
4,213100
2,162100
245,1739300
2,162200
10,407600
86,867700
81,648800
22,814100
4,227200
3,185200
3,199100
1,134400
2,163000
6,283600
1,132900
1,134400
12,424900
5,267400
1,124900
3,191200
15,509300
38,1094700
1,134700
2,163100
1,140200
578,1102000
5,236700
4,263100
1,165100
30,1181600
1,149100
2,159100
42,1223500
5,241800
4,218700
8,337700
1,131300
12,434400
3,192000
24,953300
12,427200
1,133300
14,488800
27,980900
492,2082400
6,295200
18,591700
1,186500
44,1351200
1,142800
1,136100
14,479500
4,210100
7,293800
36,1079100
26,803800
30,884400
1,151500
18,579300
1,139300
5,241900
15,500500
95,1015900
1,131700
5,248100
19,615900
5,243100
1,138000
2,161900
17,714100
1,174300
72,455500
4,215900
3,204700
47,1345900
1,132800
1,133600
1,133100
1,138400
1,138400
42,1391800
15,508000
112,1424500
24,738200
1,135000
2,156400
36,1069000
3,189700
1,138700
17,628600
1,128200
10,366000
1,143600
108,1339300
2,164000
2,169900
1,130400
2,164400
18,580500
1,145800
1,133500
1,138700
1,133200
19,601500
10,390900
230,1395100
1,132200
3,190800
65,224400
9,345600
16,575600
32,952500
38,1225600
6,342200
5,294600
1,146500
4,236600
2,151500
6,274300
2,174500
1,134000
1,134200
1,134300
6,282100
1,126000
5,245900
2,170200
7,377100
1,132900
149,821800
5,277600
6,269900
81,659800
2,163200
32,944200
2,171100
24,740500
2,165000
7,298400
24,745300
1,139800
1,132900
3,196700
110,1514000
39,1130400
11,395700
3,190000
1,131900
1,134500
13,462900
1,132400
7,294200
1,132800
3,185900
4,221700
2,172200
1,133000
1,132900
316,416600
206,835600
1,139400
5,298400
1,168000
5,253600
23,712900
1,134000
1,133300
3,190600
5,248400
3,178800
84,726500
7,285400
1,134000
2,199700
6,370400
1,150000
24,1019500
49,1402900
4,224900
39,1103600
2,162100
3,196800
7,291200
1,145600
96,1046500
1,134000
40,1152300
4,222100
1,140700
5,240800
65,225700
2,162500
1,130400
14,483200
1,141400
22,894400
4,217900
2,191800
9,355000
5,243800
6,339100
3,241800
594,1507000
1,133900
9,349700
1,132400
30,909100
11,401100
1,136600
3,191600
58,1690400
1,134900
4,219500
49,1394800
4,301900
1,124700
3,195300
12,473000
2,170700
45,1275900
1,132100
8,346900
1,135000
1,133800
1,149000
3,198100
1,135200
1,133900
5,241800
3,188200
1,133100
1,133500
2,169100
339,1012900
57,1634500
4,232800
43,1405800
4,215700
1,132700
82,834800
63,199800
4,217000
14,483100
6,260200
1,139200
94,984200
1,134200
1,134000
5,244000
53,1548200
22,685600
1,139500
255,441700
3,201800
5,248400
6,274900
66,238700
38,1100800
1,139200
80,622600
1,139500
1,155000
6,275400
1,138200
1,165000
29,1140200
2,164300
3,189600
11,409800
1,133000
312,319400
2,226200
2,172400
2,161400
1,132300
5,251200
5,328100
5,309900
4,226300
6,280800
1,134900
8,319600
1,132900
1,139500
2,164400
13,467800
73,422500
19,620400
2,162500
2,162100
1,145300
1,143100
1,128400
106,1284500
1,135400
22,914100
50,1463500
1,132700
146,741800
3,190500
65,221000
12,427000
29,865200
47,1334600
539,1439500
1,134400
10,383300
3,188200
2,168700
84,725200
1,133600
8,423300
2,249400
248,259000
11,444300
3,198500
3,191900
21,663500
3,199300
179,1611300
23,755500
2,163300
306,1862100
1,135300
9,466800
1,135800
17,557300
117,1605300
19,807300
201,608400
2,163900
183,1693900
3,189000
2,161700
210,828200
1,132600
227,1389900
4,220100
1,125300
2,165100
1,140800
4,223600
482,1678400
1,133100
35,1030400
3,191700
3,301800
8,524900
3,228400
92,944600
4,218900
1,141800
398,964300
35,1072100
5,250700
11,436400
396,896500
1,132500
1,141800
1,133800
1,133000
2,165300
9,348300
3,187300
45,1282300
1,133700
1,134400
1,133000
11,405700
107,1928600
22,683400
4,223700
36,1054100
567,605400
17,570300
7,297100
11,400000
2,170900
613,1821200
6,267600
1,136900
2,177100
2,163400
3,193300
7,296100
6,272000
35,1044300
85,987500
3,190700
1,133000
2,165100
35,1087800
113,1483100
5,257500
28,832900
1,140700
1,150400
5,286600
4,276300
1,154700
6,308200
2,183500
1,129800
167,1294600
6,281200
6,338900
134,441900
5,266100
32,1102200
1,135500
23,738700
34,996800
270,798900
2,169200
1,148500
9,349500
1,137000
13,461400
1,131300
2,163300
3,189600
3,190700
1,146900
14,481300
1,141400
18,593600
1,131100
4,217200
1,132400
6,266100
49,1438100
1,130200
1,157800
2,211800
271,909300
24,736800
103,1438100
1,133900
1,145900
2,177700
17,552100
189,297500
9,362500
5,254100
2,229300
195,451200
101,1227300
3,193500
290,1353600
1,134100
35,1083800
2,195000
6,276400
1,144700
6,342900
3,225600
18,588700
2,160100
3,267500
3,203900
20,658500
1,134800
2,164800
2,161900
5,245900
1,209600
16,540800
1,134900
4,225300
39,1162000
1,133500
2,163500
6,289100
1,138800
440,469200
267,894400
1,145600
5,269200
1,134000
1,134600
584,1247200
62,158600
4,237300
64,194500
3,192000
5,244000
2,157200
2,188700
81,651400
3,209200
2,163200
2,164100
1,133600
177,1603000
1,138900
3,188900
7,295700
1,133100
149,814200
7,311700
30,880100
32,946800
2,166400
2,171300
11,405800
3,191100
6,402900
1,182400
2,231200
9,361500
1,133200
1,135000
2,161900
1,133900
1,132900
1,139300
12,423400
1,132900
6,270200
377,493400
2,181200
195,440800
161,1158600
1,124600
38,1109500
1,150500
5,245300
465,1233700
2,164300
1,133800
6,272300
1,132100
9,348900
509,672300
24,824200
2,172400
1,127900
4,229900
36,1059000
3,189800
3,189500
1,151700
5,289600
1,133400
2,161000
15,501300
1,134500
4,214800
16,531100
20,639100
19,603700
26,795500
58,1978800
31,974200
124,194800
2,161700
17,588800
1,130400
5,242000
7,294400
2,162500
15,529100
46,1292100
4,216300
2,168900
83,677100
23,705000
1,133400
1,134000
57,1581000
17,566000
4,215700
1,133200
2,163800
12,428800
3,187900
12,422600
1,132400
1,131600
291,1447000
1,134000
77,542800
1,133600
12,414700
23,749100
34,1150900
6,308200
1,132000
1,133100
5,233100
2,162000
1,138700
3,196300
1,144000
22,710800
5,297100
4,221600
6,265700
2,162800
23,734500
244,2004800
2,171800
2,158700
138,536900
1,149600
1,151200
1,134000
1,141300
1,135200
6,271900
77,532000
26,794400
26,863500
1,129700
2,163800
73,425600
5,239400
2,162200
3,197100
1,131300
1,132300
2,169600
1,133300
56,1597200
3,191300
17,551700
133,460200
10,399900
1,141700
43,1514800
5,266600
5,256600
5,240500
86,775500
2,185300
12,434000
44,1350700
163,1179900
1,132100
189,272300
4,216000
1,157100
31,924500
1,134200
42,1211900
22,875300
1,131100
294,1419800
55,1545200
1,132700
10,389800
507,625700
5,242600
5,248300
14,470500
19,736200
563,628300
3,230800
4,237200
51,1466300
13,454800
1,133000
72,491300
2,169400
13,561100
1,150800
2,163900
51,1451100
3,191000
1,132200
1,131700
2,161600
61,1710900
2,165400
3,189200
159,1081200
1,133100
17,560900
4,216000
24,763400
8,318200
224,1185100
6,325300
6,287800
11,419900
209,794100
2,184400
2,173400
109,1471500
10,376400
166,1299200
27,817000
31,978200
2,165000
3,189900
11,408300
6,269900
42,1203300
1,132200
34,1244500
1,140800
189,276700
6,266300
5,242200
1,133500
9,346600
23,753400
1,135100
3,191100
1,139000
183,1705900
4,216100
2,163400
1,131300
55,1540500
2,163500
1,145700
46,1440800
2,165300
275,1009300
1,131000
18,594700
91,900200
3,189600
1,131700
30,901100
6,274100
2,161600
1,160000
9,350400
45,1278300
1,132100
5,244600
11,397800
13,446200
3,194600
1,132300
3,189000
96,1038300
2,168700
8,326500
17,554100
3,190900
1,160200
6,333700
4,225800
1,123600
4,272100
6,274900
5,240300
3,188800
4,227200
3,193900
4,216900
4,219400
7,294100
190,313400
178,1749900
3,205800
304,1659800
6,283300
3,190500
1,132300
1,134000
155,999000
10,389300
1,132800
6,272700
11,420100
1,176100
103,1389000
6,271100
11,452500
1,135500
1,133400
2,166100
5,244000
1,135200
5,245100
7,286400
1,127000
1,131100
1,133900
32,953000
9,354200
5,241100
2,194600
217,993500
75,487200
12,422200
2,162800
1,130800
2,163000
12,431200
156,1009500
81,784900
1,135400
1,170000
4,236300
3,189700
17,627100
1,139700
22,679800
245,2336700
4,220400
163,1174400
22,740000
1,133400
2,164200
1,143500
4,218600
1,131900
2,162500
1,139200
1,132900
241,1822500
1,166300
31,974500
169,1339500
6,276500
12,432100
4,215400
5,241300
2,168100
1,131500
3,190200
2,161800
3,195100
22,700100
2,173900
3,251900
1,158800
1,144400
101,1237500
2,163400
18,581200
1,132200
1,134200
26,793700
2,198900
2,154600
3,171700
2,173900
15,665800
1,130000
52,1481200
2,200200
1,143800
43,1267700
1,134700
238,1592500
1,132400
3,191100
21,682200
1,133200
2,164700
1,139900
3,234000
4,218300
6,268600
6,267800
6,289200
2,174000
1,152400
48,1429300
42,1450600
35,1035900
6,265900
4,224000
1,140200
2,163600
6,264200
40,1171700
27,1086800
2,162100
4,232400
1,131300
9,353600
2,163400
28,849500
99,1272300
96,1088800
2,168700
4,229900
2,164100
31,967500
38,1150700
1,134400
18,576200
27,814800
224,1174800
1,133800
1,135400
2,202100
1,157500
5,283400
1,153000
1,157300
5,277200
30,982900
6,305700
3,188000
70,441800
3,184300
2,167500
250,275800
1,127900
1,148500
3,190600
1,132500
8,326000
2,162900
2,163400
1,130500
11,400300
57,1619000
1,132700
15,510100
1,134100
26,808200
6,282800
5,243600
6,270800
33,989700
50,1506400
33,1319900
7,298600
5,249400
25,756200
1,137400
1,141500
2,163100
28,860500
14,473700
1,143900
2,199400
2,170800
1,133900
7,292400
9,354200
3,188500
130,323500
3,188300
42,1222400
1,137500
2,163500
2,178600
4,211000
7,309700
1,131400
17,559500
2,212000
1,180100
33,1136700
473,1389700
1,144200
1,134400
4,273900
1,127400
1,131100
1,138500
3,204300
7,343000
6,271300
1,140500
5,242800
2,163500
1,137100
7,295500
148,869300
1,132500
1,154600
6,275200
36,1102400
3,202300
4,216800
20,811300
2,196000
3,259600
1,155400
28,981700
1,131600
63,165600
6,264800
1,138900
4,233400
26,782200
1,125600
1,125600
63,168400
2,162500
1,132000
110,1436500
43,1218300
1,132400
127,252200
1,133300
1,132800
19,604100
1,139400
10,373800
1,131900
1,133500
5,249800
4,209100
2,163700
5,240100
64,189900
13,676500
24,794400
3,183300
1,132800
12,434800
1,147800
56,1543600
1,159000
4,258100
4,262400
1,139600
82,674100
34,1004300
120,1671100
1,136800
37,1087400
1,132000
1,133800
1,132200
2,170200
28,987100
1,134300
6,271200
1,155400
6,274900
2,219000
4,219200
1,131800
23,707200
1,131500
466,1203100
9,349000
2,164200
34,996000
4,217600
94,994500
2,169400
4,218500
1,133200
28,857300
3,188200
58,1811900
3,240900
2,165000
6,289600
9,347500
173,1449800
31,926300
3,192200
31,921700
1,133100
2,169400
74,478200
52,1477900
4,215700
3,198800
2,161900
1,130300
3,191300
1,132900
13,464900
19,601600
2,215500
1,153200
16,584500
5,233500
318,514700
59,1639000
13,447000
4,227400
4,274600
606,1589600
2,162000
7,301600
20,767100
2,206700
12,577700
1,152900
13,509000
1,138700
4,217100
1,136700
454,891500
1,154200
25,867100
31,1262500
1,133400
2,164100
1,130900
6,277000
7,293400
213,897400
3,186400
1,134400
1,133500
36,1060000
1,140500
1,136000
3,188500
5,242300
170,1366300
2,164400
433,1983100
20,704200
21,664500
2,163400
200,653100
86,1098000
1,183900
4,354100
58,1641300
4,216200
13,462400
2,163400
32,983300
3,254100
43,1345200
1,132400
8,322600
237,1707300
4,217600
3,188300
31,916100
1,134200
3,191100
40,1215900
5,273900
36,1062600
38,1085400
2,161600
5,242900
3,193900
1,132100
6,353500
18,804500
3,210500
16,574600
1,128100
9,534000
111,1831900
4,286800
1,183700
9,357500
1,151200
2,165200
3,186800
1,132100
1,170400
104,1253200
40,1183100
82,680000
45,1299200
1,132100
17,547900
3,197700
1,138700
22,965900
1,182300
13,452800
1,133800
4,215800
4,226700
2,162700
1,132900
1,141400
4,223700
1,139000
1,133300
3,191300
1,133300
26,795900
8,376900
4,221000
3,183700
34,1313100
2,217800
3,238700
106,1801100
7,381800
9,487000
23,980000
1,156200
1,150900
13,583600
54,1524200
10,372600
1,131100
2,166000
2,167200
2,161900
137,545500
15,510600
1,134100
15,495800
101,1173200
2,175200
5,244200
6,267500
1,133100
1,140400
146,751200
89,832800
22,796500
1,207100
4,358000
410,1312300
2,172100
2,164100
5,242500
25,766800
6,262000
5,255600
6,280100
5,244000
2,163000
29,880500
2,156300
4,207700
3,199800
6,278600
3,191600
26,800000
1,133100
96,1041800
38,1130600
5,270200
1,149100
3,230000
36,1083700
69,316800
1,132800
19,619900
5,313100
3,200500
87,790000
3,198700
1,131000
2,169900
1,132900
331,840000
1,133800
7,370900
305,1840900
3,202700
21,671900
18,582400
3,181800
26,938900
1,134000
3,191500
1,131500
3,183000
1,132000
1,127200
77,540000
1,134500
168,1340300
2,162400
25,778200
5,236800
6,277100
1,138600
16,553500
408,1214000
17,552100
18,586400
1,134400
86,766800
2,163800
1,133500
18,639400
23,758000
44,1327200
3,197500
1,176900
2,169500
1,140400
4,223200
125,195600
20,775100
1,135300
3,194500
53,1562200
27,866600
3,210300
1,142700
151,897900
2,165200
2,165000
3,192000
6,332400
1,185600
209,880700
2,154100
21,668700
23,720200
1,132800
1,139600
2,163200
137,505300
1,134200
1,133200
1,133500
7,298100
16,544200
61,1710500
6,275800
12,481100
1,133600
1,132200
6,329400
1,171100
4,240500
4,231400
2,200600
2,165100
14,481900
51,1588800
5,244900
1,131900
104,1224200
2,169700
261,561500
4,229000
1,137300
1,138600
8,319900
1,124600
8,364300
8,328400
9,347700
4,216700
53,1507500
6,279600
2,163800
2,172700
1,131900
26,807300
1,131800
7,294000
11,512500
6,311700
222,1139100
55,1579100
2,171600
100,1339800
3,261000
3,259300
1,139100
2,167200
2,161400
1,131700
8,322700
4,225300
2,163600
18,610400
3,198600
13,465900
1,139500
7,292500
3,189500
22,701300
2,162200
1,139300
1,137800
5,321000
1,175500
2,223800
2,180400
21,703200
50,1418900
3,198500
3,188700
28,884600
25,760400
1,137900
1,132800
16,549500
42,1250300
1,132800
1,133800
2,173900
9,383900
1,132400
20,626800
9,357400
56,1970100
24,745500
1,132100
48,1369100
5,245500
2,163800
1,126200
1,133000
1,134700
2,164000
33,998600
39,1119400
2,162700
2,164000
1,136300
2,163900
2,166300
2,172700
4,214300
2,169200
4,214100
2,163300
1,130600
35,1040200
1,135900
3,210400
1,151400
1,156700
1,132400
1,149100
102,1280300
11,439400
5,234200
1,131100
436,380100
2,191000
78,574100
9,385500
1,148200
2,190000
39,1274300
3,199100
5,251800
64,211200
2,163000
1,133800
39,1133700
42,1217900
554,2077700
1,131000
71,388400
9,343800
1,139400
4,215800
2,178600
4,229100
6,268400
1,138400
2,161300
43,1628400
4,217300
4,236500
3,191600
8,320300
3,190100
22,703200
2,162300
2,168900
1,156500
3,189700
67,278300
28,903200
3,255700
397,1273800
1,135700
1,151200
29,872000
2,162200
1,135300
17,553900
3,215400
6,276800
4,211000
1,133700
1,133700
30,908000
59,1684600
2,170900
2,153200
369,1776800
330,777400
24,987000
18,636200
3,182800
5,244100
7,293800
35,1068800
1,140100
2,162500
215,1047800
102,1188200
58,1781900
6,267200
3,195500
5,246100
1,164100
1,165200
10,378300
1,124800
5,256300
2,206000
135,564500
17,697200
1,133400
27,874700
1,134600
33,966300
51,1508300
1,139900
4,226100
41,1210800
6,268100
198,511100
88,817200
78,585600
6,267800
13,451300
1,137700
1,141000
12,473900
1,119300
1,134000
24,720600
2,155800
1,131000
1,135900
10,460000
2,181200
2,178100
1,136400
67,317200
58,1634800
3,224000
4,254400
8,321600
1,144200
2,161000
17,552000
2,154000
1,124000
1,129700
15,501500
29,864500
3,181000
9,329400
43,1393900
4,290400
1,179300
4,231700
30,899600
39,1135200
58,1598600
1,147900
1,151500
1,128000
559,373600
16,550500
2,170200
1,132100
10,373700
2,161900
7,293100
3,212100
21,977200
1,150000
20,676200
6,365200
1,184200
3,287400
4,220300
36,1042800
6,271000
44,1257000
1,133000
3,188200
2,161300
1,131700
163,1194300
144,688300
2,167400
394,882600
2,163700
59,1674100
8,324500
89,981500
2,188900
1,186400
1,135100
492,1842900
2,165000
3,189200
4,214600
49,1671100
1,153400
2,215600
11,445400
1,159700
251,298300
12,434200
1,130100
198,543400
1,147300
1,131400
22,691100
1,138800
1,145500
11,410100
17,585100
1,173200
107,1425700
8,328400
1,135200
6,271500
368,1927100
5,245700
97,1103500
11,400100
23,715800
2,173400
342,1110600
124,163700
44,1276000
5,245700
20,1087500
1,140900
2,199900
83,750000
2,169000
1,138700
1,136400
24,835800
3,195800
3,194700
97,1082300
48,1474100
5,251400
2,162000
305,1772400
6,273200
177,1832400
41,1352100
1,144500
1,144600
1,138100
129,300900
1,136400
1,135800
10,409200
1,140900
6,301900
2,165000
27,909400
3,266100
70,447400
1,162600
5,293100
278,1233300
1,146100
7,371200
3,189800
1,143500
1,144600
199,578600
2,190300
5,314600
1,374700
27,1262800
627,666000
1,171200
2,216600
1,147900
4,226000
15,585900
221,1160500
3,192200
475,1432600
1,145900
275,960800
6,278300
1,133600
12,425600
24,730800
26,843900
3,238600
5,285000
4,294600
1,129700
1,139600
5,253400
1,131600
10,388100
4,228500
6,282200
1,132300
1,134800
1,126400
218,1049000
2,163000
3,198600
1,132500
2,170300
16,694900
2,167600
11,436400
2,170700
21,669400
76,530900
3,216300
4,215200
1,134200
1,140000
45,1302500
11,442500
129,462500
8,474700
71,405800
3,189500
188,258100
3,193000
44,1264200
1,132200
1,133300
162,1160000
1,141600
10,372100
2,164000
10,379400
1,139800
3,188900
4,221800
21,672800
1,134100
2,162900
6,277300
2,171400
7,401900
43,1292300
1,137700
1,160600
139,832400
1,135200
3,203800
1,140100
8,317800
1,150400
4,242100
36,1078800
4,220300
1,126600
247,1835900
11,412500
35,1006600
1,139400
1,141100
2,162200
3,197900
80,635200
40,1147600
1,139700
1,133100
1,146200
237,1705500
7,308400
3,192000
96,1022500
8,322600
1,131800
147,842100
2,168800
1,133300
23,751700
4,224400
4,215000
1,129700
165,1220300
6,316800
89,847700
1,134000
4,210300
2,164000
4,291200
3,240300
1,148100
53,2115300
10,378000
1,135300
6,273100
2,161200
3,191600
14,474600
2,169500
1,131900
31,911900
10,395500
1,133300
1,133600
17,566200
5,243200
1,130300
4,217600
3,189100
3,187100
1,130000
68,335800
2,170900
12,422400
1,132000
397,1001900
2,246100
2,204800
47,1378800
15,509800
38,1106500
337,989700
151,875800
2,166700
6,287800
122,1733500
2,194200
59,1647600
4,218300
51,1736200
1,132500
3,196600
56,1802100
6,262300
1,133300
51,1653900
1,132000
12,437500
1,137300
30,891100
3,201700
2,167300
3,192700
69,343600
2,174300
8,390100
1,146700
4,223800
1,126000
6,264100
216,1291300
7,302900
2,164200
16,549400
1,132100
2,174800
8,324200
1,133400
1,134700
9,348200
2,165000
53,1983700
4,239700
63,168100
5,243000
7,363500
15,532100
5,244500
349,1264800
4,218300
1,133300
478,1714400
7,313400
270,814800
27,829000
6,269200
6,260900
6,271900
5,269100
8,327900
3,200200
26,781100
308,1834300
1,132100
28,842000
68,312300
5,240500
479,1616900
110,1701400
30,1084800
13,455800
3,192100
1,170200
2,187800
284,1356200
1,274700
29,1097300
5,247300
5,248400
1,153600
28,861900
2,163500
52,2142800
1,141300
1,134000
9,349200
1,131400
25,774900
2,163400
146,765600
5,240600
7,302300
1,134700
17,551500
1,130700
1,139200
21,654300
50,1430700
2,163400
283,1163400
24,730400
1,154800
1,165600
4,327900
117,1625700
3,234900
4,238000
1,149000
1,128600
159,1157000
2,156100
1,127100
3,193200
1,129500
562,479600
2,146700
4,212500
1,123100
17,600200
1,117500
165,1217100
6,269100
2,154900
2,153800
5,249100
133,396200
4,216600
8,319600
2,162600
11,464500
15,810500
102,1201600
20,623800
1,130400
1,133000
88,794500
1,133900
3,235900
119,1939400
10,373100
3,193700
1,132600
45,1486100
1,149300
1,134300
41,1266900
158,1208400
1,134100
5,250300
54,1522800
1,134500
1,132100
2,170600
1,140800
15,512800
20,630600
3,197900
20,671600
3,187700
7,294600
2,163100
2,171700
73,427500
2,163400
33,975500
1,134100
2,165200
1,131400
1,133900
3,190900
33,970500
82,911500
1,137800
3,191900
44,1256600
1,132200
2,173200
381,639800
240,1745800
9,358200
10,374700
5,271900
14,485200
5,237500
26,777700
48,1367500
4,228800
7,301500
3,189900
46,1649500
1,135400
46,1325300
2,169100
40,1152700
1,133200
14,497900
1,135200
2,161600
422,1654300
4,217700
47,1321300
1,136900
1,134000
11,396600
6,353300
6,306700
1,156800
1,137400
32,1033900
5,248800
445,603100
1,125100
11,435300
1,132700
3,191100
1,131500
5,246300
39,1142100
133,422500
3,188500
1,133500
29,860500
43,1255200
1,135600
15,499300
9,344200
1,139200
5,243500
125,192700
3,191800
90,1056000
3,199500
3,189700
2,169400
3,187600
1,131400
5,252600
2,163300
6,265100
4,215500
3,188100
2,172600
3,191400
22,680700
5,239700
2,163900
1,130700
267,1084700
9,478300
6,273700
7,294000
4,305600
12,442600
14,489800
159,1088200
1,135100
1,132500
9,356900
168,1536100
1,135300
439,452200
4,225600
3,184500
2,157600
1,134600
30,944500
3,203500
1,125400
1,140000
10,373300
1,133300
9,354000
168,1304000
4,221400
39,1214800
3,191500
3,190800
15,500200
1,138800
32,1012600
24,971700
181,1762900
25,772800
1,124800
2,166200
7,299800
115,1619800
15,508800
1,132500
64,196700
25,824000
1,131100
2,170700
52,1477300
6,264300
18,738200
3,206800
7,296800
3,190500
5,245100
2,161900
12,431100
2,164600
2,162700
1,149400
1,134700
1,133300
1,132700
7,305600
1,133700
3,223400
42,1199500
1,140200
201,599400
2,164900
2,182000
13,568400
1,160400
9,380400
5,246500
1,132400
10,380900
337,955400
6,277300
1,134400
1,132300
1,131000
1,139800
18,888400
21,671100
6,265300
21,715900
1,140600
9,357600
3,193500
3,196800
3,190500
1,131200
2,172600
8,329200
9,345300
1,131600
2,162800
12,423100
22,720200
23,744500
3,192100
1,131900
1,140900
2,171000
16,529100
2,160200
5,242700
3,189700
76,522000
4,220200
2,160600
1,132200
44,1621300
2,165500
16,563900
12,501800
2,203500
1,149500
1,160700
1,172900
5,289700
2,186600
2,191000
422,2180800
3,238400
1,155300
1,157400
3,236400
38,1544800
3,233800
1,155600
14,632500
25,1072900
2,213400
26,1141000
1,204800
3,226600
7,333800
26,804700
3,195100
1,131600
9,347400
3,188300
4,249900
5,254300
1,131100
2,161800
1,131200
1,150900
6,310700
31,917200
12,435500
114,1656000
5,246300
1,137200
22,718500
1,158200
9,539600
1,174500
5,279200
3,191500
1,133800
194,455500
71,387600
2,161200
1,132900
4,224900
17,609100
7,301100
1,134500
11,397300
247,1882400
14,621700
16,713800
6,273000
9,345900
46,1354900
7,418300
45,1465300
2,170700
38,1187100
3,262300
43,1296400
1,125900
1,130200
12,419000
38,1123300
1,133200
2,164400
1,161900
26,788600
8,320400
37,1097900
6,269700
505,814900
12,492200
433,1905100
5,245300
609,1750800
1,140900
3,190200
18,581700
1,134300
5,243400
59,1635200
51,1525900
3,210400
11,466800
3,218000
5,326900
1,187000
5,295600
57,1575100
14,498100
2,160800
2,162600
2,160900
2,163000
6,267200
461,1025900
4,217900
1,138800
5,242700
6,272800
4,217000
46,1363400
1,137900
47,1348800
2,164700
1,133000
3,222800
3,268900
1,156400
1,158900
13,517800
23,709900
3,191400
1,132600
107,1308400
6,269400
5,261700
24,737100
1,142200
11,576000
1,156200
3,223700
2,165200
1,129000
105,1257200
5,241200
1,132600
106,1285700
1,132500
3,189100
2,161200
15,664400
32,1018600
1,133400
2,165000
1,130800
26,793300
39,1142600
3,207200
1,130700
24,728800
1,138500
3,190200
16,532700
2,162300
1,138400
1,131100
46,1352000
122,1934700
1,159900
1,139300
7,290300
20,649800
4,279300
2,174800
1,143700
1,135400
5,250600
8,326800
3,188100
152,907700
31,932800
1,133700
20,664100
52,1443400
3,189700
2,169600
20,630100
4,216200
6,269100
1,132300
6,291400
1,135300
5,263900
3,227400
83,719900
46,1313500
1,133300
1,130800
5,241500
1,131200
1,132600
6,292200
24,750200
18,706300
35,1834200
6,301700
186,220100
173,1564000
5,231800
5,240800
44,1393000
1,117800
14,469900
1,123100
5,230700
37,1115100
4,210200
1,125300
3,181000
158,1055600
1,142400
2,164700
4,213400
3,190000
1,155400
1,141500
199,541500
3,196300
10,370400
177,1521100
3,189400
1,130400
44,1629300
1,129700
2,167100
1,131000
3,191500
39,1121800
32,966200
6,270700
4,243700
30,1230600
1,134800
1,133500
15,509500
15,508700
5,264600
1,141500
1,134800
13,467000
32,1031800
1,132600
2,161100
1,129300
5,241200
1,129500
2,168100
1,158700
1,187900
3,284000
1,172300
26,849500
1,131400
22,691200
5,247500
1,127200
17,572000
2,168000
8,336300
1,131500
43,1297500
4,217700
18,576200
23,718100
20,669600
1,131800
69,326000
2,163000
4,213800
1,139700
1,134400
2,170900
1,139200
1,139300
5,293400
2,187100
2,213000
1,132300
2,162900
15,522700
1,134600
1,134800
1,132200
92,921500
2,163200
6,275700
80,605100
9,371700
237,1514000
4,243700
2,166800
2,162000
3,196600
2,161300
2,162900
6,274000
11,433900
48,1346200
3,197800
1,132400
5,302000
1,138200
151,937200
70,352200
3,195000
1,132100
1,132000
8,319900
20,634800
9,352200
37,1105900
1,131400
1,130700
2,162700
2,161300
11,416100
1,132000
3,206500
7,338600
1,159200
1,137500
3,198400
3,196900
6,270700
9,355700
11,404400
3,187500
65,219500
1,135900
26,785100
1,139200
164,1523700
26,835300
4,219600
2,163000
112,1443100
48,1353000
4,216800
2,210000
4,224900
32,959200
1,133200
10,371400
3,196800
2,163100
145,733800
2,159600
2,163700
25,761900
1,132400
18,724100
32,993700
7,311800
1,145700
2,176100
101,1261700
14,490900
5,242100
1,132300
8,322000
25,787500
64,208400
1,137000
25,765300
1,133500
63,194800
19,615500
206,716600
100,1128000
36,1169000
156,988200
1,130100
1,132400
5,241300
8,318100
112,1450600
1,140000
4,216100
3,187200
2,163500
2,164600
8,317500
8,326700
1,133500
9,361700
1,133700
6,277200
2,163000
70,349500
1,130800
1,133600
3,197400
18,662700
5,259200
21,733300
64,191800
3,199600
42,1454800
5,247100
7,306200
34,1109100
3,241000
22,842800
27,993700
111,1816400
3,235500
2,174700
16,668700
89,1024600
2,174400
101,1591800
26,1031500
96,1304700
2,202100
1,155900
1,149400
11,522000
3,255000
1,144900
1,162900
329,1061700
6,328200
2,160400
1,125400
2,162500
3,215200
43,1814400
1,154000
2,153200
3,195500
40,1301400
1,137000
42,1219800
100,1156600
4,219800
1,127400
87,823200
10,373700
1,134300
2,166100
64,200300
2,166100
5,262000
65,224800
1,141800
99,1159000
1,136100
2,177200
5,244800
26,803600
3,190000
134,432800
1,134000
4,240100
1,161800
243,1866000
63,175800
3,197500
8,403300
2,182300
4,224200
40,1212000
4,229500
2,166000
3,191800
57,1679300
5,258300
1,139000
183,1782000
1,133200
2,161500
4,228800
4,236100
6,306800
32,982800
139,565600
1,140100
2,160300
38,1131600
588,1275800
4,228000
1,136400
71,383300
1,138100
3,182000
7,386000
80,655400
1,134700
70,387600
1,133100
1,134100
31,929900
17,567400
1,149700
1,182800
2,235000
6,420200
2,172100
9,378200
11,415000
15,502000
300,1592500
80,609100
1,137900
1,132700
286,1224700
13,463500
18,908500
6,289500
1,134700
35,1242700
2,297200
4,340900
4,230400
1,166100
4,232000
16,529700
56,1719400
5,245700
2,159900
1,138800
2,166600
8,337800
510,766700
1,139400
29,857200
5,242300
4,225400
1,131900
147,760800
2,163000
3,190800
1,139300
48,1464900
1,127500
3,211200
50,1444600
1,131300
1,133400
20,805600
20,643500
1,136000
1,134300
11,412500
3,189500
1,131300
11,421800
14,483100
3,189800
127,246000
14,478700
1,133700
1,134500
12,437800
104,1394300
2,165200
434,312100
107,1654800
7,308200
1,127700
2,208100
66,250600
8,320000
1,145200
1,134100
2,163700
6,270500
3,196800
1,132900
2,161900
11,405900
13,448200
1,132200
99,1111200
5,240600
8,327900
2,187400
2,168100
2,162200
2,162600
1,143500
3,191000
41,1170500
1,139800
4,215600
2,161500
1,136300
15,604400
4,216600
180,1646900
1,133400
1,133900
1,131800
2,165200
8,389400
24,833500
373,402900
1,169800
14,495000
28,917400
4,218800
1,131500
2,161300
6,274400
1,151500
1,140200
11,404800
2,170600
20,639100
5,241100
4,214600
80,604500
2,165200
9,481500
2,152300
53,1539100
1,140400
1,130300
1,132000
1,132500
1,132300
2,160700
17,551300
3,196100
2,161400
190,335600
67,271400
2,163100
26,777900
5,248300
24,728600
19,603400
2,162200
41,1206200
1,131800
25,952700
8,420100
18,717800
1,135000
2,164900
4,218900
6,267800
3,198600
1,131900
13,451100
2,164000
36,1046500
1,153700
1,125500
3,189200
2,162000
27,809600
210,826900
1,129900
5,241700
3,188800
4,221000
11,397400
3,187900
440,462700
2,163100
1,130600
32,971400
1,132100
1,139200
12,443600
2,201300
1,167700
1,191100
2,168000
1,134100
29,925200
1,144500
137,512200
55,1556200
1,134600
1,135300
8,345100
1,135600
2,180300
2,206800
9,367100
1,287000
1,150100
4,220500
2,162100
2,194300
588,1304400
2,167200
2,189500
1,141000
1,132200
2,164600
1,131500
1,138900
18,674100
2,169300
9,379300
1,132700
2,163700
1,134400
1,133700
7,303800
1,136400
175,1479300
16,535300
252,361200
34,988200
143,669600
37,1081100
10,380100
1,135800
31,957900
1,130800
5,243300
15,498300
1,139200
2,172500
10,444400
1,189800
2,198300
1,139300
387,994200
26,849200
2,168500
2,161800
247,1760400
3,195200
1,132900
1,132200
1,133700
72,410900
1,131300
28,843400
1,138600
21,661400
5,244700
2,159400
4,215200
32,958200
1,147800
1,177500
161,1443200
129,303100
1,139300
2,165600
123,1728800
10,375000
6,268900
4,223300
585,1090600
3,191100
3,190900
45,1371200
1,135100
2,180300
4,215300
1,131200
1,132800
99,1265900
4,233500
1,131300
9,355500
1,131300
3,190700
2,164200
7,299200
1,139200
23,772000
6,270700
54,1520300
3,189300
5,240900
1,131500
6,269000
419,1567400
4,214500
33,961200
2,178200
1,140700
1,134000
24,776800
1,135600
5,313900
2,169200
73,479500
10,386300
2,162700
263,626300
2,173000
6,280100
2,173400
96,1099900
1,130800
30,1086700
1,134000
1,131400
19,601600
1,133500
2,162100
2,161100
18,583200
8,321300
10,371200
160,1427400
3,192600
7,401000
31,1119500
10,371600
1,133100
12,425800
6,275000
1,133800
33,976900
9,345300
6,268300
2,164100
1,133300
14,495000
1,131500
2,163100
1,131500
6,282800
4,226900
2,160700
2,159700
3,189500
1,130100
115,1506600
23,722100
1,133100
5,249400
1,139500
26,918900
1,141600
2,163400
5,236100
6,269900
3,226500
9,356800
49,1438900
1,131700
3,192700
1,132300
311,277200
44,1249700
3,194800
8,317500
141,681400
63,173800
1,133400
97,1041100
2,163800
1,130600
85,746800
1,132100
1,153700
6,400300
2,165700
1,153100
1,152300
1,162100
75,528200
1,132400
1,133600
2,163500
1,133100
1,130500
8,334000
1,132500
13,520700
6,275900
1,139200
5,239400
1,132100
87,803700
13,460100
43,1315300
1,132000
2,169500
9,356400
14,475400
2,162100
4,215400
1,133500
1,139500
297,1627400
4,324500
620,398500
3,190600
1,137200
2,164100
1,132900
1,128600
1,134000
1,133700
7,302700
1,136500
1,132300
6,270700
3,194300
3,204800
3,190800
386,636200
20,634700
95,1036400
21,669700
2,163700
31,937400
1,129100
1,134500
148,786900
1,133300
1,133500
2,176700
2,163400
365,1932600
2,164000
1,133400
69,441700
2,172700
8,421700
75,569300
16,525400
1,132200
5,242600
1,130700
16,526400
1,131800
5,251500
130,343000
5,245000
1,135000
33,975400
49,1395400
85,744300
2,165800
1,132600
65,289300
36,1278500
27,805000
1,132500
1,134000
2,170000
4,217400
3,196400
1,131500
18,589500
5,240700
2,159200
13,450400
44,1271300
6,268000
2,161400
7,303100
1,131000
2,165000
21,673300
22,761700
9,353700
1,132800
2,163100
2,170700
346,1328100
2,167200
121,1692600
15,505300
2,162300
120,1696900
1,134000
8,329100
3,197800
1,157300
9,352700
16,655800
1,139100
2,164100
1,140000
2,167300
9,356500
33,980500
2,162500
1,131400
3,196400
202,742900
10,447400
1,159100
258,524900
4,258900
57,1731800
4,240900
8,345900
47,1738200
1,141100
2,163300
1,132400
1,140900
2,168300
240,1600900
48,1624200
1,137800
1,157200
3,192600
8,320000
3,190700
1,134000
5,273000
1,139400
12,429600
2,161400
2,162000
2,163300
3,190100
2,193300
17,681400
1,153600
2,172400
1,134200
4,215800
2,169300
6,265700
7,293100
5,242500
1,138100
5,242800
17,552900
29,863500
2,163700
1,139100
4,217500
2,162000
4,225700
309,2005300
66,243000
10,372400
1,130100
18,582000
1,133000
1,134200
17,549000
15,495200
29,865700
1,133100
1,139500
18,580700
8,322400
1,132200
2,162600
6,279700
294,1443000
4,214700
69,333400
1,131300
1,143200
9,348700
36,1218800
2,241200
25,763600
13,447000
12,421800
16,521000
5,267800
1,139100
22,689800
136,491900
4,225000
61,1750500
10,419800
43,1260900
1,138700
5,243900
1,132300
4,215800
1,130400
2,167700
1,132000
4,216100
1,132900
2,161700
1,146100
1,203400
8,351800
13,553900
9,345400
29,902300
1,130500
1,130500
2,164000
1,141000
2,169000
1,133300
7,291300
432,1888300
67,273400
13,454700
1,133700
1,132400
1,130900
78,563300
5,241800
4,214400
32,952400
142,640900
121,1886100
91,983600
1,123200
1,126400
3,191800
6,344100
5,242100
2,155300
3,182200
4,207100
1,126400
299,1528600
2,155400
25,781000
6,267400
5,231800
8,310100
5,241400
33,1004600
1,140600
4,316400
6,309600
12,434900
9,362200
10,456700
60,1697600
4,225000
1,130000
3,192700
22,680200
1,132200
45,1280800
1,132000
7,296000
31,918900
2,163600
43,1258200
48,1731100
5,252000
348,1253700
3,191000
9,341300
215,951200
12,466500
62,130700
28,841300
1,131700
5,239300
1,132000
87,865300
1,132400
7,300900
1,134000
4,215500
1,135800
16,549200
1,132300
6,269300
1,136800
11,415800
1,139800
75,523200
3,209100
288,1467100
9,350800
19,604200
3,196300
8,318100
8,318900
2,169500
33,965400
1,134300
3,205800
21,979200
16,522700
39,1124300
2,186300
3,197700
31,907700
2,168000
38,1237500
1,161600
5,256900
2,164800
3,200600
1,132700
1,144200
1,146600
10,371700
26,802600
1,133200
1,139900
19,623500
2,193500
27,846300
1,133300
2,166800
2,227400
6,274500
20,642100
4,216700
31,1563700
34,1126200
2,164500
2,165400
4,291500
4,343100
1,147600
6,364000
2,185800
7,414200
26,1109400
3,261900
52,2213400
20,709000
4,226100
30,901900
1,135400
12,546000
4,221800
19,625400
1,139000
3,189700
10,402200
15,560900
22,992900
1,125100
3,194000
327,696100
21,679900
1,136600
11,398900
25,1358100
29,860400
1,134400
1,134800
3,191200
6,280200
17,676700
1,131600
6,297400
14,474800
22,704900
5,242300
1,138300
2,164300
2,231100
2,200900
65,314200
1,159200
132,396700
1,134000
1,132900
1,138300
2,163100
1,132800
4,217800
4,216700
33,976700
6,268500
2,162600
8,323800
5,242800
3,190600
1,129900
47,1324600
2,162000
1,138300
1,140500
11,396400
19,616000
191,327700
19,602900
1,131800
4,216500
1,141300
1,135600
4,216300
1,138800
2,162700
61,1839600
2,165200
5,230900
4,218600
1,133500
44,1371900
1,133000
2,166700
1,133300
95,1000400
45,1295600
209,799700
2,161800
3,190400
157,1021800
2,162700
6,276400
72,400300
5,331500
5,376300
1,138300
17,613700
1,133700
471,1524100
6,290600
1,133000
311,348100
1,134300
479,1477600
6,270500
23,728500
77,543800
4,224300
48,1417100
1,131500
73,655500
5,316600
7,378400
2,198800
1,158400
64,243300
2,199900
7,391600
90,1162800
33,990100
1,131000
1,126200
24,729600
11,451800
29,997300
378,426100
9,352600
3,192200
4,223100
2,162400
3,218900
3,191600
1,131500
1,133800
20,627200
4,214400
2,358100
1,172600
26,1367800
5,292100
35,1195000
3,206900
1,157300
11,401200
6,266400
1,132800
53,1592700
1,136800
7,345400
26,807300
1,141300
7,298800
15,500600
46,1303900
603,1872100
1,154700
1,143900
2,163800
7,304200
47,1359900
10,371400
1,133500
15,501600
21,664600
2,164100
1,132600
1,132700
1,141300
4,224200
3,214100
1,153200
4,210700
2,164700
112,1469500
25,770400
1,140000
8,320000
22,889900
46,1374200
4,220200
1,134300
4,223200
49,1507500
2,166000
1,134200
1,137800
27,823400
164,1197800
4,219800
2,161700
152,899200
2,163600
27,819300
2,162900
2,169000
275,924300
1,165500
18,697700
1,133000
4,218600
5,249300
19,605000
1,141500
1,134600
16,541600
12,463100
3,197400
1,132500
28,838800
34,1185100
1,146200
357,1692100
34,1010500
105,1270400
1,137500
49,1688400
1,141500
2,165600
336,934000
42,1189500
1,131900
1,133500
2,170200
1,137600
42,1267800
210,827500
17,588500
49,1453000
5,310500
3,260800
22,766400
1,139200
22,724400
1,435600
1,184100
2,196300
1,137600
1,135700
21,676100
5,336200
9,435500
2,204200
26,787600
94,1022900
2,171700
279,1041300
1,132700
1,133500
137,509100
3,229200
1,134000
6,274400
10,380700
1,147300
3,203300
371,2022800
3,222500
5,363000
31,1003900
1,136300
17,552900
1,134000
2,161400
205,691600
50,1426800
3,189600
31,1053600
2,156600
15,532300
4,307000
6,261100
5,263900
2,169800
3,190300
1,148700
1,128200
230,1446500
6,419600
1,138700
1,133500
3,187900
1,151000
2,162700
1,122600
6,269200
3,235500
15,526200
5,276200
8,325900
1,132300
104,1319400
2,162600
5,242200
13,455700
19,623000
188,248100
43,1243100
1,141500
4,299400
118,1636900
15,509500
4,216700
15,700200
221,1184700
22,683100
1,133000
15,508200
3,193600
26,788800
1,133200
1,140900
18,577200
1,131900
56,1632300
1,134500
1,133300
2,216500
2,235700
1,185300
1,167300
1,157400
13,447200
4,219900
7,309200
4,217900
1,140000
3,196200
5,248400
14,494300
3,191500
2,162300
534,1424200
13,449800
4,212200
1,151200
65,216400
5,245200
3,190900
14,470500
1,132400
4,216200
1,133100
1,148400
45,1323500
2,177100
7,308800
27,877900
1,145700
424,1838900
4,219600
2,164200
1,134000
607,1715000
2,168400
15,515000
1,134900
4,227500
9,347700
36,1041700
3,192000
1,131000
1,135800
58,1660800
14,485300
1,135200
5,240700
1,158700
13,628500
9,341400
1,133000
14,488300
23,738600
1,132300
1,134300
442,514400
6,282700
1,132100
28,952700
4,218800
3,197800
4,218300
1,143900
420,1551800
3,193000
87,869100
1,133000
1,129700
1,131300
3,188500
12,424000
1,130600
5,257000
5,248500
37,1380000
15,511000
174,1541900
119,1663900
107,1332700
15,506700
2,163000
4,214200
1,138100
389,758500
7,294000
2,162300
205,766600
20,716600
29,1039000
44,1251200
3,197300
1,129400
1,132600
522,1011800
1,133700
1,133600
3,194700
8,318700
89,891900
1,132700
2,162400
1,133500
4,215900
1,131700
4,216400
11,395400
109,1362300
1,133000
3,214500
20,645700
2,168300
55,1818200
3,190900
161,1201800
1,132100
1,133400
1,140000
3,189800
28,845000
1,131500
1,131700
12,421000
16,542200
3,227000
93,1245400
1,187900
4,227100
2,166900
11,404200
21,689800
30,1286900
38,1133900
1,135000
2,162500
2,165600
14,475500
29,981500
39,1147600
4,226800
1,132800
1,155100
1,128500
1,152300
32,992800
4,230100
1,140100
2,165400
1,137400
1,132700
2,178900
50,1460400
4,286600
5,350500
7,330000
3,198300
7,328100
1,133600
44,1472300
6,271800
1,134700
206,782500
1,134100
41,1175200
3,190400
6,271800
18,593900
1,134300
31,941200
2,172700
2,161900
22,690500
355,1800100
1,133400
3,191100
14,488400
11,443000
1,133200
28,891500
40,1251800
99,1165000
17,629900
6,356400
1,139900
2,170200
5,250700
4,222700
4,218900
10,401100
1,147900
171,1545200
3,243100
3,220400
1,177800
38,1278700
2,165700
2,160100
2,156600
19,622700
3,189100
10,384100
40,1286200
3,202500
455,932900
1,131400
48,1455400
4,283300
3,205100
12,496500
17,611300
122,2054700
3,175800
1,126800
71,410500
49,1660500
10,504800
1,174100
27,1146100
1,155900
48,1955100
2,197800
1,157100
4,272500
2,205600
2,223100
1,193100
1,158400
1,154300
4,257600
8,394400
6,361200
4,258500
16,761600
2,166400
41,1602400
8,328000
1,129200
8,332500
5,258800
1,130300
28,877200
5,247800
2,160100
6,279900
2,156500
3,246300
1,161600
13,519900
1,165300
1,139900
1,140200
10,388300
52,1541800
2,148900
27,1265500
116,1748600
14,486600
1,121900
6,266100
1,181600
4,218600
32,995300
12,420900
14,532000
3,191200
1,141500
3,187100
46,1363000
1,128800
6,289500
2,195100
21,679900
14,686100
4,232500
1,170000
1,160400
311,311600
10,371200
1,140200
1,125700
8,316700
1,124400
9,348400
2,180800
2,152600
12,419300
2,149400
3,171600
20,629600
1,148700
1,135200
4,228000
1,148200
1,134700
19,653300
22,933400
1,161600
1,159400
256,570700
2,194700
8,445000
1,166700
23,969100
1,169100
2,196500
7,403200
8,423700
2,198400
50,1997200
1,175200
19,1080100
3,261300
4,275800
2,206500
12,554200
95,1434600
1,161100
63,206100
2,200000
1,161700
2,206700
2,207500
1,182200
4,277400
1,163800
3,252300
21,922500
1,172700
2,205100
113,2136000
8,426200
4,281400
6,373400
2,205600
5,327000
433,2626300
9,464300
3,236200
21,923200
3,240300
1,159600
6,375100
6,354200
3,246800
11,546600
3,250000
2,199500
35,1458000
23,989200
1,164200
4,279600
2,214500
6,352000
4,279800
1,163900
25,1053200
14,654000
26,1105800
1,164000
2,226700
3,242000
3,245600
70,492800
28,1187100
2,208400
170,1920200
23,1018300
7,402500
15,696300
1,169800
18,795500
1,163400
14,679700
2,241000
161,1735600
2,211900
106,2230500
1,179500
129,467100
18,690500
2,174300
5,278600
16,713500
1,189600
68,486200
53,1810400
16,546600
1,125500
21,646600
1,121200
44,1827800
3,237600
2,197000
4,290900
2,198000
1,172300
33,1435700
3,249300
1,160100
2,205900
2,198300
2,199600
1,159000
5,320800
11,545900
2,200600
64,241600
23,998800
4,279500
1,180500
43,1742000
469,1789300
1,164200
4,363300
8,484200
1,176700
1,189900
1,186300
2,241300
21,1092400
27,1359600
5,377800
13,720900
1,184500
3,284800
1,191800
8,512500
46,2071200
1,163100
1,147700
29,1009300
16,876500
4,325400
2,225700
2,244800
2,240100
1,169000
27,1164600
1,153800
22,805100
1,138900
1,143900
573,817000
2,208300
34,1317200
1,186300
87,1328800
11,643800
6,408700
7,454800
2,243600
1,162700
2,201300
3,224700
1,152900
276,974300
81,785800
1,135000
7,316900
1,146500
1,135500
17,714400
1,144700
31,950000
4,258700
3,218000
9,377900
1,148200
302,2008100
6,309200
1,145400
20,703100
5,350600
1,156400
2,232800
218,1044500
1,156300
3,233800
3,237900
28,911300
1,155500
4,261400
7,330700
15,569600
1,156800
3,247700
1,156900
4,254600
1,162000
170,1400200
3,210500
2,187000
196,687500
5,226900
2,215000
23,764700
1,142600
1,147600
4,247700
1,292600
335,989600
5,239800
6,316200
315,515600
6,371300
2,178000
6,286200
4,269000
12,453500
2,168300
1,137800
3,196500
8,322900
19,622400
1,151800
1,191300
3,200700
239,1641400
16,576500
299,1613500
66,247400
9,378500
1,146400
2,163500
1,139000
6,274800
34,1025100
2,175600
204,676500
1,135600
2,186600
2,180800
99,1124500
1,135000
4,221900
6,281200
5,244900
3,188600
3,190400
21,659300
164,1402200
38,1214900
3,199100
1,140000
1,156600
385,654100
170,2181900
4,244300
88,840600
3,189300
2,162600
2,170200
398,988100
270,872600
31,1097000
20,742300
35,1103200
39,1234900
6,336100
1,150200
1,148500
7,360800
6,275400
26,800100
6,357700
33,1004900
155,998900
3,200700
5,246300
1,141900
65,251800
2,216500
7,463300
424,2197800
5,311500
10,424400
2,175300
2,191000
174,1535200
1,133300
2,165900
271,809300
18,583200
2,166400
1,133300
10,385300
13,458400
1,133000
2,164200
3,191300
2,162800
24,857600
1,152800
3,196700
1,124200
1,134400
8,372400
1,143000
151,870200
1,132000
1,139600
51,1515200
9,347300
5,243300
1,133300
3,188300
1,130900
6,276300
10,381300
4,216800
2,160200
2,162800
6,268900
4,224700
16,550200
40,1378500
1,146800
222,1570900
111,1440200
4,225300
12,430900
192,357300
1,133400
9,381000
71,378500
19,602700
43,1234600
3,189900
25,999200
2,166200
2,168300
2,178100
7,295400
4,217100
1,132600
8,339100
5,243100
2,170100
5,315800
2,189900
2,242100
5,409500
6,274400
545,1605200
1,130800
1,134100
93,958700
43,1298500
377,406800
1,138900
5,286000
3,196800
1,131700
2,163200
380,505900
6,269400
60,1665900
38,1218900
35,1090600
1,133300
2,161500
6,270300
10,374300
3,189800
1,131800
16,566600
1,133100
15,519500
2,171800
2,162900
4,214600
3,187900
2,161700
24,729300
1,136600
2,163800
462,1026900
5,248200
3,188500
1,130400
296,1458100
25,803000
10,533300
1,124600
1,123400
19,615700
3,181800
196,483900
6,268700
3,189100
18,589900
26,812900
1,132800
58,1609800
1,133800
10,371800
6,266300
6,273200
2,162500
3,188600
1,132000
4,218900
9,390200
4,220500
7,293900
2,162600
4,214100
2,163400
1,130300
140,603300
22,750900
3,192800
7,292500
1,133900
109,1362200
55,1552400
22,679200
1,132500
3,190800
1,132300
3,191700
4,229100
2,178400
1,152300
1,160400
1,146600
2,164800
7,292300
2,168300
83,708200
6,268000
2,161900
4,214400
2,161500
1,131500
1,134700
24,737400
1,140700
2,198700
174,1498000
12,448200
1,133800
22,711900
2,166600
2,160600
2,163300
2,163100
2,321100
48,1407600
1,132700
72,396800
1,123800
2,148500
450,719400
385,692400
1,165100
5,303800
92,984900
6,269600
1,132700
29,1008000
1,151100
16,632900
7,311600
57,1601300
3,187800
3,182000
1,121700
1,127300
68,341500
11,441200
19,610800
2,154300
565,533900
15,493300
2,154100
275,1136400
1,170200
2,204000
14,621000
4,289500
71,529100
11,458100
1,128700
4,218000
1,132200
6,276100
1,134900
3,188300
9,349200
1,132000
46,1315000
1,132000
8,328900
1,136000
4,217800
288,1335200
1,133300
5,244000
1,130600
4,253700
6,377700
12,500000
18,577900
1,132000
3,189400
1,131500
27,850300
6,332500
12,513900
5,247100
38,1111000
3,189400
1,141700
1,135300
1,131100
26,790200
5,249100
4,218600
24,752300
3,194700
29,867500
26,877900
1,131800
3,190500
7,294100
8,321400
6,278400
12,424900
3,201900
47,1584900
4,245800
168,1345700
1,133400
31,931200
4,249300
3,244400
11,495000
1,141200
24,731900
4,219800
35,1048600
1,132100
1,152600
1,134600
2,170800
1,130100
7,301300
2,160100
1,131300
1,162500
1,138300
1,133400
16,526200
114,1646800
17,577900
2,163400
3,190400
83,746400
17,552900
2,163100
2,162200
6,271100
10,373700
3,197200
12,425000
191,398300
2,166400
269,766100
13,465000
2,170100
1,134100
4,214100
40,1152700
1,139800
456,972700
320,586300
5,304900
2,187100
2,238500
459,966300
165,1252100
1,162400
7,305300
7,299100
45,1277200
2,165600
2,162400
51,1476100
1,133200
1,134000
64,200600
2,162500
6,263200
8,327300
2,160800
124,163500
3,191100
2,161100
4,215800
1,132000
5,243200
37,1443600
65,228000
2,166700
9,345500
1,133100
36,1072500
2,163900
5,239700
33,971100
3,214800
2,194300
2,174100
4,225600
3,204800
4,233700
3,189900
1,132900
2,168400
4,216700
22,676900
6,267200
2,162200
203,868600
2,172400
2,149300
6,249400
2,145200
3,174100
5,294600
2,168400
359,1749200
62,118400
2,145400
16,515500
32,946800
2,164400
1,139300
2,165400
2,163300
9,354300
20,628400
2,160100
3,192000
128,292200
10,381800
3,195900
2,163600
11,394600
1,133100
12,420900
2,167400
4,214700
8,328400
2,164300
64,193200
5,240100
2,161100
2,161800
64,196200
2,221100
4,329400
3,251900
148,909500
16,545500
2,164500
72,399800
49,1430900
1,133400
2,163300
32,955500
51,1472500
1,132900
2,165900
2,161200
5,251100
2,162800
4,213900
2,161900
6,268000
2,161800
468,1257500
88,951200
2,158700
2,166600
2,176700
6,274100
425,1655600
113,1487200
2,165100
11,403800
17,740600
3,190500
2,161600
2,173300
4,258700
5,276500
18,613900
38,1149200
2,162200
2,171000
1,133200
1,160700
18,935800
2,167300
9,346600
2,170800
9,360000
10,361800
78,553300
2,169700
2,162700
27,839600
2,168900
1,136900
2,164500
1,131200
18,700300
1,133300
2,165800
1,133400
1,139800
50,1461700
4,220400
3,188800
1,131400
25,763600
2,173200
1,140600
2,189700
32,1023000
3,192100
251,307900
2,175800
1,137800
1,154300
2,168400
2,163300
2,161000
232,1794000
9,346500
5,240600
5,243600
12,429800
2,164900
4,224300
2,163500
2,160400
17,547900
4,208500
1,137200
2,160900
2,161600
3,188300
9,360900
2,162600
148,918700
11,487300
1,138700
21,667100
21,659400
232,1408100
2,162500
25,757900
84,718000
20,628600
30,890300
6,281600
3,190200
6,273300
1,134200
2,162300
2,162700
2,168900
19,740000
2,339800
324,794300
28,867200
25,797600
30,903600
235,1492300
134,429200
67,279700
34,1016500
4,224500
4,213700
9,350900
1,133000
12,431400
89,837900
2,162600
2,164000
4,214200
2,169800
2,192300
6,268900
1,131100
6,368200
7,361900
3,239700
2,162700
2,172500
6,270600
308,1789400
23,705300
1,133000
25,784800
17,827900
4,231000
2,170700
9,347300
1,131700
2,164100
30,936900
2,163600
4,220400
42,1210700
4,215800
2,162700
5,333400
3,199900
113,1495100
18,580900
1,133400
5,249400
2,161800
5,257000
3,190100
565,566500
97,1052600
2,164900
3,197000
2,162700
24,734000
6,268600
7,302600
4,227100
2,162000
38,1087500
1,136500
2,161900
12,434300
2,161300
1,134100
7,391100
252,375500
12,475100
14,484500
179,1630700
1,133600
2,165200
7,294700
17,549300
24,752200
3,196900
2,163800
1,139400
3,191500
2,161800
3,192000
17,555600
2,160100
8,337000
3,190100
54,1493900
2,171100
134,429700
2,172800
2,188100
177,1649100
36,1056000
2,162100
16,540400
2,163300
2,174600
1,147300
2,171000
22,715100
1,134900
51,1567700
2,165000
13,458400
18,573100
3,190200
2,164100
50,1419700
5,300500
1,138200
107,1461100
6,281300
19,605500
264,711100
33,960700
34,1014300
1,133100
2,162900
423,1617100
39,1120700
3,191400
5,250300
3,190600
33,1063200
1,139900
2,212500
2,191400
7,300400
29,890700
431,1893800
4,213300
24,739000
133,405300
1,147100
5,241100
2,164300
74,463800
38,1163300
6,271600
2,163000
1,132500
17,554300
2,170500
2,163300
15,519000
2,163200
3,226400
1,162200
2,232100
25,1000700
165,1240400
4,238400
8,422000
2,172100
13,447000
2,161800
210,848700
4,224000
2,363800
2,213300
3,236300
43,1398300
2,200500
2,203100
2,167900
2,162200
2,205400
19,741300
2,221200
3,216000
7,328800
2,144600
181,1731600
1,131900
303,1731600
2,162800
1,132000
2,169800
419,1500700
8,321100
8,321800
27,829700
84,709100
2,162600
2,161700
3,189200
2,171000
540,1641700
4,224600
8,326500
2,153100
6,279200
2,162400
14,488800
3,189100
2,161900
2,161300
24,921600
559,406500
2,162400
367,2008100
2,165000
9,353200
2,163000
26,806600
1,133100
2,163300
1,137400
4,220600
2,168200
11,397800
2,164100
19,975200
448,670000
9,352000
2,169700
2,162200
2,160700
19,650200
2,170200
2,169600
2,163000
1,132300
17,557300
21,673800
4,216900
48,1379700
1,139400
5,250900
2,164800
2,169700
2,162300
2,168500
531,1266800
118,1956500
3,189300
1,132900
2,160700
1,131400
52,1482500
29,863700
1,132700
10,372900
33,980200
2,161200
38,1119500
5,254500
2,165500
6,268700
4,214100
2,191400
129,296700
1,132100
1,132000
8,346000
21,657900
2,161300
7,418300
5,239300
102,1254900
9,377700
2,163800
7,297600
5,249200
6,270800
99,1093300
3,189800
1,131300
1,132900
1,138700
19,677500
2,162100
1,145100
14,528000
158,1265400
52,1482600
6,262800
3,189600
44,1530000
96,1035600
26,836600
24,733700
2,163000
57,1641600
20,670800
2,161700
45,1279500
49,1424700
2,161800
3,188200
31,1115200
74,580900
3,185900
18,608000
2,162600
10,372700
5,252400
28,830800
2,162200
2,160000
5,238600
28,845100
1,125700
3,189300
2,162100
9,351300
2,161200
1,133000
11,539000
12,538400
368,1757200
2,162900
1,133500
1,147600
16,712700
181,1740300
2,170300
3,191200
493,1846900
1,132300
48,1366800
2,161800
617,2006700
2,164500
2,164200
2,162500
4,357500
74,480700
2,246500
176,1934800
2,167500
3,189600
1,145000
23,747300
14,627200
1,140300
21,669600
1,133200
30,883300
2,186900
1,138300
2,161200
12,433400
3,199600
2,164100
8,320600
24,775900
42,1199200
217,1126400
5,233900
45,1288000
2,162500
2,170300
165,1327100
11,405000
5,249000
9,347800
6,273400
2,161400
8,322800
1,131800
53,1503100
2,162700
19,609600
2,163100
2,169100
20,623400
1,130900
2,206100
20,719200
26,826000
28,833400
44,1703100
1,133400
7,298200
2,162100
28,848400
5,243500
4,235300
2,161300
2,163300
14,472900
2,162600
44,1241000
3,189700
2,162600
253,453800
2,213500
4,265700
2,189800
2,181500
2,166400
1,147400
14,523000
47,1327700
2,162100
36,1064400
11,396300
229,1406400
140,618500
25,758700
2,170700
2,162300
1,133500
4,214600
2,163100
3,188700
2,160000
10,369900
415,1417300
1,147500
23,823100
25,764100
3,203900
31,1235400
2,170800
1,131500
2,169500
28,873400
2,163500
7,343500
2,199600
186,200500
1,132800
43,1245900
246,1741800
1,132700
2,164500
1,132100
382,534000
3,206900
137,761400
2,156500
204,692400
3,187300
3,189600
116,1683000
9,361300
2,164900
1,139300
43,1234100
2,163300
6,271500
41,1183100
13,450000
24,728600
3,190900
39,1128600
2,195200
15,744100
2,195700
5,255600
5,243600
2,162300
358,1488900
28,884200
2,164700
1,131100
5,239200
3,188400
27,817000
11,428700
4,218600
2,169200
2,163900
6,281100
2,169900
1,131800
2,163000
2,161000
1,130300
2,163500
3,190200
6,268600
2,162300
3,187400
1,132000
2,171300
2,164000
1,131000
2,163000
22,731800
1,139600
2,170200
3,191200
9,366500
4,221400
7,292100
399,1042600
29,874800
2,160800
173,1457100
95,1219900
2,239800
2,179900
402,1075900
1,132300
1,134600
3,188300
2,162500
4,222000
2,165400
16,525700
62,134300
2,163100
6,286400
3,259400
2,191200
3,221600
4,261800
2,149700
5,244000
39,1180300
4,226700
2,165900
9,345900
24,738200
3,190700
24,746900
2,161400
2,162900
30,883100
1,132900
2,172500
25,763500
123,1725700
6,266700
2,233900
3,213800
476,1404200
1,166000
21,832700
6,335300
1,141300
2,164000
9,343800
293,1427000
14,477600
25,818000
2,162900
2,184500
241,1613400
1,133500
37,1087100
29,1187700
37,1084800
8,320600
2,162000
37,1164200
2,165300
90,861600
3,199500
29,876100
4,215600
1,146400
53,1578300
2,203100
4,245800
2,168200
82,718700
2,166500
8,321000
2,180500
2,208700
1,165700
7,293100
28,909600
2,162200
601,1478500
2,163900
15,499300
1,131900
11,395000
2,160700
3,192700
3,204800
1,134800
1,131500
8,324300
25,763600
2,163100
2,162800
3,197700
47,1317300
4,225500
8,319500
3,199400
2,161000
12,656000
6,353200
5,242600
1,132600
2,162600
11,445100
2,155400
2,166400
2,162900
1,133500
19,605200
2,165300
23,1111800
2,228800
39,1200200
87,849800
3,191000
2,162800
25,783900
35,1013100
63,164300
16,572700
36,1377900
2,165500
34,1009800
152,899400
1,132400
452,786900
12,428500
119,1853100
2,164000
2,162800
105,1253600
6,266800
3,189500
2,161200
2,165900
39,1311900
3,198800
2,163500
2,160200
1,131400
301,1620500
2,164600
77,530400
2,163700
286,1279500
2,164500
85,743800
2,164800
2,161100
2,163200
1,131300
7,290900
2,159800
3,187100
529,1195200
90,861800
1,130800
2,163700
29,1043100
4,215800
19,792000
2,176600
2,162700
597,1363200
2,164400
60,1676200
2,161500
1,133000
2,177700
2,170400
85,835000
5,242300
2,162800
53,1489000
33,1379200
2,227600
1,174000
2,168800
14,478400
23,947200
16,542300
2,217700
50,1422300
2,164000
4,218000
2,163500
3,189300
2,169000
18,586400
14,475000
2,163600
6,267200
14,477900
28,845600
2,162600
3,188400
1,137100
2,165300
268,742700
8,319900
575,990400
4,280700
2,189700
6,334700
2,175500
6,272600
1,127100
6,262800
2,157900
1,150400
6,308800
2,184300
33,970200
5,235000
204,652200
1,122900
26,776400
29,863100
371,1851700
31,922700
2,202100
1,160500
5,262000
7,393600
2,165400
4,214600
3,279700
1,131800
2,164200
2,163900
20,633200
26,836000
226,1228400
187,224000
28,857200
2,152800
74,449200
34,1192800
8,351300
2,163000
82,666200
5,246700
5,251500
32,1274200
2,189300
2,168600
4,220500
11,395000
3,195000
2,160600
4,223800
6,277300
7,304300
8,335200
2,176400
1,139700
10,373200
2,162800
41,1228600
2,165400
1,131200
2,164700
12,423900
1,134400
6,268100
2,170700
10,381000
4,222300
1,133200
2,164500
11,396100
1,132700
17,552100
1,131600
42,1487700
2,187500
24,745800
498,399600
2,163600
56,1749900
4,210400
3,181900
2,171800
2,156900
10,366100
1,131300
13,453300
2,160100
390,740100
38,1120700
2,160700
1,131300
27,837500
16,535100
4,216700
2,218500
19,649200
1,165400
2,196700
3,181000
6,281400
4,216400
3,279000
5,381100
24,1318900
155,1334000
3,193400
2,170700
3,219600
4,248900
6,269300
7,293800
202,676300
145,720700
4,267200
44,1669600
1,194100
97,1214900
63,183000
41,1184400
3,190600
33,1006000
2,164200
84,707500
23,718000
4,218100
56,1553600
10,372800
2,169200
1,146200
4,225600
1,130400
2,162300
2,162400
3,213200
3,312700
2,189900
8,362500
3,193700
87,811500
4,217800
2,166800
17,558800
20,634900
4,214600
3,201800
12,439800
117,1734000
4,227100
2,161600
2,160200
5,241700
8,319900
6,269400
3,185700
2,162300
27,829000
4,223900
2,163700
1,131100
25,826900
99,1144600
1,132500
226,1244800
2,162800
41,1190600
6,283200
1,132700
1,132900
1,140300
2,204000
14,481200
2,161300
5,248200
421,1607300
9,346100
39,1150900
2,163300
3,190300
4,214600
8,517000
81,805700
3,194300
2,163500
3,190200
8,320600
3,195600
1,133900
14,475200
4,216700
1,130700
46,1328700
2,170200
2,163300
4,215400
2,163700
3,186100
6,331500
1,134200
2,164400
4,229300
2,162400
2,163200
3,220300
7,292300
12,425800
34,1095300
2,166200
285,1487200
2,167500
1,134500
1,139900
2,162400
2,162000
2,164000
27,851900
3,191800
3,189700
10,371500
1,133400
7,293600
2,172000
2,170100
3,192600
208,783900
3,189900
2,163000
3,190000
9,388200
3,199400
4,226000
1,132300
18,584800
4,219300
2,161800
25,989000
484,1757900
2,195500
2,178900
1,162400
2,170400
6,267000
10,375000
28,854000
2,163800
2,162600
25,759800
63,169500
4,217100
2,172400
24,732000
82,657300
1,130000
20,642100
2,164100
2,200100
2,164600
2,169400
2,163400
2,162400
2,171000
2,162300
4,224600
2,163400
2,161200
1,133900
1,131900
1,133700
6,276900
17,582100
2,175300
5,254900
17,592100
188,257000
6,269400
2,170400
74,521700
4,248300
31,995200
2,156600
5,237000
5,241200
2,163200
4,209900
2,151800
9,338400
4,209400
41,1190000
3,181600
27,799400
3,181600
12,413300
2,162300
53,1482000
22,757400
1,163300
36,1087900
2,167600
8,323800
2,164500
2,165100
387,662500
1,132300
2,162900
1,133000
13,460700
3,192900
41,1187100
2,165400
2,162200
8,329000
2,160100
2,165800
3,185700
26,792400
62,157400
8,436700
2,164000
2,161600
28,837300
612,1990100
2,171800
7,297400
1,132400
3,198100
2,162800
2,207200
7,294500
2,162600
2,163100
2,160600
3,232300
16,535300
2,164100
1,131000
2,162800
5,240600
2,168100
14,473000
2,160100
63,167100
54,1552700
5,246400
28,869500
1,133400
12,423000
2,162400
1,155600
18,852700
2,165100
2,163600
34,995400
1,133900
2,172300
3,189700
2,169500
602,1699400
29,913000
46,1310700
4,225400
4,213800
4,221500
7,294600
1,132500
1,133100
1,133500
1,139600
2,164300
35,1040900
5,286400
2,191400
6,314200
4,216600
4,207500
4,223600
2,163000
120,1666400
2,164100
15,533700
2,164300
26,795300
181,1674700
2,165600
3,197800
29,883600
31,1140800
6,302400
2,208200
16,613700
1,134000
4,276500
2,164300
8,324100
8,369000
2,161000
2,161900
2,163300
2,163600
24,741700
37,1065800
3,188400
2,162800
2,168000
120,1700100
3,196100
1,140300
2,164300
2,160800
72,436200
2,163800
3,190300
2,163800
2,163100
29,870500
2,170800
2,193700
49,1441000
2,163400
101,1211200
2,163300
31,927100
2,165500
2,162300
19,647200
72,492800
61,2000100
1,167600
2,212700
3,265700
2,206700
5,296000
2,164200
92,961900
20,643000
18,570900
25,894200
2,240100
20,704600
43,1954800
2,171900
1,132500
54,1513500
4,218300
1,140900
15,514400
2,184500
64,195000
3,188600
2,162600
10,386300
2,163200
2,170000
6,268600
285,1390700
4,282600
493,1841700
24,758300
2,166900
5,250400
1,140000
2,163200
2,160700
5,240900
132,384800
12,426600
1,129900
260,534000
8,382100
233,1451500
18,595400
2,170100
1,134100
2,165400
177,1703900
21,662300
2,163000
5,243600
5,243000
21,667900
2,154900
110,1397400
7,298500
169,1378200
2,202800
2,169200
11,436300
3,190700
2,162800
2,161300
5,242200
44,1377500
5,352500
1,142100
88,849600
2,180100
2,165700
5,245100
337,992400
5,244000
89,919500
1,134700
2,163600
246,1853300
4,218400
2,162700
2,162400
1,130800
1,141400
136,492900
17,549400
1,140700
149,834000
2,162700
3,224800
2,197600
17,806000
2,164800
163,1181700
1,134700
4,219800
1,339100
2,236700
443,875400
2,166000
32,972800
42,1353000
6,286000
2,163100
4,215500
13,478600
2,172200
1,131400
2,160900
7,291600
27,948600
5,327400
4,256700
33,987500
2,163200
5,244000
1,132800
2,161600
41,1179200
4,219100
2,170300
2,155600
2,172300
36,1051900
2,161700
1,167900
9,341200
100,1179400
2,178500
10,376200
8,321900
22,780300
2,170200
2,175800
5,253600
2,184000
2,172800
3,192200
2,192200
1,123700
2,164000
24,749000
2,162300
1,131700
44,1307600
2,162600
3,197500
21,700600
2,159700
9,349600
1,132700
225,1223400
2,170200
3,189900
43,1283100
60,1678300
2,181200
2,194900
2,228000
19,678600
29,885200
2,162300
5,244400
6,267200
3,190700
2,162800
2,170000
1,133200
2,160300
1,139400
7,301700
3,190200
2,164400
22,724900
2,205000
9,475100
1,125400
1,139400
196,565800
13,447300
9,351900
345,1219500
90,1046900
2,151100
194,405900
2,164100
2,168000
24,745000
5,251000
3,193200
169,1329700
1,134800
1,140900
10,373900
368,1752000
16,526200
37,1070000
3,191400
2,174000
1,131700
9,348500
3,190100
5,244600
2,163300
2,190100
3,237900
2,240700
3,205800
1,134600
2,192500
2,201900
17,647000
177,1568100
4,217500
2,163500
2,164300
34,1268000
1,142300
11,415200
2,162600
128,272400
2,176800
2,169400
2,170900
11,399600
2,161300
1,131800
4,215200
2,161100
4,215800
46,1305400
241,1987800
7,338500
2,171600
1,133800
3,196100
3,190800
1,137100
12,426900
11,409500
5,244300
8,321900
2,177900
1,139800
2,161800
115,1508300
21,702400
5,246200
7,359500
6,268100
2,162400
163,1240100
3,189000
17,637800
3,253600
40,1180500
1,134200
1,132700
26,803000
9,347300
184,1735800
2,171000
29,902600
1,141900
2,164400
23,719900
3,192600
33,956600
2,168600
5,304600
3,229800
30,930100
2,201600
298,1942600
2,162300
6,284300
44,1399000
16,534800
3,188700
2,161300
120,1631600
14,471200
6,266400
3,189000
2,162200
2,162700
5,238700
62,134700
3,189900
9,347700
2,162000
3,190900
3,189000
2,162200
11,512000
12,649700
6,285500
5,242100
5,242900
20,653500
3,201100
18,596700
14,473000
19,606900
34,1025700
2,163000
6,336400
6,270700
2,161700
1,144300
9,421600
329,765200
45,1298800
11,481700
17,610400
2,241500
6,352200
6,278000
32,944500
2,165600
41,1470300
4,219900
2,163400
8,320700
11,410100
4,214700
54,1517200
17,556000
21,655900
6,276400
3,196900
2,160200
8,329600
9,343400
249,246200
90,1136800
2,173900
3,199600
14,483200
3,189800
2,152400
177,1575000
21,705300
121,2022900
15,508100
4,217900
2,165500
9,349600
1,130800
2,163600
89,841100
22,682400
30,1065800
3,197700
1,164200
29,971900
6,287300
18,590600
42,1189500
4,218800
21,679100
1,134200
87,788400
15,501800
1,139100
2,162800
17,576400
4,216400
12,421300
9,346200
26,831600
484,1788500
1,120500
1,140500
2,164300
7,302700
1,131000
15,502900
5,241900
1,148900
4,226500
3,209400
3,190200
1,133300
2,162100
28,838800
2,170600
127,248100
2,161400
15,496900
11,444400
2,165100
1,131800
4,218400
7,302500
2,164000
325,636600
191,382000
2,165700
3,195400
2,175600
9,352700
16,525100
2,168100
574,893700
2,196300
40,1184100
3,190400
2,162100
6,332800
2,215000
2,212100
177,1876200
10,366700
2,164200
3,214900
2,161800
2,168900
1,143100
84,736800
17,568500
2,162500
144,693000
4,225300
1,131600
32,1190200
93,1052500
48,1366000
2,165200
2,162700
32,944200
4,222800
2,160400
3,191600
4,218300
9,346300
3,188000
125,195500
2,161900
2,159500
1,132300
2,161200
2,162300
2,178800
4,245000
2,167600
2,164800
1,131400
16,545400
20,629900
2,312900
551,2170900
12,476100
1,162700
165,1577300
4,246000
1,145200
2,194400
2,173300
3,205500
2,169500
2,162000
1,145800
1,139600
2,174200
380,493600
56,1568900
2,192600
4,275300
47,1393100
2,189100
578,1153000
72,416300
2,185000
2,160800
5,304000
2,165400
349,1353900
3,194700
603,1575900
13,502800
1,140600
2,194700
2,194000
2,191300
17,619700
17,590900
330,1034600
2,178300
1,133700
2,172300
4,226400
2,173100
2,193100
8,393900
118,1622100
2,183700
5,265800
2,170700
16,548400
25,813300
2,165000
1,170800
2,177200
40,1162700
2,164000
40,1200200
31,923900
6,283800
170,1597100
2,190900
2,202600
37,1102200
2,165400
46,1313800
146,813800
2,173200
5,249900
2,181000
2,167400
1,132600
4,215300
12,432200
4,250500
2,186700
2,163400
14,565400
1,137800
3,202700
7,295300
4,216400
2,174400
6,282300
2,162400
32,974100
2,217300
19,891000
328,727500
5,269900
2,179100
460,993300
4,234800
2,179500
1,138500
2,162400
169,1355600
9,352300
2,166000
75,523900
33,991600
10,377500
54,1517400
5,240400
339,1330300
7,348900
2,155600
2,155400
5,233900
27,825300
2,155800
2,161500
31,903300
2,162900
15,490200
255,410600
1,125200
3,183100
3,183000
30,872600
2,153900
2,165000
18,585400
1,138700
28,847400
6,276500
2,168300
121,1951400
4,213200
2,167700
2,163100
4,214400
49,1382800
5,244000
2,164300
1,131600
2,164000
164,1230800
11,522900
60,1807800
1,125700
3,193100
2,172700
1,145200
1,140900
2,162300
126,221000
67,276600
2,163900
2,207400
14,488500
1,162800
7,333600
4,265000
38,1157200
2,163300
25,757200
2,162900
7,307200
9,344300
19,604600
3,194500
2,153000
2,165300
2,194300
2,173800
144,695900
6,274300
39,1226500
206,715500
2,163300
1,134200
2,164300
22,697200
7,295500
24,743300
2,201900
1,209100
2,257600
10,534300
29,927200
41,1185500
1,134700
14,475300
7,296700
10,429300
3,202700
2,163200
3,191800
5,241700
183,1782900
23,738100
2,164500
23,730600
2,164500
45,1269500
2,237300
1,177100
16,642600
48,1425600
2,163600
2,168800
2,161900
2,163500
6,269100
13,450200
2,169400
7,300600
2,162100
3,189900
2,163500
23,1050200
38,1124500
82,670500
2,175100
5,453100
1,223700
2,215700
42,1386800
4,309900
1,142400
8,462300
2,207200
9,435300
2,162600
31,942600
6,267300
2,164400
226,1282700
1,138300
9,343800
2,144500
6,247600
2,147800
5,250900
3,190700
295,1457700
9,349300
55,1585900
2,210300
2,174000
2,204000
8,424400
1,176300
2,209900
4,230200
10,392400
2,151600
14,477700
17,569900
12,424000
3,187300
17,557500
9,352900
2,162700
2,163400
3,189200
1,132400
15,500900
3,188300
2,163400
10,377500
19,662200
143,659400
2,163300
4,217800
20,665100
5,241000
3,190800
2,162500
2,183200
5,369700
20,682300
621,407200
4,216600
2,166800
341,1068800
2,165600
2,164000
12,436500
6,281600
45,1301400
1,132500
12,423700
1,132300
7,290100
29,1260200
2,162900
4,214900
3,187900
2,161100
2,162000
2,162700
26,800500
2,163700
49,1595200
8,322900
4,218300
55,1527400
7,294000
261,608800
1,131600
4,215800
39,1153000
3,228500
26,1051200
11,408700
2,165400
2,163000
10,378800
14,476700
5,260700
2,164600
13,449900
204,958600
1,133900
7,307600
2,162700
2,161500
43,1236000
15,664900
1,134400
269,769600
2,163200
26,836300
179,1623500
2,163400
399,968800
2,161200
1,131600
182,1781600
88,851900
2,162400
3,194700
2,162000
8,323900
5,244700
2,160400
1,133700
3,188900
6,284700
2,161500
2,162700
4,215900
4,215700
8,320500
403,1083900
12,430500
2,162700
3,190500
11,398200
26,835400
1,133200
2,162400
10,370500
5,248400
2,169000
13,510700
2,180700
4,221400
40,1336500
2,168800
276,1055700
15,506900
7,296100
2,176300
1,133500
2,159200
4,219300
2,186000
5,252200
8,320500
8,318700
1,133000
2,170000
5,242000
73,444500
2,160700
2,162000
4,213000
2,162100
2,158100
1,137600
2,171100
12,479400
32,955300
2,163600
19,617800
9,347400
4,268300
44,1424500
2,172900
14,477000
218,1062900
2,163800
2,163600
28,1201300
2,208500
15,724200
2,206100
2,200900
110,1531300
10,425200
19,613100
1,160100
28,862800
17,733200
34,1100700
2,169700
2,153000
2,174000
7,339100
78,569300
1,132900
2,161700
10,374400
1,140400
6,274100
37,1080300
4,218200
6,267100
3,189200
4,212400
1,133400
2,165500
2,199100
2,162900
4,219400
2,176400
4,224500
1,133100
8,319300
2,161400
122,1939700
30,920000
1,154400
1,165800
4,268900
3,234900
2,195500
146,1025100
90,1195200
11,533900
2,202100
13,594800
4,276900
4,268400
11,526300
46,1833500
2,221000
2,202800
2,218800
14,725200
36,1131100
3,257400
2,168400
52,1481100
2,164900
2,163500
2,162600
2,161700
7,296000
2,173200
2,162200
3,188900
1,139900
50,1589900
1,132600
2,162800
2,166000
424,1662400
37,1225800
2,153900
2,174100
337,983100
7,293000
4,209700
2,162600
3,190100
2,163300
63,164300
2,161000
20,694300
1,134100
2,162200
3,191500
1,132000
10,372700
54,1547700
4,230600
4,215900
343,1238600
114,1602700
1,163000
2,197300
4,306600
26,963700
2,168900
181,1695400
2,165900
313,334000
11,457800
2,160700
1,133100
383,559100
14,483600
2,162900
8,349900
2,162500
8,321000
9,361900
11,411000
1,131800
2,161100
4,213900
9,346500
1,139700
2,163200
4,221000
2,199300
6,296800
11,427400
5,245900
27,815200
4,225800
287,1226300
35,1059800
3,173200
2,145600
320,488500
25,742600
47,1958900
2,198400
2,165900
2,164100
2,164500
589,1249000
72,455800
5,260100
11,459400
5,245700
4,223200
4,219300
1,134100
29,1103300
1,133500
2,169600
4,214900
142,649200
82,669100
1,132000
2,163800
5,242100
1,143300
12,435800
3,189300
269,789400
4,217800
1,132500
2,162500
5,242300
37,1096600
6,276300
2,164600
2,168000
122,1962000
5,234900
362,1759000
2,165200
7,304600
3,191400
2,161700
2,188500
2,162500
4,222100
2,164500
1,134600
185,1852200
142,674900
1,136300
2,159100
2,159500
6,291200
2,163900
2,160300
127,243700
4,218400
2,168300
6,310600
27,888700
2,164200
39,1135100
2,162000
1,140300
14,484600
2,162800
1,139600
2,162300
3,191700
2,171100
7,295000
4,212800
41,1306300
2,198300
1,135600
2,161300
33,1007900
2,162600
36,1084400
16,554200
3,192100
2,207300
2,187400
3,273400
1,151300
3,194000
1,130600
6,271000
18,584500
4,218100
9,349800
2,166000
184,1728300
2,163700
3,191500
9,359500
12,423800
14,476500
31,954400
2,161600
24,782800
5,251400
2,162900
1,131200
106,1301200
2,205500
1,166000
2,155800
1,118500
12,454100
2,169900
27,863800
2,223100
3,200100
32,990300
1,160400
1,142900
1,132000
2,163500
3,198200
16,651400
1,150200
26,1050600
2,166300
7,288600
2,154900
15,522100
10,377300
48,1364100
2,165300
1,139800
4,273300
2,184800
1,155600
1,184300
58,1627500
7,308400
2,170200
1,132800
1,139600
16,527600
2,161700
472,1299900
2,163700
8,321100
13,452900
22,722600
2,163400
2,169100
17,568800
11,407500
17,572500
2,160700
162,1430900
2,171100
5,269100
3,214600
7,304600
2,206500
13,456900
2,170500
90,880500
55,1564600
2,163500
4,215700
3,188900
2,169200
13,470500
2,171100
4,215300
14,504600
4,217000
44,1245900
5,254700
49,1518700
2,211000
2,209900
2,166600
2,162700
5,248900
45,1288200
2,169700
2,164000
24,733700
9,344100
10,370000
25,801700
2,165300
3,188400
1,139300
197,558800
8,331300
8,649600
68,403600
2,204600
1,164200
8,365000
3,248600
1,160100
6,284900
25,1015900
2,217900
2,184900
25,763800
5,243700
16,542900
2,171600
2,162500
1,129700
1,133100
7,295000
6,269300
1,132000
2,162200
11,412000
2,165100
2,162300
611,1756600
28,847000
42,1213300
2,162000
14,625400
3,189100
2,206500
40,1335500
2,163200
381,529100
4,217900
16,540200
2,178100
96,1193000
3,192000
15,517300
2,163100
2,165000
7,296100
99,1187700
1,139100
2,176800
1,132500
4,216600
4,220900
19,627300
202,622500
34,1076600
2,213300
2,221400
2,153700
10,383400
77,534700
64,193200
3,192100
2,168300
13,482700
2,170900
2,162900
21,660500
205,696800
15,544700
2,162400
2,161400
5,239500
11,400800
227,1295200
2,163700
3,190700
2,162600
2,163000
20,640600
10,453500
1,136100
46,1511200
6,268200
4,216400
9,347200
2,172600
46,1333100
6,264500
2,161200
2,162000
4,216400
4,213700
329,770600
22,682600
4,218000
4,215700
26,809400
4,216200
10,371600
11,459500
431,1878400
141,767000
2,165900
47,1325300
2,170500
57,1591400
44,1369800
2,174800
1,134400
1,135200
41,1232100
6,269900
309,1808100
4,224600
2,163100
97,1248100
2,164000
575,850900
7,297600
188,257900
2,160900
24,729400
2,164200
22,694400
2,181400
1,131400
1,164300
9,349600
9,346300
12,451900
4,215000
45,1334400
2,163500
4,218900
2,162100
93,990700
2,164100
2,163800
5,295700
3,222300
2,159000
441,560300
18,668800
2,163500
2,162900
2,163700
2,163400
8,338500
2,161300
6,266600
3,188500
31,1200900
2,164300
3,189400
3,201900
2,157500
621,408900
4,217000
45,1344800
6,278300
181,1742400
12,437100
1,152400
2,219800
4,218600
10,383300
1,125500
3,190700
1,138300
2,162100
23,776400
4,224500
4,217400
4,215100
2,162900
2,163100
1,139600
2,163800
39,1127400
55,1619800
2,212800
6,336300
2,191200
2,165400
441,522700
1,133700
2,165200
1,131400
7,313100
137,605700
4,290000
17,601200
93,959500
2,161600
2,162700
2,161200
203,643800
2,171300
34,1029900
3,190800
2,162300
67,285900
3,189200
14,481400
34,1029300
2,164700
23,724500
2,164200
1,130900
2,163100
3,196100
29,856900
3,204800
1,133700
4,240500
6,337400
1,173700
2,197300
1,135300
98,1083600
1,138700
2,163300
3,189200
8,320400
12,533000
9,366800
4,216500
6,275100
3,189700
9,346500
57,1648000
5,241300
4,226600
2,169100
140,598700
2,172200
150,885400
136,482300
3,193600
2,163200
2,168000
2,185400
559,508900
4,218300
2,190400
2,164800
2,228100
6,271600
223,1157300
1,133400
1,131700
3,198500
2,165800
3,195700
7,370900
11,401000
224,1229300
82,660800
26,800600
2,170600
1,131700
2,161300
44,1380100
12,511500
38,1247200
2,167700
1,135200
9,366600
31,953200
1,134600
20,681900
34,1030600
2,167300
112,1444100
4,260400
4,229300
3,241800
2,164800
256,481900
1,131800
2,165000
2,161100
91,932700
3,193300
2,174800
9,538500
3,193200
13,453400
29,871000
2,165200
11,399800
36,1054500
2,170300
22,679400
18,704200
1,163200
3,198400
13,468300
2,170500
2,164900
26,812700
2,163800
2,170500
32,1006600
33,1012400
96,1241000
2,163400
32,990700
2,162300
1,143800
6,278400
10,383800
45,1277200
4,214400
2,193300
1,142400
2,165300
2,162700
2,163200
141,608700
2,161300
71,373800
5,278900
15,529800
5,254900
147,805800
4,231900
13,455900
2,162300
2,164100
2,206500
10,423600
54,1659300
1,133600
2,163500
15,511000
2,162800
3,190400
34,992800
1,137900
2,162400
40,1159500
2,164400
5,240600
5,242700
8,320600
320,551400
2,163600
6,269600
371,1922500
93,1403100
76,513700
14,475600
2,163700
6,268800
2,163300
5,258600
4,217500
8,320200
2,166300
11,392100
5,243000
2,159700
607,1623600
23,750300
2,185900
1,134800
58,1650500
2,161500
2,162500
120,1919300
3,191800
323,758700
2,164100
89,852200
30,891100
2,169300
5,242300
2,171500
17,570500
8,321000
10,374300
4,230800
1,129700
2,146700
7,309700
1,133400
2,162200
6,267400
1,133300
2,162100
2,185700
9,446200
2,163800
2,169900
82,922800
35,1148700
4,219600
23,710300
162,1577400
2,164000
4,218700
27,826800
2,189500
6,269400
154,979500
4,215900
2,163400
40,1178000
2,164600
1,132200
12,419800
2,163600
122,1812000
22,697100
1,136000
4,219000
25,835800
3,192400
24,742700
2,170100
2,161800
455,843800
10,398500
4,216400
6,273500
1,133600
14,504900
2,166500
2,192300
1,125200
1,138500
4,218000
3,187800
13,450100
2,162300
11,588100
615,2138700
19,646400
2,162500
18,594100
1,130900
1,133300
1,131400
58,1622600
2,161700
84,718000
12,424300
5,242500
3,191000
196,458200
2,163600
334,890500
11,396800
12,423500
2,162400
7,302700
2,196200
3,197000
3,189600
9,472700
2,165900
41,1191400
1,132300
1,131400
11,398900
2,163100
12,430700
2,168900
2,173100
5,241900
207,887200
1,130300
552,1857300
2,155600
1,126300
3,183300
26,790300
3,181000
42,1509700
2,197700
2,170500
2,207800
14,563900
492,2234000
2,223700
2,192900
4,256800
155,1206800
1,137900
382,689500
1,159200
15,668000
193,472500
2,206700
2,192400
81,810700
30,1182400
1,142800
1,204600
2,229200
4,321800
1,166300
457,1256900
2,192600
7,364300
2,167900
2,156800
11,417500
6,265800
2,156100
3,185600
95,1532000
33,1271000
110,1587100
6,294900
1,139600
7,304800
21,939900
35,1111400
147,813400
2,173200
2,199700
2,189900
114,1537600
71,477800
14,617100
26,807700
22,786100
2,199600
21,719700
4,234700
2,169500
2,172400
2,186400
1,136000
97,1434100
1,120300
1,125200
2,182200
1,140000
465,1141900
20,694900
2,168000
14,488800
21,662200
2,168300
1,138600
2,205600
2,173900
4,221400
17,569200
22,705700
96,1076200
2,169700
1,138600
2,177400
1,135300
18,644100
13,556800
1,157600
3,248000
8,447800
2,185900
12,457500
2,185600
134,514100
79,623300
2,202600
6,325700
3,207300
12,462700
6,349300
6,304400
80,644800
6,293700
6,315300
6,314600
6,289200
6,286700
6,316900
3,232200
6,271400
6,329900
14,489900
1,148600
34,1424100
6,338700
6,287300
6,301200
5,255700
6,345400
11,417900
20,672800
5,284900
6,331800
28,843200
22,710200
77,758300
27,897200
8,389200
6,329000
6,304600
98,1444900
6,339900
6,300800
6,313200
18,633500
19,704200
6,330400
37,1123200
6,295100
6,348500
4,241200
6,308300
43,1292400
6,270200
47,1358800
6,314400
62,133600
6,348900
526,1169100
8,320200
6,271200
6,269100
17,555900
57,1700000
2,165100
6,268200
25,780200
18,588100
6,272500
19,619700
6,282300
6,266300
17,554100
6,268800
15,509700
28,1068400
4,216200
6,268000
3,189000
50,1438700
11,396100
2,160600
25,766000
260,535800
6,268100
287,1242000
18,580700
24,749300
6,284100
37,1090400
6,276500
24,973400
2,225800
6,354500
343,1228000
125,234200
13,538600
81,669000
6,407300
10,418200
2,187200
7,373600
6,295200
49,1422300
18,685300
39,1167600
6,338500
117,1784200
5,277500
14,514700
4,243400
6,277300
6,293100
6,272200
6,296400
32,1037600
6,286700
7,303800
6,339300
70,457800
6,293700
482,1591700
2,167400
6,300800
6,267000
6,266400
6,272900
6,268100
8,346000
13,559700
50,1729500
6,280300
22,688100
590,1257400
6,274400
6,285300
30,904100
60,1674900
6,278400
55,1589500
51,1881300
14,541800
2,196200
21,849400
6,335900
7,405500
18,810800
6,337400
6,345800
10,625400
6,283500
412,1351900
1,151200
2,184000
8,347500
6,302400
24,741200
6,279800
33,1122400
6,305800
6,316500
6,351000
2,175400
6,279400
78,563900
60,1692000
4,280300
6,278100
6,281400
6,306000
2,220900
24,924500
51,1770900
3,251300
34,1453300
19,639700
6,279100
53,1590200
47,1354900
6,269300
6,273500
6,266200
6,268400
1,133700
15,740100
6,350500
8,550900
6,359400
10,360300
139,546800
6,305500
15,650100
51,1817500
6,348300
57,1655000
6,268500
6,264000
66,249200
63,171200
6,269600
6,285300
14,476200
39,1117400
6,285300
114,1499500
6,268400
1,142700
6,268500
6,266200
50,1560700
13,452900
6,278200
6,275600
20,639700
6,337300
66,253800
6,269800
89,848400
9,375800
1,135800
14,557600
1,133900
6,283000
2,168000
2,161100
13,459900
6,470400
7,387000
9,380900
6,272600
12,517300
567,909200
62,134500
15,491000
6,421400
6,328500
2,197300
7,295100
6,271700
2,165900
15,510400
396,990000
6,269900
6,273500
41,1171400
6,266300
6,277000
8,328600
52,1461200
18,591200
4,213500
6,326700
6,283400
80,618100
6,269700
112,1431900
2,161000
2,160300
44,1494900
6,335600
6,265800
7,326700
99,1115100
7,316100
7,297600
7,317500
1,140600
7,291000
19,610100
7,293800
7,312100
16,635100
7,302700
7,332800
1,133100
7,294900
7,304400
7,298100
7,292600
168,1356100
7,308000
7,293200
33,966000
7,298600
18,580500
24,779800
7,302500
6,267600
5,250400
32,964100
7,297700
7,295200
22,943500
225,1288600
1,126900
7,299300
2,162500
7,296000
7,292900
8,318000
455,856000
68,296200
1,144400
7,294200
7,294200
7,301400
7,303800
7,300500
23,712900
349,1285500
7,300900
7,298100
7,296200
7,293900
7,448100
6,390500
7,319600
18,589800
7,295200
1,132100
7,297400
17,555700
7,308200
12,421600
7,353600
7,307500
9,344800
30,993600
7,316400
36,1132100
101,1192700
54,1572400
7,462100
7,338900
2,161000
7,293900
7,287900
11,416700
16,526900
8,313700
3,176000
1,126900
7,288900
30,967600
7,290500
17,545200
28,895600
7,327900
7,295200
7,294600
7,303700
192,346200
7,301000
7,302700
16,586300
285,1478100
2,249600
33,1024700
3,228500
2,159000
7,285900
10,400600
10,400200
7,286300
504,543900
6,270000
7,286700
7,286500
44,1251500
16,520600
19,605600
7,299300
60,1766300
38,1698700
7,304900
15,516700
1,133700
7,297000
5,250100
7,296400
7,297700
7,301900
7,307800
20,634200
318,456200
21,707500
17,687300
7,325800
7,301400
7,294000
7,349600
7,300300
7,292500
25,770400
7,295200
7,428900
55,1605900
4,229400
12,418800
7,299200
18,607600
7,294900
8,330500
7,296900
7,293200
7,296200
9,359700
1,139900
10,406700
105,1265400
21,672900
56,1605900
2,180800
7,488700
9,390700
1,146900
18,664500
147,792700
111,1428900
7,301700
17,553400
7,297400
2,162800
50,1423300
110,1386300
7,319600
399,1028800
7,362000
20,678300
7,297200
155,1257300
21,671000
4,214700
7,310000
7,333400
11,399700
15,529800
7,298000
7,382600
7,294800
68,299500
22,825700
220,1105900
7,310900
7,297400
7,301900
7,294600
6,336700
32,997600
7,298700
7,289500
7,401700
13,510600
22,749100
7,321900
31,1324200
7,301300
7,295800
6,269600
27,825600
7,349200
42,1211200
7,297200
101,1200000
10,433900
20,950200
7,302000
7,322200
23,823800
7,342500
7,297500
1,131000
7,296500
7,294700
2,161900
9,347300
7,312700
7,292400
19,608500
7,295500
7,295100
15,516600
8,323900
566,576300
41,1190400
253,418400
1,150900
7,420000
7,349800
7,300500
72,411600
7,294400
26,842900
7,301000
3,188400
20,772400
9,408300
7,297100
7,313700
147,793600
1,134100
32,964400
8,324200
162,1447600
7,319500
7,298300
3,263900
10,402400
1,139800
8,312700
4,218000
7,314200
7,297700
2,163600
7,298700
38,1184200
7,294700
7,359000
7,303300
27,820500
7,295200
1,130300
7,300600
10,376100
7,294300
8,358900
3,192600
7,299500
7,296200
7,298400
479,1480000
63,180700
6,416900
2,179000
1,188300
7,326600
7,309500
2,161500
2,163300
7,297100
25,759800
113,1569100
1,134000
7,303300
17,571400
34,985000
20,656800
2,170500
7,296400
537,1401000
31,1044500
16,645500
11,404400
32,995000
44,1291200
7,316100
468,1265200
165,1249800
10,375200
7,294900
256,439500
16,527600
99,1450100
30,1184400
61,1738000
7,297900
257,454300
2,172500
16,537700
7,295400
7,293800
4,213100
7,293900
15,509400
7,292100
7,292400
9,345400
7,360700
7,298900
41,1205700
22,709200
7,307600
37,1258400
21,671900
7,321800
7,307700
385,613300
7,293300
7,302300
5,243800
15,558800
1,132000
7,294700
7,339300
1,138500
7,333900
12,425800
7,292100
3,189800
7,301900
31,918000
17,570300
7,300000
7,294900
7,294800
4,226300
5,240700
24,1045900
7,297400
29,910800
1,140800
7,294800
48,1352300
2,160100
7,293500
1,132600
7,297800
7,293900
5,243200
7,299200
7,290900
12,477900
15,514100
18,592700
7,297000
58,1938900
7,319500
7,466700
7,412100
1,134200
7,360200
9,348900
7,296900
95,992200
7,303400
7,298500
7,322200
250,274300
148,855100
58,1608600
3,216200
7,306900
6,270000
26,802300
16,579800
26,993400
7,301200
176,1533000
7,298000
632,887100
555,1906200
7,307700
1,130700
12,444700
7,324000
3,218300
7,296800
83,702900
7,302600
11,399500
7,295400
29,1121500
7,315300
31,919300
7,314200
99,1122600
9,348000
5,250800
27,833700
6,268900
42,1211000
17,560400
7,378100
25,774800
2,174900
7,294000
27,834900
7,295200
7,380700
1,163300
7,328300
9,347300
6,269000
15,508400
7,302700
2,164200
7,294800
146,817800
12,471100
16,544000
7,294800
4,214000
7,290500
123,1733900
12,425100
44,1299300
7,295700
100,1451800
7,322600
2,162600
7,291700
1,130600
2,162600
7,296600
49,1377500
7,294200
7,290500
7,306000
311,279400
9,500000
10,374300
7,300700
7,301000
5,242000
1,130900
7,294900
9,344900
1,133100
7,296700
7,295700
29,899900
7,436800
7,375900
1,153900
7,340700
7,350700
7,367700
7,298400
4,215600
14,471800
5,294000
7,293900
4,263200
31,912300
7,296000
6,268200
7,295800
42,1197500
2,161900
7,302800
7,293700
27,823700
41,1190300
7,293400
14,476600
7,347400
14,602100
7,298300
3,187500
7,291800
1,139500
7,374400
19,618900
112,1535200
46,1713100
6,362700
7,377600
7,329600
7,296100
3,189600
7,318100
47,1363800
7,293600
3,186200
10,429300
7,346200
39,1174500
19,613100
25,755600
7,294000
13,480500
7,301700
7,300200
7,293800
3,189000
7,291800
138,553600
31,917000
23,751600
7,318600
7,298300
7,301500
7,308100
7,339200
7,348700
475,1574400
181,1675200
135,460700
9,347700
488,1821900
7,302800
11,398900
314,352500
7,294400
7,297900
7,298900
7,294000
38,1104100
7,295600
119,1795400
18,860100
68,407900
7,385600
6,317600
7,284600
7,284100
10,375300
7,304100
79,663500
9,369600
7,293200
7,303400
9,346600
4,216500
7,293200
7,300700
24,764800
53,1505800
1,131400
7,305800
3,190600
8,339100
31,1092500
7,306500
470,1242600
72,401000
7,305000
7,294900
65,225400
19,609400
1,132700
1,131600
7,341200
2,154600
7,297400
7,294300
7,295500
7,292600
7,292000
1,131600
19,623000
57,1690800
5,254100
7,329400
1,176600
7,431900
1,189400
7,316000
1,147900
14,474000
283,1154600
7,304000
367,1732100
7,306100
7,293500
8,321500
7,294500
7,302100
71,377100
9,354900
7,293900
555,1911300
7,295800
7,369300
3,276500
7,335800
140,598300
7,294600
436,361200
7,290400
9,350900
6,271300
7,307000
14,490600
7,296200
8,319100
4,214900
37,1208200
7,293100
7,294300
8,376400
1,142600
7,373400
4,217700
7,295100
74,452900
33,982400
6,271500
7,410300
6,449600
7,297500
7,305300
7,292900
7,287800
9,348200
50,1403900
7,340700
7,295400
30,912900
7,296700
7,294500
7,298500
44,1256900
4,224200
2,162900
7,304800
7,297600
4,216500
3,227900
16,605300
5,244800
3,190300
7,303200
170,1476000
79,618400
7,295400
7,294600
13,449100
32,1006800
18,594200
20,635100
7,308600
2,163400
7,301600
7,306600
40,1132000
7,314200
49,1548200
7,306600
9,350600
7,337700
3,189700
9,344000
4,214300
7,294900
7,519600
1,151600
33,980200
7,295800
7,300600
40,1219000
7,338700
14,692500
46,1457400
54,1677600
3,191700
16,544200
7,296400
31,918100
7,294600
3,187600
9,357700
235,1458500
12,441600
41,1236800
7,295800
156,1025300
1,132900
7,297200
7,293500
7,293200
7,309900
7,360200
7,487600
44,1283600
44,1507600
7,296900
12,418000
7,286300
7,294400
72,395800
7,285600
591,1211700
88,822800
12,433000
9,341500
7,297700
18,585300
3,191200
26,930800
7,447800
7,304400
58,1627500
7,297700
139,577400
10,381400
7,295400
3,190200
7,309200
8,356200
7,302300
8,330100
8,322900
11,397100
13,498200
7,295400
2,164400
7,336500
7,353500
21,757200
7,294200
7,296700
7,296000
19,863900
157,1064500
20,678500
7,323100
7,325500
7,317900
82,658100
4,217500
7,318300
20,647700
26,794000
2,161600
46,1321000
7,295300
2,161800
7,299900
10,371300
7,316700
3,203600
32,942800
7,338300
2,170000
25,926000
7,295500
43,2011000
13,451300
49,1428200
7,297100
7,296400
23,722800
16,529100
21,666900
7,301900
7,304000
7,302100
307,2072300
1,135000
7,297000
5,250000
7,295000
56,1572200
7,302400
7,294100
11,417300
7,296100
3,193900
7,295400
14,482500
7,292400
23,717400
7,320200
8,321800
31,994200
2,170100
7,311500
66,333500
8,350600
7,310200
7,289700
7,304000
7,296000
13,461800
1,133100
7,297000
1,133400
7,295900
7,307100
347,1308200
7,297100
31,1008700
8,318800
7,298800
7,295900
4,224500
1,134400
7,293200
17,557900
7,295600
7,293900
30,896700
7,437300
280,1161800
28,839400
7,301800
7,319800
2,164300
7,302500
7,295500
11,398200
7,291800
7,293600
7,370800
7,333000
17,572100
202,608500
1,131300
2,171800
41,1230900
55,1556700
7,439500
7,398400
26,806700
7,298000
2,161100
11,400800
19,608800
7,312900
206,761500
7,294000
26,798500
1,127500
7,302500
240,1589600
7,345000
7,323300
348,1259500
7,294100
7,311100
58,1999200
2,162900
17,557000
7,300900
7,308500
4,216500
25,770800
7,295800
74,482600
7,308700
7,293700
8,360900
7,295000
43,1233600
7,308400
7,293600
3,191000
2,161600
7,293100
23,732200
192,484600
7,405000
7,279300
4,216600
25,768800
267,715400
7,327200
80,621400
3,189300
11,397200
2,163800
21,746700
7,383600
6,326200
7,303100
16,539700
16,542500
7,297600
10,369400
4,217800
7,294200
17,575700
23,748900
1,167100
7,358100
7,377900
7,324200
25,784300
15,494000
19,616300
1,132100
7,526200
22,829600
7,278300
7,411600
7,348900
11,398400
168,1330900
7,296600
2,210900
7,296400
2,162500
7,308300
250,276700
7,292000
3,187900
7,349500
7,308100
3,261600
21,760900
7,314300
7,295200
7,302200
243,1746700
8,390900
9,442400
7,294700
7,287700
161,1120100
25,773400
7,296200
11,396600
7,295600
7,293400
7,322200
5,242100
1,133100
7,294600
126,310600
88,1033200
50,1409500
7,332300
75,485400
37,1089900
41,1197000
8,321900
41,1328600
29,878100
8,329800
17,561900
8,321800
39,1343400
8,377000
8,353600
64,216300
8,366000
345,1177900
87,815800
8,320500
8,335300
8,322800
1,131800
8,319600
5,242300
8,321700
9,345500
8,332500
8,341600
8,318900
5,240000
8,334400
8,317900
232,1466600
8,384000
96,1087600
8,328100
8,747400
1,173900
8,417200
8,353600
4,257700
11,512800
1,158500
8,432300
8,418200
4,263700
32,1314500
136,645100
24,995900
5,322300
8,420400
9,447900
11,562800
5,349100
4,298600
8,446700
8,457700
8,459400
8,441700
20,647000
8,356500
4,218500
8,324600
8,342300
219,1103500
70,351800
24,757100
99,1175200
8,336000
36,1169800
8,558700
8,469800
88,819800
31,928000
8,324300
46,1344900
47,1368200
8,323700
19,615800
8,323000
148,831200
13,463600
8,328300
222,1301400
174,1626200
130,566000
7,279400
8,313500
9,331600
8,372300
8,326300
28,898600
8,303200
28,817600
4,199000
8,303800
14,471500
8,323600
8,322900
281,1092900
35,1569000
8,329900
8,325600
32,969500
8,350600
36,1068500
1,141800
8,322000
41,1180300
19,607100
7,293100
8,317200
4,216200
9,564900
139,587600
8,322800
8,346900
200,737700
15,644200
8,399400
23,705100
8,322200
8,320200
33,988600
8,321700
2,161700
8,319800
314,352500
8,329000
496,341900
8,319800
12,467900
9,344100
29,874100
38,1134000
8,321000
404,1210100
2,208400
12,433100
1,149300
8,414900
12,429300
8,323100
44,1254800
8,321000
8,325600
348,1294000
8,320000
31,1104100
8,421700
174,1542900
35,1024600
8,377700
5,269800
5,275700
8,327900
5,246700
8,320900
8,415400
8,321300
8,322800
8,367800
7,294200
8,324700
12,437100
112,1452700
8,385700
8,403200
24,746800
25,781000
8,322000
8,320200
8,345500
30,909900
8,364000
36,1106200
8,323900
52,1722700
8,375700
59,1782300
8,318400
4,213900
21,664900
8,321200
3,189400
3,192900
10,424700
26,783800
8,321000
1,132900
8,331600
632,820300
2,187400
8,458000
8,331300
8,321900
8,328700
72,504700
8,324000
3,187000
8,332100
8,321000
11,400900
32,998200
15,526800
8,320400
8,323900
1,136200
47,1827800
2,186300
8,390800
1,140900
8,467300
8,438400
8,323000
432,1868000
50,1427600
126,288500
8,328500
8,323400
8,317700
8,327400
11,401700
8,321500
5,242600
8,319800
1,135000
10,376500
8,326600
8,320600
8,343900
8,329200
75,483400
33,1214700
8,321600
8,321200
8,336700
47,1337000
12,425400
29,1006100
3,193100
8,328400
7,305200
8,332700
14,482900
1,131300
24,749200
281,1131900
41,1190900
8,440100
15,536200
273,934200
15,512800
37,1075700
167,1291700
8,324700
8,382600
3,191300
8,318800
8,333000
77,544800
11,394500
264,646000
8,335000
8,329000
1,132500
20,639900
5,242100
22,1108600
8,378800
8,334600
8,323500
8,331900
8,321500
5,241900
25,823200
8,322500
15,510300
22,736300
23,861200
92,929400
8,320400
11,402400
14,488900
8,318800
6,281500
5,284600
1,129300
8,319300
4,248400
9,577700
15,579800
9,350800
7,298300
15,507600
224,1183000
8,321800
34,1022400
2,211700
8,387400
8,324700
1,131900
8,320900
288,1259400
1,133000
8,375800
198,507100
10,387800
18,580400
8,429400
6,416900
3,250900
8,356700
6,270100
33,983500
39,1114400
8,334700
1,140200
8,324800
328,776600
8,323400
8,319300
23,716800
8,328600
8,320000
8,321800
8,332800
8,330900
8,319900
12,447300
14,481700
6,292700
2,202000
8,396200
12,470500
13,502900
18,605100
8,330100
1,134500
8,451700
1,131700
1,133900
8,323300
505,577200
8,318700
8,325100
1,131900
10,371600
6,269600
8,329000
8,325100
8,319400
12,430500
8,320000
15,520600
55,1549600
8,425000
11,418700
8,360300
8,323200
4,216000
19,618000
8,323200
10,370500
67,280000
8,320200
1,139300
10,369000
8,332600
3,194600
8,319600
31,915800
8,370500
8,321700
206,830300
7,406000
8,396000
8,326900
18,579300
6,267200
8,320700
25,973500
2,146500
8,319700
8,316400
12,424500
32,972500
8,334200
21,661800
8,331000
9,347100
8,373500
3,190100
8,318900
8,332000
8,342400
8,320400
8,348700
41,1173100
8,322900
1,136500
12,451800
22,681900
8,443200
27,882900
331,794800
191,337800
1,138400
8,406800
37,1166600
8,331200
8,324400
8,328000
6,270600
8,326100
8,342000
8,329900
10,385500
8,322500
428,1750300
30,937500
8,548300
145,771800
1,133600
8,322900
7,290400
8,328000
35,1146200
8,322300
8,329300
8,323000
8,319700
1,132100
8,318800
1,139500
8,335800
8,327400
8,325600
34,1006700
2,168400
8,400600
8,357000
8,350200
154,975200
2,173900
15,641200
8,323500
8,322900
26,791800
8,331200
2,163000
32,948500
8,318700
8,329200
173,1537000
8,331400
8,320100
11,415200
4,220500
18,590300
26,798900
94,981300
1,141700
1,149700
2,232100
8,391200
11,491900
31,926800
8,331300
3,194800
8,320600
17,556100
8,377600
5,265000
6,294300
25,784700
8,320700
7,301700
8,325100
19,626900
8,321500
8,321300
23,726700
8,322200
8,326100
8,320400
52,1789500
8,412900
28,855600
8,322500
11,395400
3,191800
8,326100
1,127000
8,320400
8,336000
33,1029000
8,334800
8,334800
11,402100
23,711500
3,190300
8,379900
3,190300
38,1125300
8,322100
8,470700
8,473300
8,330100
8,322900
8,321200
8,323900
69,330000
46,1313200
3,187400
8,326800
38,1101600
8,327600
8,318400
8,327900
212,900300
8,321000
8,352200
438,415400
46,1330200
8,449700
43,1291900
8,323400
128,284100
2,161500
26,813100
8,322600
8,323400
1,132200
8,320400
8,326600
29,868300
1,131800
2,175800
38,1250700
8,320300
8,325300
8,322100
12,437100
6,280400
8,323100
20,644200
145,875600
8,324200
8,319500
21,657300
8,325900
214,945400
8,320300
8,324800
10,462700
8,320500
39,1123300
8,321200
459,1002400
10,377800
47,1362700
8,328900
2,162600
8,387600
8,513200
2,166100
8,365100
12,452000
269,796100
8,330700
96,1140900
2,168400
8,335900
8,319300
8,339900
3,190300
19,611500
4,217200
8,329400
108,1365900
8,322400
13,464800
8,321400
8,318600
32,1102900
8,389800
8,326200
8,331000
37,1083300
4,244400
8,324200
7,295400
11,400300
2,169500
8,324300
565,537900
3,193000
8,320300
95,1018200
85,896300
6,334700
7,321800
8,332700
4,216100
8,318400
4,215800
8,322500
288,1447400
8,324600
17,558000
4,218900
8,333000
8,322800
8,322700
8,317700
8,328000
8,404100
8,330200
26,890300
8,321600
16,534200
4,218000
14,488800
8,329400
8,324300
8,376900
61,1847000
2,166000
8,331600
1,132400
10,385900
1,163700
8,326900
184,2322700
8,352200
8,324000
117,1574700
2,163100
11,394700
8,330500
8,320400
8,319100
11,455700
14,476700
340,1349700
1,141300
27,810700
8,322700
8,320800
35,1025800
12,454000
8,320200
5,241700
1,132200
38,1122700
8,321100
186,191300
6,267600
7,302800
8,320700
17,571100
8,325400
1,132800
13,488500
8,352900
9,402800
8,493100
10,435300
8,462800
21,913800
8,462400
8,472800
33,1438000
8,450700
62,187700
37,1553100
1,170400
17,1035800
8,451600
213,1327500
3,257500
8,550000
451,1170600
8,454400
99,1602200
2,245300
8,516600
8,448500
4,286100
8,443400
1,168500
8,443000
8,453600
119,2384900
18,827900
10,536500
8,465200
8,437800
9,480300
43,1786100
31,1314200
360,2173700
3,248700
49,1960600
5,276400
2,180900
9,454900
9,372100
18,621400
9,380200
9,340900
9,340100
48,1491100
41,1179300
111,1483100
9,344100
100,1122100
3,189300
21,660700
2,156600
9,471400
9,353300
9,345400
94,969000
9,345000
20,627800
9,506400
4,290400
48,1977700
259,746600
9,485300
9,500300
9,457900
12,575400
9,475700
2,219200
9,469800
9,468500
9,473500
61,2472800
11,562100
37,1622400
41,1646000
9,459900
9,444700
12,547800
47,1799500
9,458700
11,550300
9,488900
50,2169700
9,486200
7,328900
9,423600
118,2087500
94,996500
13,490200
42,1467400
97,1149300
77,535900
9,358000
7,327900
9,364600
3,216200
9,401800
2,182700
9,362800
21,668400
29,991900
399,1386100
9,560200
9,355800
3,191300
10,515200
9,634000
1,159600
9,355600
9,390700
9,392100
5,265400
10,417100
9,376700
9,468300
9,398100
159,1181300
9,361900
9,439800
9,380400
9,456900
9,463400
9,410900
29,892000
5,278900
9,407200
1,149300
37,1356800
124,173000
9,376800
9,396300
9,367200
329,744000
9,450900
9,388200
9,454800
195,483300
1,148000
4,229700
11,416400
9,428100
11,442700
2,189300
9,367000
28,869900
9,404300
148,823200
9,361000
9,510500
158,1318600
11,419600
9,358000
179,1625800
10,386000
9,353400
14,485600
9,354700
9,359300
9,358100
14,480300
270,796300
4,219100
9,362400
9,349600
49,1650000
9,426900
3,195400
9,359300
25,767500
26,779600
9,348400
10,379300
117,1620900
16,528100
30,954200
9,346000
9,348400
9,344300
7,305600
9,356100
5,242800
14,475800
7,450100
9,451600
9,354100
3,190800
12,423700
388,693300
9,364400
22,688700
9,361400
9,346600
1,131400
41,1198700
9,364900
9,416800
11,457300
9,350600
368,1768600
9,346300
9,354200
17,708100
9,414000
9,338000
22,685000
287,1238500
9,345800
124,166300
5,242300
3,190300
6,266900
23,731100
8,319800
23,718800
9,352900
58,1632800
20,642400
24,733300
5,320600
29,1129500
85,832600
9,357800
12,444600
28,832400
383,933400
83,1106300
4,220200
24,804600
14,483300
9,364400
9,349100
9,344900
144,700300
9,346100
29,956400
81,704300
9,350200
20,637000
4,223200
9,374400
12,423200
9,346800
25,762900
38,1126600
4,215700
9,376400
9,369500
196,564800
61,1795700
9,360000
9,356200
10,547900
9,476100
50,1435300
9,350000
9,357000
9,344100
186,187000
9,350600
13,457500
62,134100
28,844000
9,344700
9,367100
15,502100
39,1155100
9,344500
6,267300
37,1079500
9,352200
9,507200
9,378000
9,352000
9,352800
9,350000
9,356000
9,345300
228,1386100
35,1071300
10,383900
9,345800
3,202500
9,349400
25,854600
9,348900
9,347000
9,353100
99,1176200
22,694800
25,829500
376,419400
1,139500
9,349500
4,232900
9,348000
323,596000
25,757000
9,362700
9,344200
9,344800
26,800400
9,353300
9,354100
525,1085800
4,215900
9,388600
183,2543700
4,216300
9,357400
19,610800
5,247300
9,352000
3,192000
15,501100
15,499600
69,373400
9,348000
9,349800
19,812300
9,358300
14,482500
9,347300
9,383400
26,795900
16,536800
35,1019700
9,403700
5,243400
9,417500
406,1195600
44,1267700
8,322800
9,360200
9,486600
14,527900
9,356900
9,348000
7,297100
9,346100
48,1396800
9,345600
9,351000
10,486200
9,347900
6,270500
9,421200
414,1624100
26,804200
9,359700
9,348200
9,349100
62,153000
45,1308900
9,347800
16,535000
6,275500
9,356000
2,160500
9,345500
9,349000
351,1435800
9,410800
4,228900
24,923000
21,717200
9,372100
6,262900
9,351800
9,361200
15,553500
9,350000
103,1199800
9,354700
2,170500
9,347200
5,245500
16,534900
9,348600
9,348500
9,352100
3,199000
9,387500
25,773800
34,1099200
42,1316400
1,141000
9,348300
11,404900
9,354900
40,1163100
9,355300
1,139000
9,372900
9,466400
122,1769400
117,1571000
9,345700
9,350000
9,349300
9,412300
59,1676500
9,348200
237,1522300
9,344000
9,354600
9,380100
9,353500
104,1240700
4,215400
9,432100
19,606300
30,900900
77,594700
3,192200
37,1457200
9,388600
85,749800
9,345700
53,1466200
25,768500
2,162200
40,1140300
9,339800
9,373800
9,361700
9,346500
12,424700
36,1060100
9,347100
9,368300
9,399900
1,143000
9,410600
9,352200
78,557500
11,402900
9,354800
2,163500
16,529200
4,215800
14,483800
31,984800
9,346100
47,1338100
1,151700
9,440400
9,398700
9,349900
283,1150400
17,579900
387,913200
9,348400
6,266200
6,267800
9,347400
9,349600
9,364700
9,344600
12,437200
9,348300
39,1159300
2,159100
9,347900
1,132700
9,349400
6,275200
32,998200
9,374200
28,896000
9,353500
5,291800
13,601600
9,350700
15,512600
17,625200
9,350500
32,1428500
139,567600
9,345500
5,251400
3,196400
9,356800
16,540000
234,1472800
7,300500
9,348200
338,982700
9,441400
4,325500
1,171300
9,516700
257,654300
9,347600
52,1685400
11,388500
24,1102300
9,354300
24,795400
4,241900
24,757200
9,387600
9,387300
7,296600
9,397500
9,486000
153,1348200
25,783800
6,270900
9,343900
291,1353100
34,992100
9,346500
9,358400
17,553200
198,506800
9,346900
9,344100
9,359400
1,133400
9,345400
9,347700
16,528100
276,1258900
9,352400
4,223900
9,346100
8,317900
9,352200
9,382800
15,503200
9,358200
160,1132600
9,521000
9,451300
9,349400
9,348200
39,1122700
9,354100
13,456200
9,415600
3,190200
8,322100
12,519400
27,815400
207,746900
28,859800
17,561400
9,449400
99,1136300
9,350900
9,346900
9,379400
49,1375900
9,348000
9,421300
55,1549000
25,1028100
9,536100
24,782500
206,774500
149,838600
9,472800
5,252000
1,137500
9,365500
9,358200
9,365900
22,695900
9,346500
8,324400
22,700100
39,1176000
9,349100
9,366700
27,1156300
12,432500
4,251200
1,146000
23,733800
9,473000
381,593800
267,713200
9,395000
4,262000
3,199600
34,1037700
9,372600
9,483000
15,585700
9,367600
9,364000
4,224200
9,372600
117,1950100
3,209600
9,378600
268,760600
9,356900
9,411700
9,485300
9,348000
20,709100
9,360600
9,393400
9,444800
1,142600
9,347200
17,567700
9,352700
9,354300
20,632900
9,383500
40,1302000
22,806500
9,351400
4,228200
9,505100
48,1390900
9,399500
5,271200
19,731000
115,1608200
5,318900
9,354600
9,491900
9,345600
9,495000
169,1543400
7,420000
9,399900
4,223100
39,1174300
9,397300
13,473600
16,570300
9,357800
9,348100
206,766700
9,387100
38,1192000
2,170900
9,461300
1,153900
9,564500
9,378900
10,392100
513,946600
27,1007700
26,800600
9,413500
9,361000
9,346000
83,692400
19,636600
9,346800
62,134700
18,584300
9,372000
3,190600
2,164400
9,346500
121,1686900
9,343600
8,422400
9,418700
176,1592100
23,724500
1,131800
6,267700
9,346200
9,557000
9,504000
20,747600
1,130700
9,346100
1,132500
48,1355900
9,344000
9,344900
9,358600
15,538300
9,346200
9,390800
7,447700
13,512500
63,171100
19,613900
2,191200
9,348600
9,361700
21,654500
3,186800
9,346200
9,342200
9,361200
9,366900
9,345900
10,372700
10,373200
69,355500
43,1220700
26,787500
10,391800
10,379400
23,893100
10,616600
195,454500
10,376600
10,373900
16,537600
10,375400
10,371400
231,1374200
91,896300
10,379200
29,947600
10,372200
7,295300
3,190300
10,372600
14,501600
46,1378200
1,199300
10,407600
23,710200
2,177200
10,369300
10,391800
10,373200
8,322500
10,374600
10,384700
20,641300
10,370200
123,1854600
44,1248700
22,709000
10,371300
69,337900
1,146400
26,940100
5,245700
49,1422400
10,397500
10,368000
10,371800
35,1037000
16,563500
13,454800
10,366600
10,377300
3,190300
8,322700
10,371700
35,1047000
568,668300
2,162000
10,372700
2,196800
31,1016300
10,462700
10,400400
51,1441300
1,132700
10,371900
156,1007400
10,371800
10,372700
52,1497100
10,372200
2,163800
17,550500
10,383500
91,896800
10,431100
10,478300
10,427300
35,1020700
10,382600
10,407300
4,223700
10,371300
1,132700
10,389400
2,161600
10,379900
339,1020300
10,375500
10,431800
10,393200
37,1176500
10,373500
4,287400
10,396800
44,1456000
10,379200
108,1366000
10,392600
10,381300
4,222900
38,1092100
10,376700
24,755400
10,374700
10,372000
10,379300
4,268300
10,514400
10,447800
10,456700
10,451200
548,1941500
22,685700
10,374400
5,232500
13,498800
10,411000
10,397800
14,474900
2,163100
48,1369900
63,168200
10,372200
58,1642400
10,377300
19,615500
10,371000
10,398000
37,1362100
10,376600
10,374000
46,1301300
10,379900
623,460100
2,161500
14,494000
4,253000
10,372400
48,1393200
10,370800
10,379000
62,139400
10,373000
13,653400
10,377100
10,453900
10,396400
10,379700
10,483800
10,374600
10,373600
10,372900
10,401300
102,1183500
9,348200
10,392800
49,1408600
10,376300
10,378400
10,377400
499,419700
10,374200
67,276100
33,984100
10,571800
10,425200
10,378000
10,371000
2,163800
12,428800
10,371600
2,161500
10,498700
92,917000
1,132000
10,372200
22,804100
10,405100
535,1351500
9,348100
10,409800
10,375300
321,558300
135,464700
3,189800
10,515700
10,408100
86,792700
35,1018400
10,374700
10,379500
10,397000
397,961200
1,139800
10,377000
10,372800
2,162200
46,1312300
208,780800
10,374000
18,596900
2,162700
10,459700
106,1884800
10,385700
10,372900
10,460000
1,185500
10,481600
10,380600
3,203200
10,397900
250,304800
10,381700
9,341500
10,386300
11,422100
7,321100
10,384100
3,194100
10,464800
10,386200
85,780000
1,133300
17,753200
6,361600
10,469400
633,734500
10,406900
10,376800
10,392800
5,253700
23,721700
59,1706400
12,496800
10,394100
10,503000
60,1745200
10,371700
10,424500
10,611700
8,478600
48,1380900
9,351700
10,409300
21,680500
7,301900
10,396400
4,220500
12,447700
10,425200
10,387800
11,405200
23,730200
43,1233300
68,355700
10,373000
10,375800
10,523400
36,1094100
11,413200
10,401200
10,389200
4,252700
10,523500
10,423000
32,969800
1,141300
10,373400
10,373500
10,379800
3,198900
9,369700
10,383500
10,379200
187,222800
28,849400
10,417000
1,147100
14,498300
10,575100
1,186900
10,396400
162,1344600
7,303400
10,478700
10,476700
10,438200
38,1118400
1,142600
10,381000
2,173300
10,405900
13,461700
31,919600
10,377900
531,1533400
83,822300
2,197200
7,327800
10,397700
3,181000
44,1250900
10,362100
19,593400
47,1351800
10,380000
160,1150100
7,298500
31,924500
10,377600
53,2271000
10,380600
10,371900
11,397700
10,375000
10,384900
4,240700
2,164700
10,370800
5,241500
10,460000
10,510000
70,360800
14,475500
10,378100
1,135100
10,409800
36,1037900
10,379700
40,1431700
30,915200
10,386200
234,1467300
10,386300
10,374100
1,133500
10,374800
2,162500
10,381700
88,823000
10,387600
34,1012600
15,515500
10,374800
230,1469800
1,166700
1,170000
10,554500
2,201800
10,482600
10,387800
182,1753400
23,725300
10,372700
10,378500
149,835100
10,388300
10,372100
44,1257000
10,386200
10,374900
10,405900
10,434300
10,455500
10,373100
3,189600
26,793900
29,867100
10,373700
10,372800
5,245600
10,384500
8,425300
10,376900
28,852900
29,955100
10,404000
10,391200
10,383400
10,372000
10,369900
14,481300
5,285500
10,552300
10,420600
184,1736800
17,561100
61,1696800
10,372600
24,751300
84,736000
10,373600
76,502400
10,370800
10,380100
2,161800
10,380300
10,372800
10,452400
74,569900
6,276400
10,377200
10,444600
5,250500
13,465200
25,899100
17,701100
5,259900
10,372500
186,196200
10,389100
52,1487600
41,1185100
10,450000
23,726000
10,375300
10,439600
3,197200
10,536600
75,497300
57,1683500
10,374600
10,387400
10,375700
10,383300
10,441600
11,407900
10,381900
34,1011100
3,192600
1,131800
10,375400
10,391200
16,533100
54,1676500
33,1029300
10,374900
10,375100
26,797600
10,371300
10,377800
10,371400
183,1693200
3,191900
10,377100
15,511800
10,382100
9,346300
10,398700
7,303500
10,373800
15,506700
10,374800
10,375500
1,129500
10,536400
186,206200
33,1015900
2,219400
10,453400
10,373700
10,367100
10,372200
19,607200
3,191300
10,411400
10,403100
247,1868800
10,383800
10,370900
284,1218700
3,190100
10,425900
189,300100
3,237900
30,1025200
10,374300
11,400600
47,1319300
59,1656500
10,372700
1,133200
10,382000
6,269900
10,382800
38,1096400
10,380400
30,906900
47,1624400
33,1350000
3,250300
10,513000
39,1564500
189,368600
6,369800
10,533900
10,533500
10,525500
11,575700
82,962500
11,603800
6,382800
2,215900
11,571200
48,2036200
11,581600
11,571500
3,256800
11,577000
2,212500
8,453900
11,556700
35,1589100
11,577100
1,197500
11,561700
11,582100
2,216000
11,567200
11,560100
286,1835300
11,575800
132,529500
26,1127000
11,563700
11,553200
30,1255100
11,555700
2,221800
16,717000
11,562700
2,207700
11,564700
7,409500
11,556000
2,221400
41,1755900
4,281100
11,536900
10,530800
3,254600
11,597800
11,564300
428,3181700
3,311000
11,570000
19,836600
11,556800
2,214600
18,847800
11,570000
3,261000
5,320700
11,556300
11,562400
11,576100
18,827000
11,554000
225,1757300
11,581600
11,565200
10,530600
11,557300
11,566000
11,560100
11,536200
11,542100
1,173600
11,564500
4,367800
27,1168300
11,561700
11,565800
4,296700
11,557700
22,981400
11,591700
11,588000
11,583000
87,1048800
3,234500
14,626500
15,671100
29,1211100
11,571400
213,1338100
67,351200
11,542900
11,530200
2,203200
11,424500
16,672400
11,436600
424,1691300
11,448900
11,405300
11,426700
11,403600
11,425200
431,1863500
11,515500
505,577800
17,591400
11,537400
11,478100
16,547400
1,132800
5,352500
2,228200
11,631800
5,296700
11,419100
5,284500
3,208900
12,428000
8,335600
11,420700
11,409800
1,146900
7,307800
29,1055200
100,1226100
11,405000
11,449300
11,409900
36,1089900
11,523300
60,1896000
11,418600
11,431900
24,835800
515,867400
104,1320300
11,548300
44,1275300
11,414800
32,1097100
43,1777400
1,135800
11,399400
11,412000
7,326600
11,461700
11,413600
3,205700
11,401700
11,400700
13,466100
211,844200
11,402800
11,452900
259,595900
11,406700
11,437600
12,433900
5,279300
13,453200
11,416600
6,371700
21,806100
17,586500
11,445100
17,584100
11,412900
14,524300
11,398600
11,399100
11,408700
11,435300
73,429600
11,404400
3,189100
9,360000
19,622400
53,1648500
11,463700
17,680000
3,192300
31,936800
11,404200
11,411400
11,440000
24,743600
11,399100
397,943700
46,1385500
11,407600
12,489300
11,570400
11,587400
5,290700
18,613500
11,481200
27,860300
11,420200
2,168700
16,535100
11,400000
11,399000
11,410300
8,335600
11,399700
40,1153100
11,444500
1,132600
11,401000
59,1630900
11,396900
4,225000
11,400900
4,234000
11,483700
217,1130400
11,412500
11,409100
3,189500
11,404800
146,737000
11,645900
116,1908600
1,168400
11,424600
11,414700
11,402400
11,404600
3,191600
11,394400
65,221600
16,601100
5,241500
11,504300
11,510700
11,415800
29,888000
3,189600
11,400400
41,1184700
11,434700
3,189600
11,397300
2,168300
11,399100
3,187800
11,401000
11,400200
11,397300
11,408700
30,901500
138,535700
6,335200
11,426100
11,469900
11,493100
17,610900
11,404200
11,400000
4,208400
12,422400
49,1426700
1,131600
11,398300
61,1696700
1,139400
11,397000
11,416100
193,379800
86,778500
11,410700
5,251800
11,395700
10,494400
2,180700
11,448500
11,413900
349,1254200
2,170600
11,405000
2,163100
11,402200
3,194900
11,485000
42,1525400
12,465600
11,418300
11,560800
3,210800
1,124200
1,124900
11,391800
13,453300
11,404500
11,495400
11,515900
68,391300
11,525400
11,439100
11,394300
21,693600
17,631300
11,393200
532,1290700
1,133400
11,409800
1,132100
1,134800
11,460300
12,434000
11,416400
16,526700
22,703900
29,868100
11,413100
4,284500
11,458600
62,139700
11,506000
11,398200
22,682000
24,751900
11,409200
11,398000
30,885500
2,168900
39,1145200
11,401000
107,1315500
11,399500
14,506200
11,411300
1,138500
11,437500
11,438500
1,147100
1,129000
11,412800
20,632900
2,169700
11,391500
11,399800
250,331100
11,396600
1,131400
8,334600
11,394600
11,398100
629,778400
364,1711900
11,398700
52,1506100
46,1554000
11,416700
11,394300
11,423500
150,836900
11,428800
61,1749300
6,281900
13,449900
34,1003400
11,408000
11,398800
11,422200
1,131500
11,465600
11,524300
76,810100
3,225100
7,305500
29,944900
11,397200
11,397700
11,398900
11,468300
238,1558700
11,407600
31,936300
11,404700
11,404400
86,757800
11,395000
11,397200
11,488200
5,348600
2,225300
11,412100
1,136200
11,399600
1,130600
16,542900
41,1177600
16,539500
11,397700
11,398600
11,399900
4,216000
2,161400
11,405300
2,162700
11,497600
11,450300
15,529000
11,414300
11,397200
47,1588300
308,1775900
11,400500
11,397900
51,1439900
11,539100
21,661100
11,406600
11,401300
1,132400
11,400500
246,1762400
173,1661600
11,408800
11,400900
11,402900
11,409100
11,482100
1,140200
11,413800
4,221100
16,537000
9,366100
11,392700
11,398800
3,188700
11,398100
35,1069600
329,806800
11,407500
11,408700
66,244300
11,395600
327,912700
76,511200
41,1181600
11,409200
11,453100
1,154600
11,398600
34,1001700
11,398600
11,397900
11,395200
3,188300
11,404300
1,138600
23,712800
16,552500
4,214600
11,408300
13,526200
11,427400
35,1177100
11,405900
20,634000
16,529100
134,607400
11,405800
11,440500
11,473200
303,1874400
2,171800
11,402900
5,241800
11,396900
8,320700
11,403500
16,536800
11,396100
11,402800
11,489300
12,602200
12,427100
14,478300
12,434200
12,420800
1,140500
2,185100
17,551400
24,741700
35,1270500
12,512600
12,426500
141,617400
1,131200
34,993300
12,494300
17,556400
19,759300
12,526400
37,1080600
3,196700
12,426300
25,758100
143,659200
12,431600
4,214300
16,529200
19,611900
12,431300
12,422900
12,442900
51,1462000
12,518900
12,427200
12,490500
12,654000
1,137900
12,428600
12,428700
225,1225300
12,431200
161,1179500
3,200300
12,422800
6,268300
8,356100
12,432600
12,428900
7,303400
12,425900
12,435200
20,632700
1,133600
2,164600
12,422500
12,443200
12,455000
12,459500
111,1419900
12,424200
12,446800
14,477200
12,425300
12,426500
12,424600
12,424300
12,423600
247,1910800
12,439400
412,1440500
12,487600
3,182900
2,162900
12,429000
155,975600
12,437100
12,427200
29,864900
12,427900
12,461100
46,1291600
426,1730800
12,449100
7,301400
12,421200
73,435900
10,522700
12,498500
12,425300
12,428300
20,629500
12,451500
12,547900
12,568200
13,561800
398,954700
1,140500
34,1008000
2,163600
12,438000
16,528900
12,422800
76,527000
7,304100
12,474700
236,1708900
12,430400
12,531400
12,476400
297,1950400
26,786400
12,421200
12,424500
77,540100
12,420900
4,216300
12,420500
4,216800
21,708000
12,542700
569,986500
6,275600
12,427500
80,611100
12,426400
103,1213200
14,477600
12,424300
24,739200
92,917500
12,510800
12,429000
4,221800
12,462200
16,527800
12,452900
12,433700
12,452000
12,638900
74,511100
12,424000
14,479100
553,1808000
12,428800
2,164200
12,472200
12,532400
19,637000
392,806600
1,131900
12,426600
12,421000
223,1176700
86,793800
7,463500
12,454000
12,431500
1,133100
3,190900
12,423700
12,423000
12,468000
12,423900
12,428600
12,426000
12,432100
12,422800
12,429900
50,1472200
4,217200
12,443000
12,424300
18,605800
12,424600
12,423400
532,1553700
134,431000
26,792600
23,718400
4,218400
12,433000
12,439300
14,527400
66,285700
1,131900
12,429600
12,421400
12,434600
12,426100
12,422700
634,773900
17,579100
16,527400
207,838000
12,651800
546,1629500
12,422800
26,793300
22,686800
12,482600
149,870800
4,276900
2,207900
12,576200
399,1054000
4,215900
40,1174600
12,634500
12,533300
12,441200
77,551900
12,427000
12,433600
35,1056500
25,763900
330,819800
302,1621300
72,410800
12,438200
12,424500
12,439600
12,433500
12,425500
12,639900
12,468700
15,643700
12,439900
1,127800
12,434800
3,190200
7,299000
12,423500
87,788100
13,456200
12,433900
2,164500
7,298000
38,1148700
12,427800
3,191100
12,442400
20,672400
12,553400
12,613100
134,438300
12,430500
2,166600
36,1063400
12,425000
3,189200
16,535300
20,636200
12,423900
12,422400
2,170400
11,418900
12,424400
12,477800
4,297200
1,138300
12,461300
18,582900
235,1851500
12,466800
31,934600
7,309100
8,323200
13,453100
12,424000
12,466100
12,426800
12,427300
28,842500
12,443500
12,420100
12,422400
12,426800
33,1007400
41,1354200
12,484800
1,133700
5,242700
12,419700
12,416200
29,920900
12,446700
108,1357100
14,474300
12,424100
26,789700
283,1205300
12,427700
24,753800
12,433200
48,1541600
14,476400
12,426200
12,437200
12,421000
4,216400
12,424200
75,535400
18,587300
45,1285900
7,301400
34,1002000
12,423500
12,616500
69,380400
18,596800
12,421900
12,576300
377,520800
262,590800
16,535600
17,564400
12,444900
19,597600
4,215300
19,622200
12,585500
12,707200
2,237700
48,1398600
12,426500
12,433700
6,269100
12,431100
10,374300
12,544400
12,520000
2,165300
18,575600
12,423300
16,538800
2,162500
12,422900
2,161900
12,420900
12,513800
23,807400
75,475200
6,260200
12,422600
13,514800
12,431000
492,1822500
12,424900
3,190600
2,161600
12,710400
1,133700
12,476500
12,425200
36,1709400
12,439700
12,428900
16,536500
12,510000
12,426200
12,424700
104,1269800
18,594500
187,246200
12,425700
12,423900
12,422000
12,535100
12,541900
12,420900
12,419700
12,418700
2,156400
12,426100
12,422500
1,124700
25,765400
12,439000
1,134000
26,799000
7,303500
12,424800
8,329500
39,1195800
493,1937900
1,134700
12,566800
10,433900
12,458800
12,429800
52,1501400
12,435700
17,552400
1,138000
12,428900
107,1691800
12,434000
2,164800
12,430200
12,440800
12,439500
5,257900
24,740300
3,190000
12,567600
12,500800
86,770100
12,429900
3,185700
12,438100
21,649300
12,433300
12,423600
19,614400
12,423600
12,424100
12,466900
3,203200
12,430900
419,1507000
12,425300
12,432500
25,1126600
214,970600
12,479900
4,220500
12,423800
13,447400
28,823700
13,476400
2,154600
38,1182800
3,220500
13,594900
13,555500
13,566600
4,265700
13,567200
13,558800
13,519800
71,526600
8,496400
13,575700
28,1122300
13,615600
3,227400
13,579600
13,662500
13,825700
10,607000
12,657700
33,1635200
1,171100
36,1487000
13,492200
32,1425400
13,587600
27,813100
13,530600
13,461800
13,452900
137,525300
56,1675100
13,470700
13,468000
13,460500
13,459100
21,921900
52,1618400
13,471100
13,453500
13,468900
26,925200
97,1114800
13,468600
13,467100
101,1184300
62,142200
13,467000
6,287100
13,490500
29,1131000
143,874200
13,459100
3,198400
13,455800
13,463500
19,609500
13,459000
2,170000
13,454000
13,457000
13,467600
12,440200
13,457500
13,480300
226,1429800
4,411600
13,593100
31,1103500
15,618500
13,480600
5,274900
13,473400
23,753500
4,321100
13,464400
1,150600
13,450500
8,331500
13,467200
12,473300
13,572200
399,1039300
55,2150000
13,530300
37,1151400
13,479300
36,1065800
10,421200
13,517600
13,599100
598,1516900
131,365100
13,487900
62,135600
24,775700
78,726100
13,484000
21,725300
1,132900
2,194100
13,481400
13,476400
13,464700
13,454900
173,1474700
5,244800
16,533700
13,464300
162,1197900
17,559100
28,908300
13,494600
13,709700
236,1841900
13,520200
2,198400
13,595000
13,588300
13,622900
25,1041900
13,677500
13,576100
5,290200
13,570800
27,833400
13,629800
13,511800
13,483400
3,190100
13,509900
26,925300
13,504600
3,234800
13,456800
13,554200
13,497800
44,1316400
7,342200
13,487900
12,645800
13,679200
18,621400
224,1539000
5,284500
13,490800
13,490700
13,478000
19,694600
13,576600
24,755700
83,718600
13,499800
13,494600
13,460900
1,147500
2,188100
8,403600
13,458400
1,145800
19,777700
13,510000
13,499500
13,487000
7,378700
13,500400
12,677300
13,712300
4,274800
40,1538400
4,243900
13,478000
14,501400
4,232700
13,449300
13,448700
5,255200
9,400700
37,1578200
12,430200
13,449700
29,883500
13,458200
13,463500
13,455900
13,453100
13,459800
1,132000
6,267700
13,539400
13,447000
329,749500
58,1639200
13,515600
13,457700
13,666800
7,476200
13,519900
13,622800
13,821300
1,185100
13,639800
427,1830500
13,506000
84,726000
49,1412900
13,474000
63,192100
9,466100
13,596600
3,279200
13,508200
18,603800
13,456100
3,192300
13,493800
13,461000
6,286200
13,485400
3,208900
13,456200
24,746100
13,836700
13,478000
58,1629000
13,465700
13,492300
13,688100
13,651300
13,452600
13,471200
13,479300
42,1199800
13,483300
13,504300
13,472500
13,455200
13,467800
13,457100
627,662000
19,623300
13,450800
13,491700
13,510400
52,1730300
31,1080800
13,504800
13,451800
23,728800
137,522900
13,473200
11,469900
13,511900
13,462600
21,839400
13,491600
16,550900
13,451600
13,466800
4,235900
13,643500
243,1825400
13,506100
2,162800
13,454900
343,1177300
14,612700
21,733900
13,543400
18,582400
33,1108700
13,799500
13,485400
13,598600
60,1854300
2,170600
13,454200
5,255600
13,461400
119,1624700
78,570800
13,460900
13,456100
13,458800
13,470500
13,510400
7,345800
7,318900
13,481900
22,744700
6,394300
13,496500
1,187400
13,457300
4,225000
13,509600
232,1645100
2,177300
17,564300
59,1817900
10,400200
20,630100
13,460300
6,272100
7,300500
25,812800
13,521400
6,327500
13,490600
546,1713600
3,194200
13,451700
434,302800
13,506000
53,1499400
34,1204000
13,513900
1,134600
11,472000
25,872700
13,465700
49,1640400
13,484500
93,979900
3,207800
13,493600
14,487500
1,128000
13,468700
49,1382100
13,465100
9,384100
13,561200
2,193700
37,1141300
13,654600
13,476900
32,1043000
223,1228600
13,467500
13,459200
15,507400
12,490100
13,479100
28,839800
151,883000
2,170900
13,458600
3,189300
3,188700
13,452100
46,1326300
13,460300
50,1850300
13,470300
2,164200
13,457800
14,504400
58,1661000
14,478400
14,479200
14,638400
20,645100
14,486700
1,132200
14,528800
177,1829800
37,1303900
8,323700
14,501100
14,485600
312,304500
30,896800
14,490600
488,1704600
14,481700
7,292200
22,684500
14,482200
7,294500
14,508000
14,485500
14,553800
85,864600
14,478600
14,512300
51,1498400
14,498700
14,488700
12,492400
14,602200
14,480500
14,487400
2,161500
2,169500
17,552800
5,242300
14,481400
398,951000
14,516200
11,476600
14,520500
14,479600
3,188800
14,500600
14,490100
14,550300
14,487400
36,1090400
14,480900
7,299500
14,480100
5,248900
14,477000
14,475000
14,475900
14,476300
189,288100
10,377600
14,480600
45,1545600
14,499800
14,485500
14,481600
6,286100
14,474700
5,243200
8,364600
49,1404800
14,476400
14,483300
4,214700
14,476200
14,484300
546,1689100
18,583600
14,655000
14,564700
7,346800
4,290600
14,498900
14,504500
14,472900
14,471500
3,192400
14,490800
1,132800
14,481200
1,133600
16,538200
2,171900
8,320700
14,473500
14,560000
7,314200
14,480700
14,487800
84,711100
48,1731300
14,474900
10,393200
14,484500
3,188000
22,677200
3,191000
1,132400
38,1139900
14,472400
14,478500
11,401000
14,476600
368,2261500
14,486100
165,1484900
16,536200
3,195300
14,473400
163,1278700
14,488800
14,493500
35,1019000
38,1089900
14,471600
47,1408300
22,798500
39,1289500
14,499600
1,132500
14,473300
14,482500
14,479700
8,318600
14,472500
14,488800
7,312300
14,468100
14,480800
220,1102200
1,130700
14,486000
16,530200
10,398600
14,650400
14,755900
14,539800
14,490500
1,130000
14,476400
11,401200
14,505900
54,1540500
13,447500
31,938500
14,478300
14,474000
14,483800
14,479800
14,472600
7,360900
14,485900
14,743300
64,215800
14,558300
170,1390000
11,403900
14,485600
14,484800
18,581600
14,664000
20,792900
52,1901500
21,671600
8,334200
14,481800
14,623000
45,1322100
14,497800
51,1435200
21,715500
2,162200
7,295300
14,479500
2,163500
14,492700
14,474100
14,487100
14,615800
5,257300
14,476100
14,621200
14,476500
1,131400
14,610000
14,632100
14,536000
14,548400
189,289900
14,477000
14,476100
220,1090900
4,218200
16,561000
119,1631800
19,603100
10,392900
14,477700
10,371800
14,476800
14,484100
14,615600
14,671200
14,483500
19,643200
374,337400
14,473300
14,472200
36,1079400
14,481100
14,478400
7,303700
27,808200
14,655700
1,173800
14,545500
1,132300
14,478200
14,486300
178,2015800
92,961300
11,399600
14,477000
78,566000
14,477900
14,476400
111,1403800
14,475100
15,497300
47,1397400
14,485900
11,495400
14,551800
1,171200
14,500000
17,579500
1,135100
14,490100
169,1455000
3,196300
14,480400
14,473300
3,241800
14,483400
14,487400
420,1531900
14,620100
5,243300
14,506400
2,208900
14,640100
14,482500
14,479100
14,486000
14,482600
71,385600
3,188800
29,884500
14,484300
6,314400
14,477800
54,1515200
14,481200
22,719300
45,1446500
14,538000
2,196200
14,526900
274,882500
27,808400
1,125700
14,463800
14,467400
14,459900
1,123700
2,171000
14,531700
48,1426700
14,490100
14,486400
14,472400
3,188800
14,486000
14,471200
80,654800
14,532600
18,698400
14,506600
2,165000
3,182200
8,318700
14,491700
14,558500
14,477400
481,1636000
8,318900
14,475400
19,613900
116,1542700
14,509800
14,672600
14,481100
30,931400
14,482800
10,370800
14,484600
14,485900
54,1506400
15,526000
14,477700
14,474300
14,480600
14,474300
453,850500
4,216000
1,132400
14,487700
11,518900
14,522700
14,660400
1,149600
14,680400
1,143600
33,1091700
14,487000
17,553200
14,474800
14,488300
199,553400
3,193200
32,953100
36,1056400
1,134000
14,480800
14,484900
14,501200
10,399800
14,496000
19,619300
395,898700
15,501700
31,931900
15,508600
15,518100
30,949800
56,1767000
15,501800
3,233400
15,501600
2,168400
31,1154500
86,814400
50,1443800
15,654900
1,139800
2,161700
15,549600
15,502000
38,1109400
1,132600
15,644700
612,1935300
1,134000
15,508700
15,514500
3,262300
7,405300
15,534500
51,1559300
6,309600
15,522300
15,499800
12,421200
20,630700
15,511000
15,499400
15,566600
10,378500
2,164300
18,596900
24,759000
3,196800
7,294000
15,510800
4,258200
15,695800
15,509100
237,1531400
169,1391400
3,190000
15,495300
18,683800
102,1336700
15,497200
81,723400
15,561300
8,406100
15,546700
35,1163900
15,681900
1,133500
15,501200
42,1213900
16,535500
15,497800
15,500900
15,509700
15,644800
20,628600
15,503800
3,197500
15,502100
15,502600
124,165700
44,1594700
15,540800
15,512100
15,524900
15,502100
3,188800
15,499900
6,265600
15,566200
12,454900
23,722800
5,240400
15,502100
15,501500
7,298000
15,514000
27,820800
15,507600
4,271300
2,222200
15,688200
2,163400
15,504300
91,915700
1,132400
2,174300
15,506300
15,512200
15,507000
142,647200
27,814500
15,503400
15,536700
15,499800
105,1264800
2,163600
15,507100
16,631100
15,636100
6,276600
15,494100
15,518500
118,1579400
15,500000
77,646700
1,131800
2,165800
15,503700
8,322200
2,167300
33,978000
3,196800
15,509500
522,1007600
68,402700
15,641700
8,324100
45,1293800
15,538900
76,518800
2,162300
15,641500
102,1180600
15,561700
1,138700
18,603400
15,510700
15,497700
56,1665200
15,574900
34,1055200
2,173500
12,422600
38,1144800
15,511300
524,1094900
15,573100
2,200900
27,858100
5,240600
46,1340700
15,585900
15,540600
345,1357900
15,493100
15,537800
20,819500
30,913500
4,232600
15,531100
15,520600
1,140800
15,500100
20,637300
15,506700
15,499800
20,793500
15,662000
4,269600
15,668500
53,2107400
19,857100
91,1006300
1,138700
1,125800
15,498500
14,477600
15,505500
1,132400
15,528300
15,494200
22,751000
15,556300
312,312400
15,492800
15,649500
15,637600
15,486700
15,506200
32,969600
3,200800
15,518100
42,1210800
28,851000
5,240500
15,512300
102,1229100
2,164300
15,507100
17,555100
15,539600
15,499400
29,1339900
114,1705800
4,239700
15,645400
8,362000
15,498900
186,199800
15,555300
15,513400
316,407200
73,423200
15,506700
414,1369400
18,581000
15,659700
15,604500
15,510600
17,565700
15,509000
1,130300
15,508100
387,697200
2,168200
15,543600
70,350800
15,505800
26,799600
6,270500
15,498800
15,506900
96,1032100
15,500300
15,743000
15,549800
54,1525500
15,506200
15,499400
15,523100
304,1690100
15,501600
19,613700
15,510600
44,1253400
15,504300
15,510200
34,1401000
48,1385300
15,525000
33,1050300
1,135600
15,662000
15,499900
15,541900
1,135700
1,136700
15,527000
5,240400
15,501300
15,500700
5,248600
5,239700
15,497700
22,704600
15,598900
61,1853000
15,529700
50,1424800
15,531200
15,497300
15,529100
15,509800
15,548200
15,497900
9,343600
15,530200
17,590100
116,1786500
13,534200
15,554500
15,525700
83,703400
3,197300
3,189200
27,831900
15,501900
15,524100
2,163200
15,499200
5,248800
15,509300
19,602400
15,503100
263,655300
12,431800
14,544500
20,851300
15,546100
15,513600
15,566400
11,459100
15,531600
15,503800
31,971200
15,502500
15,506300
15,566900
1,132700
33,1088700
15,709800
15,568800
15,507200
15,506300
34,1143800
14,472800
15,503400
7,306600
15,502900
15,525200
98,1116600
46,1313400
15,513200
10,382500
13,452500
15,508900
83,695700
15,509600
6,269800
15,516400
16,812500
38,1133100
16,540000
16,524200
15,661800
1,157100
16,600500
16,541900
16,525800
21,664800
16,541000
16,575200
94,961300
1,139500
39,1154100
16,603800
42,1526300
20,653100
16,543700
230,1331700
26,820800
15,500300
16,533300
6,276800
1,134400
16,531100
1,133200
16,530100
613,1991600
2,184200
16,869100
16,537200
1,132300
14,477500
17,553100
16,545100
45,1313300
16,541700
3,189400
16,676600
284,1222900
4,218900
16,523300
16,534400
4,217800
16,527000
16,523700
104,1556300
82,681300
1,134400
16,537800
4,226500
16,532400
16,586700
16,565300
16,542700
5,244000
16,524700
31,927300
337,1016800
16,533800
24,761200
16,530200
4,264100
16,589600
16,535200
16,534800
31,924800
4,241400
16,525400
13,453000
16,537900
4,253000
1,131300
39,1129900
21,664600
344,1126900
137,515800
9,354900
16,787900
16,901900
10,386000
40,1192500
16,540100
20,639400
29,940500
16,527900
16,539700
1,134100
23,761500
55,1534700
9,338000
16,525100
16,524900
277,1161700
45,1450100
16,535000
16,550400
4,280400
16,575000
16,526400
279,1107800
16,571200
16,537200
535,1377000
116,1710000
36,1148000
16,542400
36,1062600
16,527600
451,774300
1,133700
20,630800
1,136900
21,669800
4,215900
16,525000
16,553300
1,130000
7,295200
20,635300
1,133800
16,539800
1,144500
16,687600
49,1514800
7,298300
16,551500
40,1143700
16,537700
236,1590300
20,683300
16,530900
272,878000
16,626500
16,628300
16,525900
53,1494400
16,527800
16,535200
16,528900
111,1468100
13,448900
16,527300
16,522900
16,567300
616,1976200
16,577000
41,1256300
1,135700
42,1218800
2,177700
16,551800
305,1708200
2,175000
17,558300
16,529500
1,132200
16,537600
91,924700
16,534600
245,2078200
16,542900
16,539000
16,548900
16,737200
16,665300
22,678900
41,1207800
4,219600
43,1229700
312,304000
2,161800
16,529700
29,871400
68,380000
9,510200
16,528700
16,545600
6,293400
3,188900
16,525100
5,244800
1,131400
10,381800
16,524200
32,987200
98,1395100
12,427500
16,530300
74,867400
5,337900
16,594100
7,312700
30,1155100
5,280400
16,526500
2,155000
16,545300
27,824500
35,1018100
8,329900
16,549400
16,527500
19,609300
16,528600
11,398200
16,526600
59,1647200
28,1053100
28,846800
16,530800
16,545700
2,160400
42,1213500
16,601700
301,1643400
16,554800
20,640200
31,976800
16,524200
3,186200
16,521500
5,274100
1,155800
2,178800
16,620300
97,1118900
16,537700
14,489400
23,723400
5,243100
16,695200
16,523000
57,1645500
12,432200
16,534100
22,695100
74,454100
53,1890200
16,528300
2,170600
1,133400
16,540600
16,540600
16,522900
36,1077000
16,533500
14,472300
16,542500
16,533700
16,522400
4,215900
19,657100
16,540100
16,526000
39,1293300
103,1248700
16,580000
16,534300
160,1122100
40,1247300
16,624900
16,539300
16,528000
6,270200
16,532700
1,141900
16,540700
27,947600
16,536500
16,540800
4,223800
16,528400
16,528900
2,162100
16,534600
16,526700
539,1455300
16,534300
5,242700
16,525900
585,1062400
457,910600
2,173000
16,544400
20,832900
177,2034100
3,190000
16,538400
16,537100
16,560600
40,1179200
16,543400
4,214700
16,526000
16,545800
1,132600
16,525600
5,242700
16,525200
16,539500
243,2119900
16,532300
16,559400
65,227800
5,250100
20,694100
16,532700
11,420300
16,548400
46,1340100
16,762500
16,553100
16,532800
20,650300
17,617400
17,546400
31,962600
17,561600
443,540100
17,554100
17,566600
83,686600
17,575000
156,1027500
17,554200
14,481500
25,834200
4,224200
17,560500
14,487600
17,655900
17,649700
17,564000
17,586600
41,1294300
30,1017900
17,560900
4,216400
17,565500
17,569000
7,293900
17,549800
4,223900
27,819300
2,161800
44,1263800
83,904900
17,591700
17,574900
488,1701100
23,719500
5,244100
17,552800
17,562600
57,1649800
17,561100
52,1547000
5,259000
17,733300
17,568100
20,647600
5,244900
17,561500
38,1163700
17,562200
56,1596500
17,555500
108,1363000
17,561200
17,552400
17,563300
7,294400
17,624200
17,587400
2,163400
17,563600
17,580300
17,556200
17,565700
17,553800
17,550700
17,655600
17,566100
17,566800
4,216500
17,553200
17,560000
4,214300
17,550300
1,140300
17,558700
1,131600
6,271800
17,789300
27,818300
17,557500
6,277300
17,561600
17,568200
17,553700
66,248300
17,559800
11,401500
17,575800
17,566500
195,460700
17,561500
17,553300
17,562800
17,588900
17,565200
17,973700
18,616200
17,556000
19,600900
27,830600
17,554900
17,581400
3,189700
30,954200
30,937900
33,976500
17,552300
7,296000
42,1398800
17,551400
211,923400
2,162900
17,654100
17,550600
6,268000
17,566000
17,553500
3,189800
17,580200
18,590100
17,592100
277,1050700
19,623400
66,250200
3,190300
17,552100
613,1975600
138,547600
1,133000
17,554800
17,552200
4,217600
24,767500
5,242500
2,161200
17,557600
59,1661700
22,706700
17,732000
17,555300
17,572800
61,1856500
1,134900
17,572100
17,593700
17,645900
17,570200
1,132100
4,217900
17,573600
152,901900
17,556400
64,194800
17,561700
17,553400
82,664700
17,557100
17,815600
17,652500
54,1551900
32,1272600
17,568100
17,559200
17,553700
5,241700
6,271000
17,565400
17,557400
17,581100
17,739400
17,581500
41,1361500
17,633500
17,556100
22,707600
7,297800
17,557000
19,613400
17,565500
17,554000
50,1405900
17,645600
17,954700
2,253000
17,574700
22,685300
17,712200
17,693100
2,162900
17,551400
6,273000
17,561800
3,192900
25,753100
567,838500
15,653500
17,589500
18,607600
17,546000
277,963800
17,564200
17,567900
270,799600
143,815400
120,1653700
35,1044400
18,599500
17,560900
5,248500
17,549500
17,562200
13,460000
8,321600
17,559500
17,582700
17,569600
25,964300
17,805400
17,689400
17,549800
17,549600
17,554300
17,538400
17,556400
2,164100
17,710600
1,134700
17,548800
60,1669900
1,140000
1,133900
17,638400
17,564200
24,747800
17,626000
311,302600
17,593700
2,190900
25,773900
17,566000
17,587900
16,533600
18,585700
18,595600
10,468100
18,655800
18,592800
19,635200
18,578400
15,513100
18,610900
18,583200
10,419000
11,479800
18,692300
27,837300
22,688200
20,651300
18,603300
18,592700
236,1481400
5,268300
18,620100
145,711800
18,640700
11,397200
2,161400
31,1339000
18,649100
44,1288100
18,643200
18,576900
18,581200
18,587100
48,1348100
18,590700
306,1761900
18,589200
18,868200
18,605300
278,1008600
18,581400
18,574700
18,579500
563,518200
18,585600
18,606900
8,328100
18,578400
18,848600
18,690400
18,596900
18,576900
304,1990100
73,433800
8,319000
18,596700
18,582300
218,1046300
29,898100
7,297300
18,580100
18,585400
18,578800
18,578900
23,706800
18,586300
149,1045800
18,641200
490,1881800
18,587500
18,580600
1,133700
18,588000
18,581800
18,579500
3,190300
10,371700
32,963500
18,580700
367,1962100
18,611500
5,246900
2,163100
18,600900
3,189100
33,1045500
18,598900
1,133300
4,217400
18,575900
18,591100
18,754800
18,579900
8,335400
18,591400
18,763800
18,618900
40,1306000
18,668200
42,1522500
18,585100
34,1019800
4,215500
10,371600
18,589500
2,169300
18,580100
32,964700
18,584100
18,584500
151,894700
3,189500
18,665800
12,439200
32,969000
18,579000
18,630700
1,154300
18,795300
157,1044100
18,587200
99,1090600
38,1169300
5,253400
18,581600
51,1628400
18,605900
13,452400
46,1323900
5,252900
18,580500
187,221800
18,579800
113,1529200
7,301200
18,578600
18,629100
3,207300
18,831400
18,785800
18,720700
3,206900
18,573900
18,581600
15,513200
4,209900
18,589100
18,595500
18,601500
38,1094400
337,947600
18,583100
18,579000
38,1097900
20,643000
18,610600
18,723300
26,851300
3,191400
18,591900
5,249800
18,756500
18,872500
303,2397000
5,244500
22,728500
3,227300
18,832100
18,602600
389,722800
18,624700
85,743500
18,662100
3,182300
18,593800
18,617800
18,711100
18,727800
4,229200
24,743800
18,609800
18,593900
18,622200
2,164300
31,970800
18,740300
18,678600
18,633700
5,244300
18,581000
1,133500
5,243500
18,581300
18,754400
36,1054800
18,589300
31,930200
177,1692800
18,602400
2,159800
21,671600
254,488500
18,651900
18,592300
89,845100
18,580700
57,1701400
18,582800
18,599800
144,688300
45,1301900
4,218200
18,608400
33,1078000
3,214200
18,640100
18,584800
245,1785600
18,652500
18,612900
29,866400
620,396900
18,577000
115,1517200
37,1079200
18,688600
1,181700
18,780900
567,590500
44,1250800
62,133400
18,570500
59,1681100
25,769800
168,1297500
18,587800
518,914100
18,579900
18,872300
18,635500
521,1082000
5,246300
11,404900
18,700700
123,1710200
18,613500
5,337000
43,1233600
18,585900
18,588000
39,1196200
18,727500
18,575300
2,164400
18,590000
18,577400
18,580400
19,603900
19,608600
112,1438200
19,606200
19,606600
10,376100
33,975300
4,216300
19,640700
11,428200
19,692100
19,611200
19,628900
1,160300
11,557500
19,751500
25,802600
9,345100
19,607300
10,378800
19,622600
19,602400
52,1454600
1,132500
2,162800
40,1145200
19,925000
11,420800
46,1311200
98,1089400
19,615100
19,609500
46,1351800
19,611900
19,608600
19,731500
23,749200
251,307300
19,636200
2,249100
19,842700
19,616600
121,1675400
19,603300
19,622400
11,397500
19,615100
36,1062600
19,608200
3,253500
31,922500
19,600800
19,611700
122,1946500
19,848800
9,346300
19,660900
34,1048800
19,609700
11,402300
19,615500
19,603400
19,630800
155,1007600
19,611800
19,762500
19,632700
1,131200
19,640100
19,613800
2,165900
45,1273800
23,721600
18,580600
19,607500
19,623300
4,218700
3,187900
7,294400
36,1047700
19,626300
7,293400
19,707100
19,930200
19,611000
19,606600
98,1117200
24,737700
19,616200
19,603400
19,609700
19,609500
19,607300
50,1412500
19,608400
112,1599100
19,606900
35,1055700
19,621400
3,191300
19,609500
42,1374000
19,648500
19,627800
19,609700
42,1198800
19,611600
5,242800
19,688300
55,1858600
7,297900
7,301200
9,370400
29,861500
19,603700
24,751400
19,618700
19,607300
19,608500
19,601400
19,598900
54,1609300
19,704500
19,733800
1,133800
19,614500
19,624100
19,609800
19,606400
21,666600
7,310500
19,607700
19,613600
610,1700000
19,664500
191,328500
32,945700
19,882900
7,295100
19,620200
34,1040000
19,720600
65,214100
19,598800
19,639900
12,422300
19,608500
5,245800
19,716800
19,659500
19,610100
267,730500
13,446200
29,1037500
55,1558800
3,190700
2,170200
19,605200
19,603900
19,606700
19,618000
42,1226200
19,606900
6,279900
19,609800
19,601200
345,1268500
123,1803600
12,425600
19,770200
19,774800
25,762300
19,602300
549,1702900
19,640600
22,690400
19,608500
44,1526700
9,351600
19,622400
5,301700
19,614200
27,809000
19,620700
19,611900
5,246600
47,1386100
1,133600
19,602400
161,1155600
19,737600
7,396100
19,805200
2,167500
19,635100
19,675300
19,616200
25,887500
19,655000
1,144500
19,615700
21,685000
241,1747400
19,657700
19,639800
5,257800
7,298600
19,751100
42,1297500
19,643600
19,676800
9,349700
19,678100
19,607200
19,659900
35,1063000
19,633900
8,443600
19,658100
2,157900
19,633400
42,1522400
19,652600
39,1195100
1,128900
19,639400
19,628500
6,311400
19,680500
20,801500
22,768000
20,693600
20,666500
1,137700
3,211000
20,656100
20,667300
14,705400
20,834800
12,539300
27,975600
45,1364400
3,189400
4,224500
20,637200
20,671800
23,769900
7,303500
20,667700
20,754100
2,179700
20,669800
20,741800
20,1128600
12,535900
20,646000
2,165400
20,634700
12,439700
3,183300
25,800800
361,1737200
22,703300
28,868300
1,131300
20,678600
20,638500
1,131900
20,737500
2,236500
20,732000
20,704900
20,648600
101,1218000
20,672500
1,154100
20,658500
20,678000
20,648000
35,1647500
46,1942700
20,934500
3,340900
16,903300
20,731000
4,239100
1,121900
20,626400
22,706500
20,640700
1,119100
20,644100
1,125900
2,154300
20,651200
5,231700
24,752400
20,654700
223,1505100
20,716400
186,186200
41,1242900
20,658700
321,538300
20,615800
20,627600
25,764500
20,651300
612,1891800
2,213800
38,1425400
207,1041700
20,834800
19,814200
20,862400
3,234700
48,1910400
28,1169500
23,955400
5,314900
20,891900
24,1065600
20,887600
3,235100
14,633300
20,1019100
459,1475000
49,1413400
4,225300
1,171500
20,844200
20,940200
15,681200
20,840000
20,872800
20,834500
20,836200
22,983300
20,832300
20,901600
3,227700
10,478400
20,688400
20,635400
20,642200
20,964100
112,1504000
20,644400
568,729500
20,670200
20,647000
6,269100
39,1232600
69,345200
20,664000
71,379500
2,174000
20,654800
20,735900
478,1824200
20,730400
20,638300
20,647600
20,663400
71,369800
20,773600
147,923300
11,786700
20,772900
20,682000
11,406000
20,726500
20,721500
21,866200
20,690300
404,1691100
20,694400
35,1096600
20,782300
4,223200
16,531200
20,650300
98,1248300
20,641500
20,803800
16,622200
26,923900
20,798600
20,647600
20,674300
20,705700
15,516800
20,654300
20,701300
20,707600
4,217100
20,642400
70,444400
20,639900
49,1572400
20,642700
20,643600
36,1111400
20,638300
13,461400
23,713700
20,811300
20,713300
38,1141900
20,746200
20,656000
20,726800
3,241000
43,1264200
20,646400
20,638500
82,663100
20,662800
20,637300
16,546600
20,631900
3,205300
20,633300
21,656900
20,721800
20,637600
20,772000
261,612000
73,436500
20,638200
20,641200
20,767200
1,134900
20,689600
20,656900
73,434000
20,634300
5,242400
20,684400
1,135700
2,168200
46,1301700
21,670500
24,956100
21,829300
21,661600
21,662500
21,675900
2,164200
21,660500
165,1256200
21,661300
21,664300
21,663300
21,669200
111,1526400
21,909400
21,810700
44,1258500
32,972100
46,1424900
21,664600
21,658000
21,670900
1,130900
21,670700
3,192400
37,1109500
8,323000
21,798500
5,244600
21,670400
21,660400
23,714500
4,219000
21,656500
21,1151000
3,193400
21,731600
2,164000
21,665400
21,740500
21,659100
92,921800
21,940300
21,680300
6,272700
21,664200
2,178700
21,956400
21,634200
4,199900
21,663100
5,231900
21,680100
24,733100
34,1009500
54,1513100
21,1000100
136,630500
48,1392400
21,698100
12,427500
21,663900
21,668900
21,657500
21,652900
21,669300
21,660900
21,655300
21,665000
45,1424500
2,161800
21,666100
223,1169100
6,276200
21,734100
3,180600
8,322800
21,690000
21,669700
21,740100
21,645400
21,763500
16,716500
21,1186500
21,885200
21,913300
152,1199900
7,391500
21,944500
21,943900
2,240400
21,872300
21,668400
21,676500
8,332100
41,1183300
21,712400
21,750200
21,664200
8,333500
21,783700
5,285400
21,680900
63,167900
21,661200
21,728500
4,224200
21,665100
226,1255400
21,668600
574,773100
1,132400
21,761900
43,1679700
21,667400
25,764200
21,679800
21,718300
37,1167900
21,656500
477,1434200
22,818000
1,130900
31,1130100
157,1031800
4,217500
21,668500
33,972600
21,655700
21,660200
21,666000
21,720100
21,657400
1,132400
1,132000
21,660900
1,133500
21,676500
4,215100
21,662300
21,905900
228,1373000
3,191400
21,684000
19,607500
21,689500
29,952700
1,137600
46,1345300
49,1390400
21,678100
5,250800
21,654400
4,272300
27,881400
1,149200
21,660700
21,672400
21,674200
27,820800
14,487800
4,212900
21,661800
21,702200
224,1198700
23,723600
21,680200
1,158900
29,879600
21,862000
1,139200
21,832400
21,659300
1,133100
22,697700
22,690400
1,133200
22,704700
2,166400
22,698900
43,1233100
22,682900
22,681400
118,1886500
27,812600
22,669700
22,679500
22,674000
42,1188300
3,224200
22,675300
36,1031300
22,959100
3,253000
22,994300
155,1387200
22,965500
22,958100
22,977400
16,751100
25,1095800
25,912000
22,704200
3,193600
2,162500
22,689300
99,1114700
22,957200
4,266000
22,694600
571,718300
22,723200
22,973900
11,400800
22,704600
22,716000
22,899800
2,202900
22,738700
1,134100
22,683700
22,686400
13,464500
30,1068300
59,1726800
22,702300
142,646600
22,686600
3,224600
10,377600
26,800400
22,692200
22,692200
22,685900
56,1702700
22,729800
22,677600
22,719000
95,1049700
22,694600
13,450900
22,698800
53,1490200
22,725800
22,694900
22,694200
45,1427000
19,666000
22,702100
22,706900
22,686100
22,693400
1,133700
22,841200
32,982100
22,769200
1,134800
1,132100
41,1185200
54,1505100
22,769800
22,708000
112,1459300
2,164500
10,372900
22,692000
42,1220100
8,317500
22,722000
8,328500
22,739400
2,162100
29,872500
44,1248400
3,196900
40,1403000
1,136300
22,696300
2,169400
2,163400
24,753800
18,589900
26,787500
22,696300
22,702900
25,753900
224,1241900
4,216900
22,684500
22,680300
22,810300
24,815800
22,697600
22,672500
553,1819700
48,1463800
140,583100
22,682400
22,699800
22,684700
6,270600
42,1325500
2,214400
22,852500
22,693900
72,398700
44,1262300
22,729300
1,132700
43,1265000
2,163600
4,214100
14,480000
22,679600
22,703500
1,132800
9,347700
22,683200
22,817800
22,779400
22,701300
48,1355300
24,748500
13,449300
22,742600
12,423600
22,690700
484,1663600
22,679400
1,138300
22,707100
423,1917800
9,359100
22,685700
22,691200
22,688500
22,679800
22,676000
2,163600
22,776100
22,920200
22,710900
221,1197600
7,297000
22,761300
22,758400
66,255500
29,1136000
22,687000
526,1182000
200,556400
31,951200
22,687000
13,449900
22,724600
22,696000
2,164700
22,696900
55,1803700
4,223100
22,704100
27,966000
63,168800
55,1552000
1,134500
22,682800
45,1288500
9,344900
22,691300
16,528700
23,714200
22,697000
22,912700
23,710300
23,722100
5,241200
23,723700
23,731800
26,785700
23,983900
23,711900
23,735500
23,733400
66,316300
23,758100
23,724700
23,1033000
23,718100
30,899500
70,351700
23,713500
2,179300
23,705900
97,1092000
54,1510500
23,713400
23,708700
23,709000
23,813400
91,1107400
23,731300
23,711200
6,304200
23,712200
23,855200
139,574200
37,1077600
95,993500
5,249300
38,1449200
23,718700
23,1010000
23,756900
28,867500
23,709500
23,720000
23,715100
11,515500
23,722000
160,1114700
23,710300
23,724900
23,823900
23,906100
2,234000
23,928700
342,1179700
23,715800
23,720100
23,710000
81,670800
23,738300
23,729700
56,1574200
23,716000
46,1847600
5,244800
23,779000
2,160100
23,710900
174,1462200
23,784300
23,799500
23,713700
23,711500
23,736900
196,454400
89,839200
25,1064200
18,601300
23,726400
39,1138000
23,736800
6,271700
23,711600
23,724200
23,760600
23,710100
191,380500
23,716000
5,244500
29,941800
23,804100
23,907400
23,721400
8,322000
23,708600
16,546800
23,743600
23,719800
23,743200
23,725200
23,707300
19,608000
23,708300
23,972000
27,905300
437,390200
9,352800
7,292700
23,754000
246,1768800
170,1372100
23,857300
23,995600
23,942800
74,553200
7,307100
23,744300
40,1144900
23,721600
23,715900
23,712000
107,1327700
18,579200
23,725900
2,164800
23,708200
1,131900
4,216800
23,749100
47,1601200
23,723800
1,125300
29,1002800
1,139000
46,1304000
23,715900
23,710000
23,813000
65,226800
37,1129100
12,422900
23,709000
66,355800
23,800900
342,1087500
50,1415000
23,725400
23,713500
3,190500
23,731600
6,271100
3,196800
23,704300
23,715600
99,1343100
23,738600
93,1174500
23,723800
1,145700
2,165300
7,292900
31,917600
23,731500
23,713000
111,1421400
1,133000
23,708200
4,217000
12,426100
23,730200
14,536300
23,723300
23,803200
23,704300
3,188600
23,729200
414,1360100
111,1539800
1,132700
23,706900
23,734300
23,706200
23,721800
34,1005700
23,917100
23,842100
327,867200
4,228600
12,426900
16,531400
24,750800
24,737100
24,733000
29,875700
24,736200
24,743500
24,742800
222,1191000
168,1549200
1,128000
24,776100
27,819500
24,746800
72,415000
24,746000
24,733700
24,783200
134,437500
24,734900
24,741800
14,499600
24,761400
24,885100
33,969900
24,743700
24,737600
200,558000
24,753900
152,1148400
24,786600
24,735100
24,823000
3,200900
2,162800
24,826600
351,1533600
28,842900
24,754600
50,1453200
24,742900
24,734400
24,741500
24,736000
24,972500
24,745900
125,209200
4,219800
12,427200
24,926500
1,137900
24,738600
45,1361900
49,1398600
24,732800
24,726400
24,745700
24,736100
24,728300
24,780900
24,847700
24,876500
24,745100
2,163400
24,732300
24,751000
63,166700
3,195000
28,838900
24,1226600
24,1073500
95,1000000
3,182100
24,731800
311,270900
58,1925400
24,753900
216,988700
24,736100
24,735000
2,165000
42,1201600
3,190600
1,132400
6,272500
24,743500
2,160600
24,733300
1,138100
24,805700
380,482200
1,132200
24,940300
1,139800
35,1059900
24,1397200
79,599000
16,528800
24,749300
46,1325800
24,746900
1,132500
24,730000
8,323700
24,768300
444,663600
24,866900
152,898800
24,733100
24,744600
24,731000
24,745500
279,1023400
24,734900
221,1132100
24,853300
59,2038200
24,741900
24,741900
23,712900
24,1050700
1,133200
24,746700
19,612700
24,740600
25,782500
36,1046300
25,786300
14,473200
25,914400
89,883700
25,788700
3,191600
25,799500
4,233600
16,602600
25,765900
25,765600
5,296800
25,757900
25,808800
33,987400
25,777700
1,136500
25,927700
9,444100
25,771100
25,760400
25,778200
25,772500
25,756100
37,1085400
41,1238100
3,194100
1,133500
25,759600
5,241800
25,853300
25,906400
1,165500
25,948800
428,1770700
127,250400
25,811600
193,441700
34,1003400
23,713700
25,778300
88,834200
25,765100
25,785900
4,215500
25,896000
3,184600
4,218100
32,988600
25,767100
17,559400
25,830000
2,164600
30,921900
25,761100
5,242700
36,1044400
349,1260300
25,767200
19,866100
25,819200
25,766200
2,165100
17,621800
25,766000
25,795200
46,1313000
46,1336800
19,626900
25,781100
9,354900
25,1424100
5,249000
25,799800
25,766800
25,778200
25,765600
77,535700
2,161500
25,771100
260,543200
25,776800
19,727100
12,434600
25,774900
14,511100
25,786500
25,806500
2,217400
25,1000900
66,290600
25,800600
25,775300
65,219700
25,765800
25,832100
25,763000
25,776900
4,216800
2,160300
25,756800
25,873900
25,837400
25,773200
3,191900
25,771900
1,131400
25,768700
25,792400
32,959200
25,822000
25,802000
25,804300
8,331500
25,762300
606,1921800
139,559400
4,224300
25,939100
25,768700
25,774800
16,533200
25,762200
25,767600
286,1270300
38,1100000
25,761400
1,133000
25,841300
47,1473500
357,1531900
25,774300
25,758700
25,773000
6,271900
18,580600
25,758200
217,1093800
4,253200
2,163400
29,993000
148,853500
25,767200
115,1537000
56,1576700
25,756300
25,778000
7,293500
8,319400
25,781200
13,450700
25,765700
152,990800
11,496600
15,618600
25,1012100
25,765800
25,851000
25,874100
25,873900
490,1747600
25,774500
26,776700
26,812300
2,169900
26,852800
77,663900
26,869400
26,902600
26,838400
10,440600
26,974800
26,805900
58,1672000
43,1307100
26,1044200
26,799400
26,805000
26,811100
158,1065400
26,795800
26,785500
205,710100
54,1522200
26,872900
504,607200
6,331400
26,973000
26,792300
26,796300
346,1270500
26,802000
43,1332100
30,958300
26,791300
33,973700
26,940400
54,1544700
5,244600
26,798800
1,133300
41,1201900
5,250900
1,133000
26,781500
12,430300
26,791100
26,787400
26,787600
26,796500
215,1235100
26,793900
2,153900
26,889000
26,850300
246,1741800
26,782500
26,780300
12,434300
26,790600
3,192200
7,294100
26,823400
1,132500
26,880300
1,197200
26,888800
10,380600
26,778700
26,797700
26,785300
4,215100
26,798700
26,785600
556,2185300
94,988000
26,918200
2,209900
26,1067000
13,457700
26,785700
3,196800
26,886900
26,790900
2,171500
26,789600
29,870300
26,809900
26,785400
37,1096600
26,1032500
13,532000
26,784900
58,1849400
26,838500
63,176100
26,839300
26,865200
20,692600
26,842500
1,140300
26,815100
26,823900
609,1815800
7,297600
26,815500
26,796300
17,549600
26,782400
192,358600
2,169500
32,954300
7,292500
26,792600
26,953900
26,835500
26,950600
26,873100
27,876400
100,1358700
26,946400
10,414600
2,196900
26,992300
7,365100
26,1004600
26,973200
8,455500
26,1008400
26,918400
5,290200
26,986600
45,1702500
26,970900
26,944200
13,602000
26,808500
9,379600
26,1287300
26,870400
27,949200
13,508200
27,815500
27,918400
27,845100
8,337600
27,830800
27,835900
27,836500
3,202000
27,832500
14,492400
27,935500
27,920700
27,1001300
2,166300
27,861200
27,826300
293,1458600
27,854300
27,866200
27,929300
27,821100
27,898400
27,1001400
27,815500
20,677100
6,284000
40,1200300
40,1274500
38,1548800
27,816900
27,837400
7,304200
27,930900
11,414900
27,828700
27,829800
27,833300
27,826200
27,836200
27,852600
36,1083400
27,865600
29,884000
27,881000
27,986000
27,940400
202,649000
16,548800
27,833500
27,856500
58,1667900
27,862400
27,820900
27,829700
136,548000
96,1105500
27,833800
15,510000
6,270000
27,820800
17,575300
27,1002200
27,804300
27,797500
27,934500
27,1009100
3,191800
27,921700
27,856300
27,854000
27,887500
3,191900
41,1225300
312,304900
27,810500
19,611400
27,825900
29,887000
27,822900
202,638100
27,1008400
41,1214100
36,1044900
27,820100
27,883800
27,820500
4,217400
27,826100
3,210800
27,810200
33,991100
27,819300
27,900400
30,931800
27,853400
27,945200
3,198700
27,1042900
2,165100
27,808000
27,828500
27,804400
27,823900
7,294500
8,321200
27,806800
27,1036200
3,216300
27,892200
27,853800
27,837000
3,190700
27,820600
1,131500
28,835200
72,400100
28,850400
28,833700
28,844400
117,1653000
19,730900
28,835900
28,875700
2,163900
28,842900
29,964500
28,833300
28,892900
28,903300
28,889500
28,839700
9,348300
28,1013200
2,162100
28,833400
28,871000
18,598600
28,838900
28,841600
28,831400
28,847200
52,1456000
28,851400
28,841200
28,973000
28,929000
7,299000
28,952500
28,929000
575,857200
54,1506000
6,271900
28,839100
5,244900
2,161000
28,850600
36,1207900
238,1723900
28,851300
28,858500
35,1027400
5,243000
28,835200
23,720100
28,860900
49,1501200
28,967900
77,732300
17,560000
1,133200
2,175800
29,885000
28,858200
20,666200
28,919400
3,190400
28,832200
6,268200
2,163000
28,849400
1,133500
28,836000
28,957600
292,1554300
45,1346900
28,919200
28,910400
69,342900
1,132400
47,1381400
106,1291200
7,292200
28,879700
2,162200
28,849300
75,484700
28,1018300
88,831600
28,862100
208,772700
4,217200
28,928400
34,996400
28,836700
28,874000
2,161900
14,474700
28,1135500
29,1175400
27,840700
25,824900
28,866900
28,880200
28,844100
131,356900
28,887500
297,1489800
3,188900
2,169200
28,862300
2,164400
28,863200
28,1200200
23,742500
28,888000
39,1152100
50,1540000
28,836700
3,190600
28,848300
28,833800
163,1196300
99,1446000
28,834500
1,147900
28,835500
28,839300
3,192400
6,267200
28,851800
12,423300
37,1065700
28,884900
28,841300
28,847700
5,245300
28,940200
28,991400
3,184700
7,286600
28,839400
28,859400
28,824800
28,931000
12,414500
29,920100
29,879800
29,856200
29,893800
3,191900
29,1104200
29,888700
2,166900
29,930200
6,282400
11,401000
29,861300
15,502100
43,1398100
2,155200
9,359800
29,888500
10,372100
29,882700
29,905500
29,1158100
3,191200
29,876800
29,903700
4,214800
19,608900
29,906400
165,1252900
29,919600
112,1490400
29,902900
17,781900
39,1653600
1,140200
29,1135400
5,253500
29,874700
23,730200
36,1073200
29,890100
4,209300
29,871100
34,998200
29,1095900
3,214900
29,886700
29,874900
75,504200
10,383700
29,910900
29,909000
29,902500
29,997400
16,567900
47,1771100
29,871900
1,140300
29,891900
7,318300
29,1095900
29,902200
29,871000
29,882500
68,302700
29,879100
29,896100
338,1010800
29,1198400
2,164600
29,891900
29,921700
29,888900
75,496500
29,883000
29,904300
5,246300
11,424000
29,879300
29,887800
29,879000
29,1185900
2,164800
29,868300
29,915600
7,301100
29,894600
31,925500
29,865200
37,1087000
29,900000
48,1716300
29,1056000
29,868600
29,873200
29,896600
139,556300
19,603300
29,871800
2,161800
29,918000
6,290000
1,130800
29,867300
14,476600
29,907100
34,1286700
29,875700
29,897200
3,192200
35,1387900
62,139200
15,559900
27,893800
29,885000
29,1019200
29,880400
6,316600
29,868600
5,375500
42,1420100
201,631600
29,962000
29,1132000
1,116000
29,900900
1,119000
38,1075700
5,224500
29,964300
29,950700
278,1365000
1,180800
29,989900
13,461200
29,937500
22,829600
30,911600
1,149200
30,925300
287,1256200
1,141700
30,930000
30,950500
2,200600
30,1230900
3,205300
45,1362300
113,1522000
30,1127300
30,956300
9,362700
30,963100
1,148400
30,907800
37,1193300
4,257300
2,272300
30,892100
30,904200
5,245100
30,896800
78,574700
30,1003300
30,895600
4,222500
30,887500
30,910000
10,390200
30,891400
30,1153300
30,1118900
30,1144200
30,967100
30,939100
32,1049200
434,308300
157,1259700
3,243600
30,1625900
30,1229900
30,874600
5,244500
30,926700
4,217800
30,885200
30,901400
30,906600
1,132600
6,289700
30,1077500
30,913200
30,895300
92,1283300
30,908500
546,1680500
111,1531100
30,909700
30,949700
30,879400
13,455700
30,907100
44,1425500
8,321200
17,553500
30,884100
2,172700
30,1038000
266,710300
30,893500
30,905800
30,912100
313,323500
2,206500
30,906700
33,978800
30,1232800
30,902700
30,885400
30,875800
47,1330600
48,1352200
30,938300
278,1008300
32,1198100
30,1140800
2,164400
30,922700
4,218200
30,919200
30,908900
37,1117800
121,1697000
30,902000
1,132800
30,1001000
89,841200
30,1072200
2,166700
1,134200
30,908500
118,1595300
30,885300
30,1071300
30,930300
30,927300
30,910100
30,905300
30,1025200
237,1579400
3,193100
2,162500
30,909100
497,357200
30,892200
30,899800
31,1010900
9,359800
1,139300
30,887200
230,1346300
15,524400
48,1830500
30,914100
30,915500
4,218800
30,881500
30,962400
30,883500
30,1008400
26,787800
30,989200
30,1126100
18,590700
30,887400
30,909400
30,879700
5,245500
30,902500
90,862000
15,610000
30,1164500
30,897600
30,1222500
30,936800
30,946300
30,918600
4,288100
45,1269800
12,425900
30,894900
30,883500
30,945600
30,879700
30,990000
282,1145700
39,1157200
30,977400
47,1353100
31,935600
31,954000
31,924100
92,911500
31,971900
268,1029700
175,1549300
31,929200
87,805300
15,500700
31,900700
31,938600
3,195400
31,920300
46,1349400
31,1187700
31,1126700
46,1343400
31,919300
23,725000
31,909600
49,1374800
303,1656100
31,918700
11,398300
31,1209500
185,1810900
2,163700
34,1004800
31,1145700
2,167600
31,958100
31,919100
249,278800
35,1055900
9,357200
1,133000
31,950200
31,1071100
31,929300
249,256500
31,947300
31,933600
5,244500
15,501400
31,914900
2,169900
35,1024200
31,928400
31,925400
3,220900
31,1461900
31,1000300
2,166700
16,574900
31,918900
21,676200
15,509100
38,1102600
31,960900
4,210400
31,927000
31,969400
44,1407100
31,967400
31,958100
37,1071600
31,918000
2,160700
31,980000
4,223900
31,980100
31,931300
31,979600
31,1242200
31,993000
31,937100
122,1741700
31,928000
31,915000
31,919900
2,160500
31,907800
5,243700
20,632100
31,910100
31,1131800
68,416000
31,1008700
69,378800
31,912700
31,928100
31,914300
31,993200
31,907300
31,956500
26,780000
2,162000
31,1065600
1,134200
20,654400
31,923700
232,1414400
11,397800
31,924300
31,933500
31,1070800
14,477700
31,1025700
31,927100
319,574100
53,1724600
31,925100
32,1005500
32,992000
32,949800
32,956300
32,950200
32,967000
129,298700
32,1045000
32,1110200
32,1029600
2,171700
32,967500
5,294000
32,968200
32,982200
1,138300
32,976400
3,192600
32,947700
48,1394700
32,1145100
1,165000
32,957400
32,987800
32,938500
209,801000
32,956200
3,190100
32,956600
82,841200
2,153800
15,521900
32,955200
32,1045000
32,1192700
1,136100
14,556600
32,982100
32,947900
44,1291400
32,948900
6,276900
32,984900
170,1404100
32,1067900
38,1164300
1,140400
32,994900
32,1051100
32,975000
32,989100
1,132400
2,165900
32,966800
32,961100
32,968000
32,991200
3,228800
32,996200
46,1711500
32,949400
527,1141700
123,1722500
32,980500
32,1006100
42,1682800
32,1183000
14,509900
32,988400
32,953400
32,972000
32,985000
102,1190900
32,949900
32,967300
8,320000
32,1141400
448,906400
196,503600
3,195600
32,959700
32,946500
254,382000
3,201700
32,1103200
454,872100
8,322300
4,218400
20,687900
35,1028800
25,1075000
32,996400
32,976300
32,981400
32,944000
32,1220600
33,1005500
5,249200
32,986800
47,1341400
3,311600
32,1198800
32,1205400
32,964600
32,993800
32,1026700
32,958100
4,210100
32,973000
32,971200
32,1039000
5,344400
32,1047100
15,515800
32,984800
47,1353600
5,242200
32,936600
519,1313200
32,972200
4,216700
32,998500
312,353200
2,161300
13,453400
33,1073900
1,131900
1,135300
33,979200
2,162500
33,965300
33,968000
8,318900
33,962700
33,972500
33,993600
33,982500
33,980300
33,1237000
33,1063500
33,1005200
33,977500
413,1360000
33,970400
18,586800
33,961000
33,985700
33,971600
121,1921100
33,1010300
33,960400
4,223400
41,1165600
5,244500
33,969700
3,191800
33,1091900
33,1027400
33,1008900
69,427200
28,929700
33,1009400
33,959800
3,190500
33,970500
1,131700
33,960800
33,970400
20,663300
33,968800
33,973600
33,1116900
3,179400
19,663900
33,1019900
2,171200
33,997900
33,978900
33,1058100
33,975100
33,1010700
1,132400
33,979500
103,1228600
4,282800
33,1213700
33,978500
20,659000
33,965300
67,281200
33,964000
239,1569100
35,1286300
33,1154600
33,1248000
33,985200
33,1010800
33,1016700
255,402300
45,1343000
14,473800
34,1003400
8,318800
34,1018300
1,140600
34,1005600
211,1041100
34,990600
32,1026700
34,985800
34,1285000
34,983000
4,209900
34,1149000
34,1012300
34,1192800
56,1597200
34,1019000
118,1634600
52,1444600
1,132600
34,1002400
107,1289500
34,1011900
67,386900
34,1261600
34,1050800
34,1025400
34,993400
9,350300
34,1038200
6,278400
2,170900
34,1052200
34,996100
34,1046200
34,1269400
14,486500
34,1000500
34,1006800
48,1389400
82,669200
76,499400
11,467700
34,1101400
1,132900
34,987900
6,268700
34,1249400
20,671800
34,1006900
556,1990500
34,990700
34,999800
14,474200
47,1341300
34,975400
31,937200
34,1179700
34,1008200
233,1491400
34,1019700
9,365400
34,987300
44,1230700
43,1244700
34,1020200
22,759900
24,795400
34,1015700
34,1046100
34,1010500
185,1735900
102,1157500
34,987500
34,1163500
355,1791500
34,986200
34,971500
34,1004500
7,287800
12,415400
34,996000
34,981900
7,295900
34,1055400
17,550700
34,994400
34,1273800
34,1031400
34,996400
34,1061400
34,1079300
34,1005600
3,184100
3,189900
34,1008300
40,1161800
34,1086600
34,1057100
6,269600
34,1018400
34,992400
34,1018400
34,1058300
34,1036800
35,1015400
34,985100
20,821500
1,147600
34,1355600
34,1021900
1,126900
35,1030000
35,1031700
4,277000
17,552100
35,1057400
1,136800
35,1014800
35,1022400
48,1687600
5,244200
35,1029100
10,398500
35,1049500
35,1022600
35,1356300
43,1378200
35,1034200
35,1055500
46,1504900
35,1030900
137,658000
6,270700
39,1116400
35,1011000
3,196400
35,1014700
35,1019900
35,1016200
166,1309200
35,1206700
63,188100
35,1210800
2,172400
38,1106400
3,266300
38,1099600
35,1055000
115,1536200
5,253000
2,155000
35,1011900
19,637700
35,1093100
35,1075500
35,1023100
35,1024800
35,1012200
2,163400
35,1106200
35,1123600
3,191400
35,1075100
35,1092100
35,1136300
1,133000
35,1062900
1,132200
11,412200
35,1035800
35,1028100
1,133000
35,1117900
35,1005900
35,1029400
35,1011100
35,1209200
35,1023900
35,1118000
35,1090100
35,1068400
81,692300
9,345800
35,1012600
7,292200
35,1024600
264,643500
1,132900
35,1124500
2,151500
36,1076600
36,1050400
13,466200
36,1078300
62,130200
36,1042300
36,1070100
190,298100
36,1053900
36,1209700
375,485800
36,1322100
6,257100
36,1347900
5,273700
46,1619400
36,1087400
218,1101000
36,1069600
36,1044600
422,1680500
36,1100700
33,993800
36,1155400
36,1089100
112,1464800
36,1405300
93,996900
36,1127800
36,1382700
36,1046100
5,254500
36,1064200
47,1336900
36,1053000
102,1237500
36,1177300
36,1418200
1,122000
36,1048300
38,1136700
4,215900
36,1082100
6,271000
36,1035100
29,878300
36,1107400
33,993600
36,1084200
42,1375300
36,1100900
36,1038800
36,1055300
36,1225700
79,612900
36,1058300
36,1064000
36,1051500
4,236400
36,1390200
1,138000
36,1048300
386,665900
3,191400
36,1069400
11,408900
1,121800
36,1051200
36,1048500
7,292100
36,1049000
5,245100
36,1040000
4,270100
2,214200
47,1534000
36,1115600
36,1039900
77,546900
36,1048300
81,648200
36,1088600
150,841900
36,1049300
36,1154900
36,1087800
15,527600
36,1052300
69,328100
36,1062300
225,1261300
36,1260800
4,216800
36,1055700
314,408700
36,1130800
36,1281500
4,222200
36,1094100
17,574100
36,1049400
36,1060300
44,1298300
36,1077200
114,1491600
1,133200
42,1549500
72,416600
36,1105100
36,1111400
37,1073100
37,1100500
78,575200
37,1163600
55,1572100
37,1163700
5,257200
37,1083800
37,1096300
37,1061100
39,1170100
37,1068600
223,1232200
37,1177400
3,191100
39,1282800
37,1296800
46,1326400
37,1066000
37,1070200
37,1050500
3,189100
5,240200
37,1071500
57,1589700
37,1163400
37,1116100
1,133900
37,1115400
37,1344600
37,1090500
37,1073500
1,139800
4,226000
37,1058800
37,1091600
37,1058700
11,462200
45,1494400
52,1510700
37,1094300
37,1090700
503,507900
37,1075000
95,1050000
58,2277800
37,1186400
37,1152600
21,653800
15,500400
38,1111300
37,1057700
61,1690000
37,1075300
3,189700
37,1156900
37,1148000
10,383100
12,485600
37,1067600
129,299800
37,1363400
5,237600
37,1213000
37,1057500
1,124600
11,407300
37,1086400
37,1140800
37,1156200
37,1075100
29,863400
37,1076000
4,215700
44,1241300
37,1082500
37,1082100
37,1077600
37,1393100
32,967200
37,1086100
2,164100
37,1085200
37,1149700
37,1072900
37,1070600
37,1088200
7,305000
37,1147600
37,1153400
37,1110200
37,1086000
9,348600
37,1089500
1,142600
29,1076700
38,1106500
64,195800
28,868400
38,1128400
38,1426500
67,285600
38,1119700
38,1177800
4,218500
50,1436900
38,1084200
1,132400
38,1092600
38,1115700
38,1108000
38,1362900
38,1135800
38,1100900
5,248500
3,190600
38,1114400
168,1334900
38,1152000
38,1126200
136,546800
13,449400
38,1342800
2,164300
38,1107300
48,1342500
1,132500
38,1183100
38,1113300
3,193900
38,1192800
123,1844400
4,242400
2,175000
38,1332700
1,133800
38,1119500
38,1103400
1,131100
20,629900
38,1146600
2,163900
38,1113400
480,1514000
2,164100
4,216500
38,1437600
38,1153000
38,1101200
2,172900
2,181400
46,1353800
38,1130600
9,342500
38,1112900
5,243800
38,1150100
8,369700
38,1232800
38,1128900
137,518500
46,1397600
38,1104100
38,1095200
38,1108400
38,1105700
21,817800
38,1639200
194,454000
38,1100700
43,1232000
395,874500
38,1135900
38,1086600
38,1119600
38,1080900
38,1138900
38,1220400
38,1101800
3,247000
38,1115400
38,1182600
5,259800
38,1121200
38,1110600
340,1058600
38,1177800
2,236400
38,1177600
3,194700
7,294800
38,1084000
38,1108400
38,1164900
40,1161700
38,1113300
82,658900
18,602600
38,1326100
38,1331700
108,1393500
1,137700
2,163800
38,1111900
38,1130300
153,944300
38,1164300
38,1094400
38,1257700
38,1150800
2,178900
38,1099000
39,1134200
122,1736300
39,1114000
39,1328400
437,380800
4,213900
1,131200
39,1195300
4,207200
39,1241700
39,1143300
4,257500
7,297800
31,920300
39,1127800
372,283600
87,786600
1,133400
45,1289800
39,1116300
39,1328500
2,205900
39,1123500
52,1569100
39,1123000
101,1152800
43,1262400
39,1136000
39,1122600
39,1313800
4,218200
14,461300
10,376800
39,1363300
39,1320500
39,1221600
39,1125800
3,190000
39,1170600
42,1294600
39,1244500
3,193100
39,1242100
2,166600
1,132500
39,1178700
4,220600
39,1216800
39,1133300
39,1122700
2,163800
15,498200
15,499500
39,1310300
39,1121700
39,1218200
171,1673600
39,1182600
26,854300
39,1119500
25,1025000
39,1213400
36,1101300
39,1131900
3,190700
39,1128500
39,1174200
123,1709200
39,1118600
5,257700
39,1138000
39,1259100
39,1235400
39,1180400
39,1178600
39,1120600
39,1115900
1,134100
6,269200
48,1344200
2,171300
39,1502700
10,476300
39,1231600
53,1485100
39,1123700
6,266800
40,1141700
1,131600
40,1322100
53,1498400
46,1405900
40,1208700
28,843900
40,1206900
40,1147300
12,423200
45,1280200
40,1150600
2,164100
40,1166000
24,735000
40,1445200
40,1194100
40,1206000
3,191500
12,524900
40,1137800
40,1193200
40,1147300
40,1169700
113,1570300
40,1200300
40,1127400
40,1190000
40,1144200
2,161400
16,525500
40,1182700
61,1810600
40,1357500
1,133800
40,1142400
40,1169500
40,1128900
5,248700
40,1152000
40,1178600
40,1154000
40,1174300
1,160600
40,1383500
137,510700
10,375400
40,1188800
40,1231800
35,1068900
40,1139300
1,139100
40,1141000
40,1168800
21,722000
8,350900
40,1172000
40,1143500
40,1135200
122,1751100
40,1185200
55,1562000
46,1579100
11,397700
40,1142900
40,1151300
8,346400
40,1175000
425,1648100
40,1154400
4,217400
39,1130300
45,1464400
40,1152100
40,1271200
40,1159500
2,163900
13,447100
40,1267500
40,1175100
40,1143300
40,1278200
40,1164100
40,1151000
40,1126000
40,1414700
40,1206700
40,1182500
8,327000
40,1190600
40,1376800
9,355500
40,1319900
6,331500
40,1168800
27,815500
40,1162000
41,1180200
5,242400
41,1169800
41,1212900
19,849700
41,1146100
41,1202900
41,1191600
7,302800
41,1263000
41,1224000
41,1293200
41,1233100
41,1545400
20,631600
41,1172900
97,1047000
41,1194000
50,1427100
41,1164000
136,483100
41,1213000
41,1366000
53,1489500
2,163200
41,1301400
1,132300
41,1206500
427,1731000
41,1173600
41,1196800
41,1379800
41,1163600
392,800700
71,375800
41,1212900
4,217900
14,473600
41,1167300
41,1189200
206,774100
62,142000
44,1431900
41,1381300
41,1206100
41,1162000
1,132100
2,162800
31,969600
41,1155600
2,161300
41,1582300
41,1225300
41,1362800
41,1178400
41,1190000
41,1242800
41,1299800
41,1187700
321,561800
41,1164500
18,632400
41,1360600
364,1649400
241,1619400
63,190300
41,1220300
42,1201000
42,1198100
42,1217100
42,1613500
1,130100
42,1202300
42,1275000
3,193000
42,1216200
42,1245300
42,1194900
6,276100
6,276900
5,241500
42,1283500
51,1487100
19,605000
42,1200700
28,829300
42,1211000
42,1475200
178,1562300
42,1213200
42,1626200
2,164500
42,1218400
42,1273000
42,1236400
47,1325100
42,1219200
42,1200200
44,1443600
1,168600
42,1241600
21,848100
42,1270200
42,1197900
3,186800
11,405900
42,1252100
403,1084700
23,736300
42,1284300
42,1239700
42,1224300
42,1197400
3,190700
48,1360100
1,133100
42,1206400
42,1285600
194,418900
4,271000
42,1367000
5,261900
42,1221400
4,216200
42,1206800
42,1199000
12,467000
42,1228300
42,1265000
42,1202500
42,1254400
42,1468900
42,1225600
3,235000
42,1299600
42,1199200
42,1204100
3,191400
43,1228400
13,482000
43,1632000
43,1245300
43,1254700
43,1264600
43,1250700
82,679500
64,200600
5,293700
43,1225600
258,498100
43,1397900
15,550500
43,1283600
92,925800
4,221100
43,1225000
2,164000
43,1265300
43,1233300
44,1242600
43,1229600
43,1401800
9,390100
43,1275300
43,1235800
43,1273300
3,198000
43,1241500
36,1100400
43,1248900
37,1146500
43,1373300
43,1222400
2,168100
43,1235500
517,940900
43,1240800
13,457000
43,1247000
1,130100
43,1246600
43,1498700
40,1139100
39,1237300
43,1238900
2,170800
43,1243500
43,1272900
197,485200
1,135700
43,1252700
11,401000
43,1381000
159,1071400
12,429400
43,1244200
44,1293500
44,1409600
44,1277500
69,331100
44,1276700
44,1540800
200,698400
44,1256500
44,1240900
44,1300300
44,1355900
5,286100
2,163300
13,448000
44,1266200
47,1572500
44,1307400
49,1715000
44,1281100
44,1261000
1,132400
44,1255200
44,1261500
44,1564200
10,418000
44,1240500
44,1246900
1,132900
3,190200
44,1247000
44,1234200
44,1274200
44,1498300
44,1514600
44,1298300
44,1254700
37,1054500
44,1252200
44,1251400
44,1252400
6,269300
2,168300
47,1430600
44,1355900
45,1265500
44,1289400
62,130900
44,1671000
10,383900
44,1289000
44,1271500
3,203800
44,1415000
44,1274300
216,980200
44,1263000
44,1266400
44,1239800
1,131900
11,408400
44,1258800
44,1364700
45,1416100
45,1268600
303,1698000
4,214900
4,215700
45,1335400
45,1336600
45,1282000
555,2095000
45,1282400
45,1281600
45,1584200
45,1439300
45,1272800
45,1293900
271,1099800
2,166300
8,318100
45,1285800
45,1289000
45,1269100
6,268000
45,1280800
45,1345000
1,133800
47,1331400
22,886400
45,1414500
45,1270400
32,964900
45,1269800
45,1301200
45,1293200
45,1276900
3,188400
45,1520700
2,162800
45,1290600
14,477100
45,1281000
47,1326400
45,1376200
45,1738300
38,1158800
45,1379200
45,1276500
45,1309900
3,197200
45,1268800
45,1328700
45,1278100
45,1293300
45,1528000
45,1270900
45,1647500
45,1272500
46,1301700
46,1349300
305,1721300
2,193500
46,1555400
2,165700
2,178100
46,1297400
48,1504400
46,1390700
46,1307200
46,1485000
46,1493600
46,1294000
46,1323600
194,406100
46,1322700
1,133000
46,1304800
54,1565200
10,376100
46,1467400
46,2192300
46,1327800
46,1373600
46,1451700
7,292900
9,335700
46,1338400
46,1338400
46,1416300
46,1311500
2,162700
46,1285000
46,1324500
46,1357600
4,219000
17,958000
46,1742700
35,1226900
46,1306100
46,1298500
46,1299600
46,1315700
1,143600
35,1018800
46,1770200
46,1394000
130,328200
46,1400100
46,1294200
46,1358000
46,1374300
46,1313300
46,1331600
49,1634900
46,1298000
2,170400
46,1303000
259,505900
46,1310300
47,1376000
251,320300
47,1325100
47,1440900
47,1328100
47,1540900
47,1341500
504,543700
2,171400
47,1311300
47,1343000
47,1380900
11,457500
47,1399800
48,1400500
47,1323500
47,1329100
1,132500
47,1329800
121,2346200
15,583000
47,1397900
47,1327100
56,1568200
21,657900
47,1328300
7,320500
42,1257000
47,1396500
47,1501200
5,259000
47,1322700
173,1508800
47,1503300
47,1342700
8,335000
47,1331300
15,488600
47,1691900
47,1348100
3,196100
47,1322500
47,1343200
47,1320000
4,216800
47,1389800
47,1417200
32,1106600
47,1333000
48,1348900
1,132700
48,1382400
364,1653700
48,1417700
48,1377000
89,955700
1,143600
48,1366100
3,187600
48,1365500
1,139700
48,1397500
48,1555000
48,1424800
48,1892100
54,1741700
48,1352000
39,1113300
48,1736900
48,1406800
1,131400
48,1419500
5,336900
48,1700500
103,1199600
48,1350700
41,1171800
48,1371900
48,1357800
2,161900
48,1429300
20,699600
48,1566500
48,1365500
48,1349300
48,1421300
185,1773200
48,1418100
16,608400
12,476300
48,1409700
48,1370000
203,639400
51,1462200
48,1367600
86,786200
49,1380600
14,487100
11,480800
49,1455300
49,1468500
16,538900
49,1391000
49,1390600
134,471500
49,1401600
4,221800
49,1530200
49,1416000
5,260500
49,1384400
49,1436100
49,1398400
3,190300
49,1401800
49,1597900
44,1308500
49,1558700
5,244700
49,2379900
49,1449100
4,219900
49,1408800
49,1478200
3,196800
49,1493800
49,1388300
49,1535500
3,185500
49,1401500
5,233200
49,1396000
9,357700
49,1422400
49,1589400
599,1433800
1,134100
49,1392000
49,1381900
5,247300
49,1500200
99,1126900
49,2479000
3,286700
10,384700
49,1453900
14,479400
1,132700
33,992000
8,321300
50,1432500
5,244700
3,187400
1,139500
30,915500
50,1542800
16,640700
50,1446900
50,1488200
3,190800
28,845700
50,1506600
160,1112300
50,1458800
50,1576700
50,1405500
50,1406000
79,582100
69,319000
50,1409200
5,241800
50,1403800
8,316000
50,1430900
50,1638600
50,1659200
50,1424300
100,1208800
50,1431100
50,1410900
90,876900
50,1612600
