12026
332312
45768460000
1219
222126700
244555600
229463400
219423700
225357300
224731300
211873600
232972600
215240800
217233400
221669600
218161100
214824700
217276500
222684700
206176000
208669600
209586000
205262800
220385900
210708300
238453200
228973200
227215800
243488900
233494400
251565500
245752300
260277200
249100300
261552500
239700200
246513600
220361000
217675000
226020000
222356200
230042500
231578200
218548900
222262600
228811900
232383900
217609100
246355700
217783300
228541800
216662800
241787500
204739400
209365000
201472400
209576900
228174000
217418900
230768200
229118000
203532000
228989800
224956100
250284600
204923200
239648800
217622600
188708400
201310800
212458600
201790500
230959400
190260100
253671600
202023400
196175700
235491900
207042100
210092700
208619700
190803300
185917800
179254500
181266000
179842200
219184300
199990600
193715400
180770800
178786700
178174900
182221600
185602900
192709900
182386600
194073500
186167100
188808800
193177700
207458400
181389300
182314000
178515000
183166600
216839400
185299500
178519400
219016100
176899500
178529700
182411600
184155600
196253100
178194700
189579800
181152600
182277200
183745900
179409300
178382300
182264900
180115300
179332800
179639800
179078400
178228600
200752100
179676000
182894700
186212700
182588000
178703600
210520800
178345700
179877000
202260600
176296900
178365400
176951600
181968800
187825800
181204100
181018000
179261400
180964900
179133900
182157100
176960300
181618800
177995000
183338400
178034000
180187800
196830600
193811700
181151100
181962700
180731200
176216000
180901200
195682600
182184700
197534100
216625600
187030500
177009900
179212800
179087800
179982500
177455500
180271800
177202700
181819900
178022200
181306900
181923400
185112300
182090700
192508300
181624200
237616000
183784100
179477800
182466800
186226800
180677200
184101200
181845700
218207300
177403200
178900600
205081100
180652700
178107200
175318900
177291800
178484000
182414000
177776500
178696200
185905700
181243400
180604300
177633900
183445400
179387200
177319600
178694000
204018100
175568300
180181500
178923100
183976700
180432500
179362300
180760700
205350300
176480200
178289400
216567300
180700400
177827000
177803000
179918100
186592000
178727200
179713000
181506600
178194900
179405300
180391300
180436900
179380900
181572100
181013700
204240300
199877000
187926500
191517600
201619400
213629500
221923600
201756700
224211600
202242300
188065500
217212900
212559600
197467700
182783700
190522400
193115700
202430500
188767400
190950700
191210100
185836300
203114700
200218200
193845600
216414100
194577700
201732200
189541100
190741800
191678400
192702700
190274100
204136400
211932100
207401800
185837500
197615700
191149200
189411400
187391300
181273700
185817700
182423400
187797600
184531500
189060200
181690800
187057600
193065400
185482800
191293800
184234700
182896200
180058000
181975700
180809400
180883400
189315600
191808900
179268500
184042600
207122900
182491900
182205400
202853100
188978900
185092200
184856100
196222700
184204500
186241200
189227800
193109300
186481600
185251200
182317800
188180700
191041300
183607100
182902600
188579900
187237500
186874400
183966300
184426000
181171300
183246700
183834200
186704100
208883100
196591100
216490100
192370800
182295600
184522900
183824200
183770900
184439700
185380000
181183000
196828200
185373500
185757900
187223300
193225600
214943000
185035000
180830900
181706200
181606200
180488200
185726200
183782500
185430800
184425500
186679700
214685000
186728900
190109400
194301600
183841700
193982900
181709800
179914400
181714700
184452800
186554300
194047100
181772000
182961100
197261200
197332200
201463600
182532500
184664500
185975300
182018700
210678000
214921400
188763900
185533900
194619900
227862800
225217200
178051800
202242800
208763400
184272900
177825500
188371300
181283200
216941800
195720900
194672900
188597900
191234900
201600300
180597600
184170400
176836300
178194100
187289500
181178900
202157400
182862800
180807900
180295700
179636600
190213300
182640000
180176400
172051600
170901800
177314800
172250000
183977200
171379200
169814200
169172100
167555600
167886200
170895800
167452100
169127300
170313800
168781900
180265400
171129900
169374300
167465500
167299900
166865300
167481900
169185100
167555800
167161400
167554500
167649900
166306400
168990800
174561300
167245500
168058100
174528000
168868800
170573600
175020500
178133100
181654900
174784500
174938400
174336900
174704900
175334700
169670200
173768000
171719800
167065800
171790800
172902400
168800800
170056600
169294700
169397300
170882700
170466400
166489700
166501300
171323600
166025800
170951800
174825700
189146800
183665800
171785100
169257800
168245200
192547200
224293900
237212600
244500600
220734300
233767700
260078500
255441600
287103200
193260900
201950800
214262600
216260800
235771200
189488200
184245300
181501300
187394100
203773100
190061200
197208400
210057100
182628600
184112400
200775100
186929100
183854400
207953200
194821000
189061800
236040200
249992300
204781000
216966100
211201100
197561900
193305000
183744100
187027400
192307000
182909600
181830700
184966900
189995300
207503900
207110900
191508400
222718100
187312400
188161200
211251600
192286400
184662100
196513400
200366100
200575900
189040200
190176200
182475700
190281900
207145500
184707100
195596300
186753400
189626700
174439500
172995200
169915500
169446200
177908300
177618000
171010200
168156500
166976400
179030800
184649700
182048600
172769400
171050000
171481100
171471100
168718000
168318600
168631700
174945100
171009600
168952000
179403800
171620500
170531600
191712700
174712600
167651800
170610700
171831900
170191100
171393300
168079800
194394600
199774300
205285400
194329900
191143400
197248500
213541500
214695300
188677200
200618100
188040700
188147800
185109100
211279100
195800000
192650500
199129000
222747000
235720600
187643600
185898500
185404300
210155300
189701100
184978900
184253300
191020800
198373700
220639700
191678600
191754700
195692400
264954800
228704400
187491300
198737300
236543300
206010100
191127500
195402200
204986600
200118500
191380600
205874000
192255100
202531000
195324600
192812300
187380400
184976200
172505200
168626700
171204600
171280000
172395600
172222600
169279300
169987300
178589000
172012100
170470800
171709600
170639300
166868300
168488400
167165900
171763100
167490100
168202500
188032400
191752500
172417000
171555500
168771100
171112200
169343800
166233600
168003900
168385800
166518800
166317900
167852000
171004500
167891300
173224900
167622400
168205200
171404100
172142900
169328000
170872900
170263900
168122100
171228700
167464000
169092400
174402000
169111600
167818700
169092500
169363400
166235800
166657300
165189200
169265000
166905300
167568800
167231500
166592000
169769300
165058500
168959900
167559500
170641500
169256600
183252400
169811700
169254000
166010500
171610100
169529500
164512100
168792700
168887200
169053500
169665000
169697700
175018800
169183400
177077900
170871000
180408100
170687200
168752100
177751600
170129600
169656500
167306600
172774000
170416500
167129000
169586500
167639800
167981100
172835300
170943900
169537000
166548200
166652100
174084200
168178200
168704700
168620200
167288700
167997100
166050100
167591800
177408100
169130400
170105000
167674100
176832000
169396400
166688100
169980500
168692100
168393100
166065800
169729200
168529300
169510400
171862200
167621900
172486600
168298500
176462000
167796900
173168400
168649700
175004100
170179800
169179600
177740300
171255600
166856500
177981400
169415900
168383300
168837600
179969500
174089400
167967900
171587400
178960700
170414900
176642100
172648500
169627300
169451300
169217100
172947700
171464900
168264200
169881300
170340900
176356800
167267200
168578900
169178200
170112900
172238400
171158700
169464500
170159600
168746200
167289400
173765400
169909200
169683400
169439900
170586300
166219100
169214000
171203100
168285100
169140600
169820800
168009400
169556200
170259200
165801700
167519500
166967100
167007500
173361500
173360200
169694200
180863100
171789600
172560000
172878100
169585000
166792300
167560500
166001500
169239000
167453000
167155300
169039000
180038700
167064500
165558100
170378000
168942100
167492600
167919200
167826500
167495700
169754500
166143900
165538600
167165500
165630900
169482200
169540600
170647800
171931200
170065200
168282400
167157100
174105000
168161100
216402700
190253300
211524600
198433900
189887800
188454500
199827200
192704600
209135200
187264100
184809300
183076300
245508400
231469500
193433700
207535900
188266200
195885200
201117200
186765900
206648800
211756100
216766800
214831500
205353400
183700900
181577900
183931300
192315000
198085300
193136600
187880500
183146300
188191600
182403700
207141200
228472400
185902600
200344000
185333700
190287100
184566900
184429400
186830900
193926600
184608100
192031200
210142400
181289900
201063100
184285500
186418600
194913100
182811500
186422900
183082500
181517400
185955700
181048400
187761400
183203800
182785500
184228100
185641200
188132400
183805000
182900500
181123400
188611100
182071000
185868800
186885300
181916100
190251000
194852400
205082200
184895600
196543900
192064900
186576400
220808700
201494900
220947600
187210300
183350100
183440400
197930500
192613900
193898700
188797000
195398100
207993800
186133200
206615400
186675100
184427000
199337600
184101100
191212300
199293700
195284900
225824200
185236400
188288100
198565700
196883900
194867300
184729700
184795700
201304700
185323200
185772700
195652500
187209400
189135000
186759500
182268900
194682200
202767100
172009700
169844700
171999700
174654200
184890600
171788900
174503500
170148000
171942500
174871400
173340300
168666800
168866800
169586600
173035100
172546900
169651800
170867500
172453600
170219200
169486200
170391900
170984300
167384300
169914700
167721200
167136600
171840800
171116100
170085700
169377000
169443400
219885300
232677100
220443800
257231500
230572700
233587100
238334800
203312600
187420400
202325800
208606400
255569400
232896400
273237900
218311800
191065000
207797100
190746300
191068000
249086400
214230200
201258000
191329900
208492500
195257200
184799600
196349700
190721400
192060000
208543600
202812000
228192000
188473500
188504700
206245900
182221100
186185800
190613500
201800600
195321500
184076900
182037400
191481200
187175300
190127200
185492000
181022000
192763900
183484500
197248000
197717400
181814500
197297300
184756600
190032200
192802800
184545700
189426400
210521900
186601900
191394000
199495300
193061800
193879800
185243000
195798600
181617600
183195300
193058000
182958200
187860700
193541500
186014800
199674900
184356500
195178600
193075700
183431500
188560700
191033900
184247000
202756200
186029100
184286700
202722000
214406300
199655000
207983300
191733200
189929600
186444600
192962900
197812800
186080900
191873600
191668400
200471000
193092200
185610300
187179600
196255600
187452000
194738400
183964100
187178400
206361400
204672500
211051000
192243400
194410700
198510500
231292600
195747600
185068600
207935900
196800100
198999100
189579800
197430700
186576200
193464900
194003400
187101100
196018700
185046300
199071200
193695400
194247800
192179500
202925600
225033900
205307200
199869900
193469600
197068900
197861800
195929700
293501800
259768000
205992400
213054200
197537900
208052300
187650000
188681400
194432700
207613600
247160600
259428300
210789600
198830300
223179400
271958800
271307500
258005000
214704600
249957600
228504000
257058200
194824500
252112100
185710500
199623500
224464500
185921300
191852200
186029400
186023000
207009200
190730000
211983800
191277400
196216700
202134000
188572800
197089400
195048100
184770900
201331600
191504900
198821900
207510400
192639600
211540400
188104000
186142300
210916200
185850500
199404900
213337600
186114900
196899400
191535400
194669800
190500600
184956000
193257800
187230200
185527200
200819700
190677000
193032800
203356600
184110300
210124000
191449600
187312600
193240000
185074800
208809600
184427500
184719300
196995900
197220000
205858800
197821200
194720600
207489900
184692000
201176400
194208900
190371500
200780500
188557100
193103500
203959700
193671400
198217500
624,6656200
595,1173400
570,621600
538,1361200
517,867100
489,1872700
476,1369000
472,1248100
470,1222900
470,1383400
452,741200
445,545400
445,642100
441,554400
440,426000
438,357100
437,336800
435,287000
432,1829200
431,1759400
430,1764600
429,1854400
428,1702400
424,1644800
420,1835800
419,1491800
418,1709600
416,1371700
413,1338500
411,1279200
406,1125000
402,1016800
397,939000
393,887400
391,786400
390,698500
389,858900
387,963800
385,708100
383,509200
382,492700
379,402800
373,252500
372,218900
369,2083000
369,1739000
368,1766500
367,1729900
363,1572800
362,2262900
361,1812000
357,1679800
357,1424700
356,1403600
355,1474800
352,1348000
350,1243000
346,1142400
341,1014200
338,931900
337,902200
337,999900
336,1168700
334,925800
333,822300
332,825800
326,606900
322,529200
321,521000
320,459700
319,425600
319,453500
318,392300
316,444800
315,454500
315,395400
314,418200
314,363000
313,279800
309,2043600
309,1766500
308,1702200
305,1968200
303,1632800
303,1662600
300,1514500
299,1541200
299,1842500
295,1403300
295,1444100
294,1420000
289,1229100
289,1703400
288,1426800
288,1223500
287,1197500
286,1221100
286,1151300
285,1134900
283,1283400
282,1173600
279,977200
278,940200
276,908400
272,781300
272,809000
271,939500
270,803200
269,860200
266,851700
266,633600
265,620000
264,618300
263,550600
260,496900
260,485800
259,461000
259,452800
259,470300
258,425600
523,1002500
258,510900
258,592200
258,553700
411,1250800
257,498100
257,463600
256,391900
255,354800
254,323100
253,310700
253,310400
252,272000
250,220600
250,376200
250,376800
250,331500
249,272400
249,189100
246,2151800
245,1822700
244,1659600
244,1641800
241,1578400
241,1742700
290,1299200
241,1591400
241,1707200
241,1564500
240,1813900
238,1510500
238,1502200
237,1486200
235,1428100
235,1426400
234,1533400
234,1455100
233,1450100
232,1495000
232,1373100
232,1448300
231,1412500
230,1309600
229,1254600
229,1274300
228,1268100
228,1234300
226,1415500
226,1177100
225,1309000
224,1164000
224,1124400
224,1127600
223,1189200
222,1200700
221,1076500
221,1053000
221,1094700
220,1018200
220,1041400
219,997500
219,1131700
218,976500
216,1404600
214,893000
214,939100
214,883100
213,836200
213,835300
213,863700
212,1011200
212,841400
212,822300
212,847500
211,783700
210,755000
209,752100
208,758200
208,781900
208,813000
208,923600
207,1062900
205,885600
205,660400
205,645600
205,629100
205,655700
204,645200
204,606900
203,609800
202,558000
202,693600
201,832100
200,521900
200,503800
200,521200
199,473100
199,485700
198,452000
198,463000
198,447800
197,435000
197,436800
196,399800
196,423700
195,372500
195,373600
195,402900
195,535800
195,490300
194,394000
193,379300
193,324300
193,323600
192,332400
192,298000
191,270300
190,255700
190,244400
189,220900
189,223200
188,216400
188,250800
188,247400
188,196800
188,203400
188,193600
188,194900
187,166800
186,137800
185,1700000
185,2004000
185,1714500
184,1673500
184,1707400
184,1877100
184,1835500
183,1674500
182,1986300
182,1592600
182,1962600
182,1634200
181,2005000
180,1580000
180,2027500
179,1681400
177,1496300
177,1484900
177,1511400
177,1488100
308,1938300
176,1713800
176,1456800
176,1645600
175,1503100
174,1860600
174,1410800
174,1462400
174,1458000
173,1380500
173,1433800
172,1637000
172,1367900
171,1488900
170,1661100
170,1304500
170,1597600
169,1307500
169,1291500
169,1296300
168,1245400
168,1269100
165,1582000
165,1221600
164,1162100
163,1409200
162,1104900
161,1078800
160,1082000
159,1176500
159,1152600
159,1114000
158,1013800
158,1000200
325,616300
158,1028600
158,993500
157,1055800
157,1047700
157,985600
156,1357400
155,954300
154,906600
154,894100
154,895800
154,969200
252,296800
153,940100
153,873900
153,907900
152,837500
152,875500
152,869900
152,844700
152,847600
151,874400
151,1029600
149,892900
149,756600
149,779700
149,921800
149,776500
148,727400
148,739600
147,722600
146,755700
146,763800
146,684000
146,714100
146,737500
145,654400
145,672900
144,786000
144,628300
143,604200
143,622400
143,603000
143,639800
143,997900
141,748300
141,557800
141,568700
141,565300
141,554900
140,665000
140,527800
140,537800
140,537400
140,535900
140,530800
139,511100
138,593300
137,583100
137,573300
137,464400
137,529100
136,492900
136,441900
136,487600
136,573300
136,426000
135,432200
133,348400
133,360700
132,329600
132,323400
132,322900
132,474900
131,502000
130,529600
129,263000
129,380500
129,233100
128,389900
128,291400
127,240100
127,234200
126,236300
126,201800
126,211400
126,196900
126,189100
126,187600
125,153800
125,155200
125,156200
125,154600
124,118900
124,119900
124,117400
123,2164700
123,2285600
123,1974200
123,2330600
122,2248700
122,2276500
122,2318300
122,1834100
121,1725400
120,1882100
120,1642400
120,1601800
462,1119000
120,2780200
120,2761000
119,2283800
119,2204000
118,2317100
118,2036600
118,1764600
118,2142300
118,2547000
118,2179400
118,2209700
118,2380500
117,2581900
117,2155900
117,1707000
116,2581300
116,2468100
116,2589200
116,2512900
115,2859700
115,3188200
115,2958500
115,2483200
114,2633800
114,2390600
114,2129200
114,2045400
114,2107700
113,2072000
113,1539000
113,1837800
113,1876100
113,1641000
113,1576700
113,1635500
113,1649700
113,1498300
113,1666300
112,2116100
112,1500100
112,1930300
112,1495100
112,1627700
111,1557500
111,1613900
111,1430400
111,1375100
111,1433300
110,1363400
110,1529000
110,1347400
109,1306200
109,1356800
108,1509900
108,1361900
108,1574100
107,1280500
107,1262000
107,1252500
107,1248700
107,1293400
107,1631000
106,1230400
106,1247700
106,1231600
105,1339900
105,1302800
105,1404300
105,1364300
104,1244000
104,1190300
104,1160100
103,1138600
108,1260100
103,1294400
102,1251100
102,1150600
102,1390500
381,511500
102,1124300
102,1153000
101,1218200
101,1308200
101,1102800
101,1132900
101,1119600
101,1119200
101,1102800
101,1180100
101,1167500
100,1083800
100,1372600
100,1122900
100,1083500
99,1046500
99,1058200
99,1283700
99,1076600
99,1198400
98,1013400
98,1070600
119,1603300
98,1049700
184,1898800
98,1232400
254,352800
98,1051800
98,1029500
98,1026400
98,1032000
98,1195900
98,1039700
97,1012400
97,997800
97,1015800
97,1000600
97,1005700
96,1050500
96,1098300
96,1123900
96,1019400
95,977200
95,953300
95,938400
95,947300
95,933200
94,998700
94,1028300
111,1377000
94,943700
94,927200
94,917400
94,929800
94,924500
94,949300
94,1301800
94,1144600
94,1012900
93,942200
93,911000
93,933700
93,907400
93,890200
92,1122900
92,879300
92,880200
92,867100
92,859700
92,883100
91,847700
91,899100
91,1113500
90,1032200
90,910700
285,1210500
90,822400
90,832000
90,823100
90,830700
90,901000
90,822200
89,1020200
89,795700
89,852100
89,791300
89,802900
89,806600
88,754300
88,771800
88,894200
88,916800
88,879000
87,771700
87,721900
87,734900
87,747100
87,742400
87,732100
87,737600
87,747200
86,721200
86,798800
86,875100
86,722100
86,733800
86,751300
86,705600
86,711300
86,758600
86,754100
85,901000
85,692900
85,795200
85,834900
85,694800
84,651900
84,684400
84,691100
84,657300
84,678800
83,643000
454,762500
83,638000
83,647900
83,837000
83,612200
83,671500
83,653000
82,605200
82,614300
82,605500
82,607400
82,746000
82,718300
81,658400
81,618300
81,772500
81,684600
81,657500
81,629300
81,572600
80,555700
80,543400
80,568600
80,563100
80,558900
80,568800
80,554100
80,585800
79,528600
79,729400
79,530400
979,1738800
79,607900
79,554600
79,526200
79,648900
79,609700
79,540500
79,541300
91,839300
79,630200
78,623500
78,653200
78,518800
78,512600
77,477200
77,504700
77,488200
77,620200
76,456900
76,450900
76,459700
76,488400
76,451400
76,456200
76,460600
76,592600
75,485000
75,469300
75,498000
75,441000
75,425700
75,482200
75,499000
75,635500
75,597100
74,401500
74,411100
190,250400
74,401000
74,398200
74,397000
74,455100
74,404200
74,508300
74,524300
74,424800
73,373300
73,383800
73,373400
73,374900
73,395300
73,373200
73,500300
73,374600
107,1298000
72,359100
72,351200
72,354400
72,402400
72,360400
72,359900
72,459700
71,377000
71,319400
71,320300
71,329700
71,331600
71,321800
71,353300
71,380500
71,365100
70,308600
70,296800
161,1078500
70,299300
70,303000
70,294900
70,293800
70,342000
70,296700
70,296700
69,279800
291,1404600
69,270800
69,280500
69,266600
69,269100
69,270900
69,286900
69,269300
69,266000
69,295700
197,436400
69,269100
69,287900
68,247000
68,244100
68,243700
68,253700
68,242200
68,281500
68,273000
68,263700
68,247600
68,246600
67,227000
67,215100
75,432600
67,221600
67,333500
67,315300
67,274200
67,267200
67,217400
67,218300
67,216800
67,297900
67,241700
67,221400
66,241100
66,203300
66,195700
66,194300
66,193700
66,202900
66,201900
66,193100
134,376000
66,196600
65,165400
65,165900
65,164200
65,170700
65,157800
65,175800
65,172600
65,164800
65,165000
65,166200
65,176400
65,165500
64,138500
64,138200
64,139400
64,138900
64,139400
64,152400
64,217100
64,155200
64,145200
64,129200
64,184900
64,148600
64,149800
63,112000
80,562200
63,144400
63,175100
63,112800
63,112800
63,111600
63,111100
63,111000
63,113200
62,80600
62,78200
62,81100
62,80900
62,81000
62,80000
62,79800
62,80000
62,82100
62,85200
62,79700
62,92400
454,763400
62,81600
62,80800
62,81200
62,77700
62,80200
62,79100
61,1653900
61,1688700
61,2017200
61,1671400
61,1694400
61,1623900
61,2023100
61,1635600
61,1663700
368,1707200
60,1627700
60,1949800
60,1667500
60,1599500
60,1635000
60,2004700
60,1942600
60,1664700
60,1621300
60,1619000
59,1684100
86,862100
59,1592800
59,1583600
59,1608800
59,1596800
59,1917200
59,1634500
59,1640300
91,852100
59,1586600
59,2232400
59,1654700
59,1647100
58,1562300
58,1553700
58,1770700
58,1617200
58,1638100
58,1602700
58,1722400
58,1781400
58,1754000
58,1567200
58,1919300
58,1561700
57,2088700
57,1566200
57,1522400
57,1712200
57,1854100
57,1737900
57,1572200
57,1544900
57,1587000
56,1520000
56,1644400
56,1512900
56,1628500
56,1633800
56,1547600
182,1953500
55,1527500
55,1519500
55,1486500
55,1511400
55,1617600
55,1548400
55,1583600
55,1585900
55,1524700
55,1615500
66,228700
55,1659700
55,1501400
55,1491800
55,1496500
54,1462300
54,1688600
54,1772900
54,1465900
54,1455800
54,1486000
54,1670600
54,1490100
54,1445700
54,1470000
54,1481500
54,1532700
53,1588200
53,1912900
53,1543300
53,1443000
182,1755200
53,1713700
53,1441200
53,1453100
53,1443900
53,1420600
52,10188800
52,1533300
52,1389900
52,1426000
52,1459900
52,2182700
52,1400200
52,1481700
52,1405300
195,376100
52,1434400
52,1467700
52,1421700
52,1705800
144,636500
52,1408600
52,1459900
52,1500500
52,1542600
52,1383600
52,1391900
52,1392000
51,1363500
51,1640400
51,1459500
51,1379600
51,1435300
51,1802200
51,1381100
51,1524400
51,1355000
51,1374900
51,1404800
51,1363800
51,1389000
51,1693800
51,1463700
51,1526500
51,1532600
51,1419500
50,1646100
50,1372600
50,1346500
50,1354800
50,1334400
50,1433600
50,1548300
50,1374000
50,1361500
50,1515400
50,1351000
50,1337400
50,1557700
50,1394400
50,1430600
50,1732400
88,792300
49,1320600
135,537500
49,1538000
49,1350400
49,1508800
49,1317700
49,1320500
49,1442600
49,1483600
49,1333600
49,1346100
49,1383000
49,1330600
49,1555600
49,1416800
49,1359700
49,1321300
49,1327500
49,1366700
48,1406900
48,1362400
48,1307800
48,1320200
48,1373900
48,1317600
48,1572400
48,1531400
48,1675300
48,1291000
48,1286800
48,1286600
48,1790100
48,1383600
48,1306300
48,1283900
48,1298200
48,1290900
47,1668100
47,1357900
47,1309400
47,1313800
47,1278200
47,1278100
47,1571200
47,1292200
47,1274600
47,1260000
47,1302300
47,1275600
72,351300
47,1728700
47,1271700
47,1307300
47,1282500
47,1298100
47,1336000
46,1390100
46,1242000
46,1274400
46,1252500
46,1264400
46,1257200
46,1469700
46,1441000
46,1254900
46,1270200
46,1268000
46,1320200
46,1297300
46,1334900
46,1244800
46,1263200
46,1248100
45,1269600
45,1216100
45,1581200
45,1677900
45,1724400
441,592100
17,675500
4,210600
174,2009900
9,395200
4,207000
4,161900
10,469000
3,143300
3,121900
3,197700
2,132500
2,131700
4,218600
4,201800
4,167300
1,99100
1,80100
7,243700
4,165600
4,164500
3,137700
4,164500
4,163300
2,110500
9,293600
4,165900
4,164800
1,79900
5,191300
27,762500
4,197300
4,207100
4,169500
4,168500
4,175800
13,463000
4,167100
4,162700
4,161100
3,136600
7,222900
4,162200
4,162500
4,204500
19,761600
4,163400
272,855400
4,169300
4,162800
7,239700
8,268600
15,442800
4,163600
1,77300
556,1865800
4,163200
4,171100
4,163500
4,169700
3,139000
5,189900
9,290900
4,163400
2,108000
4,160700
2,110400
4,162200
166,1364100
4,185000
4,147600
1,81000
1,79500
4,164600
4,160500
4,164000
10,338400
4,162900
4,162500
2,109300
4,164500
3,139300
5,189000
4,161700
9,289500
3,135500
4,169200
4,162700
4,162600
10,321900
4,163000
4,163200
8,369500
4,218300
4,212900
4,174000
4,163700
7,241900
4,162000
4,161900
4,161000
60,1785800
4,244200
38,1346500
139,506200
4,163300
3,136200
330,732400
4,162700
4,164100
3,141100
3,130100
4,164800
3,136500
6,215600
4,161300
4,168000
4,162600
4,162700
2,118400
5,188700
101,1094100
21,596900
4,173300
125,140200
1,79400
4,163900
4,161900
4,210600
4,246500
1,89300
4,180400
2,92300
5,180900
153,930800
4,163600
13,395800
4,162700
3,135900
4,163500
11,403800
1,98800
6,318800
166,1232100
4,263600
2,127000
87,851500
4,164800
76,449800
3,136900
1,80400
2,108600
146,689500
4,162000
4,248900
4,260900
3,165100
1,82400
3,139200
4,172400
3,137100
17,497200
3,137800
3,138200
3,139400
8,267300
3,138200
87,776100
16,475000
70,295900
3,134000
9,293900
27,794800
3,134500
97,994600
3,161200
3,138000
3,144600
3,137500
1,80200
1,79900
1,79400
3,136100
264,697000
5,228200
11,443900
3,172300
4,192900
17,506800
3,137500
3,134200
1,78900
3,138800
4,161700
3,135400
7,355900
3,142700
3,135500
119,1614500
1,80100
3,137000
1,77900
4,164200
4,163900
5,188100
3,135400
10,319400
89,803200
3,138300
3,134600
1,80500
3,133800
3,136800
15,443800
3,139100
1,93800
6,254100
15,507100
18,584300
3,139800
3,134900
3,136200
3,136300
3,134400
1,80800
9,303400
3,157600
3,138000
3,138900
13,397300
2,111400
5,185800
3,136300
3,137200
3,136500
1,86800
4,185700
3,170000
4,164300
3,136100
4,166200
16,468200
255,388600
1,80700
22,632700
3,135000
1,77200
70,296000
3,135500
1,79200
3,137800
8,317100
13,496600
3,127000
3,146900
3,159300
3,139700
1,78700
4,163700
15,500300
3,164400
3,128800
3,135200
3,131000
3,134300
9,295800
114,1457900
3,139000
1,86900
27,760000
3,138800
3,134600
3,133600
2,109600
3,134000
3,135300
3,141800
2,109600
22,626000
3,135100
1,78500
3,137700
4,169400
3,125100
3,136000
10,326000
3,165000
3,156800
1,89000
3,134400
3,134100
1,91300
3,123500
12,371600
3,136700
3,142400
3,134500
2,108500
13,404000
2,109300
3,135000
3,135200
4,161900
9,351800
3,136200
3,140200
2,109200
5,188200
7,248000
3,134800
3,137500
2,107900
1,79200
3,136000
1,79200
1,78600
3,138000
3,136800
3,137400
3,137100
2,109200
3,137900
121,1614000
11,342700
3,144900
1,77600
4,163300
3,139600
5,237500
3,146600
11,447000
65,216200
17,532000
3,138000
1,86000
3,163500
10,316800
3,134200
3,137700
6,225200
11,338000
12,385500
4,161900
3,135600
3,136200
3,137500
3,141600
3,167300
6,218500
27,761400
3,157500
3,136300
3,135200
3,130200
5,179700
3,137400
26,725200
9,302000
3,134500
3,137100
3,136100
6,213100
20,697200
297,1468300
3,137800
3,134900
3,134900
9,297000
3,128400
1,80400
4,172900
3,134400
7,238700
211,786600
10,319900
1,80300
1,80000
4,171000
3,135900
3,136900
1,78000
3,137900
65,218500
1,79900
3,145000
6,214300
14,418700
101,1104400
4,162700
3,179100
3,210200
10,553200
23,703300
12,368100
126,169300
3,135800
2,108800
3,135900
3,138200
6,220900
3,137300
3,134800
3,135500
3,135500
2,108600
21,597200
3,135400
3,136500
3,134800
3,136900
3,145900
16,501300
3,143800
1,78700
3,138000
3,135600
443,480300
3,134800
3,135900
3,143800
7,241700
3,159300
3,123200
3,137900
1,77900
10,322500
25,1041000
3,144700
2,116900
15,444500
6,214000
3,135400
203,586800
3,135600
3,139700
246,1673900
2,119300
2,110600
82,601500
36,981900
3,135600
1,86100
41,1160800
108,1786200
3,137300
1,79000
3,140200
22,643000
3,138200
2,109300
3,136200
3,137500
6,216900
3,138700
3,136500
21,597100
3,134400
370,1788100
1,79100
3,137500
3,211900
1,107600
3,170800
3,179100
20,644000
3,157800
2,108900
3,166100
2,114700
1,79200
10,550100
49,1487100
3,141100
1,78700
1,80700
3,137600
17,504600
4,162000
4,164600
3,142300
1,73300
3,137400
3,136100
1,79300
7,239000
10,317700
4,161300
4,160300
4,162700
3,136200
6,252800
3,136400
62,80800
2,111000
38,1043700
3,135400
6,214500
3,185500
3,165800
5,286300
68,370100
3,199100
3,123400
1,74200
1,99800
3,130400
4,158500
20,607500
3,144600
5,187600
9,292300
3,139500
3,137300
1,79200
3,141400
26,742400
88,810200
3,138700
27,761200
3,138500
60,1578000
2,108900
3,135700
3,136500
4,162100
3,136200
3,136200
3,136900
10,354400
3,218800
48,1417200
2,108900
3,136700
5,187200
81,589900
3,140200
3,136700
3,138100
3,135000
167,1256700
63,113800
1,80900
3,138900
37,1094200
3,133000
2,114800
37,1015900
3,136900
3,135800
3,143300
3,138000
65,166800
4,209700
6,232200
3,185500
2,105200
15,505300
26,727000
3,135700
1,78500
4,162100
4,171400
9,291400
1,79700
3,137900
3,135300
2,109300
1,78800
3,143200
3,136600
14,420100
1,78400
3,158900
1,87900
94,908900
3,137100
3,135800
3,138400
11,341300
3,138200
19,559200
3,156100
3,133500
1,79600
3,134600
52,1705600
4,161200
3,134900
3,145400
3,134700
3,136700
18,561400
29,799500
3,135100
3,135200
3,143700
4,164400
3,135400
3,133500
3,135700
3,140600
3,135800
3,133600
16,491800
3,167600
1,106000
3,212200
3,187700
2,142200
89,821300
5,194100
32,885600
4,164100
9,397900
22,866500
3,137100
4,157500
195,376600
49,1322600
3,137800
3,135800
3,139300
3,136300
20,716100
3,138400
3,138600
3,135400
1,72500
3,138200
1,79800
3,136300
2,108500
1,78700
1,80200
5,187700
3,136700
1,78600
3,134700
4,160400
4,161800
3,137000
3,135800
5,187700
3,157300
3,137500
39,1203400
3,168600
3,154700
3,178300
4,175200
3,137500
1,77900
34,934100
3,136800
2,124900
1,77700
99,1137600
13,530600
4,219600
3,198700
3,187500
2,114800
3,137700
1,79600
51,1376300
3,138900
3,136800
13,404600
1,81400
3,148000
22,625200
3,156700
1,90200
4,199700
30,923700
3,139000
3,135700
23,652000
3,138800
3,135100
78,505000
3,142700
15,445500
3,136300
3,136400
36,972300
3,137800
3,138100
10,351500
3,138500
3,136800
32,955900
114,1611700
24,782600
15,447100
38,1020000
3,149800
150,1208700
3,137800
3,136900
1,81100
2,110900
6,214300
3,137700
3,143000
15,445500
3,145600
3,137800
41,1122100
3,138900
4,163500
14,421300
3,137700
1,79300
3,136600
1,79300
3,138900
3,161400
37,1128100
3,137700
1,77900
3,138300
4,162200
2,112200
2,108100
19,558300
3,127200
2,109100
9,288900
3,137100
29,807500
3,140000
36,1046100
3,136600
20,574700
40,1147700
3,135700
3,133800
18,519600
3,135900
3,204000
277,1134100
1,80100
3,136500
4,222500
3,198000
57,1637000
1,82600
3,147300
3,136300
4,163200
3,144500
3,138400
3,129100
3,139800
498,328600
3,135900
96,997900
2,108700
1,78800
2,111000
3,136900
3,133900
2,111000
25,697300
3,137500
3,137300
3,135200
3,178900
3,165100
3,138000
3,143300
3,148500
12,400800
3,140900
3,137300
1,79800
4,164300
18,529200
65,167100
3,136000
3,136900
3,135300
3,134700
1,79400
3,162100
1,80100
3,134100
3,136100
4,160600
3,143100
1,80600
3,138800
403,1010700
3,135000
3,136300
3,135700
3,137800
3,145900
3,137000
3,136600
10,319300
3,135900
1,77400
1,62900
383,494900
94,1073500
3,202800
1,101800
89,996500
3,185000
5,272300
10,324100
3,137600
6,214400
3,135700
35,965100
3,135400
3,141300
4,161900
3,134800
3,134200
3,136800
4,160500
3,135600
66,191600
3,136200
3,137700
354,1336800
10,318700
27,775800
3,138600
4,211100
3,144700
3,186400
3,211200
9,344500
3,128700
3,148500
93,910200
6,216000
3,135700
6,216100
1,82700
3,137500
3,139500
32,890800
3,137800
3,138800
3,137000
4,164700
14,421000
3,144900
1,78300
7,241000
3,144800
4,161500
3,136500
3,134900
3,136600
3,136100
94,1113800
3,155500
44,1415800
3,140300
3,136700
3,136300
3,134400
1,79700
2,108800
4,160700
2,108800
3,137500
1,78700
3,137600
13,392200
3,145400
4,193000
3,139200
3,129100
4,166400
3,144100
3,135100
3,135000
1,79700
3,137400
9,285600
3,136100
3,143700
3,135900
3,134500
1,80100
3,136800
15,454600
1,80600
2,140000
4,155900
1,79600
3,136000
6,215000
3,142200
1,79800
1,80400
14,431200
3,136500
25,857700
3,138800
3,168500
32,877700
3,137500
25,695500
3,135600
3,240500
3,173900
3,166600
166,1416400
3,163400
3,159400
3,138400
3,135700
1,79300
3,136100
3,136200
3,135600
1,78300
3,138400
3,152700
1,80500
3,136800
4,161800
4,161400
8,352300
3,128600
4,247700
3,136300
2,130500
3,131900
2,106500
3,163200
2,151800
4,243200
3,172600
1,65700
14,403000
2,91700
2,92100
2,92100
2,96200
2,94300
2,96100
98,1081700
22,630700
2,112700
12,379500
1,80600
2,107700
2,111100
106,1221500
10,334300
2,112700
2,110300
3,136300
5,235000
2,113200
4,168200
1,79400
1,79400
2,110200
2,110500
2,110400
2,118400
3,125600
3,140900
2,113000
2,110500
2,114900
2,140700
6,287800
3,190200
25,1017300
91,1099600
1,74700
2,108800
57,1830300
15,456700
2,101700
36,1062800
2,107900
2,144500
4,178800
2,114400
2,113900
26,1152200
1,99800
2,167900
3,207600
4,217000
2,128200
2,151500
1,81700
2,103600
8,258300
21,589300
2,101400
6,208700
31,861300
2,100400
3,127800
2,101100
1,62200
2,101200
1,70800
4,155900
2,104300
6,205800
2,101600
1,72200
144,668400
2,100700
185,1689400
3,134200
1,70400
1,70800
3,127200
2,100100
2,102300
3,127100
1,70500
5,181300
2,138900
1,75000
7,289700
30,924200
2,139200
1,102300
148,761500
21,604200
21,589000
66,173900
2,102300
10,310200
2,99800
2,101300
5,229700
12,377900
2,101500
29,1316000
2,118400
138,549600
1,93300
2,112100
2,103100
9,401600
2,125200
6,302200
9,464100
45,1480300
1,73200
3,169400
2,120800
1,72000
3,156400
1,76000
53,1432000
2,103100
3,129400
2,101100
3,137400
1,71700
2,102600
3,126600
113,1381400
5,229300
7,229400
27,1169500
30,1103900
3,123700
2,89600
4,154900
1,70100
2,102600
23,641800
2,99800
2,107900
7,231600
1,69900
3,129300
2,99300
2,101200
7,229500
1,71500
2,102800
12,360100
3,127600
3,164600
1,83600
2,104000
14,427800
49,1312100
2,99200
3,135400
10,311100
3,127900
30,876700
1,70700
2,139000
63,139600
4,193100
1,65200
112,2007700
2,116100
15,438100
13,425600
38,1044100
2,101500
3,129900
2,102500
2,101400
16,772200
3,204900
2,146600
2,145000
39,1313000
2,102300
3,129700
2,101400
2,100200
4,155400
2,132700
1,105100
2,150200
8,452200
2,151600
216,1694500
1,90000
2,117100
4,163100
2,102400
2,108100
4,157200
216,914000
2,102900
1,72700
3,137400
1,71100
31,853700
2,134600
8,275100
2,101700
1,72000
2,136900
1,73400
3,137700
2,102600
26,723500
22,622000
3,162100
2,117400
3,201100
2,149000
1,100600
8,418500
10,380500
6,209600
8,261200
15,443800
8,256900
2,115800
1,73100
4,145900
7,249500
2,110300
2,109100
4,154000
2,109600
13,393600
2,109900
4,161100
2,108400
149,778500
32,877400
3,137700
1,77900
12,368100
14,493400
2,109500
1,78600
5,189600
8,269200
2,120300
2,140400
35,1234000
151,914700
2,133700
1,93000
2,148700
2,129700
2,106400
3,132600
1,80800
4,163300
1,77900
54,1448300
2,114600
6,214300
4,164200
2,108300
2,111100
2,108500
2,109200
2,107600
2,110200
2,108900
95,988200
3,135100
3,132400
10,318500
15,512000
20,810500
2,110700
2,126800
2,116700
1,77600
4,172600
2,107800
2,110800
2,108300
1,91900
2,119600
3,135700
139,509400
1,79000
6,273400
2,110300
2,107500
99,1029600
2,117400
2,112500
2,108600
3,158300
33,907700
2,109000
28,784100
2,108300
3,134400
2,108800
2,106500
2,107700
2,106700
13,403000
3,136700
25,796300
2,122000
2,102700
20,615500
3,137500
2,103200
27,927200
2,109700
8,266000
2,109600
2,107800
2,109800
2,121000
3,136200
3,133900
2,108800
216,984400
4,187400
10,318400
2,107400
1,77300
21,606400
2,107900
3,132700
2,108500
2,107700
6,211100
2,108500
1,78900
1,79500
499,354600
15,477400
2,147900
4,243300
129,284800
1,65100
1,63100
1,80000
12,369700
3,135600
74,397200
4,171200
10,320400
2,109100
36,980200
2,110400
3,135300
2,107300
20,586900
2,107900
51,1406300
2,108800
16,484600
2,114700
4,166000
12,371700
20,894600
2,135600
1,89600
3,153200
2,140700
2,104200
132,395600
7,227300
2,99900
5,180500
10,330200
3,167600
2,101700
2,108900
2,102200
2,101600
1,70400
4,235700
3,193400
2,102200
15,437200
247,2055500
2,130100
2,104500
76,493700
9,445900
4,208800
2,110500
5,181100
2,102000
2,115700
2,113000
3,140100
2,120200
29,1079100
2,131000
2,111200
1,77600
2,117100
1,77500
2,108000
3,136700
1,78500
3,135900
35,947900
89,799600
2,108000
2,107600
2,109300
7,237300
3,155700
2,109300
2,108300
2,110600
1,79700
2,110600
3,133500
8,275800
2,108400
2,107900
2,105600
2,107400
38,1207900
53,1941200
2,110500
3,150500
2,108000
2,133500
1,79800
4,164100
3,135300
1,78500
2,110200
281,1033000
14,420400
3,136400
3,137000
4,163400
3,135700
7,264600
2,110900
2,92600
1,80600
11,354100
3,134600
24,672400
212,811200
2,107700
7,247500
2,108200
2,106900
4,159500
1,76900
2,108400
2,108900
3,134900
2,108700
1,79500
45,1407900
10,318600
4,160900
1,77300
2,107700
3,134700
4,191100
7,238300
1,77800
5,193600
1,78700
9,289000
2,109600
3,135300
9,290900
2,106500
1,80600
6,215700
2,108200
2,108500
2,111500
2,118400
2,109600
4,161600
138,581700
3,122800
10,356800
147,910200
2,109600
7,241000
2,108000
3,134700
8,272000
2,108700
41,1274600
3,140300
2,110800
2,107900
2,108000
32,885800
162,1147900
2,108900
3,154100
2,99400
29,877400
2,110900
88,752500
1,79100
9,317300
3,143100
2,109500
6,212500
2,105700
1,78400
2,110400
2,106700
1,77300
2,109200
2,108500
3,156100
16,499500
2,121600
2,124900
2,168400
1,104900
2,163100
8,300900
293,1322800
49,1324500
34,1106900
2,108400
1,79400
2,106700
1,78700
194,347100
4,158600
3,133400
2,106900
3,142600
2,109300
4,161900
2,106600
268,765900
22,624000
34,1081600
8,296600
2,108800
1,76900
1,80900
4,162300
2,109100
13,398000
3,135200
180,1537700
2,114800
6,213700
135,397200
1,78000
2,109700
3,135200
1,80800
2,109000
37,1016100
2,108900
2,108100
19,546900
2,111300
2,107700
2,113400
25,1461600
3,144800
2,139400
156,960900
1,73700
1,66800
2,109200
3,133600
41,1346400
2,131600
19,549100
2,108500
2,107900
7,236800
9,316300
2,108800
2,107900
3,134300
3,145100
7,243900
2,107400
3,134700
4,162900
2,107600
2,109200
2,107100
11,341900
23,655700
7,251400
20,684700
3,125000
2,113500
4,207900
24,687800
3,139900
26,731900
1,77800
88,758300
3,135800
4,152400
2,106700
3,136100
1,78700
2,108000
4,161000
7,237600
2,108800
1,80800
3,136200
2,109200
2,124700
23,661900
3,135400
3,136600
15,445700
2,107900
2,106600
10,316600
2,107100
8,276800
2,108100
2,108500
2,108000
2,107400
22,728600
2,136900
36,1053900
241,2096100
2,137900
22,765400
12,369900
3,134000
3,179700
7,234000
2,101700
1,70500
2,110700
3,129500
2,100700
1,72700
4,156300
1,70900
2,102700
2,102800
4,161400
119,1940400
3,202000
262,598100
2,109600
2,108100
1,78300
2,108600
1,78300
115,1456300
2,109900
1,77900
2,110600
2,109100
2,108900
3,156600
2,108800
348,1172700
2,109600
1,77400
2,112200
69,268300
2,109200
1,77000
24,683200
28,772600
4,161700
1,76900
2,109700
1,78300
2,136500
1,73300
3,129900
2,102300
5,279300
52,1514700
3,181700
35,954500
2,108800
2,108900
10,316000
2,107900
8,280400
3,136700
2,107800
4,160500
2,110100
2,109300
1,82700
3,135500
2,110100
2,108900
25,705700
2,117100
47,1301600
6,253300
2,110600
10,395100
4,168200
16,517200
105,1452500
3,136400
3,153700
12,370700
3,143300
45,1229300
12,366600
2,109000
278,1001700
136,429300
9,288800
2,109900
3,134800
2,107400
1,79300
157,980600
2,108500
4,229200
7,271900
3,187700
2,119700
111,1791000
2,110800
17,504400
1,78700
2,109400
92,875000
3,134600
1,79600
2,109800
2,110000
5,186500
1,77700
8,264300
2,108300
3,141500
2,108300
22,618300
4,159500
3,133800
2,106500
2,107800
3,135100
3,134600
1,78900
2,109600
2,108500
8,269700
11,355900
2,137000
282,1191600
1,87900
5,189100
5,187800
7,241200
16,467800
19,547300
2,109200
2,110400
2,115000
2,113000
1,75800
3,136300
6,213700
7,276600
4,168800
10,365800
2,109900
1,78300
3,136300
2,115400
1,82100
2,109500
11,380000
1,79300
1,80700
2,109800
4,241500
19,587900
2,126100
1,99300
55,1634700
3,177400
5,196700
2,107700
11,341900
4,159800
11,362300
3,119900
8,265200
2,107300
4,165700
2,100800
2,115700
2,108600
351,1282000
2,108700
4,159900
42,1135700
2,108000
46,1232400
22,616300
2,109700
1,77200
5,189700
3,162600
11,484900
2,135500
2,92800
3,137800
1,80400
4,161400
1,78500
3,136300
2,107900
140,525000
39,1062400
2,102300
1,78900
6,211300
2,108400
2,108200
3,133900
2,109700
3,164000
1,79500
4,160000
54,1490000
27,805700
2,110000
2,108700
10,453400
4,235000
2,163100
2,136100
1,94300
2,130100
2,122300
99,1094900
3,138600
2,111700
2,107100
3,134100
12,371800
2,109200
3,135400
23,648800
4,163400
4,160500
2,109100
1,78200
6,215300
2,106600
4,159700
8,268300
2,109700
7,238300
2,106600
3,135000
51,1363100
2,110000
14,447100
2,108500
2,108000
45,1348200
12,418700
2,109000
3,134300
2,107000
9,288800
2,108900
3,134200
3,133100
2,125800
2,109700
3,133500
2,108700
2,108000
3,135000
1,76900
2,123900
3,133700
2,108100
1,77600
3,122900
1,77200
2,97200
3,136600
8,274400
9,293600
3,133300
1,78700
1,78300
2,108200
2,107000
38,1082600
4,162900
133,383600
4,215200
3,142100
2,134100
3,202000
2,109700
3,161000
2,132000
663,1722300
3,142400
1,78100
1,79800
3,146300
2,110100
2,109100
51,1389300
2,108100
24,687300
2,110400
6,213300
2,109100
2,108300
1,86800
9,294400
2,108200
15,459500
3,134100
4,159500
2,108600
2,108900
25,706900
4,163100
10,315900
45,1462500
2,103000
511,690100
2,109000
2,118500
2,130800
4,163700
4,161300
2,109100
123,1644800
3,143900
2,109200
1,80300
2,107600
6,213900
3,152800
3,190000
2,105900
10,347300
2,150200
2,109400
1,79100
23,653500
2,109500
2,108900
6,212800
79,533500
5,188300
2,108100
2,106500
2,114200
3,170300
1,90300
44,1579700
2,108000
2,109400
4,160500
1,78300
2,107600
1,78700
2,108200
8,264700
3,136200
49,1345500
4,162700
12,369100
2,116400
3,134300
124,110900
2,108400
5,202400
6,214100
1,80000
6,214700
2,108900
2,107400
9,293600
5,189500
1,85500
2,109800
36,1009500
30,1022500
2,110700
1,79700
3,136400
31,845000
2,107900
13,399900
5,195600
1,77800
2,107000
3,135400
2,107600
33,913500
2,132000
59,2034300
2,113300
6,227200
2,107100
57,1813800
11,384900
12,371900
1,78700
34,926600
1,79000
2,116000
202,552400
1,81100
2,108000
4,160000
2,106600
53,1414800
15,450800
20,571400
4,161900
3,141300
2,115500
3,135700
2,112300
3,145500
5,193900
562,404300
2,108600
10,359400
2,98100
2,136300
24,918900
2,108200
2,112300
1,77800
4,161900
3,137200
22,635000
3,136100
2,114300
3,155600
8,334600
15,484100
2,137400
4,160700
2,112700
2,108700
4,171400
2,109000
4,159100
2,107000
1,78700
1,79100
3,132500
4,159800
2,108600
5,187600
52,1418800
2,109500
2,108200
2,108500
2,122200
119,1866500
2,111100
1,79100
3,137200
3,135000
1,76700
35,961800
37,1003800
2,108600
2,102500
2,110400
3,136500
10,317500
2,108900
223,1128900
4,170200
7,237000
2,108600
257,403400
2,110000
1,78800
3,137400
2,107900
1,84400
11,340600
2,109300
2,110200
2,110900
2,106000
33,1110200
2,110100
2,92300
2,107800
6,212200
1,86100
2,110300
1,77400
4,161400
2,124500
127,190000
4,153400
4,201800
6,289300
3,171400
2,134900
2,137000
4,224600
2,133000
6,279600
8,260600
27,742400
3,128500
2,102000
2,98800
2,112500
2,99200
2,102100
4,152900
1,72000
2,100400
3,127800
2,100100
5,186600
37,1005200
3,127400
2,100900
20,701500
2,132600
6,316500
3,128500
20,574200
2,102900
2,92700
4,162800
2,107600
3,133800
3,134600
2,109100
2,118100
2,108100
3,159500
2,108900
3,136000
3,166100
2,101700
2,111700
14,430500
2,107600
1,78800
2,108200
3,135900
2,121700
3,136900
2,109400
5,187500
2,108100
80,562700
2,109200
4,162300
27,749800
2,108000
4,162200
3,138000
6,214900
3,135900
8,337300
173,1594100
3,165000
161,1057000
3,137200
5,189400
7,237800
2,109300
2,107200
1,90800
2,110700
4,162400
1,79400
2,111200
2,110000
3,136400
2,107000
2,110600
20,599700
160,1052900
2,108500
3,136000
1,76800
8,265800
3,141600
2,107500
1,77300
5,192900
2,114600
2,118600
2,105100
2,108300
227,1495200
5,194900
195,440200
1,79000
1,77400
2,109100
10,316200
1,78100
1,79100
7,240800
3,134500
2,107600
4,168100
10,317600
16,477400
63,111700
2,110600
1,79500
1,80500
1,81300
35,1028900
3,134100
101,1115100
80,577700
5,186700
1,77700
391,829100
4,260600
11,458000
1,63800
1,63700
1,81200
2,108300
11,340400
3,135800
1,78600
2,108200
1,79100
4,162100
1,78300
1,77700
14,430300
1,79900
84,656600
2,108600
1,77300
1,80300
2,110300
1,77800
3,137200
7,237000
1,77600
1,86600
3,135300
3,134300
3,156700
1,80800
1,80100
23,656600
1,78200
8,271100
2,109400
118,2017400
1,93800
1,72600
1,73000
1,93700
2,112700
6,247400
4,161400
8,263500
1,94900
1,85000
3,137400
2,122400
2,108700
1,79300
1,78200
3,145300
9,291400
6,212700
17,494000
1,79700
195,368800
1,79900
1,86500
1,79400
5,198400
1,79100
4,162300
1,78200
1,78600
3,138000
3,135400
1,77300
1,80100
1,80800
6,216200
2,111400
387,614400
84,1016900
1,97600
1,84900
12,362800
1,79600
4,203900
3,152700
1,91900
1,79900
12,477800
1,87000
6,216800
88,781400
4,176100
128,223600
6,213800
1,76900
3,137200
1,79400
1,78800
2,106600
1,76900
2,109500
1,80800
4,162200
1,76200
45,1219500
3,137100
4,161500
4,160400
2,107800
1,78300
3,137000
1,79400
18,566000
1,78500
9,295400
1,78400
3,137200
1,78800
13,391600
1,77300
2,115400
3,136000
1,85800
1,80500
1,90600
8,428100
4,225200
1,71800
1,95400
12,364700
1,77700
1,80700
1,78300
2,108300
1,77800
1,78600
2,130700
22,758500
1,81400
2,110500
1,77900
3,134400
3,137100
1,78000
1,79400
2,106200
2,105700
5,191600
5,184200
1,79300
1,80000
4,166200
1,76700
139,573800
3,135200
4,163200
1,74300
19,593500
1,78400
49,1316600
37,1145100
1,80200
3,122400
4,145500
3,137200
2,109400
1,88100
2,107900
1,77400
2,119300
3,134300
1,77200
14,426900
2,108900
1,77800
1,78500
3,136500
1,72000
1,62900
2,90100
15,443200
1,76600
1,89700
1,81800
1,79200
1,78000
17,494300
1,78300
1,79300
3,163400
214,868400
70,293400
1,77300
16,467000
1,78700
1,78700
2,111700
14,422700
1,79600
2,109300
30,843500
1,90500
1,94200
6,239900
3,198900
1,85000
1,85200
130,283200
2,119600
6,213900
2,108900
2,99500
1,78600
5,187900
1,77700
1,78200
31,849100
1,78900
3,144200
12,368800
17,495100
1,78100
95,1230100
3,181300
2,106300
1,71000
2,103900
1,79400
3,135100
13,395800
1,77600
3,135100
2,108800
44,1203400
3,175000
215,1023900
8,298300
71,318700
1,77300
22,621100
3,135200
86,742600
2,107400
3,135900
3,135500
46,1234900
1,80200
493,1761500
6,219500
1,76900
5,187900
2,107200
2,106700
2,107900
1,77400
7,268100
22,965000
1,84900
4,164400
1,78600
7,239800
34,956300
1,79200
9,303100
2,110400
3,135500
20,585500
1,90200
3,200500
2,164000
1,107400
1,88000
1,74400
1,70000
18,569200
19,556700
1,78000
170,1307900
1,78700
2,112300
3,136100
1,77200
7,238700
10,316300
1,78500
7,306200
10,345100
2,131400
7,299400
1,65400
16,481600
2,108600
1,79300
1,78700
1,79200
1,77300
16,577900
8,266500
1,78200
20,643200
35,996800
21,594700
2,115800
1,76600
24,689100
1,85300
123,1667400
69,276000
1,84900
1,77300
3,149000
18,629300
3,136900
1,79900
3,134700
1,78200
1,78400
52,1706400
4,223900
3,172900
1,80400
3,140100
1,90900
38,1067700
1,83600
3,133200
8,266800
2,110700
1,78700
1,80100
1,86800
1,79400
1,78500
1,80400
1,78500
7,243200
1,89800
4,176100
2,109600
1,78700
1,80500
1,79600
1,79900
1,78200
13,420400
2,111500
1,78600
1,79500
170,1370700
2,108200
1,79100
65,177100
56,1486000
5,192100
3,135100
1,85700
4,163000
1,78600
1,79600
3,136700
10,333500
19,549500
25,719000
1,79700
1,78900
1,88300
305,1686100
30,926200
1,80100
3,170100
4,150700
3,134800
2,108900
129,309600
1,72100
2,141900
3,136100
1,72700
1,66100
6,214500
3,137100
7,237600
1,76200
18,524600
1,78900
1,86700
22,629200
1,77300
6,214800
39,1101100
51,1395300
2,107000
6,219700
1,78500
1,90200
20,578100
3,134000
5,211800
3,187200
373,399800
1,79300
1,73300
51,1712600
1,80600
1,67100
1,80200
4,163400
1,77600
15,451000
1,79500
3,134200
1,78100
1,79100
1,79900
1,80400
3,136100
1,76700
1,79700
2,108800
2,108100
16,487600
3,134300
1,77900
5,187800
1,78600
2,108900
1,79000
5,190300
1,76700
1,77300
13,394500
1,78700
1,80800
3,152200
4,162200
3,136000
1,78500
17,577800
21,868800
3,156700
3,148900
3,136400
308,2016500
5,194600
3,136500
14,421100
1,71600
3,119700
1,80200
3,122600
20,636300
1,79500
157,956400
3,136900
1,85500
5,186800
2,108900
2,114600
1,77200
1,79100
7,241600
2,106900
5,184700
6,210400
1,77500
1,78300
6,214700
3,135500
1,88400
22,896700
3,136700
1,78000
265,603000
9,291200
16,484100
1,77100
2,111300
2,109600
3,133900
1,79600
1,78700
1,80000
3,134600
2,107600
4,159600
29,813000
1,78900
1,79600
1,77700
1,79200
1,79100
15,451500
10,315100
1,79000
1,79500
8,263400
124,120000
1,75500
71,319600
17,493500
12,368900
3,134700
73,412500
2,125400
3,210500
1,74300
24,745900
2,109000
2,109700
7,235700
311,220800
3,143700
3,135600
1,76800
12,371400
19,576900
26,736800
2,112000
1,77900
8,272800
2,109200
1,76400
30,888500
1,77200
1,77400
114,1422600
45,1342800
1,79600
6,215700
3,144500
35,966300
1,80300
1,80200
6,212700
56,1532300
1,80000
1,79900
3,134100
3,136600
1,77200
3,135100
44,1299700
4,165000
1,77500
1,87100
19,687500
1,95900
2,146300
2,144900
1,94500
2,141900
4,167500
11,348600
7,246300
1,83900
2,112700
1,98300
1,106800
3,199200
1,88200
6,215000
1,79700
1,103200
6,222500
6,213200
3,136300
7,237900
5,185700
2,108100
2,107500
20,574300
1,79700
4,161300
1,85900
8,272400
2,109200
1,78000
1,76400
2,107500
1,78300
1,76700
3,135100
1,77600
14,418700
1,79200
1,79100
3,135500
2,115400
14,421500
538,1400500
1,77900
1,86600
1,79100
4,165700
2,108500
2,108700
1,75800
1,87300
4,173000
1,80800
1,77200
1,74000
3,147000
3,159300
5,209300
3,123700
15,460400
2,110200
1,77900
21,600500
2,109500
1,77200
1,80100
1,79000
1,80100
1,79400
6,211500
4,171200
1,76500
2,108600
1,84500
9,291800
2,107300
2,109600
2,107700
1,77900
9,292700
10,332500
1,72000
1,86300
3,135900
1,77800
3,133600
1,79100
91,989400
5,216400
290,1291000
16,572700
2,95300
6,337800
4,163200
4,160300
3,134100
2,116900
1,79200
1,80400
70,292900
1,77100
1,78700
187,167600
4,154400
1,79500
22,631600
1,78200
1,78300
76,450600
1,81800
3,134100
152,850900
1,78500
1,77700
9,291900
1,77400
1,76600
1,79700
2,108500
4,159800
19,545800
1,78300
2,116100
4,160400
4,162100
44,1210800
1,95000
1,83800
9,497100
1,66000
1,77900
11,377000
2,113500
1,79300
1,79600
2,109000
12,372000
11,348900
1,80600
5,190600
16,468500
1,88700
1,79600
1,79900
1,77900
1,79000
17,552400
3,134700
39,1366700
1,96000
3,193800
1,84300
1,79900
1,78600
1,87600
3,137600
11,343700
15,451400
3,135500
4,161900
1,79900
1,79700
1,80300
1,80100
1,79200
1,84100
6,372600
3,163800
2,103000
33,903500
1,79300
2,123300
3,138700
1,78400
3,145200
1,76700
1,78100
3,129900
1,79000
1,77600
2,110100
1,78500
15,448000
22,628400
1,77800
1,92000
2,109600
12,371000
2,108800
1,77700
1,78600
19,547100
1,78400
3,137100
1,78300
2,108200
3,143000
1,77600
1,73600
3,130100
16,471500
2,105400
1,76700
1,78200
3,133900
3,136100
14,521200
6,246300
1,87600
1,107300
12,420000
4,147700
5,180600
1,79500
3,137400
1,76900
1,79200
26,736200
104,1198000
5,187900
1,89300
57,1693800
1,104600
1,157700
3,157600
1,80600
1,77900
3,146400
3,145300
302,1935200
6,245200
1,109100
2,183600
1,120500
15,676100
1,98900
1,94500
1,94800
3,144600
92,855500
1,67700
283,1325200
1,98900
1,89200
4,199800
1,92100
101,1215300
2,115200
1,80500
1,89200
2,111900
3,144200
1,83200
1,81300
18,561300
1,87400
3,128300
6,214900
2,107300
1,87200
1,78300
1,80000
1,78600
9,452700
183,2291800
4,255300
4,235000
1,92900
1,91700
1,95200
44,1862300
6,225200
1,85800
3,144300
3,142900
2,101500
1,80700
3,139800
1,81000
1,80600
4,156400
1,80700
2,116700
3,138000
1,83700
1,77400
1,80500
1,90000
36,1105100
1,101100
5,366700
1,73500
4,173800
3,168300
1,80200
1,66800
3,139200
2,128800
12,400000
1,86500
25,875300
139,577700
1,89700
8,309500
1,83100
4,183500
4,181300
1,74000
1,81600
26,785500
42,1540800
346,1370800
1,94700
1,79700
3,122300
3,120600
1,84200
7,332200
2,125100
9,344300
4,164300
4,155700
16,573900
2,103900
1,67500
1,71300
5,188500
2,94500
3,128000
27,790000
56,1609000
2,104500
1,64200
13,411200
1,94600
1,103500
1,89900
7,275000
3,134600
1,102300
23,786100
2,148300
7,326700
1,89000
22,989800
1,96500
2,133300
1,96900
76,552300
2,117200
28,862700
2,103200
1,72600
1,74400
1,70300
1,76200
2,124000
1,91300
15,569900
3,190900
3,192300
5,251300
11,508600
1,97300
1,89100
5,242100
12,498100
3,162800
1,84400
1,82200
1,84300
2,139300
14,577100
1,85600
2,168400
1,95800
1,111700
1,101500
9,436200
1,101300
2,143100
1,93300
1,97900
1,75200
14,468800
7,293900
25,924900
30,910600
3,122400
1,74400
9,286700
13,435900
1,65500
1,65400
76,508300
1,82500
1,67600
4,148100
1,79800
3,139300
145,764600
13,398400
2,134800
22,660400
1,64400
1,84900
10,354800
1,71700
1,69900
1,62400
13,574200
138,493500
1,92300
3,141500
14,439100
196,407400
2,103700
1,71300
1,92200
17,529000
1,72500
8,267300
1,65700
1,65500
6,223200
173,1454600
9,331200
57,1637800
5,184900
10,390100
1,95500
8,399000
21,927200
2,119300
3,170800
3,138800
1,71000
1,72800
90,913500
1,80700
1,82300
17,650000
201,704500
2,132900
1,86700
1,82200
1,82900
1,81500
1,84100
18,723200
39,1484100
317,596900
87,1096600
3,162700
1,84100
6,281800
1,100500
1,87300
2,123400
1,83600
11,423700
1,102700
2,149700
1,86700
1,84900
1,85400
1,85500
1,86000
2,141600
2,146000
1,89200
3,176000
1,86300
1,86500
1,84700
8,331300
1,102100
1,92600
1,97200
1,90000
1,87900
1,97100
1,86800
4,206000
61,2469100
16,694800
4,249600
1,90400
6,281700
1,90700
1,89400
2,133300
258,611000
2,127000
1,81300
4,225400
1,92700
1,83300
2,124200
1,83800
1,82900
17,669900
3,158900
1,84900
1,82000
1,83200
1,83900
10,421500
17,662400
18,710900
13,543400
1,85800
1,84200
1,84100
3,160600
3,158600
1,86900
3,161300
8,345300
1,85100
1,86900
16,630100
1,82600
5,244200
1,85100
8,391100
1,85100
4,200600
3,163300
5,259900
3,164100
8,360100
1,86200
1,86900
1,86900
4,204600
1,82300
5,243200
25,1009200
2,126500
1,85100
1,85200
3,167100
1,85400
1,85700
3,162900
1,85300
4,274700
1,84700
14,548800
3,167800
1,85800
1,83700
4,208100
2,123900
1,88400
1,88900
2,131100
5,242100
1,84900
3,183400
8,345800
2,120300
5,232900
3,159400
8,271900
34,1109200
1,87300
16,618000
1,83700
1,85500
8,362800
2,123100
1,83500
2,142700
11,459500
3,163200
4,204800
1,85400
1,88700
7,311100
1,83800
1,86800
19,752400
1,91100
1,86000
1,84400
4,251200
249,246400
10,429000
2,123900
2,134800
2,128700
8,356300
1,87400
1,85000
1,84100
1,88900
1,87000
12,582100
14,581800
3,162800
28,1173900
1,83800
20,808200
1,87100
2,123900
1,84500
1,88600
11,464900
1,82900
1,83300
3,156800
4,215300
10,428500
2,129800
1,84800
1,83400
58,2349900
8,333800
1,87900
1,86400
1,83400
53,2100200
16,663200
14,559100
2,120300
1,92500
30,1183600
1,88700
1,86600
12,500600
1,85200
1,86500
4,205200
1,86900
8,368400
1,83500
83,921700
3,164200
3,164500
1,86300
1,97300
28,1135100
3,166200
1,84900
3,165000
2,125100
1,85800
2,125900
3,158600
1,100200
4,211500
1,86400
24,952800
3,164500
1,86000
294,1998400
3,239000
1,113400
51,2376200
1,104700
1,98700
1,97400
1,93400
1,96400
248,205200
171,1560500
2,133200
1,97000
4,195900
4,162300
3,153600
1,69200
1,82300
1,190300
1,98100
107,2117000
1,93200
1,92600
4,220500
5,265400
3,184300
4,226500
1,112800
6,321300
1,93800
3,180100
1,91900
1,91900
10,522300
2,139800
1,94000
16,780300
1,96300
1,96700
1,98900
7,371700
1,79500
22,623500
323,1017000
23,1061400
1,96100
9,315500
16,766800
295,2302000
19,684000
30,895900
1,68500
2,103800
2,191400
9,376600
7,299000
1,89000
11,522400
3,175800
1,87900
7,354500
1,70000
3,162800
13,489400
2,101300
1,71900
1,78500
1,79900
4,172000
18,534300
1,91900
1,96500
5,200100
1,82000
1,82300
1,65600
1,62900
3,122600
4,164500
1,79400
1,82100
108,1510400
1,79000
12,416500
88,1194000
1,90400
2,132200
1,89500
1,100200
1,78100
1,71400
1,82900
46,1398000
1,80800
1,81400
1,83400
1,80300
1,80900
4,196100
1,79200
49,1473000
1,83100
149,812800
1,84000
7,374400
9,448400
1,121900
1,93600
5,197400
52,1585200
2,119800
42,1214700
11,345200
1,78700
1,79500
138,477200
82,614400
2,110300
1,79400
1,80500
38,1168000
1,78700
4,167200
2,111300
1,69900
254,342600
3,134600
1,81500
3,145400
6,227200
3,126800
7,326700
1,85900
1,91100
2,111900
3,151000
1,78500
1,80300
2,114000
1,84600
10,322500
1,78400
1,79200
1,87500
1,83100
3,176700
2,109000
1,77200
3,154100
1,64600
1,75800
1,98200
5,206700
4,221700
1,89700
3,160600
1,80200
14,411700
1,86900
8,268900
1,77800
10,326900
3,133200
1,76600
4,160200
1,76400
10,318500
7,239000
2,108700
1,78700
5,187000
3,135900
16,478400
18,524200
1,76500
7,290300
1,76900
1,68000
11,511600
1,99200
1,119700
2,148600
1,92000
1,77900
15,452400
1,78700
6,213800
174,1476000
20,574000
24,676700
2,114100
1,84200
1,78500
1,79600
1,80400
2,107800
1,78200
2,108500
2,107100
1,76800
3,137000
1,78000
3,135200
5,185800
16,479100
1,80100
3,136700
4,163300
3,135000
1,77300
1,77100
1,77100
10,353700
118,1647500
1,77600
60,1753800
5,191200
1,81000
2,109800
198,452300
1,78200
1,80000
3,136500
8,276700
3,136700
3,135100
1,79700
1,79000
3,136200
1,77600
1,79300
23,723900
2,108700
3,154800
8,265700
107,1379200
2,154700
1,118400
2,157500
13,439400
3,135400
1,79400
1,79800
2,109900
2,108300
33,926200
1,78300
1,78900
16,472700
1,78100
1,79700
72,336000
13,409800
3,137000
10,328100
16,473200
2,108500
20,576000
21,611200
1,77800
1,78000
12,419600
117,1617500
3,143900
1,83500
25,815200
3,184200
1,94600
3,191900
10,421400
8,331700
2,128000
1,81900
1,84800
1,85700
4,206700
3,161600
20,803600
1,83800
73,495000
2,125000
1,83300
470,1648900
3,167400
12,499100
2,125400
1,86900
4,167400
1,79100
2,133600
4,218100
55,1835900
1,89100
1,79000
5,204300
26,748800
1,71200
15,455000
1,74800
2,131900
1,105100
106,1252700
1,72600
3,129100
1,71300
6,223500
1,73700
1,72600
42,1190400
1,73300
33,1365700
1,98800
151,1223300
1,82500
3,146600
5,218600
18,566800
15,465700
1,79900
1,80800
1,81600
1,104200
1,90900
1,90700
4,172700
1,85900
5,225300
1,85900
1,81600
1,86700
3,145200
5,200400
1,90200
6,227400
2,110800
1,86200
2,109400
1,82900
1,82200
5,188800
1,80900
1,80300
13,399600
1,85600
1,81300
1,81000
1,80600
1,85100
1,81700
4,248200
3,137600
24,800400
3,179600
1,96300
4,229500
408,1365800
1,79300
1,89600
1,91200
1,83400
1,87300
3,176400
1,89800
141,772700
2,129000
1,91700
4,180000
1,87100
1,85900
4,204600
10,381100
10,387600
14,445800
1,92400
40,1386400
6,240400
1,88300
7,267700
284,1496300
1,87400
1,89300
1,85300
1,84000
4,174900
1,87500
9,327800
1,81900
1,86000
1,91400
3,145900
1,81800
1,117300
2,131900
5,226900
1,91500
1,89500
1,83500
10,340200
15,481100
1,87700
287,1207600
3,179000
14,430200
32,1084100
4,179100
1,84200
3,141100
3,172100
3,138200
67,322500
8,277100
1,67800
6,266100
1,88100
29,904100
1,92000
1,80900
26,821500
2,111200
45,1580100
1,72700
16,504400
1,71600
1,75800
7,277900
38,1075300
3,130800
1,72200
1,70400
28,801400
1,73400
1,74800
1,73800
6,285300
1,97500
4,245600
1,101900
1,110100
4,171500
30,902500
38,1074200
1,72100
1,73600
2,105400
1,82100
1,72900
1,71100
2,102700
2,101400
1,90700
1,80000
2,112000
2,103500
1,71700
2,111400
1,71800
15,438200
1,70600
10,355200
73,365800
3,126900
3,127200
5,187200
1,74700
2,105700
18,511700
6,207900
1,70300
1,79300
1,75600
1,72000
3,128900
9,284300
1,70600
32,1159200
21,793800
1,77700
2,111800
1,71800
35,969100
1,71400
2,103000
43,1187800
1,71500
1,73400
19,589100
3,142600
1,74600
1,100400
1,75700
1,65600
14,541700
4,158100
1,70400
3,129100
3,127500
4,156000
1,71000
1,75400
7,244500
2,100800
17,548400
1,72100
1,73100
54,1637000
2,133100
1,77300
2,109100
45,1249100
1,94700
3,169900
5,191800
36,975000
2,101200
1,71600
11,339100
13,414700
1,73300
1,70600
2,101800
1,72900
61,1636400
18,510900
1,72100
1,82200
1,90000
1,65800
3,122600
1,64500
3,163100
3,136400
1,79000
1,87600
7,325500
1,64000
26,727900
2,99600
76,441600
8,256700
1,71300
2,102100
14,598400
33,1019700
1,77400
2,103500
35,984800
1,70500
9,314200
11,407500
2,103200
4,155700
1,70800
7,240000
1,70600
1,72700
1,70900
1,73400
1,81400
1,73600
1,72300
1,74200
6,216600
4,204000
12,476600
9,398100
1,81600
1,82900
1,83200
1,83200
1,83100
36,1349600
1,85400
10,410100
1,82800
1,82700
74,525800
1,87000
4,197300
3,155400
1,82100
1,83900
1,99300
27,989900
1,83600
3,158800
3,161700
15,599500
1,162100
6,279000
1,83600
2,124400
37,1431800
1,88100
1,84600
1,85100
1,84300
1,82800
1,81300
1,79300
1,81200
1,80800
4,202000
59,2298000
1,83500
1,83500
9,420100
1,84600
14,558100
12,474300
1,85800
3,161600
1,84300
1,84400
1,92200
2,125900
1,84000
1,84700
1,88700
8,350300
1,85800
1,85900
19,766400
5,326800
1,127000
24,805100
1,79700
1,80200
1,78400
1,80100
1,81400
3,141100
3,148100
1,80000
1,80600
2,130200
1,79300
4,165500
1,78900
2,108100
2,110200
1,79100
1,79100
1,79400
1,79200
1,78800
1,78500
1,98600
1,81100
1,78800
1,77200
2,115900
3,136000
72,369400
3,137000
28,818700
8,268900
1,78200
3,145800
1,79600
8,287900
2,108400
1,80300
1,77400
1,77100
32,909800
85,898100
1,100700
2,150700
3,155100
1,78400
5,191000
3,135200
1,76800
11,359000
1,79700
4,211000
2,143300
1,113000
7,279100
1,81700
9,350900
1,77600
27,775600
1,78800
22,630100
5,187700
1,80100
10,320300
3,136600
2,107200
1,86400
1,85400
1,81000
1,79100
1,78900
1,79100
11,348100
1,78000
1,78300
1,78700
4,184500
1,79200
9,292300
1,78700
12,385100
83,788400
3,202300
1,103000
4,175700
1,104400
1,82600
1,80300
1,79000
3,148100
2,108100
1,90300
3,137100
1,78500
3,148400
1,79200
1,78200
2,117100
3,135400
2,106400
1,78700
2,112800
6,212600
1,79200
1,79600
3,182500
3,135500
42,1181500
3,197100
1,96500
1,95800
1,96700
3,219100
4,197500
6,250000
1,67800
1,67100
2,122400
2,97200
1,86400
2,128700
2,98400
1,87700
3,131300
4,256100
3,183900
3,181400
1,93300
2,136700
1,95700
1,92400
6,315400
17,969700
1,79400
19,671200
1,78500
3,121400
24,1190300
36,1658700
3,182600
5,265400
11,521600
1,108300
6,243500
38,1043100
1,88000
72,422800
2,111900
1,75600
1,74200
2,141000
1,95900
9,400100
1,98400
1,95900
1,101100
1,95500
2,109500
12,615500
3,187300
1,98500
4,229900
1,92800
1,92100
11,501000
1,87000
11,331700
4,205000
1,87600
1,76600
9,304900
25,798700
22,629000
1,72400
1,73100
14,400200
2,137200
1,76700
1,75100
104,1768600
1,95400
1,96500
6,271300
53,1512800
5,189800
1,79800
2,111000
7,330500
137,531900
3,135800
1,78000
1,78400
1,80200
1,80400
41,1168100
6,216400
1,79800
1,80100
1,77800
29,814900
2,109500
12,369300
1,80400
1,80000
7,243000
50,1604500
1,85100
1,84900
4,187500
1,80000
1,80200
1,71900
4,164300
1,73000
4,161200
429,1702800
1,79500
93,894800
1,78200
11,344800
24,693000
3,134200
24,1611000
2,118000
1,89900
5,195000
2,110100
257,441400
1,86300
1,73900
1,79900
1,63400
2,90400
1,63900
1,76000
2,97700
4,146300
24,657700
1,76800
1,80000
1,77900
1,78800
1,80200
68,240100
3,136900
1,77800
3,149700
1,79900
1,79800
1,79700
1,78900
10,318300
1,99300
3,138200
1,78200
2,133300
1,78900
1,80000
1,78000
3,135400
12,373900
1,79400
7,240100
1,71000
17,483700
1,78100
2,109400
20,569300
3,135200
1,79500
33,916600
2,107600
34,1065200
1,80300
2,94000
19,616000
1,80200
6,213800
1,78800
1,80900
4,161900
4,161000
1,76500
20,585500
29,807100
1,77800
27,761200
1,79500
3,137600
2,109100
1,78900
1,81400
1,80300
1,80700
1,77500
1,78200
1,78100
1,77100
1,86600
1,77900
1,87100
7,256700
1,92800
433,1828000
8,319800
1,81400
2,108800
1,63400
1,64100
326,699900
1,72400
6,217500
1,78200
3,197300
1,91500
1,80300
3,145200
2,108300
23,663300
1,78000
2,108100
1,77300
3,137200
119,1568600
75,434300
3,134300
1,78000
1,78900
2,110100
4,162100
450,656700
7,238700
1,76800
1,180500
1,88900
1,83700
1,84500
5,288100
3,170800
3,196300
7,305800
3,199400
6,271100
3,170000
1,79600
8,269600
1,77300
3,136200
2,110900
1,77500
3,137200
4,160800
1,71100
3,132400
13,396600
1,77200
1,79200
12,417400
3,135600
1,85300
3,136100
7,241500
1,81000
3,137900
11,341700
1,79400
4,160400
15,559800
8,296800
1,89800
25,759300
2,107700
1,77600
1,78900
1,79800
3,137100
1,77700
3,136000
1,79200
21,619800
1,78300
7,336100
1,73300
53,1826600
4,163900
1,93700
1,80600
1,79300
2,108100
4,161400
1,78700
1,77100
6,223800
12,370600
1,79100
1,79100
9,289600
1,78500
1,80000
6,222200
1,79900
1,79500
3,135400
2,108400
1,80000
2,107300
12,376100
3,136900
36,986100
1,79700
1,80600
1,78200
5,188000
1,77100
9,292000
1,79300
4,218100
20,785600
217,1134600
2,131500
1,66000
15,449900
1,79300
28,790400
1,77600
3,134300
114,1570900
1,77700
1,79900
13,393300
16,469400
1,78100
3,134300
2,106700
6,237000
7,243200
9,299000
1,78500
9,294400
4,160900
1,76700
6,214200
4,160800
45,1557700
1,80400
7,240100
1,79000
5,187200
1,72500
1,78000
103,1168900
1,77900
4,158700
3,136300
1,80400
6,214600
136,433400
44,1178300
2,131700
2,110300
1,76900
273,828700
1,78200
1,79600
49,1483700
43,1261800
3,136800
1,83500
3,131100
1,81100
4,171000
7,239900
4,162100
2,109600
6,286400
1,72700
183,1854000
3,138000
1,78600
4,161200
1,76900
1,91800
10,316100
1,77100
3,140300
7,238900
1,78300
87,732100
2,110200
9,289100
54,1778800
8,269500
175,1440200
1,78600
338,927600
10,319100
1,78200
5,190800
1,77000
9,291800
3,134400
2,108100
1,79500
14,418900
2,109300
16,472900
50,1372900
1,78100
1,84400
1,79600
1,86200
12,585600
94,971900
2,109800
2,116000
31,1095200
9,297700
1,82300
4,205200
4,163100
3,134200
34,930500
3,134100
4,160900
14,419600
2,117200
50,1739200
2,109100
1,80000
1,97800
14,426900
4,164600
3,143600
1,100800
3,156200
1,77800
1,90400
6,274900
9,290500
1,79500
1,86400
1,80400
1,78700
1,79000
8,266400
2,108500
32,880200
4,160300
1,78300
3,141900
4,164000
1,78500
1,70800
1,78600
7,252700
10,317800
1,78000
1,79700
1,78900
7,236700
2,101200
1,78500
1,77000
59,1571800
5,185500
1,77600
1,75900
3,134400
1,77400
1,78800
1,76600
1,79300
5,189300
1,78000
1,78800
11,419600
3,137300
29,1102300
3,181000
2,135900
1,92700
1,95300
15,466300
1,81400
3,139100
282,1118200
8,270500
1,77500
2,108900
29,806600
1,80000
1,79500
1,78600
1,83100
1,78200
2,108000
1,79200
81,735400
1,100300
1,83700
1,80000
15,460800
1,80600
1,82400
7,245700
1,77600
3,136900
3,136400
3,164100
1,77500
8,312400
5,207600
19,626500
23,793300
1,80300
13,406700
3,147700
13,398200
4,183200
3,133200
1,73500
3,132600
1,80400
36,1119400
1,80400
1,81200
3,140300
1,81300
1,81800
1,81800
3,138100
1,63000
4,144000
27,885400
1,103000
1,109300
4,191900
5,240800
30,1088100
1,114200
6,324000
1,85800
2,133400
1,71100
1,75100
2,151500
1,81800
20,610200
1,96400
31,965400
1,65500
9,274700
4,157800
1,71800
1,71600
1,70700
1,72700
23,665300
117,1492400
31,862100
3,132500
1,83400
4,166100
11,333000
1,73000
2,102400
1,71700
16,612900
1,74200
4,194000
1,81400
1,100700
4,243200
6,211900
1,73200
5,214800
1,88200
4,207000
2,103500
1,69800
1,70300
2,102800
35,958000
1,72200
5,181900
5,181100
1,70400
4,162300
4,154100
11,384800
1,71500
1,72700
3,130300
1,73100
2,101500
1,70600
1,71000
11,340300
1,72200
3,128700
4,161800
3,127800
1,69400
1,72100
1,70800
3,164600
1,97300
15,491900
4,170200
1,66300
2,95600
2,102500
13,425200
1,104700
4,186700
18,677400
1,72800
1,100300
5,189400
1,72100
6,210000
4,187300
1,72300
71,327000
9,284600
1,72700
3,156600
4,153900
2,102900
1,72800
1,73500
2,104800
121,1679200
1,72600
9,287000
1,70100
12,376200
4,154600
1,71700
2,103400
1,70000
1,72000
6,209000
1,69500
4,155700
1,69100
1,72800
2,102800
2,98500
18,553100
25,796100
1,82400
150,885000
3,134700
1,72100
28,781600
38,1203500
1,87200
1,86300
2,136100
1,95600
4,237600
6,309000
1,93300
2,142200
1,90900
1,76600
1,72900
1,72200
2,104200
1,77800
13,426600
3,129900
3,128900
7,234500
12,411200
1,71500
6,250500
8,275900
184,2090400
3,136100
1,72200
1,73400
4,156200
1,70200
1,71900
1,73300
1,70500
1,73100
2,100600
1,73900
1,72100
7,245200
1,85100
3,133900
21,603500
8,262100
1,73500
3,131400
16,466400
1,70900
5,184000
19,552100
2,103000
1,71700
1,82000
10,327800
308,2069700
3,167800
2,113300
12,429400
7,322700
3,129600
1,95900
1,101800
10,529600
4,203200
1,72600
1,78100
1,70600
1,71200
20,583000
1,72300
2,108200
1,72000
3,129300
2,101100
19,647900
42,1534800
1,72700
7,242200
2,102800
1,71400
11,382000
1,70900
3,147700
1,71700
1,79900
7,236000
1,88000
9,306500
25,808500
1,101500
4,257600
1,99400
2,107800
2,139600
4,172600
3,128800
2,99800
2,103900
1,73100
11,377800
2,100900
22,676800
1,72100
15,437900
1,71300
46,1294000
1,85100
1,69600
416,2658800
7,426400
1,108300
4,273400
1,115300
5,271300
1,81500
1,67300
5,175600
3,161300
1,65800
42,1345100
3,214700
360,2119600
3,183700
1,81900
3,171000
8,264500
1,72000
1,78900
2,147900
34,975300
1,71400
2,111600
4,155900
5,182100
1,69300
4,163400
6,208600
12,408200
3,174800
158,1136000
1,92300
14,473000
3,137400
1,77300
6,220000
1,91200
1,93800
1,74700
2,93200
1,79600
7,238900
6,223300
3,145600
16,483500
1,78800
1,80800
33,964800
1,80600
5,191100
6,282500
2,111300
10,324000
1,77700
12,367300
1,76800
153,856000
1,79200
11,343300
2,121300
1,101300
1,101800
2,152500
4,244300
2,135400
2,133200
7,248000
16,482800
18,550100
2,156800
1,84200
25,755900
1,79200
14,435800
6,213900
1,76900
2,108600
27,763400
7,271700
1,78800
7,252600
2,109200
1,78100
25,702200
1,77400
4,162100
1,79400
9,294100
2,108400
16,482900
1,78600
1,79300
1,77600
2,102700
1,77900
4,248900
8,298000
1,87800
14,488800
1,79400
2,94800
1,79600
7,241000
13,470500
14,421900
1,77900
1,89000
2,111400
9,303800
13,397300
1,78000
10,318500
1,78500
3,135900
9,290700
3,136300
1,77000
76,461600
21,629900
3,136300
1,77100
17,493600
3,134900
3,133900
22,639100
2,107900
4,160200
5,187100
103,1666800
1,76800
259,689800
2,104300
7,246300
1,74200
2,118900
1,80400
96,1036000
7,241100
26,749400
1,78700
1,80800
1,82200
1,78900
1,80200
3,135800
118,1927600
1,79000
1,78000
1,80500
2,110500
3,132900
1,78100
1,92100
1,97300
4,260400
2,160900
1,98700
1,105600
171,1405100
23,715500
123,1891100
1,78500
1,65600
1,88500
158,986600
1,79700
26,734800
1,77600
145,650700
4,161600
1,76300
4,161100
1,77500
102,1554000
1,90600
3,143900
1,73500
3,142000
3,121500
4,172200
231,1319600
33,998800
3,136500
1,78600
1,78500
1,78600
1,77000
58,1547200
1,77800
2,127400
9,290500
1,76600
23,652100
4,192000
3,183300
1,92100
1,75200
1,76500
21,641900
2,109800
1,80000
1,74400
92,874600
1,79300
2,110900
1,83600
1,79900
3,139200
57,1525100
9,288800
15,443600
1,78500
20,573500
3,137100
5,195600
1,85000
142,579900
1,77900
10,319100
1,80200
2,108500
2,109100
8,265100
1,78200
1,84700
1,80600
1,79000
1,79400
2,126300
10,369000
13,420200
1,86300
2,116500
7,239800
10,327500
1,76500
1,77700
1,80700
1,78100
1,79700
2,108100
16,503200
149,757500
1,85800
162,1089300
1,77800
127,194600
2,108400
5,187700
1,103000
123,1718400
1,77400
1,66900
1,64000
32,926900
1,82900
3,133000
46,1425900
7,242600
1,80600
3,134100
1,77100
1,78800
63,113700
3,134500
1,79700
1,78900
8,263600
60,1601300
4,161100
1,82100
3,134100
1,77900
4,168000
3,135300
1,78900
4,168300
25,730500
2,109200
3,136800
1,76600
35,1192600
4,235300
3,181600
22,655200
2,111000
10,324900
1,84700
1,105500
38,1157000
1,83000
1,85600
1,79100
26,731000
4,165100
1,78300
1,79900
4,162300
18,530600
6,224900
4,161800
15,443200
2,115100
27,759900
3,137200
1,78700
11,637100
1,115300
1,74300
3,142100
9,274300
2,121900
1,81400
13,414700
1,90700
1,67400
1,70500
3,123700
1,63700
8,250800
6,198800
81,621200
1,63400
1,63900
4,151300
87,734800
1,65800
1,72600
1,63000
1,64400
1,65800
1,62100
68,234600
1,62700
1,61800
5,171400
2,91200
16,465000
5,169500
3,121100
1,63000
1,64000
1,64800
1,78900
1,79900
2,109300
4,163200
8,262600
3,156100
1,79500
1,82400
62,89900
1,79100
1,89300
5,304600
1,99800
1,96500
16,480000
3,138100
31,982600
1,100400
1,89900
4,155100
1,72400
14,484300
2,137400
1,94300
5,241300
28,811600
2,109600
6,213900
1,77400
1,78000
4,162400
4,160900
1,77100
3,133800
5,189600
3,148300
5,186200
3,137200
15,447900
56,1575000
1,79700
167,1228500
1,78700
28,940700
1,79400
1,88200
1,76900
3,120700
1,85700
2,110300
3,136900
6,215600
1,79500
48,1335800
25,708400
3,148000
47,1272000
8,265200
3,168200
1,93800
1,80500
5,221100
1,69200
1,75200
14,440300
1,66100
101,1126600
1,77800
1,92800
4,259700
31,1030000
5,190300
1,76700
1,83800
1,79200
2,110600
1,78100
3,136300
1,78800
1,79100
2,108300
3,135600
5,188400
14,417400
1,77700
1,78500
1,76100
1,64400
1,65500
14,423800
1,81700
1,78400
80,553200
1,77200
1,78600
3,136200
1,80100
1,77900
9,292800
3,144800
148,735000
1,78900
5,188800
160,1058200
1,80100
1,79400
38,1185800
8,269600
25,714800
1,77700
22,639200
80,555400
1,87300
1,79800
8,267700
1,78500
3,137200
1,77600
1,76700
5,186100
1,78700
1,78600
2,111000
1,77700
33,1074400
1,80000
13,446400
1,80200
2,111100
1,79700
1,78600
1,78100
1,77400
1,78100
24,680900
4,160900
25,855000
348,1464600
1,80600
3,158900
1,82800
2,109200
145,677900
2,111700
7,240500
1,77000
1,79300
17,497200
1,79700
1,77500
4,148300
1,77000
3,135800
2,108500
1,77300
26,733700
7,238200
1,77700
1,80500
1,78500
7,237800
1,77500
5,190600
19,678400
42,1265300
3,154300
3,126200
123,1685900
13,403800
1,78300
1,78100
5,188000
1,77800
1,77700
3,138000
2,108300
4,162300
2,107400
8,263200
13,499000
1,96400
1,98100
13,577700
39,1058100
9,304600
1,77900
2,107800
13,400200
1,79000
1,79200
3,136100
1,78100
3,135900
5,252200
1,106700
1,103800
12,474200
1,64100
1,64900
5,189400
60,1603800
12,406000
25,702700
1,79000
2,109300
1,77900
37,1013300
2,123000
1,79800
1,78400
2,109000
1,79600
20,574700
1,84700
1,81300
3,147300
2,107000
1,78700
23,649500
2,138700
1,80200
1,79200
5,186300
8,349000
4,188400
1,80500
14,510400
1,78200
4,162000
14,422100
1,79100
1,83700
124,111900
27,764000
8,339300
6,215100
31,962800
2,134900
4,164900
1,79500
1,79100
1,79400
1,77700
323,527200
10,315100
72,354900
19,548100
6,212100
1,77300
1,76900
167,1302100
1,88900
76,601000
1,79000
4,147500
7,237600
17,514500
1,78300
1,76600
16,469000
1,78600
2,111200
1,77400
22,639900
1,81000
5,193300
149,758200
1,78500
1,78000
1,79600
10,373400
2,112600
8,264800
1,79100
2,119400
55,1579600
1,76800
1,65100
1,62900
4,152000
2,108400
4,160900
1,78900
4,256500
28,1123600
3,170900
2,111200
2,110100
174,1619300
1,80300
3,176300
40,1091700
2,108700
39,1100800
1,79000
17,498000
5,185700
1,77700
17,497000
1,78300
1,78900
1,76700
3,135500
1,77200
1,77600
3,135000
10,467200
12,547200
3,137600
1,78800
23,655100
3,133600
9,297000
1,75400
20,573400
3,138600
19,560100
1,78300
2,109700
12,365800
1,78600
2,108400
1,77100
1,77800
1,78700
16,468100
3,152700
1,78900
1,79300
4,160900
2,108700
1,78600
3,134300
208,703200
2,107800
2,107300
1,81900
1,112800
3,141800
7,240600
3,137700
1,78700
1,77600
23,826700
4,227300
1,85800
1,83800
4,195300
1,79500
3,136900
1,78900
12,405800
1,71100
1,63300
9,348300
2,109400
19,571500
36,982200
136,428000
1,76700
1,78100
19,556700
85,683100
1,78500
7,237300
1,79400
7,236700
2,108400
10,325700
1,79000
6,220100
3,135000
3,135700
1,77000
1,80700
1,78400
1,78700
42,1327100
278,935500
1,78400
3,136300
10,324200
1,77500
5,189200
1,78100
6,213300
14,418600
1,78200
1,79700
2,108900
1,78600
1,79900
3,133300
8,265700
1,91700
2,109400
115,1436400
66,192300
1,92900
2,116800
1,79700
115,1431900
1,76300
1,86600
2,152200
151,1005700
1,100300
3,145700
5,185800
1,86400
1,77100
1,102800
12,432900
39,1087300
3,138400
1,77700
1,79300
2,110300
1,79100
7,251300
6,214300
4,161900
2,106100
5,186900
66,196100
1,86700
12,369500
1,76200
1,77500
175,1514400
1,79500
9,293600
4,163400
1,77700
32,1142000
31,875100
1,84700
1,79400
297,1417900
5,185900
1,77800
1,91100
5,200300
1,77100
16,464400
1,80000
1,102400
1,80800
1,79200
1,79400
1,79800
3,135300
13,396000
3,134300
1,86000
5,186800
1,86000
1,78800
3,137600
3,135600
1,79200
4,162700
1,79600
6,213200
14,423200
1,79700
20,633500
1,73200
3,165300
4,243000
2,106000
1,67000
34,964900
3,140200
109,1295700
1,78400
6,213300
7,245600
1,76800
28,806300
21,600500
2,109400
1,77400
126,175700
15,446600
1,78100
2,109800
1,89800
1,70500
45,1206400
1,76700
1,79200
4,161600
2,109800
1,80700
5,217500
1,65800
1,64700
3,118600
1,88600
4,235000
1,80300
17,517000
1,79000
2,109700
1,77400
4,162700
19,546100
181,1670600
33,902900
5,231800
3,136500
1,79700
6,212000
1,78500
1,77000
6,213400
2,121400
1,79100
2,107000
5,187000
19,648900
8,269500
1,64800
1,63700
83,703100
1,84200
1,65500
7,318400
1,166700
1,85400
6,213300
1,83900
1,101600
1,93500
2,103900
14,411000
1,71300
1,72500
6,209000
7,230400
3,129400
15,456000
10,319400
65,158600
2,100200
1,71600
1,72100
5,182000
1,72300
1,72000
1,72000
2,101600
1,70500
24,680000
2,99400
1,71400
1,73900
9,284700
1,71200
1,72000
25,690500
1,74800
83,624700
46,1640300
1,65000
1,64200
1,81000
344,1092200
1,81400
1,80600
1,79500
1,86500
4,163800
11,345800
1,76600
1,83500
1,79000
1,78400
69,269300
2,107500
1,77500
1,77800
2,108500
1,86000
1,96100
1,81100
19,550900
4,162500
2,107500
3,133100
1,79200
1,81400
1,78300
10,381500
3,136200
1,86000
9,416900
1,96400
1,100600
3,197200
20,671700
52,2128400
1,99900
3,184500
1,91500
1,84300
2,121700
6,208600
2,108800
1,79400
15,538100
1,77600
4,166000
7,237700
4,175400
6,222900
1,80000
1,78400
1,77600
1,78700
15,450200
3,135700
9,292300
27,762500
1,78800
3,136900
3,135300
3,137200
1,77600
89,910800
4,188200
1,113400
1,91300
1,78000
5,203400
1,89800
1,107700
7,281600
1,80700
1,66500
26,759000
1,79900
3,132500
1,79700
6,217000
6,213300
1,79500
1,79900
10,319800
1,78400
577,804800
1,71400
1,80600
5,191900
2,108000
313,325000
1,84900
8,268800
3,141100
12,393000
44,1186800
1,71000
1,70000
4,153500
2,100800
1,71400
1,70000
5,178100
2,116100
1,84300
10,450200
1,101100
1,101400
12,403300
2,103300
1,70800
81,576200
41,1110100
1,70600
1,73500
5,183500
1,70100
1,72300
2,102700
1,72500
1,71700
1,80400
1,71500
35,969700
42,1158200
1,78400
16,471300
1,77100
10,347000
1,79300
15,446000
19,575000
1,79100
7,393400
1,103300
1,103900
2,117300
1,71500
1,66300
4,164500
1,78800
1,80300
1,78000
1,79100
2,107400
2,109300
6,211400
16,470700
1,81000
1,78600
7,242700
1,77400
1,79800
21,675000
22,831900
1,81500
6,225600
4,166300
9,293500
4,177600
1,76600
1,86100
203,605800
3,136900
2,108300
1,79500
8,275200
1,79900
1,79300
1,76800
1,79700
1,80300
4,166700
7,241800
13,397200
1,97400
93,985200
14,449900
5,198500
1,78200
4,171200
1,89200
5,215100
9,314400
241,1620500
3,144300
2,110100
36,1086000
8,269400
1,76900
47,1312100
1,73600
1,74000
5,193000
3,157300
3,137700
1,78800
2,112000
3,173200
5,223100
2,127100
1,71200
1,89200
1,101900
1,71700
75,445800
1,81000
2,117400
8,319900
77,484100
1,79300
1,80600
2,110500
41,1375400
2,112000
1,80100
7,243200
2,109000
1,77700
78,517000
20,581500
1,83200
1,82100
1,71500
9,296900
19,593700
1,78600
1,86500
1,78400
1,81400
4,163300
1,78400
1,77900
1,80100
10,316800
16,588800
30,1010200
2,111300
1,80800
1,80800
1,79900
1,80800
4,170900
2,111500
1,79100
1,89400
2,107600
1,81200
1,80100
4,161500
2,110500
1,71300
1,74500
1,63300
3,146800
1,73500
1,82200
4,171800
3,132000
2,109800
2,111500
3,139000
1,81300
1,83800
1,81700
1,81300
2,111200
10,376300
4,176900
1,97600
1,85700
3,150900
9,305500
1,79000
3,142000
2,117000
1,79900
1,80100
1,80700
1,78400
1,77800
5,197100
12,383100
1,79300
21,829500
1,112700
188,307300
1,86600
2,115400
1,90300
29,898700
2,106700
1,89100
6,299700
1,80700
1,66700
1,76200
2,96400
9,288400
8,271400
54,1537700
1,78300
1,87700
1,82300
302,1592100
4,162900
2,109200
34,1031400
1,82300
1,90400
99,1293500
11,361200
3,170300
2,111700
12,386000
2,115400
2,113000
1,79400
2,111600
3,135000
40,1271700
2,148900
10,417900
1,72000
185,1750600
14,421500
2,102200
32,959400
1,81300
1,79500
5,209600
67,306200
13,575100
1,68200
1,66100
1,79400
1,75700
1,65700
1,64600
1,63400
7,234300
1,71300
6,218100
1,73000
1,73400
1,70700
4,199500
2,105700
4,155300
2,99600
65,157800
1,71600
1,67000
3,150100
14,414100
6,207600
5,201600
1,70700
1,72800
1,72400
1,72000
1,71600
11,357300
15,448300
1,69200
2,103200
2,101100
2,109800
1,76900
2,106900
125,131100
4,154700
4,154400
1,71400
1,71100
23,673200
1,69300
1,73900
1,71200
2,115400
3,128400
1,85000
1,95900
1,71500
17,509100
1,71500
1,64900
1,64100
1,66400
2,102000
1,91300
2,137900
10,327400
47,1280300
1,78300
21,598600
1,71900
13,406700
5,182500
9,282800
1,70600
1,72800
1,72600
12,369300
1,72000
1,76900
51,1383500
1,71000
1,72700
12,370300
1,72400
4,155100
1,71700
1,71100
10,383800
4,176100
1,64100
13,462000
3,145700
1,73800
1,65600
1,64600
1,94300
1,79200
3,123000
1,68800
52,1417800
3,127000
1,72000
16,456000
1,86500
1,82500
5,181100
1,73400
1,73300
1,71200
1,73400
9,285400
1,71100
4,166000
11,348600
3,129100
24,669700
2,100300
15,436600
1,93600
1,82200
8,331000
1,73200
2,103500
6,209100
9,282100
1,72000
12,400300
1,91300
1,68700
1,80900
1,90600
3,217300
25,892500
1,74600
52,1424300
1,70600
1,73300
1,72400
11,337100
11,354000
1,73000
4,155600
14,422400
10,309900
1,72300
1,71900
2,108200
1,71300
1,72800
1,71800
1,72000
1,73100
8,264700
1,69400
1,71400
8,259300
1,77400
198,511700
1,70900
11,345000
1,79900
88,820700
1,88800
3,125900
3,140800
3,138200
1,65500
11,397600
13,394700
1,72600
1,73400
5,181900
1,71100
34,973100
1,72000
3,128900
1,70700
2,102400
10,307600
1,71500
8,257700
27,807300
1,69800
12,362200
18,515300
3,129300
80,554400
3,128600
4,154400
5,180500
4,171800
23,647600
1,70100
1,86600
5,258400
2,98300
40,1260000
1,80600
9,363300
15,441800
3,118700
1,70000
1,74000
1,71200
4,152500
98,1036400
9,284200
453,736900
10,309700
14,450700
173,1445700
117,1589600
19,575600
19,544100
3,128400
33,961700
1,70700
9,284200
13,437100
1,74200
20,573200
3,129100
1,70400
1,73600
4,155200
1,72400
41,1127700
3,129500
115,1497300
13,404400
1,71400
2,124800
1,89100
1,91600
1,92100
10,397000
24,838300
1,88100
1,100800
3,136500
1,79400
1,80100
1,71500
2,94800
5,187800
1,71400
10,313600
1,70600
127,185400
20,580500
1,70500
1,80600
27,1075700
1,101300
1,81900
7,242600
2,110600
1,64300
18,514400
4,157900
4,154600
1,73300
1,75600
10,312600
17,499800
1,71400
2,104000
1,69700
147,810500
14,676700
1,78800
1,74000
55,1511900
4,153400
4,164200
16,463800
2,102300
1,72200
4,163000
1,70000
1,72500
1,71400
1,72500
1,70600
1,74200
165,1166900
3,128100
1,71000
1,72900
1,80900
10,310200
15,438600
1,71200
1,72300
1,78700
6,207300
1,70500
4,155000
2,100100
1,71500
7,232100
1,69500
6,249300
14,571900
21,614700
2,143500
2,137600
3,129800
1,71000
49,1401100
3,133600
28,863300
50,1454700
15,441300
1,72000
4,181700
4,174000
121,1724800
4,201200
1,98900
3,217000
4,249600
3,188300
3,135800
4,154300
82,597000
13,391600
32,889200
4,196200
2,102000
3,129900
4,181700
4,152700
10,396400
296,1457700
9,341800
2,103100
4,162400
4,218600
3,167200
4,155400
16,500200
4,199800
4,159400
19,747300
7,291300
1,72400
9,305700
4,169600
180,1841000
4,165800
5,192900
49,1381600
1,79200
4,166600
5,195900
4,192100
4,161200
6,224300
257,436500
19,608600
4,179300
21,619400
1,79200
4,170600
4,190300
4,156500
26,992900
4,196000
4,157100
4,174700
3,135600
4,161800
4,161200
4,164000
5,191900
24,687200
4,165400
4,169100
4,163100
15,451100
1,78500
4,161100
31,860400
4,163200
11,353400
4,163800
4,162300
4,162600
3,137800
4,164200
5,191300
3,135500
17,511900
4,163400
3,133000
4,181000
4,181400
6,251600
4,149500
31,953800
1,67000
4,151200
20,572800
4,161100
4,195300
4,176000
9,294900
4,169400
30,972800
12,370000
4,189200
89,794500
4,162900
3,134100
4,163900
1,78300
2,110500
4,161800
4,161800
7,240500
21,612100
4,163700
4,170900
2,108200
4,208900
3,146300
4,185300
21,849300
4,163000
4,172600
4,161700
20,577300
4,163700
4,164600
4,160200
12,368600
8,275100
4,226400
4,163100
4,161000
13,427700
4,157300
1,80300
4,162700
25,720200
131,294900
3,134100
4,163000
4,167400
200,504300
9,297100
11,353500
1,78800
4,161800
4,163100
4,219400
2,114600
4,215600
12,401000
4,204600
4,207700
14,423900
4,162200
4,161300
22,619900
172,1406800
4,164100
45,1230500
188,195000
4,171200
4,162500
69,272700
1,77900
4,163400
4,162300
3,137800
4,210500
4,168500
4,163100
4,160600
7,239900
1,77800
4,177200
4,171800
3,157700
23,779700
4,156600
10,318800
4,165300
20,571800
15,442700
4,172600
5,187200
70,294100
2,110500
4,161700
4,165900
13,387900
4,164800
1,79900
10,357000
4,161000
3,137700
26,727100
4,170500
206,738700
4,160800
1,78400
4,163600
7,239000
4,185200
1,86600
1,103200
4,187200
36,1136200
4,182800
5,189400
4,167300
3,136500
5,190200
2,109100
4,163600
6,221800
4,161500
4,198500
4,163700
4,160700
354,1328100
11,343200
4,160900
4,163600
4,163900
4,161400
4,161300
9,291600
4,159800
4,167100
13,404400
5,188300
1,77500
9,290900
34,1081700
4,167200
1,91400
4,210900
1,67100
4,175400
4,203100
4,164000
4,187700
4,164100
42,1148500
4,160700
1,86900
4,165000
1,78400
4,163600
203,590500
4,164400
4,160600
1,78300
3,135600
6,214500
4,160400
4,163300
8,269900
33,1017700
2,117600
4,177200
65,178200
12,394700
156,1222000
4,156300
15,498800
4,155800
4,156200
4,155800
1,73400
5,189200
27,749300
18,515500
39,1289400
35,960700
4,163200
46,1282100
4,163400
1,78400
5,188700
4,162800
7,251400
4,184700
4,223600
22,888400
4,169700
6,215800
8,276800
1,78500
17,497000
4,161200
4,162300
99,1060700
4,162800
9,298100
1,78600
4,188600
1,80600
19,547200
83,654300
24,990500
4,202800
4,214000
2,144900
40,1373600
245,2054500
54,1583500
4,157100
4,152700
4,186100
4,164900
1,78900
4,161700
25,711400
10,319000
15,445300
4,162400
4,163000
4,161900
4,174000
7,238600
4,159500
4,161500
4,160800
19,948900
4,264700
6,341900
4,244900
4,285300
16,479300
4,162200
17,514200
2,111900
2,110100
4,161200
162,1099000
10,401000
9,406200
1,74000
4,168300
4,205700
4,198100
4,161700
4,146600
3,137100
5,198600
4,175800
11,363500
12,369100
4,163100
12,442400
4,178100
1,76400
3,128500
4,214700
2,108600
4,164800
161,1068700
4,163000
5,189500
39,1075000
4,162700
4,161200
1,78600
4,162100
4,162100
4,163400
11,350400
4,162200
4,159700
4,161800
4,158600
7,269200
4,160500
4,161300
50,1349800
6,234200
4,196900
21,809300
38,1058400
29,810600
4,162700
4,161900
50,1368700
2,115800
1,78100
4,223200
6,274400
22,773800
4,164800
4,162000
4,161400
4,170100
3,134400
4,160800
4,210800
14,420200
4,171700
4,160900
4,160500
4,162400
13,620600
4,258000
4,171800
9,271400
4,162300
30,841000
46,1240100
1,77600
4,163100
3,136000
36,1015000
4,159500
32,875000
4,172800
2,108300
4,161300
12,366900
14,417400
5,187700
2,108100
4,161100
83,719100
1,96400
4,199300
4,166200
4,157500
1,80200
27,813900
4,162000
13,391800
4,159900
4,166100
4,158600
110,1453700
78,519100
4,163500
42,1143000
24,670300
4,161800
1,77700
4,160200
3,135500
4,161000
4,169200
68,240700
12,431100
4,153200
4,243200
4,235100
7,240400
4,160000
36,1014100
4,162300
4,162100
4,163900
4,163900
4,161100
13,406700
4,161900
4,160100
26,719700
2,108000
4,161200
1,77200
4,162300
6,219200
14,421800
4,160500
90,803600
1,77100
4,174900
20,581900
6,211400
38,1436600
1,80900
4,163400
4,187700
4,162500
1,77900
4,162400
1,78400
4,168800
2,108600
4,159800
4,161500
1,82400
4,209700
6,274300
4,197500
4,161700
10,341700
4,161200
9,290300
12,367700
2,108200
14,424200
4,161600
20,574300
1,77900
20,596800
4,170700
4,164200
4,162700
200,544600
86,898500
6,229000
4,162800
4,160100
37,997500
7,237600
47,1349300
4,163600
8,266900
4,161600
4,161400
12,382000
4,160400
4,160400
4,163000
118,1574300
4,160900
10,315600
4,159800
7,239100
303,1984400
33,1093500
4,155400
12,367700
4,162900
1,86700
8,328100
4,159400
3,136300
2,106800
2,219800
11,367400
4,163500
10,345000
14,424600
4,158700
4,171200
4,150700
12,352400
23,616800
4,162100
4,152500
24,887600
4,188600
4,157400
4,153500
5,176400
36,1201400
1,108300
5,315300
5,261000
5,211400
5,216800
5,206000
11,356000
1,82400
1,84900
5,186200
5,186800
2,108900
26,776500
5,215000
92,864400
5,193700
9,289400
1,79300
15,481300
3,150300
5,199300
4,242700
5,259300
96,1349100
39,1276000
2,109900
5,197500
5,198400
4,202900
5,240400
129,244100
2,116400
5,224100
9,294500
129,251700
6,223100
19,561900
232,1334300
89,799200
8,404400
1,106600
1,106100
5,281000
5,251400
5,190800
5,217500
5,192500
5,186600
5,187200
16,486600
3,159400
5,209500
1,85400
9,345300
5,195200
13,402700
188,221500
41,1210900
1,93900
8,336600
5,192400
10,321800
15,458300
5,204200
1,78100
1,78500
5,187300
28,945500
5,260400
5,210100
68,290100
5,220700
17,689700
5,195900
12,379300
5,196300
5,192600
1,78900
5,195500
7,235600
10,316800
23,694200
5,213600
6,216400
7,242900
3,136400
1,78300
1,84800
5,201400
3,136600
1,81400
12,372200
5,210800
5,198300
15,450500
5,195600
1,79800
37,1688400
47,1367000
5,205800
1,85200
4,207500
13,405800
5,235800
8,271400
5,207400
5,248300
9,299900
5,246500
13,388600
5,244100
3,135700
20,681300
1,86000
4,166600
5,248900
4,212800
6,261400
4,186900
5,193700
4,215900
5,386800
1,113700
9,490000
5,202600
17,518200
5,227800
28,841100
12,383700
5,214400
5,210000
13,398700
29,856100
5,189100
25,697700
29,810100
5,188500
4,162100
5,189700
5,187500
5,185700
5,215700
16,478100
5,270000
274,1092900
5,191100
5,187500
7,246000
16,470400
5,185400
12,366100
5,185100
133,354500
5,194900
30,820000
5,192100
5,187800
1,78500
10,319100
5,190500
13,406100
5,186500
9,404400
60,1879400
5,291300
1,67600
5,217900
15,496900
5,190900
36,971000
5,188200
5,188300
5,187600
26,741900
5,224000
5,187300
1,77200
28,772100
1,78000
5,196100
1,78500
5,188700
2,108000
5,243200
24,754500
99,1072200
5,229700
5,234200
5,180500
5,177700
5,180700
15,456400
8,267600
5,202500
5,186700
1,79300
8,264500
85,672300
5,194200
57,1544700
2,109000
5,201000
53,1563800
4,160600
5,185100
5,187800
4,160300
5,189100
15,431600
5,214500
7,383600
5,249300
5,202100
5,188500
6,207100
76,448700
1,79000
8,268300
11,342300
5,187700
184,1671200
53,1461300
5,186800
5,189300
5,188000
5,187400
10,327000
1,78000
5,188400
5,229600
5,177500
7,242600
5,187100
14,626400
5,190200
5,234100
69,265500
1,78100
5,189800
5,188700
5,186700
5,186600
135,412200
1,72700
5,185900
12,369600
5,190800
5,186000
13,400500
12,461300
5,188600
5,229500
19,574700
5,194300
57,1534600
5,188600
1,78700
5,189000
5,185800
22,761100
8,302300
27,761400
1,78100
5,188600
9,290200
5,200500
78,536700
1,78900
10,319900
5,188800
5,187000
92,924800
7,241200
14,418200
16,464500
23,660700
17,493000
9,289300
5,187000
31,950700
5,208700
5,233700
60,1652600
6,213800
5,186900
5,188200
5,186500
39,1171400
5,181800
5,179000
48,1307900
7,232800
5,180600
5,180100
6,205400
5,180300
8,257000
5,179400
5,181700
6,206800
5,183200
5,179300
2,131200
12,437600
10,312700
28,855600
470,1168900
5,179600
1,89200
5,186400
5,188700
9,284300
4,152400
5,182700
6,205600
1,69500
5,180900
5,178600
5,254200
14,602900
5,213600
5,187300
5,187600
5,194100
2,108300
5,190100
1,77600
5,190800
4,161300
5,194000
5,187000
19,621100
9,342100
5,277100
5,182000
8,266400
307,1788500
5,201100
5,231000
5,181100
5,192400
7,249600
1,78500
16,466800
5,186800
5,185400
116,1508700
5,193200
5,187500
5,189300
2,109600
31,896700
5,281900
2,146600
5,278700
44,1182700
5,189800
5,223800
5,190800
5,187900
1,77400
5,198800
26,800200
5,187400
1,80300
5,189700
16,490500
5,198200
44,1184000
4,159400
5,186900
5,185400
2,117300
1,79600
5,188400
21,596200
2,108600
5,187000
5,254600
7,370200
1,120900
5,193900
5,189200
9,290600
1,77000
5,188800
5,187600
5,188400
1,78700
5,262100
6,232100
24,679800
2,110700
5,189200
10,318600
13,394600
5,186700
23,658700
6,215500
20,567500
5,232000
91,834800
5,188100
19,542900
5,187200
12,455100
20,709300
5,201000
20,571300
2,107700
5,186500
6,223300
5,188500
5,186500
144,628700
5,187600
1,78500
36,999700
5,189500
17,494700
3,136300
5,186800
12,443400
5,199200
1,79100
6,249100
8,265200
1,79400
5,195400
5,186500
5,187700
5,188200
144,851800
5,281400
5,244900
5,215100
5,187200
5,194000
5,182000
5,200300
5,186600
5,186400
1,77200
5,191500
7,233600
11,349200
5,188800
9,290200
1,79400
6,220100
5,183500
42,1175700
5,190300
5,187600
15,450000
5,189300
5,187600
1,78000
5,188800
5,188800
10,318600
5,189000
5,194600
5,186600
5,235400
5,236600
5,266500
6,218900
5,190900
1,90700
19,565200
2,109700
5,190000
15,444500
5,182700
1,79600
5,188300
5,191500
5,187900
5,193300
6,215300
31,909100
5,187900
3,134700
5,188200
14,429200
5,186300
4,159700
43,1160700
5,187400
8,276000
5,187800
24,866600
5,203700
5,193000
1,79400
5,244400
3,139100
5,186900
5,189600
5,190200
18,560900
5,189700
173,1403300
2,109200
5,188000
4,159900
5,189100
2,108300
5,186400
5,192300
1,77800
10,314600
5,187000
5,186400
10,317400
1,78800
36,990200
13,474500
5,238500
2,134200
5,206100
5,240300
1,63300
5,198100
231,1294200
5,187900
14,420200
5,192100
86,698200
3,156100
2,109400
5,188100
5,198700
1,87100
5,190500
5,199800
21,600100
1,80900
17,522100
5,187400
6,212400
5,191900
2,156300
3,137300
5,196200
5,186100
3,136100
16,546300
8,315200
22,759700
3,138500
5,188500
5,235600
5,190000
66,194000
5,186500
6,220400
17,504900
5,186600
46,1306100
2,116300
16,475800
1,76400
5,188700
4,161700
5,220000
1,79500
17,497300
2,108900
5,200000
6,212900
3,136500
9,291700
1,77500
1,79300
6,225200
5,191400
6,274700
10,367400
6,198600
3,136000
6,213200
124,109900
1,77300
6,214800
6,214300
29,816500
26,727600
6,213900
6,286400
6,214800
6,212700
6,221600
6,213600
1,79200
6,214300
6,221100
6,222300
6,230500
6,260600
6,247300
6,224100
50,1366800
6,253400
6,302500
83,848100
6,214400
6,211700
1,79200
6,214000
5,184600
21,638600
6,223300
6,213200
1,78800
13,391400
6,213400
6,218300
6,215200
9,289200
5,188300
6,211400
12,367600
23,646600
6,213100
6,215700
4,165000
6,212200
2,123400
6,215200
164,1279300
43,1308800
6,257700
6,208000
11,335500
6,205900
1,64600
13,375800
9,292800
6,211400
6,223100
2,109100
40,1172200
1,69900
5,200400
6,262400
6,265900
6,215300
1,77800
6,213300
18,573600
3,133200
37,1039400
2,147400
6,329400
6,291200
6,216300
2,108900
6,212100
6,222300
6,214200
6,215400
84,682800
6,215800
7,242300
6,221300
19,551900
127,193100
6,214800
6,239300
2,108400
8,269200
11,352400
25,705700
5,186000
6,213000
3,134900
6,210900
19,554400
2,108200
6,212800
6,229600
6,279700
6,246100
6,250100
2,99900
6,213100
14,428500
6,211700
9,298100
17,491500
2,109100
6,206400
14,410600
6,194300
1,59600
6,192400
6,276300
5,235200
6,257000
6,243100
93,895400
91,827000
1,77800
41,1115500
6,213900
6,213300
5,237000
6,244300
6,218900
6,294800
20,685000
308,1714700
6,212700
3,130900
6,214000
1,78700
6,213800
3,135300
37,1012700
38,1097200
6,217700
99,1042200
2,109600
6,213500
6,275300
6,260100
417,1486700
22,635200
24,729000
1,82800
6,231000
6,263500
3,139000
25,746700
12,367100
38,1026800
1,77100
6,221100
6,214800
2,107400
6,212100
1,76000
6,215000
6,213600
350,1489700
10,347700
9,293100
1,85300
38,1059700
6,215900
6,212900
6,214300
2,106300
6,214500
62,82000
14,405100
3,136900
6,213500
6,214200
64,136200
6,213300
6,212700
1,77700
6,214700
6,213200
76,459600
42,1137600
6,225600
13,512300
3,148800
6,249400
14,481600
6,214600
1,78100
6,239900
6,285400
6,235500
6,217000
47,1505300
6,225000
6,209700
25,745400
6,217800
1,84400
6,212900
6,212000
6,222300
1,78800
6,213400
1,75600
11,344000
6,214000
1,78400
18,524000
6,213700
7,246000
6,238800
6,330400
70,427800
12,373400
1,77600
6,213600
13,402900
4,160800
10,320000
1,79000
6,213800
76,486100
6,215300
10,330500
3,135700
1,78300
6,214600
36,975200
2,108500
6,219400
19,549700
6,212500
41,1114800
232,1562800
1,98900
6,262800
23,821500
5,231900
41,1124300
6,215100
42,1174000
6,206300
6,214300
1,84600
6,211500
6,213400
6,213600
6,211100
6,210600
6,210800
6,212600
6,213700
8,276500
15,470300
6,214500
85,899200
5,225100
8,261500
13,404200
6,214000
6,212400
12,370100
6,212900
6,216100
264,864900
93,1095100
7,387400
15,759200
6,223900
280,1059800
6,213300
14,482000
1,92000
6,318800
6,231600
6,298400
2,151000
6,220800
5,190000
6,214400
6,213100
4,158700
6,222700
6,214700
2,109100
8,265100
1,76800
6,212500
1,78100
3,134500
10,317800
6,214700
6,222900
6,214800
6,212400
5,186500
6,211800
1,77300
10,314400
37,1015400
3,137200
6,213300
2,107500
6,213000
2,108600
6,221500
4,161800
10,317600
6,252600
6,275300
6,203300
31,967500
1,96200
6,256200
6,249000
6,252300
6,227800
1,79100
9,290000
1,79500
6,215000
2,107000
2,107400
1,78200
6,223800
6,213700
16,467500
6,213000
6,213000
21,634300
1,86100
6,212200
6,213100
6,211600
6,215700
10,316700
6,223700
263,873100
9,380000
1,75800
2,123100
6,206700
6,224200
13,401100
6,224700
5,187000
10,315800
6,212800
6,211300
6,213500
6,211100
84,668000
6,218600
1,78500
1,79600
6,213900
6,207500
6,214800
6,217000
6,214400
1,76800
6,225000
6,215400
6,214400
13,472200
6,217200
3,135500
6,215200
3,135700
6,213200
6,222300
6,213700
27,894600
6,263400
6,219700
6,226800
1,77300
6,215100
6,215100
6,211900
6,213600
6,218500
6,234500
1,80300
1,79200
6,206200
170,1361400
7,241700
6,217200
27,812900
6,212800
1,77500
15,441700
6,293800
6,264900
2,151800
15,479600
6,214500
6,213600
46,1332200
37,1005400
5,188900
8,266900
6,288700
6,214600
19,551600
6,214800
19,546300
6,224000
2,108400
6,213000
14,437400
6,214000
6,211800
10,315200
6,215800
6,220800
6,213600
6,215100
15,441300
76,450900
6,272300
16,782000
3,137000
3,136900
1,78100
6,214500
16,499300
19,555300
6,217600
6,212400
6,213200
6,215300
13,390600
26,731600
6,214200
3,134700
11,341800
6,215200
7,261700
7,319100
6,265500
6,274600
6,275400
6,213100
7,222300
1,63900
7,219700
21,709100
5,315600
7,326700
10,322100
7,248800
7,237900
12,384600
7,226700
7,221600
7,227900
7,221500
7,227100
203,566200
1,66000
7,234000
7,224200
7,225100
5,175300
10,299400
1,81400
12,375900
7,241200
4,163900
21,609300
118,1736300
30,1082700
7,287700
7,258500
12,350600
7,246800
7,251500
14,426300
12,385800
1,62700
13,402200
7,278500
7,267000
31,871100
9,302100
7,243500
33,969700
7,294800
19,565500
7,257400
7,292100
7,269400
39,1154100
7,273600
14,460400
5,182100
7,302300
7,314900
1,94900
7,339200
35,1618100
7,327300
7,324100
7,315400
2,132600
10,436900
29,1150900
2,129100
7,367400
52,1443200
2,102600
15,438500
8,257400
7,231700
105,1307600
13,533300
7,236800
5,179500
7,243100
3,130400
25,698500
7,230200
33,914100
1,71600
7,241400
7,234900
7,263100
7,362200
7,324400
7,237300
54,1432000
3,128700
7,234000
7,243300
7,231800
7,231400
7,230700
59,1610700
8,259300
7,237700
171,1327500
5,208100
7,234900
7,279000
28,904200
1,79100
7,247900
10,309500
1,71600
1,72100
19,709400
7,339300
4,258400
7,350100
7,347400
7,242500
7,294200
312,306700
7,245000
7,234100
7,231400
7,232100
7,233100
6,204500
34,988000
7,232300
2,99000
43,1245100
7,288700
244,1704100
7,282600
7,268400
3,179400
15,441000
8,256000
7,224200
8,256900
7,242000
4,158200
7,232000
7,234900
7,231300
7,231500
15,434500
7,232000
10,319400
7,283300
7,292200
1,68400
26,757900
2,100500
7,304600
7,241000
7,301500
5,207700
5,221700
7,267000
7,318000
7,302500
1,78200
7,272200
4,197200
22,615500
16,472600
7,240800
7,236500
8,258100
7,230700
81,571700
7,232800
8,282400
5,206800
8,257600
49,1308200
7,231500
28,934100
7,334700
21,631400
7,243000
7,234800
7,233600
5,181000
7,232700
36,986400
7,233400
7,233700
7,230700
1,70000
15,478900
1,77400
7,239100
1,79700
7,252100
7,284200
7,242800
7,238500
29,812900
7,240800
7,248300
7,236800
7,304800
5,207000
7,355600
2,145100
7,240300
7,255000
7,241300
2,111400
7,238900
7,238800
7,239800
2,109500
7,240900
7,238600
7,248700
7,239200
57,1626200
7,247800
29,797200
7,240700
25,697300
294,1625000
7,345300
2,118500
15,448600
7,237000
7,238700
6,212300
7,258400
21,610900
7,288700
7,248000
7,244600
1,77400
1,79500
7,238700
17,501600
2,118300
7,240100
7,240500
7,242100
7,242100
7,236900
2,108800
7,237800
7,237000
7,248800
7,239700
20,584900
7,302000
56,1754600
7,248000
8,261900
1,77300
7,239400
7,238100
7,239200
1,83200
8,264800
14,418600
3,136800
7,246200
6,212900
7,247900
15,444200
7,239400
7,240100
1,76500
7,265800
15,469200
7,241200
1,79400
7,238200
33,933700
7,383500
2,159600
7,339700
7,264600
7,245500
7,246600
1,79200
7,241000
7,240800
7,251400
35,965500
7,238700
4,163400
7,238400
7,251100
7,287000
9,292700
3,139300
7,242300
9,292300
6,218000
7,239400
19,555200
7,240600
12,365600
7,240100
7,286300
7,364600
7,379000
202,850400
3,130200
7,233100
7,232600
7,232000
5,180300
7,230800
7,266500
21,605700
7,238800
20,560900
7,269700
40,1158300
7,278200
7,234000
56,1810800
7,322900
7,273800
7,242700
7,283000
222,1133600
7,245000
7,251100
6,228700
7,239400
142,621400
7,239300
11,343900
27,761400
3,135200
27,752200
7,279200
173,1776700
7,331500
3,138000
7,294000
7,239600
7,239200
13,391800
11,342900
2,107800
7,239100
7,249500
8,264300
7,282600
12,370800
38,1044300
7,238100
4,161800
14,417700
276,889400
2,108200
7,244800
7,237500
40,1097800
7,272100
10,394600
7,267300
3,120100
7,243000
6,213300
7,239300
7,242600
7,239400
38,1045200
8,267200
8,297600
6,213600
8,274200
3,136500
28,777400
8,265300
3,144800
16,546500
8,267900
76,477100
8,267000
8,264500
8,263200
2,106500
8,263200
1,78900
8,324000
17,608200
8,274100
8,294900
8,266400
8,276400
8,267200
8,266700
8,264100
25,855500
4,172300
8,265700
8,267200
8,265200
8,261400
42,1144000
1,88100
1,69000
8,251400
3,136800
9,343000
8,264700
8,264700
456,946800
15,506200
38,1067600
5,185100
5,187000
8,265300
249,197000
2,109100
3,135000
15,449900
8,265700
8,262200
8,379900
8,303300
8,283500
9,340100
8,284200
8,265000
19,545600
8,264400
91,909700
1,71000
8,298100
8,419500
8,422200
1,65400
8,250000
8,263800
8,258200
8,249800
1,79200
8,296500
8,250800
143,605000
25,710700
15,438100
35,957300
8,268000
32,875000
1,79000
33,908900
8,265600
7,239900
3,134200
8,339000
8,268200
1,83400
8,272000
39,1067600
8,262300
5,186800
5,186100
8,264900
8,271000
4,161000
8,277200
8,317200
8,272300
3,135800
8,257900
26,741600
1,77400
8,264700
12,369500
23,687100
8,275800
8,264000
9,290000
8,264800
8,264500
8,320100
8,363900
8,335800
5,184800
8,267000
8,264900
5,186300
10,314400
8,265700
6,223300
8,260100
51,1424600
8,336500
8,265500
8,267200
101,1139800
10,323700
33,904200
8,265100
26,859900
8,259100
1,62900
2,93500
6,217600
8,263900
8,266000
2,105800
8,338500
13,515700
8,273100
15,440900
2,109200
26,742100
4,162300
8,359800
9,352400
4,162800
39,1090200
8,270100
8,264900
8,263200
3,133600
5,187100
8,270800
8,321200
8,299700
8,280100
3,130700
8,266000
77,474000
24,688000
1,80700
8,262500
8,255400
2,109200
28,773000
319,440100
8,263000
8,262900
8,261100
8,274700
14,419100
8,275900
18,561800
8,263000
8,265800
4,160500
8,267100
110,1503500
31,1033900
8,274700
41,1136700
8,273000
8,265600
8,265700
8,265800
8,269100
8,267600
2,109400
37,1014900
8,263000
1,78100
8,262500
10,319600
8,263600
254,332800
10,316600
5,241800
13,426800
8,415900
8,376100
1,84700
8,268300
8,275800
8,265000
8,264400
8,263900
297,1442200
42,1150100
8,262900
23,651500
8,264900
8,267200
113,1481800
8,398200
6,297700
14,471700
1,98300
8,345500
8,267500
94,911600
2,118300
8,266800
48,1333900
15,454000
16,472700
1,79600
4,162800
27,760400
35,966900
2,109200
8,265500
8,365600
8,428300
7,310500
38,1025000
8,262600
8,265000
28,806200
8,263000
31,875100
2,108700
8,274400
8,263800
8,264600
8,265400
8,263700
11,342600
10,324500
1,79800
8,264900
8,265200
9,291100
8,266700
8,263900
4,217900
8,308900
6,212900
1,87500
8,265700
175,1444600
8,265900
18,519000
10,317900
13,393800
1,78000
11,362100
14,443400
8,265400
8,268700
8,265800
15,459500
133,357900
8,265200
10,316900
42,1407800
8,356700
2,92300
8,256600
20,575400
8,266600
9,301600
159,1029600
8,267500
3,136100
13,406200
8,274200
48,1308500
8,266200
2,113100
12,369100
8,512200
8,409100
17,634700
36,1154400
8,268000
1,77100
43,1170900
8,263500
8,265000
8,263600
4,161500
8,264200
12,372000
8,264300
8,264800
3,132800
8,263600
1,78700
6,214800
8,264800
2,108000
16,479000
1,77200
8,267900
9,287200
4,160600
19,623500
31,1149800
9,337400
9,333500
9,287300
9,300700
1,97100
9,290100
14,418100
9,286500
6,213000
1,76900
17,502500
9,290500
1,78900
9,295900
17,496600
9,418100
86,765500
2,109100
40,1083400
9,296300
9,290000
9,358300
23,902100
151,820000
4,161200
14,415300
9,288200
1,79200
18,519800
1,89400
20,575300
9,292500
1,80500
3,134800
9,292300
12,370000
9,301700
4,162300
9,291700
3,135700
9,289000
3,133900
12,375300
9,288000
14,426500
9,291900
24,986100
9,301300
9,292000
1,77200
9,291000
160,1032500
9,300100
14,471700
9,373300
1,79900
9,317900
5,201400
9,294200
2,125500
9,312700
11,344200
1,71200
18,519200
3,128500
9,282800
9,311000
9,291200
1,70300
12,367100
9,320500
4,167600
9,291100
4,200600
17,491100
25,690200
9,404400
9,372800
9,393200
9,409000
9,404500
5,253000
9,397500
9,423800
9,433900
9,466000
15,687900
2,161900
9,445200
7,325000
9,404900
8,365000
9,423800
10,325900
9,284500
9,276800
32,909300
10,328500
9,289400
35,1070700
9,304000
9,344800
9,294600
17,496800
9,290800
11,343600
5,187500
14,460000
9,293500
347,1410400
9,437200
6,316800
9,309000
2,112000
9,293000
26,741600
9,296300
9,292900
2,110700
9,297800
9,324700
9,312600
9,293400
25,706700
1,79200
9,289900
9,289000
34,938700
9,362500
1,79700
9,290200
30,1347300
4,246600
9,298300
9,295500
159,1023700
154,1055600
9,368100
1,75800
9,299100
9,289800
1,78900
28,800300
9,302700
9,300800
36,978200
9,293200
5,195800
9,332500
9,383300
8,300500
9,301200
178,1540500
17,541300
12,366900
9,299900
9,290500
9,379600
5,187700
34,926700
2,109900
9,297000
9,290900
9,349600
9,320800
9,291800
122,1846900
20,587000
66,264700
9,410800
1,73700
9,310600
9,285700
9,283500
9,295200
9,355300
1,73200
9,286000
9,326600
1,91000
1,71700
10,308700
22,625700
9,281300
57,1518200
3,127600
20,583000
9,341800
3,131000
9,421700
1,108000
9,399600
1,80100
29,805700
9,291200
9,292900
23,654500
9,289500
103,1193600
9,344800
1,79100
9,291000
21,598600
1,80400
9,274700
17,555500
9,293000
3,132900
9,288400
5,252000
6,217000
9,345100
9,376400
9,333000
9,345900
9,330600
27,760100
3,135600
4,160100
10,319100
25,700000
10,316800
10,325700
6,213800
4,162400
10,410300
10,314700
10,313900
13,420100
6,215700
10,320000
19,547600
6,215200
10,394100
4,230000
10,321000
1,79000
4,163000
10,310200
10,320200
10,361400
10,332800
10,319200
10,314400
24,727900
8,262900
10,324600
3,136200
10,317200
1,78200
5,189000
10,314500
10,315100
10,318200
11,363600
6,211700
5,187600
10,318400
227,1519300
10,460500
10,383200
10,324400
10,325500
2,100900
10,306900
10,310900
4,155600
7,230700
10,307000
12,368000
10,316400
10,308200
2,100100
10,306900
10,316200
10,309600
10,317600
10,311200
192,289400
10,318900
10,319000
5,187700
8,274100
10,327500
1,83700
10,378100
10,499600
3,133200
13,429000
10,327300
10,319200
10,321600
1,79400
10,318000
10,317900
10,325500
4,162000
15,586100
10,422600
52,1499800
4,164700
10,321600
105,1461600
10,382200
204,664600
10,317600
10,396600
264,577900
74,395700
10,351700
1,86300
10,316500
1,78400
10,317300
10,315500
10,317000
10,321900
10,314700
7,240100
10,359200
10,319400
10,324700
19,557900
10,316300
10,342700
14,419300
10,485500
8,315400
10,303500
355,1350900
9,298300
10,316800
10,416900
4,167900
1,78000
10,321800
3,134900
4,162800
10,326700
13,392200
10,379400
11,350300
10,315400
32,998400
85,681000
10,322100
10,383400
14,549000
35,955000
132,322900
10,328600
176,1514300
10,326600
10,314700
36,980500
10,318100
10,372700
6,214900
10,325200
40,1129900
10,489400
10,543500
10,320600
10,315600
10,318400
1,76400
10,324500
10,316500
1,79000
40,1075700
25,708600
1,77600
10,323400
8,263500
26,830300
8,319500
10,330000
16,472200
69,267600
10,329300
1,79700
10,328000
20,728000
442,485500
10,317700
9,297900
10,313200
1,76400
10,320200
10,317200
10,314600
10,390200
2,118200
10,317400
10,315200
10,328800
8,263900
14,416900
4,160300
5,350400
10,345400
1,81600
10,326100
35,1096300
10,373300
10,499600
4,239400
10,335100
10,320100
10,391100
152,835600
10,327900
10,318700
10,327500
38,1073600
10,322600
6,279200
30,852300
10,315100
10,327200
10,315100
34,925900
10,406400
3,125200
10,433300
10,321700
11,341500
2,101300
5,189700
11,340000
11,349200
13,415600
11,345100
3,134700
9,291800
11,339200
11,354700
4,162500
11,340500
30,857500
11,345400
11,349300
73,378700
11,340900
11,340800
1,70400
11,354700
11,429600
31,997700
11,342200
170,1302400
11,341200
11,349300
1,86100
12,518300
13,635500
1,96500
14,425500
11,351300
11,351700
17,495200
11,395100
2,109700
11,344000
106,1459700
11,346800
11,345200
29,839600
37,1005600
88,757000
11,341200
11,340200
11,340000
11,340900
14,428500
2,109600
11,337500
11,370600
15,444400
2,109600
11,348500
5,200700
12,435300
11,395100
1,65600
6,197800
11,344300
11,342300
11,352200
11,339700
11,337900
11,341200
10,314500
11,352100
11,414000
11,534200
20,791200
123,1670600
1,79700
11,345100
11,400000
31,1030900
1,63200
11,376700
43,1196600
11,342500
72,337500
11,352000
1,78900
11,344600
11,337400
11,339600
1,78500
11,342500
13,405600
16,466500
11,342500
305,1633600
3,134500
11,416900
11,381600
8,274800
35,978900
11,341700
8,353900
11,398400
1,80100
25,953800
11,344800
48,1303900
11,342300
11,400000
11,340300
16,474400
7,237200
11,339800
11,339600
11,486600
11,372800
32,970800
10,356400
11,352700
14,423100
11,346600
21,602700
7,242300
11,341800
1,85600
11,358200
1,78700
11,344700
11,387300
16,470300
14,430500
11,341600
21,611400
11,336700
11,427700
11,385200
11,383100
29,802200
11,340300
1,76800
11,447300
2,126600
12,404200
75,635400
12,379900
1,81400
12,392300
14,423200
12,370000
12,369300
12,386200
1,79500
43,1149100
1,78700
12,387100
3,214000
3,265200
12,595100
6,215700
12,367800
1,77900
36,1184000
145,669500
7,241300
12,367900
12,431700
12,367700
12,368200
22,633100
1,85800
12,406300
1,76500
12,366500
12,367700
12,376800
12,365600
1,87300
12,641900
12,409300
12,381300
1,78600
12,400100
3,163900
2,143200
15,451800
12,425700
12,377000
1,79300
12,364100
12,365300
12,368400
115,1449400
6,215200
12,369300
12,374300
5,189800
12,376300
12,363700
2,122400
12,451000
12,425900
12,389300
12,368700
12,371300
25,710500
12,378800
12,371800
3,137200
4,162200
14,431300
12,370600
2,109200
12,379700
12,370500
12,368400
22,628900
4,161200
12,381100
12,366200
42,1456800
12,512100
3,137200
12,381800
2,124300
12,373300
68,241700
12,369700
12,365400
8,263500
17,495500
23,736400
12,368500
12,368000
12,369600
12,369700
12,379200
223,1085300
33,1153800
12,414500
12,371300
12,420300
12,385300
2,101700
34,938000
90,894400
12,379400
12,378400
12,379200
12,370000
4,162700
40,1088500
14,417100
12,495200
3,150300
12,497700
22,707400
62,81300
3,138600
12,365900
12,379300
17,501500
12,366700
12,372300
17,508800
8,265400
12,367100
3,136100
2,107900
25,778300
1,81500
12,382700
13,430400
1,65900
12,351000
59,1688100
16,508900
29,811000
3,136100
12,369000
12,367400
13,391500
53,1429400
13,392300
13,395000
381,465200
13,446900
20,573100
39,1212200
13,563200
3,191100
14,464300
36,1019700
13,394600
2,109800
14,413700
13,465000
13,390200
332,758900
13,416300
169,1300500
121,1699500
13,506200
13,493300
6,224400
13,386900
1,79500
13,424800
1,79200
13,392800
6,212200
1,85600
19,557700
2,109300
13,395000
23,659800
3,134100
20,597700
41,1384800
3,137300
2,117200
13,476400
17,510100
1,79000
27,898300
13,453700
13,387600
6,218500
13,395800
13,396900
2,115600
13,394100
13,488800
13,396200
1,79300
13,398100
13,407300
6,216100
13,394500
2,123200
32,886500
13,407700
17,498400
12,367200
13,443700
13,480500
17,494600
135,402200
13,392800
41,1411400
13,388800
26,946900
13,384700
1,84500
13,473500
12,387500
13,409400
5,180900
13,401800
13,385000
1,72500
4,155000
13,390300
2,103100
13,462900
1,69900
1,71400
20,591400
4,149100
35,1186900
13,393800
7,238100
13,392700
13,406000
13,413800
24,700400
12,376600
16,469000
13,395300
13,395900
13,393300
133,357500
13,392400
13,473400
10,383600
13,401900
19,590400
13,404100
425,1609900
3,145300
13,408000
9,327000
13,474100
40,1155800
68,246700
13,395900
13,391900
2,108700
13,411200
13,420800
13,482900
13,394800
13,393000
7,244200
13,387800
1,79100
13,393100
13,393600
53,1418900
10,317800
13,401500
16,480000
13,396400
1,80200
34,985600
1,80400
13,407300
1,78400
13,391400
14,545500
13,477100
1,86100
13,404400
240,1515800
13,405000
13,396100
13,395300
13,430700
16,582400
13,458200
13,392300
2,109000
31,848200
6,220400
13,395200
13,391800
13,418800
2,154500
4,238000
13,570300
3,155600
14,416700
3,133900
15,506300
1,77500
14,429700
24,670600
14,419700
14,416800
188,193300
14,471300
14,415100
19,546100
1,79500
4,161800
14,449700
11,359800
14,418300
14,429700
14,555200
36,1130600
1,79600
14,417900
14,420400
14,433800
14,417100
1,93100
14,473400
1,78200
14,418000
1,77800
14,425500
14,416000
2,108300
14,451800
14,425200
3,135800
14,413300
14,503600
14,420300
14,424100
2,120500
14,571400
14,457100
4,164000
10,312300
7,238800
14,429500
221,1049500
1,79400
14,417300
14,432000
14,429500
14,419700
33,900200
14,422400
14,423000
14,424900
14,466300
1,78700
14,491300
14,488400
4,161800
21,603400
174,1591100
4,154500
32,897600
5,188200
14,417900
2,111200
35,964500
1,78300
14,449900
1,79500
14,420800
14,418600
14,416200
14,417700
4,191500
2,121600
14,533200
14,574400
14,482200
14,420600
14,419400
14,448800
15,465100
12,371100
14,420900
250,220300
19,702400
14,448700
14,419900
14,501800
215,928000
2,108700
1,79200
31,959900
14,551700
14,613100
14,425200
4,161500
15,444900
15,496900
4,165800
15,465600
15,461100
15,450500
15,463400
15,454000
45,1225300
15,458200
15,464700
40,1279100
15,459800
15,507500
1,79900
10,309600
15,458500
22,628000
15,476300
15,440500
4,163600
13,429600
15,448400
15,465000
13,401100
15,465000
15,473000
3,132400
34,1267500
15,589500
15,495600
18,523700
15,592800
1,81700
15,499800
15,449000
15,561900
15,572300
18,656600
1,84000
15,521300
50,1384000
15,466500
15,522300
15,502000
15,456700
15,454700
15,447400
15,453300
100,1074800
15,447600
32,882500
38,1057700
2,112000
15,448300
15,580200
171,1707500
15,470100
15,450200
3,135700
15,445900
15,454100
1,80100
15,552600
26,874500
3,135500
28,783300
9,292500
6,214200
35,1003400
15,452600
59,2029300
15,440800
15,454000
1,80400
3,136400
2,109200
15,447100
15,452000
13,420300
15,448000
15,446500
15,454100
22,649400
15,449100
2,133000
11,411800
15,532500
1,100400
15,459700
40,1398800
124,113300
16,482900
15,446800
15,445200
1,81300
6,225300
15,457100
15,445000
15,445700
15,448200
15,480900
2,110100
15,446400
2,110400
15,454300
15,448100
3,136600
1,77400
15,552300
15,447400
15,604400
6,323500
7,288700
15,445700
16,471900
16,469400
4,163900
16,484400
16,475200
16,512600
16,474800
16,480100
2,110200
16,541300
16,532900
27,760100
16,466300
41,1223400
1,85900
16,506900
16,475500
16,469200
1,78600
16,486200
16,472900
16,518500
9,288600
16,477900
2,117200
16,470500
3,133700
3,135300
16,470700
16,469100
16,480800
16,471800
1,78200
30,898900
16,568300
16,471000
30,828300
16,479500
43,1160600
1,78900
12,530800
16,545400
16,544700
246,1740400
24,743900
16,563000
3,161200
13,531700
16,472700
3,136100
16,508700
16,518400
6,215900
13,390600
16,469000
16,472400
3,135500
22,617600
16,474000
16,499200
16,580700
16,472400
3,139400
16,473300
16,481600
2,121400
16,753100
16,474300
11,342600
16,481000
111,1365100
44,1306000
16,469900
16,483000
16,560200
3,137400
2,108700
1,78400
43,1163700
16,566000
27,940800
46,1295000
1,79000
16,471600
5,187700
16,485300
16,474700
16,468800
9,289500
16,474700
3,136700
16,477000
16,467300
16,465700
17,511800
6,212600
17,499500
3,201300
17,709200
17,546000
17,500500
35,1212400
16,501600
17,504200
17,520100
17,501400
1,70300
17,486600
10,381000
17,581600
6,264700
17,614600
17,648300
24,1019400
9,364300
17,656900
17,636100
17,643300
17,672400
17,629800
23,856800
17,689200
1,77800
17,636300
3,164500
17,603000
1,93900
17,800300
17,672100
1,95300
17,664400
32,1184700
1,80800
17,623700
17,723100
1,91200
17,680400
2,122800
17,589900
17,561700
39,1134700
32,1201400
17,492900
19,541600
17,515300
17,565200
17,508700
3,133100
5,186000
17,502700
17,505100
17,521800
6,220500
24,706300
17,507000
4,156800
17,502500
27,773000
17,598900
17,733100
11,533500
33,1166200
17,569600
17,523900
6,218900
17,573200
1,80000
17,502000
6,214200
17,519800
17,516000
1,80800
17,520900
1,80500
17,525200
17,632600
2,145000
17,543300
17,513600
17,499000
41,1127400
17,519800
18,527200
1,79800
18,527800
208,740300
18,540000
18,579500
3,143400
18,543600
18,675900
26,882000
18,553200
5,189300
18,567200
18,552300
18,544800
18,524300
14,417900
18,535200
18,539500
18,526600
3,138100
20,579900
18,537900
18,524400
18,567900
18,590200
18,584500
276,925400
3,138600
1,78300
18,569400
23,665600
18,527000
18,524200
470,1217200
18,526900
7,240200
33,1064100
18,588800
18,643500
16,537400
18,545200
10,343400
4,162600
7,253600
18,526400
1,78900
18,531600
84,693600
6,217200
18,531000
14,422500
18,635400
3,144500
18,523500
18,581500
18,526100
1,98000
18,765100
18,528300
18,526800
18,534400
18,524800
18,524900
1,79300
18,525700
18,533100
21,601500
3,134500
18,528700
33,1071100
18,530700
6,215700
18,596300
18,658900
155,923500
3,135000
3,147400
18,526200
18,531600
30,839400
1,80000
18,532200
1,77200
18,554000
20,575500
95,1026500
7,241600
19,552000
5,201100
19,665100
1,80800
19,586500
22,688100
33,905700
3,136400
19,552700
19,556300
19,562800
19,825800
4,263400
4,196300
19,557200
19,638100
1,81100
19,558500
19,549500
19,879000
19,574600
1,78000
19,554600
19,552300
198,457000
19,567800
349,1200200
19,556900
5,186600
19,546400
19,547400
11,341300
19,682900
4,161700
21,813400
16,675100
19,654500
19,553400
27,761300
19,545700
10,403000
19,600400
63,145400
19,553400
19,541900
9,290400
19,545300
426,1815400
1,112900
19,600400
63,113500
1,77600
19,545000
1,78600
20,573000
43,1168000
19,545200
19,557300
19,571500
19,552200
19,547000
19,555700
20,569800
20,615300
20,814900
20,580800
21,600200
20,607500
20,676200
70,348600
42,1198800
20,571100
20,571800
20,611300
5,188200
20,566300
3,132900
20,570800
20,711500
45,1193300
20,582100
234,1410300
31,856800
20,569600
1,79200
20,566100
20,579100
20,574800
3,136600
29,819100
1,78600
20,795400
28,820500
6,226900
20,811100
1,94200
1,76000
20,577800
1,79100
1,79600
20,584100
27,751600
45,1218700
5,187200
20,575600
1,76500
20,572100
20,598400
5,289900
20,782200
20,586100
2,101100
20,576400
20,576900
20,584000
6,261700
20,578600
15,446600
20,578200
7,239900
20,571000
20,607000
20,649600
20,571100
9,352000
32,945200
20,731200
20,814800
20,616400
2,121900
1,78500
20,573400
20,571300
3,137000
20,582400
20,573500
1,79600
11,347600
21,596100
2,109800
21,596900
21,674600
9,290700
21,633000
21,600700
4,160100
21,593100
21,608800
1,80500
21,605800
3,136100
21,603200
21,665900
21,598100
21,603800
21,657700
21,598800
13,407400
21,778100
21,808600
21,605900
21,608600
21,599700
21,601000
21,610300
21,597800
6,213200
21,625000
3,135400
21,655900
11,341800
21,611000
21,686000
21,687800
21,605200
21,604100
1,78900
21,599300
21,645100
221,1045200
4,159900
21,597300
21,598100
3,136200
4,168900
21,597200
21,600200
3,136000
7,278500
21,963000
21,677400
3,145800
27,866100
21,627500
2,106800
2,100000
2,121200
22,640300
34,928400
3,135500
12,367800
22,647700
22,627900
1,78000
10,318500
10,317400
22,637000
2,109000
22,779200
22,662100
22,684900
22,629600
7,240800
22,630400
22,624600
22,620500
6,215700
33,909800
1,88100
7,240900
22,764900
22,664300
32,1066900
4,198900
22,634000
31,851300
22,631900
11,356300
22,631000
22,626900
22,631800
22,623700
22,653600
2,109500
22,629900
22,685300
4,163400
8,409500
38,1109900
22,624600
1,78400
22,623600
22,626500
15,447500
22,648200
22,629100
3,135000
1,78100
22,636400
5,256000
22,888000
22,661400
22,688400
23,799200
1,63900
23,628200
35,975000
212,895300
23,644000
23,670000
9,300000
23,680700
23,721800
3,139900
23,672000
23,695500
23,1134500
1,81600
23,849700
23,690900
4,182600
23,824700
5,225600
12,368200
16,467500
29,1084900
23,774100
23,1023600
350,1500900
23,638900
23,657400
4,155700
31,842600
23,652400
35,982000
23,642900
23,652700
23,710900
2,110000
23,643900
4,175500
23,723800
8,320900
23,635500
9,294500
23,643000
23,641400
23,684000
23,660800
23,719400
23,700900
4,165400
23,648900
49,1659600
23,831200
82,612000
23,641400
23,664600
10,307400
23,678300
23,636600
23,750800
4,173200
23,651300
24,679900
24,681400
1,70600
8,299400
24,734800
46,1338900
2,103000
24,680500
24,675400
5,260000
24,866800
24,818900
24,672300
24,720100
24,727300
78,503100
24,1041900
29,1458800
24,1270200
24,699200
9,287200
12,416100
24,992400
6,345700
6,222300
24,749900
24,746600
28,1318500
24,1289400
2,175400
1,107200
10,587600
24,1311700
24,1306100
24,1317200
24,1317000
24,808300
46,1551700
24,713500
1,74000
24,843600
24,711400
25,701800
25,710300
25,702800
1,80300
25,723500
3,135000
37,1268800
425,1706400
3,138700
36,992600
25,701700
38,1023600
25,713500
25,741900
25,710000
8,264300
25,1001000
25,710900
84,650200
25,851000
21,766700
25,701600
9,290000
25,748500
2,110800
25,692600
3,134100
25,855100
25,692300
25,915400
25,843500
1,89800
8,277400
25,698800
2,111800
25,765200
25,734200
26,763600
26,730400
26,725200
26,733100
26,735500
26,1031700
26,735800
2,109700
26,728100
26,742700
26,729100
133,349900
26,736800
74,399300
26,728800
1,77600
26,764100
1,79500
26,822300
1,82000
6,219300
37,1230100
26,715400
7,242300
26,741600
1,87400
26,760000
26,893600
26,731100
7,238100
26,798900
26,730200
6,213900
15,444000
26,899600
1,71000
26,724800
26,729700
2,116100
34,954600
27,755100
27,761100
3,137400
17,495600
27,765000
4,161700
27,911300
27,1046900
248,191200
8,284600
27,759300
146,920900
27,1408500
27,1655400
27,762500
27,764500
9,296800
27,764700
14,468500
27,974000
27,760000
3,135700
27,782200
27,758600
27,751900
1,86800
27,762500
147,1022500
134,375500
27,751200
6,223500
27,892200
27,1144000
6,330000
27,757500
1,79100
27,764900
27,753500
27,766400
27,761500
16,476200
29,799100
1,78500
15,454700
27,850600
28,1136300
7,242800
28,779500
28,786700
28,774500
28,813900
7,307000
28,1048700
1,81500
1,72800
3,172700
28,862800
5,188000
6,214700
28,938400
2,148900
4,254300
28,764500
28,788200
2,110500
15,457200
32,884800
28,786400
1,77200
39,1098800
28,787800
3,137200
9,290100
28,1156600
28,1019600
4,148500
28,806700
1,63400
27,754800
28,781600
12,464000
28,871400
28,777700
28,779900
28,774000
29,801700
29,1043300
29,919600
29,810500
29,811000
6,214800
29,809300
9,290400
29,799100
29,821500
1,79700
29,801800
29,828500
29,1104900
29,809800
157,1111700
3,171000
5,193400
29,814000
29,797700
29,812300
29,855700
29,802000
128,224500
3,138200
29,915000
34,1011500
9,295800
29,810500
29,814900
29,830500
29,810100
1,78600
29,809000
29,801300
29,811700
37,1114100
29,909100
29,1031000
3,133900
29,818500
30,820700
72,344900
30,833100
30,820000
30,862600
30,836000
30,994700
6,313200
30,843900
30,822000
2,121900
30,825900
154,885700
3,136600
7,247200
30,819100
30,821700
30,839500
31,900200
44,1504000
31,835000
2,109900
1,78300
31,850800
31,855800
12,373900
31,854800
31,861000
31,850600
40,1163600
31,1107300
6,215200
27,814200
31,854400
31,911400
54,1763000
31,951000
10,315400
31,854100
31,1465100
31,843700
31,1046100
4,215700
31,1079300
32,878500
176,1453000
32,905700
32,992500
32,958800
50,1347200
31,856000
32,926400
32,911800
6,215700
32,920700
144,641900
32,1470500
44,1284600
51,1368800
32,888000
32,877000
32,883200
32,876000
37,1018200
32,976200
32,968600
15,447400
32,875200
253,299400
10,323300
40,1119800
32,884600
23,649900
40,1239000
1,85000
32,908400
32,1112600
32,968600
225,1147800
32,904200
32,891800
32,878600
32,877600
32,886000
7,240100
32,1263900
32,911300
1,79400
6,244200
8,263800
32,878300
3,135600
1,77600
33,902300
6,223200
33,1232800
33,1115500
33,912000
1,81300
26,1062800
33,895800
2,103500
33,912100
33,903500
2,109800
1,78700
33,958200
33,1156700
33,914800
16,467800
34,1080800
33,1020300
10,328000
33,915500
33,901300
12,367300
34,1040400
10,320400
3,125200
18,544100
34,952700
34,1064600
193,382300
34,1218600
19,568800
34,929200
34,916900
34,934700
34,933200
65,165300
34,933600
18,578900
34,976700
32,1126500
1,80000
34,926000
34,938500
35,1081700
11,384900
35,988000
35,961300
126,168300
1,77400
23,653900
35,1116700
35,1090000
35,972100
35,951000
1,81500
1,79200
35,963400
35,979600
35,968100
8,269400
35,954000
3,134400
35,1076700
35,991300
3,144800
35,1128400
1,78900
7,283800
43,1164700
35,960900
36,987900
36,1189600
36,1254200
3,202500
36,1039200
147,706000
75,426800
1,78700
36,1039400
36,1008200
1,79500
36,989600
1,79700
36,979200
36,1050000
36,1218100
36,1184300
39,1128900
37,1011600
8,280000
37,1025200
1,73400
37,1072600
3,130100
37,1037400
37,1317700
37,1034300
1,78500
37,1018700
37,1053100
2,111400
1,78400
37,1034300
37,1012400
37,1003100
1,78900
38,1448500
1,82300
38,1037500
4,167500
38,1032600
38,1037200
38,1022900
38,1064400
1,71400
38,1059800
36,1209700
38,1249900
38,1039100
2,107800
38,1127900
106,1242200
14,423100
38,1047200
1,78700
1,87900
38,1293000
38,1248800
81,785000
38,1386900
39,1412900
39,1417000
39,1456600
1,86600
39,1427500
25,732400
39,1125100
2,120400
39,1087300
39,1111500
1,87100
39,1135000
39,1115700
39,1385100
39,1083400
40,1097400
40,1108400
4,163700
40,1154100
1,79300
18,525800
40,1101000
40,1218200
40,1224800
150,789400
40,1181700
40,1086900
40,1441200
40,1266600
40,1163800
7,397900
41,1140800
41,1129000
41,1142000
41,1125500
8,265300
41,1123900
23,652800
41,1179600
1,76500
4,169700
24,832800
17,499400
42,1192900
4,165000
41,1140700
41,1196600
31,863700
41,1106300
1,80000
41,1330300
41,1181400
2,131000
42,1143100
42,1195500
2,109000
42,1126600
42,1158600
3,137300
14,426300
42,1252900
2,109400
2,143900
4,196400
42,1150900
42,1130600
42,1327300
5,232900
42,1150600
42,1141200
42,1143300
123,1804200
42,1137900
8,267000
43,1171500
1,77400
43,1174900
43,1205400
8,264000
5,187300
43,1207400
1,84000
1,73300
43,1210300
1,79400
43,1158600
43,1341000
43,1170400
1,77300
43,1161600
43,1283200
4,177300
25,1042500
33,908900
43,1168700
2,107800
43,1155700
3,135600
43,1170200
43,1158300
43,1201300
44,1408200
44,1241700
20,794200
44,1205900
44,1317000
1,79200
44,1228600
44,1179500
291,1428800
44,1211300
1,79300
44,1188800
11,343400
1,84100
1,80200
44,1181000
3,136300
44,1237200
59,1675700
44,1476000
44,1251200
4,167100
44,1190900
4,161400
45,1205700
45,1265700
2,108700
32,895700
7,236600
45,1308700
1,80100
2,116100
45,1202200
45,1247700
45,1202200
45,1221500
45,1218700
45,1440800
45,1301500
8,268200
45,1217600
45,1207400
