19065
1181972
274466878100
1127
416453400
425268600
445750400
462987200
482345200
430806000
424950700
417470500
411660300
429828300
419315700
429756100
423474300
424263100
454323400
445596300
435914000
420775200
427838200
428691500
426517200
419242000
419973800
424067000
471453900
464672800
420893500
474792900
431158600
433872400
416416800
423063400
429243900
419497900
437770800
429624000
422067600
424992100
428009800
435720900
451141600
428900000
422444500
413446900
422694900
436643600
461595400
422223600
415140300
432691200
422813100
474801700
439919300
434809500
428130300
432328900
431016800
443640400
432225700
431431800
457776200
423021300
427535900
443468300
447474900
424796000
424922800
421345900
434767000
433306900
435782600
437479700
420458900
419949800
420260000
467148600
424722000
424091900
424863100
416261100
437706700
418586400
433464800
422138000
421313500
423468900
427092100
462580800
452626800
424486800
428988800
419073500
421826700
434495400
425262400
443414500
436458000
416641600
419520300
437324900
431436100
442404200
420966200
425842900
419555300
423204400
433390700
422203000
445329000
421187200
451074500
459203900
430471000
425961900
438940200
443028700
448034600
438294200
426733600
432572300
415690800
424261900
434839600
442618900
454893200
421742300
436385500
413546400
424738900
447403400
465502900
440281400
421101800
428575000
427285300
471162300
428715200
424174900
429690800
440517400
426832700
428164300
423018000
431250900
424241500
436566300
446371300
468580600
420099100
415639200
441334300
446309100
430160200
436167500
436664200
420650700
426463700
422051700
456788700
477136400
427289300
442295700
451025100
439480900
421336800
452009500
431687500
424037100
419179400
423821500
459481900
432288400
424832500
425896500
422111300
433454500
426553500
444424600
413808700
422164200
424794600
429315200
445103100
449928100
423878600
420931900
444865400
428081800
429528800
426109300
427327800
441032400
423179900
429650800
440004900
432511600
422078300
437495400
436576300
415510400
444832100
432943300
441785800
433106900
487713700
487284700
468805600
447563500
431951100
421842800
435585400
455624900
458154300
428321500
424726100
413847900
425979700
439648000
477004500
439398100
437327900
421742100
453458200
427867400
421552200
427037200
424356500
444517500
461700400
455354500
428580800
391123800
393056100
379514900
376810000
402162600
382489000
385211000
376379000
380235500
387294900
426302100
484806900
484869300
431946200
429195200
447760100
434581000
449755400
445225600
434612600
443328800
469529100
498599700
485324500
460982700
481887000
473810300
471423900
495199700
513874100
434239700
439576900
451466700
465227000
496929900
500867000
465577900
496300000
449197800
460400100
442412200
506088200
463353000
427566100
438601500
481335200
485669900
424537100
433057100
437945600
453263400
424448300
421389000
432872200
420217700
440159100
448186500
487950700
428874100
434201300
432937900
424589200
435830100
433485900
453730200
442080500
440790000
442397200
498742500
506255400
494270100
450394200
384070600
383226100
380716200
380790900
379270300
397601300
399177300
418364400
396375900
432780300
465552700
436031400
446422300
445524200
444766100
421013000
411433200
407968200
421038200
425250800
424561900
383170700
378037300
384556900
381402700
388117000
379523100
441809000
431172100
425254700
433470300
452686500
465109500
471575900
450945600
428184600
469718600
460037300
436313600
431761300
438401100
445174700
424412800
424261800
537705000
509349000
427393700
429405000
431807600
427332300
420693200
427671800
436584800
440226000
433448000
431225100
443241200
443934600
428564600
441729700
434569200
437421300
428267400
421874300
428301800
440063900
426766000
426409500
445813500
465000900
476669000
452542100
441457100
449741400
457563400
502936900
456720200
462256600
419306200
449050800
474357400
460817600
440434300
424899200
431291700
428054900
435098800
464824100
495142300
465703100
459155000
512812000
503855500
453312500
480629000
428760300
427151400
457284500
432352500
464011500
443880200
444139500
506488300
486402400
497229800
453665400
494824500
502654600
478181600
428300600
439715000
433080200
439234100
453552800
469385200
427911700
432127400
421681900
442429900
441323500
430642900
444964600
432251700
439990600
428706500
460316100
446022800
434194900
451735100
482907100
465786600
438961200
442606300
431958900
439682500
425955900
428401400
479495700
452668000
451909700
435728400
438277600
478943200
469477400
438034700
453912900
432417100
437724700
460475100
451214200
448223300
520375500
597040000
577929100
479117600
427035600
446216100
432051800
423370300
459788000
468659200
429722000
430559500
430498400
444078900
437865800
625098200
549280900
634458900
482897800
469689900
484678200
561695300
429721900
439960500
507814300
441511600
447575600
452097000
431579400
439961100
497459100
446848200
436114100
430511100
443677200
432928000
436700000
430575300
424248000
447851700
428807100
452279800
463400900
434185400
463285200
433023500
436056800
427357400
441949100
449960700
429321900
433593000
473943200
458205100
458168800
445294000
440005200
475957500
477807500
447934600
395789100
381400000
378925300
378403600
386635200
389021600
384491500
381341500
389515100
386632700
390503100
450322800
464107700
452055000
450487900
442478600
427159500
474310800
461762300
447084600
483294300
485379300
448178000
434390400
441780300
439005800
438589100
459031100
431589200
448315900
459887400
441219300
446663800
430448300
436102600
425491300
460335600
439931900
435015400
444997200
447679400
443592100
436067100
459483300
450238600
450513900
429031100
444651800
432761500
438011600
434689700
429940900
481370000
450648100
423891600
381030300
376254200
377639700
374617800
418983900
471513000
453358400
478530300
485229600
474717400
474623900
434550000
447860400
431360400
469206200
453487500
430568200
446476100
434703300
442973600
458707300
488133800
446889400
427470400
434066500
453732800
431348000
456629300
431296700
442798700
431624300
455600600
472793500
451608400
461836200
445760400
451056700
434332800
434889100
438410500
436389600
452742200
440053600
440986400
468491800
469997800
449237500
435600000
439279200
458954500
433006300
432283400
456130100
456693800
455857400
474265000
457822100
438990100
445205000
433391600
442687200
442023900
434438700
446125300
432705100
442959700
507359200
456547600
467909600
465346900
445126000
464499200
440621400
437926500
462311300
434419200
454709600
470005600
463896800
448696200
431468000
436811000
432240300
454113300
437490800
446645100
440424500
442891800
446760300
429927500
466251500
438968700
449848100
445723800
448038900
439967300
434194400
435763200
448077800
432044200
446190600
445911200
470523500
452806800
435087400
427747000
429832600
443345600
442445000
468765900
447651100
458278100
451475400
445427000
443368900
431288500
456461700
439598800
435928300
434721000
439003000
447591400
454940100
444013600
429302600
472451000
443525500
438907200
436531800
429974100
502078400
430498100
442084800
444390500
445368600
425261600
444145400
472233400
431533000
432650300
428071100
464794700
443759300
483672400
432131800
441484700
448855600
435335700
488644400
454641300
441401800
445430400
466343400
469717100
444318900
444970100
454174300
441374700
440124700
482595200
462818800
458758000
430563000
454372300
436849700
442211600
480685600
431917200
437021500
421181800
440978100
465640600
465138800
429571500
442484700
431247300
459832000
437445700
438604400
440343000
432005100
461843100
452749000
454624800
439198400
425171000
445752800
430264700
492212700
444337200
439599000
437132400
444930900
425846900
441733800
448439000
436857800
440185200
435534900
431893200
439434300
449394800
420487600
426996800
439648000
433269500
460336500
448132700
432661500
429204000
425809300
463762500
428564600
428879000
432238900
441607800
435581300
426322800
459592600
441099000
441326600
506630400
557400400
446515200
437011800
429698200
455075900
426103000
435159400
459044900
450503300
480605600
461978000
438251500
451070900
450951600
437864100
437273300
443765100
446692600
443132900
506931200
434922700
428688000
441817100
476512500
425870700
456674500
437376900
427625100
438208700
452060200
457683500
500089200
433555800
437885700
481773300
495578200
429935300
436370600
430271800
428957400
437711400
427039100
483074300
422510900
437248700
438444500
427049500
433877400
431519700
432190300
418260700
434166900
428567800
442420600
460576200
427570700
429341300
460369400
458406100
430627200
441575100
424175000
429424800
439200200
417483600
473766500
448652400
439564000
444176100
440544700
424596600
427213500
434862400
422505400
443143100
426695500
440028300
458175100
447281700
433473000
426641300
434560600
452721500
456854800
440950200
460981300
425015300
428311400
458497900
472522800
441007400
463698800
503905100
438226500
440646900
433008500
437118400
429906600
442761800
436780300
442491300
464392700
428289800
448429300
430937400
431077300
422346200
423632900
441802700
435555500
429904400
431279200
470402300
450592400
423615200
434245800
430585500
436777300
433804800
433460000
430670000
415954100
435960300
445387600
467091400
458005000
458881900
442386500
440560000
428264400
434008000
437044800
428600500
445698800
434305300
433440300
469834600
429101200
423909300
430862800
437031600
435007000
440631800
434337400
420931200
426236200
455244900
470176000
490332500
424043100
375761000
375904200
380306800
374476100
382536400
379556000
378603900
379852500
375513700
382498600
381214400
396626800
391895100
379501900
387651400
386034200
383775400
433589300
452915100
466571800
482388800
438648800
471799600
460657800
451304600
438694200
435494700
431062900
444689100
432156000
434765200
419104500
484246100
453141200
447849500
495739100
428618900
448160800
429983500
431407000
429323100
438461300
440025000
425081800
435402100
437225300
467139700
486970500
427296300
437392200
440215400
433088000
427392800
448663900
425468500
438146500
448640900
441671300
461314400
447485900
446742300
422842100
420850400
421894900
436537000
427497800
425370500
435841200
437245000
429756400
464395800
453163800
425892100
438107800
428799400
433877100
442797900
416998200
441414400
514605000
561723100
496221900
462343300
497266200
446926600
432891300
450573300
437338600
428391300
438667800
428735600
429347200
433698000
482606400
452862700
443562300
438687700
443714700
488454300
429668100
474451300
446550100
445792000
427810100
478903600
458505700
514787600
483191100
444002600
449775200
416642900
431311400
442570700
459727000
447215400
439843800
432698200
416639700
438021300
432350700
433719100
535178000
463778700
449594800
448417000
443233100
439065100
461035900
467561100
449998300
425458900
438869200
420207300
450622600
447186800
446623200
446050100
466481600
537582400
509533000
469804800
465706400
460568500
438327700
451036600
432767200
441816900
499304300
468264100
425253800
466479100
427088600
431898900
424383400
419104100
428778400
420082600
428893100
436105100
426605000
415647700
425823200
500035800
427110000
433578400
422660700
430096500
433817000
431115600
430078500
422612700
442303200
424761800
468898900
454815000
441449000
427065700
430354300
458752000
429381200
432152700
427137100
420108700
475044800
427882400
455924200
1127,6985000
1122,832500
1120,729200
1119,690000
1110,2191900
1110,2208700
1103,2249500
1102,2143500
1100,2092200
1100,1828100
1095,1621000
1094,1625700
1094,1624200
1094,1826100
1085,1452200
1078,1402900
1077,1150800
1077,1158600
1075,1148200
1065,843600
1059,1226900
1045,2137300
1044,1964700
1043,1863600
1042,2107900
1040,2394300
1039,1778200
1039,1747000
1035,1719800
1034,1740700
1034,1747100
1023,1303100
1022,1298000
1019,1233000
1018,1471200
1013,1212700
1003,811200
996,628800
995,655700
991,2137400
991,2124400
990,2526700
989,2028400
986,2002400
984,2230500
980,1882900
978,1761600
974,1784900
969,1520500
968,1690600
961,1431100
961,1296600
955,1388000
934,598400
931,541200
930,561700
917,2416100
913,1785200
913,1634700
913,1623300
910,1584300
907,1758400
897,1226500
891,1075700
879,801500
876,745200
876,740000
875,728200
873,835300
865,2410400
861,1861500
860,1896400
854,1665900
852,1790100
845,1593700
844,1432100
830,1058000
824,920200
823,1050800
822,924500
821,1046700
820,926900
818,785100
817,740500
808,619900
807,508400
803,1994200
802,2021700
796,2000300
789,1638900
788,1685800
786,1806500
781,1387600
778,1827800
778,1369000
777,1341200
773,1189300
771,1138600
771,1151400
767,1224800
765,987500
760,859700
758,866200
756,827000
756,764500
755,775200
755,808500
746,487600
742,2277000
737,1816800
737,1883000
736,2440200
735,2275300
733,1842800
732,2288600
732,2645200
728,2471600
723,1970000
723,2038500
723,2020900
723,1963500
722,1413900
721,1404700
719,1382400
718,1353300
716,1789800
713,1700800
707,1574900
702,1337300
696,1166700
689,788000
689,849700
688,776300
688,818400
686,677700
681,2840500
677,3228100
677,3244600
677,2670800
674,2616200
671,2520000
665,2175500
665,2159000
664,2163900
662,2052100
662,2042400
657,1894200
656,1948400
655,1779300
652,1637600
651,1616000
650,1585400
648,1583100
647,1709100
646,1775100
646,1807800
643,1590100
642,1542500
642,953800
642,1541200
641,1523900
637,1349200
636,1307100
629,992200
629,875400
627,886700
625,915000
620,585700
620,575900
620,515800
618,2485600
617,2322300
614,1805300
612,1855700
611,1745000
609,2011600
608,1791200
607,2151600
607,1750000
605,1823600
604,1915200
603,1611700
603,1568800
598,1432700
597,1364200
593,1668100
586,1121900
584,1469200
583,1103800
582,967900
581,1108200
581,1214400
581,1399300
579,946200
578,921300
577,843000
577,842100
577,879900
572,713700
572,696800
567,568800
567,707400
562,439600
559,369000
558,340300
554,2159100
551,1719200
754,679300
551,1800800
548,2160000
548,1685400
546,1682000
544,1606600
544,1747300
542,1838400
535,1418900
534,1319300
533,1286700
531,1238700
531,1472200
530,1332700
529,1188600
527,1110900
521,1033200
520,1025800
515,821000
513,808200
512,859700
511,759200
511,703900
510,688700
507,635300
507,593300
506,577300
506,572500
503,492600
502,465600
502,474300
498,365100
497,333900
495,2121900
495,1897000
495,1857500
493,1867100
491,2094700
488,1772700
487,1677700
486,1639300
484,1996100
484,2211400
483,2198800
482,1547100
482,1970800
480,1933700
863,2200500
477,1412800
476,1404100
476,1442500
475,1856200
474,1382900
474,1370100
473,1367400
473,1616500
470,1306300
470,1685100
470,1649800
470,1308000
468,1282900
511,728100
467,1160000
467,1420700
466,1130900
462,1031900
462,1062400
461,1702900
461,1100500
461,966800
460,1184500
459,919700
458,921400
457,1057400
456,963100
455,1047900
454,844300
453,783500
447,704200
446,889000
445,581600
444,550800
444,553900
442,631600
441,616000
438,586300
437,416900
437,420000
437,364900
436,361500
436,339500
436,339400
434,284000
434,292200
434,281100
432,2032500
431,1820600
429,1751200
429,1750100
429,1845500
428,2222400
422,1558700
422,1553800
422,1542000
421,1875200
420,1626900
418,1487000
417,1521300
413,1318800
412,1475900
411,1471500
409,1218100
408,1293300
406,1145600
695,724100
405,1105100
404,1120800
404,1239100
403,1077200
402,1045400
401,1006800
399,978000
934,606900
399,985100
397,1122800
396,1200000
395,914700
395,874200
394,837500
393,818300
392,773000
391,745800
391,797800
391,756600
390,897200
389,760400
388,731900
388,679000
387,648700
385,590400
385,602500
384,571100
383,539300
383,542800
381,584100
380,492500
451,784700
378,602100
378,622400
377,406900
377,383900
375,562000
374,321700
374,444800
372,242800
370,1990400
370,1763900
370,2262300
369,1796700
369,1829100
369,1830100
368,1721300
368,1875400
368,1806700
368,1771300
367,1698200
367,1852700
367,1809100
366,1680600
364,2120900
363,1588200
362,1983300
361,1559200
361,1546300
361,1543600
361,1552500
359,1884000
355,1407400
355,1722500
355,1575400
354,1359800
354,1756400
352,1362700
351,1311300
350,1263400
350,1300500
350,1268000
350,1764200
349,1245400
348,1401400
343,1141200
343,1090900
342,1094700
341,1032700
340,1381200
339,1010000
338,1126800
337,1109100
337,1137500
336,903400
336,917300
334,877100
681,2121700
333,903700
332,798600
330,755000
330,774600
329,737900
329,733000
555,2331700
328,747700
328,710300
327,673900
716,1298900
327,674300
326,655900
325,635100
325,618500
322,543000
319,541800
315,593700
315,436900
315,497900
314,479800
314,528700
313,358600
313,316300
313,309400
312,284700
312,283900
311,259900
311,257100
310,240900
555,1821900
308,1849800
307,1815500
307,1722100
305,1689500
303,1633400
302,10885500
302,9884000
302,1588400
302,1593300
301,1563100
301,1984200
301,1574500
300,1980900
300,1765700
299,1953400
299,1752900
298,1588400
297,1466000
297,1460100
296,1430300
294,1539700
293,1384200
293,1441800
292,1790500
292,1415100
291,1577600
291,1480200
289,1276000
289,1338200
289,1261100
288,1242600
287,1336400
286,1310900
286,1212500
285,1402000
285,1188900
284,1150800
441,467200
284,1196000
283,1183200
281,1053700
280,1047000
280,1021600
279,1014800
278,1115100
278,985300
277,1198300
276,1017700
276,985900
275,1066300
275,941700
274,885000
273,842100
272,845800
272,827300
272,1192800
271,951800
271,807300
271,800900
271,814600
271,829100
270,785500
270,787800
269,741300
269,775000
269,1048900
269,850900
269,945200
268,766600
268,736000
268,722600
267,698500
267,715000
266,676800
265,646500
263,724800
263,872300
524,1042800
263,749600
263,611800
263,602400
262,565800
262,562200
261,545200
261,642200
260,526600
260,625700
259,601700
258,768400
257,534800
256,575800
255,389200
255,382300
255,389800
775,1223700
255,385800
254,392000
254,387200
254,362200
253,335200
253,331000
252,310200
252,305600
251,291800
251,277100
251,465600
250,313800
250,315700
250,284300
249,230000
249,239400
249,232600
249,234500
249,234100
249,239600
248,204400
248,203800
248,208900
247,1878500
247,1748900
247,1964000
246,2327600
246,1975700
246,1730700
246,2154700
245,2265500
245,1764300
245,2516000
244,2180600
244,2266500
243,2382900
242,2338600
241,2346000
240,2212800
240,2103000
239,2162000
239,2129500
405,1526000
238,2115600
238,2237300
237,2259200
237,2216700
237,2233300
237,2238900
237,1886400
237,1664600
236,1519900
236,1587000
244,2090500
234,1444600
233,1546800
708,1131800
232,1488800
232,2042400
231,1491200
231,1473300
230,1466200
230,1437400
229,1284300
229,1770200
228,1412000
228,1657600
228,1295300
228,1289000
228,1428700
228,1543000
228,1298300
227,1303900
227,1346000
517,1016700
227,1248200
444,722000
226,1352300
225,1543600
225,1250200
224,1228400
224,1389000
224,1231400
224,1531700
223,1146000
608,1729400
222,1119000
222,1433400
222,1145300
221,1578100
221,1435400
221,1366900
221,1366100
221,1382000
220,1376300
220,1375800
218,1285800
218,1133100
218,1259200
218,1024600
218,1009100
217,1077800
217,1075300
217,1012900
217,1051500
217,1001600
216,943400
216,949400
215,960100
215,931500
215,1294600
214,906900
214,914000
214,909200
214,901600
214,910400
213,944900
213,1215700
212,1155100
270,772000
212,856300
212,1073700
211,812400
504,558600
210,860300
210,834500
210,863200
210,829300
210,1175500
210,801000
209,779200
209,777700
208,751300
208,747700
208,772200
207,805800
207,730500
207,719800
206,902500
204,757800
204,714300
204,644200
204,688500
204,654100
203,616000
203,620700
203,624600
202,592500
202,588900
202,582700
202,685800
201,710500
201,598700
201,606800
201,597300
201,570000
200,552200
200,615700
337,1306600
199,519900
199,514100
198,489900
198,493700
197,632300
197,664800
197,493300
196,477400
196,437900
489,1707800
196,463600
195,413000
195,423100
195,508600
194,536300
194,461000
193,493500
192,376800
192,446200
192,483700
327,719200
191,304700
191,305400
191,309600
191,308200
190,299000
190,330500
190,279300
190,276300
190,330000
325,645400
190,294000
189,253600
189,255600
189,255800
189,252100
189,256300
189,253500
189,264800
188,226700
188,231600
188,227500
188,264100
188,293000
187,237300
187,217600
186,255400
186,286300
186,175000
185,1747700
185,1817100
767,1010600
185,1719000
185,2383200
184,2242200
184,1908700
184,1738300
184,2070800
878,743300
184,1704900
183,1655300
183,1727000
183,1988700
182,1825800
182,1698900
181,1638800
181,1616300
181,2138300
181,1622800
181,1676200
180,1595800
180,1621700
180,1886900
179,1584800
179,1810900
178,1809800
178,1983300
178,1925900
765,1215300
178,1984500
177,1937100
252,463600
177,2052400
177,1840900
177,1767100
637,788100
484,2223900
177,1711000
176,1569700
176,1549600
229,1334200
176,2033100
176,1688800
175,1589900
175,1538200
174,1445800
174,1457500
173,1898700
173,1546100
173,1579200
172,1509000
172,1666100
172,1632500
172,1483700
172,1426500
171,1440100
171,1385500
171,1508700
455,880900
171,1372300
171,1489800
171,1548900
170,1363400
170,1427700
170,1536800
169,1323000
169,1300100
169,1327200
169,1326800
169,1417100
169,1514800
335,875000
169,1417400
169,1382500
168,1296200
168,1301000
168,1724900
168,1351100
167,1263300
167,1270000
166,1238700
355,1424600
166,1654100
166,1368400
229,1416900
165,1224100
165,1235700
165,1211200
165,1373900
165,1241100
164,1173800
164,1222000
164,1189800
164,1178200
163,1290600
163,1429100
163,1208700
162,1143900
162,1133600
162,1142000
162,1171700
161,1201000
161,1382000
161,1120000
161,1118000
160,1077900
160,1093100
160,1121100
160,1122000
159,1363400
159,1136900
159,1142300
159,1056600
365,1654400
159,1069400
159,1204200
158,1197400
158,1071000
158,1026400
956,1297600
158,1067200
157,1003000
157,1217400
301,2029400
157,1102400
156,990600
156,988200
156,979300
155,958400
155,952700
155,1210200
155,966900
155,964200
155,960100
154,986400
154,981500
154,1061000
301,1836300
153,992700
153,916600
153,905500
153,910800
177,1525700
153,887200
153,914800
153,981000
153,1424200
153,909800
153,975600
152,886000
152,885500
152,1247800
152,897500
152,1211100
151,1066700
463,1051200
151,858000
151,857300
151,863700
151,847600
151,841700
150,842900
150,951700
150,924200
150,833500
150,837700
150,824700
150,1138700
150,1055600
149,978200
579,951300
149,1027600
149,817900
647,1063800
149,844800
148,789900
188,226400
148,781600
148,837100
148,769800
147,750500
147,880800
871,748900
147,833400
147,772900
147,897200
147,835600
146,727900
146,733200
145,691600
145,696900
145,717600
145,770500
145,928500
145,697300
145,771700
144,684100
144,672000
143,662000
143,667700
143,644900
143,691900
143,643400
142,682400
142,669200
142,619500
152,966300
142,925300
142,625400
142,621100
141,601700
141,604100
241,1609400
141,620100
141,739800
141,634300
140,567800
860,1876600
140,629100
140,567500
140,572100
140,560200
139,536700
139,549600
139,533900
139,595000
139,796500
139,626400
189,311100
138,785500
138,627400
545,1607000
138,516300
155,948600
138,527100
138,519200
138,515000
137,766700
137,554200
137,494300
137,519100
136,471600
136,454400
136,467300
136,460200
136,473700
136,460800
136,462500
136,463400
810,641400
136,466800
135,435600
135,437100
135,606900
135,587700
135,457200
134,520800
133,395500
133,379000
132,362000
132,360500
132,360800
132,367000
132,362000
132,360000
132,362500
131,353000
131,370200
131,343300
131,329400
252,308500
130,303700
130,308300
130,305500
129,336600
129,361200
129,313900
129,373700
128,257000
128,250700
128,265100
128,261300
128,253500
128,251700
128,259900
128,254800
127,224700
127,234100
127,236600
125,176300
125,173600
125,177000
125,177900
125,168200
125,172400
125,177300
160,1086600
125,176600
124,147300
124,142200
124,142100
124,147900
124,142100
123,1988300
123,1847900
123,1706800
123,1702100
123,1727800
123,2427600
123,1703400
123,1703600
123,2134100
123,2260700
122,1703000
122,1688100
122,1649200
131,339600
121,1840600
121,1823200
121,1699000
121,1685700
121,1679500
121,2010100
121,1669900
160,1080900
120,1610900
120,1609200
120,1846800
120,1635900
120,1733800
120,1926000
120,1605200
119,1847400
119,1641500
119,1598700
119,1608400
119,1608700
119,1868400
119,1634600
118,1972900
117,1982100
117,1689000
117,1686000
801,1915400
117,1741400
117,1576700
117,1860600
116,1685600
116,1799900
116,1642800
115,1499000
115,1879200
115,1538600
115,1474300
115,1501600
114,1492400
178,1719600
114,1611600
114,1449000
294,1570800
114,1472800
114,1517200
275,1039400
114,1809800
114,1464700
114,1466900
114,1459200
114,1754300
113,1479300
113,1502500
113,1434400
394,838600
113,1441900
113,1577100
112,1473400
112,1422600
112,1415700
112,1413300
112,1846100
112,1709600
112,1478800
111,1504500
111,1386100
111,1397200
111,1782400
111,1392100
111,1381500
110,1389200
110,1527400
110,1377900
278,1249200
109,1357700
109,1374700
109,1403700
242,1693000
109,1583400
109,2081300
108,1366100
108,1477300
108,1475100
126,206900
108,1468700
108,1416700
291,1333200
107,1288300
107,1272200
107,1393000
107,1291000
107,1657800
107,1298200
107,1334900
107,1417900
107,1286200
149,811600
120,2081700
107,1283800
107,1286100
106,1268400
106,1268500
106,1269100
106,1645100
106,1253600
106,1486600
106,1677000
106,1309400
106,1313900
106,1512100
106,1286100
106,1265600
105,1239500
105,1242500
105,1624000
104,1513600
104,1366700
104,1273200
104,1213000
135,461900
104,1205700
106,1375400
104,1608800
103,1183200
103,1261700
103,1188400
107,1595200
103,1251600
103,1441800
103,1304000
103,1183300
103,1180200
103,1190100
103,1183300
163,1296000
102,1231700
464,1085500
102,1177800
102,1168500
102,1159200
102,1202200
102,1461700
102,1377400
102,1164300
101,1128000
101,1136300
101,1146700
101,1134200
101,1358300
101,1141200
101,1156200
100,1196400
100,1160700
100,1162200
1022,1761200
100,1138200
100,1109500
100,1099300
100,1117000
100,1092500
100,1109800
99,1069400
99,1236200
99,1097900
99,1102900
99,1089200
99,1120200
98,1355700
98,1221700
98,1384100
98,1122900
98,1051100
98,1056900
98,1059800
98,1082200
98,1092100
98,1389500
98,1083800
98,1117200
190,294900
97,1018600
97,1111900
97,1060300
97,1035600
97,1145000
97,1160200
348,1215700
97,1112600
97,1033100
96,1004900
96,1015200
96,1029700
96,1128400
96,1000100
96,1036500
96,995700
150,1211300
96,1093100
260,531200
95,990100
95,1311600
95,1099900
95,1002100
95,983600
95,983500
95,1040200
187,205700
95,1272100
94,1439200
94,1028700
94,1032400
94,1222000
94,942900
94,949300
94,937500
94,956600
94,1089100
94,965200
94,956300
94,958400
94,944200
94,993000
94,948700
94,955200
94,1005500
93,1253900
93,1081400
93,1059900
93,920900
93,934200
93,912700
93,933600
93,922900
93,1251600
93,926600
93,957300
93,932800
93,944300
93,916600
940,814800
92,918200
92,994400
251,335300
92,1078400
92,905900
92,895000
92,901600
92,986400
92,960000
92,898100
92,940400
92,1016700
92,913000
91,995200
91,908300
573,771100
91,918700
91,887800
91,872500
91,1073400
91,935000
91,881100
91,872900
91,884100
91,871800
91,870300
91,885300
91,878500
90,942700
1036,2307500
90,972400
90,1025700
90,879400
90,842300
90,1139700
89,863300
89,1146000
89,870900
89,832400
142,610300
89,1072600
89,827500
88,787600
88,831300
88,787000
88,896700
88,893400
88,792200
88,813400
88,799200
88,808900
88,802300
88,971500
88,867900
88,884400
88,1157000
88,921900
88,810400
87,774700
87,783500
87,800200
87,776500
87,787200
199,532300
87,778500
87,916400
108,1461400
87,778600
86,750100
427,2052700
86,746300
86,743600
86,769300
86,909900
86,982600
325,626500
86,808700
86,754200
86,740300
85,726000
85,715300
85,716900
85,733500
85,715700
85,1129700
85,862900
85,809700
85,797000
462,1002700
85,728700
85,709000
85,713300
300,1576000
85,875100
84,682700
84,728300
84,715900
266,670800
84,728000
84,701400
84,798500
84,698500
84,701200
84,690500
83,799700
83,670400
83,921000
83,691500
83,660500
83,664600
83,673700
83,667500
82,650600
82,645500
488,1908900
82,699700
103,1182400
82,637300
82,652600
82,649400
82,642900
82,640900
82,710600
82,641500
82,639900
81,669200
81,689500
81,866200
843,1488000
81,630200
81,609600
81,606900
81,617200
81,643300
80,592600
80,587900
80,605900
80,929400
80,597500
80,582800
79,558400
79,564000
79,579800
166,1238600
79,577200
79,563700
79,562300
79,568100
79,559000
79,663000
79,943500
79,568100
79,662000
841,1488800
79,562400
79,555800
78,555800
189,262900
78,538700
78,538000
78,536200
161,1174600
131,403100
78,743000
78,544800
78,609200
80,598000
78,538400
95,965100
78,539300
77,510000
77,518400
77,511900
77,525400
77,747200
77,725700
77,520300
77,515000
77,513200
77,514900
118,1606900
77,530500
76,547000
76,489900
405,1116300
76,634800
76,568300
76,800400
76,544800
76,484500
76,487100
76,500000
76,488100
76,487800
76,487100
76,598100
76,482800
75,458700
75,558400
75,698300
75,583400
210,912900
75,477200
75,447600
139,657400
100,1496500
75,606000
75,619200
75,606400
75,607800
75,631900
75,697700
117,2466000
74,691600
74,542400
74,449900
156,1102200
74,520500
438,522900
74,525100
74,668200
74,606600
74,515500
74,612900
73,592200
73,546900
73,416700
73,416700
73,677300
73,677500
73,582000
73,555400
73,421800
73,415300
407,1187100
73,413400
73,408400
73,423100
72,580600
84,835100
72,408700
72,387800
128,248900
72,376100
72,377200
72,391500
72,471700
72,371200
72,437600
936,703100
72,384900
72,377000
72,411500
72,375300
72,386500
72,377100
72,441800
72,408100
72,434200
72,493900
428,1695500
72,375100
72,371500
72,372000
71,343500
71,347000
391,750100
71,349500
71,346000
71,345800
71,355400
71,357500
71,474300
71,493600
70,447900
70,475900
70,446100
70,442100
70,440100
70,444800
70,455500
70,466100
70,514800
70,517400
70,383800
70,332800
70,331500
70,340700
70,338300
70,330900
70,343000
138,505700
70,436800
70,514500
70,442000
69,302900
241,1606700
69,344300
69,298600
69,302400
69,299500
69,302100
69,308400
69,299900
576,891100
69,306300
69,301600
69,358800
69,309000
69,298800
69,329400
69,376600
68,284700
68,285600
68,426300
68,296200
68,286500
68,403500
68,290300
68,393000
68,341400
68,292700
68,284100
68,281300
719,1351400
68,279700
68,279100
68,282600
114,1732200
73,508300
68,354200
67,240300
67,233500
67,235200
67,243200
67,304100
67,250400
67,256700
67,274300
321,584600
67,257500
67,255500
67,260000
78,542300
67,253900
67,256600
67,256800
67,254700
254,367000
67,256000
650,1217000
67,272600
67,339500
67,267900
67,315000
67,282800
67,377700
66,269700
66,247200
66,234600
66,234300
66,235100
66,227200
66,228300
66,223900
66,225300
66,235100
66,231300
66,226900
186,169900
66,223300
66,229300
66,229700
886,943800
65,202300
65,275000
65,198900
243,2257700
65,210200
65,202000
71,428000
65,207700
65,202300
65,264600
65,198100
65,201100
65,201400
65,195700
65,200600
65,206900
65,198600
142,609900
64,175800
64,186100
64,172600
64,177000
64,173300
64,183700
64,172500
64,176800
99,1104300
64,217200
71,472300
64,204700
64,193100
64,231000
68,307700
64,178100
63,151700
63,149200
63,159500
63,145400
63,149000
63,145700
63,139200
63,145600
63,148500
63,150400
63,152200
63,150200
484,1606600
80,628000
63,152000
63,151900
63,145100
62,115900
62,116800
62,116700
62,112300
62,113800
62,112400
62,116600
62,117700
62,117600
62,113700
62,116600
62,112400
62,116500
62,116100
62,120300
62,117200
261,562600
62,119400
62,116000
62,108600
62,151100
81,758800
62,120500
62,116800
62,113800
471,1241400
61,1670900
344,1112400
61,2266100
61,1855300
61,1707600
311,262000
63,150100
61,1669900
61,1677300
80,593400
61,1907600
61,1700200
61,1686900
176,1820800
61,1722000
61,2223100
61,2323500
796,2266300
73,417900
61,2017800
95,998600
61,1726300
198,504300
61,1770500
61,1675100
61,2059600
61,2071500
61,2178700
60,1722200
101,1212200
60,1863400
60,1730500
60,1714900
60,1657900
666,1921700
60,1793500
60,1645500
60,1638400
60,1647400
105,1403400
60,1692500
60,2133100
60,1657900
60,1687600
60,1957000
60,1645600
1025,1480000
60,1688300
60,2025600
60,2018500
60,1753200
60,1746800
90,898200
60,1747000
59,1976800
59,2158000
59,1701400
59,1662700
59,2202800
79,567800
59,1720400
59,1739400
121,1656400
59,2073300
59,1626400
59,1696300
59,1628900
59,2160700
59,2062800
59,1717100
58,1619300
58,1609300
58,1965400
58,1694200
1015,1143100
58,1654600
58,1901200
58,1737300
58,1861000
58,1591700
58,1599300
58,1597000
58,1783200
58,1623800
58,1606000
58,5532500
58,1677700
58,1605300
58,1590400
58,1624700
58,1770200
117,1568300
58,2184700
57,1694900
67,267000
57,1804800
57,1920800
150,834400
57,1572800
57,1614600
57,1578500
57,1955200
57,1836300
57,1561600
57,1570300
57,1577300
57,1738800
57,1594700
361,1651500
57,1579700
57,1571600
57,2234700
57,1635300
57,1571700
62,114900
57,1579600
57,1639800
57,1656200
745,437000
57,1577600
128,266900
57,1570400
57,1558500
57,2000300
57,1719300
56,1550900
56,1563800
56,1534900
56,1968900
56,2268400
56,1544600
56,1747900
56,2112600
56,1651400
56,1592200
814,670600
56,1535200
56,1577300
56,1796900
56,1550900
56,1534800
56,1633200
181,1918900
170,1688600
56,1561400
55,1532100
55,1570300
55,1585500
55,1923200
55,1527000
55,1733400
55,1622400
55,1562600
55,1711900
55,1515800
55,1589600
55,1499800
55,1495500
55,1698700
259,695100
54,1584400
54,1598000
54,1603600
54,1519000
54,1646500
54,1615400
54,1492500
54,1515800
54,1618900
54,1806700
123,1712900
54,1954800
605,1596800
54,1519500
145,714800
54,1837800
54,1594800
54,1500100
54,1505700
54,1505700
97,1342600
54,1657600
54,1488300
53,1467900
200,540400
53,1520300
53,1652500
53,1475600
53,1486500
53,1470100
53,1448400
53,1532500
196,669300
71,420200
53,1682100
53,1715600
62,119700
53,1464000
53,1473400
82,803500
53,1740000
53,1500800
53,1465600
52,1422400
52,1635200
737,2447300
52,1479100
97,1072200
52,1587100
88,787500
52,1687200
657,1353500
52,1442200
128,269100
52,1441200
52,1680400
52,2399200
89,908600
52,1495900
52,1446100
568,672200
77,528400
52,1434700
274,946300
52,1670100
52,1450000
52,1424400
52,1685400
52,1811000
52,1838400
52,1464600
52,1463600
52,1487300
52,1460700
52,1952200
51,1420100
51,1414100
51,1797400
51,1455800
51,1849400
51,1433000
195,411300
51,1474500
68,288400
51,1455800
51,1403100
51,1552500
402,1075100
51,1460400
51,1618800
51,1498200
51,1399500
661,1738600
51,1412800
51,1404500
51,1421600
51,1393200
51,1482400
51,1527500
51,1557000
51,1488800
51,1493700
51,1888600
51,1586300
51,1487400
51,1439400
50,1434100
50,1430200
50,1634400
50,1791900
50,2278300
50,1972300
50,1958600
50,1941700
50,1705700
50,1888700
50,1840300
50,2196000
124,145000
50,1629400
50,1610900
50,1454100
50,1510400
84,1031800
84,875800
50,1432200
353,1388300
50,1433500
50,1668800
49,2243000
49,1446800
49,1418700
49,1436900
49,1380500
49,1468600
49,1609600
364,2298400
49,1436800
49,1935100
49,2008100
381,549100
49,1383800
49,1395600
49,1380500
49,1368000
49,1565000
49,1410800
49,1408300
49,1354100
79,620200
49,1386900
597,1485000
49,1529500
49,1425200
48,1370300
48,1313700
253,355000
48,1346800
48,1446600
48,1369800
48,1340600
48,1812300
48,1348500
48,1358600
48,1740200
48,1351600
48,1353600
48,1350900
48,1336800
48,1445400
862,2080800
94,953300
48,1596300
49,1769200
48,1848600
1057,835800
48,1396700
48,1393900
54,1497200
48,1366400
48,1348100
910,2021500
48,1482000
142,626300
48,1340500
48,1326100
48,1341400
48,1865900
48,1337100
48,1352800
48,1435300
48,1387100
48,1396800
94,1178900
48,1712600
48,1335000
48,1522500
48,1359800
48,1437800
48,1409600
48,1353600
47,1328500
47,1316600
47,1319700
47,1507800
47,1661500
47,1343800
47,1309400
47,1304700
47,1312100
118,1763300
47,1600300
90,949100
47,1318400
47,1316800
47,1535600
47,1671500
266,699300
47,1316800
47,1327400
47,1511500
47,1538800
47,1876500
47,1399200
47,1343400
47,1427800
47,1776600
47,1417800
47,1901500
47,1329800
47,1391700
47,1304800
47,1355100
46,1547800
46,1517900
261,625700
113,1542200
46,1651100
123,1763700
46,1688600
46,1476300
163,1293600
46,1325500
46,1291000
682,401600
46,1422700
46,1634500
46,1292700
46,1442400
93,1142600
46,1254800
157,1014500
46,1782300
46,1305200
46,1318300
46,1329200
46,1328200
46,1289700
66,341900
46,1448000
46,1281800
46,1928700
626,607600
131,333500
46,1340500
46,1366200
46,1506800
46,1302500
286,1201700
46,1292700
46,1368000
46,1289700
46,1424800
46,1287900
46,1764900
46,1343200
46,1282300
46,1346200
46,1336400
46,1324200
45,1261300
45,1262700
45,1262200
49,1362600
45,1515200
45,1634300
45,1272800
45,1257300
45,1677300
45,1293400
45,1736600
45,1275300
86,763100
45,1325600
45,1260000
45,1277100
45,1497100
45,1321000
45,1276500
45,1304100
45,1278100
113,1500100
45,1698200
44,1246800
44,1230700
44,1242500
44,1220800
1120,691700
44,1247200
44,1423500
44,1232200
44,1223800
44,1257300
47,1328400
44,1225200
147,763300
44,1557400
44,1257000
44,1426000
44,1234000
45,1265900
44,1728900
44,1510800
44,1257700
176,1587200
44,1230500
44,1230700
44,1235400
44,1627700
44,1225500
80,605000
44,1225100
776,1342100
44,1295900
43,1374000
43,1389400
43,1206300
43,1204100
43,1213000
43,1185100
134,473900
43,1256400
43,1301600
43,1221400
68,286700
43,1227500
43,1426900
43,1258700
43,1232400
43,1319500
43,1260300
43,1238600
43,1536600
43,1214700
841,1448200
43,1551200
43,1273100
42,1184200
42,1534600
42,1212600
398,928100
42,1288500
42,1444600
42,1257700
42,1192400
42,1187000
42,1188700
42,1189000
279,1143900
42,1257000
42,1651300
42,1230100
42,1233200
42,1184600
42,1293100
42,1394400
42,1182800
42,1179400
41,1164000
41,1149900
149,898400
41,1264100
41,1280500
41,1358100
41,1156600
41,1156000
41,1141700
41,1156400
77,523100
41,1462600
41,1201200
41,1151000
41,1159600
41,1156100
41,1168900
41,1157400
41,1415900
41,1158700
41,1173400
41,1172500
41,1169400
43,1199400
41,1270000
41,1369000
41,1176300
41,1262500
41,1147500
41,1154100
41,1222000
41,1544500
151,1169700
41,1152200
41,1132000
101,1146900
41,1142600
41,1162400
41,1611000
41,1157500
40,1135300
367,1766100
117,1562500
40,1346700
40,1513100
40,1174000
40,1150300
40,1253800
40,1164000
40,1144600
40,1201400
40,1241000
568,613600
40,1172300
40,1128100
40,1121500
40,1502600
94,1124300
40,1400200
40,1147500
40,1139100
133,399300
51,1404500
40,1139000
40,1420200
797,2217300
290,1302900
40,1145400
66,227400
40,1554600
40,1125000
40,1179700
40,1533100
555,1834500
40,1125800
47,1389100
40,1148500
40,1249400
71,377400
67,307700
40,1266000
39,1119500
39,1431600
39,1833100
48,1848500
39,1505800
39,1534200
299,2148400
39,1790900
39,1678300
85,947600
60,1820900
39,1742900
39,1914100
39,1146200
159,1367900
78,555200
39,1107700
39,1108100
39,1271800
39,1111400
39,1098900
39,1307600
39,1507600
39,1552700
39,1507900
39,1523600
39,1593300
39,1655100
76,708600
39,1681500
39,1620800
39,1573500
39,1568700
39,1639800
39,1280700
39,1188900
39,1167000
38,1208100
38,1201700
38,1312400
39,1220300
38,1126800
38,1114000
38,1147800
38,1175800
38,1267400
38,1960100
38,1228500
38,1092600
38,1091900
38,1118400
38,1132300
38,1196400
153,1197000
38,1157300
38,1088900
38,1194200
38,1094700
38,1213300
38,1193700
292,1399000
116,1578900
38,1091400
38,1088900
38,1128700
38,1117100
38,1662900
38,1124800
40,1161200
38,1168100
37,1273900
37,1058100
37,1194800
37,1493400
54,1501600
37,1043800
37,1095800
37,1048500
110,1365200
37,1386100
180,1605400
37,1069900
37,1256400
75,585600
37,1090400
37,1064300
37,1206700
37,1151200
144,696000
37,1261800
37,1060000
37,1044800
43,1226100
37,1054200
37,1466700
37,1082500
37,1219300
37,1376100
37,1099400
37,1044800
37,1093800
548,2027400
46,1293600
37,1081800
37,1041900
37,1066700
37,1059900
36,1153200
36,1143600
36,1234500
36,1520300
124,181200
115,1975100
36,1363000
36,1407500
36,1375600
36,1376300
36,1271500
36,1045000
36,1046600
74,441600
36,1159500
36,1499300
36,1051800
36,1034300
43,1216800
36,1021700
36,1094100
84,695000
36,1155400
36,1218200
36,1155900
36,1034400
108,1308000
36,1044900
495,2338200
36,1142900
36,1069200
36,1090200
36,1081500
36,1044900
492,1786000
36,1851300
36,1031100
36,1059000
35,1000700
35,1326700
100,1170800
35,1141800
35,1437100
35,1054700
35,1082300
35,997300
35,1072300
35,999400
35,1009100
35,1165900
35,1107700
35,1028000
35,1005700
35,1003300
35,1125500
35,1036900
288,1292700
35,1285300
35,1042100
41,1170500
35,1000600
35,998400
35,1359600
35,986700
35,1611200
35,1212700
35,1006900
311,279900
35,1434200
35,1117800
35,1003800
35,1199500
611,1955600
35,996300
35,1012000
637,801700
35,1009400
35,998900
142,633600
51,1826300
35,1006600
35,1250000
35,1280300
422,1559600
35,1035800
35,1101000
35,1304500
35,1017200
35,1019300
35,1008800
35,1026300
35,991500
35,1137500
35,1332600
35,1027000
35,1086800
35,1002100
35,1034500
35,1029700
34,976800
34,967400
34,1326600
54,1489100
34,968800
744,413900
122,1679900
34,974900
1029,1656300
331,1275800
189,301100
34,1145200
34,1004400
34,979800
34,976800
34,994600
34,970600
34,1319500
34,1027800
34,979300
59,1625700
34,970300
34,986700
34,968500
34,1138900
34,1105800
220,1117100
34,974700
34,983500
34,965800
34,982500
687,524400
34,984300
34,1217600
254,367000
34,999400
34,973900
48,1415300
34,969900
34,1023200
34,1048100
34,1094300
34,1054200
368,1741400
34,1019800
34,985100
34,973300
34,1052200
34,1129800
34,1029200
146,712100
33,958800
33,943200
33,957900
144,760500
33,1367600
33,997100
206,937400
33,1001800
33,947100
33,943400
33,955700
33,949400
582,974000
33,953700
944,951000
33,1050900
33,958800
33,950000
33,957100
33,1127200
33,1433200
33,949000
33,1304000
33,1128600
33,962900
33,945000
33,981600
46,1291400
33,943500
65,216500
33,975500
33,1299900
33,976400
33,959400
33,1226200
43,1267200
33,965800
33,957000
121,2017200
33,952000
33,948000
180,1588800
33,953800
33,940500
33,1004200
306,1849100
33,974300
800,2118800
33,954700
33,948300
87,791400
33,961100
96,1476700
33,978500
33,968000
61,1849200
33,950400
32,925500
198,488200
32,1036400
32,1103200
32,981600
32,1030300
32,923800
32,908300
120,1611000
32,938800
356,1896300
32,951100
32,916300
32,945800
32,911300
32,939500
32,957900
32,924700
32,1125200
32,1027400
32,1070600
32,932200
32,923200
32,970600
32,943500
32,936800
32,1255300
32,950000
201,574700
108,1336900
32,923200
119,1655600
32,927600
32,931600
38,1525900
32,1079400
32,949400
32,925700
37,1084600
32,925000
32,953500
155,984900
32,1146300
32,947500
32,928200
32,945700
93,944600
32,925300
32,936200
32,1011300
32,1394700
32,946600
32,935800
32,924900
32,930700
32,923400
32,931100
32,932700
31,1146000
31,956600
31,1038600
84,873100
31,991500
31,891300
31,896600
31,1059900
31,1329700
31,927500
31,901200
109,1482200
62,139300
31,1097200
31,1119000
31,1109000
31,1155100
31,1244000
31,1166500
621,485600
31,1130100
249,278800
31,1166100
433,2603500
31,1215400
31,933400
31,1487500
109,1447600
108,1560000
31,950700
31,1014800
31,1232400
31,934800
38,1114100
31,1163100
31,959900
31,933900
31,956200
31,1113900
31,1185000
31,947100
31,909400
31,969400
31,1016900
31,925000
229,1306000
31,1088000
44,1644600
31,1027800
582,1078700
38,1113600
31,988900
31,911900
31,940700
31,1275800
31,975100
31,897500
31,944100
31,934700
31,930800
31,900600
49,1630200
30,1511500
30,973100
30,893600
118,1587700
30,866800
30,881800
30,917300
30,1358200
30,958200
30,931700
47,1314800
30,889900
30,868600
244,1989600
51,2223000
30,887500
30,876000
30,880400
92,904500
30,869800
72,390800
30,1099600
30,1307700
30,885400
30,879700
30,867800
30,881100
30,858800
30,881800
30,862100
30,949800
30,1024100
30,935600
30,866200
30,910200
30,890800
30,874900
30,892400
30,903700
172,1520900
32,1375100
30,895400
30,889700
30,874800
30,864300
75,469200
30,1050900
35,1293600
30,1047000
30,884700
30,873700
30,886300
30,872100
30,929600
30,870600
243,1690900
30,1228100
30,868600
30,869200
30,884800
30,870500
30,890300
43,1349800
30,879200
30,950000
30,964700
30,867000
29,883900
29,848800
29,858300
29,845600
181,1630700
29,847500
29,1133100
29,897600
811,591500
29,843200
60,1936900
29,878500
29,848100
33,940400
29,944800
50,1469200
29,907500
29,845800
29,861700
29,844900
29,865500
29,840900
50,1546800
29,873300
29,859100
29,841600
29,1088500
29,963900
29,858300
29,846400
83,686300
29,952500
29,1079300
106,1293200
29,863000
29,842500
29,853700
114,1544200
94,965700
29,969800
29,935100
29,917900
28,835200
680,2885600
28,1114000
28,1080400
64,207000
28,1261400
28,1131800
305,1914700
39,1267300
28,922800
28,830600
28,920800
214,1066400
28,821500
28,1109400
28,837800
28,837400
28,873100
28,833700
106,1271600
28,1389800
28,1104200
74,524600
28,888900
28,833200
31,912800
28,836100
28,817500
28,828000
28,1111300
28,849800
28,877100
28,985400
28,841400
200,529400
28,992800
28,1116200
28,1085000
28,982000
73,469400
28,817900
28,818300
28,858600
81,618000
28,828500
28,815200
28,854100
28,843400
28,1085100
28,1166000
28,948800
28,840800
28,886200
28,1023400
28,814800
28,831200
28,816000
42,1703600
28,877300
27,810000
27,880900
27,800700
27,794500
27,809800
27,787800
770,1146000
27,1117200
27,881900
39,1102700
27,789100
27,794800
49,1353700
27,787300
27,795900
27,955400
27,894300
27,803700
27,798300
96,1015300
27,789600
27,783500
27,798000
27,812900
27,893200
28,1096300
27,891100
27,811800
27,791700
722,1443900
27,853500
27,796200
27,784000
124,154800
27,899300
27,935700
27,803800
27,787700
27,805100
27,790800
27,829600
27,809100
27,806600
937,823700
35,1185400
27,794900
27,797900
1063,912200
190,300800
75,462600
27,798600
27,874200
27,789100
27,794100
27,784900
27,1023200
27,839100
27,805900
27,841400
27,788900
124,149600
27,820000
26,974600
26,786700
26,772100
43,1513200
26,979400
80,602700
26,796800
26,769100
26,784300
100,1094500
26,839000
26,755200
26,791500
26,1023100
26,798000
26,771600
26,808200
26,775600
26,870700
26,764200
26,775100
26,814900
26,794600
26,871700
26,798200
37,1041800
26,764400
26,776200
271,791400
26,773000
26,761200
26,753800
695,734300
26,1121700
26,771900
50,1407000
26,845300
26,764700
26,772700
26,759400
26,791300
26,769700
26,933100
26,961400
26,774800
26,775700
26,763900
101,1115700
26,764800
26,768200
26,812400
26,770600
26,1102100
26,765800
26,786000
100,1584600
26,825700
26,789600
26,764600
26,760700
26,756200
325,813300
26,882400
26,814300
917,1855700
26,816200
25,737800
25,875700
25,739300
639,901600
25,936100
25,844500
25,834200
41,1211900
25,752700
25,735100
59,1625900
25,851300
25,848700
25,791800
54,1491900
25,793600
25,748500
25,727800
43,1225000
25,1002800
25,748000
25,1119400
51,1609800
25,742800
25,763700
25,747300
25,755500
25,762000
25,787800
25,776900
25,860700
25,903800
25,776100
25,741600
25,755000
25,815600
25,757600
832,1154500
91,878500
25,1000000
25,1136200
25,751400
25,736800
32,928100
25,746500
25,767700
25,731500
25,740100
25,756100
25,736700
447,1042900
25,840900
25,857300
283,1106300
25,745800
78,725700
25,744700
25,892100
25,972600
25,866500
105,1392900
25,743400
149,798900
25,786500
25,737000
25,761300
307,1771600
25,798900
25,881500
24,732900
24,716500
24,722800
24,710400
24,714900
24,748300
65,228200
24,1028900
76,504400
24,717000
32,1240600
24,876100
24,733700
24,846300
24,730200
24,728000
24,743400
32,916100
24,731900
24,732000
24,1020800
24,711900
24,700400
33,955800
24,710400
47,1708200
24,710700
24,720400
24,716000
24,1148500
24,946800
76,496700
41,1163600
24,728600
24,715400
31,891600
24,717500
24,721700
66,225500
24,708100
30,1092700
27,955000
24,721500
24,709000
24,976700
267,849000
32,954200
24,724100
24,714000
59,1768400
24,714800
24,830300
24,751000
24,738400
24,923800
166,1269300
24,723100
24,714300
24,778900
24,785000
24,963900
24,779600
24,746400
24,722700
24,715400
24,754000
24,717300
24,720900
24,726400
24,912900
24,944800
24,771700
24,716600
24,726200
777,1281600
24,729600
53,1454700
24,727000
24,959500
24,742300
24,793600
24,855600
24,725400
24,724600
24,847700
24,725200
24,720600
24,738400
325,649300
24,1044800
24,707300
24,805600
23,705200
23,686400
39,1108700
23,686900
23,696100
23,698300
23,689200
23,865200
23,781900
23,700700
23,703500
23,677800
23,675400
23,703300
23,720400
23,684200
23,694600
153,1172300
23,949800
23,859500
23,712700
23,694400
23,723100
23,925100
170,1332200
23,711700
23,933800
23,1119600
174,1501500
23,701500
23,707200
23,700800
23,685800
23,686900
23,698400
23,684500
23,691100
80,690800
23,929600
23,706300
23,694800
23,687400
23,702400
23,684800
52,1444600
23,758900
23,706600
23,710800
23,946100
29,996400
23,694300
23,698700
23,696900
23,696900
23,701600
23,689000
45,1268200
23,689500
23,908100
23,739400
23,693800
23,689500
23,694200
23,684900
23,705500
105,1565800
88,934800
23,689400
112,1687200
23,688300
72,403700
23,684900
130,407300
23,690900
23,710000
23,690700
130,309800
23,702100
23,686300
32,1072200
23,797000
23,693400
23,704100
22,699100
22,1021700
22,757600
22,657800
22,680100
22,686100
22,666000
48,1740200
22,650600
126,207100
22,663500
22,666100
471,1241700
22,689500
22,673200
22,666100
22,661500
208,815300
22,844000
22,679300
22,910500
22,741200
22,655300
22,657700
22,660000
22,659600
242,1610500
22,681300
22,984000
26,1198200
22,1066900
181,2640800
22,969500
22,1009200
22,897400
22,979200
22,765300
366,1773000
22,666100
297,1466300
22,848100
26,1072500
22,971400
22,936500
22,953900
22,934000
22,935800
139,725400
22,874700
363,2157100
22,910500
22,932200
22,918700
42,1623100
22,896300
22,913700
22,891900
22,1150500
22,953400
22,978400
22,974600
22,970800
22,952600
22,969400
22,959700
22,942200
22,1143800
22,835200
22,846900
22,935200
22,925600
22,883600
22,862400
22,823500
22,764200
22,765100
22,819700
22,975900
22,1044000
22,1025300
22,1036300
22,1128000
22,1021900
75,507000
22,976500
22,871300
22,673900
22,808900
22,669800
22,663300
22,676400
22,672200
51,1443000
22,806500
22,803100
22,903800
22,667900
499,407600
21,740100
21,676800
21,654200
147,792800
21,1008100
107,1563100
70,461600
21,952800
21,843500
21,677600
21,672900
21,648700
21,695500
21,639300
21,638300
21,679300
349,1250500
21,1080300
21,653900
21,661000
21,656100
21,688500
21,671000
21,944100
21,831300
21,671600
21,716600
21,711400
21,833000
233,1500800
21,651800
21,716100
21,764800
21,674300
21,708900
21,687600
21,660200
73,431800
50,1726700
21,707800
49,1489800
21,744800
21,697100
21,754200
21,663900
21,670600
21,654600
343,1389000
21,783700
21,649800
56,1554300
21,638700
77,523700
21,659800
44,1228500
21,658400
21,693000
21,786100
45,1334500
21,638700
21,812800
21,657800
84,701300
21,642300
21,639900
135,435400
21,653900
21,643400
336,1130600
21,682300
21,646200
21,649800
21,697700
21,645000
21,651200
233,1395700
21,737200
21,665200
21,651200
21,798900
21,626000
1061,1056100
21,932900
21,629900
50,1414600
21,638700
184,1712400
21,704000
129,310500
21,682700
21,644900
143,650200
21,646500
33,960400
21,649400
20,640600
268,721300
20,651100
96,1003700
20,690700
20,936300
20,669300
20,604200
196,427400
41,1150600
20,598900
20,810400
20,791200
20,797800
20,804300
20,815300
20,869800
20,720600
20,628700
20,682400
20,620000
20,617700
391,768800
20,615200
20,622300
20,624700
20,708400
20,815600
20,828900
119,1815700
20,639600
20,613300
20,626200
20,614800
157,1303300
20,626800
20,661400
465,1189300
20,630500
20,671800
20,628400
70,341100
20,621300
20,623200
20,646900
20,613600
750,674500
83,822400
20,656100
20,774400
169,1754500
20,763200
66,225900
20,613000
1093,1608100
28,842300
20,614500
20,619800
20,847400
20,842300
20,628200
105,1244500
61,1705800
20,605300
20,863100
20,805800
234,2031100
20,655400
20,605400
20,765400
20,742700
20,641700
50,1579200
20,671700
20,613300
20,615400
20,732900
58,1744400
20,625700
20,614000
20,625900
20,888100
20,638200
20,630700
20,615800
20,624200
20,628600
20,745600
20,700300
20,619300
33,954100
20,624700
20,627300
20,615800
20,647800
27,812800
20,614100
20,631100
20,623700
349,1538900
190,287100
20,612900
20,619100
20,668300
20,824700
20,949100
158,1033200
20,616000
20,623500
20,678800
20,663000
20,668700
19,594800
45,1309100
28,824900
19,574800
19,595800
19,585700
96,1001600
19,592600
19,610500
19,946100
19,580400
19,587300
39,1256100
19,763600
19,610200
19,598900
19,591600
19,590100
19,599000
19,627700
19,622800
554,1984700
60,1663300
43,1226200
34,986700
19,598100
19,585400
19,586300
19,665400
19,708600
121,1737200
19,677900
19,670900
19,586200
19,583800
19,587200
19,598000
19,586900
178,1667200
71,590100
42,1246300
19,598700
19,589300
19,592900
19,580900
19,590600
19,598500
19,706200
58,1638700
38,1440400
19,692300
19,638300
19,587900
19,595500
19,582300
19,586400
215,1180400
19,648500
19,595800
26,856200
19,691300
19,614000
19,589800
19,783100
83,680100
19,599400
19,602500
19,656400
236,1496500
19,730300
19,630300
40,1810100
19,571700
19,599000
19,581500
19,586500
19,600000
33,994800
19,584300
19,595100
19,583000
19,622700
19,855900
19,592500
19,594400
331,792800
19,590200
19,584500
19,593100
19,583200
19,585600
19,584300
19,587900
19,583500
19,615300
19,927600
21,756900
19,604900
19,592400
19,619300
906,1461600
86,744200
19,599600
19,587500
19,586600
19,591500
19,888000
19,903000
52,1446100
19,590500
19,596700
145,704400
19,584500
19,596500
19,583900
19,586800
19,900700
18,883800
18,583800
25,787900
18,597700
18,573200
18,562700
18,559700
18,559300
18,573900
56,1528500
18,570000
18,676900
18,662800
18,585900
18,567900
18,564200
218,1160900
18,561900
18,557900
18,570900
18,560700
18,602600
18,630200
18,594100
18,861200
94,996500
18,596200
18,641200
412,1293600
18,556800
18,573900
18,562000
105,1267100
18,570300
96,1212500
23,705800
18,556500
18,572600
18,566400
18,640600
18,560300
18,571200
66,230400
18,690700
18,773400
18,687600
18,567000
18,780800
18,744800
18,553500
21,645100
18,559200
18,564800
18,561000
18,568100
18,563900
18,561900
18,567800
18,557700
18,563100
18,562200
20,950800
18,618100
457,946000
119,1616100
18,681800
24,726500
18,573200
229,1281800
18,555600
18,701500
18,590600
18,671000
18,573000
414,1337500
18,581000
18,564800
27,822400
18,571100
18,594300
18,560400
212,847800
18,847900
18,588600
18,571600
18,559700
144,671400
18,666500
18,593300
18,610900
18,611300
18,558500
137,487900
18,569500
18,560600
18,732700
18,673800
18,583700
18,563200
46,1293200
18,558000
18,561900
18,575500
18,552000
52,1427300
22,672300
18,635200
451,952600
18,573100
31,1319400
18,664100
18,561700
18,566600
18,561700
18,564500
18,568100
123,1866000
18,639500
52,1553300
39,1108600
20,617200
18,573000
328,866800
18,567200
371,1909300
132,470100
18,770500
391,958900
18,608400
18,562300
18,563700
18,660100
33,1068100
18,579500
18,562900
18,573100
23,716200
18,669500
18,622100
17,546200
17,533500
17,743300
49,1400400
19,608600
17,540300
17,542200
17,541500
17,613100
17,536600
17,751600
17,672500
17,561400
17,541700
29,862200
17,538900
17,539700
17,542900
17,533700
17,536200
17,533600
17,550000
48,1434100
42,1619400
21,828600
17,542000
17,548000
1065,856000
17,547800
17,571600
17,535300
66,276000
17,536100
17,636700
17,694000
94,1475600
17,557300
17,543700
17,538200
34,990000
17,542400
35,993800
17,547900
17,543600
17,539300
839,1452700
648,1225400
17,541400
17,540500
17,574900
17,553300
17,534400
17,537100
48,1974100
17,558000
262,575000
17,668500
17,824000
60,1686300
17,664100
17,542200
17,537100
190,285100
60,1665800
17,545600
17,532800
17,626000
21,906000
17,695500
17,534900
17,554800
17,537200
17,540000
17,535700
17,546900
20,745200
17,615100
17,550200
160,1094400
17,603100
17,593300
17,549500
17,540400
17,547200
24,770500
17,542100
17,719600
17,575900
43,1221600
17,536400
105,1469700
17,929500
17,847900
17,543200
17,543000
17,545400
17,608400
17,574300
156,981400
17,544600
17,544000
17,536800
17,604300
17,720500
17,681700
17,573000
17,538800
170,1353800
17,538900
17,538000
17,542000
17,545800
17,552700
17,534100
47,1435400
17,791700
100,1439700
17,567700
18,626800
17,540300
17,535700
17,538600
17,541100
32,929900
17,545200
17,549600
122,1877900
27,796100
17,538600
17,552100
185,1768300
22,669300
17,530300
17,532000
17,542200
17,572300
17,673100
711,1478900
17,790500
17,545400
16,570900
16,513800
16,526100
23,694900
16,518400
16,519900
16,509100
16,513700
16,672100
16,665200
16,630000
16,653300
16,525300
16,508000
93,947400
16,516300
16,509500
193,360200
16,510900
16,529600
16,509900
16,514400
16,689100
16,788600
16,611100
17,566100
16,518500
16,588800
16,514500
72,396500
16,506400
16,506900
276,918900
16,569600
16,506400
16,509600
16,608400
16,723200
40,1189000
24,729100
16,524500
76,492000
16,507800
16,500600
37,1054500
16,509100
57,1632300
16,630100
16,599600
16,525900
16,505000
16,515800
212,869700
184,1708900
24,717200
16,502700
21,636900
16,520200
47,1638900
16,550500
16,499700
16,508200
16,506600
16,511000
20,614900
16,513600
45,1265100
22,657800
16,519200
113,1906500
25,763800
16,508900
16,511800
16,527900
16,509500
16,507900
121,1649100
16,551800
253,341300
177,1647100
16,817300
32,1006700
20,618600
16,516800
16,508500
83,667000
16,537700
16,517100
298,1533100
16,558100
16,618900
33,1057100
16,516800
247,1770100
16,511000
16,516100
72,387900
16,569100
16,502000
16,528300
38,1079400
16,505800
16,601600
16,582700
16,511100
16,516000
16,509700
16,509300
39,1109500
16,513400
16,567100
16,574000
16,548200
16,525300
16,511600
16,517200
16,787700
91,1036900
16,542800
16,512300
16,507600
16,560200
16,513500
556,1919600
291,1323800
16,521900
16,595000
16,663500
386,640800
16,514800
16,509900
16,514600
16,520600
16,514100
16,559300
16,601000
16,642800
108,1328600
16,502700
16,688300
16,632500
16,528400
16,538200
16,557600
16,531900
16,499400
16,502300
15,473900
15,496400
15,498200
977,1728200
15,498000
15,730100
15,710300
15,508600
15,504600
15,490300
15,503400
1125,998100
81,885500
15,480900
561,434900
15,479900
26,787300
15,518000
29,1025100
15,547800
1084,1348900
859,1806500
101,1139300
15,501000
15,491900
15,541600
15,483300
15,483000
15,579000
15,515100
15,516100
15,488200
15,500200
15,638800
15,680600
15,606200
49,1844400
34,1381900
15,635900
15,539500
15,629300
15,504800
472,1337400
15,484000
15,492000
15,484800
685,471800
15,478900
15,495200
28,818300
21,639000
15,499400
15,700500
15,622400
15,496900
15,588600
15,559400
15,522100
15,514900
15,510200
15,514400
65,207200
61,1756700
15,484500
15,496100
15,588000
15,724300
15,558500
15,535600
15,495200
15,485500
15,522800
15,490500
15,490500
15,486400
15,495400
203,617700
15,489600
15,480700
15,491700
30,1152200
15,609600
15,530700
354,1389300
15,490600
15,492300
15,481200
15,499000
149,837200
15,482900
22,674100
15,484000
15,485900
15,603500
15,531200
15,525800
484,1593500
316,448300
15,483600
15,487500
15,487400
15,480800
15,481600
15,485300
15,493400
15,482400
30,1086200
15,588200
15,481200
15,485600
15,625800
15,553900
15,489500
20,634900
15,484500
15,491700
105,1237200
15,485400
15,487400
15,486900
15,614900
439,574500
15,515100
15,494400
15,479800
15,492600
23,722900
15,509100
76,518000
15,521700
15,484100
181,1779900
15,697300
15,624300
884,1163600
678,1860600
15,485700
1079,1196900
15,501500
33,951800
15,483900
95,1030100
89,895300
23,697500
15,546200
269,980900
73,480600
33,1012600
15,486500
29,874300
15,579400
109,1431400
15,602800
15,540200
15,481600
15,483400
15,482100
15,492700
15,485800
15,482300
15,590200
15,493400
79,571200
24,713900
15,483700
15,496700
15,483800
15,563400
14,501800
14,497100
14,459500
949,992400
336,905000
14,455900
35,1009800
14,582300
14,570600
39,1175200
14,471300
14,589800
37,1286200
14,466400
14,472800
283,1111800
14,457200
26,783600
14,458200
17,537700
14,461100
14,618100
98,1059000
14,590600
101,1242200
14,466400
14,472400
14,470600
14,490800
14,458700
14,537400
14,478800
14,497700
24,725200
14,465900
14,461300
14,454600
14,470900
14,600100
33,1357400
14,468400
337,933900
14,475900
14,461100
14,452900
14,457000
14,461300
14,475400
14,461000
14,589200
728,1917100
14,472800
14,507700
14,456300
14,466400
14,459400
14,512600
23,719400
14,457900
104,1241100
14,456500
14,580100
14,493800
14,502800
14,505700
149,909700
14,455200
14,455100
14,459600
779,1332200
14,456300
14,466400
14,493500
14,457400
14,458700
472,1272500
14,539100
14,592900
14,696700
14,482100
14,456100
14,468200
195,603400
14,471500
14,536900
14,470000
178,1544300
14,486500
14,465300
14,458300
220,1615400
39,1118400
14,472100
14,538500
14,457000
14,454400
14,466300
14,463300
14,465600
14,459800
14,497700
14,465100
14,456300
14,487000
100,1495000
14,505300
14,471000
22,673400
22,672700
14,471500
14,459500
809,519500
14,458800
14,513300
29,853100
18,563100
14,463100
14,723300
16,515800
14,461500
14,466200
14,454300
14,473600
14,472700
14,469800
44,1221800
31,912900
14,455300
14,466500
66,231100
14,458800
14,501300
22,808100
14,484600
14,475200
14,451400
14,453700
26,815600
14,456000
14,456800
14,453600
14,468600
14,467700
14,471400
14,452200
14,459000
14,468200
166,1708700
23,686400
14,460500
14,454300
14,503800
14,459800
62,113200
14,464600
16,511500
14,462800
14,456400
14,458100
91,882000
14,463100
14,475400
14,575800
20,683000
14,451500
14,454500
14,464000
14,478300
14,459200
43,1208700
14,478800
14,458600
14,567500
14,465200
39,1140700
14,598000
14,492100
29,875200
14,497800
14,465700
14,464200
14,456200
14,452700
14,460600
14,465300
14,461200
14,461100
14,480400
14,579200
14,625900
14,640300
14,663900
14,502500
14,462400
145,711300
14,469400
14,462000
14,465900
272,837600
25,741300
14,460800
14,468500
14,460800
14,458600
14,457800
14,488300
14,620100
14,628600
14,475700
71,367000
23,704700
14,461300
14,467100
13,447000
38,1118100
18,617700
13,500700
13,427600
13,429800
13,421700
13,469000
55,1725400
13,504000
13,501700
151,934700
13,645500
13,576000
37,1073900
13,437000
49,1420700
13,553100
13,730000
13,456300
13,442600
13,436900
13,436300
13,435200
13,447300
16,526400
13,469800
13,533600
215,1062900
27,795700
13,450400
13,436600
13,533800
14,635400
13,488500
18,566300
13,432900
13,431600
13,447400
390,734600
17,535500
13,442500
13,471700
13,432800
13,457400
13,434600
13,446600
13,434100
13,460600
13,691200
100,1145400
13,440100
162,1148000
13,589200
13,543700
13,447800
13,431300
37,1062000
13,440300
85,714200
13,431900
201,833700
13,506600
25,753500
18,576900
13,434500
22,721900
13,436800
13,446300
20,621200
13,446000
13,428500
250,270800
13,430800
13,477200
13,430000
13,475600
59,2044200
13,507900
13,465000
13,440700
52,1553700
13,438500
13,435700
13,443100
13,436100
13,436100
13,430600
13,458300
80,703300
13,426600
25,758500
22,701300
13,435500
41,1200000
13,431100
79,561600
65,202800
19,593700
13,438800
13,431700
13,431100
13,535000
13,519700
19,644500
13,503300
13,431700
444,549500
29,854500
13,448400
13,429900
13,432500
139,540500
13,450300
16,554100
13,432700
13,432900
67,255500
13,440800
13,432000
13,530200
13,465000
13,488700
13,438400
13,548600
13,439700
13,449200
1075,1096700
13,426900
14,472400
13,433100
13,432500
54,1550300
13,593300
13,651800
1102,1893400
13,446100
329,727800
272,828000
13,451900
13,433700
207,753100
13,443100
13,434000
13,432000
191,307300
13,642000
13,540000
30,990500
13,535300
13,423200
15,497100
13,432500
13,430800
14,476400
13,431200
49,1374300
13,430500
60,2340800
13,437200
13,444900
13,435700
13,425200
745,456400
13,427000
13,432100
13,430200
13,463200
13,435200
13,434100
13,432100
13,439900
54,1598200
13,566600
13,484900
63,215600
13,439100
24,715600
13,441000
13,432800
13,427400
13,432400
13,440000
55,1808200
13,509500
13,433500
13,437200
13,513700
13,624800
13,499200
13,545600
13,445500
137,489900
13,465800
13,432300
47,1346000
13,433100
22,732500
13,433600
76,654900
13,441600
13,561300
13,498400
13,472400
13,460300
46,1296800
13,495300
89,833700
13,430100
13,453800
397,1289300
13,569000
13,572500
13,697400
13,573400
13,572900
13,591500
75,656500
13,572600
13,605400
13,570300
22,896200
13,623700
13,661300
13,652200
12,630000
12,631400
12,628900
86,937400
45,1779900
12,623000
91,998400
12,542100
12,476000
12,434800
12,582000
12,729600
12,492900
28,1259600
12,567200
12,471000
12,538300
12,584700
12,562600
354,1976700
12,563200
12,557700
91,1276400
12,569400
12,569300
12,534000
12,535800
62,146600
12,567700
12,538800
12,539000
13,566500
12,541900
36,1378000
12,555400
12,538000
117,2168500
12,543700
12,564500
12,541700
12,558500
12,587000
12,565500
280,1535700
12,577800
12,597000
12,582100
12,603400
12,542900
12,442000
12,440000
12,404600
28,817600
12,399700
12,438200
187,202900
12,405600
27,841900
12,547400
12,416100
12,414600
12,412700
388,891500
14,552400
12,620400
12,642500
12,611300
260,788200
12,614000
293,2140000
34,1509500
12,618000
12,618900
12,656300
12,613900
42,1315200
12,465400
49,1413500
12,426100
12,415900
153,1291900
47,1754400
12,539300
12,544900
12,546800
12,554100
12,679100
37,1563500
12,445700
84,730900
12,441800
12,581300
12,627200
12,627500
630,743600
12,509900
12,430300
12,424700
12,479600
12,451000
12,419400
12,471000
12,452100
12,426100
12,596700
12,460100
12,458800
12,563000
12,659300
12,428400
12,462200
12,423700
23,791700
12,433600
12,412800
199,525500
12,416500
30,940500
12,531800
12,571100
12,583800
12,417000
82,777200
69,347800
12,490900
12,590900
12,416900
12,413500
12,430600
12,413100
12,619800
12,504100
465,1125400
12,413900
31,922100
12,416400
12,679000
12,567000
12,666900
12,451500
12,426900
12,431800
12,435100
12,438000
12,417200
12,413700
12,434800
12,424700
12,621800
12,574600
12,625200
12,477300
12,411900
12,450900
12,647300
12,468700
12,449900
12,418000
12,427000
556,1913700
18,872400
12,425000
125,183200
12,416200
12,412900
149,800300
12,408900
238,1933900
12,415100
12,405100
12,561900
121,1986800
12,445600
12,416900
12,404100
12,564300
12,410700
12,410400
21,727500
12,470000
12,620600
224,1293400
12,433000
12,413200
12,420600
199,522200
12,408600
59,1650600
17,538200
12,407400
684,457600
12,501100
12,585500
12,560500
18,573800
12,415500
12,405500
12,421200
12,561300
12,573000
12,489600
12,419000
12,412700
65,205700
12,419600
131,337700
12,543500
24,821900
12,477900
33,1268800
17,664400
12,410200
12,424200
12,432500
14,544600
12,413700
12,413500
80,626900
12,479500
31,892300
12,430200
65,245800
23,834900
12,520400
12,417700
12,554800
12,498000
56,1925100
12,410200
12,411700
12,525900
96,996400
12,417700
16,706100
12,412100
12,498300
12,421600
12,485500
12,436200
11,382000
11,395300
1076,1243000
11,380400
661,1743500
61,1895200
11,412600
18,667300
11,433900
11,647100
11,406700
11,417900
14,597800
11,370500
21,617700
11,448000
44,1563400
11,475100
18,697500
11,466000
11,464100
11,502300
11,478200
736,2208600
11,377800
11,455300
11,517300
11,368900
11,368000
11,378700
206,849300
11,397800
180,2063000
11,572200
11,566600
11,493500
11,415000
11,386300
11,577700
11,390600
11,484500
21,632000
11,425400
11,418000
11,384300
11,383600
11,388300
11,457500
11,485300
155,1136800
13,572300
11,381900
11,387200
56,1666000
11,392600
97,1216300
11,387700
11,383200
41,1291100
11,495100
11,433400
11,441500
11,536700
16,528600
11,393900
11,396000
11,495500
11,382300
11,392400
407,1332200
11,383600
11,385700
662,1737700
11,531600
33,1258300
11,407300
11,540300
11,514800
11,415900
11,468600
11,415700
39,1089300
11,456400
11,477600
23,1037700
11,484900
546,2117800
11,434100
11,391400
11,382500
11,409500
11,389200
28,817400
11,385100
30,920200
11,392300
11,381800
11,403700
298,2128000
14,577700
11,513600
17,552600
11,411600
11,442800
115,1561800
12,463600
11,591200
11,446400
50,1916900
11,448200
11,407300
11,456600
350,1392400
128,272400
11,397400
11,391400
11,411200
11,385400
11,382500
63,147500
11,384800
11,377800
12,431100
11,392700
11,407300
11,441400
11,563100
11,439100
86,766700
14,488600
11,425700
11,439600
73,437800
66,233700
11,389300
11,640300
11,416200
11,380000
11,404400
11,400200
289,1333400
11,479200
11,446300
11,452600
169,1559300
21,656600
11,386400
11,382700
11,406400
11,381600
36,1087600
17,548100
11,429800
11,397200
11,396700
159,1322200
11,575000
11,399300
11,391400
662,2170200
11,552300
11,506000
11,511200
11,493900
11,501000
11,507000
24,983300
11,504800
12,494300
11,393200
11,380100
11,374100
11,385100
11,374700
11,386700
11,405900
11,379100
11,409000
11,375800
11,393200
11,377800
266,721400
11,394400
116,1916800
11,577600
11,490500
42,1217000
11,392300
11,373400
11,386500
22,662000
11,401900
11,375900
11,372900
30,882700
11,387100
121,1993500
11,534900
11,544800
11,490400
11,456700
11,566600
11,479900
11,497800
11,485400
11,479100
13,574100
11,502400
11,505900
45,1994100
11,451900
11,408000
182,2090600
11,509000
25,1365000
11,514900
11,488300
11,468500
248,351000
11,564500
11,496200
47,1368200
11,469900
169,1393600
11,406700
11,410100
11,372700
11,393900
11,379700
11,370300
11,373800
200,535000
14,508500
11,445500
11,419500
176,1587100
11,372900
45,1267600
11,377200
11,387500
11,374100
11,372000
291,1375200
11,369900
11,383100
11,378100
107,1831300
11,514400
11,506000
11,512200
213,1199000
11,510000
11,527700
150,1184100
11,513100
27,1144800
11,538900
11,539000
11,513000
11,514400
21,986700
11,521600
26,1080900
11,559400
11,544900
11,523700
11,571600
11,513000
521,1321500
11,536000
11,516600
11,511900
11,519600
11,503700
39,1537200
11,503900
11,508300
25,1043300
11,554500
701,1405700
60,2311100
11,513700
19,799400
11,526400
131,446600
11,548700
13,688900
11,594300
11,574700
15,805200
11,599800
291,2231100
11,599300
11,532300
11,541900
11,414100
11,420300
10,424400
10,383200
10,373500
3,183600
2,148100
1,109700
3,167900
22,672400
3,168700
4,241500
3,250500
43,1444400
3,168700
3,162500
3,195500
1,133800
335,967300
8,352300
3,201200
22,664700
3,168500
55,1782000
14,452800
4,188400
6,256500
429,2037300
3,163200
489,1771700
34,991300
21,949700
10,459000
3,200500
21,701900
19,613900
3,179100
17,626900
3,197500
230,1754000
3,212900
49,1405900
1,121700
3,174800
3,172100
9,331100
3,176300
4,202700
3,177800
3,172000
824,913100
3,172600
36,1027700
10,353300
3,172800
3,171300
264,695000
37,1108600
7,282800
127,233500
3,171900
57,1677100
15,544800
3,213000
3,173300
4,197600
4,201500
54,1558500
13,431800
3,174400
6,251700
304,2047200
3,176000
42,1191100
3,172200
6,250200
10,355600
3,171500
3,171500
3,166800
12,410700
5,225700
3,180400
1,112600
7,277400
1,116700
289,1282100
3,172000
3,173200
425,1776600
4,206600
3,222700
2,197100
3,187500
3,176600
10,369900
42,1639000
3,188300
95,984800
57,1575300
5,257600
166,1288900
3,208000
3,177200
3,171300
3,197800
9,328900
3,159800
3,174900
61,1895300
3,172700
3,180400
3,174600
3,172900
3,172300
4,202100
3,169900
58,1593700
31,895000
3,172500
7,281800
3,173800
3,174300
2,142900
3,210500
3,230600
3,175200
7,352100
3,188500
55,1804300
3,167100
22,807500
3,220000
787,2231800
3,215200
3,219800
3,218000
3,221900
71,499500
5,291600
3,217400
17,771100
3,234800
3,223800
2,180500
45,1836000
1,140000
3,220100
2,176100
7,369000
10,359000
3,173400
1,113000
1,127800
3,178200
3,173100
35,998700
17,542800
3,174900
3,174500
3,170500
30,1025500
3,245800
527,1231900
1,117500
30,906700
8,304400
4,204000
2,149100
3,257800
460,966000
3,169100
1,115500
3,177800
3,171500
1,115200
271,797600
1,119100
7,318400
24,722600
12,410700
3,192100
6,303700
3,247300
28,982000
3,174000
84,700100
3,174100
3,178800
1,114400
3,172700
3,177300
11,381800
6,254800
3,173700
1,112100
3,182800
58,1583800
9,413100
3,168100
3,172300
3,232400
3,178700
124,148600
1,116000
41,1638300
3,183200
3,175000
53,1502300
3,175700
3,167700
3,170600
3,175000
41,1179800
1,111000
6,250900
271,802800
3,176100
11,381700
3,176500
3,175800
39,1100500
8,347100
57,1807300
3,176600
167,1273000
3,173700
3,208500
3,185500
3,174500
3,174300
44,1241900
26,780900
1,111000
3,181000
44,1553600
3,256900
3,262200
22,789800
3,190500
3,182500
3,205600
27,820900
1,121000
1,113600
3,174000
1,119000
3,214500
68,282600
3,172300
1,116100
3,170700
6,322900
3,171900
1,117300
11,379300
3,182200
381,493600
32,922700
3,173500
141,605400
41,1350200
3,205400
42,1252900
3,178100
18,741500
3,210700
3,171500
3,176300
137,523000
3,168300
9,324700
3,172300
3,181900
228,1313300
125,210200
17,598100
14,459400
3,176000
3,180700
3,185400
1,108500
10,351100
59,1652700
1,115600
3,170600
2,146900
5,231900
98,1046900
3,171300
10,356400
3,180800
3,176200
5,225900
6,251800
3,171400
131,334900
127,257800
3,179600
27,804900
3,176500
49,1624300
3,226900
2,143900
6,242900
3,164500
222,1228100
2,150700
48,1324500
1,121400
18,561800
3,172500
6,301800
204,818200
2,160500
3,172800
1,115900
487,1771700
3,217600
114,1530800
3,185800
1,112300
3,172100
1,110000
1,129100
33,940200
3,169800
3,181700
3,174800
12,408700
2,145200
1,125400
4,196300
3,173800
1,118500
5,226000
3,167400
4,211000
3,174200
3,167600
3,170000
3,172300
9,328700
3,172200
3,171600
3,168000
3,179300
3,218100
13,550800
10,380100
14,456300
3,168100
286,1232000
1,126700
1,119600
1,118600
488,1811100
3,189800
2,152600
21,883500
3,217200
3,175500
10,359100
76,488200
1,113500
3,184700
3,169300
3,193900
3,207500
155,1082700
8,317700
502,461800
57,1568900
38,1159100
3,172500
7,276900
3,178100
10,347300
790,1755700
3,175800
1,111200
161,1383800
3,181600
3,177400
4,194800
3,172700
1,116800
38,1108000
12,417400
3,229800
1,138400
3,174600
34,1034500
3,184200
2,144900
1,115900
5,226600
3,174400
59,1637300
3,175500
3,164700
11,505100
1,125000
2,204200
6,331400
3,164200
3,170700
2,145800
5,216700
3,170700
2,143100
3,169300
14,459700
10,364400
3,171200
395,857200
170,1346400
3,175200
3,173400
4,180100
3,149500
18,567700
3,177900
3,174200
16,506900
1,120300
7,277200
3,194500
121,1980200
5,226600
3,173600
6,362800
13,643600
1,119500
3,170700
1,110400
3,168000
2,148300
4,202200
3,179700
1,117800
95,979800
3,176400
1,114400
3,175700
3,172200
3,180200
2,143000
404,1139300
3,175400
2,155700
24,935700
3,220900
3,169800
18,573700
1,116900
3,177500
3,182700
95,975500
3,173000
3,171400
1,115800
3,168500
422,1557900
9,329500
3,169300
7,289400
4,195000
3,169100
2,146300
315,388600
211,875100
4,248000
1,147200
3,235700
9,336300
3,175500
139,559300
3,207600
35,1080300
2,175700
66,234600
1,104300
3,167900
6,267200
3,172000
7,292900
460,978700
3,176000
2,149800
3,175200
28,821800
3,172500
3,173000
1,114500
3,178700
3,177000
168,1658700
29,873200
1,114500
3,170800
102,1259500
3,172400
7,285400
197,468500
3,185000
3,208200
4,202400
3,179200
3,166800
3,202200
6,257000
4,198500
3,174800
3,171200
6,254500
3,175500
25,789000
2,142700
36,1242000
5,341900
3,255800
5,245300
348,1352100
3,187000
3,170800
268,729200
3,173200
384,584300
3,184400
5,235400
3,173800
175,1483800
1,119700
47,1468200
4,228400
12,492300
3,173400
1,120200
4,202200
8,304400
16,505600
3,173400
6,261200
45,1273900
6,293600
3,181400
4,212800
3,176100
11,444600
1,116200
18,614400
3,183800
3,177900
2,157000
3,186500
1,116700
3,213200
3,204000
3,191000
205,942400
5,257300
13,432500
3,180200
223,1193300
3,190700
8,312500
3,183000
9,358100
3,172000
154,951000
1,117200
3,167000
4,270500
68,348800
25,795200
3,172800
3,178200
3,180000
3,175700
38,1262500
7,386600
3,233600
3,216400
72,386100
3,175400
3,180200
2,157100
50,1462900
3,180300
3,176600
196,473200
1,115200
156,1133800
7,287500
411,1441900
52,1934000
3,247600
1,116200
22,695900
1,111100
6,248900
7,280000
3,175700
3,167600
20,619000
15,481700
1,105500
3,179700
128,265100
3,164200
1,109300
4,207300
3,165900
14,592300
7,267900
48,1398300
3,219600
3,208500
3,174600
29,1056700
3,202000
3,162200
668,1666400
93,969600
2,172100
23,704900
2,135300
1126,1044000
4,200000
257,417600
3,154000
10,359800
3,176100
6,298600
3,226800
5,300800
9,442500
14,473000
3,165600
33,997100
3,175500
248,259900
4,247900
123,2798700
5,303900
2,191800
5,321900
3,222100
68,384300
10,514000
3,252900
151,1176000
3,176300
39,1724800
25,1237700
14,677400
4,209200
3,210200
3,206600
2,155800
10,383300
95,1164300
3,187400
3,222200
46,1632500
3,284400
3,244500
91,947500
1,106600
3,167300
122,1710900
3,171000
32,979300
3,161500
163,1178300
3,168500
22,793000
2,186900
3,238600
3,170700
3,181900
2,160200
61,1785400
3,168400
170,1619100
12,480600
3,178000
5,234400
38,1106800
10,353100
3,169100
2,131600
3,166500
6,250600
3,167300
3,207500
2,160000
1,137400
1,118200
321,538600
12,499800
8,319500
29,841900
3,166600
4,193100
3,198500
66,278400
58,1705800
3,171800
5,281200
3,170600
102,1186400
23,711100
5,226100
3,194900
1,108800
2,168400
5,238700
3,234200
59,1761500
2,169400
2,208200
3,219900
2,175000
2,184900
7,378300
2,201900
3,222800
2,175800
3,249500
31,1214200
2,170000
1,129800
1,129800
2,155800
6,261300
2,151800
35,1239200
2,161600
2,136900
2,153700
96,1097700
3,178900
26,893300
1,130900
2,145300
39,1098200
2,135600
2,146600
1,105600
6,256000
2,140000
2,141200
82,641200
2,168800
3,174800
11,510500
3,166700
43,1240300
2,195300
2,199800
2,191300
2,153700
1,112100
477,1697100
1,114900
2,140900
150,1229800
2,176200
19,795300
2,165700
1,128500
60,2284800
1,132800
1,135500
7,397900
2,172500
37,1577300
1,143900
15,713400
2,168800
2,174500
2,191200
201,627300
1,118600
2,142300
1,105800
1,107300
4,194600
5,222900
2,139000
16,502300
3,164900
2,142000
2,150400
33,958000
2,156600
1,111500
2,142000
1,112600
1,109600
2,137600
3,170500
3,173700
1,129400
2,151200
8,584300
3,254800
2,198000
28,1280800
2,137000
13,430500
3,164900
2,142700
3,163800
31,1080200
1,130700
46,1818000
9,414800
2,177000
321,708600
1,132700
14,594700
2,169700
8,388700
2,174200
14,616500
2,171300
2,165400
2,172100
50,1934500
1,132000
50,2173100
2,216800
2,196600
1,152900
3,244500
238,2581700
2,202500
2,205200
2,182300
1,136700
2,143100
3,206600
35,1694300
2,179200
3,228300
1,109900
1,111700
21,681100
2,135000
128,245200
2,162600
2,135800
59,2609600
2,183500
1,131200
183,2512100
1,158400
2,189500
8,445800
2,142100
5,234800
2,189600
2,187300
1,115600
2,196000
3,219000
7,370700
3,220400
2,178200
2,145900
1,114500
3,170200
13,452600
2,151000
3,217700
37,1386100
13,553700
1,130000
133,453200
2,142800
76,581200
18,579100
5,224700
2,171800
3,217300
5,257900
2,147000
2,142100
2,145700
39,1139800
15,499900
9,348100
14,504700
2,162100
2,175000
3,202000
212,1041200
2,139100
1,120300
2,144400
42,1188700
3,175500
23,709700
2,148600
3,175700
2,146500
85,817400
2,161300
12,460800
1,113700
5,227900
3,174200
11,377700
6,260000
3,181200
189,257900
3,169900
4,215100
2,146800
3,185400
38,1707500
2,162400
1,118700
2,147800
1,116600
1,118200
2,141700
55,1540400
2,148700
3,172700
2,141800
382,534800
51,1468200
31,927200
17,542900
2,173700
2,159300
2,147700
164,1353600
2,148800
30,880700
3,200900
149,1137200
5,251200
2,144200
10,372700
3,174600
1,114700
2,144600
2,148900
12,409200
6,254200
6,251600
37,1053000
2,145600
12,406700
2,168500
22,777800
2,126000
1,119300
2,140400
309,1843500
3,174100
2,143300
3,172100
8,302100
2,145700
15,494400
1,127700
1,116800
15,548000
4,245500
1,114700
4,197200
2,145800
2,149000
4,197400
127,227100
2,142800
735,2151800
9,403000
2,147300
68,281700
2,293800
3,182700
2,145200
17,699900
3,228500
14,637900
5,238600
61,1682000
34,998000
33,949300
22,746700
2,166700
867,2262500
6,263100
14,468000
7,278300
2,146900
1,115900
45,1323000
12,404500
2,145300
30,867100
1,124000
54,1572000
2,162400
222,1160800
20,784400
3,178100
2,148900
2,136600
2,138200
17,578200
10,356900
2,146800
5,226700
34,1006800
1,114000
2,145700
4,196100
2,140600
926,2599700
48,1492400
2,147900
2,150200
15,485200
2,146800
2,147600
16,508700
5,224500
2,145000
2,147000
136,475200
2,144200
2,143700
587,1089100
2,147700
251,295400
4,197900
6,261300
2,144600
2,142300
2,141000
2,144200
277,1055800
10,565500
4,229000
2,130700
36,1055000
2,145700
622,433100
406,1319900
115,1481100
1,116100
2,151800
2,151200
10,357800
13,429200
4,200500
2,146600
2,141000
1,117800
4,200100
2,150500
7,293200
366,2125000
74,438500
8,303500
2,147400
2,143700
2,146500
40,1137800
2,140600
8,302600
282,1090700
1,114400
31,898500
2,147700
34,1478000
1,111700
43,1434000
2,162000
2,159000
8,358500
3,228800
839,1372200
3,173600
72,385900
3,173900
3,178000
14,461500
2,142200
2,147800
5,228000
2,143600
10,357300
3,174400
1,115600
3,180200
8,347500
2,148700
4,200800
6,332400
1,145200
8,322600
2,130500
2,287200
2,142900
39,1110400
9,331100
2,163400
2,157900
13,444600
11,381300
2,146600
2,211600
2,153600
2,146600
1,114900
6,252200
2,149700
16,510100
3,171100
15,484800
2,143800
3,174200
3,201700
59,2146800
6,264800
94,962800
3,172800
2,146700
458,911400
2,146800
1,112900
2,145800
30,884200
2,150400
46,1295100
7,274100
2,180600
15,490400
12,407000
1,123400
4,256300
2,148400
3,237000
1,125400
4,223100
3,166600
32,1009200
3,179700
8,308200
2,146600
3,179000
1,115500
2,144600
1,121200
3,169900
3,170600
171,1363700
2,142900
3,172800
5,226800
451,990300
8,488300
22,845100
2,145900
2,148300
2,144900
13,525500
1,132200
1,102900
1,133500
1,121200
3,167000
2,158600
2,164700
1,137700
1,115500
2,145100
128,259100
1,123500
7,276700
2,147800
2,146200
3,169200
3,172900
1,112600
1,116700
3,169200
2,143300
2,142500
2,143500
2,156400
2,145800
1,115800
2,145100
14,459100
6,254700
2,141900
5,227300
2,147100
2,146500
38,1080000
3,168400
2,145400
58,1830200
13,450300
4,208600
6,262600
2,147700
1,114100
2,140700
16,508700
2,143100
2,142700
3,167600
2,144100
543,1895800
306,1868200
147,752800
89,1258300
1,124400
1,142100
1,125400
1,107100
121,1647400
51,1422100
43,1225800
2,147500
2,145200
2,144600
3,175000
2,145100
2,146100
2,145700
205,684700
1,116000
305,2046600
17,535700
2,146200
2,146300
34,1275800
19,712600
8,344100
2,190300
35,1024600
1,118600
3,175500
189,257000
3,174300
2,144700
4,208200
4,195600
126,220700
11,382000
8,362100
72,382500
10,368800
3,170200
4,187700
5,256800
2,141400
98,1188500
2,169400
478,1702300
2,154000
11,397000
2,146800
7,279000
2,145300
141,593000
11,387700
1,113400
1,112200
27,793400
1,119600
2,188800
19,814500
4,201800
2,148200
3,173600
2,142200
2,168200
2,143800
2,142500
2,146400
9,337600
3,174500
9,329600
2,175800
10,454800
44,1350600
3,172500
21,640000
3,174200
24,728400
2,139700
3,169700
6,252300
2,144300
53,1728000
39,1267600
15,486500
3,171000
2,145300
46,1322600
8,305400
59,1625300
6,254000
2,144300
405,1109100
186,183900
89,1001200
4,218800
71,364700
4,200100
23,699400
8,346100
1,112500
2,216300
1,113700
2,174500
3,177800
2,146300
163,1152700
2,142000
4,199800
3,173000
7,279600
187,204500
2,148100
3,168100
19,590100
2,141600
2,144300
1,112400
6,254900
2,152400
5,225500
336,1248000
199,528800
19,592600
14,458500
10,357300
1,115800
2,142800
2,142100
90,909600
1,113500
3,183200
1068,922400
6,251600
2,144000
2,143700
515,895700
11,385100
1,117400
49,1506000
1,117800
2,140200
1,122700
23,691800
4,201800
14,567400
7,370700
441,524400
59,1703800
7,277200
2,144100
69,313400
9,329900
2,146700
2,146300
34,982500
2,145600
42,1439300
2,170700
9,338000
2,138900
45,1267100
41,1149800
2,143500
11,412700
6,264200
3,168500
3,174600
258,589400
2,157900
67,259200
29,850700
10,386400
3,173000
306,2512900
29,966500
2,148700
2,151200
401,1006900
2,153400
2,147300
1,115400
1,117200
2,143900
30,864800
5,222100
16,519700
2,147500
2,143000
2,148100
2,146600
2,141400
4,197000
2,145200
22,789700
2,168600
3,183900
2,143200
5,225000
12,413300
2,147200
12,401300
2,144000
2,146000
2,145300
1,113000
54,1541500
27,796700
2,146500
314,336700
110,1361200
38,1070900
1,129900
18,940900
3,185600
22,858500
9,404900
2,151300
3,212700
690,677300
94,961900
29,843100
1,114100
3,173900
151,858100
13,439500
2,146700
4,200100
2,141500
2,146200
15,495500
12,475600
1,155400
116,1743900
3,172400
5,227600
2,138600
1,118000
2,143400
2,145700
38,1095800
2,151300
715,1278400
3,173300
106,1255400
7,277300
2,162900
5,411800
67,389400
2,202300
167,1410300
1,116300
2,148300
1,116800
120,1631500
1,116600
1,117300
2,155600
19,592100
15,497400
1,113000
83,721500
1,113900
6,250300
2,147700
13,434200
1,110900
2,142900
4,200500
2,192800
2,174500
15,629800
5,284900
18,605300
2,155700
2,143100
94,951800
1,116700
2,157200
1,118900
41,1146400
2,152700
2,145800
94,961300
2,171200
36,1016700
1,116400
2,160100
3,194600
2,197300
1082,1832700
1,134600
2,173400
241,2339000
69,396500
2,170600
198,675800
4,268600
8,397300
2,173100
6,316500
3,209700
2,179100
2,186000
3,210600
5,290100
166,1971400
6,365600
2,190800
38,1691700
3,185600
2,147500
1,139100
27,1250800
2,191600
3,237900
5,369300
963,2240800
2,203000
2,190900
2,192200
1,145100
3,210700
1,122000
27,1024000
4,198000
36,1025000
12,404700
6,256800
3,170500
150,860400
11,377300
2,137800
100,1113500
4,184600
7,258400
2,171400
1,106500
204,646700
2,173300
2,162900
3,240200
3,172600
8,329400
6,307900
232,1416800
2,160400
2,132400
3,171400
2,138700
3,161800
2,142500
6,256700
2,135500
3,163200
1,103300
14,452900
2,139200
1,110700
5,220400
2,135500
9,357300
2,175500
68,336200
2,134400
42,1170500
2,140600
2,135100
4,209300
2,172200
2,161100
2,176800
17,784200
13,439200
2,137500
256,413000
2,138000
2,136500
3,178200
26,1026300
5,253000
86,734800
1,107100
3,164200
63,139900
30,868200
2,132600
2,136600
3,165200
2,139700
2,140200
2,139000
2,135900
2,141600
1,111100
18,702600
2,160900
2,168400
22,921400
16,541100
2,130500
11,369300
1,106100
1,112200
4,236000
11,389400
7,266100
39,1116700
9,321500
29,877500
2,139400
2,137300
11,376100
2,139000
1,105900
19,640400
1,106200
4,218800
3,179400
2,143800
7,298500
1,109900
2,148100
2,166600
94,1211500
70,382400
3,168000
1,105100
179,1581200
5,226900
140,580800
2,147800
4,230400
3,231500
9,373600
3,176300
4,200700
1,112100
204,693500
16,601500
1,117000
12,491300
5,222800
34,1136200
10,361200
2,146100
2,169400
6,258900
9,341500
2,157200
2,162600
52,1536900
2,174800
696,1044600
2,148500
248,210000
19,887800
7,277900
2,133100
69,317800
1,99200
2,126900
3,158400
3,225200
3,181600
1,103000
12,397600
3,157700
4,265700
8,427900
37,1080500
3,167800
15,470600
4,192500
14,453500
1,100500
32,952800
2,148500
3,174400
638,960100
88,801100
2,143600
56,1900500
2,146900
12,420700
4,207000
44,1338400
2,160400
3,208900
7,314100
2,143300
18,579300
2,146500
4,246600
2,144200
2,139300
3,186600
6,256500
2,161800
2,187200
2,164800
2,147000
4,194100
722,1777300
1,184200
2,195500
2,161000
2,124400
38,1151700
1,108000
3,164700
2,138500
1,107400
253,331400
4,206400
20,660200
3,168200
203,613800
1,109100
2,154000
9,422000
2,195600
4,269800
2,190500
2,149700
2,143900
17,541800
2,152900
3,180500
4,251300
2,172900
17,615200
14,631600
3,183900
2,249800
3,200000
2,182900
14,467100
2,148100
141,800500
52,1613100
1,117900
2,148200
2,172900
6,329700
2,156000
6,250700
49,1464700
2,146100
16,645300
6,264500
41,1447000
3,175600
164,1301000
2,141900
1,114000
21,636300
2,144500
113,1542800
2,143300
2,147300
2,146900
86,884900
6,251800
50,1716800
48,1914700
6,276500
2,150400
3,175100
184,1822300
5,225300
325,728400
1,116500
3,203800
9,460000
2,147500
11,384300
4,199500
825,1246500
2,160300
2,191600
2,159800
3,174800
4,202500
3,178400
1,116000
3,209500
8,398000
2,145000
47,1325100
10,468400
184,1956200
1,114600
11,380900
2,142000
1,114700
3,175600
2,148100
112,1847900
2,151200
179,1748700
4,198000
2,149000
2,146500
2,162200
1,121400
5,304300
1,112400
2,144900
22,667200
2,147900
1,223500
11,563100
5,231100
36,1136400
6,413000
2,198100
3,263600
2,171000
2,177600
2,182400
2,137700
2,162700
2,171200
2,167500
126,260000
2,188100
2,156400
151,877200
8,306600
277,1075300
2,147800
6,257100
2,142300
20,709900
2,142400
2,147300
14,466200
2,155000
2,143700
6,252500
5,225600
3,198000
2,156600
2,172000
2,180800
2,190800
2,148300
2,152000
7,424800
2,156100
10,484800
17,588100
2,146700
718,1582200
31,909700
1,119300
2,145000
5,282500
20,887800
2,157100
16,513300
1,115300
48,1590800
7,282200
3,239900
2,177700
13,475000
2,140100
1,120500
4,204600
52,1548500
2,145900
6,251500
7,297800
2,145200
2,142600
3,193700
3,218200
2,177000
6,255500
2,145800
22,828300
1,112500
40,1456900
2,154900
375,442400
2,184500
4,244200
3,226000
6,255500
3,195900
2,145800
1,113000
1,117900
5,231500
290,1408000
2,156800
122,1815700
2,153000
8,302900
2,147900
3,204700
2,175500
11,440500
2,149700
1,115300
2,146600
34,1326100
20,627700
17,596800
3,173300
1,114200
2,147800
11,384200
2,147000
18,569300
2,143600
5,228100
2,148100
2,184400
20,920700
2,177300
2,170200
1,111000
1,111300
100,1164400
3,175600
6,260500
2,149700
2,147200
129,335800
1,131400
13,522500
2,136500
6,247800
95,1044400
34,1297800
2,143800
33,1094500
2,145800
2,146200
3,258100
8,308600
121,1684300
2,148200
9,332000
2,182300
1,139000
2,190300
384,816500
2,158700
47,1350400
19,730200
5,307800
2,184100
2,176100
1,151300
12,616600
2,138800
443,566300
2,125800
4,182500
2,130400
40,1110600
1,111300
2,139500
1,103400
3,216700
2,173100
1,134300
2,177900
3,207500
2,173200
105,1660300
1,139900
69,388200
2,183100
207,962400
7,369200
8,405400
29,946800
2,149700
5,226500
7,278700
8,307500
8,312700
6,251700
397,916900
137,798600
2,190900
52,1528000
3,182600
2,173900
268,956200
2,166200
378,424100
1,117200
2,157600
2,145900
3,171300
27,802600
2,144900
15,484000
2,146400
1,105600
2,147600
109,1380800
7,284800
26,956500
2,146400
2,147800
2,135700
8,307100
2,147700
21,648700
6,247500
3,177200
2,148000
2,148000
2,186100
3,175700
133,391800
16,502700
3,176500
4,208900
67,256800
38,1082700
9,424100
82,651000
2,146800
2,164100
3,207900
360,2098200
16,522100
2,149000
4,206800
2,144700
1,113000
9,332700
2,142100
1,116600
14,457800
2,137300
11,387500
2,143400
3,174300
2,142000
2,142300
25,742300
2,156300
302,1843100
2,145600
114,1788100
2,183300
2,148200
2,144000
155,975900
1,112400
2,146200
3,175600
8,331000
2,147400
6,257500
1,119900
2,144600
4,201700
2,142700
2,144000
3,172500
63,151600
5,225300
13,437000
2,148800
2,164600
2,147000
61,1990700
4,215100
2,150200
1,119200
3,176900
2,146100
2,143200
1,114700
2,149200
2,142800
406,1262800
9,330700
2,143000
1,116200
57,1574400
2,137300
2,147300
1,115000
2,149200
4,198300
46,1298300
2,149100
2,143000
2,181500
8,350600
7,324900
7,278200
8,347700
2,165900
2,145500
1,134700
287,1401000
48,1346900
2,150000
2,149000
16,538600
8,298600
3,181000
2,147600
7,368700
81,673400
2,148300
28,836300
1,108600
3,167100
2,159000
1,155200
6,315000
6,315000
2,150100
2,145400
2,155100
175,1477400
2,147500
5,232900
2,153100
2,145500
2,146900
2,170500
24,715900
1,117600
2,143000
3,181500
9,341800
2,145500
6,253800
2,145200
7,281300
55,1544900
2,206600
5,338200
4,260300
6,259800
2,148000
2,153500
3,174700
414,1798500
19,600000
1,116000
206,895900
7,349200
2,145900
3,163600
1,106800
3,172000
419,1538300
22,786100
2,177900
3,243600
43,1543000
3,173400
8,305400
2,146800
6,253600
47,1311500
2,164100
68,285800
2,144200
2,153100
9,330800
3,173300
3,171500
26,768900
3,172200
2,148400
2,154100
2,147100
2,147900
4,200600
3,175400
14,506700
2,206500
5,345200
2,152200
3,175300
2,146800
1,146000
17,585900
2,146600
1,116700
58,1606900
4,200400
76,489200
12,542400
5,328500
2,202400
2,180200
2,181000
1,149700
1,153500
3,177800
3,184100
2,148800
2,147000
18,564000
2,147100
538,1610500
2,144800
2,135100
21,643000
3,173100
2,144000
2,157700
3,168800
80,595100
8,300800
1,116500
197,464400
7,294200
107,1321100
2,143200
2,145400
25,778000
1,114600
1,115800
5,223300
155,1097000
23,882700
2,151300
13,425000
11,392300
1,112700
1,116300
12,409600
1,115000
1,114600
4,210500
1,114800
1,117600
4,196000
2,142400
379,543800
1,157200
5,271100
2,191300
87,889000
1,130000
1,118600
2,148700
1,124100
6,268400
11,386100
1,111200
1,116800
27,878000
10,522600
3,241400
9,514700
2,141100
3,185200
37,1222600
1,125900
1,117400
242,1638900
4,201300
3,177100
43,1581200
3,175700
11,384000
1,115900
14,473300
10,447000
6,237900
1014,1125400
1,116000
245,1721900
1,128700
1,106400
932,581600
1,114100
1,118400
2,143600
25,758800
5,226900
1,117200
1,116400
3,170000
6,250400
42,1199300
3,173700
19,678500
2,147800
1,118000
5,229400
14,488700
1,118900
139,537000
7,276800
1,111400
1,116200
3,170700
10,354800
1,122000
1,113900
1,118900
9,332300
1,116200
4,198000
33,991200
3,171600
1,117100
9,348800
1,119700
3,177300
1,112000
3,175700
1,114400
3,174100
1,112600
734,1893000
5,407700
139,678500
34,1011000
9,762400
1,141000
10,582900
1,154900
2,185300
3,179200
5,229900
1,117700
1,114300
5,228800
7,278600
1,114400
1,112400
3,173300
2,145800
6,250900
101,1143000
32,1159600
1,143000
11,506200
5,228700
9,326900
2,149600
1,112700
13,434000
6,249400
1,105900
35,1054400
2,149300
1,112200
1,116600
1,124500
5,228500
1,115100
1,112100
1,111700
16,506000
3,175800
3,177400
3,171400
2,146600
1,116500
1,117500
2,142800
546,1719100
3,253600
1,118500
41,1265000
1,134500
33,961000
7,277200
217,996900
19,584200
3,175500
5,227200
1,117200
28,820200
2,147200
51,1455000
1,112600
161,1255000
3,174800
6,253100
17,745800
3,176900
1,115300
2,183200
3,172800
10,360500
1,115300
95,996000
1,114500
1,117900
1,119300
7,280300
1,115200
2,143400
23,945700
4,198500
12,408200
12,406900
1,114900
1,117300
8,313600
2,153300
1,148000
1,133500
7,278000
14,695500
3,232300
2,177100
1,155900
4,245600
3,170300
1,116800
1,111900
3,173000
6,251500
2,144900
21,655900
1,118500
3,182300
3,221200
2,144400
3,172300
6,253500
4,197600
10,360700
1,112200
1,123800
1,113900
14,464000
3,174700
1,113200
3,171900
274,885800
1,117700
2,143900
1,120000
2,175400
5,357400
1,157800
5,242200
1,121600
1,127900
108,1374000
10,356500
1,115200
88,804500
1,116600
82,645600
2,183200
8,309600
1,117500
1,121500
5,231500
30,886000
7,277500
1,113000
1,117900
1,117200
24,722300
1,113900
19,921900
4,266700
2,188000
1,118200
3,175800
2,146800
7,277300
1,117700
2,147200
2,147500
1,114700
5,229600
3,175900
2,152900
604,1658100
1,117100
246,1810500
1,117800
1,117600
8,344500
1,115700
270,776500
3,193400
453,1182200
4,197000
1,116300
1,121800
3,168500
1,116400
215,983400
53,1464300
4,208000
9,331000
1,124100
2,182800
1,119200
3,175500
2,143000
3,170500
1,116900
99,1453900
1,113000
119,1845400
1,125900
2,162600
1,133800
12,485200
1,118400
25,735400
1,114300
51,1427900
20,638500
1,113600
1,116500
2,149000
1,112300
1,112600
6,253600
1,123800
47,1425100
2,147600
3,176900
82,711900
2,148200
32,907100
1,116300
2,134600
3,179100
3,167700
1,110300
1,114800
468,1159300
56,1589200
46,1652900
1,117900
6,255900
1,109600
4,206100
1,111600
2,146800
9,374900
1,135100
10,441700
10,534000
1,119200
2,151300
1,113700
56,1662100
15,526600
1,115500
2,145500
8,302500
2,140800
53,1472800
1,112500
1,115300
24,808600
6,246500
8,312400
242,2002500
1,121600
2,145400
77,521600
39,1102400
1,113200
78,546600
3,173600
3,173100
33,1285600
1,104600
698,824000
1,117200
8,303900
1,115700
1,123000
1,116600
4,184300
515,1038500
8,459800
22,752200
1,112300
2,151800
3,180000
7,283400
7,282500
8,329200
1,118000
2,141700
6,255000
292,1457500
1,112400
146,726600
3,174200
1,115500
4,202100
27,804600
2,141900
1,110400
1,114700
1,117300
1,112900
3,174800
1,136600
1,112600
1,134500
20,687100
10,354400
1,116500
1,117400
19,709000
2,149700
5,265100
6,265100
10,358600
12,407700
1,116000
3,318000
2,174400
6,379000
1,151200
10,391800
9,342400
281,1163500
24,724300
14,463300
3,198100
1,143700
126,226300
4,262000
1,116800
246,2098300
1,117600
2,146600
1,115500
19,588100
3,173100
1,115800
2,155400
10,354600
12,405500
1,110500
3,224900
297,1601000
147,755800
145,838500
3,242200
2,177700
64,183100
17,694700
3,174500
1,120300
2,142800
1,118200
3,177500
4,197300
15,519900
1,143200
164,1295900
1,115900
36,1029200
6,256700
160,1184600
77,514400
19,842100
2,143300
1,128800
6,280300
204,678900
6,253100
68,281000
23,689300
3,173200
1,114900
13,441300
4,199700
1,117900
60,1656300
19,591400
10,355100
1,110200
1,111800
3,173700
8,305600
5,228900
1,115700
1,117400
1,136100
2,168700
1,124500
459,1041400
6,248500
17,541700
1,112500
183,1983000
6,255400
9,362100
2,145000
11,381400
1,122700
39,1099500
27,798600
24,770800
23,1039600
1,149000
3,184200
208,743700
1,115500
2,150500
2,147600
5,226400
2,136600
1,136400
313,324900
2,146100
8,304600
1,114000
3,175700
3,197100
105,1327000
4,208400
8,304300
40,1132900
1,117200
1,112800
1,111500
1,113300
14,533900
4,311300
3,195800
8,357800
14,478200
3,210200
2,145200
7,298200
50,1732200
1,114400
36,1090300
1,118600
6,250300
3,174600
1,112700
4,198200
111,1393300
14,456700
2,148300
5,291200
1,118400
7,299300
2,129500
1,102000
1,97400
4,308400
7,321600
134,588900
11,402400
1,116600
80,593200
7,388900
193,431700
9,340100
1,115500
12,412900
1,111800
34,962800
2,146500
1,114500
1,119500
3,173100
1,117500
4,200700
3,172500
1,117800
5,223100
2,144700
38,1231000
1,131200
1,122700
1,139100
130,485300
1,234100
129,458000
5,224300
14,462300
2,154400
1,114300
38,1084700
3,173100
135,438200
21,642800
4,199600
1,115000
1,120700
1,115100
1,118100
8,305300
2,144400
4,244100
1,113400
353,1875100
5,354500
7,461700
14,494700
2,147900
4,200800
142,616800
1,110000
9,331800
1,121600
1,119100
92,896600
1,116400
2,146200
4,197100
14,463400
1,113000
133,387100
6,253000
10,355200
1,111300
9,331300
3,169600
1,117400
3,183400
2,213600
2,175800
1,110700
29,1085900
3,182300
54,1482200
1,116600
1,111000
1,125000
1,117300
2,148200
6,251600
3,166600
1,114800
3,174700
225,1192800
1,111900
11,435400
1,117400
4,197700
1,111700
48,1370500
11,500500
1,125200
10,519200
62,123000
1,116900
245,1824900
114,1527700
1,114900
332,800900
1,111500
66,232400
16,535500
4,194100
4,199600
330,1062000
1,128800
11,425000
1,146800
13,654700
1,116100
2,147400
1,118100
15,581500
7,280100
77,524100
13,428000
9,339400
2,171600
1,107000
98,1057700
46,1321100
25,762000
3,174200
1,116800
2,146200
1,112500
27,989200
6,266200
44,1449500
22,679000
2,143000
1,110700
1,112400
1,114900
7,275900
7,276400
9,317700
1,112000
1,112900
1,126200
3,174700
26,764500
3,170500
1,112500
3,171000
1,116400
1,113100
1,122400
1,129400
3,244000
400,1321400
3,204100
7,304700
505,619400
1,126400
19,617700
2,146400
3,184600
2,146300
57,1566700
8,314600
2,146800
4,195800
6,255800
992,656000
237,1506500
1,116900
6,246800
1,114500
8,308100
33,1192200
2,145800
3,172400
1,116800
1,105900
1,116900
2,149900
419,1603900
2,173200
1,113400
40,1216100
5,226800
1,113700
288,1472400
9,332300
18,560200
1,112300
1,125300
21,846000
10,498100
7,347200
3,207600
1,145200
3,172100
44,1239700
21,654300
1,117000
20,741300
2,154900
7,273700
1,111900
14,476100
5,223300
3,168000
3,224000
3,173500
2,149800
54,1597700
1,153700
1,160100
1,129200
1,118600
1,107600
1,149200
54,1686000
2,146300
1,114800
1,114500
2,155500
248,205000
1,116100
1,114600
5,224900
10,450300
39,1273500
22,670600
4,200700
18,561100
9,339600
1,120100
1,115900
2,149300
6,339000
1,147600
11,496800
4,247300
1,113700
8,306200
1,116700
2,143700
1,124200
8,385700
10,360600
10,363400
23,691400
1,125100
5,286100
20,641700
3,180200
4,202000
794,1764700
5,226500
2,146800
1,115900
128,283100
19,754800
1,119100
1,111400
17,577200
13,416800
3,174400
2,142600
39,1114600
1,117500
89,987200
3,210800
1,123900
1,120100
7,301400
1,121600
36,1128800
5,227400
2,144800
1,120700
1,116200
1,112600
12,409400
1,118900
2,148700
60,2067900
18,575000
7,279600
9,333000
1,112100
324,743000
1,117100
1,118500
68,293300
1,108500
8,307000
3,226600
1,118700
1,132800
2,168800
10,417200
3,174800
2,149900
3,173700
3,176900
4,210300
4,223700
1,118000
1,106000
5,228200
1,117900
9,341100
6,327000
1,126000
223,1623200
22,677100
1,114500
4,197600
3,236900
4,260900
45,1755300
12,448500
1,114400
1,118200
1,118200
23,697300
1,132800
1,119100
50,1414000
5,274300
82,1001600
8,307200
2,145800
9,340000
2,135300
354,1480000
22,671000
1,116800
12,442200
1,117800
1,116300
3,172300
9,346500
1,117900
91,986800
2,145700
1,111100
1,117100
1,115500
5,222600
34,1107200
1,153400
10,534300
528,1325000
1,120700
15,733400
3,254000
1,157900
905,1431200
203,634600
1,113500
41,1291000
8,321700
765,1412400
1,117100
301,1691400
6,281800
1,117800
8,319600
1,115100
23,785500
3,173600
1,117400
27,877300
2,150200
3,214300
2,194600
1,117100
1,117800
1,132000
1,119300
2,147100
1,113900
1,126200
120,1926400
45,1524700
25,797300
7,276900
56,1564800
12,483400
1,125500
2,163300
3,165100
65,202000
2,167900
175,1480800
33,1183300
1,139200
3,212600
9,434900
9,337300
2,175200
33,959800
4,193600
147,814400
106,1340800
1,131300
2,133300
2,145200
7,276500
172,1498600
37,1194000
26,853000
1,117700
2,136200
1,107500
3,217500
177,1684100
1,104500
3,165500
490,1739200
1,106800
318,443200
13,429800
2,146500
662,1571100
9,412500
1,123600
1,150900
621,489500
4,197900
13,445100
11,396700
1,140700
4,240400
2,150600
15,484300
5,226400
209,847200
2,155800
1,119600
4,197300
1,111500
2,147500
4,198500
26,776400
16,506000
9,328200
28,840500
10,438500
4,267400
1,117000
1,147900
2,214800
134,585700
13,547400
1,127300
4,252000
11,384900
2,141100
3,171800
7,290000
1,112000
12,441400
1,132500
4,227600
673,1772200
19,596100
2,146100
1,113700
381,505100
9,383800
1,134000
1,149900
1,129300
1,109500
1,104900
4,257200
11,393200
2,149100
6,255700
1,112600
1,118800
4,217000
12,424300
1,117200
1,119500
1,114400
4,209500
1,116400
23,803000
1,120100
5,227200
8,372400
2,143700
6,267800
71,357300
2,147600
1,113600
38,1082000
2,151100
2,151500
13,493100
1,123900
1,130500
4,244300
1,141800
1,122900
75,576000
1,101100
1,107600
1,103000
3,167000
2,135900
1,104700
11,475300
4,194400
1,109600
1,131000
3,214700
466,1378200
1,128900
299,1928800
1,116400
8,310800
2,144800
1,115500
2,146500
1,111300
7,274300
1,119100
2,143900
1,136800
4,204100
1,121500
4,200400
38,1085300
1,119800
201,572600
1,111400
11,394000
3,170000
98,1051900
57,1736500
1,116100
2,145900
1,114000
1,112100
1,115900
6,264000
2,149400
1,112200
39,1468000
35,1197100
15,516200
14,473000
3,177900
1,118400
67,342100
3,207200
1,116600
599,1441200
1,115500
1,113500
1,123500
3,174900
1,115200
115,1510800
64,179100
2,148800
2,146300
3,172900
5,226900
1,132600
10,410000
5,221500
1,133300
1,143200
5,273800
1,135400
1,133500
1,116900
7,281600
53,1472500
7,279700
1,118400
23,734500
5,289200
1,111500
1,117700
5,222400
48,1672100
3,189500
1,120200
663,1905600
354,1488200
41,1213900
21,654200
13,433900
1,115100
1,116600
1,114100
29,860000
2,136700
2,148600
3,169500
9,329100
4,200800
32,946700
1,110200
1,139000
1,137200
11,439000
1,134500
7,286200
18,583900
1,133200
3,171400
3,171900
1,117200
49,1386200
1,113600
2,169700
1,128700
18,622200
1,115900
1,112700
400,1104200
2,147900
2,168900
5,220500
10,355300
1,112100
35,1255800
3,219400
8,349500
2,132100
3,174000
1,114900
79,568400
45,1262700
16,518700
1,111900
49,1365700
3,169600
2,146600
1,146000
294,1586000
38,1264000
1,117800
10,377000
113,1487800
3,172600
4,196000
1,115300
1,120000
3,173700
2,143700
1,130400
171,1519000
1,135400
3,233800
2,199900
5,331600
1,148900
1,131600
980,2453600
1,129900
1,125300
3,163100
3,173500
1,146600
1,117800
4,229700
18,575000
1,116400
7,278700
1,128500
2,144200
1,117700
1,117900
7,278400
56,1544200
1,120800
3,205200
2,156400
2,146800
1,112400
25,876700
1,118500
5,228300
1,114400
1,114100
2,143100
1,112500
163,1379300
3,222900
4,250900
1,120500
14,460900
1,116100
2,145200
9,426200
52,1594800
1,129800
2,175900
142,741600
4,202600
39,1111600
12,558200
3,166300
1,115100
1,115000
1,129300
854,1985900
1,121000
9,320300
1,113900
10,372300
1,122500
1,135200
15,565900
3,179200
25,751800
5,226600
1,114600
22,674800
3,169000
10,358100
98,1211900
88,796500
1,114600
20,733900
8,401700
651,1244800
1,113400
3,174500
3,169500
1,112400
464,1178800
295,1734500
1,121700
90,852000
9,335900
3,167800
1,115000
2,147000
2,145900
55,2014300
8,316900
4,238900
1,126500
1,148200
1,116600
1,118300
2,144600
6,253700
3,171600
3,173600
52,1560600
1,117600
11,381800
4,209400
1,115600
58,1581300
48,1748700
1,144600
4,283100
7,289200
85,1021000
6,311600
9,354700
1,124700
61,1803900
1,112500
235,1648900
3,172300
79,576300
5,233600
198,507900
1,111800
1,113900
169,1413800
30,884600
1,116600
1,116100
14,574600
2,141200
4,193600
277,949500
8,307800
1,118400
1,113900
1,112000
8,307000
3,168900
63,145600
1,117300
1,114000
1,116000
962,1341800
4,259600
6,291600
1,128800
150,1569600
11,585000
1,142900
3,239200
137,592400
2,143800
1,119500
1,111200
4,200500
1,117700
8,311400
7,282200
9,328300
1,116800
1007,910900
1,115000
4,214500
41,1310500
1,118500
1,112300
18,682500
1,138900
1,158900
1,161800
1,136000
5,310500
1,120700
1,119300
281,1087500
15,489400
1,115900
12,407200
5,226500
28,1038400
1,112100
1,116300
2,147100
1,115200
2,146200
3,168300
6,264100
1,112100
10,387200
1,114700
2,143700
1,117500
4,205900
75,574100
6,390200
1,120600
1,119300
10,389800
1,134800
16,556900
3,175700
3,183100
249,232700
2,144100
1,107900
141,595400
3,167700
5,223800
2,146300
1,112900
1,124400
1,120600
1,117300
57,1564800
2,153100
2,165000
5,280700
1,119000
1,101700
7,281600
2,145200
3,169700
1,110600
1,118300
2,145600
1,114700
3,188700
8,311900
6,285200
2,128900
1,109000
28,909400
1,122500
1,118200
1,110300
1,115300
1,112900
126,196100
3,180300
18,563700
1,118500
1,218500
3,187200
13,436600
1,114100
46,1308400
4,201100
1,109900
1,115300
1,114500
1,116700
2,143000
6,294400
32,1049200
1,126400
5,264000
8,408000
1,129300
4,193600
1,113300
231,1353800
39,1103400
18,566200
16,507300
4,199500
95,1051400
4,200400
1,115000
17,532500
2,146700
6,251300
44,1252300
1,131500
2,199000
1,159100
2,202400
3,224300
1,123600
1,122300
782,1432300
16,515900
3,195300
60,1710300
2,149600
9,379300
2,152000
1,136400
10,514500
39,1108700
2,146000
4,197500
22,752900
11,528700
1,110800
7,293100
1,143000
11,411500
6,256400
13,453100
3,174600
7,280100
1,111100
3,169700
9,332100
26,769900
10,372800
1,126300
2,146600
1,115000
1,117000
481,1567400
13,429600
3,174300
10,362300
1,111800
2,170300
89,903500
2,162600
12,409900
2,167800
34,1147200
10,356900
94,949800
1,123300
59,2171000
3,177200
3,169500
473,1293000
35,1299100
1,111700
142,634400
51,1423100
3,174400
1,114700
8,312400
1,116900
2,146400
33,946900
1,113600
1,117000
10,364400
19,770600
1,115200
34,970600
21,775200
3,251200
1,155900
3,179500
1,134500
2,152400
8,303200
1,121800
3,175700
2,142600
2,145800
2,141500
377,395400
1,114300
1,119400
107,1774300
4,210400
1,117800
50,1402000
2,144500
1,113100
1,117200
4,195100
100,1110000
6,292700
8,286900
1,107900
1,105600
1,101300
57,1918400
1,130500
2,146800
1,133500
1,121200
23,675500
1,131100
111,1446600
19,588200
1,141000
6,254800
1,117000
3,172500
2,146200
54,1654500
24,942800
6,252600
2,140800
132,419200
101,1219700
5,223800
1,113400
2,146500
1,115800
2,145600
3,173300
1,115500
1,113500
3,175200
1,114100
23,681500
2,145700
1,98400
105,1245300
19,583200
1,112800
3,173500
3,330700
2,143800
33,1131400
1,112400
3,175600
1,118900
11,380300
3,173100
3,231300
14,459500
1,114600
1,113000
6,253600
1,110800
1,112400
4,206600
2,147600
94,1002800
1,117000
1,131800
3,173600
9,325600
702,918000
1,115700
1,111800
26,762400
15,604600
1,126000
1,137000
109,1827100
1,127500
76,490600
4,198600
5,222200
3,171100
2,144200
133,421700
1,118400
2,146800
2,141600
4,197300
1,115100
3,168100
138,524100
1,111000
64,174200
4,207700
92,891900
1,109800
3,173700
5,225300
2,143000
28,965100
4,194700
2,149200
4,200700
1,113500
1,114800
690,615900
87,769600
1,111100
1,113000
197,494200
1,114600
2,151300
1,112400
1,116100
36,1024300
1,112500
2,144500
1,115900
6,253700
2,154400
1,111800
45,1252700
4,202700
1,128600
1,112400
1,105000
11,564700
7,401700
9,357300
49,1383000
1,113600
2,148200
1,115700
5,225500
1,114900
1,113200
88,810200
2,215800
1,117100
103,1191300
3,173700
1,111500
6,249000
2,145700
2,140800
782,1467600
1,122600
2,157200
45,1345600
1,112000
6,255200
231,1365100
9,336500
87,780400
1,112300
1,114200
2,146300
2,146500
5,224400
64,183500
4,193700
1,115700
22,659700
1,133200
2,173200
1,112000
3,187800
6,304900
2,146200
2,157500
2,191700
140,704000
35,1183100
1,115000
6,250600
7,282700
312,285900
9,328800
1,116300
1,124500
7,273600
1,110500
83,664600
6,250900
1,111200
1,115400
17,542300
3,170800
17,535800
1,113200
2,144400
2,146700
109,1346200
29,1098800
1,170400
23,773200
3,175600
196,439100
3,173300
1,114900
131,338500
3,173900
1,112100
1,116700
1,116300
1,118300
3,174800
16,514800
4,193200
13,440000
3,170200
928,2221000
1,113900
6,251400
14,469100
1,126900
1,108100
22,747400
4,184000
12,406000
1,115500
61,1684200
1,115200
12,409400
9,329500
14,468300
9,322400
1,113600
9,326000
1,113500
1,117400
62,117200
16,513800
1,141700
1,117300
58,1631100
34,1177400
10,355800
1,115900
3,171000
336,929300
3,171000
62,115900
6,254400
151,864900
17,832400
2,192800
205,852000
6,254800
9,331500
26,810200
2,147000
1,114900
1,114900
687,747700
128,321400
75,621200
1,130100
6,347200
4,249800
6,315800
8,493500
1,134400
28,1239000
1,138500
32,967900
2,160700
3,172700
15,498600
2,146500
363,1752400
7,403800
2,170600
3,201300
2,165400
6,286700
40,1189700
3,221700
2,190200
1,136100
2,137900
48,1927700
1,114300
11,477300
7,283500
2,142700
13,750300
9,585200
1,123400
1,141100
4,202600
21,959300
9,343900
16,689000
1,141400
1,142900
3,221800
1,143500
709,1572600
364,2312300
127,305600
1,143600
1,154100
2,190700
8,407300
23,969700
1,137600
2,184900
30,1146300
1,144000
1,143100
1,142400
204,884400
1,146900
12,572500
1,142700
2,181800
1,143800
36,1381400
1,143000
1,145100
1,145000
1,145100
1,148600
54,2069800
1,146700
1,145300
6,333500
1,143400
30,1204700
2,190500
1,144200
1,142200
21,928200
1,150100
1,174100
2,201700
9,463000
1,150900
2,189200
1,147400
1,159100
3,229700
7,383700
1,163700
1,154000
2,193500
3,277700
114,2185600
2,191600
18,1263300
16,830300
10,501600
1,120100
65,214900
4,207200
7,282300
48,1624400
19,602100
1,118700
72,394600
1,111000
1,110200
159,1348800
1,113600
4,184400
607,1619600
29,867200
1,110900
399,963100
4,194200
4,192200
1,112500
1,110200
1,108500
46,1286100
1,110300
13,493700
3,171300
4,233100
1,121700
9,515700
60,2060000
1,110900
6,251000
10,374300
1,114100
1,118900
1,112300
1,116600
1,114800
4,196100
4,204100
6,252400
10,358500
3,176300
5,227300
1,117300
1,118100
1,113000
2,144200
114,1513500
1,113000
9,435300
1,117600
21,1036100
4,204800
6,258700
1,125900
3,172000
3,172800
1,112300
12,542400
3,172000
7,289600
98,1088400
77,510300
2,153700
18,559800
1,116700
4,202800
4,199800
1,116900
14,458900
4,197700
1,123800
21,868100
4,183700
1,104700
14,546900
6,268000
507,692400
1,107700
6,259100
179,1786900
3,171700
1,127900
1,118000
2,148000
1,118600
1,118700
1,122400
16,541700
1,112500
2,143200
1,117200
12,407600
3,174100
5,227700
17,550900
17,536400
1,112700
2,143800
3,177600
7,278300
1,135100
784,1747300
77,528100
6,254500
7,273600
58,1611000
1,114400
1,117500
260,737400
9,334600
1,116100
128,266800
1,123200
154,929500
4,201400
1,117100
3,229600
7,397000
1,140300
112,1955200
26,843900
3,178800
2,144000
9,327400
4,227800
40,1145700
1,117100
34,1018600
2,148300
1,117200
72,387600
11,385400
1,111500
6,253700
33,1241500
4,291300
4,204500
1,118600
86,762600
25,754900
3,174400
1,111200
3,173800
389,711000
1,119500
1,117700
6,255500
3,171200
2,145600
1,112300
1,116300
2,140100
1,116800
3,180100
8,306000
3,174900
2,145200
2,145500
2,145700
28,883500
3,179800
1,115100
1,100900
1,111100
181,2664500
4,248400
1,133000
17,729300
3,210200
57,2163900
1,132500
1,137500
2,173500
1,138300
29,1141300
1,133000
2,170400
8,403700
64,240700
1,145600
12,627000
2,183500
1,141200
4,260300
12,609800
2,172400
1,118300
3,184900
1,114800
1,116100
24,724600
1,118100
3,176000
1,116700
1,114200
2,148100
3,199800
3,171300
106,1809400
3,231600
1,124800
283,1387800
1,107200
1,114600
57,1753600
1,120600
3,183000
2,149300
1,112700
1,115800
11,381800
2,140500
5,222400
9,327300
13,444800
2,143600
1,115500
3,175500
2,147000
1,112700
1,120900
3,174600
83,670500
63,157800
6,251700
14,462700
1,114800
7,283000
4,198800
653,1542600
4,199400
11,445000
1,116300
1,123200
926,2134700
72,501500
5,225400
1,117500
5,223500
1,116000
145,997600
11,520000
1,117600
2,147000
9,326000
248,204500
4,199400
1,138500
1,152100
1,191600
1,162400
25,911500
3,172200
2,146800
18,568000
1,114300
1,114900
28,821600
1,113200
2,144600
3,180900
1,117700
144,682500
46,1347500
1,132700
1,123800
124,134100
3,176000
43,1220600
1,115400
2,159700
1,132200
2,177900
1,158700
2,206900
1,112100
2,145200
1,113700
6,256800
4,201700
10,366500
1,118400
74,437300
1,113400
1,115400
1,115700
1,116200
1,114300
7,315800
26,793800
9,324700
1,114100
27,1208000
1,116400
1,116600
6,254000
18,557100
1,131800
2,147500
6,257200
1,111700
1,120500
1,115100
5,245700
5,263900
22,921800
1,132600
20,621600
14,456100
6,251400
1,118200
1,116600
1,113100
1,114400
2,155400
64,174600
2,143400
71,357600
2,145500
1,117500
4,195300
1,116500
2,146200
1,114400
2,143300
3,238200
1,131200
5,282300
1,119000
125,176100
1,115300
6,252800
1,112100
809,527700
2,149900
1,112800
1,117900
1,115600
1,117600
3,175200
2,145900
2,169300
43,1485200
2,167300
1,117300
3,171300
1,113600
33,967100
7,281000
2,184100
2,175600
84,935100
2,209300
6,256800
1039,1744100
5,228000
21,738200
2,142900
1,138600
1,127000
446,791800
1,124700
1,146400
2,149800
10,361400
178,1588500
2,147200
257,430900
14,455900
3,168200
1,116600
12,405700
2,144800
1,110600
5,225000
2,144700
28,817300
2,147200
5,225400
15,482500
8,311600
8,301700
304,1792000
16,550300
2,170600
1,133300
1,120800
2,156900
15,557400
2,133500
5,220600
7,275600
3,172500
206,707200
1,115500
2,144000
1,115400
5,224100
7,279100
1,116400
1,117200
5,236700
2,146500
12,403300
3,166200
3,168600
1,113300
3,173000
1,116100
5,223900
1,114900
4,254700
61,1756700
11,395900
4,201800
3,169700
9,351600
84,690800
1,111100
3,177400
1,120300
340,1034500
1,112100
1,97300
79,704600
1,112000
9,334500
1,107000
78,533600
2,138900
1,104600
68,281300
1,113400
1,114100
2,169300
2,206100
1,123400
51,1510600
7,390100
1,123900
5,227700
6,266300
10,352900
2,150000
7,282000
1,116200
16,516700
5,225200
58,1626300
9,333500
152,900200
1,111600
117,1842300
1,120100
3,180700
1,112900
1,118000
1,117400
65,203500
31,904100
1,116800
2,145500
1,124800
3,173700
20,617600
2,145900
539,1611800
227,1259400
131,347100
1,114000
1,113100
1,116400
8,425500
702,1319900
16,634200
1,147600
318,575800
130,386600
7,344300
1,172800
9,426500
235,1904100
1,128700
67,300600
36,1523800
1,132900
1,131400
15,747000
1,133600
1,156700
9,432200
6,437100
3,169100
1,116200
1,114400
1,116100
3,193700
2,230400
12,503200
8,392800
1,153600
19,615600
1,117100
9,457800
3,181500
44,1247800
1,122000
17,678500
2,178700
1,124700
8,500600
1,130300
4,260100
1,96800
182,2053800
31,1008100
3,187100
2,150200
1,123200
69,357000
4,237900
2,159600
5,239700
23,724800
1,127800
3,177300
1,127900
2,144600
4,231900
1,119200
1,121000
3,174400
570,959700
10,715600
2,184500
2,165200
1,121400
6,262300
1,127200
1,113900
1,128100
1,125200
6,290800
16,581100
9,389600
2,155100
3,212100
4,260300
8,309200
1,119200
2,167100
28,847000
1,118300
1,127100
1,122800
1,125100
6,287000
18,711400
1,126900
1,122700
54,2101200
1,126700
4,265600
3,212000
16,664700
1,124700
32,1056700
5,234500
113,1532000
2,161400
12,581900
3,212900
11,420900
2,170900
21,776200
7,317700
1,124100
3,216000
2,197000
8,364200
27,890700
10,357900
105,1258600
1,114700
9,343000
1,122600
24,720800
4,205600
436,342100
9,336200
1,130600
1,128900
2,173900
87,1199600
1,139600
2,181900
15,552000
1,127600
1,119900
2,187400
125,228800
1,113200
93,1105400
1,117100
2,148900
1,113400
11,394500
2,146800
1,119400
5,229600
2,145800
1,111000
4,197500
4,197600
17,550000
1,117100
1,113600
4,202300
95,979300
8,302400
1,117000
1,115200
1,117100
18,576300
2,146100
616,2194300
246,1800400
1,117800
1,115200
4,195000
3,167900
1,117500
32,979300
1,136700
31,942400
4,199200
37,1060100
2,147100
252,323800
2,144200
85,943700
6,283800
4,197200
4,199900
4,197700
3,174500
7,269700
7,277700
2,150300
1,116300
1,116300
1,111900
53,1465900
1,120400
2,147100
1,110800
5,225800
1,124200
1,116100
4,198100
2,145000
1,113000
7,277900
1,112300
1,117600
4,207600
1,109200
1,110500
11,431400
3,168800
180,2043600
52,1435800
5,223700
3,168500
9,324600
1,118300
3,173000
1,115000
1,117700
707,1397100
7,318500
4,203700
1,116000
1,113500
5,236300
2,140700
2,145500
1,110800
3,169400
36,1045100
12,486900
6,285300
678,1935000
16,514300
1,115700
2,141400
1,113900
1,111500
2,141000
81,628000
1,116600
1,117600
1,112600
1,137000
3,175700
12,396200
7,278300
24,726100
1,116800
1,116900
1,119000
6,256100
3,172800
9,327400
1,112400
1,119600
3,173900
4,220000
1,131300
15,577800
6,326000
1,113800
20,622200
1,111400
9,328700
1,113400
29,841900
5,232200
2,144000
4,200300
1,140700
5,233700
174,1563300
1,120000
3,173700
3,169800
1,113800
1,116000
2,147700
43,1213000
3,173300
1,141200
2,165300
391,887900
166,1373700
1,117500
1,115600
3,199000
158,1056100
3,173000
6,248900
1,112600
1,114100
33,968000
3,234200
2,144100
8,303100
3,172900
1,112500
59,1653900
1,112800
4,289000
1,136200
1,141500
1,139900
649,1387300
8,468600
850,1780900
3,177800
1,124600
14,467300
3,170500
6,249300
590,1178900
35,994600
1,116700
195,510800
19,712000
1,110200
72,392300
32,954800
7,271900
1,111300
9,411300
23,686900
20,679700
1,111600
43,1224600
1,111700
20,624800
6,249300
2,143300
38,1172100
1,116500
4,228100
4,202800
1,115000
1,128800
1,164300
1,151000
1,120900
2,150000
5,220500
1,105300
9,336200
22,663300
3,172700
572,699800
181,1620000
20,620000
5,226300
6,249900
9,330200
1,114800
1,113700
3,171000
1,116000
3,179300
2,143000
21,768200
1,155300
3,220300
1,114000
1,128000
1,112700
1,119900
190,284000
31,905700
8,304800
62,180100
3,176400
108,1319200
1,113500
15,548200
1,109900
57,1569700
2,142200
3,174300
1,113800
1,114900
32,1078300
1,159300
2,196200
59,1780400
2,146900
8,311300
1,111900
1,114400
1,116000
24,735800
17,525800
3,173100
7,278500
10,354000
1,129000
5,226300
1,112200
1,114300
1,139400
1,115600
3,256300
102,1189900
3,171300
1,130900
2,161200
35,1075700
1,122100
2,163400
1,113100
5,224900
35,998500
5,224500
4,205800
7,277800
1,114900
10,355400
1,115900
139,544400
96,1007200
1,112800
9,331300
1,121100
4,199400
21,639500
5,234600
2,167500
10,558700
1,130400
22,887400
4,240600
1,144200
29,854600
3,175200
54,1496400
20,611700
7,277900
275,939500
2,143500
1,121500
3,172900
2,142800
1,114600
128,316200
5,227800
2,143400
2,139600
5,221600
1,110500
4,195400
4,223500
1,120300
197,569500
65,268700
1,145400
2,178600
3,165100
13,438600
4,204700
1,111700
2,147300
4,207700
14,462000
4,202400
208,741000
6,253000
33,958400
1,117100
505,546000
1,116800
3,169200
479,1885900
18,927900
1,121400
1,118900
1,113000
21,647600
3,172600
4,199000
126,208300
1,112500
1,117600
3,174900
1,108300
89,859000
4,197700
6,260800
2,146300
1,109900
3,172500
1,110800
2,141700
4,195200
17,698900
1,121600
8,313300
42,1188200
1,110700
1,114000
1,117900
3,227200
1,120800
17,909700
5,259300
5,232500
2,147000
2,145900
22,697900
1,111500
1,117400
312,302400
13,438000
4,199000
12,401800
10,352900
46,1396000
3,287600
1,120800
12,408200
1,123000
544,1646800
3,186100
6,287400
1,121300
1,118000
66,230200
3,197600
1,113200
1,117600
3,174800
1,179300
113,1451900
14,458100
5,223500
1,113100
8,317800
3,171400
10,354200
2,142000
33,957900
1,113700
1,120700
1,115600
1,124800
2,147300
117,1765700
13,491300
6,255900
1,108500
3,202900
1,111600
4,196400
1,111500
40,1129600
1,114800
5,222500
3,172700
537,1445300
1,110200
1,106100
1,123700
293,1728800
2,147000
7,279800
15,591900
2,159800
1,111600
8,422200
3,160800
1,113000
1,120400
30,880400
2,143900
893,1115800
10,367400
1,115100
77,771300
49,1360300
1,116900
422,1537900
3,173400
5,264600
17,698900
1,137800
1,145800
26,779200
1,115000
1,117400
966,1483600
1,111100
2,147100
5,232200
194,428300
2,179800
7,297400
5,216900
18,556300
2,148300
7,272000
54,1498100
1,116300
67,279200
3,267200
30,1127500
1,122800
32,938400
12,410400
1,112000
9,325300
1,107900
2,147100
4,276300
2,145400
7,274600
1,110400
1,111800
27,797500
1,115300
40,1143800
13,429100
3,172800
79,578100
35,1432900
17,547400
12,408900
8,306600
3,171800
1,112000
1,117800
4,196600
1,115700
3,200400
11,514300
4,196200
428,1935700
1,111000
1,114500
226,1263900
1,130700
16,564700
10,397100
1,106600
11,380400
1,109500
56,1663500
7,275700
7,302200
1,123300
2,144700
1,124600
1,105900
3,171500
1,114000
322,547400
3,171600
6,248800
6,329800
8,320300
1,116600
3,168900
2,140500
1,111000
1,117100
2,145500
1,115700
1,107700
90,856100
3,173800
3,172400
1,116700
50,1787100
1,115400
771,1743800
50,1399000
36,1019800
6,252000
84,766600
2,159600
1,111000
3,189900
44,1357000
2,144200
10,433700
2,186700
1,108700
6,251100
81,626800
3,204900
1,140700
3,184400
1,114300
3,174100
63,144700
1,119500
6,253500
8,306800
19,723800
1,115900
68,283700
1,163200
7,279600
10,355900
1,116400
1,134400
1,138600
10,503600
11,378100
1,111700
1,121900
1,114600
2,143300
1,114000
14,637300
1,133300
1,148000
144,960300
15,630600
1,130000
6,240500
25,823400
3,173900
1,112500
3,189700
9,483500
2,144700
10,351600
10,354100
327,689000
1,113800
2,140800
91,865700
6,253700
8,298800
2,172100
210,1117000
87,774500
1,139200
1,137300
4,231800
5,225400
357,1568200
13,433100
1,115200
3,174200
12,412900
11,420400
1,119400
6,319900
1,109500
6,250300
1,115000
2,139900
4,197600
6,248100
9,323000
117,2699700
1,122900
1,108000
36,1223400
2,173800
2,159000
1,112500
16,687500
5,228400
30,1004100
1,112500
1,116400
71,365700
13,429900
1,113300
1,112000
27,1004900
1,118000
159,1455400
6,255700
1,120500
2,144000
1,111600
1,117700
1,115800
19,594000
1,130300
1,123500
1,141600
1,117400
1,116300
287,1229400
3,204300
3,225100
2,150800
1,114400
1,115300
1,123400
1,110700
9,359000
2,147600
37,1270000
2,147000
2,166900
2,154000
39,1428200
2,155100
3,175100
2,143800
1,96600
1,108700
3,169600
1,103900
38,1190400
1,133900
3,176700
6,246700
840,1444000
38,1106400
1,103900
1,107500
388,675700
1,108700
11,469100
10,409500
2,152500
1,105200
17,627300
1,118800
1,112100
1,113600
1,111800
1,118500
7,270500
1,107000
39,1120800
14,454300
1,108100
1,105900
3,164200
1,104400
6,249900
163,1236300
13,426900
1,109300
168,1284500
8,389400
1,150300
1,122200
1,113800
1,144400
34,1250200
5,217400
1,107600
1,108000
1,107300
14,464600
8,299000
1,109500
6,241200
1,112900
3,218600
5,239800
1,105400
8,301000
57,2116600
8,306200
17,529100
2,133000
2,148000
1,134800
1,128700
43,1341500
6,244900
233,1433800
1,135000
1,106700
325,610900
134,403400
1,103600
1,107500
3,215200
185,2286800
3,243900
2,175900
1,139900
1,135700
1,141500
248,270800
1,136900
1,142400
3,204900
5,287500
1,127900
12,580200
3,211000
1,132900
1,133700
1,129300
3,225700
1,129600
2,165700
2,170400
16,717400
1,141900
3,212800
69,419000
47,1727500
8,416200
41,1267900
24,1335600
1,107900
24,922000
1,145600
4,354200
1,159500
2,205500
92,1655800
1,156000
5,358600
1,156300
4,305100
7,459600
1,183200
3,211300
5,300200
1,151900
4,299800
1,151600
30,1479700
2,179700
2,205100
1,153500
5,360000
6,411300
38,2109300
1,151400
1,149800
1,149800
43,1821100
1,130500
4,245800
157,1568100
13,645900
1,123700
526,1406400
24,716800
1,120400
117,1575900
42,1183700
1,114200
7,279800
2,142000
3,174600
232,1426800
4,229700
15,527700
1,134100
1,135200
22,675000
5,222200
589,1176700
1,111700
1,114000
4,195700
1,111900
24,713000
10,347200
1,122000
1,117600
79,581300
1,112700
277,1003800
3,180100
106,1304700
1,117500
1,103400
1,108800
6,366700
2,152500
1,116300
1,137400
22,665400
1,118300
237,1941400
14,458700
3,182200
2,166000
5,224700
6,252500
7,310600
1,117300
545,1577900
44,1391400
10,496900
3,174500
12,408900
6,250400
1,116800
1,118100
456,875100
4,200100
1,113300
1,114800
1,120000
1,116500
2,146500
1,116300
51,1479500
47,1319200
8,315000
1,114300
13,439300
1,116600
3,173500
1,117800
1,128500
95,1026000
2,140800
1,114000
588,1348500
1,113800
3,175300
1,115000
1,120000
11,385300
10,363100
1,113800
59,1615700
3,170500
1,121200
33,946600
11,383100
1,114800
7,292000
1,110700
1,293600
10,672200
2,194600
7,292400
315,450200
16,613200
1,138100
3,190400
24,761400
4,198900
3,172600
1,114100
1,113700
1,111000
7,276100
1,111100
1,117300
2,146200
1,112500
17,548400
16,519300
11,382400
1,116300
4,194900
1,112100
1,112000
591,1327200
15,536500
3,196500
3,198400
7,370800
1,117800
146,978800
55,1525300
42,1182600
15,481900
1,114200
67,254000
30,894200
1,110600
1,118700
14,457900
1,114300
6,277100
3,182100
3,261400
10,541100
231,1819700
41,1159600
1,110800
1,117300
10,363400
1,115200
254,365300
6,250100
2,147100
13,432900
1,112900
1,115500
3,175200
6,262200
146,718700
1,110700
246,2226200
124,154400
4,200000
246,1749500
5,224200
20,698500
7,280700
1,115900
11,383800
2,143300
2,146200
1,116000
1,122100
7,278900
5,232100
1,115600
1,115600
1,116700
1,117800
34,1002300
1,112900
1,138300
6,301800
10,378000
1,116200
1,134300
3,184900
6,252600
338,968200
9,323500
78,538900
2,143000
86,761300
1,117200
82,643000
1,116800
8,302700
12,401900
3,177500
328,745200
1,117200
1,116900
1,120300
10,404000
14,642100
3,246700
4,251900
7,387400
2,172000
2,174200
118,1690500
34,1093900
1,113200
418,1470500
2,144800
4,200500
11,384400
4,197600
34,1008000
22,746200
19,784200
1,116900
7,277500
566,577100
3,172500
1,116900
1,117000
13,434500
1,112800
77,529300
23,691400
14,461400
1,117400
7,280400
4,196600
27,805400
9,334100
1,130500
1,117600
173,1505600
4,280300
20,679300
7,301800
1,113800
25,749300
1,117300
1,113400
6,254400
1,113200
1,113600
1,119100
2,159200
5,237800
11,378100
2,148700
1,115800
1,114100
1,118700
1,115500
1,117400
1,117000
2,146700
1,114300
86,793500
2,152600
10,358300
3,171500
5,227600
33,978700
1,115300
74,477700
64,217200
3,167100
8,345400
6,335800
870,557200
10,361400
38,1087300
3,169800
2,141800
2,142900
307,1744700
1,112500
14,523700
1,112200
1,99800
399,1061300
8,349700
10,385300
1,125100
1,113500
1,101100
1,105400
158,1123500
1,105000
5,222000
1,107000
1,107200
4,190800
1,114400
25,861800
2,138600
1,105200
4,196400
5,221300
1,107500
2,141100
4,202900
2,139000
8,358800
9,323800
1,132000
1042,1822400
69,309700
2,147500
1,115700
406,1439600
1,116700
53,1474800
9,327900
1,117500
69,308800
1,110000
3,173300
1086,1846500
19,766100
1,138500
14,578400
10,351000
259,501100
3,206500
3,180200
3,168700
3,183900
2,127800
2,145000
2,145400
71,358800
6,252400
1,111300
126,205500
1,113700
1,111100
1,115700
72,389800
1,111100
12,409500
3,174400
478,1434600
14,458900
1,110700
102,1163700
1,124600
1,118400
347,1186800
55,1707300
2,143800
1,114300
3,176400
57,1646900
2,148100
1,155000
1,154900
34,1081900
5,218200
56,1619400
17,547900
1,109800
1,104000
555,2127700
50,1513600
6,253600
1,112500
1,117000
8,317000
1,115300
41,1172600
1,116000
653,1341400
5,221600
45,1346300
1,119100
723,1566800
1,113600
11,378800
1,114200
1,116700
767,1168400
1,137900
2,137300
6,259500
7,277600
1,113100
217,999000
5,229900
1,125400
57,1833300
1,118300
12,505500
5,292600
7,287100
7,380600
21,680000
10,361000
1,115100
1,111900
175,1478800
1,111600
3,177100
9,339500
7,278200
5,224000
21,654600
9,334400
2,146400
1,112600
562,443400
6,253500
170,1466700
1,109800
6,367500
3,188700
1,116200
141,909900
4,203900
1,113400
1,117100
22,678200
17,536300
6,252200
15,475600
1,116300
1,138700
1,125600
272,834100
1,116700
9,326500
1,112100
59,1696000
1,135100
2,154700
1,145000
1,155400
4,203300
6,263400
7,271800
153,903300
2,145100
4,196800
61,1673800
3,173300
1,111200
4,217800
5,236200
8,301500
1,119600
4,200000
1,112500
304,1655300
2,147100
3,168700
1,110800
58,2111300
12,398900
6,291300
1,134600
7,328500
132,429600
11,463100
5,231400
1,116000
1,117700
11,381000
3,169500
84,695900
2,144000
1,110700
1106,1909800
1,113700
8,376400
1,159200
1,129200
150,897500
1,139700
8,337600
3,179200
658,1340000
95,1067600
58,1586600
3,173800
3,176700
1,120700
1,128700
4,236500
476,1732400
3,228200
6,260000
1,120600
1,111900
3,177800
4,239800
373,284000
1,115400
3,172200
65,198900
1,111400
1,114800
11,379800
1,116300
14,469100
4,262200
1,118800
7,367500
3,178500
1,116300
3,172800
6,251500
3,173600
14,465800
1,111800
4,199200
1,111600
876,683000
582,982100
1,115500
2,171900
490,1821700
2,146200
1,117700
4,198000
1,116800
19,594400
1,120300
308,1853900
7,289400
9,351000
55,2174400
14,576100
1,132100
3,184000
6,235100
1,126800
1,109600
1,109400
929,2202600
20,777800
2,148800
1,110700
329,734900
1,117000
17,661500
1,114900
1,117700
1,114600
1,114400
1,115000
37,1059600
3,168600
4,199300
2,167400
286,1417700
2,145800
1,114000
91,881600
1,110700
21,805400
2,145500
6,252500
1,109800
14,458000
3,182400
3,174700
2,141900
90,1151100
1,128100
1,119100
54,1938500
1,183600
2,168300
20,822600
1,117800
1,118000
1,115300
1,115100
1,113900
8,334800
7,277900
27,916900
1,114300
4,197400
4,198200
1,113000
25,856300
1,108500
3,176100
2,142600
1,111800
7,373300
1,115700
1,123800
4,204800
447,621300
14,462500
1,111700
1,117400
1,116900
27,1125300
7,278100
1,117100
1,116000
78,597600
1,112200
1,117700
2,148700
1,110400
4,203400
2,146300
29,844700
7,293000
1,114300
1,149200
1,116100
1,103800
104,1289900
1,118700
75,469500
2,164500
1,135500
8,316700
611,2078700
1,116600
127,284800
2,165700
10,365800
3,177700
20,928200
4,204200
6,253400
3,175600
1,115600
1,120800
26,759400
1,114500
1,110800
3,202500
548,1667000
6,252100
3,170900
3,175800
26,886200
1,113300
1,105700
74,512300
2,128100
2,143600
1,121700
7,273000
38,1186100
1,111000
4,215500
2,175800
1,152100
10,441600
1,107600
1,115000
5,217100
3,166600
1,109400
3,171900
206,709800
1,106900
2,157700
1,111000
3,197600
5,218400
1,108400
90,902900
40,1587400
1,133300
3,225100
1,140200
1,144600
2,174600
123,2116800
1,141500
4,247900
8,348300
2,188000
1,129300
1,140600
9,379000
1,146300
8,368900
1,128900
1,142700
41,1534200
6,322400
1,114900
77,689400
1,143300
1,122800
9,437100
1,129600
9,455800
48,1864300
1,134800
1,111400
1,146200
181,1819600
2,128500
1,116700
1,116200
1,123400
21,896400
1,151100
238,1904400
3,179900
2,146400
151,869300
10,358200
1,119000
2,145700
6,264100
8,311200
14,476700
9,445500
1,111400
166,1294300
5,236700
1,114400
1,119600
13,455100
1,114700
1,114800
7,277000
2,143500
2,142000
1,137100
28,1104500
3,181800
2,149800
2,184900
5,272700
1,119200
1,112700
317,416400
34,1099600
1,106700
1,113100
560,479600
1,106700
5,233000
4,189500
153,920000
72,395200
9,344400
1,115200
1,118000
19,598500
8,305800
2,153700
1,120800
1,119300
3,187500
48,1836800
9,330900
324,620000
37,1071900
3,178000
1,114200
1,118100
9,325100
2,146500
1,110900
3,168400
7,279300
777,1354200
188,241700
9,339300
2,182100
1,131800
1,126600
3,246800
1,154900
140,850100
2,177200
1,133500
2,138500
20,645500
9,341700
1,115900
5,225600
5,229500
6,261700
879,772200
16,508300
15,493800
1,117000
39,1198500
9,327500
5,230100
60,1829100
7,272400
4,213100
16,523400
1,114100
1,116900
2,148000
7,294000
1,112700
1,116400
1,118400
1,118100
1,123700
122,1736400
1,113700
1,125800
1,118300
4,201100
1,112100
1,116800
302,2011700
4,197500
8,334400
1,141900
1,141800
2,213600
1,144600
1,164900
1,148600
1,156800
4,273600
2,154700
8,449600
3,225000
1,133600
1,118300
95,1059400
4,281600
287,1265500
1,116300
3,176400
11,383600
1,111800
1,112500
2,145600
4,196800
1,116600
17,645900
4,204700
1,117400
7,279100
73,536300
30,1076600
1,113300
5,233200
68,278300
1,117500
1,117300
7,286200
14,456500
1,146200
39,1094000
1,110400
41,1331300
36,1248800
7,281900
461,1040700
1,122700
1,108800
12,433800
4,212300
171,1403500
4,200900
2,142600
1,116000
1,112800
2,174300
2,146300
3,174900
42,1187400
2,140300
1,116100
61,1675500
3,169200
270,774300
5,225300
6,258800
6,316500
118,1721600
7,282300
1,114700
41,1183700
2,151100
2,153900
10,357800
2,143500
1,133000
124,171500
2,146400
1,135200
485,1611300
1,115600
2,141200
1,115800
1,119000
6,253200
555,2014500
2,144600
495,1857700
1,119100
1,117600
6,257400
1,116500
6,254000
10,353700
2,142200
1,113900
358,1486000
2,174700
1,114200
13,428500
6,251000
13,444600
1,116500
3,174000
1,124400
1,129400
490,1960700
7,281200
94,1265100
31,1180800
1,117900
7,280500
1,129100
3,170300
6,251100
1,113200
3,172300
2,145900
1,110400
1,112500
9,347200
3,175500
1,111000
3,183500
1,117800
6,252900
1,111600
1,117100
1,117000
10,501700
1,117400
1,118900
12,477000
1,135100
5,267500
1,116500
1,118000
147,751600
10,400200
3,167700
1,112900
4,201300
584,1007300
2,145200
1,114000
1,133700
1,113400
1,116200
6,255800
2,144200
250,256000
39,1139400
3,173200
1,113300
4,199400
260,517600
208,1138400
1,111800
2,145300
6,253700
60,1693400
1,115000
879,1101000
1,117000
56,1549200
1,117200
6,247900
1,115900
3,177100
3,174900
3,172500
6,250000
6,246900
1,113600
121,1947400
19,588800
1,117600
448,716300
1,113500
1,113100
38,1082100
1,119900
1,116900
3,189800
15,490300
10,357900
1,117700
5,227300
1,115300
5,229700
1,118400
1,131100
3,173700
1,113100
4,195300
7,273400
5,225500
6,259600
11,436400
1,146800
684,584900
1,139900
2,213600
1,145000
18,613000
1,139100
2,187100
1,154800
1,140100
2,173800
3,177800
3,172600
6,252700
10,345800
1,111500
6,261700
1,115900
2,144700
1,117600
1,120100
25,752800
4,200800
2,141600
9,337200
18,563500
5,225800
1,117800
972,1929100
3,180200
1,112100
6,258200
1,116500
114,1487200
1,114600
199,507800
1,122400
7,300600
12,411000
3,183400
4,200400
1,115200
1,113600
176,1546800
1,117000
4,199700
3,173100
400,1082600
11,440000
3,189600
6,304800
45,1616900
1,100300
69,293400
3,158900
1,101000
1,98200
1,101800
17,519200
3,156300
149,806600
6,233200
5,213500
2,129500
1,97700
8,283200
1,104200
8,296300
16,495500
15,466900
1,123800
9,322900
4,184100
2,161400
1,155300
1,133400
64,195100
1,101700
3,215800
2,153700
1,103700
1,102300
9,321000
5,214000
1,124500
2,140900
13,428200
6,234000
133,381500
63,132400
44,1267400
2,129000
3,159400
2,125300
1,116000
64,173400
1,114900
26,949900
6,341300
1,146400
1,121100
142,719600
9,492300
65,270100
58,1911200
1,102400
3,191800
41,2007800
8,410500
5,294400
30,1244300
17,740700
1,172400
4,276300
1,143300
78,1250400
4,280900
2,164800
8,338500
1,110400
2,158100
8,440700
43,1292700
19,583700
10,355300
267,714600
35,1012100
2,143300
33,1415500
7,416800
69,475500
4,227900
5,253900
1,116500
6,253900
1,127500
29,928400
1,112400
3,170000
4,203000
173,1617300
1,115000
14,460100
3,172700
1,115200
1,117600
2,144900
1,117200
8,305800
1,139300
18,569000
1,116300
7,287000
5,224400
9,333200
95,1513400
4,261200
1,145300
134,569200
1,135000
1,143300
1,155800
1,126400
66,231600
28,922800
1,138300
3,171900
8,403400
558,486900
11,440900
1,117400
60,2143900
31,1394600
3,211100
18,658100
4,206200
1,136100
3,174300
3,201300
2,139000
2,138700
54,1504100
3,170800
1,107300
3,197200
8,301400
17,548100
1,109400
26,799400
2,147100
12,425700
5,220300
6,244400
4,258800
1,116200
6,368800
27,1245300
5,347700
3,259100
3,261900
3,260200
1,149900
1,122000
2,143000
1,110900
1,113200
4,195800
1,122900
1,112100
1,110500
961,1617800
5,227100
3,172500
105,1249900
3,173400
9,335300
1,137600
96,1271600
1,114000
377,398500
3,176300
1,117400
13,443700
1,117700
1,118000
72,414700
11,428100
1,116900
1,115000
2,149300
1,115800
8,305700
2,147200
1,116300
5,235500
2,161200
1,112600
1,114900
8,303800
1,111400
1,117500
356,1431700
1,118100
75,945900
1,177900
1,189400
8,780500
16,708300
1,137700
13,494300
2,138700
97,1074600
19,590300
1,112400
35,1017000
1,105800
1,111100
4,188000
2,132200
6,250700
227,1228400
175,1913600
10,360800
1,106600
1,108900
5,226000
1,108600
5,213800
1,109700
94,948300
1,115800
5,229700
1054,683800
2,146000
1,112700
1,117600
3,171000
69,341100
1,116900
131,346000
54,1489600
19,833500
1,129400
1,141300
129,332100
7,423700
47,1511900
10,357300
91,893800
11,381900
1,128400
28,861200
1,111700
2,146700
2,151200
2,146600
9,328900
2,151200
129,281700
3,173000
8,299200
15,495600
6,318000
1,104200
1,107200
5,289100
57,1749800
1,117500
5,230200
269,752200
1,112800
1,122000
1,113800
190,281400
19,590000
2,142200
1,116000
33,959900
1,116200
3,183400
42,1180500
5,235000
73,443000
24,855600
2,163300
1,121100
44,1545900
1,116900
115,1501700
20,619000
12,404500
3,169000
1,117000
397,933200
85,719900
3,178400
330,874200
1,157000
1,156700
289,1439000
1,117300
5,227300
245,1705300
18,560500
1,111200
8,309100
2,156000
19,756700
11,387800
1,116900
5,225300
6,248600
1,123100
1,112700
283,1231300
1,111900
3,196000
57,1715000
3,210100
1,144700
99,1507600
65,253000
1,133200
1,133500
1,140600
7,371100
3,215900
1,132300
324,803800
1,137900
4,260900
1,134200
2,173800
7,354000
531,1691600
405,1645100
4,266600
10,537600
1,144100
1,119200
1,143500
30,940600
9,339900
42,1201600
1,121100
5,226900
21,644000
1,114400
9,424000
1,115400
2,138900
1,151800
10,491500
1,115500
949,1116300
1,114300
44,1254100
4,186500
1,116200
3,196100
3,170100
7,292000
15,490900
1,114900
47,1328300
4,200100
3,173800
11,377100
3,171200
396,881600
4,280300
181,1884200
11,387200
1,110600
1,113400
1,112200
23,688800
1,116700
3,172300
38,1096000
4,208100
494,1920700
4,211100
1,137600
1,120000
165,1539300
4,207800
1,110000
2,138000
68,324800
4,200300
1,113600
1,119500
2,137700
1,114400
2,158500
7,281100
1,111300
2,142500
1,114800
3,173700
1,118300
1,119000
1,112800
83,770000
1,118300
14,462800
6,248400
2,154100
1,115900
5,226500
658,1353800
9,341600
1,116100
26,856200
1,131000
7,283000
10,371700
2,172700
9,331300
2,146900
8,309200
8,307600
55,1517000
1,115100
2,145400
299,1753900
1,147700
11,453700
1,112700
4,193400
4,207400
2,150300
1,117600
1,243400
1,118500
7,397600
1,117500
24,913400
1,109300
10,360300
61,1728000
1,122100
140,568100
13,433400
1,116300
5,230100
7,279100
1,113400
1,111500
53,1443100
30,864300
5,223600
55,1715000
47,1341400
2,144400
1,110700
1,115900
4,194900
656,1684000
1,140600
4,241900
230,1355500
5,222800
1,113000
2,144200
1,112200
1,114800
1,115800
3,172900
13,475400
6,348000
2,210400
5,279100
1,133100
1,119400
45,1428000
1,117000
8,304300
1,113000
1,118100
1,111900
2,144700
3,180400
1,115900
1,112200
9,350000
1,116200
8,305300
49,1560900
2,183000
1,139700
34,1130600
6,334200
2,180800
486,1870400
1,119100
2,144900
10,359800
1,123200
248,190500
1,125700
6,246000
2,137700
9,424600
1,148400
21,758800
1,117800
11,382000
9,333000
17,546300
1,116500
1,119000
2,142700
1,118600
1,113300
122,1991100
11,390400
3,177500
69,314200
8,306200
11,378400
1,115200
12,415500
1,118500
1,119000
987,1972100
1,111100
1,117100
3,179000
10,353000
1,111300
7,279900
5,223200
2,147100
1,115500
3,174300
118,1726500
1,126200
1,97900
2,142500
8,325200
11,396300
2,144600
154,1105700
1,117500
211,874500
11,380200
11,372700
3,168700
2,141400
1,109400
2,154800
3,169100
30,867000
28,826400
12,415600
1,112300
1,117900
12,504700
1,148800
1,118900
4,244100
3,219300
451,856500
305,1695200
2,148000
6,246700
128,256100
2,147300
125,178800
2,147300
1,167100
64,193000
1,113800
12,404700
4,200400
12,408300
2,142000
2,146300
1,116100
2,148100
130,318700
13,432600
1,117000
61,2103500
2,154700
1,114700
5,229400
2,142500
4,205000
1,112800
143,645700
1,109700
1,120600
2,193400
3,176200
25,756900
3,168500
1,113700
113,1456800
2,143800
70,335500
7,282700
1,118100
13,436900
2,142600
5,245000
32,1284200
12,436800
1,125000
2,156500
3,170900
1,117700
3,171300
1,116600
290,1317000
21,661200
11,384300
5,223600
36,1045000
2,146200
1,112400
7,280600
1,118000
1,116800
1,116100
154,1271100
2,265400
608,1800200
214,908600
17,548700
1,116100
1,114900
11,388300
7,274800
821,848300
65,203500
1,130000
141,596000
1,115900
1,127900
1,152200
11,383300
4,207700
1,116700
1,118800
1,112500
1,115600
5,280700
1,269200
1,157600
4,198900
7,278200
1,120600
720,1397500
1,116600
5,229600
98,1067100
25,785900
6,253900
1,114600
2,145400
1,100000
1,93500
2,119900
1,98900
2,127700
9,340600
3,155100
1,128900
7,358000
3,213000
9,419900
3,192000
3,158900
6,363900
7,304500
2,220000
2,187600
7,279800
9,330600
1,111100
1,116900
190,289100
136,464500
1,116900
1,118000
1,134600
2,146100
4,195300
5,286300
52,1434800
8,428900
1,112000
9,332300
3,168800
1,117200
28,871100
4,199600
6,251900
1,112200
2,144400
10,384300
1,143600
1,126600
14,508700
6,253300
2,148200
4,199300
1,111600
5,224900
1,113800
6,248500
2,147900
10,418600
598,1356600
201,637100
61,1832100
2,148700
1,112700
1,116300
3,173900
147,745000
1,111500
3,198000
1,126000
1,117200
2,146000
14,620100
1,126500
2,160900
3,200100
187,208100
9,322400
10,370900
12,403200
1,116600
3,172900
2,146700
1,111600
1,111100
2,145900
1,112700
1,118700
7,290000
1,117500
1,111900
4,194500
5,219400
4,197300
1,116000
1,118600
106,1261400
7,277500
1,116200
1,114800
3,170200
190,295600
4,195500
1,114800
1,143700
1,150300
312,449300
2,148000
2,236700
1,124200
2,148300
7,282700
1,113700
1,117300
3,173900
1,113300
1,114200
11,383100
7,274900
2,143800
2,149100
5,224800
111,1468400
9,330800
45,1304500
1,116600
5,225700
3,173400
493,2065200
1,104800
2,127300
2,144300
1,116200
8,312000
9,370100
3,174700
4,202100
1,118000
10,353700
1,112000
1,112300
161,1116700
15,485100
4,190300
88,803000
1,116200
3,172800
1,110500
10,354400
19,580100
2,142000
1,115000
4,199500
110,1547900
1,121300
1,120200
15,484200
1,110500
482,1530000
1,114400
1,125100
1,146300
5,315200
2,159300
6,372500
1,135300
630,791500
1,106900
741,1916800
3,171200
4,221700
1,126000
8,366000
405,1193000
88,803500
5,225000
1,107800
1,121300
10,351200
1,115000
21,650300
1,116700
10,360200
387,659800
18,570600
1,114400
9,409100
9,325100
3,185000
12,402300
2,141700
1,114100
1,115300
2,147400
5,299400
4,235900
1,119700
2,135300
2,201800
39,1146100
1,115800
3,181000
1,113700
196,666200
131,440200
1,118200
73,543400
3,173300
1,115300
3,180200
11,384600
4,201300
1,110200
194,387500
1,110900
8,307300
1,113500
7,284100
1,115100
1,117200
12,410900
8,299000
3,171700
3,168900
1,127600
44,1564900
1,117200
7,279000
17,545400
1,116700
1,117000
13,434200
1,116700
2,148300
1,117900
1,112400
37,1105400
1,113600
902,1351800
13,438700
3,173900
1,138100
9,331300
1,113800
104,1333600
2,200500
3,181000
3,175300
8,311300
1,110100
3,207100
1,119900
3,166000
21,717600
1,136900
4,285200
1,112900
2,142900
5,229600
160,1093900
1,116200
49,1417500
27,801700
3,174100
3,168700
72,389800
12,482600
3,174600
1,96500
1,99600
19,600400
2,148400
10,437700
22,667900
1,114000
1,113200
114,1476800
1,116700
3,169600
1,114200
12,405500
1,116700
1,141000
1,118100
112,1447500
1,113400
404,1096300
11,458000
1,143000
1,146300
10,401200
1,123200
1,133500
145,1000600
3,222100
1,113100
23,681500
1,115200
56,1595800
30,878900
6,252300
2,151700
1,121100
83,669800
1,121100
104,1309200
1,115400
25,773900
1,118800
4,200200
13,433900
1,112500
4,195200
37,1098500
1,116100
2,140900
204,648200
97,1044900
12,399000
9,328400
1,111900
4,198400
1,114600
6,250300
1,129900
3,173000
6,247000
9,373600
1,133200
1,110100
4,297200
1,125100
9,383000
3,231000
10,347200
1,115100
26,815600
23,721900
1,111800
1,116900
18,561700
4,200000
1,112600
12,419200
1,121600
1,118800
1,116300
82,640800
6,251200
62,116500
1,115200
26,777300
4,203300
1,113700
12,409600
2,143000
20,699900
1,108600
1,105000
3,194100
14,668200
3,215000
4,241600
1,135900
41,1193600
1,110100
4,199700
9,326000
2,151200
3,191000
3,182400
2,145600
1,116600
1,112500
1,114400
16,502000
1,115100
1,116600
1,110100
2,144900
2,141300
2,144900
4,200600
417,1618500
31,1077700
2,163300
1,114300
1,105000
1,145600
18,628700
2,146900
34,1276300
1,114900
13,450500
1,105800
2,149100
1,117300
4,196000
1,111800
2,147200
20,685600
5,229800
10,356800
46,1284100
1,112800
1,119600
3,234200
1,120500
6,250400
2,134000
7,338700
30,877600
1,122700
50,1396400
1,115200
1,116800
22,701100
1,141600
85,947600
2,138900
1,129600
34,1059200
23,684300
1,112600
4,198300
1,116100
164,1391500
1,132000
218,1168300
1,114900
1,118200
5,226900
5,224100
21,656900
2,145500
1,116500
1,112200
1,114800
269,822700
6,255300
4,210300
4,196900
5,223800
69,364200
52,1459000
2,144500
1,114700
8,360700
533,1708100
1,117300
3,169100
3,174700
1,113100
4,196400
17,543600
6,249700
3,169000
1,110100
948,971100
28,983500
4,205100
38,1076500
25,744000
7,278500
1,138700
2,156900
4,198300
1,99100
3,353800
4,195200
1,107900
1,122200
8,309500
2,146300
95,1059600
1,115300
3,366000
1,132400
1,118400
31,910700
1,117600
103,1240400
1,117000
1,120200
1,118300
1,117500
3,174900
6,257400
7,274500
11,381900
2,142900
3,175600
1,123400
1,122500
3,213800
32,1247000
1,119400
3,172100
2,148000
1,111100
13,437100
7,289900
20,615800
1,116100
1,116100
3,178800
3,196300
23,781300
4,200200
653,1221900
3,175700
1,126000
1,118100
4,197500
1,111900
2,147800
3,172300
10,351900
6,249900
1,111000
12,639400
2,201400
1,121800
1,111100
1,115400
49,1376900
1,116600
6,252500
3,196300
8,301500
1,108500
1,118300
6,255000
1,114700
7,292300
7,273900
9,328600
2,143700
1,110000
1,116100
1,117800
3,170800
85,741300
3,171600
1,110100
14,457800
1,122600
8,303300
15,483100
1,149100
1,132100
4,210800
4,195700
1,117400
48,1553700
1,116900
149,904000
6,296600
29,860400
19,588200
2,146900
10,356100
59,1655000
15,485500
1,120000
2,146500
1,112200
1,143200
34,1241100
13,433900
1,114500
4,232700
1,112200
71,353400
2,145400
1,115300
242,1612400
1,116600
1,114300
11,399800
10,350500
2,154200
1,115600
4,197500
1,114000
9,329600
3,172400
12,481500
2,148200
13,442400
2,157300
5,224000
1,139100
5,269700
2,170300
26,871100
2,136000
55,2082600
2,147300
1,112300
1,115500
1,116900
36,1030400
3,180900
1,117400
212,864300
4,200100
2,146500
2,144500
16,520600
10,357100
1,109500
288,1410700
1,108500
128,254500
2,144000
355,1448200
1,117600
2,147200
2,145700
6,250400
1,114100
1,114700
3,171100
1,113100
19,588300
1,127200
1,112000
1,112700
1,113100
1,115700
2,144900
1,117400
4,200200
1,110900
5,227900
1,133500
2,146900
1,112700
4,208000
1,110100
21,654600
1,113600
1,115000
4,224000
35,1408600
1,145400
22,707000
1,116600
1,118100
384,578200
366,1679500
8,303300
1,114300
15,479100
2,144900
4,199700
4,217100
3,201200
40,1326200
4,205800
57,2121100
6,253600
3,176100
5,236600
9,330900
1,111700
1,117800
1,115400
65,198600
4,199400
5,273500
1,116600
3,179100
1,112400
27,792100
1,129600
1,121500
8,356600
4,195100
2,144600
6,254700
2,140300
1,114400
1,115100
1,113100
7,277200
2,145800
1,133800
3,197200
1,114600
5,245100
1,140400
1,117200
1,104400
40,1254500
1,117300
7,290000
505,556800
25,741800
1,114300
3,171900
4,199100
3,177700
8,304500
138,544700
1,111700
1,111900
2,142500
1,115800
6,258200
1,111200
1,124000
5,232000
2,146000
56,1606700
8,346900
9,494800
51,1456000
8,305700
1,115300
23,687800
3,174700
6,248200
2,279700
2,177000
1,148900
31,1038900
5,317300
3,279100
1,121200
1,108300
3,180800
4,268500
1,136500
32,1248100
1,137900
1,129600
3,207900
75,641900
4,264400
1,107100
1,108000
356,1520400
2,173600
4,201000
3,170500
10,349000
36,1025200
1,116600
1,116000
1,111200
1,113000
37,1033700
4,234300
1,119300
1,113500
5,218700
43,1282300
9,336500
1,117600
11,406900
1,117800
1,117100
30,887100
6,265900
1,113500
313,311200
7,280400
15,488300
13,431400
1,114700
11,397000
3,169500
3,169300
1,112900
1,133100
1,132500
4,245300
3,226200
5,357100
3,192000
4,263700
3,176100
1,116900
11,384700
6,253200
1,114700
2,146200
1,149500
5,341000
1,137800
1,146500
49,1411300
3,188200
67,261300
7,277500
45,1295000
1,122100
142,618700
1,113000
2,146200
5,227300
1,116600
1,117500
1,115200
1,117000
1,114400
29,851900
4,206100
75,460600
4,199900
1,114900
133,468600
5,251000
1,139700
9,347200
164,1227700
1,113700
62,113900
2,137500
1,116300
34,1251600
4,200800
1,109000
2,182700
7,301000
747,558500
1,115800
3,168600
6,260500
1,115600
178,1535800
1,111800
85,846400
18,843700
1,114100
2,149600
1,114800
9,336900
3,174100
39,1108900
7,274300
21,648000
1,115400
2,143700
1,116200
1,110600
8,301400
26,776200
10,352400
15,492900
1,115600
5,229400
1,115600
8,353400
1,119900
2,146400
1,116000
1,124200
655,1389200
3,169800
7,270500
1,112000
12,409200
1,118600
16,507000
1,116200
27,1429300
1,128500
3,197300
14,542100
3,216800
12,502100
10,357300
1,178600
941,832000
52,1745900
4,279200
187,266100
1,262500
28,1241500
17,875800
13,668300
2,164900
1,117700
6,256300
1,140800
1,131900
3,182500
407,1207800
1,139100
1,161400
1,146600
4,244700
1,124300
2,146300
1,116900
3,173600
1,130900
467,1551900
1,129800
5,245800
15,642100
3,179900
1,116000
1,125300
4,239000
1,125800
86,852700
1,124200
2,147900
4,202400
308,1796000
4,199200
1,110900
2,142300
1,115900
1,158500
10,358100
1,113600
28,949600
14,685100
4,257800
2,142900
57,1595300
1,118600
1,112400
2,218700
12,436900
2,146700
1,110700
1,113500
1,116400
24,739400
1,111300
14,460800
1,106600
1,118000
447,676700
1,116600
1,116100
3,178300
1,117300
102,1484700
1,150500
1,150200
1,152700
6,331300
4,200400
53,1584300
1,113200
3,172600
1,115900
7,293300
7,282100
1,112400
1,122900
9,332900
57,1622000
26,774800
4,198700
1,116700
2,147400
1,115700
1,139500
3,183900
1,116700
2,156800
1,110800
36,1305900
2,145400
8,315500
3,170700
939,759600
103,1302100
1,121400
4,201700
613,1801900
1,116700
3,176400
35,1314800
2,199700
97,1218700
3,184800
6,268000
1,118500
82,659300
14,461900
4,193000
2,144500
56,1549200
19,589000
1,116600
1090,1492300
3,170300
91,1024700
76,504800
37,1348900
3,176200
3,172400
2,145100
1,112500
7,288500
2,143700
1,113700
3,171100
1,125400
1,118500
6,252300
1,111500
183,1690900
1,132100
54,2045300
1,152300
3,255100
1,153000
3,220900
1,134500
1,124000
386,639800
28,826200
4,200700
34,1004800
2,141700
40,1136200
31,921600
19,589200
6,251900
7,273600
1,110300
27,824600
1,141900
6,274700
1,113100
525,1156300
4,203600
1,110300
499,402100
231,1405700
92,898300
4,201900
114,1711300
5,223100
5,230000
1,153300
1,114400
21,646000
10,416600
3,175900
1,107500
1,112500
1,103200
1,106900
10,396100
1,102300
1,113200
2,148600
3,173400
1,116400
5,220700
26,786600
1,115600
1,113400
1,116300
17,539200
3,173500
3,169900
1,111200
1,117800
142,629900
3,172000
1,110700
1,115300
3,174800
262,567800
34,999300
3,174400
4,197000
66,229300
3,213600
5,240200
3,184800
3,180000
3,174600
6,255200
3,173600
168,1298100
3,177600
3,176400
636,850700
523,1394700
4,235900
2,145500
9,328000
3,173700
3,171700
3,176700
16,504900
3,180300
1,143800
10,477600
3,194300
3,210500
3,262600
3,256000
34,988700
3,175000
3,169500
3,172100
3,173200
3,175800
11,380600
3,177600
4,197900
127,228200
3,170600
3,169600
23,701500
3,175400
2,141600
3,171100
5,221900
1,179400
9,327400
6,259200
3,178700
7,274500
3,175800
369,2592900
4,202200
3,211700
2,145800
3,172800
3,184400
4,201600
3,173200
117,1733300
39,1287400
17,545600
3,171700
7,347500
2,147500
3,173800
46,1324700
3,199700
4,232900
2,145900
4,187800
8,376400
3,201800
51,1459300
13,426000
11,383800
8,309100
6,250700
3,169700
3,173900
534,1346800
3,173500
3,173200
3,172400
3,173100
48,1340400
4,234600
23,929500
7,282500
3,184100
4,202400
3,193100
3,165900
3,176000
62,114000
8,305700
47,1724100
3,179700
3,172500
1,117100
3,173700
1099,1713100
63,150100
17,548400
9,322200
3,174000
1,115700
7,342000
3,218800
347,1244100
2,145600
3,174200
3,161500
72,386400
3,172200
3,174800
1,117800
4,205200
1,113400
3,174500
2,146000
3,173100
3,167600
3,174900
6,249600
3,170700
5,264800
30,863500
1,113700
3,172000
3,170600
3,170100
2,143300
3,172900
874,635800
420,1660100
4,200600
6,254300
3,186900
3,217300
3,198900
3,166200
3,173100
10,381300
6,252200
12,412000
3,174300
118,1576400
3,169200
19,595300
5,224900
17,544800
10,350100
5,222400
3,172300
3,175500
3,174500
1,112700
3,210500
1,112400
1,141500
7,314600
1,98500
2,203900
8,325300
29,932700
1,127100
1,116700
1,114700
3,171900
5,224700
2,146600
3,171700
1,114500
3,172900
84,704200
4,202300
196,439600
31,896200
5,222000
6,270300
2,147400
8,359800
3,174200
6,253100
2,149900
3,181500
414,1798300
6,271900
7,301000
2,133600
7,279900
3,165900
34,963400
7,270500
3,169600
3,172100
3,166600
3,163200
3,195300
3,163600
6,237300
3,164800
3,160300
86,745800
3,168200
33,937800
1,101600
8,297300
3,162300
1,112800
4,240000
619,1985900
3,172600
61,1699400
3,167900
3,168400
5,228300
3,212900
3,169400
3,170100
3,173100
6,248000
3,181200
333,830400
3,175700
3,169500
3,174600
3,170200
69,339400
2,204200
3,235000
10,553100
148,1032600
19,611400
3,164000
26,821300
4,191700
6,258500
3,163100
25,751600
1,109500
3,166500
3,166200
3,162900
5,228500
3,184700
1,112300
5,225600
1,111700
3,175900
6,252400
6,254300
3,174700
3,169800
5,224500
4,203200
40,1367200
34,1033300
3,175900
27,789200
5,222800
5,234900
50,1418800
3,173900
3,169400
3,188900
53,1514200
3,251700
3,255300
41,1283300
2,180300
3,239000
21,678100
15,487400
3,174000
7,282500
174,1468500
3,175800
3,174800
3,169700
47,1308200
3,171800
71,358000
3,171400
5,225500
154,981200
3,173300
2,142000
4,200400
1,127500
6,347300
635,890000
124,162400
13,438800
3,176800
6,251600
3,180300
5,227000
1,113900
3,176300
1,115700
3,172300
3,175000
35,1005900
3,174000
3,173600
3,173600
55,1962700
3,177900
3,173900
3,173200
1,112300
8,305600
3,199800
3,257000
15,639800
11,446900
3,191700
3,171700
3,168400
3,181900
48,1389000
3,252400
2,156900
1,124100
3,176300
1,121000
1,118500
1,116200
3,174900
3,170600
3,167900
1,116400
6,251800
1114,2189700
3,184300
277,1104900
7,280800
3,173700
4,200400
6,244700
10,358100
3,173000
3,191700
3,167600
3,174500
59,1645000
3,238400
9,350900
3,210300
112,1420100
3,170200
28,822000
3,172900
4,244600
5,293800
352,1480800
5,222000
3,170300
5,228900
3,176500
5,226300
63,146200
8,303000
3,173500
2,145200
3,171000
4,199000
3,173200
3,168900
6,250300
2,140600
10,357500
3,172100
15,491000
3,172400
3,178000
9,333600
3,185600
21,658300
5,224000
5,226300
10,409700
1,142300
3,169600
30,1111900
3,176800
1,114700
3,175000
111,1424100
4,260800
6,326900
1,138600
10,510800
532,1410700
89,818500
2,174600
3,174500
2,147800
6,252500
8,302200
3,208300
167,1434200
4,202200
190,287400
7,277400
2,146400
3,174700
3,198000
1,118400
1,115500
3,171000
3,170500
17,537000
13,434500
6,285300
3,182600
3,176500
3,173400
20,647800
7,277200
2,145900
3,173200
3,167100
11,419100
6,251200
3,169100
8,307600
72,514200
26,853900
3,176600
1,115300
3,178600
3,170300
103,1320300
25,773100
3,173600
3,168500
3,170400
8,314600
3,168000
9,322200
3,172100
1,115000
8,302700
3,174200
3,172600
20,623700
4,201900
3,173700
20,746500
3,207600
328,1025900
3,187700
3,177200
4,196600
3,177600
13,442900
3,175700
3,174100
3,176500
9,327900
2,147500
3,178900
45,1291200
5,225100
3,171700
3,171000
7,280900
89,845700
13,434200
1,112900
9,327100
3,171500
79,579000
3,256800
56,1962000
5,291900
9,358000
5,226800
3,174500
3,173700
3,176700
3,171700
5,235200
1,116100
3,174200
230,1315600
163,1168800
4,196500
3,171100
258,478600
3,177800
4,199100
3,199400
6,272600
12,426100
9,407800
10,361600
3,167700
3,209800
3,173900
1,118300
2,144200
8,305500
102,1208800
22,660800
11,380600
3,172200
3,172800
10,364000
1,112600
3,177800
198,495800
15,484000
4,201000
3,169100
433,2755600
3,174900
3,174900
3,169800
7,280000
3,168500
7,283500
3,174800
1,112200
3,174500
8,305300
592,1225500
8,323700
3,171300
1,115400
3,173000
21,645900
10,353300
10,364300
279,1157000
3,185700
5,219900
569,651500
3,174400
3,172800
7,287100
1,122100
1,113000
3,167700
3,172400
27,805900
13,493400
3,174700
639,882400
5,301200
41,1160800
3,214800
3,255600
19,708500
3,230800
5,301800
52,1584000
3,185400
135,440800
2,149700
1,120700
3,171800
920,1812200
4,201900
3,174200
283,1099100
14,460300
6,308900
3,174300
3,168100
3,169500
7,277500
1,112400
3,175400
3,229800
4,319600
5,322900
430,1798400
38,1110300
3,171200
3,176100
3,167800
6,259800
6,250000
1,111900
3,170000
307,1920800
1,105000
4,192200
186,248700
8,296400
3,165000
208,973700
5,215900
1,104900
3,199000
5,229100
26,782800
6,269400
3,170400
72,379900
1,116200
3,174900
1,115100
3,173900
2,146800
3,187500
1,116900
3,169100
6,282500
3,168800
3,174200
3,171700
3,167600
1,109700
3,176500
1,116100
3,182700
38,1071800
3,172800
3,178400
3,175500
301,1876300
3,192300
3,186000
217,1113300
3,170300
1,122500
3,175300
3,170900
1,114300
3,182200
10,351100
1,116000
3,174300
70,372700
1,121900
3,207500
6,300300
3,184500
222,1107100
1,113900
8,304800
3,169700
4,202900
72,379300
24,848800
5,308100
4,193400
3,181800
4,201700
49,1462400
2,143100
3,184500
3,173600
6,282100
3,170900
100,1093100
7,293900
1,114100
3,173800
326,655600
3,171300
25,742900
19,582800
3,206900
3,239000
17,550200
5,237300
353,1335100
3,177300
3,168600
3,172200
3,182400
3,167800
3,168200
863,2379900
10,358500
2,150200
3,171300
22,668400
7,277300
3,171800
398,1067200
247,1828900
3,206000
10,362900
3,171600
1,106500
3,176800
3,175100
2,148900
1,114000
3,173600
3,170900
21,650100
3,168800
3,171600
15,496300
3,174100
3,169600
3,172700
1,112600
3,174500
3,176100
15,477200
3,168400
9,342200
1,116500
3,188100
3,189800
1,123200
3,178300
39,1299200
7,284500
3,171800
23,844800
9,381400
3,199400
1,144200
6,275000
1,103000
3,180700
799,2254500
44,1249400
3,193500
3,213400
3,196300
398,1103000
5,258400
1,132600
3,228800
3,210900
3,167200
366,2034000
2,172400
3,178000
52,1464800
1,112700
3,173800
6,252900
2,148500
10,359300
4,198100
10,357600
44,1634100
3,174600
23,812100
9,332500
3,173700
3,169600
3,171000
5,226400
3,187600
3,220800
4,204400
97,1037900
8,302800
3,170100
991,2193000
3,174400
3,203700
9,403300
4,207000
3,169700
3,190800
12,504200
3,176600
3,177000
10,359000
3,176700
7,281600
640,911400
3,171300
3,173800
8,297300
2,146000
3,168600
44,1248600
13,426700
5,225800
1,110600
4,198100
291,1373200
130,398000
62,130300
3,161600
3,174600
3,222800
91,949600
3,169300
1,115600
3,168100
17,544000
2,157700
3,172800
54,1506700
14,468800
3,167800
3,173200
27,792500
4,200600
4,201300
1,118000
3,171700
261,563300
1,117200
5,280800
150,975800
3,165100
3,172500
3,174000
3,173700
6,253600
5,224300
2,141800
3,169100
3,172600
45,1245600
40,1133300
9,329200
219,1025500
82,649500
2,143100
3,168900
26,850300
1,111100
3,238700
5,310900
3,190500
3,330400
3,208000
31,1011400
19,667300
5,223400
11,392600
8,299200
3,170600
16,554600
3,173000
3,174100
4,200900
4,201600
5,224500
3,173700
3,172000
7,284900
664,1596900
222,1355000
3,174300
17,565200
3,180100
4,196300
1,114800
3,171800
2,142600
3,170500
9,328900
12,403700
3,168800
21,640300
3,172900
3,172900
484,1578700
21,633000
14,462600
9,469100
52,1674000
8,323100
20,644100
3,168800
4,199800
7,268900
3,174200
2,161600
3,172800
14,460400
10,355900
4,198900
6,252300
3,173000
38,1082500
3,169000
3,173000
3,175000
3,172500
10,351600
3,170700
3,184200
7,305200
28,919300
10,356500
3,171400
3,175800
2,147000
5,224800
8,301900
3,169300
3,172900
3,170200
32,946900
3,175400
9,325200
508,620100
1,116000
3,171700
5,226100
3,175600
56,1869200
4,261900
3,212700
6,386100
7,364100
3,208700
53,2021000
1,135700
3,214400
253,444100
4,242600
3,204700
4,245000
147,1027100
3,207400
5,278900
134,547000
9,427000
3,213600
3,230100
59,1924500
3,179400
3,173100
3,174300
482,1906000
10,516300
3,181500
6,292100
30,935400
1,123000
3,213100
3,237400
12,652900
3,226400
3,229800
3,230100
8,478400
366,2735600
3,245400
9,489300
3,234000
5,318600
3,233300
3,234200
1,148000
4,289700
1,139100
3,172200
6,248800
6,247000
1,108700
10,351800
1,109600
3,165500
540,1468000
16,567700
3,335800
62,123700
3,173100
7,286700
131,317400
3,160700
3,164800
1,109100
4,191000
400,991900
21,633200
4,191900
42,1282000
6,263500
4,193000
4,188900
4,192700
8,306300
618,1916200
4,260400
30,1179700
4,252700
97,1469100
4,268200
4,264600
2,198000
4,267100
4,270100
29,1232600
24,1070300
1,147300
5,307400
5,308700
9,472400
389,1020200
4,267700
117,2231700
4,268900
265,945500
1,149000
4,261700
4,258200
1,145300
8,425100
49,1741100
4,207200
974,2063900
32,919300
2,147000
1,132400
4,232800
71,399000
12,439300
4,228900
4,225400
4,194900
4,194900
6,247600
4,195800
72,380900
1,110100
4,271100
21,635800
4,266100
7,287500
4,204300
4,197700
4,197100
4,276100
4,324000
29,1044900
18,896100
4,248300
4,193800
3,230100
5,592000
4,265900
4,247400
103,1313400
16,519500
6,337800
3,175400
8,318200
400,1003500
4,221700
783,1551500
1,111400
4,202000
4,200600
1,117300
5,236700
3,173900
7,283800
4,204000
2,138100
3,172500
7,280400
23,695300
4,200100
2,140600
4,230800
9,369300
4,198600
4,246500
53,1484700
33,1009000
4,250500
3,173600
4,197000
1,107500
10,439800
4,186000
8,344700
4,218000
4,254400
45,1353400
33,952900
4,195800
48,1336700
2,149100
6,256200
9,330000
2,148400
1,115400
4,200200
4,198900
30,1004000
2,144400
1,117200
4,223700
29,858300
4,197600
1,116600
4,200600
93,917300
12,408400
8,321200
53,1448300
4,197900
4,205700
3,174200
4,202400
29,891100
4,195800
1,116500
6,265400
8,319700
28,951800
4,215300
10,379900
6,287000
4,262200
134,417700
2,146600
8,302500
246,1731100
75,500900
9,339500
1,115100
4,198400
4,199900
9,326900
3,170500
6,251200
7,275500
101,1291300
4,296900
4,214100
497,447200
19,593100
8,300400
4,199400
4,206300
2,150400
4,197200
240,1578200
60,1672600
4,206500
4,194000
4,196800
9,336100
32,1261500
14,516500
4,325600
2,173500
4,197500
11,385300
1,117500
4,202100
63,147000
33,962300
8,304600
4,201000
1,114600
4,197800
3,169700
4,199900
1,114900
4,206500
4,197900
99,1084700
9,328700
5,227800
13,449400
4,200500
4,200400
20,646200
1,118500
4,196700
14,500800
4,181300
4,201200
4,198300
87,767600
4,199800
46,1324700
8,301200
3,170100
4,199500
4,197700
4,199000
5,225400
29,903500
8,305000
9,405700
1,133900
4,273800
4,292900
1,137200
8,422700
4,261800
4,369000
293,1591400
4,212900
4,197000
4,200400
4,200300
1124,830800
48,1341000
1,117100
3,175000
4,192400
36,1028200
22,664500
2,146300
5,225600
4,200300
4,221400
18,836700
4,242700
8,307500
4,195400
3,172000
8,311800
780,1433800
4,204200
6,261600
3,168700
4,192300
1,117100
7,281800
4,200200
8,394500
36,1376800
5,275500
1,128600
9,403500
5,289400
7,358800
4,247100
4,247400
114,1593200
7,311200
4,228000
5,220900
1,108800
4,192500
9,329400
3,209200
4,195000
5,219600
401,996100
6,241200
9,332200
4,190100
4,187300
37,1233900
4,287400
9,325400
5,266400
4,232300
3,178000
4,205400
18,716900
5,229300
64,176500
4,237800
6,252200
4,206400
34,986500
27,1077400
4,207500
4,206200
2,151800
4,196800
2,142300
2,146500
4,197200
4,197700
59,1667500
3,175300
6,348600
4,241500
4,277000
1020,1444700
4,202900
2,145900
8,300300
9,340000
10,351300
3,171200
4,196700
218,1013900
6,252600
5,221700
1,117100
3,176400
9,329300
4,199000
4,198800
4,229600
309,1944700
35,1083200
5,225500
4,200800
3,173100
4,197400
1,118900
4,197600
4,202900
4,201500
4,208700
1,169800
4,234000
496,313700
171,1576700
5,226000
32,919700
4,201700
10,353800
4,200700
2,145100
4,195200
6,310200
4,254400
4,259600
42,1250500
10,416200
4,210500
4,197200
7,272900
47,1312000
4,198000
326,695400
4,198300
4,195400
11,386100
4,200000
4,209600
3,171900
6,252400
4,201100
4,205600
154,990300
4,278900
1,141100
2,148800
4,231600
183,1805300
5,253500
4,293600
4,244300
3,175400
4,202500
12,410400
4,194100
4,201200
161,1150400
4,200500
4,200700
7,273300
39,1114900
4,200000
88,941600
4,217200
2,166200
4,200600
6,254200
12,527200
2,146800
2,147300
4,196800
3,183300
4,197400
24,717700
3,200700
4,202600
5,226100
29,856300
3,170800
4,200900
4,195800
1,112500
4,198600
4,222800
4,197200
4,206300
3,164900
4,249700
4,229400
60,2300600
4,199000
191,326700
4,287200
23,883000
4,299500
5,239600
7,311900
4,252400
77,621000
4,241300
136,546100
19,594600
4,196200
3,213900
1,142700
4,219900
7,380000
4,255600
4,230400
4,293300
2,205200
4,360600
69,350100
4,200600
329,787600
29,876200
8,307000
4,201000
4,195700
13,450400
4,200800
49,1382700
9,332100
34,988300
4,201300
6,332600
14,497100
1,147200
4,264800
22,1213100
4,203400
4,260600
4,275300
58,1606400
1,168500
4,250700
4,237700
7,280200
4,200000
4,201500
6,262500
1,114400
4,197300
4,246400
4,201900
13,436600
6,255100
4,200400
4,205700
707,1222600
2,163600
4,231600
1,119100
4,208100
4,200000
187,201100
7,272000
9,331600
4,198400
4,201600
32,937900
8,304700
4,198900
248,202700
5,227700
2,146600
3,178800
8,315000
41,1168600
4,199500
211,892900
4,219600
46,1739600
4,200800
4,193000
27,799100
18,605100
4,198300
6,253700
1,116000
4,197100
245,1792400
2,147300
4,198500
4,194800
4,199000
4,276200
50,1470400
19,852000
15,656600
9,332000
4,201500
4,191300
125,177900
4,211300
96,998800
10,361900
49,1363500
1,115000
4,203100
8,301900
3,173000
4,227600
10,547000
5,224100
1,110400
4,190500
1,109100
5,218300
539,2055800
4,248100
390,971400
7,357800
3,211800
4,244500
355,1883600
4,244500
5,292800
3,219100
4,246800
5,281300
6,334700
4,259900
4,219200
1007,1255200
4,202600
4,193400
28,837100
5,227400
4,199400
3,175600
8,304200
1,117200
4,200700
4,201900
4,201400
21,653800
15,486300
1,113600
7,280200
69,337800
2,130500
4,199500
8,307500
68,302300
2,186900
9,460000
133,457600
4,279800
10,568600
6,261500
4,204600
895,1211000
215,929300
4,194900
7,307000
1,117200
4,199400
28,813800
1,115800
4,197300
1,117900
4,198300
3,171700
4,201300
1,119500
4,202500
95,1039700
29,922700
4,244500
16,577700
12,486100
1,123700
5,221900
27,848400
4,198400
7,281000
281,1182700
4,197300
2,146200
4,200500
4,193300
1,126700
4,290500
4,276700
2,171300
5,245500
11,550300
2,153600
4,193100
9,340800
63,148400
22,879300
4,291700
3,167400
6,233600
4,211900
4,202200
78,540600
11,407800
8,300600
4,196900
8,317200
4,194600
6,254900
4,196800
4,200200
22,883700
4,209300
1,115000
4,195900
4,196200
4,199400
4,198500
97,1034100
13,427600
4,197300
4,212700
6,420700
7,316100
13,460000
6,256600
4,194800
1,116700
4,237400
4,198800
4,245700
4,198500
6,262200
1,114700
4,196200
4,203900
23,850800
12,393600
4,209100
10,350200
4,199500
329,725400
24,720300
5,222400
8,303600
2,146800
9,327300
4,241500
77,699600
28,927700
4,201100
4,195200
67,253500
32,958600
4,197100
7,278600
7,277300
1,111100
8,311400
1,115300
4,198300
257,456900
26,766700
4,200400
185,1723500
4,254400
5,277800
4,270300
6,317400
19,591900
18,816500
4,197600
4,232700
2,153500
5,234700
4,267400
32,944700
4,199300
4,198100
4,200500
7,280300
4,199300
4,200200
5,224500
1,111500
6,262300
71,357500
11,407600
1,116800
6,251600
9,345500
4,229000
9,541000
4,241500
68,284800
1,105600
7,277300
4,198000
2,147300
4,209500
988,1978200
4,205700
17,534700
4,195100
1,111500
4,200000
4,193700
1,111300
4,200500
77,515900
4,199400
2,140900
4,198600
3,166900
4,194300
7,283100
4,261300
19,711700
4,306000
10,382400
4,279200
5,327500
3,201900
5,285200
362,1677900
3,175700
8,306100
15,507700
1,117000
4,196500
9,332200
4,195100
4,194500
19,584000
2,144600
6,251300
1,110100
4,194700
62,114900
4,210100
240,2173500
4,200600
86,747800
28,819000
4,216700
4,201200
2,147200
4,198800
4,200400
4,198300
4,198300
4,198800
4,198600
4,207600
3,168200
5,221600
21,632800
4,202800
7,276400
1,114400
4,209100
309,2219000
5,261900
24,715600
4,198200
57,1622600
5,233900
3,171900
4,200600
4,199500
4,200800
4,198400
4,199300
6,249300
17,532000
8,302100
4,198500
70,335500
14,450500
7,277700
1,116000
1,126400
7,314900
12,448800
4,200900
4,198800
4,198900
11,382800
4,194500
4,200700
4,200100
328,709200
4,191500
3,175800
1,113500
4,198200
4,238500
2,173200
7,276600
4,207700
1,112000
4,199100
4,198900
2,149800
4,197800
68,279100
17,535100
8,316700
4,243900
10,354800
1,113900
4,200900
2,167300
2,180700
2,306500
9,458100
4,283600
4,205000
148,816200
4,201400
4,208400
4,200500
4,204700
100,1100100
9,333200
4,199100
44,1220000
4,195300
4,201700
706,1070000
152,876100
17,648300
3,268500
7,307500
4,202400
4,190600
28,845300
4,203300
4,197600
1,111400
4,198500
4,196800
21,644200
7,277500
669,1684600
3,171000
4,196000
14,456300
13,456100
13,550900
4,253700
3,193100
4,239900
18,822900
4,203400
1,133600
3,180400
4,201000
4,203100
4,246300
9,331300
113,1447100
4,203000
2,142400
4,194800
4,194400
8,299300
7,274600
26,772500
9,328400
4,197700
113,1524300
1,127800
5,286400
4,218200
792,1818000
1,114400
4,200500
4,201300
4,207400
4,197100
4,194800
4,196800
1,111600
5,225500
1,116100
4,197100
4,196900
4,194400
4,202500
51,1504100
22,738000
4,197100
592,1587600
170,1368400
4,200600
4,199300
4,202700
6,253200
9,323300
135,445200
16,505200
1,118500
4,244900
1,112600
5,227000
4,204200
17,535000
13,426200
5,221700
4,208200
11,381700
6,249500
211,1005000
4,193200
4,238300
4,191400
4,196600
4,199100
4,204400
87,773200
7,302100
10,352500
4,198100
467,1132100
4,209000
21,858600
5,224000
4,230700
4,243000
95,1025500
4,200000
4,195400
4,197600
2,168000
4,299700
4,299800
3,176800
4,200400
4,194600
4,202900
190,284000
8,305300
9,337800
4,211600
3,168200
1,111300
4,202100
4,193100
4,198000
4,201400
4,204800
63,153700
4,198200
9,337200
2,144400
4,199400
6,250700
5,220300
70,334800
6,248000
7,272900
3,178200
2,146900
4,197900
4,198700
4,197100
2,145500
4,199500
20,708900
2,205100
4,257300
1,120500
4,194800
4,236400
20,611400
1,116800
4,203200
10,359300
4,196300
1,141500
4,201400
16,506100
3,173300
4,206000
1,118900
3,168300
4,198600
4,200200
29,1040100
4,236700
278,988500
12,523200
8,300200
24,831100
3,178100
4,209200
4,281300
12,551400
8,312000
4,198800
4,194800
6,250400
4,199300
4,199500
8,305900
10,365300
47,1301300
5,225200
4,197100
4,208900
43,1190600
7,277600
163,1276300
4,243900
4,280700
244,1782200
79,578300
6,266200
20,730900
4,242300
4,201700
11,383700
4,207000
3,179500
4,199700
4,197500
4,200000
34,1276600
7,287100
4,198900
4,207800
1,135100
8,367600
1,125300
4,237500
1,106400
4,194400
6,262400
26,760400
1,110100
4,200400
3,171700
4,192800
4,202400
13,442100
4,194800
28,814300
4,194100
4,196300
4,206300
41,1178200
4,197200
4,202300
1,114200
4,201400
4,206600
1,116400
4,198000
61,2411300
2,136600
4,202900
6,250200
4,212300
4,255200
4,230700
10,450500
4,272400
19,617800
4,201100
4,206600
4,196800
424,1574500
4,253800
1,116100
4,242300
4,203800
9,324800
4,201000
4,290400
4,334600
34,1023200
1,122200
4,199800
18,560800
4,212700
4,204100
2,147500
4,200300
4,200100
12,410300
3,170900
4,196200
1,111200
4,203200
44,1221100
4,199000
4,229300
6,259900
4,200300
4,197000
4,198600
593,1474200
4,206900
11,510500
4,197900
86,834700
4,275400
4,255200
159,1060400
4,195200
29,854600
1,113500
4,201200
134,409500
4,198500
4,195200
14,475400
4,198500
4,194800
4,198300
4,197600
5,225900
14,474800
4,255700
2,213700
4,233500
8,307900
4,202000
4,210500
5,227100
4,199400
32,934900
4,196600
4,199700
11,384300
4,201700
165,1237700
10,381800
140,578100
34,966200
4,199900
6,249500
4,195800
6,253200
84,983700
10,362300
6,250300
4,208100
16,541600
4,199200
3,227200
6,276700
9,352100
4,217200
4,194100
237,1610000
4,205000
2,197500
4,272300
2,151600
4,205000
70,348000
4,199700
4,204400
3,168300
1,116000
4,206400
5,224900
7,275100
8,367900
2,143400
1,131300
4,412600
574,902900
10,357300
4,198900
4,194600
2,146900
4,226200
6,263500
1,142200
6,255000
4,200800
8,312900
10,355500
4,195900
8,303000
1,117800
4,246000
3,173700
9,328600
4,196800
1,112300
4,196200
7,279000
25,785500
4,185600
266,884000
6,281100
6,238600
4,195400
14,456700
4,203600
49,1374300
4,198700
1,114200
4,205000
1,112200
4,199300
1,116600
4,262100
4,201300
4,206000
4,201700
4,200400
2,146500
4,198300
4,196300
4,199900
4,198200
3,168500
8,302800
1,121300
4,199800
4,199200
4,230800
39,1289300
4,204000
7,283000
118,1654800
4,202100
1,115000
4,198200
33,1010200
4,208100
5,231900
4,193200
4,199200
143,767000
5,330200
18,768900
4,203200
2,147500
1,110100
9,371200
4,234200
658,1722600
4,237500
4,209200
27,800900
1,112200
4,199900
4,195400
186,211000
120,1643400
39,1106100
1,113400
6,252300
46,1372500
4,225000
15,704400
4,241900
4,202900
250,264200
1,109900
1,112200
1,113900
8,299000
8,319900
4,195300
513,757900
11,392800
5,228600
6,250100
4,234200
4,254000
4,221200
24,874800
6,250500
2,140400
3,171300
5,219600
4,193600
2,140200
4,201200
4,196600
4,216800
36,1172300
3,177200
4,201000
779,1337800
70,381200
4,200800
7,279000
9,383800
24,715100
14,456300
1,113800
4,201800
2,151700
1,115300
4,200500
4,194900
5,220100
29,884400
4,195200
4,208400
151,1201900
4,241500
4,196000
4,210500
4,199400
4,197600
4,201000
73,411000
5,223300
3,175400
8,303300
4,203000
203,767100
31,1129400
4,210700
4,200500
4,199000
54,1482700
2,147000
4,199500
4,199400
10,444900
4,240800
4,273500
4,218800
25,737900
5,223500
5,227300
8,301700
38,1091800
5,223500
17,529000
13,432500
5,263800
5,232300
5,218600
57,1592500
6,252200
366,2042000
6,249700
5,225800
3,222700
5,313400
5,287300
5,299400
5,339600
5,307900
2,160600
5,224800
5,226500
211,1068300
5,228900
5,227800
22,657600
1,116700
10,370000
5,225400
297,1582500
26,827200
9,330000
62,117700
23,696900
5,222700
5,228300
5,224600
68,283200
1,115300
8,434700
5,225600
149,826800
47,1307500
5,228000
15,481300
5,223700
1123,905500
49,1511400
1,127500
5,286900
5,280400
5,241600
5,287800
5,220900
387,647700
82,657800
2,146800
5,223200
8,304200
4,197000
5,224900
36,1023400
10,353100
9,329600
5,222300
5,226200
5,225400
1,124000
5,260800
27,880100
10,392300
5,220000
5,232700
3,174500
4,198300
4,193900
1,116500
5,226300
3,171100
9,324500
317,410200
5,305400
5,225900
4,198100
5,219500
5,229500
8,297100
403,1067100
1,115600
5,225100
446,718100
138,633900
5,354400
5,414600
5,274100
44,1381400
2,176400
5,253800
2,146900
5,223100
5,247400
5,229300
5,219200
2,145500
5,221500
1,116400
2,145600
5,223100
5,224900
27,849200
8,301500
6,249600
5,221400
5,226600
5,223200
5,232500
5,228000
4,200000
6,258700
5,331000
5,220500
5,258800
5,225700
5,250700
5,228400
276,969000
5,228100
4,198900
5,233200
2,148700
6,247800
200,536800
5,225800
5,227700
58,1598100
44,1548800
7,282000
5,300300
8,345200
5,237800
5,355400
11,394800
3,175600
5,224700
2,144200
5,220400
987,1955500
8,305700
38,1082500
5,223300
5,226500
4,200800
5,252400
49,1359200
1,115600
5,268000
5,238700
5,317800
5,287400
5,231500
5,225400
106,1262500
13,479500
5,220000
18,559500
15,479600
5,224600
5,222500
397,1184100
116,1538600
15,481000
5,338500
5,349700
6,374500
14,486000
10,359600
40,1138500
1,117000
5,224200
8,298900
5,223500
5,220400
23,694800
5,225700
8,418100
5,226200
5,223800
12,416400
5,274800
5,227100
26,774500
6,252600
2,150800
3,195300
5,285700
477,1632200
5,224900
5,227200
5,231100
5,220000
5,233400
5,223100
125,177000
5,232900
64,187700
1,136300
2,149000
5,302300
5,234700
97,1172800
10,354400
545,1569800
481,1975900
5,221000
5,226700
34,968100
6,269300
3,180500
5,224000
84,687000
1,120000
5,222400
5,228400
10,359600
5,226700
6,254800
46,1306100
5,236600
52,1754300
6,264200
5,227000
1,111900
5,224400
7,278000
3,168000
5,222300
5,226500
5,252100
5,231900
7,356400
5,270700
485,1702000
1,115500
5,229600
5,229100
5,233900
22,876600
1,117000
10,354900
5,250400
5,334800
5,322700
119,1781500
5,226100
15,577300
5,224900
5,224700
5,226900
5,224700
9,328800
5,261800
5,231500
7,276000
40,1127400
1,117900
5,235900
5,271900
8,319200
1,116400
5,229200
5,232800
5,270900
5,333000
5,259900
11,438300
2,148600
5,219800
3,173400
4,260200
5,261100
5,301000
5,311700
1,144100
5,331500
5,274400
14,460800
5,223000
7,287400
7,274500
5,226300
5,223700
5,224000
66,229900
12,413400
1,114700
5,237800
2,142000
3,170600
5,224800
43,1509700
5,230500
7,276600
60,1667700
5,289900
64,178300
5,223800
25,998500
13,431400
5,223800
48,1342300
5,224900
5,226200
16,507200
5,227600
15,510300
9,400100
9,393200
5,222800
10,367800
5,341900
5,310400
3,176800
8,304500
3,171500
5,218500
34,978800
2,150700
5,218800
5,228500
495,1877500
2,147000
10,390700
5,226200
1,114000
3,174400
9,334300
5,224200
5,328500
5,339300
5,234300
5,268600
7,430700
5,244900
5,228200
1,116500
7,274300
4,201700
7,275200
15,487300
13,441000
6,248400
8,303900
324,593600
15,496300
5,234300
5,259500
5,223800
5,225700
10,357100
5,226200
5,226100
1,126500
5,234100
2,171000
5,272800
6,283300
5,321000
13,629100
2,156400
5,230600
1,116700
5,231100
77,516000
3,217700
9,343200
5,238400
5,228300
26,769500
2,142000
5,222900
11,411600
6,248200
73,415500
5,222200
28,815900
4,214400
5,226900
30,1143000
19,663200
12,440700
4,205300
5,222300
12,411300
5,225100
1,111800
5,236600
65,203900
1,114300
5,224400
7,269000
5,227300
6,255800
5,224300
5,221600
4,205500
5,225300
7,275700
7,276600
10,354800
91,1144800
5,238000
48,1518600
5,221100
1,115500
5,218300
2,149100
5,236000
5,230500
5,221100
5,234800
241,1618700
5,225100
22,673000
7,283600
4,197100
5,223100
7,276900
5,221300
5,232800
1,118700
5,224000
222,1128300
17,867200
5,249500
8,309000
5,226400
5,227600
1,112600
5,225300
5,238700
5,219700
12,404400
5,227200
7,280900
5,226700
141,620800
5,225900
583,1091500
35,1557700
5,230000
5,223100
5,222200
53,1993500
2,148100
5,237600
21,636600
5,226600
5,224900
5,224900
3,191300
1,119000
5,240100
5,226200
5,225200
5,225200
45,1343100
5,224700
638,825800
13,429400
8,310300
5,295500
5,345900
3,207700
7,264400
5,226200
36,1040200
15,482000
5,226600
182,1648000
9,335100
5,288800
2,156500
5,231700
7,294200
5,209100
5,211300
88,1051200
33,1065000
25,857000
5,229000
5,229400
5,226400
119,1597300
33,944400
5,227100
5,231500
5,227500
2,144400
5,235100
5,286100
5,227000
5,225200
5,221800
5,227800
26,842900
5,229300
5,226300
213,1038700
3,180500
7,295300
54,1497000
5,225300
5,233700
5,230300
9,385400
2,140100
8,485900
5,336800
5,283100
212,871700
116,1573000
3,176700
1,114500
5,277400
2,214300
4,306600
7,366600
4,216700
5,232300
5,226600
5,224200
2,144100
5,216200
11,383800
5,233000
1,122600
5,229600
70,344500
3,175500
10,359300
3,171100
5,226500
234,1422300
5,221800
32,938500
5,235000
11,381900
1,111600
10,469700
5,257100
3,231600
2,142800
2,189800
5,305300
5,236000
17,544200
5,225900
354,1729400
2,148600
5,225300
13,463200
7,276200
8,316900
5,225200
5,225500
10,356300
5,225300
149,815800
89,893600
10,546100
5,321900
16,787400
2,149800
6,251100
99,1090000
5,228400
330,745300
5,218200
5,223200
485,1610000
1,115800
5,224800
3,168400
5,236600
5,222300
5,226100
1,119200
5,225300
654,1609100
3,165100
5,233700
15,520800
5,291000
5,239400
5,232700
82,683000
5,230300
4,200100
5,227900
6,250300
297,1610500
39,1123400
5,223000
5,222700
165,1564600
8,307800
9,330800
13,444700
2,147800
5,227000
49,1363400
10,369800
5,229600
18,565900
5,225700
2,141700
5,221700
5,273000
116,1568500
34,1354500
5,229300
3,173700
5,227400
1,126000
5,324700
5,262200
27,1024400
14,454300
6,253800
69,384600
5,228200
5,247900
5,226800
1,117300
4,195900
5,225800
5,226000
5,239000
5,228400
5,224400
5,225700
5,221300
1,111600
5,223300
5,225600
6,246800
2,175000
10,431500
5,251800
5,230200
6,241100
3,177300
5,229400
65,199500
6,263000
448,653900
5,220900
5,228800
5,224300
150,834900
5,223700
108,1307800
48,1610800
5,316700
5,285400
2,246100
7,536000
8,337100
5,272100
2,134500
5,218900
10,376700
3,174600
6,254500
52,1464600
5,225300
5,228500
5,228800
5,231100
2,146500
4,201400
5,224000
1,110500
5,225500
2,145200
5,224600
7,277500
8,312000
25,751700
5,235300
1,116200
7,327100
5,324300
9,371200
674,1797800
5,234700
76,546400
5,219700
67,259300
5,223900
5,223100
3,170200
5,232400
30,869900
1,117400
7,279100
4,199100
5,222400
67,261300
5,261100
1,116400
1,125900
5,223600
5,225900
378,550300
3,256000
5,359100
5,224700
14,457800
6,252700
1,115700
5,222700
3,167600
5,231200
37,1056600
5,220300
3,171200
5,223000
3,171600
5,232900
89,817900
5,222300
5,223400
5,221400
73,416700
5,224800
2,142700
5,226900
5,225300
5,226800
5,225500
640,1158900
295,1571700
5,230200
5,222400
5,225500
168,1621500
10,384100
6,292200
6,258500
2,148500
6,266500
5,233800
10,438600
6,259700
3,174200
4,196100
7,275500
6,249100
6,286600
26,960200
6,233800
10,358700
6,257000
2,143000
9,330500
6,253400
3,172800
8,301500
6,246100
3,171500
1,114600
10,366500
8,301300
7,273100
1,115200
6,247400
3,168200
6,247900
15,491500
8,301900
83,692100
14,458000
6,250400
9,343000
6,319200
6,377400
6,346600
27,797900
6,249300
6,332000
1,114800
6,256800
2,145800
8,301100
6,277000
3,182400
7,274800
6,250600
4,193900
6,247400
1,112400
3,173600
6,249700
6,292900
3,237600
8,389300
3,206100
6,323400
6,246100
698,870200
6,263700
6,326700
194,562900
6,304500
3,182600
6,332100
3,173900
6,249600
655,1293600
6,306400
14,455900
4,202200
6,249200
149,842100
68,280000
6,248300
72,382600
4,197600
6,246800
153,961900
39,1393400
6,318300
6,264900
6,248600
6,251700
6,277900
5,227800
6,254800
6,250200
851,1767100
71,496700
23,770400
6,249600
6,252300
15,577900
6,247400
6,251900
11,387200
2,150300
6,317300
156,1102900
6,244200
6,253700
6,255600
6,258400
348,1207100
21,631000
4,212400
6,250900
94,988100
6,248400
10,360500
6,248900
6,252600
6,250000
41,1262600
6,260400
201,763600
6,244700
6,261000
6,251800
715,1364400
2,194700
5,279200
6,290200
9,428700
1,112300
10,356600
6,254700
6,247100
231,1346600
7,277300
6,254600
539,1815100
57,1575400
9,435200
30,881100
3,170100
6,249900
4,199300
9,325000
10,351200
362,1607500
74,435600
6,251900
10,365800
7,365900
6,250500
4,260200
7,311500
42,1292700
6,265000
37,1116100
6,254200
3,167400
3,171100
6,248900
3,166400
4,196400
6,256600
1,115200
1,120800
6,253900
9,329100
6,253600
1,111700
9,326300
6,313500
6,256800
1,119000
6,248600
31,1085500
6,350200
6,264100
1,117800
6,249500
6,249400
806,440900
6,246800
14,474400
13,439400
7,271600
1,111700
6,252700
10,352900
6,246600
6,278900
6,262700
8,300200
6,245900
1,116100
6,248700
6,251200
59,1708300
6,264400
6,350400
51,1920200
6,264500
657,1449500
6,249200
6,317400
6,250100
6,246000
6,252600
32,920800
1,115300
6,261900
3,168000
6,255800
6,246400
8,316500
1,131500
1,141800
6,353700
14,602900
6,244600
6,347000
31,1145400
6,243800
6,275200
34,986400
9,354500
1,111000
6,281500
6,254100
6,249200
64,174300
2,146700
8,303400
6,255000
6,254900
25,740500
14,459400
11,502900
1,123500
10,398100
6,255500
2,128900
6,257300
6,244800
4,198300
7,288400
6,403000
445,671700
6,254400
3,171900
6,249500
6,261300
29,844900
2,145700
6,250300
6,245900
17,582100
6,243100
1,112600
6,253000
6,245600
849,1978800
13,578900
9,343400
345,1199300
2,147700
6,253000
6,260300
3,175600
1,117200
6,254100
6,251500
164,1194300
4,277600
6,257900
156,1254000
83,790000
80,680000
5,265400
6,257700
3,185600
6,248100
6,242000
14,458300
9,327900
6,251500
78,547200
6,251600
11,377900
7,274300
52,1431100
1,111100
5,229100
6,251000
6,250200
3,170400
6,250200
11,383600
4,250200
6,349600
28,1054800
13,473300
6,249800
3,170700
6,251400
5,224200
6,249800
7,288900
25,739000
8,326800
30,887200
3,174900
4,194300
6,297000
8,311200
14,514400
3,166500
6,262500
6,250800
25,806900
1,101700
7,329900
102,1184000
4,207600
6,254000
6,246900
9,328100
293,1739400
1,112800
6,260200
11,377500
6,249100
18,558700
15,512300
6,257900
7,275400
6,250800
2,143600
6,251700
6,308100
35,1296200
6,249900
6,252300
6,245900
7,276100
6,251600
34,976900
6,251000
6,248600
1,111200
6,304500
98,1498500
43,1210600
14,436400
6,229500
18,672600
6,275000
1,153500
6,251700
6,234000
6,237500
98,1243100
19,848300
8,365100
6,292500
6,379300
61,2644300
9,482700
1,140700
6,384700
6,255300
6,253400
3,156700
6,261600
6,291500
36,1079700
1,127500
6,289900
6,360300
6,353300
162,1917700
1,145300
6,376000
5,317000
6,362700
55,2441700
31,1394600
7,270200
3,164700
8,325600
2,138800
6,242400
107,1284500
3,167400
6,243800
6,244600
1,115700
6,242000
39,1090700
2,138100
10,352300
6,254500
6,265400
6,341100
72,522500
6,325500
1,143400
1,154100
9,445800
6,321400
423,2138600
13,563900
6,320500
1,154000
6,332300
521,1272600
8,404000
162,1551800
6,341000
6,337100
282,1500700
4,266500
6,356000
5,306400
6,347100
6,334600
58,2499100
1,154800
6,354900
407,1840500
39,1677100
6,349800
24,986700
20,879300
6,372000
6,346900
74,615400
5,300400
6,349300
50,2129600
6,382700
1,161900
6,264100
2,146500
6,267500
19,622900
6,351700
6,272500
37,1112800
14,734400
5,311900
3,201200
6,335100
6,339700
6,384900
6,284500
294,2782100
6,385600
8,337900
829,1804700
6,400800
1,150400
6,278800
6,274500
45,1559600
6,246200
7,321500
1,111400
4,204800
10,467500
23,1023900
6,256500
118,1765100
3,216500
6,258500
6,278600
34,1036900
5,243500
6,260800
1,122900
6,258400
3,173400
6,249900
3,180300
6,292200
1,128500
1,176900
6,325200
6,355100
6,328600
6,342900
6,334700
1,111100
6,278800
6,307600
54,1625100
4,209500
6,257000
7,282900
11,402400
6,266000
9,337900
6,291100
6,286000
30,916900
7,325500
1,121600
6,257100
146,767500
6,337000
32,1219800
4,205200
6,253800
156,983700
2,173900
6,255000
6,253100
7,280200
6,261900
68,293900
6,252500
6,260000
8,313700
12,463400
6,357700
6,270900
6,258900
6,272900
418,1916500
6,329100
4,205500
7,283500
197,482200
27,796200
14,505000
6,258700
6,259200
31,894800
8,348500
6,247900
6,253400
229,1312000
6,254100
3,167800
6,266000
30,1047200
5,242400
6,254700
290,1326000
1,115700
6,251500
4,201800
6,254100
39,1148000
6,323100
6,271300
101,1144500
46,1284400
3,181500
6,253900
1110,2354700
21,655500
4,196300
1,115000
6,256300
4,198600
8,297900
6,251400
6,253400
94,956100
47,1313900
6,253000
313,308500
1,116300
7,278600
1,114100
6,253600
6,313600
6,277900
53,1596200
8,305500
6,257600
6,252000
8,330800
1,188800
6,498500
68,625000
17,682500
6,245300
6,273200
6,281300
3,172900
6,252500
6,271300
1,159400
6,319000
6,320700
6,261400
6,251700
13,521400
6,256000
6,318700
106,1420900
8,308800
10,355300
6,248200
6,254600
118,1574400
9,328200
6,250100
8,312200
6,251000
6,248300
4,200300
7,276700
6,308300
6,253400
7,276100
8,411400
210,1069600
12,402400
6,264400
6,280700
86,748200
37,1078400
6,298300
6,253400
141,590200
6,251700
1,117300
6,258600
6,252200
4,200000
7,279100
24,742600
6,252100
1,112800
6,262700
6,300700
65,220600
9,385500
296,1515300
6,251900
7,277200
113,1462000
9,330000
6,250700
6,247000
2,144900
1,115000
6,260900
2,147900
7,280500
5,221200
6,251100
4,197900
9,334400
6,247800
3,176400
6,247700
193,480100
6,460400
180,2153700
1,134500
6,301000
6,302700
32,1185700
4,230600
6,297600
6,310400
182,2141200
6,300800
6,295200
6,294100
38,1453300
6,312800
2,159900
6,332300
656,1836500
38,1376200
6,281800
3,175100
6,248200
684,481500
8,303500
4,201400
6,251700
21,755800
6,395300
1,133900
6,301800
3,170100
6,246900
5,311300
6,273700
7,275300
6,249300
5,234300
1,116200
6,254600
11,415900
10,449600
6,307400
6,247200
6,247000
10,358000
6,258900
65,199900
1,111600
6,253600
10,354200
6,249000
46,1365100
6,287400
94,1078700
27,830300
3,171300
6,253100
1,115400
6,248300
137,508200
6,275100
9,328500
16,508700
6,247800
51,1440100
6,276000
99,1090100
43,1450400
6,295100
43,1251900
4,200700
7,286300
7,279000
865,1993100
2,144600
7,277900
7,276000
26,773800
7,288100
189,252500
12,407900
7,300300
1,126800
7,454000
1,128200
7,374500
6,320700
7,323900
345,1153700
7,277300
2,141800
7,301000
7,275100
63,146800
7,425000
5,223200
7,293500
169,1378600
37,1059300
7,429600
7,491900
46,1821300
34,1103900
7,315200
7,278100
1,119100
7,279800
73,429600
7,278300
5,227000
6,251300
7,273300
5,233500
5,225800
7,278200
93,930000
7,274500
9,324100
7,648100
25,757900
7,282300
7,279300
70,329500
7,288800
7,277200
7,279200
9,329500
7,277400
7,278000
64,174900
7,327100
7,278500
7,275400
7,274400
7,277700
4,201700
7,337500
3,176700
7,328600
23,858500
3,176800
7,275200
7,353000
7,389800
31,955900
15,508900
11,379700
7,278700
7,269900
7,277300
9,328700
83,678800
8,303200
7,276800
4,195000
7,278000
7,270700
7,273300
1,256100
9,427000
2,150600
7,278300
1,113600
7,294500
12,535900
7,423500
7,362200
77,597000
7,287400
2,144800
7,276400
7,279700
7,364700
9,330500
174,1452500
20,686800
15,514600
7,285000
1,123800
7,317400
13,432200
3,174800
7,286200
7,398500
17,643100
2,208400
4,281700
7,418900
7,277200
44,1224500
8,315000
1,116800
7,283300
7,279300
1,111600
7,279000
7,278000
7,273600
254,375200
15,482200
7,274600
7,276700
3,174300
7,277700
4,200900
7,288600
7,276100
34,1037700
7,307600
7,302500
7,265000
981,2000400
2,145900
7,277500
7,372700
21,806800
7,280000
2,147300
7,278200
53,1478200
20,612300
2,145200
7,279000
340,1300000
4,202400
7,277800
138,523200
7,289600
10,358100
2,142300
6,249800
7,366300
7,283600
4,201300
7,292300
185,1745700
7,288200
8,304400
9,373400
7,285800
7,272700
7,276600
7,304400
7,310000
7,335600
30,888900
20,622800
14,466500
7,300600
7,273900
7,399200
7,293100
8,294900
7,270200
7,265400
7,269400
3,163000
7,271500
14,462100
7,268400
13,557700
8,380100
7,349700
7,358700
7,370000
54,2579300
10,364100
7,285800
1034,1924500
7,282700
18,583600
7,275600
9,325200
7,279700
7,277900
3,173600
7,289200
7,283500
3,278600
7,443300
7,288700
43,1295100
7,295300
7,327000
7,277400
3,182400
3,173300
8,309400
7,279800
4,199700
7,276700
4,199200
7,273100
7,301500
199,516200
68,284300
2,140000
7,272200
2,148500
7,278300
7,286600
7,278700
99,1245200
9,447300
7,343500
38,1078500
7,275200
1,141000
5,223400
7,278800
11,379300
1,114200
7,283000
7,342200
10,365900
7,273400
27,789000
7,333300
2,147900
7,273100
1,120900
7,278800
12,412200
2,144200
1,113200
7,323100
7,410200
7,397500
3,189200
1,111500
7,280800
7,275300
7,279000
96,1020900
12,415200
7,278100
8,307000
7,278300
353,1410500
44,1250600
6,253500
7,276700
7,277700
7,318600
7,336400
8,436900
22,664900
1,117800
3,169600
7,278600
7,285500
11,385900
1,114300
10,351400
217,1018600
7,292700
35,1030500
7,278800
461,991100
31,890000
7,279500
7,407200
7,296100
37,1319700
7,287400
470,1212600
7,278400
7,278200
1,125200
7,276900
7,278600
314,381600
7,277400
6,250400
10,355400
7,276600
73,408000
7,338500
7,277800
7,279200
1,116100
7,284100
104,1348400
10,354400
1,116000
7,290600
58,1627600
7,293600
63,144700
7,277800
3,170700
8,301700
7,275700
1,116700
7,277900
7,284700
2,149900
7,282800
7,273500
7,279200
7,277300
135,447900
7,290700
7,408000
7,399100
7,401300
18,562700
4,199700
7,274100
92,900800
3,171800
7,285600
325,624400
8,306200
12,409200
7,279000
55,1521500
7,275800
17,538100
7,287700
377,386600
7,322700
7,312000
7,411100
7,401400
18,573000
7,281100
3,204500
7,279500
3,173400
7,276000
7,282600
4,196100
7,275900
35,1036500
10,365400
7,279300
7,273600
25,1029500
7,387300
2,175900
10,365100
37,1235000
2,153300
7,263600
41,1234800
7,279200
1,118300
7,275200
12,411600
7,278000
11,382300
7,285100
7,288100
5,225900
7,276900
5,223100
7,277600
98,1070100
7,278000
62,117400
7,278500
4,194900
7,317800
7,402100
10,417800
1,111400
7,269700
14,465700
7,282800
375,341800
3,180600
7,284500
2,142200
7,274400
7,280200
36,1042300
7,274700
7,281600
29,1024500
7,369600
85,722100
37,1121000
3,270000
7,377400
20,744400
2,153800
7,279300
535,1338800
31,911600
1,115500
7,283600
15,483700
9,329200
40,1159600
21,645900
7,286500
7,278600
13,537800
11,500000
7,319600
7,282900
7,280800
35,1011900
7,286300
6,250800
7,334300
7,282400
363,1834300
1,119300
7,275800
7,278300
202,608000
7,278800
2,142800
7,273500
13,472700
1,149000
7,426500
7,357200
42,1545700
9,333000
7,276300
7,277500
3,173500
7,273000
7,278800
4,244500
7,287900
7,275800
34,1001700
10,358100
7,282600
7,276000
10,352900
2,141700
7,278800
7,277300
77,848500
7,385100
1,145300
7,340400
7,282000
8,312500
2,144500
8,342100
7,278600
86,842800
7,450400
7,290300
1071,1000600
12,417300
7,292400
10,359000
27,821100
6,256100
9,346400
369,2175800
1,119900
7,340800
30,930600
3,204800
7,295000
7,283100
7,298500
2,150400
8,318600
23,769800
7,302700
7,285300
510,703200
3,178000
9,346900
3,183600
7,312200
178,1854700
7,287400
7,306900
137,531900
12,501000
8,327700
7,276600
8,331100
8,308300
8,306400
13,444100
9,328200
2,150500
8,320800
114,1518300
8,352400
16,759500
8,400600
1077,1228800
153,939900
10,470800
8,317600
5,235800
5,235400
8,325100
2,161200
8,311300
9,399200
600,1750100
8,360500
8,370100
10,448500
1,116700
8,370300
8,509000
8,331800
17,713400
9,355100
8,303600
8,316700
3,170200
4,201200
8,311400
17,564100
8,313300
156,1004100
30,914800
9,348200
54,1982800
8,308500
132,370600
8,399900
23,772600
3,172900
4,200700
8,321000
1,117900
8,305500
1,121100
8,320200
451,936000
8,349900
63,199000
8,472300
27,1105500
8,395300
2,185200
8,389000
3,210300
7,622200
8,445500
8,521200
20,772000
4,260800
1,136700
2,166400
8,402900
2,165000
1,128100
8,377200
8,370600
181,2189900
12,487200
8,351700
37,1357600
2,175400
8,366800
8,364500
8,388200
7,331700
8,358700
9,428800
60,2256500
3,205100
8,394600
8,395400
6,313800
8,413400
84,934800
8,432000
763,1281800
7,342900
4,231500
7,338500
8,396200
21,859900
3,242700
8,382900
8,410800
8,391600
7,339500
8,399800
15,677000
8,379700
8,398100
8,392000
8,385100
730,2420800
15,626300
8,385700
8,375500
8,378000
22,848500
8,383900
26,1055300
25,965800
19,802700
8,392000
13,564200
1,134000
7,343800
8,371700
8,366800
146,994700
8,374100
17,746900
8,383100
1,128000
8,372400
131,399200
48,1845100
41,1518300
31,1218800
7,341600
8,374400
9,401700
38,1420200
8,354200
8,369400
1,126900
8,374800
137,639200
8,393500
161,1482800
8,358900
560,403800
29,1151400
8,376500
99,1404800
8,372900
980,2329000
311,328100
39,1443400
6,310600
8,398700
8,373800
8,375300
6,307200
8,369000
8,379700
29,1074100
24,910200
8,377800
12,516300
10,450200
63,177400
3,204600
8,391400
8,368800
8,380800
10,471600
38,1568500
31,1163600
8,373400
110,1814400
8,372300
8,375400
1,133000
3,201500
6,308500
8,396900
262,693700
8,385000
2,165900
8,384800
232,1902900
5,290000
8,373500
8,376100
1,127200
8,381600
187,243800
101,1494500
8,373900
7,351200
8,419400
36,1343800
6,325100
1,129000
8,381300
11,482100
8,505400
3,206800
1,141300
8,378600
744,520500
1,127400
8,362800
8,376200
33,1264100
2,164600
8,372000
32,1221100
3,199900
8,381000
1,129800
3,205900
8,540800
8,380500
8,381100
8,402800
34,1279600
9,421500
1,127300
8,370800
10,468200
8,469400
8,378700
8,379500
9,417800
10,447000
8,376400
8,434500
8,372500
1,127300
8,391100
8,370100
426,2395200
183,2286300
8,393700
32,1222600
8,379700
124,169700
102,1680700
4,324000
8,405600
8,386000
1,129400
8,385600
2,193600
4,260400
8,533300
3,217500
8,376600
3,178200
3,176300
8,300400
1,157100
8,436700
21,1003600
8,507400
8,404600
73,450300
8,447900
8,502700
8,405500
8,388100
8,304700
1,113200
8,472400
45,2069900
10,549400
295,2473500
8,485200
14,711200
3,391300
8,304600
2,183700
8,478800
12,632100
8,356300
94,1479900
22,1051800
8,420500
75,724900
8,445100
8,446500
21,994900
8,467800
8,450000
8,475500
54,2327400
9,382400
230,1364000
8,329000
16,732300
8,392000
672,2341000
3,180600
8,388500
8,326100
8,309400
6,252400
7,275100
8,301800
11,381300
8,304200
8,301100
217,987900
2,147600
2,145800
8,307700
35,996200
4,195800
8,297700
10,375800
42,1530400
7,289400
8,305500
57,1609800
1,123400
8,310300
330,879100
37,1064100
33,976300
8,312800
890,1506000
8,364300
8,359000
8,382700
8,306900
137,501300
8,312800
8,301500
9,343100
8,303800
8,303100
8,303300
1,116500
8,292800
14,464100
7,333000
9,330800
3,170200
8,302200
8,303200
94,961100
8,303900
625,803000
8,356900
12,470200
3,173500
8,304600
1,114400
8,301700
10,357600
8,314400
8,301700
1,111600
1,113100
8,303000
5,220500
8,300200
8,328800
1,122100
8,304900
51,1496800
1,129200
8,394900
3,181400
8,312700
8,332300
5,268700
8,488500
6,298200
10,432900
2,144400
8,302700
635,759700
7,280600
8,304800
11,387200
8,302900
26,781000
8,296200
8,303400
3,168600
8,303500
3,173300
8,336800
147,755300
58,1859900
8,333400
8,306500
8,307800
1,114500
10,360900
434,287700
1,123200
8,334000
8,304500
8,304000
58,1607100
35,1156300
13,506800
10,340700
307,2009100
8,309100
1,117100
8,304500
8,327100
15,485700
9,325300
6,254000
8,299600
9,327300
8,307800
51,1415000
8,305100
2,154200
8,299500
8,303600
37,1046300
8,311900
2,222000
3,215500
8,341900
8,483900
14,467100
8,341300
12,411000
8,302600
8,302700
8,306300
9,326000
8,364600
8,293500
34,1243700
20,681700
8,301500
8,302600
3,169400
8,304000
15,499700
8,353300
17,649400
8,304000
3,165900
10,355300
8,304600
1,119900
8,303600
8,301700
9,329100
9,327300
3,183000
9,326200
14,456300
12,523200
9,332000
56,1546100
2,154900
9,326600
63,149200
15,658700
9,400900
208,824100
28,832900
9,324300
2,146100
9,328800
9,329500
147,747300
15,628400
9,489400
49,1561400
9,330300
9,374100
2,145200
9,330000
1,112300
9,433800
15,709300
3,224300
9,379100
219,1118500
9,337700
10,359500
9,329500
3,175000
9,325200
27,802400
1,115500
9,331800
9,333200
90,847600
9,338800
1,114900
9,361400
9,335500
9,325800
9,493200
15,679700
2,146000
9,330100
9,325100
16,521300
5,232400
2,146700
9,402400
35,1050400
9,337300
11,381500
9,328900
1,111300
9,324200
9,331400
9,328900
9,350200
9,329300
2,146400
7,273600
9,329900
2,146500
9,487400
5,258900
9,496900
9,338800
9,331000
43,1265800
10,357900
9,327300
80,597500
9,326900
9,330800
215,927500
1,114600
9,341500
14,454500
1,110600
9,327900
582,1093300
9,518500
94,1164000
1,119900
4,253200
9,348200
9,341800
9,383100
178,1629500
2,151700
1,115300
9,330400
3,173900
1,116600
9,331300
61,1682600
9,394300
629,675200
243,1795700
9,320800
9,331800
425,1651000
9,328300
9,367600
10,358400
65,205000
13,431200
4,196000
9,325700
915,1808600
31,1233000
1,120700
9,333200
4,199600
10,360600
233,1397200
7,289000
9,332100
9,338200
9,327700
41,1154000
9,336000
9,332300
1060,768400
9,367600
9,486700
168,1332900
8,304400
2,145400
9,342800
2,144800
9,323500
44,1231800
9,325600
3,211600
9,331600
15,479900
9,328500
976,1906400
11,636400
9,403300
2,152100
5,227200
8,305100
9,332200
9,344100
9,330200
9,331700
9,335800
9,327500
9,334100
2,151000
9,328900
189,255800
8,304100
9,329300
8,300200
9,325800
34,968300
9,328400
9,331300
3,219900
9,420700
10,397000
9,372900
110,1526300
52,1435500
6,255400
9,333500
166,1364500
20,678600
9,390100
7,276400
9,333100
3,197300
7,355900
9,330500
504,703200
7,283500
1,113400
9,346600
1,111400
8,306600
9,329300
143,685500
37,1061100
9,332400
656,1302700
9,338300
112,1513900
9,487200
9,450900
132,344800
3,176900
9,345500
4,201300
9,345600
2,192100
1,143800
9,339900
15,483800
1,124100
1,115300
7,278200
9,330200
3,174400
6,250200
9,328900
34,1270000
21,796400
9,333500
7,272700
9,395600
9,391500
3,401700
9,367000
9,397400
44,1236900
9,331500
18,566100
9,330700
9,329000
16,577100
9,341800
13,435900
1,112500
4,196300
9,323300
9,360400
184,1870800
9,517700
542,1490900
1,115400
9,338900
9,332000
9,329900
3,176000
2,143400
3,167400
9,371500
9,329900
169,1390700
120,1752900
9,456300
9,478900
20,661700
9,331300
9,334500
10,358600
2,139700
4,238000
9,322300
9,324400
1,138100
9,337700
22,679700
2,138400
9,328200
9,318000
9,339200
2,141500
8,305000
9,362800
193,376300
38,1193400
1,109900
9,401700
69,369400
4,203300
9,362700
9,383400
5,276800
9,351200
4,204300
9,343200
2,152100
9,348400
127,281300
3,185000
9,366700
9,335200
9,365100
9,338600
9,331200
133,398400
1,121700
9,357700
9,327300
14,460800
9,341500
9,420800
9,319100
14,472100
9,339300
9,371000
4,211900
9,358800
4,199200
7,291800
9,327600
9,330500
9,329800
9,342500
1,115700
9,329900
9,329400
9,346200
11,470100
1,119800
9,347700
10,420900
9,332300
3,188100
9,343500
9,370700
37,1500400
4,208000
10,382600
380,601900
1,125200
9,402700
136,510800
1,106900
9,353800
9,337200
9,339800
215,1081500
9,340200
9,335800
30,959300
9,367900
7,301800
9,491900
311,330500
1,126100
9,376800
3,185700
4,199700
9,340600
48,1358400
9,344300
10,453100
10,354400
10,358900
10,361100
10,383400
18,594500
10,376100
10,368300
10,384000
10,358000
10,405300
443,639800
4,300400
10,584000
10,449700
9,391900
10,367800
3,271100
10,362000
2,127400
10,346200
10,345100
1,111300
10,362700
10,374600
1,111500
1,113200
10,353600
10,369200
10,437200
1,110600
3,178800
4,202800
10,349300
10,376200
522,1152800
1,153000
2,146500
10,390100
44,1284800
4,192700
10,348200
10,386900
208,869300
14,460800
10,345600
182,1670900
10,349000
10,365100
10,389100
10,461500
85,1314700
10,444900
5,266100
10,452700
15,655500
10,451300
8,371700
2,162800
10,461900
22,872000
10,425100
10,421100
8,396700
10,448400
3,203000
10,453400
10,449700
14,612900
2,170400
10,453700
10,431900
10,433500
10,459200
10,462200
10,453000
10,453800
24,947800
10,454200
5,292500
10,431900
10,448300
10,455300
24,980300
3,214200
10,453900
119,2109100
15,673500
1,128500
10,509100
5,303200
1,129600
10,452800
475,1820300
17,681700
10,466700
311,324000
1,129300
10,457600
40,1550600
10,451100
10,448900
10,414700
3,209800
2,169900
10,444900
10,452300
1,126200
10,442200
196,583800
7,347100
10,451900
10,448700
10,472500
287,1519700
255,384300
4,195100
10,474000
91,1156100
10,465100
10,444900
21,833700
1,125500
10,437000
78,702800
2,165900
10,453200
10,459000
50,1938400
10,472800
10,459000
681,2572200
24,982500
3,153800
10,390000
10,338700
10,346800
1,279000
10,535000
10,475200
1,128100
10,450400
1,129600
9,419400
10,464500
72,497700
10,480900
15,636100
10,463600
615,2479700
3,211600
10,466400
623,593000
8,386600
1,131400
10,481700
13,595900
2,177000
10,476800
9,430900
10,496900
20,998400
10,489000
6,336200
10,463600
795,2569600
10,468200
57,2229600
10,480500
10,472100
6,405500
10,471400
7,407700
8,401600
10,474800
12,537800
10,496400
60,2318300
10,486300
10,471600
10,483400
13,588800
6,345000
10,490300
10,464500
10,467300
10,550900
10,558900
36,1533700
3,230200
10,557800
10,567100
10,557000
11,610300
2,212700
10,553900
10,561000
5,343600
10,596300
10,555500
689,936200
2,159400
10,402800
8,403200
10,419300
10,386800
10,385100
10,467600
10,436400
13,649800
10,498700
10,443300
10,393000
12,654000
10,403700
88,910200
10,396600
107,1799800
10,571800
10,570400
10,557000
10,571800
450,926500
21,969600
10,560500
10,549800
129,441800
10,525100
8,347000
10,376200
16,524500
10,369200
26,872300
2,167400
10,385900
2,171400
3,244200
10,593900
10,391400
213,1039700
66,350600
10,449000
10,438100
10,400000
10,467700
10,366100
10,373600
10,353400
10,370300
10,359500
9,343900
10,365800
266,706600
45,1563400
10,346300
