32201
14265325
186415105700
0
1646,3042724100
101,1117900
15662,8633900
187,138200
166,1234300
121,1634300
132,284900
902,1336400
129,255500
471,1238800
239,1651600
78,529300
633,651700
381,432200
2880,2140900
376,285200
130,228300
282,1143600
190,202600
2841,2644800
133,364300
117,1551300
1228,1904700
1268,1353500
227,1265400
63,149100
344,1278500
4805,3440400
1316,1204800
1052,2316900
415,1964900
326,664500
404,1022900
458,952300
7317,3601800
504,452100
1103,1907800
228,1225000
168,1334500
89,774000
590,1165300
228,1248600
1199,1190300
111,1412700
149,735100
1001,733000
67,219300
842,1441500
251,259800
186,104400
74,357000
63,72000
300,1616100
96,973100
275,821700
106,1290900
6596,4417000
617,2234600
70,260700
288,1225800
738,1920900
797,1856300
307,1737800
389,670900
123,1677300
939,749500
2745,1779200
2292,2646100
143,577900
4190,2942300
160,1185500
326,601500
301,1593700
664,1458700
488,1775200
285,1226600
87,910400
67,183900
761,801000
3415,1724500
3124,2239300
801,2059500
423,1568700
12423,6604800
87,797000
88,762300
3084,3053300
475,1472000
3415,1870500
459,974000
133,312800
120,1603000
112,1478300
1589,1750200
1012,1000200
635,702300
91,844900
1745,1044500
315,283500
9416,5827500
87,733500
66,153900
74,354600
1249,1135600
821,965200
243,1679400
368,1715100
857,1734300
7476,4305300
987,2141100
511,644000
185,1790200
143,580700
2370,1553900
63,74900
1024,1432200
10373,5556200
2195,1772600
1265,1531800
12552,6851300
285,1320000
65,132100
587,1090700
3737,2206200
3402,3279700
83,772400
94,941200
72,312200
84,612600
482,1488300
78,463100
13575,7927200
220,1028900
243,1673800
10579,5979400
415,1391600
3979,2226500
399,946700
1532,1868100
160,1034300
1161,1787400
76,516600
74,383000
950,1046900
138,454100
69,247700
168,1283300
19066,9557000
161,1280900
68,210800
3523,4045400
582,1147500
433,1977400
11573,6227700
183,1629000
626,439200
69,226800
172,1453000
141,545300
225,1142200
68,210400
94,921400
8034,4623100
3517,2856300
203,535100
8120,6319200
86,698400
281,970200
1785,2083600
1273,1728000
81,573400
124,71400
362,1745800
766,1004900
430,1875700
677,1877400
214,958300
78,497200
4084,3338200
8352,5291400
81,561000
10361,5922300
216,953200
99,1109100
10257,5539700
516,778500
653,1164000
4115,2440700
2270,1991600
73,349000
155,1049000
239,1611900
14468,7228400
15821,7789600
4343,2085700
239,1483800
865,2051600
380,449900
883,813000
80,539400
67,203400
1104,1870400
80,646300
339,1082200
170,1284600
644,1388200
3793,2053800
167,1223500
207,745600
136,378800
4333,3323300
451,661300
2493,1560100
367,1757000
3397,2905300
105,1189100
3139,2673700
472,1271400
107,1312700
14109,7514100
144,609400
806,405800
88,775200
1437,922200
66,196400
155,1496800
78,536400
63,81400
1395,1524200
113,1453000
3354,1709600
176,1553600
771,1075900
3645,3717500
144,776800
488,2092300
439,390800
127,150300
8962,5276600
169,2056200
384,514700
313,293200
159,1273500
1220,1675100
1455,1516500
228,1269000
2550,1575200
221,1345200
64,123700
358,1435600
9634,5172500
913,2138000
89,953300
957,1552500
77,595200
65,156100
2727,3212400
9152,5148600
83,685700
89,728500
710,1074500
228,1352200
424,1589900
1873,1243600
243,1610400
113,1554000
275,953400
212,860600
10774,6319400
63,115300
369,1734100
247,1742800
8066,4166700
75,397100
169,1465300
403,1066800
68,282700
72,339000
629,542600
1156,1862700
237,1704300
1141,1153700
70,282200
673,1676000
342,1219500
145,721400
6041,3814200
221,1062200
107,1283900
3808,2569800
6345,3377700
86,693800
3514,3127800
1097,2062400
315,383300
255,389500
2765,2371800
97,1013400
96,977700
105,1194200
159,1021100
1734,2910200
78,457200
77,449600
157,989600
236,1530300
508,615000
655,1279100
218,966900
72,300500
97,994500
126,156700
70,268300
79,487000
1434,903400
488,1722400
74,495700
89,773500
13934,7927900
86,747300
75,384200
96,1030500
181,1637000
800,1930900
144,607900
2229,2650800
10932,5608300
1517,1500300
1022,1307000
177,1524500
641,860000
2276,2164500
149,791600
70,254700
395,880800
94,887300
327,671300
721,1455900
67,185000
108,1269800
77,438000
5894,2783900
101,1077300
14451,6828100
1301,2260700
587,1073900
184,1723300
166,1251300
257,354900
99,1114700
238,1441600
16801,9197200
5079,3996700
217,953500
13432,7615600
397,870700
147,767700
286,1291900
120,1669900
1334,1561300
328,634800
69,225800
1458,1493900
196,363400
1661,2065300
451,668900
101,1064300
1303,621100
378,434200
161,1344400
17309,9492000
95,947600
287,1200500
82,582900
74,359100
10951,5900900
102,1143000
423,1543800
548,2096000
348,1325300
871,477500
13307,7048800
306,1757700
13934,7898800
4247,2802500
186,96900
111,1367300
608,1593400
143,603400
554,1866200
4170,2659000
235,1520900
1429,1005200
79,501100
92,866500
357,1444300
108,1258200
85,826200
74,362500
3273,2806200
137,413000
108,1303000
352,1332000
174,1440900
1007,908500
146,717700
10634,5760900
390,841900
69,257300
2087,2071100
535,1283100
1204,1241600
183,1631000
179,1645500
1334,1835600
2360,1573700
207,845200
6792,4426100
401,993600
242,1597600
422,1562400
63,70800
4442,3154800
14292,8244200
1347,2123000
14583,7158700
901,1289900
111,1357100
97,965500
87,734200
123,1632400
66,227900
89,823300
510,598100
277,939200
2190,1575200
164,1189800
264,735900
524,1350200
958,1213600
133,346200
149,724500
263,542400
6729,3895100
7063,4786500
91,849700
186,97200
94,1296300
357,1634200
313,262500
152,811100
69,229400
257,360100
352,1344100
3237,1780900
139,461100
167,1312300
116,1553800
1359,2229200
447,584200
142,532900
893,1139700
84,609900
9012,4916800
202,657400
1083,1279900
64,101500
195,370000
282,1057900
250,192400
336,823400
226,1205500
121,1694000
138,452500
1065,789200
603,1504100
311,191100
111,1499300
144,607900
261,495000
91,835300
533,1257700
4327,3993900
3613,2071000
87,717200
161,1055800
697,811100
522,965700
2166,2582300
80,546400
1234,2059900
11241,5860700
565,582700
75,378400
727,1518100
3252,2166400
5346,2881400
170,1337500
13759,8571600
261,510300
2851,3264500
151,845800
69,333200
1507,1283700
15372,8874700
2373,1564900
1281,1659400
1601,2321100
241,1888700
4877,3416000
9015,4962800
400,1074600
314,423100
1541,2355500
328,707200
85,738800
2930,1776900
6938,4632900
99,1076300
462,1010900
173,1370300
2092,2156300
3139,2627500
793,2019800
102,1221800
2568,1889900
70,282400
77,457900
168,1265300
106,1269600
678,1805900
1846,2164300
684,371500
75,381800
2580,2582100
2619,1774900
8014,4245700
1229,1960100
106,1173000
166,1222700
96,1009500
109,1338200
395,763400
74,374000
93,926700
7006,3367000
380,410200
3291,1683700
397,877200
16396,8485100
6508,4734200
666,1592500
112,1432900
2370,1557800
328,634200
97,1042600
6586,3378000
248,127500
3332,2730400
98,1102500
364,1879800
137,408700
716,1364700
10178,5276400
72,313900
4373,2819600
974,1635200
1192,95687500
205,603200
14229,7323600
806,415300
235,1394900
3500,2240000
94,849000
110,1301300
109,1344300
169,1269400
416,1307900
72,345900
197,472500
217,924000
925,1970400
169,1252500
5264,3736500
4721,2347000
160,1117800
66,154400
68,226100
656,1314300
2518,2113700
74,397200
3284,3289100
4277,3647000
5181,3329200
74,397800
161,1366900
177,1550600
1025,1627000
162,1381400
98,1255800
326,726300
418,1754300
14741,9106300
344,1081600
142,647500
65,163700
906,1497300
476,1542800
62,49300
134,333800
1217,1724200
112,1560100
661,1438400
107,1319200
166,1267900
85,670500
160,1300900
680,1946300
8329,4638700
385,551200
81,550600
218,1048500
139,469500
978,1785500
112,1615500
732,1739400
1037,1705800
114,1432400
316,309000
497,267100
195,332000
249,172800
207,682800
100,1124300
1708,1760200
86,665800
5588,3503100
3636,3093300
304,1731000
1712,1934200
174,1381200
86,754500
310,154100
191,224300
248,121200
1969,2285500
4622,3154200
107,1304200
1577,1579400
91,999100
257,359100
472,1292400
2232,1033800
3539,1774300
231,1340800
1521,1567500
226,1298300
543,1803400
248,125600
146,778200
547,1785700
71,289700
99,1271200
1276,1638800
761,805700
86,802100
181,1749200
1060,734800
365,1653900
64,99000
207,717200
645,987800
1304,670700
76,429300
462,934900
72,298600
99,1009700
643,960200
123,1736900
81,538200
711,1192500
404,1064300
4879,3650000
87,967200
70,318700
1795,2861000
3862,2286700
134,353900
283,1074400
497,281600
212,943400
705,1074500
185,1719300
152,776000
75,423700
1472,1912700
88,783400
12565,6745300
545,1626600
132,307100
218,950800
639,926100
260,456500
318,356200
4798,2937900
66,232900
238,1884200
231,1567400
388,892400
92,873100
14433,7885700
404,1047000
354,1882700
223,1092400
923,1899600
239,1503000
68,248900
7641,4007200
1624,1298100
81,611200
944,831200
63,74200
399,1011300
138,502100
711,1197000
861,1953500
1423,2228300
4503,3453300
285,1153900
62,41900
452,755500
588,1181100
167,1227400
423,1629900
104,1168800
64,168700
247,1883300
172,1503600
210,761500
69,235400
1920,3019100
12676,7135300
8791,5441900
141,508400
279,981700
411,1229800
861,1808900
1384,1393600
1608,2211400
777,1685300
338,1128400
104,1453800
2543,1404500
166,1204700
110,1308700
94,883100
381,435800
69,237100
134,356400
872,514100
1248,787100
1150,1406000
246,1862600
70,255400
286,1317200
686,518600
2945,2171800
2793,1305900
7012,3465500
363,1614500
97,993700
767,1013000
68,284600
1052,2202000
239,1990300
1064,779600
120,1605000
219,1200900
238,1690100
226,1235300
869,445900
738,1943900
99,1114200
181,1616100
738,2121400
569,545800
1208,1331200
180,1526100
2529,2511700
136,375800
1453,1400200
356,1538500
426,1621700
248,132000
66,150300
377,365500
123,1720600
265,591800
129,202800
16060,7470300
718,1297500
2777,2521700
2487,1552400
1270,1333400
988,2035500
4746,3118900
641,865300
228,1251800
369,1981100
3143,2715400
93,864100
134,370600
322,657300
4156,2317200
237,1559400
157,968700
1716,2440800
102,1144300
160,1091300
80,746500
874,729600
480,1828700
205,695300
663,1570700
620,282200
82,868400
152,917500
2500,1851400
2034,2299400
266,599200
114,1431000
264,571700
376,312900
170,1298200
1918,2401300
86,691300
85,682000
231,1333700
117,1535400
330,684500
2511,2494600
2663,2834400
7294,4314900
94,901400
295,1377500
143,604500
166,1205800
15203,7547600
852,1642500
505,460900
624,413200
3913,2047900
447,561000
697,722900
87,702900
185,1889600
169,1320900
79,504800
1086,2262200
182,2169300
2942,2156700
2507,2039100
253,380000
1795,2450900
71,432500
62,66100
66,160100
434,221400
702,841500
90,886200
1104,2018800
264,559200
140,599500
2447,2409400
167,1431400
4958,4348600
377,320800
97,942300
317,395600
162,1110400
100,1204100
190,201600
130,254000
95,1125100
99,1087700
378,354400
968,1552700
111,1390200
1829,1692200
2102,2401700
431,2090900
264,779800
5535,3036900
216,876500
3363,2176600
383,504400
344,1031700
450,685400
385,549100
335,956000
839,1420200
4994,3175800
179,1552200
157,950200
752,568600
107,1237000
1131,1403000
253,357100
132,283500
909,1688600
446,735000
368,1735100
4808,3050000
1948,1736400
496,303800
471,1541400
94,1125100
117,1574800
102,1248900
259,411300
832,1128800
1758,1351500
135,353700
1269,1420300
328,640500
3417,1889800
270,769000
73,565800
75,422000
1370,749700
178,1593600
104,1192300
346,1144200
2258,2014300
77,448500
1887,1663200
629,527600
161,1085600
1061,648400
100,1117500
141,594300
600,1378700
66,240800
388,719000
511,633300
367,1718600
133,381500
3551,1948500
6204,3476600
70,402900
196,483300
3484,2125400
447,624500
430,1894700
247,1815000
140,511900
84,692400
75,390300
5401,2684000
3485,2018200
4455,3530900
211,845400
197,617900
199,596700
335,855200
106,1449400
130,335100
704,1104700
7643,4353700
549,1829500
620,500200
195,450800
92,1049300
5831,3086400
2104,2706900
116,1463800
176,1542200
266,660500
821,793300
1049,2050600
517,883300
111,1497100
172,1347000
187,208500
190,212200
172,1494300
96,953200
3981,2494000
730,2047700
357,1582600
229,1546100
234,1664000
95,982700
1290,2151500
108,1336900
1152,1562200
85,661800
2589,3133700
110,1641200
161,1190900
349,1441600
2451,2398800
65,135200
457,896600
661,1483300
68,231500
140,493800
224,1332600
1209,1524600
639,1171900
1237,2239700
110,1432800
95,1247900
86,929600
82,1034200
908,1870600
556,2458700
2009,2210600
4440,3983700
88,903300
252,319600
80,692200
494,2259000
976,1806200
235,1522200
460,970400
5744,3707600
600,1454200
186,106400
82,566500
1311,898700
87,1031200
2819,2172000
172,1751800
516,908900
804,2280300
88,759200
554,1902000
66,157500
215,1066100
4729,2617100
431,1739300
390,656500
65,124100
208,757200
251,215900
3933,2823400
271,735800
63,71900
829,1048700
1197,1198200
64,101800
82,613600
326,574800
436,448000
140,535100
1059,605800
189,181500
631,602400
74,383900
4399,3642600
1141,1176300
773,1121300
177,1473100
134,327500
615,2056700
76,487000
3773,3365600
1545,2404400
1096,1673900
242,1710500
14372,8501700
3368,2532200
113,1982500
306,1919200
284,1081000
104,1215500
3851,1972800
71,295500
617,1922200
423,1833900
376,334000
668,1949200
3830,3236100
1824,1857000
73,336200
73,332600
91,1059000
186,104100
479,1451500
450,702800
376,284600
181,1702300
588,1357200
409,1419600
6009,4371700
92,843400
1088,1371500
65,139400
522,922900
2389,2004100
1104,2011400
65,200300
266,651900
363,1620600
3021,2868400
891,1021700
62,41800
2069,2051100
523,985800
83,658800
581,977400
72,337000
4185,2778300
916,2200600
3107,2217400
314,276700
1481,2424700
4235,2525400
506,522900
68,242000
202,591300
447,596400
9260,5170700
6467,3911000
173,1466300
2004,1618900
247,1786700
7987,5072100
62,43500
2454,2550700
107,1356700
283,1279300
65,129100
996,556700
105,1847700
133,492600
4870,3771600
216,995200
1406,1748000
229,1384000
313,234700
369,1823100
396,826500
217,947300
66,153300
69,229400
327,615800
2888,3304500
126,130200
4241,2632900
687,441400
277,1010500
2025,2015100
1880,1479800
90,874500
4074,3035300
202,545200
145,820200
599,1381200
69,267700
1940,1458800
2074,1705700
3229,1644000
1211,1512000
297,1445300
5302,3247100
140,507100
871,476900
75,508000
78,486700
1361,2322000
213,847200
62,49200
2717,3070000
3478,2206600
74,465900
1314,1138000
543,1615300
771,1175300
1094,1982300
398,1092400
9145,5467000
2268,2040700
128,176200
723,1451600
163,1096800
235,1419300
2120,1428100
409,1183500
1263,1148900
6524,3333400
166,1184100
186,95900
125,108000
251,213300
67,192500
236,1443000
957,1147400
113,1628200
214,886600
306,1801600
74,446600
243,1728800
1756,1411200
130,277900
385,554000
8714,4819200
107,1237400
1336,1549800
430,1722300
561,494800
2781,2694600
453,751100
80,567400
85,682300
441,388700
94,937900
230,1261700
807,533700
275,858700
74,363600
285,1090900
326,737800
359,1829500
921,1942400
12368,6739700
95,1215200
6108,4540800
418,1447500
2018,2014200
964,1349100
109,1425900
7727,4946000
165,1157000
142,582800
4946,3890700
115,1524300
205,781000
81,633800
62,43300
7996,5990100
121,1798900
77,427700
402,1146100
135,513000
1437,1062700
158,968900
97,1016500
428,1921100
141,581500
112,1394700
225,1358900
5836,2988200
321,462700
388,688000
275,1218600
941,1082500
1213,1634400
78,499600
66,172700
108,1290700
82,592100
837,1351400
147,680200
3756,2871700
209,729500
128,202800
87,716400
453,701000
106,1290800
1788,2834400
71,377200
280,1242500
1933,1535300
4405,2486000
250,198600
231,1572200
3878,3078100
280,1005700
1071,920900
435,296700
73,376900
230,1363300
6803,4966800
356,1522300
75,401700
199,513200
213,858400
78,486200
183,1805100
1824,1582600
869,502000
268,641900
884,947000
389,761000
895,1127500
70,252700
194,318500
1021,1231200
303,1678400
64,99500
69,263200
2774,2790100
435,304000
892,1327100
250,242600
92,1054800
204,595500
65,231000
81,535400
649,1072000
66,210300
1080,1362800
72,396200
768,1067900
8943,4435300
545,1552900
1020,1237500
449,664600
1483,2727800
73,447200
270,780400
6561,5196700
140,491000
101,1121900
1123,711300
233,1532800
1064,740000
66,180100
63,71900
119,1557300
72,487500
69,241900
6393,3305500
1555,1104800
69,238500
1647,1764300
135,374900
62,43500
109,1306500
1554,927400
739,2868600
81,606700
1087,1474500
180,2309600
233,1520500
160,1087200
125,114200
249,255100
651,1546000
216,936600
930,452100
190,288100
246,1682800
2944,2558300
337,1117600
1488,877700
1245,873700
1084,1829400
77,478700
1439,1336200
1990,1255800
116,1846800
178,2091600
87,982100
410,1754300
7656,4766600
503,629800
353,1353100
3314,2275100
126,179900
153,883800
749,677800
2164,2566300
176,1468600
70,295000
557,2301400
112,1575700
62,61300
3406,3200200
7520,3993700
113,1474900
126,146500
265,904900
3253,2678400
91,901400
1369,754500
5440,3822400
352,1323600
298,1501100
165,1263500
459,1047800
623,380100
1913,2352400
1127,873200
86,865700
256,435400
570,763200
215,1116800
698,979100
969,1583100
422,1589100
109,1334000
224,1198600
127,156600
119,1619100
391,788400
677,1969800
392,721200
114,1541800
1598,2214700
534,1349900
117,1535300
354,1298900
433,2317200
145,934600
243,1804400
220,996700
598,1402000
158,1081800
206,616000
156,957900
238,1487700
676,1990300
567,576700
203,791800
75,522600
95,1252000
169,1676400
98,1064900
423,1935200
257,468700
62,71500
265,614800
484,1620300
702,850500
436,275000
1223,1845700
2227,2961300
63,81000
1359,2108000
93,1316200
1617,1243800
674,2045800
247,1796700
11323,6309300
65,131500
1018,1153800
611,1684800
80,541400
1781,2096200
201,493700
177,1541700
232,1403800
124,116700
1995,1291700
131,261200
955,1297200
7089,4392000
94,951700
272,1073200
1141,1603000
724,1582300
116,1615900
2198,1908900
413,1427100
1483,2423400
74,427000
165,1362100
65,143800
335,978600
2680,1637200
892,1160500
102,1336500
78,628100
184,2099700
71,385800
448,570300
72,305700
174,1547300
107,1305100
11890,101493300
13350,6926100
1601,2222300
101,1094400
243,1662400
295,1471500
81,561100
78,510800
75,406300
13138,7453900
4310,3237800
385,569300
225,1195000
893,1159900
790,1603600
96,933000
253,305000
96,985800
105,1327700
106,1266800
101,1098600
66,151500
638,899300
148,707500
2981,1772500
233,1442800
386,769400
73,337900
1769,1757500
743,2238600
164,1158300
1083,1334500
547,1714800
138,428100
227,1201000
413,1324700
11975,6099700
242,1627000
1394,1391300
74,388000
10624,5457000
3204,2657300
99,1050700
480,1456400
2156,2530300
215,1049300
873,593600
72,316000
74,395200
131,279800
493,1803900
99,1022100
1460,1560000
252,340900
188,189100
4905,2771600
473,1699400
65,164900
684,469700
185,2129200
141,753200
605,1888300
1417,2084800
65,137300
109,1321800
1327,1251500
766,941700
287,1283000
206,845900
347,1236100
109,1335600
82,614500
89,742500
244,1672100
16633,8344000
361,1563200
98,1106500
72,314800
9631,5589500
4221,2134300
83,646500
1028,1378100
413,1306900
449,665600
2122,1416000
179,1672200
2290,3303900
130,298100
288,1529600
238,1874600
987,2081300
215,984900
1724,2137200
68,199600
103,1201700
11760,7793000
2152,2732600
1390,1419800
2004,1545200
88,712500
2023,2421100
769,1231900
107,1241500
984,1949900
1951,1739900
144,640500
135,361900
686,432700
317,497400
1113,2056500
859,2140900
147,795400
1312,882400
488,1811900
80,626000
95,950200
205,595700
80,566800
159,1026600
79,466000
361,1648200
116,1557500
66,151600
64,116500
388,631400
152,780100
262,566300
460,896000
147,695500
12874,7131100
364,1764100
154,877000
113,1542300
855,2002400
62,47900
1207,1418800
215,944600
159,995200
90,827600
93,886900
72,331400
69,362600
458,1084600
132,363500
112,1738300
89,983600
2908,2938700
14549,8012600
1039,2220600
365,1774100
548,1683200
957,1174200
174,1424700
1597,2035400
2625,1829800
1011,1115500
8362,5756900
94,919500
124,93100
182,1629900
371,1821800
75,586300
125,119600
194,327300
953,1038500
119,1564500
748,489900
142,542200
2849,2861300
2535,2880500
352,1336900
128,237400
66,168300
1541,2179600
131,258100
75,381800
154,948000
80,510400
755,670200
567,608900
62,41000
162,1068900
2026,2102600
90,791000
248,122100
214,950800
2129,1845400
1043,2107600
1877,1451000
898,1419300
557,1957700
82,582000
2017,1872900
87,718300
267,651200
74,346400
213,836400
551,1685500
111,1410700
11654,7096900
124,74800
77,489900
92,924400
497,295400
11613,6515900
81,625900
189,185400
165,1299300
112,1397200
3120,2254500
1558,1058000
576,838500
285,1317500
3846,1988900
8099,4994500
145,609900
5477,3015400
128,238800
69,227300
184,1659900
177,1510000
92,888900
216,855000
173,1375300
80,505000
125,98000
301,1607800
73,390700
1435,931600
239,1807700
621,439300
1935,1270300
1443,1342400
166,1231900
62,43400
100,1078900
143,601400
86,680300
62,41100
476,1344300
113,1396900
149,746300
87,706300
1119,649000
363,1553600
420,1533300
167,2046400
68,208500
123,1710600
1449,1266500
392,726000
481,2008000
74,457800
130,290600
86,715900
69,278900
64,160000
110,1330700
227,1277800
165,1205000
95,1049300
3190,2272700
126,147400
15760,7976500
155,1000400
123,1809700
1799,934000
260,462000
830,1315100
4099,2261900
313,234600
153,915900
1310,805100
67,199900
189,180400
936,715800
923,1925300
96,1005300
3745,2377200
108,1278600
976,1674200
92,1076200
456,1043400
353,1759000
195,441400
561,436000
144,740500
85,895100
232,1455100
10087,5832300
87,739600
1172,2174200
210,792900
148,713000
88,809100
137,446600
136,416100
147,863800
76,434400
257,432600
475,1295200
2487,1268300
348,1192500
3512,2718700
757,852800
69,228900
96,954900
417,1621500
170,1366100
67,195300
146,721700
350,1223600
111,1347300
150,793000
118,2204300
12322,7228100
68,318600
161,1121900
149,785800
361,1599000
1009,936800
2855,1488000
1893,1761000
7387,3840100
800,2294600
419,1653500
263,526200
3341,3186300
81,623100
239,1660300
587,1180200
6674,4262300
2403,2462300
898,1507100
415,1333000
98,992200
186,95200
94,910500
576,733500
210,726800
3758,2719300
104,1279100
320,429400
5377,3922800
928,2440900
126,150600
299,1521100
14962,7737500
135,383300
1829,1704300
73,350400
194,306900
71,275100
1606,2354800
98,1026800
78,481400
3426,2169900
360,1661300
2424,1517800
3538,1924800
340,944600
236,1442600
67,203500
5965,3335300
546,1762200
73,396900
1728,2185200
194,301900
16356,8709000
276,915800
242,1899800
1264,1379200
4028,3633200
553,1809700
2254,1605900
97,1090900
287,1293700
1000,685900
1193,1102200
765,1182400
362,1572100
6406,3677700
377,370800
75,382500
2033,2380700
16055,9158100
105,1354000
1922,886100
820,885100
447,585000
1098,1925000
10348,7102000
88,759800
1790,2473700
302,1694000
67,236200
91,856800
73,405700
81,747800
426,1818600
1737,845100
6407,3647300
95,924200
140,542900
183,1706300
3810,2813300
4947,3661300
322,534200
3753,2626600
193,309400
80,532000
5172,3040300
96,1007100
590,1418100
1686,1429000
1145,1708300
514,940800
333,1008400
244,1682700
137,437000
498,337600
209,711000
764,957200
79,569200
2477,2940900
84,632900
491,1931800
292,1493500
126,185100
75,382600
73,365500
154,951500
359,1495900
456,876600
1432,960100
297,1451500
84,611700
1513,1419300
616,1802100
75,399600
676,1771500
67,174800
151,795700
2427,1499000
19439,10321000
65,125200
18862,9317200
253,275000
133,305200
338,990200
238,1560800
72,300700
414,1424400
13039,6392900
2552,1462600
1166,2124800
72,300700
1322,1121300
92,1256100
67,189300
62,41600
156,1016900
2063,1438200
8045,4942200
123,1658500
281,1083300
297,1493200
79,684800
80,614700
2331,2120000
1890,1726100
8910,5072800
94,937600
91,829400
2415,2980600
1074,1069900
389,672600
157,1002800
132,313000
197,377100
123,1677700
218,951200
126,123600
852,1868600
78,586300
405,1356500
153,951800
855,1794100
789,1573500
519,1042400
368,1719400
835,1198600
824,914300
341,1042800
5748,3789200
17479,9833800
65,149100
78,553000
7613,4666200
227,1172600
159,1016700
2356,1030400
1104,1909800
312,205600
494,1935600
4798,3382300
104,1205600
130,228900
348,1367400
64,99300
142,574300
623,452700
709,1043000
2689,1870600
2065,1466500
146,683600
865,1946200
1241,580300
485,2125400
555,1869800
98,992400
5186,4008000
570,745600
490,1942900
126,126800
385,594000
134,367900
2947,2416300
662,1431900
7233,4498500
201,564000
65,247600
81,574800
771,1154900
492,1874100
8007,4152000
206,900200
369,1871500
2658,2630500
1349,2006100
177,1491700
173,1358200
200,525600
2342,2458700
74,361800
111,1380200
5679,3903100
539,1937800
1362,2205800
517,790700
14610,8481100
289,1322000
15905,8230400
2997,1923500
258,433200
1998,1467300
621,312400
64,101000
130,227800
960,1356500
418,1634700
993,475200
62,60400
63,71500
920,1908100
1186,789200
2906,2803100
632,629700
138,438200
107,1261700
105,1249800
181,1648300
76,602500
2018,1885500
1208,1685200
474,1479300
513,932500
218,997700
887,978100
80,602300
294,1629900
1495,1009300
6145,3202500
738,1891000
76,453800
2403,2548400
205,672200
2598,2736700
308,1855900
1342,1638500
174,1384400
272,833200
106,1269600
1296,2112700
130,248900
212,797900
211,986300
203,550600
414,1365900
716,1418000
3529,3216100
101,1125800
301,1621700
588,1354000
3213,3646100
668,2031000
80,508000
295,1367000
63,96500
2227,2485700
979,1759700
131,275200
204,643500
3013,2332900
107,1264400
101,1376300
1382,1327200
90,791300
92,940900
465,1093700
302,1615400
1717,1883000
124,158600
13337,7027000
5460,2679600
290,1652300
212,1133600
253,376800
96,1185500
189,180700
171,1370000
215,869400
90,827100
1002,785700
63,82900
560,317300
549,1654400
83,668500
2317,1658100
79,534100
263,499300
344,1073700
1460,2368000
1745,1085600
68,206000
118,1742000
14117,8075300
4677,3006400
1945,1533200
1593,1830200
105,1171100
704,1156300
146,700200
2136,1947900
101,1351200
424,2052300
170,1917400
438,433600
2877,2299600
406,1113200
4344,2373600
795,2032100
431,2285400
1425,2856500
1617,1116500
363,1992300
75,515700
155,1268100
131,329700
136,508300
65,128300
192,259700
131,324200
361,1493500
217,979300
513,794700
766,1243300
6160,3687800
737,2078500
64,195500
138,455800
472,1265000
1031,1546100
338,893200
122,1731800
8337,5022300
89,866100
137,435900
270,729200
103,1159900
1247,783700
4048,2378100
67,178000
1016,1356100
1407,1876000
62,44800
235,1498800
1700,1926200
269,900500
1326,1327400
372,202400
388,860700
666,1711200
145,717100
713,1559900
146,878900
5669,3693500
141,528000
1978,2627700
3108,1795400
113,1547200
68,221200
72,350800
334,777600
647,1382200
4679,3469900
725,1841900
75,397600
131,276500
103,1196800
420,1498400
4296,2536600
6862,4750200
85,817500
741,2137300
66,228900
88,1069900
151,838400
180,1617700
103,1189700
214,1098400
1388,1737600
186,102800
552,1687600
2533,2620500
112,1485600
679,1969000
111,1485600
249,178500
88,815000
3024,3508800
88,878100
1307,899700
1445,1250800
505,496300
595,1502800
97,1116900
107,1343500
119,2284000
346,1286500
107,1358900
138,470600
704,1083600
114,1869600
232,1421000
171,1759000
126,146700
173,1554500
708,1183200
366,2058100
996,845900
518,1262500
159,1179000
147,943300
65,182800
5306,3983500
499,338400
907,1544600
1584,2160200
214,1111900
139,467100
215,976400
5915,3617000
2045,2962400
1359,2681200
122,1783100
14745,8864000
1779,2076300
192,319400
62,46900
3448,3089600
94,966300
1977,2636000
3518,3427300
68,211300
427,1739800
198,614500
72,418800
1148,1637600
376,307600
196,425000
448,761800
1777,2511800
89,919500
426,1706400
1073,1112300
3546,1993000
8224,4790200
91,838700
342,1011100
1570,1306200
75,399400
10157,6193100
237,1604200
618,2013400
473,1438700
1634,1333600
88,772800
77,426800
118,1560100
10279,6245700
4005,2938100
404,1088800
203,563800
90,833300
371,1835000
12595,5883000
1049,1953900
78,449600
265,733400
1381,1132300
70,323100
346,1148900
150,774200
65,124700
136,423300
111,1322900
72,356000
178,1482400
63,71000
1768,1706200
68,311900
268,686400
401,1056600
5527,3061300
191,256100
1047,91763100
1179,595700
258,422200
1641,1617900
727,1504700
2876,1910300
16978,9167500
88,817700
5314,3773500
97,1016200
421,1449200
119,1545700
2117,1414100
1363,2180000
1008,948400
118,1525100
142,601600
338,938100
7930,6126300
98,1070300
329,726000
379,364900
552,1777100
1627,1392100
649,1110200
74,351500
79,521900
65,123300
68,201100
408,1148000
1929,1297400
609,1683000
79,508000
107,1883500
2144,2336800
163,1103000
382,513400
62,45300
6386,2901100
5226,2854900
68,232400
104,1282200
305,1805900
219,1013400
192,261200
3766,3206000
365,1800700
380,452400
106,1343900
708,1335600
205,795200
250,227000
576,867600
180,1658900
259,457200
94,896700
8673,5376800
145,655800
141,505400
1503,1285600
674,1847000
85,709400
74,461500
2455,2159900
74,431600
522,951200
475,1320300
85,648700
442,465400
151,854800
809,447000
149,878300
6597,3657600
391,746600
1350,1990500
122,1689400
68,204900
133,310100
86,713900
89,734900
323,713000
6066,4467900
156,991100
3628,2656500
127,152000
89,759100
1284,2397300
3258,2502200
2743,1670100
114,1598400
1242,608600
3492,2512200
1766,1772700
107,1254000
99,1156300
142,542600
342,1103500
1043,1956700
79,502700
186,98800
614,2053700
329,719200
158,1127900
1493,976400
499,416900
155,948500
80,554800
2320,1770100
6587,3536300
2442,1778000
148,696700
349,1280700
261,482100
240,1861500
12066,6675500
2521,2409400
659,1341700
526,1029200
74,379600
352,1390000
87,756500
8757,4608300
270,788400
1145,1275600
73,344800
72,323200
175,1458300
3481,1867900
3540,1776900
81,543800
672,1647400
1367,683400
210,721300
151,1038500
126,130000
74,467700
2127,1724100
540,1782400
1469,1996100
9472,5755100
129,260300
2939,2058300
434,229500
170,1611000
3006,2271700
214,861200
121,1602100
83,591200
132,296800
233,1315600
2081,2510100
142,550900
72,317600
62,58300
1518,1596300
733,1826500
1182,735200
1309,954600
226,1414800
3168,1664900
113,1408200
393,775600
110,1332800
2968,2729000
202,541800
196,545000
78,523100
617,1872200
76,629300
102,1302800
120,1637700
75,480700
104,1141400
189,205000
239,1676200
70,287400
78,485300
168,1299000
75,406600
312,203700
15806,9633300
123,1935800
88,791600
80,544500
3849,1970400
342,1112800
121,1711600
264,628100
115,1528800
300,1797000
2292,3024300
232,1428400
6535,3465600
457,805100
322,588100
80,503100
199,552200
776,1204500
140,659800
246,1767100
879,810000
13111,6796800
5512,4247400
159,1159900
273,867200
83,611400
115,1526600
1114,2244000
558,258300
185,1681600
7026,3716000
75,404900
16607,9145200
834,1152500
801,2218700
162,1228800
315,330200
111,1331800
18811,9294900
95,950300
4417,2452300
75,407900
9465,5421500
506,501200
8878,4800700
342,1073100
914,1632200
90,807500
151,823000
468,1155900
87,737500
270,712000
63,72600
2947,2325300
3125,2131200
1794,2402900
72,343500
106,1372400
69,233900
113,1420900
302,1586700
8115,5073500
356,1351000
211,823200
66,152900
1335,1659800
1287,1900900
113,1496500
1478,2104000
6867,4672100
3973,2046100
120,1662500
546,1831100
111,1339700
158,1141400
107,1736800
377,338500
3713,3214100
385,660200
73,325800
1024,1356900
3153,2951100
93,861700
99,1229500
91,1085900
627,590400
275,868700
8156,4837000
74,357400
104,1198100
2463,2232500
586,1027200
68,210000
232,1316100
371,1748300
1822,1429600
148,694900
155,1044300
455,763800
76,422900
209,717200
67,174000
119,1562400
207,719200
9852,6186100
843,1840800
882,816000
2183,1529400
69,227300
75,410600
675,2205000
96,1203500
78,620000
92,1061800
1178,665400
143,663400
66,243900
82,618600
3785,1910500
257,424500
601,1910100
6911,3875500
2861,2029500
4125,3029700
369,1705800
144,601500
8826,4711700
2235,1111000
109,1363000
100,1076800
593,1340400
554,2306500
393,970700
67,237200
81,712500
72,390500
200,595700
112,1711900
1681,1326900
72,385200
216,1128900
90,990700
353,1544700
673,1778300
123,1793700
117,1628600
1073,996800
234,1376300
923,1816300
771,1389600
134,331500
211,776800
156,900400
156,931800
171,1478000
2800,1595600
2235,1445900
367,1823100
6175,4018600
161,1120200
62,49100
263,611100
112,1397400
84,754300
117,1656600
3760,3746500
7115,4784300
477,1401000
121,1806700
525,1062300
185,1839900
70,266800
815,620400
1732,2899800
395,955800
675,2710800
1399,1581200
1588,1903500
778,1624500
2838,2904900
927,1983100
472,1406900
2430,1662300
14141,8165600
117,2148900
1532,2523400
136,467400
428,1967700
72,323400
90,879500
535,1337800
128,179500
917,1960700
333,1184800
2169,3131500
67,249100
934,663100
269,882700
4225,2228000
657,1561900
142,590800
297,1529900
69,250800
139,471100
606,1776600
63,75300
128,192500
250,199300
781,1595400
184,1711300
734,1791400
833,1137000
601,1542100
106,1316400
2420,1488300
197,462900
141,533700
107,1383400
65,178600
814,581600
228,1296100
543,1773400
250,238900
82,753700
126,164100
165,1274100
539,1841900
63,92000
4023,4120700
124,113600
117,1699400
1408,1919300
403,1000300
92,896600
1486,2412900
280,1112600
1013,1166300
941,731100
416,1433800
871,538500
5182,3694300
139,552700
69,230000
484,1597600
135,381400
8007,3947100
1698,1501800
206,632200
670,1633700
2618,1604800
246,1869400
1624,1172800
63,73100
2605,1396400
1252,899400
708,1039400
8651,4747400
114,1426000
422,1567000
160,1006700
377,366700
101,1157100
2653,3002000
973,1763800
88,737000
2542,1244400
160,1120100
80,616700
419,1788900
1530,1935500
319,458700
218,1027800
206,666200
11554,6332800
126,139100
70,299000
342,1004600
266,635700
153,833600
202,527700
4315,3017500
2706,2380700
2887,2210700
124,71100
66,168900
1549,2594300
217,926300
184,1712100
90,798900
910,1588900
144,592800
135,373900
120,1701800
503,437300
5289,2889700
241,1593300
389,676900
121,1690600
1276,1657000
195,469300
763,1073800
84,741500
180,1654200
200,474000
120,1693600
6681,4218900
74,349800
1122,1081800
1220,2102500
262,498900
67,179100
1164,1803900
123,1769800
155,1051900
88,724800
87,794500
144,629200
158,1047900
2496,1713300
84,609600
151,976600
2732,1568500
2805,1878400
158,1424900
280,1005100
1438,1115400
139,493800
327,656100
2245,1515300
1048,2129800
369,1736100
3373,2227700
338,2125000
2604,1266300
6253,4701200
79,589000
465,1021000
3415,1803200
200,523000
537,1392100
106,1265200
138,462600
84,741100
432,2257200
175,1424000
141,514800
853,1604500
5624,4229900
3780,3468000
72,305800
395,868100
675,2220100
116,1868100
3792,2146900
14644,7073500
636,891700
235,1471900
354,1645600
322,555600
11464,7202600
651,1256300
547,2081300
2391,2366400
576,815500
318,468800
487,2033500
188,168000
71,403400
72,306100
298,1520200
909,1592100
660,1628800
261,487000
62,42300
342,1279000
90,1048500
89,785500
792,1748000
1474,2256300
111,1714800
120,1601300
338,1163400
3046,1759900
90,824500
16694,9287800
88,814000
759,854100
8358,5581700
591,1305700
1761,1570000
1503,1371400
8047,5526700
408,1252200
1367,697800
351,1393600
499,314800
9292,6529700
228,1364600
556,1992900
264,652300
65,144800
311,183800
323,521300
63,72600
76,431500
68,255200
173,1467900
264,583100
221,1068200
1496,1004900
188,155800
156,1022400
136,391300
782,1498400
756,686700
67,190500
307,1785600
7637,4384300
6366,4523400
158,1041700
10536,7345500
3511,2817200
107,1270900
110,1410700
684,370900
402,999000
384,547100
179,1685500
109,1396300
320,476600
588,1165700
771,1117900
601,1476200
7633,3950900
76,411200
1186,829000
878,848100
10363,5504500
96,940700
70,326400
830,1019100
376,408200
584,1602200
235,1721000
11314,6606000
19327,10665300
3935,2635300
169,1372100
957,1242400
92,966600
183,2020800
2792,1355100
129,226000
127,158500
165,1140100
78,527800
98,1060600
788,1581000
1144,1396700
96,946400
6568,4554100
10355,4836000
125,129700
217,997200
187,148700
393,733800
10217,6528200
76,424800
1513,1345300
10377,5878000
675,2355000
559,368900
1094,1796400
405,1143400
475,1391900
1396,1588000
663,1489500
637,888000
108,1315100
2691,2279400
309,1782100
338,923800
100,1265200
144,603400
536,1307000
197,392900
1727,2153000
152,802800
311,175600
12940,7373200
324,530900
95,1043400
178,1662700
250,197200
146,708100
1600,2084400
159,1016700
321,508600
84,693200
62,41300
97,994200
127,178100
965,1333600
418,1489900
948,915800
8592,5585800
186,109700
1990,1227600
168,1227100
3332,2975900
120,1651400
110,1304300
884,921900
1320,1159600
231,1483800
167,1248000
88,1012700
6542,3931900
307,1705000
160,1062000
762,813900
75,420600
1996,1621900
93,1031700
678,2064500
342,1008700
1620,1070900
1369,760600
353,1498900
67,184600
432,1837900
1195,1025400
4935,3210800
112,1400700
217,1121100
111,1521000
111,1404000
381,421300
74,357900
96,1040200
89,1077300
4977,2999100
1812,1270200
2255,1688800
109,1466400
8035,5102100
12278,6173700
80,683700
76,521600
86,692800
540,1644700
3077,2705300
83,1083700
1393,1454700
3725,2176400
208,686400
66,154300
346,1468200
124,91400
7573,3793100
9517,5322900
96,961800
567,597400
552,2268300
194,411700
183,1682100
65,145600
2148,2134600
17320,9642100
251,290500
106,1409800
5661,3534100
364,1600500
135,512500
205,792300
77,620100
497,292800
791,1716300
1607,2358100
102,1200300
3113,1991600
712,1256500
986,2067000
3916,1997100
143,607600
110,1441800
207,650800
3215,2929800
1550,946300
135,467500
912,1619300
929,2373700
5813,4525700
2854,1405700
78,462200
82,644600
3067,2181600
258,379800
13511,8608500
154,950000
70,257000
101,1380300
405,1239000
463,1043400
224,1107000
184,1712400
1274,1680100
502,443700
227,1408700
1754,1528100
176,1506300
1549,2495600
151,1015600
66,192800
670,1769600
199,487600
434,209400
63,83400
161,1033700
144,671000
102,1198300
112,1418900
2544,1377500
2251,1527300
190,220000
101,1329100
430,1720900
329,630900
84,639200
1332,1402000
1433,856600
4605,2752000
94,894600
3213,3084500
1638,1923300
235,1484900
151,828400
81,550000
112,1382600
309,1753500
11402,6748900
685,439900
2850,2958000
110,1428800
524,1128700
193,321400
8892,4838900
119,1671000
283,1061600
221,1159800
199,437300
209,94469800
338,1058200
489,1926000
3064,2344400
525,1009300
101,1145800
329,902300
270,803900
1475,2063200
644,941200
348,1189400
227,1227700
1371,1224700
667,1586200
592,1301100
2195,1702400
322,484400
256,366300
451,640400
2839,2595700
733,1988300
209,723800
1536,2033500
433,2144300
86,724600
102,1176300
219,981700
2073,1759000
328,795700
86,831900
1950,1805100
114,1502900
2458,2307100
588,1142700
779,1482200
103,1234900
223,1107900
286,1406000
68,259000
3563,2998500
4319,3800000
11911,6478800
89,769200
178,1494200
9619,4577300
7981,4790200
87,849100
156,919000
78,472000
215,866900
763,903400
619,1994500
600,1369900
177,1459500
188,150900
684,376700
65,140700
96,960400
1496,1043200
392,743100
5498,3639100
76,521900
216,1031400
483,1608800
95,935000
99,1049800
381,509500
267,859400
65,145100
123,1806900
252,242700
482,1529500
203,559600
189,174100
108,1422700
1546,2368000
871,566400
81,736700
247,1875700
255,347900
2924,1651500
121,1686900
146,666000
429,1866500
1995,1194800
507,722500
85,718400
67,177200
4128,2808900
694,643600
1133,1168200
143,617800
4946,3517700
139,448600
97,982500
3748,2412000
97,1024600
96,955300
1390,1300700
1936,1565500
2311,1783100
127,214200
162,1367200
700,900100
184,1814200
111,1342000
318,371100
160,1014700
468,1115100
6825,3468900
73,358700
155,1001200
831,1044100
188,182000
3693,2719800
224,1170600
291,1387000
118,1769100
1614,772000
530,1178100
463,1119200
251,277500
187,158600
269,869500
78,565900
274,811300
2437,1683800
305,1860600
411,1420600
73,379000
136,423300
342,1152700
15763,7543800
6445,4446300
4156,2131100
118,1587600
1448,1329500
569,528400
97,1407900
161,1479800
10181,5211000
7283,4322800
1547,2439800
1975,2435200
209,754400
4263,3518900
5040,3341500
198,423000
351,1355200
206,714200
82,632300
8667,5391500
6198,4407400
1617,814800
344,1099800
218,934500
68,201900
62,41200
89,801100
270,757700
3950,2938400
105,1174100
68,205800
168,1427300
5665,3788100
1737,839800
1884,1542000
292,1261100
706,975200
92,1045100
209,740300
109,1360000
875,568200
474,1316300
96,1039600
101,1028400
2457,2376400
255,322300
1049,2403900
576,851000
1314,1002500
399,996500
66,149600
3766,3022400
162,1184400
8802,5737500
277,912100
155,1293600
71,280300
147,758300
117,2238800
137,471500
489,1756300
914,1626300
817,858700
1632,1271800
4924,2909800
177,1507100
146,680400
8478,5408800
1115,2351900
79,518400
7733,5159700
1711,2245000
1539,2231400
103,1148800
86,675600
244,2277400
78,562500
73,470000
177,1649300
8437,4135300
131,251700
132,380200
1044,1913300
919,1817500
64,100700
1621,1124200
4056,2894900
441,530900
307,2090900
94,962300
492,1930000
91,912400
10397,6008500
646,1009700
197,403200
341,1041900
299,1556500
147,726300
355,1524200
1444,1245300
1704,1658500
393,766100
69,319400
2365,1563500
169,1268900
443,544300
168,1253300
294,1413300
769,1381000
118,1822500
149,729300
493,1895000
65,162800
287,1182300
958,1425100
70,253500
871,568300
567,539900
655,1270700
275,959100
88,747700
1890,1807600
1656,2018200
336,887200
533,1291000
142,601000
444,461600
172,1432800
14291,7709500
966,1382900
161,1400700
1206,1328200
63,91000
185,1676600
164,1149200
652,1170100
18030,9786100
73,518400
12229,6570700
67,225800
1779,2042700
211,796600
194,348800
2131,1830900
3273,2685500
1365,891000
134,338300
6450,3748800
240,1556100
432,1779300
290,1268900
8406,5120700
95,955100
112,1388600
11984,5994700
860,1891000
97,983600
66,220600
147,688600
86,744800
1695,1318900
150,826800
622,334500
669,1852100
767,1159100
159,1030700
317,390900
1685,1384300
215,951200
486,1629400
75,399000
1708,1672100
1724,2131100
402,1015600
1653,1789400
165,1170200
1938,1415300
425,2060300
113,1697100
173,1431200
977,1779900
717,1231200
105,1262300
260,435400
752,618100
301,1561000
100,1082500
1366,705600
100,1061100
75,397900
236,1590300
491,1866000
162,1182300
969,1521100
668,1644400
2269,2197100
547,1737400
929,2107400
189,229800
100,1154900
79,490600
588,1290200
278,1048200
247,2120000
306,1804100
436,361000
5378,3933400
90,836500
1478,2209600
184,1905400
3363,1931700
657,1340800
229,1344000
382,460900
3442,2418800
901,1315700
129,211600
110,1325000
77,473500
383,605300
95,930500
365,1663100
69,265800
1046,2106900
159,1008200
291,1298000
402,1025800
329,718700
114,1418600
110,1366300
479,1428000
529,1222300
399,896600
665,1509300
14878,8880400
780,1600000
152,808500
64,98700
1671,2431200
754,641300
234,1555800
101,1138900
142,655000
73,369200
478,1607600
1098,1690300
184,1831700
104,1504800
8201,4202200
2662,3099300
945,813500
168,1769100
236,1675200
112,2176200
695,808400
5143,4439800
2570,1954700
3689,2484400
13227,7221300
159,1214000
168,1469600
255,398800
343,1099800
667,1547400
254,295100
732,1665000
67,192600
145,650700
1174,2239800
262,488800
134,413000
193,329300
84,628800
137,460100
171,1380500
1072,954000
77,603600
67,176600
9462,5243000
10274,6338600
226,1292800
136,454800
3151,2968200
8751,4477200
253,418000
238,1624400
2761,2596800
2480,1638800
107,1486600
314,262700
8627,4311500
152,866800
1263,1319600
75,386700
124,71200
181,1795500
818,711700
210,776200
156,1161400
6837,3881500
2309,1468300
171,1374200
143,646800
3309,2380400
157,1051700
775,1190200
4519,4330200
173,1617800
90,1132100
656,1261000
602,1543200
4431,2963100
183,1769900
72,401100
570,754200
629,682700
173,1949700
946,969600
82,585600
228,1355900
114,1565700
4528,2553800
1688,1130500
81,663900
128,239400
727,1914000
92,1105400
642,1120400
249,213200
99,1296100
137,625700
80,590800
246,1791800
598,1371800
1813,1405700
2495,1628700
994,602800
163,1104700
16709,9031900
584,991000
62,45900
1984,989400
1582,1682000
145,654900
114,1473200
70,263700
124,72100
451,655400
97,1002700
137,409000
64,99300
196,369500
1080,1302300
63,72200
79,479100
1046,2072800
189,188300
69,274500
2433,1750900
106,1300500
1881,1504800
3879,3383800
722,1411400
556,1834800
80,619800
11995,7040100
165,1323900
115,1635300
221,1062000
67,215400
132,346500
209,747500
3490,2204800
4750,3324700
104,1144700
147,1027800
111,1776500
94,1225100
4921,3145700
4914,2808600
194,328700
470,1362300
1122,792600
251,289400
336,903600
71,280700
664,1555600
635,738900
81,821500
142,546800
75,385000
10106,4657600
835,1181300
91,941000
263,619500
145,613000
87,811400
2151,2282900
4811,4332300
98,1041300
128,235700
110,1371200
145,768000
1394,1819500
352,1613300
6365,4212500
174,1533700
1758,1613200
1567,1237500
429,2346100
177,1621500
349,1253600
769,1194800
1082,1383000
1752,1373600
104,1555300
204,780300
571,645500
5535,3295300
638,766500
305,1723500
144,608300
667,1599700
102,1126200
64,104200
1139,1194700
2336,2417500
3431,2394600
442,546700
275,1023000
91,848100
183,1654700
96,951600
91,856700
191,229100
1413,1956100
148,798200
78,485600
129,216400
75,382300
257,437500
282,1144200
409,1187800
492,1841500
388,633600
843,1741300
888,1293900
3633,2863800
260,472200
17328,9549800
102,1680600
184,2146700
564,566800
150,990700
248,159100
167,1589300
1551,927000
9546,6417800
163,1165900
590,1135000
273,1058500
424,1702700
469,1183200
450,718900
329,688200
2985,1760500
1292,2032100
2421,1257900
365,1667100
503,459100
5545,3389400
134,354000
851,1625500
73,406000
427,2142800
633,673600
1528,1876400
123,1756500
1405,1885600
148,739700
127,154900
701,895100
168,1262200
2349,3048500
1792,2730100
267,854400
137,452300
4309,2838100
385,624000
303,1760200
62,45300
93,905400
530,1188100
10303,5355900
1556,958700
599,1656500
373,269000
610,2188700
1628,1284300
96,1029600
329,795500
18458,10565300
80,533000
527,1157000
3296,1906600
157,1188800
164,1433100
78,598900
373,262900
435,273900
175,1675200
654,1283400
137,478500
339,969700
139,630200
169,1693200
113,1983400
451,731000
1093,1864600
103,1207000
74,521200
63,89200
434,343700
721,1583800
81,708300
100,1390400
1721,2185200
950,1194700
76,627300
77,453000
226,1268900
254,298100
6920,4466100
1029,1617100
2360,1350300
94,991000
3648,3713200
1360,2745000
89,953700
63,80500
1894,1759400
193,280400
1673,2443500
224,1134200
4724,2870900
598,1460700
258,406700
1905,2174600
293,1426900
972,1787200
407,1501900
649,1158000
92,1126400
1085,1599400
79,594200
2111,1295400
77,584500
176,1517200
85,686600
303,1691300
1318,1242100
92,992900
202,672900
124,71900
67,176900
218,1114000
223,1063200
76,595700
435,333600
492,2330000
305,1963500
109,1495500
184,1740800
403,1048700
89,740600
273,893100
647,1201900
92,1046000
4281,2136200
245,1951800
89,1184100
1327,1629600
154,1147100
140,684300
633,1063300
81,701400
200,655600
835,1481100
699,975500
116,1854700
62,44300
2363,1275700
180,1634400
138,495200
65,126500
142,565900
86,877800
119,1619400
161,1182600
129,262400
398,1218600
101,1322000
108,1336300
373,221100
1345,2319500
11308,6038600
176,1676000
127,173600
301,1780700
918,1921800
344,1369200
340,1030300
301,1598200
533,1396300
362,1696700
230,1358100
93,891200
696,898400
65,174400
148,881400
1588,2168700
110,1769800
272,1023200
126,128100
126,128000
5088,2434100
1688,1267700
6386,3536600
798,1880100
88,983400
102,1425800
435,300000
226,1432400
218,953200
76,420300
1788,2351100
240,1643300
111,1732800
236,1822300
577,758300
602,1594000
74,410900
1889,1955700
72,342300
326,611000
1411,2329800
128,191200
221,1339000
484,1712300
601,1455400
152,927500
82,667300
1233,2273800
83,706000
73,392200
72,307200
618,2957200
88,785000
621,350000
9934,5135500
122,1676200
174,1568400
229,1362400
90,1031700
391,695500
563,576100
235,1614900
102,1148000
2341,2500000
171,1639300
281,1272200
243,1876800
189,248000
122,2186900
1098,2203000
101,1204500
273,999700
1687,1241000
140,513600
229,1513600
1765,1855300
2091,2280600
7341,3939400
117,1748400
453,817300
7126,4822900
6992,4534600
121,1709100
518,861800
1294,2401800
149,786600
295,1887800
480,1488600
672,1923400
612,1827100
208,928300
472,1412600
252,257500
3220,3203400
67,189600
369,1916400
178,1751500
201,548700
186,109500
79,714400
860,2047100
326,789800
381,546800
918,2074000
156,961400
4657,2409300
429,2393500
2593,3092600
210,751400
129,209200
113,1476400
745,395800
2986,1740000
1160,1892000
306,1748000
118,1591600
97,1052700
77,437700
104,1279800
804,80316300
517,1869600
2256,4784100
336,2402700
282,3049100
138,457200
229,1294200
712,1197700
516,839400
72,320500
170,2364900
93,1135700
116,1875800
158,1184500
353,1358100
6984,4398500
136,405600
1887,1758400
81,691900
546,1977600
90,1110400
496,290800
78,660500
102,1324100
1807,1149700
105,1275000
111,1438100
6641,4035200
182,1982400
165,1193100
111,1466000
755,815700
613,1942500
842,1364200
3646,3215200
1410,2033000
199,658500
13617,8394600
390,700400
318,425500
85,730700
218,1022900
133,349300
374,291200
104,1248600
3057,2033300
865,2118300
1694,1739800
1026,1695000
142,610900
144,778700
163,1244300
306,2262300
279,1347200
86,730400
126,130600
82,616900
378,476400
2193,2195300
68,260500
370,2252800
82,749800
481,1763800
2726,2814900
2789,2850900
856,1828300
1461,1702900
4749,3648300
2985,1873600
101,1145600
73,410700
6341,3482000
123,1768100
75,454700
66,152900
962,1535800
487,2119000
263,774800
67,235300
172,1949700
187,165600
1147,1703500
805,2550000
284,1387300
102,1453400
12432,6823000
247,1958300
568,705500
72,311600
96,981100
383,498900
83,606700
2588,2523900
3314,2726200
150,787700
289,1312400
9477,6204800
74,404500
195,332400
73,383500
879,670100
80,617900
774,1189800
68,200800
238,1584100
302,1577900
5247,4299200
455,1360500
68,271000
3968,2329800
217,977100
78,517800
1515,1600700
64,98500
2347,2559300
85,723600
1001,2967400
193,332200
367,1741100
120,1669100
12362,7460000
102,1425400
165,1523700
75,506900
128,240500
1506,1511900
3348,1901600
7985,5233000
251,210500
2854,1950900
2005,1818200
4931,3468300
1512,1375100
4675,3597000
156,923200
105,1770300
796,1777500
140,542200
278,925800
890,1128500
522,959400
493,1830500
271,780600
220,1056400
769,1031100
838,1534600
477,2094700
128,301700
2757,2187500
1327,1640700
292,1684500
123,2081100
180,1635300
163,1150800
74,378100
66,173500
1175,2314800
754,722000
1529,2046400
74,514700
480,1510100
536,1581300
1863,1160800
3026,3059000
1429,764300
185,2010400
223,1082300
1664,2308400
93,976100
4079,3485100
10648,6275200
193,312300
117,1713100
2790,1382100
617,2051500
97,1054400
2587,2642800
312,259000
791,1691800
145,918800
432,1820300
833,1173700
177,1502000
356,1366400
583,965600
589,1215300
16051,9941000
69,265300
2044,2590300
8809,4580000
566,533700
974,1703800
999,729300
115,1671300
103,1185600
1012,1012700
2237,1254700
95,896300
121,1675400
16511,9149300
446,675500
634,849000
118,1959800
279,1211800
2010,1997800
733,2262400
119,2064700
1123,892100
647,1279700
284,1440000
10311,6358200
5178,3500400
64,125000
3037,3024600
273,881200
86,666800
226,1201300
484,1548800
232,1318000
180,1819800
82,611700
19561,12078700
483,1907900
99,1280100
389,761600
239,1567800
1373,1017500
963,1621500
70,354100
4128,2818000
581,883200
518,868500
93,1286300
81,613900
744,405700
121,1600200
119,1582200
1689,1306400
77,621500
104,1296400
134,357200
123,1973300
99,1139200
318,372400
239,1567700
695,653800
683,409000
386,582700
114,1469600
136,379900
179,1621300
1963,2268700
307,1767400
76,416900
1088,2084600
2436,1705700
1003,829300
7201,3579800
106,1287700
285,1081600
3012,2696700
92,962600
215,849700
71,416100
264,696700
5107,3309300
777,1237500
332,742300
541,1428700
277,902100
113,1455800
6813,4539100
256,354100
740,2147900
991,2349000
160,1171400
68,207700
500,341600
206,699400
285,1278300
6472,3686300
130,235200
976,2055600
213,1004500
8829,5351500
83,668600
136,422700
150,759900
905,1434700
146,717800
105,1210200
262,553600
78,519800
93,885600
182,1680900
194,339700
1727,2202700
5227,3212300
231,1382000
200,482400
86,769900
69,336900
260,475700
123,2433600
77,444100
134,356200
2336,2171600
79,511300
80,509600
342,1034400
8203,4800900
480,1574100
139,506200
139,465900
65,126600
153,971400
98,1142100
804,2889000
144,628500
264,547600
2801,1707800
3327,3029500
174,1806800
245,1888400
73,357900
1222,1783300
106,1289800
88,731400
814,692800
455,770700
336,894700
296,1381100
85,835100
1131,955300
1513,1515700
1120,618700
5249,3736700
9254,4912600
136,401000
327,657400
7488,4841000
142,641100
248,127300
69,261900
411,1495300
1856,2591800
15092,7560100
80,619500
522,972500
130,244500
68,263600
905,2202600
150,1084600
142,727400
1042,2372500
647,1271200
879,909900
303,2002200
587,1463000
759,1005400
458,948100
2178,1303900
94,1130100
70,296200
151,1181700
166,1535400
152,834500
621,384300
2727,3070700
2480,1168900
97,989400
9085,5096000
100,1100600
341,1234700
254,293800
10979,5426500
365,1686400
4255,3621100
424,1632400
12561,7268000
235,1417300
191,229300
767,1011900
524,1107200
427,1731300
246,1737500
306,1697700
161,1327500
2065,1612000
198,413600
3340,3260000
94,953200
142,558600
4401,3781600
129,210300
173,1376600
71,367600
374,256200
1009,1058600
2737,1578400
181,1849300
250,217200
71,323300
106,1191100
91,830100
264,557200
335,841500
264,536000
933,755400
1000,892400
319,542400
2167,3200000
8602,5817100
655,1262300
197,446600
140,508800
748,482100
203,536600
5420,3262800
102,1244100
257,395900
614,1816800
1263,1209200
1711,1926900
70,425000
846,1558100
178,1717300
856,2125200
95,996000
174,1699100
295,1633900
1754,1471300
7852,4656400
221,1141200
540,1543500
94,900700
132,281200
1415,2243900
428,1786700
72,370000
1581,1602400
64,96400
253,350100
462,1128700
81,1179600
135,1397600
172,4561100
416,2175000
148,1161300
380,861500
206,679600
854,1800000
555,1974300
122,1646200
79,603900
2927,1908500
602,1499700
424,1667400
202,563500
264,582600
319,430000
151,809700
1101,1829100
72,320900
69,248000
774,1239400
81,579700
132,382600
6272,3083000
192,279500
123,1865300
1734,2796900
72,396900
578,1021700
427,2005400
6935,4674200
11417,5754200
3685,2451800
15059,9714100
5503,4176500
2303,1328300
80,544400
1746,1113500
66,172700
117,1550500
681,1924100
358,1553000
69,241800
106,1255700
64,106900
85,731100
14450,7863500
1969,2258100
126,132200
2379,1824700
106,1260800
8263,4858800
144,598000
14110,8843500
69,483800
1250,913200
101,1407600
648,1592500
440,418700
6348,4507500
120,2071900
646,1041900
376,305100
81,796600
239,2314400
821,886200
139,639300
87,772700
8548,5830100
89,886400
433,2074200
110,2265500
85,765900
3539,2051000
138,490200
4864,4408700
19716,9744700
163,1135800
1167,1944000
1185,720700
1623,1365700
207,763200
223,1264700
7791,5010100
5106,3254100
230,1509100
483,1595000
247,2399000
1213,1906600
350,1338400
87,793800
254,476500
566,513500
308,2045600
63,99600
299,2925400
6479,4786000
163,1176600
17975,10698200
66,230300
305,1817400
419,1706600
88,829600
68,239800
168,1325300
264,536100
202,588700
227,1282200
233,1345600
123,1660800
2861,1564700
80,508900
159,1060400
1379,1281500
473,1259700
69,252000
124,70100
192,261200
2422,1453200
562,564300
661,1648700
453,784300
4513,4344000
152,846300
3152,2853900
2358,1393200
829,1458200
371,2545900
5771,3087400
3306,2110400
1255,980400
109,1278800
2484,1251100
1463,2087800
310,275800
83,793200
148,917600
139,600500
85,1263200
588,1409600
668,2034500
1494,1053300
147,872400
74,398800
64,98700
1020,1239200
406,1112700
858,1990500
136,413700
71,286700
139,534700
130,248100
342,1042000
449,840900
253,313300
9508,6053300
102,1441000
214,900500
545,1659900
286,1270400
637,770500
475,1432900
321,474600
177,1575500
4875,4140700
12272,7458400
254,290900
88,857900
172,1930500
128,269300
435,412000
69,253700
1642,1759300
72,334700
74,360800
83,610400
1674,971200
83,732900
388,605000
70,322800
168,1991500
217,1058100
475,1526100
109,1366300
161,1103700
314,278600
250,180100
11603,6189400
241,1646300
224,1173700
333,824400
968,1588500
237,1543400
1402,1721300
198,457000
1541,2276700
559,301300
293,1742400
96,1273600
308,2382500
201,655500
710,1293300
1104,1901000
6869,4897900
936,995300
142,661900
100,1119000
214,930800
3205,2864800
5510,4446100
108,1840600
265,841500
244,2307300
436,398200
71,296000
893,1196200
180,1934800
79,574700
122,1817600
116,1544100
3847,1784300
398,920000
96,974800
84,614400
404,1221100
2580,2987400
91,968700
79,577000
316,372100
1843,2165900
142,623000
131,266200
169,1314700
183,1711800
134,341800
179,2511400
1814,1300100
171,1508100
1296,2480300
3446,2875800
674,2586400
1024,1766500
74,478000
769,1389000
728,1585400
99,1106600
334,804400
5621,4108300
85,671100
8757,4466000
441,400600
690,538600
5938,4083400
815,665400
637,975400
78,610300
241,2378900
121,2066000
79,625600
367,1954700
4442,3266700
116,1552400
210,729100
166,1308600
70,253300
97,1250100
631,704500
384,711500
114,1623400
64,99600
625,417900
155,1006400
95,1207700
585,989200
2418,1456100
75,536400
205,747500
2221,2647400
66,213900
111,1336400
136,469300
312,256600
128,184800
90,771400
334,1017000
81,643700
2935,2110700
271,756000
92,882800
133,442600
845,1682800
68,209900
74,362400
448,647800
679,2050900
63,75300
3589,4427700
1059,869100
575,1031200
300,1632700
746,429500
345,1204400
87,731600
150,988700
612,1945900
122,1778300
4323,3557300
1844,2147000
111,1871900
1232,2092800
4714,2382600
762,831000
166,1231500
1259,1091900
4554,2931300
207,670900
138,483900
140,659700
74,392000
761,1042900
6015,3034200
831,1056000
74,380800
1775,1947300
149,741900
179,1592600
1796,2892500
206,720200
522,1019700
126,129300
8650,5124100
843,1417600
2616,1506200
145,639800
3918,2285600
132,416500
78,520400
76,549100
147,681400
423,1597100
437,327600
787,1506300
103,1521100
755,694600
375,303100
76,413800
201,497000
146,942300
112,1728400
7820,5154700
2676,1683300
943,834900
64,139000
239,1777000
1112,2835700
83,813200
86,682400
12397,7968500
3282,3320100
74,627100
234,1619700
116,1793500
215,1112900
204,739600
144,766400
1132,1251400
4291,2602400
92,1071900
271,856400
96,976100
810,518900
233,1393100
644,95397900
96,1123700
227,1406800
106,1240100
475,1399600
553,1819200
372,214500
87,730000
504,463900
102,1153100
4382,3090000
156,956500
229,1893800
99,1036500
3819,2850400
462,1048200
96,1034300
288,1222000
443,468500
78,458800
72,368300
431,1795900
5431,3410600
67,174900
79,637800
107,1304100
527,1253100
1447,1223600
2231,2874900
399,1126700
1964,2212000
1224,2739200
183,1805700
633,641600
123,2106500
74,412900
1360,2199800
178,1615000
2195,2485100
145,808400
128,289500
839,1698300
1971,2328400
114,1438500
3178,2080200
390,705000
359,1538200
191,288000
64,115700
209,764800
2081,2370400
200,606800
72,331900
88,757300
69,233100
123,1795200
1569,1426700
96,1121000
185,1753900
94,1276300
202,567000
85,769400
2626,1942900
352,1482800
85,857600
838,1583200
124,89900
63,98400
518,1188400
3419,1924800
624,607200
5256,4206300
295,1852700
70,375100
2677,1916000
76,527400
5173,4006300
958,1403300
1783,2038600
3960,3603200
270,933400
1459,1666600
143,683700
96,1132000
667,1620100
76,415100
3753,2981800
2353,3069600
131,284400
97,1053100
4488,3021600
4805,3368100
87,769100
160,1080700
355,1408600
1864,1011600
197,415300
95,933000
119,1636900
360,1751200
115,2159200
116,1725800
219,1221600
91,868000
1178,568000
287,1230300
259,570800
294,1399300
807,474600
108,1358100
3862,3193200
67,253200
782,1382300
82,675200
2435,1600800
231,1966700
1932,1430000
2628,2212900
376,290800
416,1432200
188,167300
2317,1971800
81,605600
426,1681700
147,802500
436,343500
386,652100
1141,1232000
605,1557800
812,539200
147,693300
7711,4321200
72,448900
75,387000
1885,1557600
1245,721100
233,1387300
2282,2768200
123,1748200
225,1136200
98,1126600
9931,6333000
542,1479800
681,2038800
577,1057800
155,1052000
161,1389100
282,1105200
356,1436400
733,1775100
118,1583300
3040,1497600
299,1594100
89,891200
8177,5712500
257,376300
102,1201500
3636,3169500
87,871800
158,1104300
71,344800
122,1693800
77,485600
128,178800
4450,3443200
14631,8816200
794,2625300
1688,1308400
2226,2806000
2841,2802100
130,239400
2124,1459700
738,2078600
261,513800
62,57700
2103,2604600
4826,3588900
63,72800
112,1585100
1307,752200
87,1014900
192,393600
1772,1806900
538,1388000
186,98700
830,1071500
101,1445800
4222,2114900
72,311900
3147,3435700
79,637600
174,1695900
119,1684300
107,1473100
96,1359200
433,1964300
68,310200
108,1434400
115,1431100
94,1097600
96,970600
84,695600
18235,9566400
468,1300800
733,1820300
183,1783400
111,1436000
444,587900
71,364200
105,1273100
256,503500
91,870300
243,1817100
139,679000
413,1404200
68,206300
1507,1278100
106,1312400
205,788100
206,676500
4989,3708600
563,587500
126,208600
547,1923300
76,418800
1070,1362300
106,1389800
669,1851300
106,1624500
212,1053700
163,1159700
71,304400
131,311300
1579,1928400
8107,5328600
709,1154900
131,275100
8341,5280600
106,1225200
18010,10709700
292,1434200
2016,1832200
4027,3825000
447,717800
445,898100
238,1653500
67,208700
12441,7284000
1307,757500
1627,1244600
422,1574400
65,177200
69,265100
67,182100
1194,1129200
141,705300
63,74200
461,1126200
809,457500
3767,3285600
244,1816400
3292,2089100
239,1628300
119,1624900
2591,2520500
1932,1478300
327,731000
8544,6194300
272,819600
130,322400
87,780600
1116,504000
84,642900
108,1374100
337,918200
246,1753800
199,445000
2331,2193600
1276,1710300
271,895300
255,443700
14976,9384200
1627,1258700
1110,2083300
69,258900
269,840500
620,352200
284,1203800
867,2161300
142,609400
372,209300
202,800400
18576,9940500
64,176100
183,1858300
519,915800
537,1373300
665,1538900
89,792000
190,291400
161,1140500
116,1584200
62,45800
1550,785100
323,536100
133,320200
2113,1095300
162,1204400
68,207900
587,1089500
460,1068100
234,1497600
14571,7152100
156,1036200
177,1506500
88,756500
65,126600
755,668100
267,708800
143,601800
116,1584200
612,1769300
1692,1474500
2018,1976000
182,1737600
3707,2986600
526,1226300
66,232300
3840,4176000
127,196200
2097,2559800
2284,2545600
73,338200
1550,856700
1370,804600
352,1298400
453,726300
1610,2558200
72,454600
119,1627900
713,1295600
124,73400
525,1112800
2868,1882600
2344,2646000
17410,12190400
279,988200
186,100200
138,490900
140,476600
1036,1611200
6745,5079500
171,1748500
781,1554700
179,1767600
2793,1563000
2007,1759000
160,1104000
296,1555700
403,1074400
709,1129700
17948,9227000
566,531200
76,459700
6067,4271000
951,973900
78,508000
74,381300
729,1718300
279,944400
209,1131000
257,387400
124,69600
1428,785100
155,1059800
135,368300
204,656700
68,249500
1795,2435400
252,367800
828,1050300
251,210500
85,773900
228,1402000
8877,5092800
336,847700
1195,1109800
66,155500
305,1832200
4218,2080100
1747,1155400
71,302700
1958,1863600
212,1088600
148,998700
1869,1389200
601,1500600
399,904100
277,919500
232,1758900
331,714300
2445,1871700
164,1208700
183,1622300
66,185900
2101,2509000
676,2388900
63,106400
313,314100
4043,2532300
318,400600
974,1865200
1099,1844400
158,1415400
72,325900
1737,947100
17306,9016400
2729,1542600
841,1606100
133,538500
1758,1601600
124,84800
438,365400
136,399800
1490,943000
800,1947200
1305,825100
413,1482300
1028,1547900
65,216400
2139,2386300
89,1394400
16187,8481200
287,1356300
196,601200
934,744000
321,538400
237,2197000
806,510400
181,2161700
78,464300
82,712800
2337,2410300
127,157800
428,2016400
194,343000
1739,1006300
67,181700
64,115200
240,1907100
98,1465300
161,1383400
1756,1716900
173,1613800
960,1444300
7104,4667100
137,431100
1077,1404000
3155,3179800
404,1095500
7225,4503200
619,2085800
313,276600
302,1762200
353,1353800
190,256200
137,463500
255,381600
8443,4599800
66,196300
4772,4607100
198,419100
74,374800
431,1800900
232,1471200
291,1283000
6479,4461600
100,1363700
95,1078700
281,1104000
560,353200
89,804700
74,439700
229,1353600
478,1471300
110,1403600
68,206100
84,660900
4074,3993400
439,448800
438,334500
270,881200
650,1468600
1716,2023500
1786,2368000
62,44100
95,1000400
296,1480800
339,1012200
807,541400
133,334800
228,1213000
5542,3961600
81,575800
144,687100
542,1612300
941,895400
352,1363400
319,418300
177,1741000
314,296300
615,1883100
84,716300
690,607200
67,186600
104,1221300
10704,7089800
10557,6449100
427,2008600
142,1089900
80,599000
488,2968800
423,2018700
124,86100
210,866600
3510,3118700
1029,1686900
2151,2492800
270,712000
312,291700
153,1011500
11464,7828900
178,1770000
147,759100
700,1009700
142,555400
82,582500
207,696700
86,755700
474,1546400
385,635000
164,1210000
75,495400
4261,3309600
713,1775400
228,1486800
72,422100
67,201100
5802,4035400
104,1316200
353,1395500
113,1825600
226,1364800
69,236000
15939,8316700
1532,2013600
2197,1901800
538,1822400
125,123200
189,261500
68,279500
63,121300
1913,3257900
1553,1208600
1386,1949000
11091,7324000
145,778400
2153,2353300
16694,8723300
124,71900
190,207600
375,397200
107,1374200
310,155600
814,649900
1146,1580800
1163,2224100
132,288600
1779,2026200
2913,3029500
161,1099600
100,1093000
585,1047600
2485,1387600
853,1680900
64,149700
66,156700
10490,5204900
152,1722700
1602,2210700
76,441000
136,408200
101,1138100
257,377800
2403,2443300
354,1649000
147,732400
881,780200
174,1489600
114,1480500
200,639300
237,1664900
307,2021100
101,1168000
107,1270700
288,1216100
367,1669900
300,1617500
80,869500
125,104200
12583,7611800
832,1070500
323,516400
367,1834000
648,1044700
71,296500
223,1544500
305,1864400
12327,7335500
1003,785400
237,1455600
219,1032600
1351,2343400
89,790400
172,1424600
161,1026700
226,1159100
379,360400
214,882300
75,545300
1896,1789600
1365,618200
173,2034300
505,505600
72,302300
126,257000
82,585900
125,103000
74,369000
294,1369000
82,569900
116,1585500
535,1453900
149,947900
225,1426100
682,487100
1475,2051200
158,1015100
236,1475700
470,1224600
312,205500
73,397900
194,339200
93,845900
347,1190400
7000,4881600
82,610000
64,171000
110,1387200
5911,3497000
87,812200
8020,4250200
4997,3545600
1104,2063800
594,1267100
137,527700
683,390700
626,439000
73,329200
88,787500
66,152800
108,1557900
3659,2007800
225,1283100
365,1637000
441,593600
157,950400
636,865400
755,617300
657,1349200
433,2176600
2376,1777500
147,855700
230,1872900
490,1874900
192,306100
108,1641600
4921,3378300
123,1762700
959,1243700
312,243000
90,818300
111,1433300
172,1389700
239,1567300
2852,1250900
220,984900
382,491600
12796,6890900
5881,4302100
1452,1362900
362,1671500
83,860900
96,1059200
14927,8302100
1181,689700
490,1980600
293,1362300
129,239000
276,862400
81,667500
274,986400
6184,4927000
715,1363400
2788,3109100
8191,4183300
3727,2165400
93,1157200
253,294800
63,95300
86,719900
67,213100
2574,1988400
3196,3030200
89,792800
3871,2987200
1084,1296100
4711,4097600
145,647000
228,1336600
74,386200
263,653900
126,143800
4746,3176600
1277,2186400
3494,2224600
15744,9252900
1865,1039300
1013,1175700
8001,3762100
120,1591700
102,1129000
123,1679400
514,803900
2329,2708800
70,326800
100,1344100
279,1191100
67,223000
577,955700
78,594200
113,1776700
831,1213700
214,854300
88,962400
364,1669100
538,1549800
111,1941800
252,305000
2702,2293500
113,1430300
137,406600
8718,5121400
81,582500
350,1281800
1446,1155200
4984,3235500
213,815100
967,1755400
1621,1143900
214,809300
688,529900
1775,2005500
1974,2383100
388,728700
165,1214400
189,191300
1480,2301800
106,1377700
232,1406300
183,2071800
66,154400
860,1924600
78,462900
119,1652700
2927,1874000
663,1616400
3760,3165800
3195,2324400
8997,4386900
235,1476800
153,873800
443,587900
151,791300
64,95500
162,1172000
1560,952200
7226,4525500
144,725900
313,336900
99,1334600
646,1345200
567,599000
618,1908300
1046,1895500
73,342600
354,1350100
2939,2132900
235,1868600
306,1708800
160,981900
124,68500
2444,2024700
6191,4492200
110,1395500
297,1516500
161,1054700
4030,2018200
79,81221500
266,638400
114,1478200
273,805400
180,1773000
306,1722500
1877,1342100
530,1130300
4057,2624100
329,638600
5100,2715400
563,384600
93,898900
397,991900
1012,1010000
257,522600
700,793400
398,862000
1130,877400
66,149900
1000,734700
1451,1331800
211,1053000
72,338000
556,2142000
1951,1658600
4039,2048200
268,679700
202,516000
18244,9051600
9892,5541400
5003,3541300
593,1351500
532,1699200
137,413700
112,1480400
88,750700
218,1131100
112,1568600
64,142300
1026,1432600
91,1003100
449,651700
155,939900
1584,1827900
428,1776200
64,97700
3514,3097500
90,1085100
62,56500
63,95300
4928,3796700
144,605600
73,505900
183,1691500
191,250600
106,1371700
176,1531200
6342,3372800
137,432800
120,2165400
207,985000
177,1774800
810,580300
117,1571400
441,398100
86,740100
9023,5225200
294,1399400
94,904300
274,908400
423,1693400
460,893300
453,878900
3159,3041100
162,1261000
11134,7368500
266,629900
177,1528400
3981,2593800
161,1066500
1030,1780900
4225,2327600
10885,6229600
1897,2038300
431,1835200
62,44400
985,2323000
197,441900
597,1639400
1415,2626400
12222,7520000
696,762400
368,1751300
1005,802400
836,1336100
5738,4067700
539,1394700
4223,2114900
528,1098900
468,1140300
609,1909100
505,574900
216,954000
741,2436100
241,1876400
123,1749100
2065,1465700
80,602200
2342,2966500
84,654100
528,1126900
858,1926900
3734,2149400
546,1581100
1121,655300
83,607300
169,1314500
66,151200
2930,1889200
347,1461600
98,1102100
113,1466500
171,1541300
1110,2497100
467,1198100
963,1362200
622,339500
14930,9194400
2820,2619400
488,2080100
78,584100
167,1622600
595,1580000
668,1613700
1078,1170900
101,1126000
240,1820000
439,348200
317,381600
117,1537000
1513,1475400
102,1117800
226,1221300
127,198100
72,302900
96,958700
1839,1923400
688,480000
103,1191100
170,1287600
79,484400
186,94000
1518,1510000
8209,4704100
134,382800
67,175800
258,574900
6476,4215200
431,2107100
287,1283500
1782,2263600
11492,5903300
1267,1632100
188,196200
1195,1107000
93,857900
310,169600
4764,3499200
593,1587100
164,1162100
67,181700
3771,3285300
63,73000
128,173700
843,1330000
89,765200
5512,3977900
5098,2708000
196,355300
9227,5789300
405,1053600
62,42800
218,950000
526,1105900
240,2008600
162,1183300
396,1044500
360,1505900
297,1528000
310,169000
1744,976300
183,1702700
539,1358900
81,795400
86,761800
245,2518900
162,1277900
139,495800
19714,11333500
198,450400
175,1588300
268,841100
399,1162400
155,1192800
102,1385800
208,950800
2818,2509600
155,874100
1365,743600
107,1253600
352,1402700
73,374100
3185,2298800
79,520000
247,1820300
704,1000000
130,261400
139,685200
107,1312600
116,1502000
118,1688800
1941,1487600
486,1883500
67,207600
521,1137600
653,1405600
213,824700
439,345900
409,1627900
424,1902700
1028,1800100
3065,2172100
260,444900
97,1032500
203,601600
145,661600
448,591800
109,1548700
311,203900
1044,1859500
3149,2840500
1312,925300
868,511300
112,1780000
95,1094500
89,806100
206,658400
5199,4084600
661,1538900
87,762200
108,1636200
216,950600
10977,5557600
65,168900
89,978500
96,1233500
705,1215200
5960,3776200
2209,2056100
510,607000
518,932300
1513,1630100
620,338600
398,997300
270,731200
85,879400
117,1682700
165,1327300
120,3142700
1581,2068300
2394,2206500
122,2511700
405,1464800
942,872600
419,2057800
108,1359200
222,1405300
1326,1434200
69,236900
102,1351000
99,1216300
147,717400
1832,1953000
4638,3849900
278,928600
87,724700
2611,1500700
488,1819500
350,1269000
1672,2443400
1413,1975800
179,1998600
129,270800
184,2147000
251,374800
466,1135800
561,405700
896,1175600
179,2000900
1019,1208300
68,206900
18555,9329400
450,665800
1261,1707100
249,582500
610,2364900
71,364300
276,1122100
859,2389300
252,448200
6675,5218500
5229,3455600
273,1081600
4065,3198000
745,444700
1180,652400
118,1765400
1808,1402000
83,621200
77,509300
3716,3424500
496,234800
1212,1481200
117,1865900
1059,752900
189,225100
1787,2509600
77,478800
1890,1942500
325,737000
179,1672300
4488,2889000
1301,2917300
839,1585400
120,2012700
362,1670500
176,1967900
509,761300
5384,5040000
230,1481900
3130,2892900
275,946100
2175,1256900
120,1616700
92,1500000
461,1758700
272,1318100
1357,3180000
93,987400
327,690000
76,545800
403,1076300
3871,2740400
738,1924400
116,1696200
5465,3316500
125,110400
138,504800
483,1542400
63,78300
394,843700
99,1679000
92,895300
84,682200
97,1187300
262,547100
1249,1000800
155,1002100
107,1375800
93,894000
9132,4971600
2880,2242800
10524,6827000
11838,7886700
15459,8496000
179,1722600
293,1523100
896,1220000
378,378200
2144,2048500
869,732200
1138,1421200
603,1613000
165,1198000
3122,2187900
4377,3409000
83,642900
111,1630700
305,1748600
567,606300
3731,2329700
66,223500
96,1158400
1183,679800
3273,3016500
167,1300600
428,1919200
85,724600
3065,2322700
731,1738600
1052,3441400
169,1618600
131,295900
9019,7040500
508,612400
1443,1196900
130,240500
239,1728800
473,1416000
2573,2394900
67,178300
297,1543000
1845,2699500
139,600300
413,1621100
275,1135600
178,1995100
10455,6426400
3494,2683400
882,809600
3024,2843400
279,1074900
208,837500
89,808500
882,826500
382,445800
138,568400
89,951400
125,117200
738,1908900
17735,8218100
7254,3368900
234,1977100
177,1738100
235,1457800
4172,2795300
523,1105500
96,1223400
2865,3084600
92,869300
379,381200
108,1422200
66,159400
112,1596500
113,1485200
1123,720700
71,284600
283,1200300
1259,1395100
881,1072900
890,1082800
3962,3395400
150,761100
1673,2667000
108,1778000
125,134500
376,367500
327,658400
63,83800
200,586900
443,528500
433,1892400
494,1877900
75,579400
79,522000
149,811500
6304,4542800
609,1966600
73,339800
470,1192300
82,563600
1972,2889400
1092,1496500
150,773600
1871,1355100
66,184600
79,603400
3138,2707500
103,1379000
377,323400
262,1088800
1602,2921500
1099,1905700
2823,3229900
357,1552200
478,1436600
268,663900
128,178200
1097,1658400
444,553000
2316,1774900
74,465900
1155,1687600
2840,2636700
15220,8146100
223,1075200
561,365700
339,970600
278,1169400
269,722100
115,1841900
842,1958000
89,1012000
922,2249800
1517,1542900
1825,1507000
67,199700
74,347800
367,1651800
333,994400
135,533700
1238,2763900
189,228200
3611,2373400
176,1766200
96,989300
177,1530000
165,1368200
518,827800
83,676700
134,372300
10632,6210100
1752,1264900
598,1422700
346,1197800
894,1175300
611,1746000
457,868100
108,1278800
651,1133500
94,1017600
887,946500
1022,1308300
115,1506200
7818,3681700
1894,1877100
64,98000
265,586500
79,499200
105,1367200
619,2014600
1594,1930700
394,820600
105,1219700
1171,1962900
112,1586000
1103,1858600
75,426000
166,1234500
1143,1206900
5193,4147700
153,1065800
70,379100
167,1547900
2216,2394100
286,1287900
507,645900
143,550100
92,958500
268,646000
414,1316500
496,226000
821,862100
113,1434200
493,1943300
74,715000
355,1603400
671,1709000
343,1106800
68,206600
264,567900
4416,2377500
1800,1017300
108,1268400
154,930900
632,648100
111,1342600
1216,1534100
1684,1524500
213,845000
600,1505800
119,1689100
221,1082100
80,579000
2004,1631900
711,1148200
305,1709700
849,1603600
270,730000
68,199700
123,1704700
135,415100
5873,3822500
990,2119100
8777,4925200
5908,3058700
69,282500
206,743900
2533,2680000
104,1184800
403,1032700
4598,2350800
10047,4644600
4731,2576700
4959,4084800
204,597900
66,168800
616,2572900
1558,920100
128,239600
438,308800
2495,1639600
735,1756000
141,530500
115,1505400
118,1623900
167,1284100
86,771900
123,1667600
875,601000
336,821000
1345,1892900
89,798800
294,1366600
554,1800400
185,1658500
238,1551000
111,1646000
7401,4173300
101,1247100
370,1815800
2702,2264200
741,1864000
203,640700
62,50800
169,1265300
194,327500
69,229400
1570,1379600
197,404400
622,373500
99,1133900
691,575200
90,822300
15755,7412700
1106,1832700
230,1276200
323,500800
1497,1279800
1862,1058800
257,391700
221,1040900
82,580300
72,342900
101,1112200
168,1308900
118,1677100
664,1476500
165,1200000
108,1358100
1082,1238700
388,579000
191,233200
213,840300
407,1310500
102,1099600
394,938600
84,618000
120,1692000
2580,2266600
1098,1649800
88,734900
1748,1078700
99,1047300
163,1130600
77,478300
373,203600
111,1677700
149,857900
206,652500
8758,5150100
115,1452400
329,835400
3734,2116600
969,1554900
367,1736700
1781,2365900
141,597100
2325,1855000
18817,9705100
296,1523700
1736,790600
78,482000
122,1657600
10413,6378300
1055,655700
288,1402100
493,1915000
118,1554900
4492,3485500
813,715300
214,1088600
226,1340100
130,288600
77,457800
206,603200
4814,3213200
856,1749400
76,475500
104,1313700
172,1547800
4508,3408400
76,429700
74,404400
73,467500
378,379800
5517,4127000
74,381400
102,1137000
195,353500
161,1078100
563,490200
177,1565100
242,2038100
1442,1331400
1611,2320100
3077,2407800
539,1472800
762,1066900
263,736500
799,2113700
2468,2658800
598,1399900
111,1426500
134,347300
654,1570500
190,271200
1225,1827000
99,1088300
9356,5835700
789,1727200
69,276500
71,292400
1400,1770300
7047,4511000
193,313500
83,595100
115,1534200
5703,4157500
3839,3683400
160,1012200
380,479200
433,1868500
490,1707300
1130,895300
122,1736100
1168,1945000
169,1288600
272,841900
65,126300
62,41000
198,437800
774,1494700
65,187200
186,100900
752,649800
4389,3497000
210,789900
227,1161200
2615,1669200
103,1200300
682,419200
109,1270300
148,762400
70,254100
229,1268700
66,184500
207,872900
93,1019100
76,412600
371,1881600
2721,3282600
7963,4428800
1198,1264900
251,203500
324,504500
350,1297100
94,980300
11845,5513800
865,1951800
89,782500
2848,2790900
69,232700
415,1354700
244,1656900
261,493000
290,1245200
343,1192800
70,257100
114,1464000
90,804500
797,1906300
194,332100
998,622300
201,738600
749,559600
65,179000
400,918300
1479,2082200
478,1433800
246,1773400
2146,2260400
151,816800
63,90000
291,1284300
4486,2705300
1661,2092800
742,1912100
1650,2049500
243,2052900
454,968800
669,2075200
158,1216600
85,834200
12190,7233100
1798,1022000
4283,2616700
297,63225400
112,1602700
1472,2006500
4679,2975500
141,589200
87,711700
77,455900
3271,2782200
933,560500
703,888700
4864,3005000
126,125700
67,225000
62,52400
155,1102700
75,410500
105,1225500
648,1126800
929,2064200
99,1038700
1527,1741900
1354,2103800
1197,1038000
137,441100
96,985500
794,1668600
208,665300
1112,2235900
281,1037900
87,818100
2702,2174300
160,1026400
87,688400
68,305400
127,151600
133,427200
922,2033500
159,1000400
94,913500
417,1416000
647,1079600
292,1472500
454,768400
79,610500
361,1817700
1091,1613400
356,2142900
165,1229900
134,389200
1487,2479100
88,735900
775,1184200
972,1792300
443,441000
871,528100
277,887300
2179,1242700
904,1406700
575,714700
152,821100
195,355300
73,326300
122,1640700
2307,1385600
116,1594300
168,1306300
69,233100
207,699000
695,710200
160,1223100
86,773500
99,1539000
427,1689900
170,1353500
11917,5983000
151,778700
73,354900
173,1434700
76,559900
174,1651700
131,274400
161,1132300
75,417500
425,1661500
130,260700
85,649700
169,1318600
212,828100
317,355600
70,270200
945,894200
89,770100
125,96100
10914,5301000
4090,3968600
381,438700
1327,1293100
141,634200
742,2123900
887,971300
399,1005700
531,1530400
118,1643100
396,874800
150,831700
727,1726100
74,581400
413,1583400
1607,2489000
838,1729000
67,233200
237,1710000
666,1619900
280,1004600
100,1125900
170,1368400
225,1282300
149,821500
66,163400
2925,1551000
126,138600
2530,2563300
1435,1281800
120,1717600
732,1717400
10561,5650500
315,382800
116,1494700
891,1000500
13811,7952200
389,729900
607,1635200
306,1847200
7110,4325900
116,1547400
368,1771800
634,696800
962,1705500
65,132400
551,1909400
10437,5329500
468,1148400
88,729400
248,123500
2415,2642000
11228,5206300
97,1002100
291,1450300
189,188500
1135,1347500
2596,2854800
431,2502400
336,859700
3501,2999200
75,515100
75,521400
86,848700
77,547100
374,291300
466,1309100
11392,6705200
262,570400
161,1109900
3081,2604400
1368,732900
126,136300
225,1245100
3177,1806500
1743,981200
283,1059400
424,1723600
174,1596700
101,1303100
195,344200
3323,2509400
290,1345100
63,81200
3902,3322500
4503,3350700
983,1902100
1318,1103600
495,1883400
205,638300
876,648700
859,1851500
253,286700
303,1558400
94,932100
72,454200
1628,1181400
385,508800
179,1546600
93,870700
10464,6406400
148,730800
9607,6146500
72,370600
75,418200
384,602400
138,734700
4850,2656700
2557,1752300
412,1727600
103,1220100
189,175900
5626,4151200
216,1076800
2315,1738800
856,1738900
2875,1909100
1376,919900
115,1512400
291,1278300
875,557900
111,1326100
270,710100
67,172100
1002,816800
251,202900
8314,4255100
218,996400
62,44400
471,1202500
246,1777100
173,1572600
178,1560500
92,960200
3191,2213900
9370,4524300
3497,2854400
2294,1039900
70,314300
1489,762800
78,475200
482,1511800
207,741600
159,1083700
3854,2300600
424,1649400
64,101300
8937,4469700
104,1181900
215,873400
323,587600
2880,2089600
152,898500
536,1823400
102,1337100
496,256000
136,391300
197,445000
1008,932200
158,1283200
126,170600
278,1096700
1341,1857100
385,604800
113,1973300
1991,1155100
122,1821700
462,1173900
79,683200
966,1502400
279,1086400
422,1646600
1133,1324500
1055,829700
85,867800
3596,1901100
876,617800
6341,3808300
287,1203200
72,344400
139,494500
208,867100
859,1799500
3390,2884400
887,1185900
701,847600
539,1589200
85,653200
96,1036700
856,1807900
8932,4183400
116,1741400
97,1039500
397,837000
97,1050100
278,1093900
97,1050000
181,1835700
781,1425700
756,645400
148,698400
122,1673000
6468,3359700
705,1003600
177,1470500
2297,1134100
6832,3396700
1684,988900
180,1702500
2832,2703000
1085,1402900
62,43200
77,463900
349,1201400
347,1325200
116,1542800
2604,1412300
912,1824800
208,723800
316,353200
206,607200
152,864300
229,1245800
79,519900
1158,1649700
1274,1526900
234,1379100
851,1894300
473,1201300
1235,2120700
195,329400
232,1310000
124,70000
2776,2558000
97,1271000
62,43700
120,1628200
131,274100
10166,6080400
278,1078600
1403,1855600
100,1260700
154,859000
5766,2623400
83,772100
1443,1283000
3661,1738400
215,941800
112,1344000
3237,1782000
380,542500
367,1757400
660,1414900
733,1750400
4201,3269300
70,263000
312,245000
124,69300
364,1665700
120,1568700
247,1758200
105,1246200
1925,1126100
77,533600
1318,1015400
220,1182900
305,1753300
78,456400
392,761300
71,289700
981,1819600
304,1689100
215,872300
13556,8120000
2890,2633200
134,334600
235,1490800
67,184500
2689,1966400
170,1389000
202,641000
161,1072000
1340,1614100
996,567900
174,1496500
3501,2312100
66,147300
545,1572700
147,687900
1566,1179800
191,262100
369,1726000
68,237300
150,737400
63,70000
4128,3057000
1643,1837500
2101,2819600
5247,3742600
75,405100
67,193800
190,230900
79,530000
2972,2986300
63,96600
1280,1749200
2128,1481400
88,703500
87,713700
2599,3107700
2561,1910700
81,598400
119,1855400
465,1106500
397,914300
180,1993300
67,190100
151,785600
403,1160500
112,1425900
103,1418700
224,1154200
399,888600
501,392400
171,1303600
143,586400
74,495700
977,1752800
376,289800
2401,2352200
276,888000
5178,3491000
123,1882700
12512,7508700
64,99300
2220,2602200
2782,2708300
271,731600
99,1102700
100,1108500
95,924800
174,1465900
1020,1317600
6351,3671000
126,128500
12706,7481900
1999,1272200
191,356400
136,422000
329,646900
242,1686800
429,2132900
1605,2422300
117,1506100
1189,852400
95,897700
395,822000
84,597200
5454,4182700
568,634400
7055,4526800
96,1023600
283,1043600
611,1768700
699,787700
1563,1103200
408,1123600
110,1534900
2176,1162700
82,575100
321,456100
69,227600
323,542800
434,261800
157,1008700
617,1932400
2114,1247800
134,432400
645,1186100
632,764300
167,1314500
115,1415800
1324,1187000
68,236400
9827,5415600
106,1279000
2193,1612300
115,1508200
1023,1351700
631,595100
100,1057900
206,648900
4544,2588500
121,1722100
718,1275400
5697,4020900
5137,3835900
215,915100
72,319300
72,299400
175,1463900
599,1370400
145,737500
554,2202900
531,1458600
182,1672800
658,1288500
682,421100
235,1434800
382,432900
62,41100
394,791400
209,677800
281,1328600
165,1368400
88,719000
137,466200
63,94700
143,558400
91,914100
167,1256100
732,1817300
1789,2333600
672,1842700
105,1315700
442,419200
164,1286100
1887,1767800
594,1887300
5054,3660400
67,202800
103,1297000
95,986800
173,1358900
6122,4037200
68,202500
301,1564100
18303,8696400
72,301900
90,814800
157,991100
95,932400
132,275700
429,1755700
109,1303900
3345,3115300
439,337000
1764,1715100
79,517600
81,575600
244,1669400
293,1328300
559,280800
83,595900
319,400000
62,41100
356,1428300
496,267500
205,612100
8271,4344300
607,1649800
3118,2304000
74,408500
502,620500
119,1606300
152,859200
452,699400
208,722700
103,1179500
73,379200
114,1457600
109,1303400
395,814200
83,630700
721,1361500
15685,9418100
415,1325700
547,1605000
241,1528300
101,1065100
437,282700
287,1273800
165,1242700
160,1046900
82,588300
3124,2017000
218,958000
73,365300
3354,1715400
935,632000
896,1239900
200,490600
526,1023000
406,1258400
416,1362700
96,1002000
479,1537700
311,181800
534,1650300
281,1314700
106,1563200
489,2236000
7402,4852200
213,803800
67,205400
631,595100
126,153000
398,868400
1196,1269400
1222,1817100
13435,7610200
245,1805900
120,1778700
3955,3748100
150,749500
1098,1716100
15474,8037600
142,537200
268,727400
112,1391000
193,311100
94,879700
688,738900
108,1435500
906,1441600
80,587600
3258,2460000
2195,1768900
149,734700
66,149500
138,515100
107,1268300
142,587900
2172,1184500
270,721100
1242,602900
191,245000
1835,2315200
98,1006300
78,684900
187,145600
326,581700
100,1126500
5133,3675600
840,1302700
110,1392700
1417,2243100
227,1227800
93,957900
235,1704300
337,1078800
108,1285500
303,1794500
145,719300
739,2175500
107,1450300
74,546300
70,272900
92,896400
249,153000
2193,1753500
925,2502500
196,384200
304,1723800
114,1459200
309,1793200
1009,956800
85,1054500
1573,1599400
1197,1117900
204,580400
395,813700
390,710700
70,267500
4460,4038400
245,2239900
2602,3514600
932,605600
203,699700
152,1021300
188,191500
645,1216100
921,2307000
62,53400
201,679700
2674,2003400
721,1761400
633,810200
950,1192900
328,824000
349,1541900
1375,1069400
104,1262100
136,451400
193,308600
141,512300
5663,3276000
87,742500
2342,2552300
142,669100
322,495600
696,714400
2298,1326900
168,1280800
79,568400
202,516200
707,1069400
163,1126200
74,492900
179,1549500
743,1894600
143,609300
63,70100
468,1115000
165,1560400
4135,3313000
155,1104100
714,1296100
246,1783300
75,543600
138,433700
1617,984700
3249,2195300
118,1563400
94,958500
308,2651000
174,1895800
9953,6139000
2766,2830000
558,331900
1122,885800
339,1145700
397,973400
9074,4922300
429,1735300
2472,2723600
213,930200
96,1041600
9270,5291200
64,102900
197,514900
288,1226300
340,1034400
169,1293200
113,1483100
1500,1002600
9380,4791300
94,1060200
1391,1738000
130,314100
1499,1295600
152,1030100
17964,10504700
70,314300
72,340200
179,2254400
84,647300
248,156000
208,787900
3203,2980500
142,578300
2822,2303800
525,1004100
1030,1472100
831,1100700
178,1655400
216,959800
139,488500
1906,2312000
330,779300
4735,2779500
4058,2957300
388,625100
1057,581700
1144,1304800
164,1198500
88,756600
3327,2841600
111,1556600
1747,1137200
807,439800
199,426200
6203,3097400
4530,2177500
62,51700
62,49400
260,437400
340,1010200
202,541500
490,1750900
154,939600
118,1724200
656,1566400
221,1079000
109,1482700
444,452500
2311,1664900
1071,984600
1167,1982100
93,841100
179,1613400
817,716400
603,1487900
280,1152400
427,1706000
5450,4718100
519,877000
93,904300
13423,7230000
66,181900
519,901500
156,955800
467,1129400
86,845300
2093,2179800
367,1702900
480,1471500
95,1039000
446,609100
186,99500
11990,6313500
95,947700
232,1367800
879,696700
195,390000
448,657500
9888,5586900
1021,1270900
878,754600
418,1517100
239,1642500
94,910600
5499,3882100
685,386000
412,1294900
3575,2933100
1396,1564200
70,343500
219,971000
419,1431500
62,56100
3080,2953300
560,482000
232,1466500
2108,1000800
127,163200
1598,2014400
145,621700
64,128000
195,534600
91,805500
1098,1683100
80,521600
133,315000
177,1472200
250,192500
11173,5651800
149,786300
1280,1737200
868,448200
4066,2978100
93,978300
2444,1847100
77,468400
18302,8935200
1964,2075500
1741,1078600
90,769800
70,292700
87,722800
953,1169200
390,642700
125,97900
11012,6368200
645,1091600
764,874500
126,201400
500,463600
364,1850600
629,549400
1716,2010300
65,126800
202,547800
1550,684700
1881,1431400
573,676500
81,631400
173,1396100
186,100300
163,1751900
97,1093300
1183,746400
76,425300
92,864000
375,273000
314,258700
575,777400
648,1052100
62,41500
2496,1856900
1528,1805700
174,1427200
2550,1476400
374,270000
71,373800
1586,2012500
136,411100
387,563300
169,1511200
1376,1103300
13845,7348900
327,650800
112,1610100
2418,1110600
117,1546600
705,940300
673,2272000
84,622700
981,1910800
121,1616900
9799,57937100
1044,1966500
321,484200
1424,2269500
304,1837700
492,1823100
102,1133500
716,1424000
2521,2459500
296,1426400
108,1337500
861,2692300
337,988500
222,1157600
167,1269300
367,1735200
136,393800
504,495800
597,1385600
437,310600
863,1961200
562,417200
10461,6320400
480,1620600
211,883400
397,866400
216,1048000
82,653700
431,2213000
98,1168200
8166,5344200
326,637400
244,1805800
546,1998500
99,1240700
98,1067600
1278,1847100
764,1078000
3748,2792800
7251,5953500
321,500700
1941,1904800
457,929800
585,1324100
85,925800
81,641500
72,384100
224,1385000
129,242800
65,155700
566,544600
93,944800
193,510100
2252,1855200
529,1424500
7533,5037400
194,401800
77,483400
3406,3509500
1979,2635300
174,1855900
239,1756000
143,778100
269,813000
2886,3115400
366,2140700
70,378700
409,1505300
232,1443400
221,1215100
158,1099700
585,1283400
142,776200
185,2515300
3806,3190100
2519,2892800
286,1677700
462,1146900
465,1244700
6932,5309000
180,2058600
549,2013400
7356,5365600
2204,2242200
432,2082000
462,1019600
95,1056600
309,1917700
66,152000
2534,3361100
662,1871600
812,554900
259,486400
91,935300
129,218200
212,1268400
405,1462800
1632,1462600
654,1477500
111,2149700
821,823800
79,541100
156,1194500
152,941600
311,213900
63,72800
240,1942500
93,1056400
337,1085200
10190,6351400
70,428100
77,741700
311,259100
595,1739500
146,1118300
1725,2254700
942,1027700
134,409400
319,415900
196,406400
2843,3006400
107,1448500
1232,2378600
134,480600
98,1508700
3833,4230700
842,1588300
2499,2076800
3285,3581300
99,1240400
339,1091500
4074,3936200
1209,1740700
79,933100
133,418300
214,1084700
1788,2725100
68,293400
72,393400
181,1803300
1567,1408400
972,1861600
1431,1035300
205,743200
715,1595100
6855,5269200
133,350500
1947,2052000
1122,877200
271,924100
180,1959600
86,780400
229,1574100
376,410600
285,1403600
201,664900
459,1036400
4678,3389600
108,1466200
1407,2735500
1076,1184300
112,1753400
687,529100
148,920700
3683,2821000
470,1375400
72,351200
325,718800
134,458700
98,1250000
177,1793800
3625,2621600
73,359800
181,1825500
808,490000
343,1224200
264,712100
260,526000
1722,2508300
212,896700
403,1149500
674,2277800
91,946200
231,1540400
750,646000
225,1537600
232,1690100
731,1927300
737,2089300
224,1243800
271,823800
376,506100
6730,5698700
115,1723400
197,648200
205,641300
1965,2550700
122,1941200
93,1166300
81,828000
4177,3616900
616,2045300
4637,3881700
76,661500
366,1913300
112,1612300
174,1531000
276,1108900
1010,1079500
2863,1862200
4628,4026400
1007,1207900
2983,1742500
94,1070200
3910,2172900
343,1254900
125,112000
64,136900
98,1090500
105,1370500
264,699700
4476,2554600
311,224000
8531,6050700
146,964500
78,515700
91,946300
5335,2843300
1042,2028300
686,475900
4900,2758500
81,839700
165,1423500
1505,1303900
68,216700
3985,2735900
134,470500
926,2166700
203,619500
137,450500
15977,10844100
344,1691900
3525,3866400
1216,1912400
155,994100
15652,9017700
176,1698000
707,1111900
225,1749500
90,1259700
1993,1521400
195,350600
180,1767400
12942,8604700
3368,2212600
725,1730800
1176,2680400
103,1321200
75,497500
86,915200
766,1018900
62,53000
1450,1453700
201,603300
741,2081500
1960,2225900
155,1168000
93,1147000
127,183200
203,652600
781,1555100
413,1662600
924,2060500
4927,3293200
81,604700
168,1539100
108,1407600
603,1731800
87,793700
508,614100
163,1286200
843,1634400
368,2019000
97,1292000
125,124000
68,288100
2704,2846400
632,722400
555,2160800
148,965200
164,1363600
406,1259200
113,1731100
1303,860300
337,1019300
106,1565900
574,872200
146,792600
121,2098900
316,355900
262,551500
2832,3034700
187,163100
1172,2479800
361,1845000
1260,1412700
246,2266400
371,2168500
149,907800
3951,3707700
1419,2572400
1168,2184200
192,320800
131,409500
71,460300
74,505100
1458,1980800
239,1955600
345,1267100
90,876200
97,1260100
565,584400
280,1080800
435,273500
6368,4736000
11965,8066800
143,794000
94,1129300
3358,2651500
559,427400
152,955300
259,466900
1004,1092200
86,1062200
107,1719900
144,809600
430,1899400
327,715300
6643,3920400
190,296800
805,2506000
1614,831100
385,659400
124,126900
137,570600
218,1321200
5396,2908900
5164,3804900
260,488700
145,834800
292,1485400
633,683500
1080,1294900
161,1189200
1921,2701100
123,1840400
160,1190300
72,364100
344,1153000
412,1467300
86,747500
585,1252900
5571,4520600
92,901900
181,1797600
678,2194000
880,918300
67,179900
2056,1405500
66,154100
166,1398500
1509,1508800
86,827900
402,1375200
3012,2978300
117,1813300
68,271200
120,1940000
73,438300
3472,1995500
740,2130800
132,391800
110,1455500
17800,10124500
90,999000
255,405000
2575,2377800
93,1159700
198,441900
207,747600
92,1040600
75,489200
477,1540200
244,1708800
86,875400
214,1100100
449,669700
183,1797700
1229,2017700
706,999500
401,961600
959,1279500
273,861000
140,487600
423,1561800
408,1328700
5492,3657900
109,1496300
190,292700
126,137800
72,331400
122,1721400
331,696000
10830,6598000
4366,2615300
114,1512800
117,1588200
2537,2668400
2409,2664300
1681,928400
163,1139300
80,521800
139,492500
482,1685800
139,579300
1201,1176400
70,250200
240,1661700
62,48800
163,1183300
281,1001600
63,78900
4472,2347400
4612,3078800
3032,3055600
121,1633900
81,596700
164,1156700
224,1177900
802,1884100
68,235800
3049,1600800
85,704700
121,1698900
83,644900
800,1894300
535,1362800
76,438900
169,1293600
4445,3289700
1205,1343300
74,387800
313,234000
3936,2725500
1580,1605900
611,1734300
3280,2977800
1789,2314100
177,1653600
82,779600
406,1184600
64,171900
84,629400
330,730100
369,2061100
196,419400
9371,4708900
6517,3352900
954,1101600
1805,1062300
786,1494700
367,1708200
210,751600
253,251800
114,1480500
91,916500
128,180000
86,930200
134,343600
479,1590100
385,585700
65,125000
1717,1932600
77,452300
3923,2479900
1063,853800
10254,5519200
962,1427800
2189,1511900
4770,3872800
67,258200
13333,7421700
322,492500
118,1574900
161,1094800
257,432200
96,981100
3088,2713900
1020,1214500
2201,2116000
191,235000
685,394100
90,1067600
286,1249300
235,1462100
1567,1198900
459,919500
216,957900
144,627100
5420,3141200
1674,787000
101,1063900
6124,4155300
290,1329800
184,1775100
130,290900
5747,3941200
649,1115800
62,41700
17359,10279200
239,1600000
226,1234800
1203,1225300
5517,4080800
1875,1283000
686,572800
387,594500
137,428600
133,317200
525,1049600
422,1541600
3741,2333700
96,1001800
208,686000
110,1390200
149,770100
753,605700
1144,1389100
1065,759700
1204,1268500
211,857100
162,1093800
939,746000
120,1610500
152,795400
682,327400
168,1252800
335,871300
220,1043100
450,637800
192,257400
139,467000
637,783800
898,1261100
191,245000
84,647700
9129,4894800
13319,7453500
132,311000
288,1230900
69,240300
76,427800
2411,3032600
69,375400
368,2009600
893,1010300
917,1735200
168,1353700
3214,2957900
99,1039400
11294,5833300
2034,2297100
290,1302100
7703,4002900
115,1455000
199,466000
2834,2697300
84,736000
263,533100
2570,1994800
79,537500
106,1227800
209,722200
351,1275800
122,1685700
69,230200
1463,1715800
123,1712100
1201,1169800
69,223200
8055,5409900
4780,2527800
105,1221200
119,1628600
64,99200
1645,1642600
222,1097300
436,272500
242,1575500
95,911300
10662,6782200
2081,1856200
505,505000
66,151800
3727,1895100
973,1673400
66,150600
258,459300
1577,1454600
79,573100
102,1155900
143,614300
211,971800
65,152500
1751,1412900
103,1609600
68,236400
925,1915300
114,1481600
102,1105800
437,281700
221,1255800
1113,2286300
392,840500
64,116200
124,69500
94,978200
2618,1720100
436,300100
2726,2924200
279,982900
71,338800
6960,3804400
75,409900
1278,1664200
19156,10633600
1382,1100400
164,1344500
1977,2324000
487,1703500
2480,1170800
125,112500
71,360900
85,663600
2106,2715000
341,983800
1725,2222700
1893,1909500
167,1249100
340,957600
232,1335900
66,170700
662,1504300
87,719100
424,1751200
76,424800
1059,739400
652,1172900
97,1011300
348,1227700
335,798600
1498,1008300
298,1469000
265,605900
440,356300
263,540600
276,908000
9378,5346900
99,1189900
158,1184400
78,611100
76,529500
8081,4646800
1618,1101100
451,669600
120,1591200
68,201800
189,194800
138,471200
205,593400
634,669700
872,518000
62,41300
1522,1910300
701,874800
343,1129900
149,765900
6183,4197500
6765,3700500
490,1685600
144,597800
677,1929300
385,547900
2431,1547200
163,1110000
446,502400
103,1153700
64,139700
6041,3694100
152,904400
64,97700
332,747600
10814,6563800
97,986700
63,71300
153,870200
873,524300
103,1134500
105,1202000
102,1158500
121,1692400
83,615100
134,327100
286,1178700
1341,1722800
368,1667300
263,510400
5217,2768400
172,1337700
107,1227300
3316,2326100
3450,2675800
288,1401700
2385,2066100
71,278700
114,1559300
343,1100500
309,1751300
68,202100
522,967600
81,531400
295,1454800
133,347600
89,760900
158,962600
175,1419400
191,222800
10447,5563800
5674,4359800
104,1299200
792,1714500
239,1549100
4621,3377400
8212,4847800
366,1671200
222,1061900
565,488500
13740,7515300
407,1096700
304,1604200
218,1051500
105,1591500
411,1557700
328,825200
1248,998400
499,406900
103,1470500
196,477100
89,928200
12578,7480800
163,1212700
372,193300
235,1546500
76,419600
1245,808300
109,1472000
261,854600
232,1719400
142,710400
82,751700
99,1302000
598,1471800
131,277100
95,924900
674,1949800
18074,9543800
132,389900
356,1932400
137,592500
2414,3217200
1602,2306000
114,1632000
3838,4057600
2595,2806900
823,1089300
89,836000
829,1261500
376,409300
217,1333800
1302,861200
82,792100
79,552100
93,877700
275,1120300
7432,5660300
773,1334300
236,2444600
206,771800
397,933700
62,44200
166,1171700
1910,2298600
206,716900
359,1451800
146,854300
387,578800
124,69200
1539,2032700
117,1776400
260,640300
330,774900
160,1024700
77,566600
423,1565600
666,1667400
149,775800
396,793600
161,1075800
86,837300
778,1283000
75,424200
293,1360100
231,1292900
97,1085900
733,1778500
481,1525300
93,1129800
7561,5169500
1461,1621600
69,235700
426,1664400
740,1953400
249,182200
90,780100
262,506400
657,1336500
533,1439400
68,249100
862,2062800
71,291000
65,176000
4220,2157700
118,1614800
623,430300
816,798800
554,2358600
690,721800
9385,49570000
765,1035200
62,41900
508,571400
437,330600
85,826000
129,279100
94,1009000
304,1725000
73,358600
1464,1785600
69,232500
510,638400
474,1318900
166,1307600
92,1044500
236,1468000
94,929700
102,1097200
667,1543200
103,1282900
12303,6807200
450,642200
149,735200
196,391300
73,377900
392,918500
90,824700
250,180300
96,949400
967,1568700
306,2185600
101,1438600
8153,4950600
4324,3470900
7361,4616300
271,903800
213,850900
2322,1873000
656,1283000
678,1980400
6693,5659900
378,421600
643,1121700
251,213700
3790,2075500
4710,3904600
4382,3250600
1472,1970400
574,753800
3407,3410500
104,1337200
773,1362800
1775,2259500
98,1096900
1605,2313400
89,775100
216,907700
3152,2869600
784,1756400
295,1707100
268,668000
1811,1397400
130,248500
18087,9919300
86,739000
86,678000
257,383300
406,1153800
459,1072100
7451,3976500
653,1343800
460,905500
224,1308700
303,1606200
4881,4130500
696,876000
492,2031900
156,972400
358,1754400
14841,7451800
1484,2136200
77,445800
75,404700
14860,8380900
73,436700
274,1009900
105,1215300
10022,5546800
1198,1056500
331,733300
13047,6931600
223,1150900
253,255500
67,173700
469,1187000
115,1485000
82,787100
104,1194600
159,1093000
346,1376900
88,744900
364,1640300
241,1613600
63,71000
573,675400
617,1915200
87,713400
426,1682200
62,43500
236,1629200
78,587300
96,1210000
892,1115000
969,1871800
139,556800
146,784300
1143,1224000
12858,7062200
94,987600
80,597200
252,230700
703,982700
231,1336800
69,230400
100,1035900
75,630500
170,1308500
128,199100
235,1395500
157,932400
268,698200
486,1589500
2786,2845300
2873,1808800
355,1404100
63,73300
10745,5659600
2304,1372600
1551,798000
1282,1816500
65,130700
75,380900
1237,2350200
4913,2979000
95,921800
63,80500
1176,2153600
10261,6731800
1473,2175500
405,1136300
109,1329500
230,1275300
315,381200
156,942000
296,1442600
237,1730100
21414,12654500
144,660100
296,1685200
1421,2376000
295,2103200
6880,6362600
685,403000
4697,3733600
7000,5725800
5446,4407400
505,683200
513,738300
412,1239900
4653,2462200
207,665900
106,1325200
65,134300
381,416700
80,540400
205,616400
984,1998500
250,183700
148,778900
1446,1294800
2449,2048800
944,960900
386,541900
341,1073800
67,176400
515,748000
104,1620600
315,367100
727,1671400
2908,2796200
179,1519100
149,777500
5987,3799100
643,900500
121,1745400
303,1754800
122,1657300
379,386600
365,1586700
373,211200
224,1526700
409,1188000
220,1255900
3058,2185900
166,1181100
1851,2725400
345,1381600
92,1121000
653,1339300
1646,1722600
73,338600
564,454400
1716,1989800
547,1600600
381,507900
240,1762300
88,759500
591,1394200
165,1305000
498,291500
7274,3968200
5983,4163400
76,427200
6377,4424600
257,388000
159,1101400
11828,7625400
372,179200
63,70400
1875,1283500
225,1245600
453,729100
1985,1069300
106,1264600
93,921100
91,822300
66,199300
166,1201500
2778,3154900
63,76600
243,1841500
137,425900
840,1317000
297,1458400
7082,3702200
1769,1963000
111,1810600
1085,1510500
289,1458700
2625,2021800
106,1665300
71,358800
191,294400
325,766300
3148,3632600
68,379400
7192,3833500
3815,2715100
126,127500
88,789500
137,475100
115,1510200
354,1383800
64,107900
7781,4484700
281,1040600
177,1484500
154,861100
209,803300
90,796200
111,1337300
414,1345600
1010,998800
83,671800
2052,1085400
284,1100100
378,338000
143,585600
4568,3381800
1379,1054700
574,739500
664,1612700
548,1705600
6053,4017400
89,901400
75,419400
279,970700
551,2312000
2338,2229900
64,117500
8910,5624600
383,486200
2733,1807200
170,1756300
2471,2640400
1203,1279500
7610,5150000
3103,1506900
7987,5182700
107,1251000
66,152800
339,935500
1520,2092900
894,1391800
424,2042800
62,62300
1187,999400
136,497100
3113,2201800
9225,5603300
115,1585200
1554,944200
120,1739300
324,535300
77,457600
575,928000
320,456800
1347,1902100
4559,3316000
101,1076600
122,1654900
163,1087700
1345,1751000
3407,3324500
13774,7143800
7121,5409000
75,518000
217,1212500
72,323100
258,392100
83,702200
523,1022600
235,1501400
163,1249800
107,1359500
612,2612300
2941,2438200
316,407500
239,1737500
3083,3088800
63,80200
84,650900
11741,6736100
5133,3892800
2537,2984000
90,826700
67,236700
259,416700
1246,1203400
17358,10428400
6519,3622800
979,1957000
214,877600
3023,2979400
759,826600
134,346700
125,101200
150,884300
283,1220800
92,902800
410,1366400
345,1173900
1143,1450600
159,1104300
1104,2100900
140,581100
454,866800
139,513800
64,110500
153,904500
72,335000
807,397000
1676,856600
748,616000
94,939500
3118,2089700
325,585300
288,1303300
1849,2330400
2858,1564100
113,1660700
796,1798600
97,1005100
278,980300
3018,2581600
83,650700
505,502000
6889,3450500
368,1755700
68,214100
16322,8766000
1784,2114800
153,1141200
634,719000
872,537800
63,71500
5389,4365400
615,2078400
1512,1514900
359,1525600
62,42800
109,1344500
118,1630600
152,1235400
341,1097700
108,1387200
321,454300
135,389300
63,72300
181,1698300
1997,1528700
129,305200
337,965200
63,73100
6607,4640100
497,304500
98,952800
532,1319000
134,333100
17037,9031900
115,1568300
338,1017700
327,622200
1110,1968000
204,580600
66,150600
405,1060200
1054,483400
224,1081800
211,777300
713,1502800
1027,1857200
466,1076300
73,515600
5135,3789700
80,681200
682,332200
98,1278000
217,1078500
1132,940200
360,1654200
719,1360800
3932,2610300
143,727000
100,1254900
8938,4337400
76,458100
6561,4482200
410,1201400
101,1137700
212,879900
1615,847300
1174,2375400
2553,1476500
107,1278900
158,970200
612,1754500
121,1667200
427,1650000
895,1183900
76,550400
3550,2413100
924,2780500
66,160600
68,199600
84,650600
854,1715100
810,497800
93,897200
62,59700
337,875900
3690,2538500
3889,2980200
844,1654100
330,950500
92,822800
1934,1427600
6917,4297700
399,921300
2617,1551700
638,786100
238,1459800
239,1518100
733,1715000
1724,2611000
111,1534100
873,593600
123,1759500
436,284200
272,734100
735,1838800
236,1442800
125,100200
304,1676300
94,888300
326,587000
1935,1260300
164,1545900
2261,1886300
71,307900
111,1594000
6185,4369200
117,1536100
334,936600
274,795900
329,752500
161,1040100
106,1231000
89,872300
1223,1735900
69,245200
153,899700
3050,1766300
245,1671800
64,99000
987,1987500
175,1454100
1478,2037100
96,935000
970,1531600
1566,1341400
506,520500
562,395300
269,704800
113,1408500
186,96700
752,538800
191,227000
75,393900
992,493900
214,831200
92,938400
2098,2370000
64,97200
109,1298100
5794,3337300
380,404300
1081,1175400
108,1733500
2415,2636400
302,1977900
113,1732900
1032,1526800
7440,3334900
992,450600
4666,2792600
2770,2433500
954,1083400
212,788700
14311,8202200
388,654300
5302,3958600
1658,2252900
223,1190800
86,688500
222,1051200
168,1793900
535,1326500
1987,1080800
275,813400
73,360300
627,574800
12221,6000100
113,1414900
4654,2343000
117,1546200
137,457500
947,878400
427,1853200
135,478900
327,791900
2322,1940200
172,1644400
11047,5594200
3763,2947700
1543,2405900
2948,2455400
70,256400
265,566800
8030,4549500
68,223600
303,1566800
3927,2401000
104,1270600
141,514900
148,836200
359,1702100
197,457400
5452,4493500
8193,4014200
721,1439300
4487,2835800
17630,9705600
15437,9158900
13206,6230700
1840,1994000
9785,5732000
881,747200
658,1358900
414,1326500
69,259800
398,892300
1016,1255100
615,1865600
748,462200
1752,1272800
7202,3587200
282,1525700
385,543100
170,1321700
89,737500
1100,1871600
81,595500
1160,1647000
285,1085500
175,1463100
118,1579200
221,1082900
344,1071000
77,459400
75,381500
260,522800
103,1166000
1973,2486800
158,957300
10984,5823500
1696,1338200
716,1647500
729,1658900
267,655900
1825,1773800
7269,3796300
62,116600
107,1330800
2278,2191000
96,1096200
430,1687900
1756,1440900
83,607000
78,525600
128,176200
129,200800
1729,2334900
205,620800
785,1579100
850,1867700
83,638300
7298,4786800
132,290800
6124,4180400
691,594100
92,828800
8804,4806200
556,2125900
2175,1092300
613,1852100
816,756800
768,1007400
1104,1836700
141,540900
80,525300
145,664100
972,1568700
95,906300
4764,3856000
111,1378400
124,71500
342,1026400
201,485200
5006,3551600
319,408000
66,172000
1430,743300
1541,2060200
85,652600
813,580900
286,1237300
644,996500
68,203800
119,1556400
8864,5882800
1280,1733100
96,919600
155,914700
331,685000
191,253000
2869,1691500
437,565000
76,548000
1618,977600
245,1730600
139,484100
7300,4977600
4069,2866500
10980,5353000
63,72700
3755,2645000
2131,1569800
449,632500
114,1452900
118,1596700
10958,6251100
390,747100
78,525700
298,1543600
100,1045500
10822,5849000
971,1556900
551,1717000
840,1249400
10187,5425000
763,1152200
1300,2360600
13031,6256700
238,1682300
435,239800
63,71600
95,1170600
78,466100
94,950100
1429,772100
894,1127500
729,1650400
92,810100
106,1303600
65,126100
577,899700
381,410100
234,1429500
217,911900
622,470900
242,1612400
174,1784900
751,596300
444,471000
4487,2691600
158,949000
236,1401500
3019,2510900
1571,1329100
111,1390600
501,424100
101,1058500
114,1853600
99,1327800
7232,4680800
100,1397800
982,2033000
772,1385300
461,1171000
80,662100
2393,2329200
86,740600
62,41600
1332,1387800
3057,2015800
349,1251600
3853,2003100
2916,1347400
125,100600
96,921700
81,550300
156,914600
254,445600
237,2432300
159,1008700
3590,3226400
272,777600
84,639500
102,1136400
206,665400
263,510700
119,1563900
421,1514600
129,203000
75,398500
88,744100
129,213100
161,1057800
234,1344900
112,1372700
248,134500
371,2092300
15872,7477500
170,1362700
138,546700
1025,1588100
4847,2575400
286,1411800
3765,3013200
158,1062300
72,325900
1342,1642000
1112,2006000
408,1194700
266,588800
668,1699500
65,125800
1019,1295000
305,1957800
349,1679000
254,363600
87,770800
10552,5235200
243,1627800
5516,4639000
357,1491400
520,888100
342,1130900
1246,768700
1788,2365300
127,170200
271,849100
71,301200
1229,1965700
102,1091500
140,584800
66,196100
1736,820300
121,1712100
114,35579900
71,298100
69,238900
173,1466700
70,278000
173,1381200
6347,3590900
2473,2541300
157,984400
850,1578600
162,1082500
382,453900
5918,3432500
79,529000
302,1516400
256,404700
2251,1470200
384,512500
75,382100
836,1228900
144,586500
5586,2716500
1201,1159400
65,141800
1138,1093700
1369,816100
1107,1877000
1906,2109800
225,1126000
12887,7490800
459,1215200
76,432900
4023,3487900
2917,1454900
63,80800
151,967300
1296,2084800
156,972100
685,390500
2307,1505700
210,766000
102,1182200
5916,3549600
911,1758400
1028,1517100
83,583700
12122,6410500
5881,4266800
2396,2170900
292,1255700
265,599900
93,844400
110,1317600
94,1096500
556,1981900
170,1357800
69,228300
121,1598800
89,876800
140,547900
259,421100
75,521700
99,1181000
300,1694200
11939,6477500
485,1539500
4229,2784100
63,92300
1051,2378800
1699,1527900
1290,2036200
211,961600
62,43200
292,1449300
147,661500
3768,3011300
771,1126600
143,544400
73,330200
329,685300
98,938900
2245,1513500
911,1592000
1721,2032500
380,496500
1312,983400
84,622900
1932,1138800
4725,2558600
72,304600
334,861300
733,1735500
267,642700
278,1008200
351,1390800
354,1361800
1675,825900
69,230200
716,1377000
179,1600300
825,923000
3302,2047800
259,456800
2347,2618900
11157,6933000
203,603400
268,781800
864,1942200
81,649300
14121,8309100
1171,1995400
134,406700
62,42900
101,1108000
73,357000
473,1421400
206,666700
162,1098000
1329,1424700
3236,2056900
89,726300
683,360400
510,724600
208,667100
756,728500
7585,4330300
445,526700
1692,1327400
91,852000
570,594600
87,829700
167,1255300
66,163700
85,652400
103,1282100
1254,913400
981,1979200
3583,3087500
117,2102700
2048,1106200
613,1776100
138,503400
569,543000
312,234700
1627,1229500
66,152900
82,580900
180,1642100
5291,3530500
319,594600
440,371500
96,1009500
8280,4642000
1232,1917300
99,1043000
2506,1764400
118,1513300
73,335400
4013,3364500
153,1012900
231,1294700
125,119000
639,1007900
691,661500
178,1591000
190,203900
115,1491100
2340,2328700
88,803100
245,1665000
967,1394600
1603,2315600
7009,3768300
72,306900
116,1606500
128,194400
1114,2170000
2135,1682700
377,306400
349,1287500
2453,2510000
97,1070800
2782,2651900
101,1065100
162,1342100
194,397600
616,2100600
728,1663400
3765,3174900
766,1037800
765,1063500
62,58900
213,1009900
17550,8987100
2712,2858500
342,1246400
98,1241500
319,690800
71,313900
68,205900
535,1578700
299,1612100
12827,8237500
1172,2153800
104,1397700
137,530300
312,249800
79,653000
224,1182700
3694,2881700
338,1293200
991,2055600
9756,5194900
74,367400
252,487200
76,459900
4763,3868600
459,1059100
99,1135400
3920,2158800
89,772500
241,2094200
223,1962900
761,1092700
191,393600
846,1579000
2618,1610500
259,478800
308,1784400
121,2103200
258,514300
1013,1348700
1807,1454200
930,527400
250,258900
208,726400
2050,1180700
8167,5476100
1322,1325600
456,929900
1379,1072500
98,1066000
91,1092700
460,1222500
119,2033100
156,1210100
14411,8244000
147,1017800
207,759900
174,1664400
70,283200
99,1297000
173,1568300
70,255900
90,1052400
69,305500
4398,4069700
2128,1499300
423,1595900
4486,2782400
102,1183500
598,1399100
107,1270300
130,253400
5983,3978500
207,765500
188,160200
122,1694100
326,648500
976,2150000
326,643800
241,1657500
103,1188300
128,246200
74,403600
262,489200
90,832400
124,71000
140,499200
184,1766200
3041,1688400
546,1799300
1675,1075800
7756,3979700
7776,4491000
196,400300
77,468200
759,786900
11176,6028600
122,1687700
1152,1454100
196,423100
328,602700
67,222300
132,290800
123,1773900
527,1166900
591,1219000
1621,1088600
1826,1601300
660,1461800
1152,1600900
360,1892600
703,844100
69,249100
624,437700
1741,960600
98,1068600
337,979800
64,122300
114,1426100
96,993000
354,1400100
111,1388200
2330,2103800
72,317900
589,1210900
191,272900
76,434200
82,637500
1143,1358600
1483,2169200
304,1681300
108,1280700
88,708300
3975,2355500
224,1104700
182,1665100
68,268000
64,116700
127,164500
349,1311300
1918,2785500
309,1802700
1362,2341500
318,353800
73,332900
90,877000
529,1248000
82,598000
165,1185100
1472,2307700
421,1586300
108,1326600
183,1769600
1023,1287100
747,442900
162,1082100
1914,2307200
86,673300
3215,2856500
1984,935200
144,713000
1642,1519300
962,1299900
664,1595200
193,291000
2860,1556400
86,648300
5592,2842200
125,98900
1970,2597300
1371,880800
419,1558500
221,1220800
4991,3173900
72,393300
573,749400
237,1468000
142,567400
103,1237100
91,859000
142,580900
121,1873300
153,911900
243,1676100
204,658800
3274,3416800
367,2078500
112,1529800
86,783300
826,1102300
613,1850900
555,1865500
745,388000
220,1025800
181,1633700
196,392200
239,1635000
1333,1465900
90,814100
111,1394900
695,783000
149,721300
882,849500
633,723800
2469,3057200
308,1874500
247,1778500
167,1434400
271,1431900
85,734700
76,444400
108,1284200
895,1274100
653,1435600
111,1540500
124,79000
597,1376600
1334,1478100
74,355700
1822,1488400
107,1264600
69,226800
906,1605900
542,1520200
69,230500
135,444900
92,868300
2679,1536300
99,1009700
5225,2870600
734,1834800
162,1369300
146,675700
90,786400
1658,2477600
84,785300
82,624600
73,324700
176,1497300
973,1546900
209,702000
103,1131200
67,196900
1820,1345300
1572,1439600
140,565400
8271,4785600
1406,2322600
300,1857700
114,1470400
82,615100
299,1557400
66,173200
770,1036000
137,466500
169,1246700
116,1523600
743,1967100
66,159800
214,936900
149,894200
2687,1938400
187,223700
226,1177200
181,1678800
1096,1604100
97,953800
426,1616300
1030,1473000
763,905000
129,201900
917,1704500
14863,9234000
122,1754200
117,1532800
312,223600
399,950900
116,1571700
262,509000
108,1708500
225,1321100
242,1777000
273,907400
1158,1680200
405,1036100
229,1336200
82,584800
3689,2862100
1121,732100
215,1009000
4536,2537300
2597,2680900
203,545800
625,540000
72,315500
207,671200
4759,3613500
6634,3121400
177,1670700
1122,910000
6086,3846700
85,724700
256,406100
96,1164500
725,1758200
74,455500
163,1416900
411,1283100
780,1393100
863,1962400
170,1681700
159,1163200
616,2033700
76,422900
151,952700
136,384600
96,970900
949,903400
5336,2676100
432,1813300
111,1399200
233,1522800
1642,1565900
63,73200
571,722900
172,1448900
5212,2495400
294,1448400
431,1874300
425,1678200
158,1049800
1072,1074000
293,1346200
3311,2216500
234,1428400
4848,2642300
83,686000
269,670800
82,705400
298,1514400
226,1211900
159,991200
72,311500
4025,3454600
62,42900
3027,2956000
132,306500
442,453200
1945,1446600
7511,3606700
1590,1828900
6582,3181100
291,1253700
323,512400
361,2070300
9759,5082100
374,234200
600,1359900
132,286500
7461,3961300
155,915100
2037,2235000
487,1777900
493,1789700
356,1395500
82,924100
63,72900
149,745400
918,1772300
520,833900
99,1041800
1386,1282100
97,979000
72,347500
106,1176500
229,1340000
453,764700
1086,1317600
79,512800
142,554000
5432,3749200
6202,2959600
188,152200
103,1199100
155,949500
890,1051200
206,705200
1540,2218200
3752,2907000
173,1680100
187,161400
113,1667000
628,510100
95,901400
420,1528500
308,1755300
3569,2548800
77,452200
276,1261200
92,840900
1923,1048700
384,660900
302,1738900
77,560000
637,887700
1271,1516700
19455,10293600
568,544400
328,697900
444,615500
619,1936600
3925,2297800
206,849500
553,1855800
616,2388100
7997,5702100
9076,4762000
469,1159100
1111,1980400
320,488700
456,951300
3534,1794800
149,874600
101,1118800
1285,1918300
449,682800
5009,3735400
145,630100
18220,10024300
63,114200
9987,5180200
458,860500
192,251500
337,879400
152,883100
138,661500
2650,2500600
105,1293100
1031,1546500
261,486200
75,492600
2109,969900
395,1013000
936,612700
100,1147300
171,1347100
2350,2637700
75,426900
4014,3085600
78,524500
69,258900
106,1466400
220,1076600
1215,1762100
4024,3538300
255,325400
198,433800
565,487100
371,1783900
1137,1121900
855,1679000
101,1091700
237,1645200
211,777700
12588,5955900
69,285100
4183,2775300
67,224800
1237,2094100
71,275800
2944,2206200
886,890100
373,215200
329,849200
77,553000
123,1780700
1118,737800
181,1749200
135,371500
475,1406000
2394,2319400
488,1646800
1298,2138900
900,1468100
2032,2173500
181,1614800
898,1175900
623,382800
491,1727700
68,229300
6036,3345200
267,637800
98,1027700
85,674300
437,281700
159,1017600
2369,1734000
1085,1332100
79,481800
93,984000
1707,1687900
10637,5759700
89,769000
5441,4250000
97,1087500
1044,1841400
168,1285000
75,389900
286,1157700
82,558400
65,144100
102,1681900
107,1212700
108,1397200
90,919300
2719,2729500
107,1270300
434,227100
276,866600
434,205300
248,134700
121,1655200
649,1111600
821,792900
121,1583600
1022,1235400
2638,2230800
1157,1788400
269,674100
345,1230400
1350,2170200
116,1488200
870,486600
462,953600
1625,1053900
213,858200
1005,790000
141,569200
431,1806200
149,783700
1135,1258200
69,296700
117,2172900
992,676300
3478,1834200
95,1029800
85,667700
3206,2849900
1633,1712400
462,1198800
785,1847100
338,1113400
451,822300
5862,4032800
68,205300
472,1256600
73,457500
277,909100
86,699900
146,713900
89,816800
117,1526900
74,368700
578,802000
62,95100
3592,3109800
3514,3024900
149,801900
241,1602200
68,284600
99,1305100
96,980300
394,1158600
845,1472000
137,419000
660,1418200
826,940600
17983,8551800
420,1531700
388,578900
74,470200
223,1175800
15802,8915100
217,1080000
892,1036700
82,617500
2236,1103000
128,197500
115,1412100
224,1164900
12373,7175400
1437,958100
319,492600
102,1133900
606,1592200
504,507800
135,439700
120,1586300
270,758400
143,599600
12892,7653200
75,425800
104,1273100
1498,991400
122,1655800
11896,7230600
79,619400
80,687200
1033,1638100
179,1809300
876,639200
1902,1957000
120,1604900
165,1209100
1674,792700
77,466700
8081,4257500
547,1588600
97,935600
1246,997700
1043,2160300
250,181700
441,477600
72,325500
201,492900
86,684500
214,865100
88,784700
182,1672900
1503,1068200
1544,2203200
6174,3841900
88,837700
167,1256900
6773,3542700
138,433700
113,1490000
288,1240000
15071,7150400
2674,1505300
1050,2052200
3840,3976100
169,1728200
71,285600
1024,1333000
4339,3648600
1104,2222800
102,1432200
118,1956800
275,1088100
286,1428700
121,1667900
241,1767000
196,461400
921,2368900
764,891100
236,1659000
81,596500
184,1684000
3449,2660900
988,2008000
4813,3345300
152,836800
5295,3322000
246,1988900
478,1450100
224,1371300
833,1354800
934,665200
71,451900
866,2082600
1586,1937200
268,843700
498,365900
303,1984800
667,1601800
903,1508300
1653,1810500
337,955700
143,560400
182,1608300
6128,4154200
177,1540700
227,1281300
13922,7795500
5620,4190800
80,545400
895,1116500
64,114500
427,1660000
3449,2747100
5570,4147800
127,153100
91,1012700
120,1599400
64,100600
77,431700
875,688900
1437,907200
138,451500
121,1702600
276,1207500
118,1787200
1668,38476900
710,1187400
899,1248100
1194,963200
200,487100
2899,2673800
822,818000
113,1431800
9304,4956800
222,1029900
130,226100
174,1419800
1715,1816000
118,1490200
100,1047900
181,1567400
145,612300
754,623900
2577,2248400
140,660200
86,742500
64,97700
168,1205500
200,489200
415,1317700
79,672900
1985,1099000
156,956400
6355,4009900
93,944300
8943,4964800
837,1216900
436,294000
3793,2034200
639,829800
578,799300
3338,2888600
137,417700
217,1149300
385,672500
909,1500000
1015,1174800
291,1313700
245,1689200
427,1632100
74,366000
100,1113800
1247,742800
832,1055500
66,243200
1872,1481200
256,507100
6679,4643600
79,520200
165,1241000
113,1512500
15128,8753700
243,1881300
189,179000
806,419000
77,461200
390,823500
908,2079500
609,1835400
316,372600
140,516900
114,1572000
97,1406200
185,1824000
74,399200
400,915100
134,356100
79,492500
552,1825200
283,1071800
187,125800
147,678300
68,209800
1005,889500
604,1810400
334,888800
154,959100
612,1821900
177,1456900
283,1049900
1540,2037700
65,138300
15980,8987100
8673,6763100
3909,1942300
119,1659200
2774,2605200
746,404400
14295,8131500
421,1507100
93,880600
75,425500
1863,934500
15369,8730500
206,623100
62,42800
672,1850200
82,833400
68,230400
124,71300
681,2321800
285,1079100
198,508900
88,710600
78,493600
1720,2011100
93,1041500
143,625500
137,453100
4169,2277200
139,514700
105,1421400
84,715000
1197,1207200
75,382400
900,1278600
71,283400
532,1218600
488,1701500
224,1105100
82,600200
4292,2469500
763,931300
11991,6121200
114,1593500
110,1386600
186,98800
337,1059700
907,1743700
129,237400
2908,3221100
256,336300
14579,6922600
3161,3078500
2092,2326800
121,1671000
5520,2534000
101,1065800
13150,6210600
72,320100
867,2073700
170,1286200
246,1902000
140,516600
2086,2065700
237,1437600
908,1617200
65,145200
309,1777200
122,1686500
1595,1926700
754,695100
77,422100
80,523200
119,1541400
9146,5290900
749,478500
455,786200
1804,1110500
2679,1769700
250,275400
71,337800
150,741400
64,178200
126,131700
654,1254400
65,154700
2699,2245900
164,1313900
105,1212200
124,117400
86,702300
109,1353800
87,687900
93,925300
381,418100
235,1498900
90,795800
2186,1405600
1222,1738400
558,295100
1027,1574600
651,1541900
304,1999000
430,2066600
1154,1791200
262,513700
195,369500
102,1091000
698,749200
261,472200
73,351500
360,1458600
94,881400
3126,2170600
3212,2741200
263,529800
144,611400
16651,8684400
4294,2615300
80,910200
144,686200
67,177000
335,1090200
67,181600
1273,1524800
325,696900
859,1898000
11951,7187100
176,1638200
9689,5196400
233,1400100
277,871400
5786,3126400
268,749900
283,1127000
1300,2137600
766,1012100
369,1764800
472,1389200
292,1330400
3304,1879900
1017,1199300
3591,3486000
99,1054400
199,489900
1678,940000
809,556900
158,961800
238,1558000
125,101700
440,391600
267,639100
222,1094400
5707,2792800
4180,2663800
168,1447700
192,265400
252,290300
2873,1980400
410,1312800
5130,4128900
958,1170300
66,152200
666,1510600
2306,1336000
484,1513700
69,374400
5567,3869000
382,432200
7784,4712600
1891,2065800
352,1266500
369,1729100
337,886500
795,1918100
2621,1749100
117,1512100
362,1712300
338,1024100
98,1010600
74,378700
83,595500
69,222600
237,1519300
169,1301300
308,1804500
5808,3882600
68,252300
337,890300
151,822600
316,317600
73,328700
1882,1702700
190,207400
184,1820800
2501,1720900
221,1122100
132,323100
305,1883700
824,984200
138,477600
133,338000
1547,2234500
524,993100
6190,4452000
92,844400
7336,4059700
13858,7269300
817,764900
225,1460200
3968,1884500
66,150800
63,69400
15080,7381200
746,508100
1208,1365100
75,389800
102,1124100
9252,4748200
775,1231500
2124,1531600
1210,1436400
357,1405400
118,1505000
5592,2834400
227,1244900
230,1274300
394,1142400
2269,2222600
426,1726100
1790,2193900
1746,1068500
319,388900
266,626100
80,501600
1416,2495900
439,407100
1707,1777600
220,1157200
173,1692800
3716,3279400
219,1099900
14320,8110500
9005,4521200
425,1719800
137,408300
751,548900
1207,1397400
244,1655800
175,1481300
1985,1276900
987,2044400
493,1999000
675,1808700
403,992700
66,153000
95,1052500
1520,1765100
1907,2229100
10352,7316600
2066,1590900
68,203800
109,1358800
138,492200
2364,1260400
477,1421400
111,1354900
163,1220600
361,1524700
147,672400
74,368700
263,537700
71,280400
432,2193500
419,1615300
414,1360300
77,605000
297,1838900
552,1832500
119,1603700
212,863100
62,46000
584,936100
374,315700
2841,2701500
4064,2957100
787,1597800
109,1334700
3679,2342000
779,1485200
122,1855600
242,1676200
90,881900
62,72300
834,1116600
488,1638200
64,145000
76,558200
239,1482600
2249,1435600
81,556000
11661,5573400
2330,2277500
92,886100
145,670700
140,490000
397,991500
8028,4560000
610,1672700
377,424700
3441,2452700
759,727500
727,1562500
501,381900
135,430300
287,1183000
1124,747600
106,1400900
1797,2623100
99,1027800
4308,2689100
190,203700
251,295200
932,516800
560,353100
258,411700
5708,2629000
6917,4025900
264,580400
108,1545700
62,43100
75,472900
76,529300
143,732300
66,205600
537,1376600
14687,8368700
931,463100
186,97700
199,434000
1946,1827500
203,561200
159,1096800
1161,1786100
3103,1895700
5270,2733400
3291,1578800
1217,1710200
766,1015500
270,715100
771,1197200
792,2235700
492,1852600
3217,2928500
1031,1507100
1508,1360100
1010,968000
110,1406300
806,431100
3316,2297800
162,1158800
387,864300
119,1639400
825,978100
479,1465900
63,72700
2320,1897300
1789,2652600
148,914100
1580,1803500
6219,3834700
311,195200
284,1161400
132,365900
109,1379300
222,1330400
111,1730200
62,53700
149,917300
100,1137300
7962,4565200
120,1608500
149,739400
860,2089200
2158,2634000
136,478900
9754,5151900
994,500600
2091,2397400
520,948700
98,1521600
223,1308900
362,1541400
349,1565500
241,1623800
459,956400
740,1920000
9444,4916800
6429,4394800
81,666700
92,833900
517,945600
3321,2533300
19068,10024800
2607,1323200
3291,1729600
215,998700
102,1196200
3107,1620500
422,1999000
793,2138300
97,1180900
1365,629800
67,176000
4533,2438600
192,259800
920,1878600
85,662400
858,1826300
1147,1452400
139,497000
754,595900
796,1739300
1495,863300
107,1219600
935,633300
99,1025800
81,707900
523,1225400
123,1931600
345,1207300
11607,5778500
412,1266900
361,1511500
95,924700
8194,4077500
5115,3291800
102,1502300
185,1811900
2469,2764300
225,1489600
84,798600
192,337500
795,1672400
958,1598700
7720,4799000
7200,3712900
943,790200
65,131300
107,1289500
721,1426900
2533,2817700
201,603000
3745,2351300
2893,2528500
75,403700
283,1083600
3751,2699000
93,962200
74,418400
6005,4825200
83,594300
531,1202800
139,454600
77,449700
245,1729300
9845,6315400
79,513800
69,230800
137,416200
1990,1204700
76,485900
11452,6767600
72,488300
330,672200
1019,1265300
302,1585500
315,283200
80,573200
865,1978800
314,264900
64,100600
1105,1882800
213,1170700
195,418900
271,832900
98,1024500
70,373800
88,762300
325,595200
312,232700
79,496800
268,663600
307,1805200
1073,1028900
125,99200
932,465900
1029,1501200
235,1402300
92,892800
178,2458500
