32201
14265325
679339004900
0
17,543196100
1646,1343883400
18,441822300
101,782944400
15662,260130700
20,235000
23,297900
187,537000
166,713700
121,511400
42,98700
132,493000
29,141400
902,2026200
129,394100
23,290300
471,1314600
28,73900
58,186600
239,523400
57,173800
47,287000
18,160000
78,367300
633,1335300
51,344900
381,833400
28,82000
2880,5896700
376,1061300
130,385700
282,635400
54,413400
190,609500
2841,5887700
133,463700
34,228800
117,385400
1228,2599100
1268,2670800
30,133000
227,728700
63,308000
38,353500
344,995900
14,42800
4805,10640300
17,224900
23,393200
32,227200
18,190200
1316,2975600
1052,2216000
17,157100
14,50700
53,619500
415,1403000
326,802600
404,1142700
27,386500
25,473800
458,1276500
55,477400
14,41100
7317,14957200
504,1004700
1103,2595500
16,116400
21,225300
228,556300
20,261000
168,377200
89,309000
590,1267900
31,149000
228,569500
1199,2882800
49,348900
54,508100
111,592600
149,529300
1001,2159200
28,73100
67,423300
842,2057300
251,890900
31,187700
186,474600
74,294500
63,335800
40,387000
300,786500
19,176300
96,529600
275,788100
106,448000
6596,12986300
17,126800
617,1240800
33,227500
70,148200
288,774400
51,325100
44,208100
738,1680700
45,247200
797,2102600
61,275500
14,41700
37,420200
307,932300
389,1108200
45,176000
123,578200
28,71300
939,1939400
2745,6541500
54,654800
2292,4973800
31,155300
143,387300
4190,8429900
160,556200
326,893900
44,169500
33,204200
53,383000
14,48300
301,934200
664,1496300
22,293900
488,1362100
285,705000
87,277200
52,383000
25,345800
42,124300
35,268200
67,408900
29,102500
761,2006700
3415,8221400
3124,6807300
801,1755700
423,1042700
47,336900
12423,25587000
22,394100
23,345000
87,344100
23,376400
16,99100
88,307000
3084,6011700
59,233700
39,392900
475,1386100
3415,6986200
44,155800
459,1187100
133,459100
14,56900
18,198000
120,464200
27,396900
112,229200
21,270900
22,273600
30,137400
23,277300
1589,3217700
1012,2558800
635,1463500
46,234300
14,45000
50,319600
37,302700
91,383800
22,323300
23,308200
1745,3690300
14,52400
42,115900
315,777900
9416,19342800
87,286800
66,548900
30,129000
74,280200
33,231400
38,377600
1249,2514200
821,1807700
17,155200
19,182800
29,97500
243,608200
28,69800
368,857000
18,148500
20,220900
16,96600
857,1775700
7476,15626300
987,2174200
511,1209000
18,167300
22,248900
22,277400
185,429300
143,383000
2370,5364100
38,375500
15,72100
40,421000
63,305800
45,198200
1024,2099800
10373,21823500
16,102300
2195,4739400
32,182600
1265,2809300
12552,26078400
285,691400
19,200100
30,132000
65,384700
14,41200
587,1463800
3737,7926900
3402,6774700
83,515500
94,428100
14,39700
72,207300
84,176300
482,1199300
78,445400
33,261700
13575,27361700
19,296000
220,718500
20,203100
39,377900
243,635100
15,70200
15,73300
43,125100
10579,24008000
415,1231800
3979,9350800
14,47800
399,1193100
1532,3173500
25,364500
23,274500
160,454200
1161,2898000
76,309400
74,256600
34,346200
950,2178400
138,579500
69,463000
168,398000
18,164800
19066,38828000
161,616100
68,504000
23,281100
3523,7469200
582,1357700
20,203200
433,1192800
11573,24428800
183,436600
626,1601200
58,276800
69,530200
14,42600
172,451800
18,152000
39,448400
141,373600
44,155700
225,473300
68,469500
94,484100
8034,16871700
3517,7416000
203,572600
20,312500
8120,16626200
50,404600
19,182500
44,155000
28,70200
19,208900
34,230900
86,272000
14,40800
26,369300
281,574600
37,423700
43,132500
1785,3887600
1273,3292100
81,531500
124,750900
362,1362500
766,2014200
59,203600
430,1226600
677,1517500
214,526100
78,366000
37,330800
4084,8698700
8352,16695100
81,488500
10361,22324000
16,116700
216,693800
99,232800
10257,98381700
516,1428700
31,211100
653,1511900
36,314100
4115,8934000
2270,5305000
73,289500
155,430700
239,650200
14468,31788000
26,396800
14,42100
15821,35232500
4343,9287500
29,102400
239,507500
31,152600
45,177700
21,262900
865,2033200
380,797300
883,1796700
80,435500
18,167600
30,137100
50,358800
28,69300
67,406600
31,148600
58,175500
1104,2497000
38,504900
80,523400
339,761500
170,519500
19,185300
644,1309900
27,409400
21,236100
3793,8153900
167,686500
207,956000
136,674600
4333,11419600
451,1049800
2493,5204500
26,390500
15,73200
367,888600
55,505000
15,72300
34,234700
3397,8089200
37,354600
14,42500
105,422600
3139,6930400
28,69800
15,71100
472,1318800
18,160200
23,289200
107,448300
14109,29801600
144,441600
20,203900
31,152000
806,1772300
88,273600
1437,3167200
16,97000
66,449700
51,356700
155,336700
23,280300
78,429500
15,107100
63,370300
1395,3166800
40,505100
113,294500
45,184900
30,125700
3354,7092600
176,620600
771,1555300
3645,7276500
45,201900
144,418800
488,1317700
25,375100
439,1095700
127,407100
8962,18699300
169,391500
384,1024600
24,396200
31,157100
313,783400
48,325000
21,235000
159,447500
1220,2788100
1455,3437100
228,726100
37,325800
56,121700
2550,5293100
221,689600
64,361100
55,480300
25,342200
358,922200
36,319100
51,326700
60,253700
9634,19934100
38,363400
51,373700
15,71900
913,2165600
89,322000
30,232200
50,511400
957,2115800
77,346300
44,152100
65,390300
53,409300
49,302700
57,153200
15,71000
55,550900
2727,5671600
9152,19947300
18,183100
17,142800
83,539000
89,329500
710,1855100
14,42500
228,547300
424,995300
1873,4623300
40,481000
30,140300
32,192200
243,838200
16,110400
59,243200
40,499400
32,307500
113,315500
275,766400
54,500500
29,104000
32,284800
212,762600
10774,24344900
40,537400
37,442100
34,388000
63,553200
16,163800
369,942300
247,796400
8066,17410600
75,320300
19,178800
169,374000
20,202300
61,290200
403,1129500
58,179900
68,468400
72,220800
16,123300
52,543400
629,1680400
1156,2580600
46,206300
57,216900
237,824700
1141,2606600
15,72900
70,170100
26,370200
673,1316200
59,225500
342,869100
145,438600
6041,13039600
221,846500
14,50300
57,179400
107,543100
3808,8501600
25,347600
16,101400
43,173800
26,360500
6345,13818500
86,266700
3514,7907200
32,198400
20,219300
1097,2899100
315,1166000
25,371000
21,238700
49,322600
255,1040500
2765,6710900
97,786900
96,517100
17,130600
57,159200
105,469100
159,526300
1734,4141500
78,388600
77,386100
15,89300
157,559900
24,310900
51,342700
39,582500
236,867000
54,431400
508,1290000
655,2091000
218,884300
72,212800
97,653100
126,273100
70,190800
15,71300
79,404200
26,361900
1434,2924900
39,414200
488,1542500
74,300400
15,72200
46,209000
22,262900
89,321400
13934,30675700
86,282200
44,201900
75,307000
26,418500
96,599100
14,52600
181,708900
36,462300
800,1622900
144,390300
58,211600
2229,5106400
53,419800
30,128200
39,375200
10932,22332900
40,414600
1517,3140500
1022,2339400
177,695200
641,2004800
2276,5289700
149,556500
70,153300
395,979700
94,444900
327,916400
30,179100
43,130500
721,1848300
67,425100
108,564100
21,255700
77,390700
5894,12212000
101,292500
14451,32286200
20,210200
1301,3210100
42,101000
14,42300
587,1749800
21,232700
184,496200
166,641800
257,623900
99,232000
238,621400
16801,36325700
47,258900
5079,11961600
48,337900
217,780000
13432,28296300
397,982000
147,464400
57,158600
14,49800
286,839100
18,148200
120,424600
1334,3089500
26,439800
15,80900
328,859200
69,463800
1458,3246200
28,70800
20,202000
196,429600
1661,3572400
451,967800
30,146800
101,385900
1303,3033800
17,197700
18,167400
46,234500
18,156800
378,735000
161,659100
17309,36271500
16,150900
95,504300
287,805600
51,609300
82,519300
14,42000
74,292600
10951,21952200
16,104800
29,97100
102,359500
423,905300
29,98200
56,142800
548,1286600
348,1195300
19,207500
871,1938100
55,442500
13307,28016300
306,1032900
25,344400
13934,29488500
4247,9318500
186,499500
111,560600
608,1382200
143,372500
554,1311200
36,293600
54,544300
4170,9339500
235,773000
1429,2975000
27,442700
79,398700
19,239700
27,379400
41,451400
38,463100
92,389600
53,429400
17,125200
357,1139400
108,494300
51,355800
85,205600
74,286900
3273,6640200
137,534400
25,328200
29,118000
108,538400
24,300900
352,712000
174,680200
1007,2745900
146,700900
10634,21610800
390,1392200
69,567900
34,272800
2087,4349800
40,474300
535,1499400
15,81200
1204,2772400
36,290300
14,56900
24,312500
183,436400
29,99000
179,687100
1334,2760500
26,375100
2360,4865400
24,352600
45,181800
34,233400
207,718100
6792,14069400
401,1007200
23,360900
242,788100
14,53500
422,1141800
24,390700
41,508400
23,281700
23,297500
63,305900
20,209300
32,202100
4442,9991200
14,52100
14292,30677600
1347,2916200
14583,29358900
51,559800
15,147900
901,1965600
111,628300
38,410500
97,541300
22,256300
87,384400
20,219700
123,523600
18,149500
44,149500
66,381400
89,323200
510,1147700
277,912700
23,314300
2190,4426100
164,575200
42,94600
16,94800
264,832000
524,1630700
28,78000
958,2264500
26,361300
133,436800
149,560000
263,879500
6729,14558900
35,290000
7063,14536600
91,417500
24,439200
45,194100
186,478900
94,616000
24,418700
14,52800
25,439300
357,1121400
313,953300
152,819700
31,191300
69,660200
52,404900
39,450000
257,796900
352,943300
14,52200
17,154700
3237,7074400
139,596500
167,730900
116,363800
14,40900
1359,2791000
447,1234600
41,477300
142,346600
893,2417700
84,425900
9012,19858900
19,189500
49,315800
52,395900
202,591700
1083,2247800
64,359900
195,719300
30,128600
39,361500
282,746400
250,837300
336,725000
20,237000
226,569800
121,485300
36,347900
138,720900
1065,2366300
23,304500
18,154700
603,1335200
311,950400
111,744900
25,526500
26,606100
48,357200
35,257900
144,538700
23,360600
23,280600
261,793200
91,393200
533,1127600
20,295700
23,410100
4327,9901600
3613,7988100
87,276000
161,557100
697,1746800
522,1284000
2166,4595000
80,483800
33,243200
41,438300
23,284700
34,294800
1234,2740200
11241,24201200
23,280600
565,1342200
59,317200
75,466600
20,244900
37,320300
727,1806100
3252,7161700
5346,12014700
34,305600
170,406600
41,456700
13759,28166200
22,311200
261,952600
2851,209981900
151,628100
69,592300
42,94800
39,431200
1507,3212900
15372,29957000
2373,4908600
1281,2752000
1601,3459700
241,576000
20,295600
33,202400
33,199400
44,248600
4877,10574600
37,328000
21,226400
41,468700
9015,18809800
400,1096800
314,766300
1541,3056400
328,1036700
85,207100
2930,6299600
37,422400
6938,14948900
99,239000
462,1000900
173,526200
59,211200
2092,4709600
3139,6398500
27,560800
793,1950700
102,310300
2568,5841700
70,195800
77,427100
168,471800
14,42200
41,442600
106,407000
21,224800
23,304500
678,1829200
1846,4099800
40,459300
17,131100
40,423900
34,248200
684,1698000
75,290100
17,130100
2580,5261700
2619,5224600
8014,16606600
1229,2761200
106,467300
55,683300
166,708600
27,381800
96,612400
50,418300
36,281200
23,282700
39,355300
109,496900
395,867100
74,256100
17,125500
50,304500
58,176700
20,236600
93,437800
17,123900
7006,14738600
15,74300
43,179500
380,851700
3291,6540800
397,949500
16396,33957900
33,212000
26,381500
19,190900
6508,13412200
666,1622600
35,337100
112,303000
33,268500
16,124600
2370,6152900
328,909900
45,176800
46,201700
97,653400
6586,13262300
248,807800
3332,7099300
44,174900
98,242600
40,387000
364,724100
137,580400
716,1501000
10178,20361100
72,221700
47,233000
4373,9307000
974,2118000
1192,2549400
17,178600
205,878600
14229,28913200
40,534500
41,423800
806,1927800
235,865800
3500,7325500
25,359700
16,97900
17,173100
94,470200
19,174800
110,646000
39,386100
109,504400
18,195900
38,502500
169,397200
416,1062000
32,242000
72,243000
36,282100
197,597800
217,639300
925,2049600
169,397800
5264,10587300
25,356600
4721,10036300
15,75000
160,501900
66,383300
68,484000
55,492600
30,126400
34,229700
656,1657100
2518,5495300
74,347900
41,487400
3284,7134800
45,178200
4277,9239100
50,310300
26,413600
5181,10758000
74,255200
161,573100
177,587000
20,202200
16,95600
1025,2345100
162,567000
47,240400
98,200300
26,377200
326,833800
36,285200
51,387200
418,1160200
14741,31653600
46,202700
48,251900
344,933000
142,347000
65,386700
906,2112000
35,294200
476,937400
35,329700
59,201900
15,69300
62,289800
134,584600
35,412100
48,263100
1217,3198100
112,236100
17,164400
661,1635400
107,487200
166,730200
17,126400
15,99000
18,217000
23,319800
85,208000
14,41200
160,489900
680,1804200
8329,17451000
385,1062100
61,258200
81,487500
49,336200
56,142600
23,293500
218,622500
139,706200
978,2598100
25,360800
112,315900
20,238900
37,328400
21,231700
732,1571100
55,727000
1037,2480800
114,327300
46,206100
316,906000
24,352500
32,188700
23,291900
497,1270000
37,354100
38,346400
195,763700
40,415200
249,886400
207,842600
22,347200
32,237100
42,106700
100,341700
1708,3933500
22,333900
86,310900
18,191700
18,421300
5588,13142900
3636,8311200
304,889200
1712,3844600
174,509100
22,303100
86,235500
310,684600
191,778200
28,70300
54,533800
248,764300
17,127300
21,272000
1969,4238400
26,388200
19,177800
4622,10659300
107,558000
14,64100
1577,3387900
91,389100
257,656100
472,1292900
32,180000
2232,4591600
14,89200
21,243800
3539,7286700
14,41400
32,173900
231,676800
1521,3270000
226,523700
543,1477100
248,911500
34,269100
21,272300
33,242400
146,450000
547,1251400
71,199000
99,241500
1276,2664500
23,317400
761,1705900
86,228500
181,852600
1060,2384100
18,157400
365,809600
64,336900
207,712600
645,1298900
1304,2911500
21,293000
76,310200
462,1062700
72,204800
99,306100
50,433100
40,409700
28,70200
643,1595300
123,579900
81,507100
711,1675300
33,220000
404,1102900
55,466600
4879,10129900
87,272000
27,381700
70,146900
1795,3598000
3862,8305600
134,509600
283,644700
497,1339500
212,547400
25,339300
705,1539800
46,203400
27,424100
185,445900
18,146500
152,702300
75,342400
37,304500
1472,2992400
88,283500
14,267800
39,467200
17,175900
12565,26210400
36,327500
545,1455400
36,302500
132,459500
218,691300
39,404000
29,102900
639,2435700
42,133200
52,462400
260,738500
14,41900
318,1014700
21,266200
4798,10263100
66,422100
38,374800
238,484400
54,494300
231,807800
388,1035400
92,405500
14433,29406000
404,1189500
57,178300
22,252700
354,791100
223,788400
923,2203600
239,509100
68,530400
7641,15905000
1624,3166900
35,287700
28,67800
19,171900
81,470900
944,2031200
57,155600
20,249600
63,429500
399,1075400
40,428200
138,589400
711,1665200
31,149500
861,2013900
36,315400
1423,3253300
4503,9483800
285,792900
62,374800
452,1144400
588,1242600
18,177200
38,428600
167,653200
33,276600
20,244800
423,950900
20,205300
19,179500
104,417400
64,359200
247,722900
172,510100
210,437300
69,484500
1920,4097700
12676,25329900
8791,18578800
141,430900
53,427400
24,318600
279,921600
411,956500
861,1998200
1384,3168400
1608,3505000
777,1732300
338,909500
104,594400
31,206700
49,379000
55,515900
2543,5439300
166,656200
33,202000
43,123400
110,541500
94,473800
381,835700
18,148500
69,536700
134,569100
872,1963000
32,216900
34,252100
1248,2479800
24,410800
24,312600
1150,2457400
53,386000
246,749700
70,150700
14,46600
286,723200
686,1378300
2945,5946200
15,69200
2793,6329800
7012,15500400
17,129300
363,1088700
51,374700
97,507400
767,2104600
68,686600
1052,2598500
239,531900
16,99800
53,384800
28,68700
45,174700
1064,2190500
120,554000
219,658600
238,483100
18,149700
226,518600
869,1730500
738,1690200
99,232000
181,695600
738,1688400
569,1384000
1208,2561500
180,726800
31,152200
2529,5425700
136,656400
1453,3039300
49,291200
356,930000
426,1010600
248,751800
66,416200
377,1050600
123,749300
265,874300
18,156900
129,371000
18,150500
16060,32864700
718,1824800
2777,5582200
2487,5074500
27,458000
1270,2806700
22,255300
988,2358900
15,85200
19,197400
20,247300
20,222800
4746,9287500
641,1535800
228,566200
369,1034300
3143,6821500
21,234300
93,418300
134,529000
322,676700
4156,8764000
237,798000
18,171300
43,125900
30,125900
157,438400
23,280200
25,341300
1716,3843700
102,365400
160,516500
80,537000
874,1968300
30,140800
39,404300
480,1114600
205,658400
663,1630100
620,1401500
18,163100
30,128900
38,457900
53,404600
15,79900
82,498600
152,739700
2500,5734900
2034,4344300
266,523200
114,298900
264,893200
376,1082700
23,300100
170,393200
32,177700
1918,3902400
86,304000
85,206400
231,884900
34,257200
23,290500
41,414400
14,41700
28,71500
117,445100
330,923800
15,73100
2511,5837100
2663,5375900
31,151300
7294,15587600
94,524300
34,263600
295,598400
143,391300
27,417900
166,646700
25,354000
18,152500
50,340000
15203,31515600
36,294000
20,223400
852,2044500
505,1127900
624,100419200
30,185600
3913,8338500
33,200100
447,1480900
697,1658600
87,253700
48,284000
185,466800
169,368000
79,384200
27,397100
1086,2325800
182,378700
2942,6816300
2507,5724200
29,113100
253,525500
1795,3579400
54,475500
71,177900
38,324600
62,314500
66,407700
434,863400
22,275500
702,1617800
17,127600
34,267100
17,139700
90,369900
1104,3114500
264,853600
140,362500
2447,5395300
167,665200
4958,10415900
34,237500
377,1303000
48,281300
97,606700
317,861100
162,592000
100,359300
41,707900
190,656200
130,428700
95,540200
99,252500
26,383300
45,184200
47,263900
378,843900
968,1910800
41,479100
40,493600
111,607900
1829,4079300
2102,4411200
431,1303000
264,853300
5535,11005800
40,474600
216,584100
3363,7206200
37,342100
383,963400
344,1025500
18,153200
450,1001200
385,955500
335,1025700
59,205200
839,2370200
25,402900
4994,10922000
18,155100
179,642900
31,150000
157,406200
752,1697700
107,441200
1131,2561600
253,541500
132,475600
30,136300
909,2318500
21,254900
446,1184800
368,836500
36,289100
4808,10433300
1948,4120200
37,336700
15,72500
496,1145200
471,1421700
94,442600
117,405700
102,334300
259,690300
832,1829800
1758,3854400
17,142900
135,493600
1269,2826400
328,842100
3417,7659800
270,674000
73,232800
75,280100
50,344700
37,307500
1370,3079300
27,381500
178,635500
40,413300
104,388200
346,958400
2258,5016500
77,428800
1887,4258200
16,99100
15,70600
26,375700
629,1553600
22,273000
161,515700
1061,2362700
35,254800
19,210600
100,378500
43,133700
17,179300
23,312900
15,70200
23,301900
29,110800
35,254000
21,290500
35,331600
141,369900
16,123500
39,531800
600,1539200
66,442000
388,1024000
35,273400
511,1179700
25,384100
367,824500
133,477500
3551,7755400
6204,13101000
70,159500
196,391900
3484,7255600
32,188600
447,1521000
430,1512700
27,488300
247,897700
140,365000
59,266400
84,225000
75,368000
40,573500
5401,11217400
17,128300
31,151500
22,253800
3485,7735400
4455,9357500
211,651700
17,168700
42,126600
44,189100
197,530900
14,41200
199,479700
48,254100
22,269500
25,327000
335,995600
106,408800
130,436500
704,1761800
20,317700
7643,15881500
18,157700
549,1246900
59,205200
620,1485600
25,418600
195,1004400
92,499800
5831,12075000
2104,4394300
116,358500
176,658300
50,310700
266,589800
821,2272200
1049,2509000
517,1380500
18,177800
111,692500
172,438200
26,370400
187,575900
190,587700
14,42400
172,639500
96,603700
19,179700
20,205800
3981,8060400
730,1525900
357,864500
22,318900
229,764800
16,105500
46,217800
29,106200
234,727800
95,498500
1290,2586200
59,235500
108,512300
1152,2394900
85,237300
31,268000
22,345000
17,140600
2589,6519100
110,591100
30,140400
161,542000
349,1179200
60,237500
2451,5019500
60,254800
65,371800
457,1154200
48,270400
60,233000
661,1447100
68,613300
140,284800
224,461700
45,190300
1209,2735400
639,1625500
1237,2633900
110,556700
30,135000
95,500900
34,239900
35,281300
86,355700
18,149700
45,175200
82,557200
908,2149700
14,45900
556,1383400
2009,4382300
17,176200
4440,9261100
88,444200
28,74400
15,84800
252,521000
80,422200
19,176300
494,1366900
976,2157500
31,149200
235,1110000
19,243200
23,285200
35,300400
460,1267000
5744,11749800
26,367900
33,203700
600,1589600
186,473700
23,309200
82,481900
1311,3074400
26,392500
24,343000
14,42000
27,382200
87,274800
2819,6205600
22,258100
42,97900
15,71000
172,511100
516,1379800
804,2078200
88,320600
554,1452600
23,341800
19,225500
66,398900
215,560600
4729,10368000
18,199000
33,255900
431,1218400
390,1265300
60,233900
65,395800
43,140600
208,781400
251,797900
3933,8527200
271,862600
63,394800
22,331600
55,679900
38,433900
829,2378500
1197,2759100
64,383400
82,527500
326,758900
436,1199100
56,162800
52,472600
140,383400
1059,2950400
189,589100
631,1332700
30,128600
43,128200
74,277500
4399,9738700
1141,2784100
773,1850700
177,613200
134,529200
615,1883400
76,404100
18,161200
3773,8496200
16,112800
48,276400
1545,3691600
1096,2534000
242,638200
61,272300
23,278000
15,69800
30,167300
14372,30325800
32,243400
38,510800
25,432300
3368,7987200
113,348000
306,966200
47,248800
23,319400
16,94900
24,297700
284,712900
34,270200
18,153500
104,364600
3851,8403200
71,220000
617,1317300
55,447900
423,1183600
376,1066200
668,1628100
14,42900
3830,8261100
1824,4199000
73,238000
73,234300
91,367400
186,770000
479,1042700
450,1021100
376,1052700
181,830500
15,72400
25,338300
48,251900
588,1456800
43,165400
409,986100
6009,12545600
92,403000
56,199000
1088,2499500
57,153400
65,406400
40,406900
522,1073600
2389,5124200
1104,2707900
65,385700
37,302500
266,772300
14,56000
57,229700
363,1326300
46,295800
3021,7542100
891,2368800
62,283500
2069,4479700
523,1400300
14,44200
83,535700
581,1455200
15,73100
72,237000
40,444400
4185,8932300
916,2680100
39,490600
3107,6619100
314,781800
36,275500
14,40900
1481,3377400
4235,10516900
506,1166500
68,446200
202,627100
447,1255000
9260,18887600
6467,13522700
173,463900
2004,4462500
247,719100
7987,16594600
62,289400
2454,4981000
107,440100
45,178600
283,716500
65,393500
996,2087200
105,536800
60,231000
133,745400
20,255900
15,71700
4870,10538500
20,268600
29,124900
41,455000
44,153900
216,610200
1406,3231500
34,257800
24,309800
41,474800
18,148600
29,97100
18,156900
36,322600
229,737400
32,177500
51,330800
313,813900
18,167200
35,251400
34,226400
18,149300
29,96400
14,39800
369,915600
396,828500
28,84500
217,677900
66,389300
17,123600
69,546100
327,853500
21,229300
2888,6590300
126,282500
4241,9954800
687,1705300
17,126200
277,806400
60,225400
41,485700
53,547200
45,223900
24,393500
19,227200
2025,4493200
1880,4272900
90,453500
4074,8543400
15,76300
31,153100
15,70900
21,316400
202,616800
145,449400
599,1470800
69,574900
46,323100
1940,4181700
2074,4654800
27,398200
3229,7050400
26,408900
1211,2644600
297,824100
5302,12211400
27,625800
16,128200
140,394800
16,133000
871,2210100
75,311700
78,363200
1361,3106800
213,523600
19,265000
23,504900
62,336200
25,474200
2717,6123900
3478,7604500
42,103000
19,254800
21,238500
54,416200
32,228300
74,393700
28,73700
1314,3046200
543,1474300
771,1881800
1094,2268600
398,1016900
9145,20207400
2268,4372300
32,283800
26,459100
42,123600
45,224500
128,335700
723,2001500
42,133300
163,579600
49,295500
235,872200
32,188400
26,376400
28,83500
52,385600
2120,4746800
16,101500
58,180300
409,939500
22,251600
1263,2727200
6524,14514200
51,358600
47,321200
166,639400
34,236900
26,398500
186,515800
42,98500
125,590800
251,879300
67,490600
21,238000
60,246900
236,839400
957,2387500
27,452300
19,188700
113,270500
214,545100
306,1058200
25,359800
74,261800
18,158600
24,329300
243,654600
1756,3662200
14,41000
29,96500
130,358100
385,1003800
8714,17761100
53,390600
14,41500
107,447800
1336,2899300
430,1156900
18,162700
25,345900
561,1301700
2781,6452600
28,98000
45,270000
453,1064300
80,572800
85,257700
16,151600
23,371500
15,74600
20,293400
441,1078000
94,518400
26,397200
230,724000
15,74500
52,395600
48,295400
46,233100
42,103100
27,408300
807,1811500
275,792600
74,305500
19,178000
27,383100
56,120100
26,406800
285,910500
326,945700
359,1137500
921,2231100
52,364800
12368,25762400
95,609000
6108,13650700
418,1269800
2018,4370900
964,2237800
109,532900
31,162500
7727,15932900
165,606200
142,366300
4946,11007200
14,44900
21,231900
40,432600
43,146700
20,271100
115,362000
205,661100
20,217400
25,366700
21,254300
81,503700
62,282000
18,149000
7996,16805200
121,565200
77,417500
402,1137200
135,571100
56,209100
1437,3969100
16,125500
158,524800
56,162800
34,354500
27,414100
61,253100
97,541200
428,1075700
141,310700
52,388900
112,252500
225,473800
38,332000
5836,12523000
321,1096000
43,139200
388,1050600
275,784000
941,2191300
1213,3150500
78,400200
18,155000
66,390900
108,597700
16,135300
20,242100
16,106600
82,535700
45,183300
15,180900
23,312400
45,232900
837,1949400
147,502400
49,303600
30,161400
3756,8236100
33,211600
209,817200
128,378900
87,264000
453,1079000
61,297300
106,592100
1788,4002800
71,182800
280,552700
1933,3866400
4405,9572800
250,826700
231,647100
3878,8842000
28,172400
280,698100
1071,2623600
24,383200
435,982900
73,275800
20,239400
51,491200
230,655500
14,41700
6803,14631500
356,934800
57,162000
75,280400
199,469300
213,580600
38,326500
21,229000
78,364600
183,501900
1824,4589600
35,326400
869,2206700
268,753100
28,89300
32,226300
884,2194800
61,331800
389,1476300
895,2623100
70,228600
194,758400
1021,2606600
28,91400
303,919800
52,362100
64,466300
16,110400
49,329800
69,480200
26,366500
43,174100
41,475300
28,75500
2774,5968400
435,1072500
892,2091700
14,43700
250,845200
30,135700
92,406700
204,623300
25,418000
65,356700
17,120400
18,148200
53,492900
81,482300
649,1522200
66,421900
1080,2362700
72,233200
768,1863700
8943,18871900
545,1511100
1020,2418000
449,254358400
1483,196634200
52,408800
73,260800
55,457900
17,145400
270,674300
32,197600
6561,13223500
18,151800
140,395300
14,40700
101,338100
1123,2331500
233,721200
50,308900
1064,2046000
50,326000
45,210100
66,404300
63,307100
119,428600
72,238600
49,282400
69,662000
21,234200
6393,13720800
1555,3371200
69,580000
1647,4255900
135,560500
62,306500
15,73100
23,282300
109,542400
1554,3474400
55,474700
26,477600
739,1965900
81,477700
25,369500
32,174600
1087,2436000
180,698800
21,252600
233,736300
160,468200
125,597000
249,853200
651,1555000
35,266500
216,615000
930,2059900
190,579700
44,158400
15,70200
24,313400
246,721000
2944,5981500
41,416200
337,716900
1488,3443300
1245,2859500
37,310400
1084,2743600
36,315500
26,364900
77,336800
31,187000
1439,3578600
1990,4168800
116,335700
178,685200
87,420200
410,960400
7656,15649900
30,141000
503,1316800
353,806900
28,84200
58,201300
16,101700
25,331100
41,429000
3314,6995700
126,279600
56,124000
34,229400
153,798900
749,1838700
45,238800
2164,4398000
176,562600
36,275500
70,147400
557,1712100
22,260000
32,178300
21,312800
112,242500
24,308800
62,307300
3406,7369600
7520,15237700
113,272600
17,127400
126,285200
265,913600
3253,6719000
91,361900
49,299400
1369,3561500
5440,11260800
352,772300
298,698600
22,279700
29,99300
165,591600
459,1387100
623,1709600
22,262800
1913,4122100
32,185700
1127,2514200
86,233800
34,245500
256,586900
570,1408200
215,602500
18,155100
29,168000
698,1705100
969,2115600
422,954500
109,731400
224,484900
127,287700
56,124000
39,423800
119,458800
18,155300
44,154900
40,400900
391,1166500
677,1509700
16,101000
14,48600
33,208900
57,157500
392,818100
114,292700
1598,3278100
57,177000
534,1094700
117,414800
354,784600
433,1424800
34,263100
145,449500
243,641700
57,154200
18,155900
220,707800
598,1707400
158,533900
206,794700
156,556000
55,435800
238,509200
676,1429500
30,125700
567,1331900
203,630400
75,442300
95,483200
169,518400
98,214400
42,95400
423,997900
35,290400
257,620700
62,505300
265,1048200
22,259200
484,1382300
51,359800
47,318000
702,1542700
52,367600
436,986600
1223,2499700
21,224700
59,201100
2227,4476300
63,320000
16,97100
1359,2821700
56,141600
93,423100
1617,3512700
674,1622400
28,91100
29,101100
247,947700
11323,23281700
65,378600
1018,2332500
611,1476600
15,74000
80,437300
27,515200
1781,3603500
16,102400
201,583400
177,641300
21,230100
232,842700
124,581100
1995,4755500
131,489400
955,2147200
35,264900
7089,14938800
51,437800
94,574100
272,776100
1141,2514800
724,1749700
49,447300
116,487400
2198,5129400
19,296500
413,1113600
1483,3452300
20,203000
51,351200
74,303000
165,676800
65,360300
42,115900
21,228900
335,1007300
22,264000
2680,5593600
892,2216600
102,414500
78,377700
184,436500
71,197000
448,962300
72,231800
22,248700
16,95900
16,94100
174,488700
107,464600
31,164600
11890,24167700
21,234200
34,260600
13350,27912100
33,212500
1601,3584800
55,460000
101,347400
243,616700
295,630200
43,125100
81,433400
25,358600
60,329700
78,387500
75,292000
28,70500
13138,27644100
4310,9200700
34,297900
385,936000
18,148400
52,373700
225,496500
893,2363500
790,2009600
20,234000
96,491000
37,304400
253,715200
22,275700
21,228200
96,618000
61,290200
105,430200
106,414500
28,69900
101,314800
43,131500
66,419300
638,1694100
148,584900
2981,6144500
233,841200
386,1026900
73,246000
1769,3963900
743,1700700
164,597500
1083,2228900
35,260600
17,137700
547,1086100
138,607100
227,522900
28,68000
15,69300
413,1539300
11975,25776600
242,576500
1394,2966300
74,281000
10624,22783400
3204,7268300
38,438500
99,267200
480,1052800
49,380800
2156,4490800
215,591900
36,462700
873,1930100
72,213700
20,233600
44,179900
14,42200
46,210100
55,456300
74,256800
131,384800
493,1250900
99,237200
1460,3276200
252,601000
188,627700
4905,11017100
473,1515800
65,464800
44,194800
684,1895500
185,697900
141,464700
605,1472800
1417,3203500
65,637100
109,592400
1327,2969200
766,2726000
287,1245800
206,1076500
347,1546100
109,808400
82,727500
89,321200
244,815400
21,264700
36,279200
16633,34786000
361,1060400
98,205100
72,264900
9631,19667700
4221,9110300
30,128900
23,284600
15,84400
83,603100
60,233800
1028,2266100
413,1154800
54,517600
449,988900
61,264700
26,417000
38,380500
54,432100
2122,4843900
179,635500
2290,5480400
130,393800
17,123400
40,436100
288,867200
238,496600
987,2376400
215,748300
14,45600
27,473200
1724,4090500
68,454400
103,338600
11760,25067200
2152,4763700
1390,3201700
48,290500
2004,4060700
88,387700
32,204700
34,248300
2023,4552100
769,2367800
16,102400
107,439700
984,2085600
57,211400
60,239200
22,288600
1951,4848900
144,555700
135,492700
686,1783300
317,1141200
32,239600
17,127700
1113,2579400
859,2017000
20,315100
147,541200
57,187800
1312,2925800
32,256500
22,274600
488,1679300
22,299700
58,181800
80,457300
27,473900
95,523300
21,233900
205,957900
80,447300
159,453200
79,419100
361,1010000
116,359700
66,507300
64,365700
388,1117100
22,270400
152,641700
262,891300
61,264100
460,1391600
147,584800
26,453800
12874,29263100
364,860300
154,347300
44,157900
113,264600
855,2108500
44,172700
62,391300
34,240300
33,225200
1207,2476600
215,773700
37,323300
159,442600
15,107100
26,374700
90,362700
33,202700
93,411100
29,99300
23,479400
72,265900
33,252400
52,359600
18,149600
69,481800
39,476600
18,149500
458,1207100
132,499600
20,210200
38,357300
112,231000
31,186200
89,345900
20,235500
55,452400
2908,6295100
14549,29433700
1039,2552400
365,832900
57,200200
24,361200
548,1157500
957,2043300
52,390000
14,49200
174,489800
1597,3229300
45,174800
2625,5236000
15,78000
36,297000
1011,2191000
21,232400
35,368600
8362,17381300
50,387100
94,600100
124,694500
182,378200
371,909700
75,284600
16,98700
20,202600
20,234500
125,593500
51,352600
194,666200
47,257300
953,2206900
119,440600
748,1692900
142,336400
2849,64250500
16,106700
22,280900
2535,5261500
352,960100
128,342100
66,424400
18,167100
1541,3037900
131,388200
75,301500
33,222300
38,345900
154,375700
80,414700
42,96500
14,41100
14,40800
755,1942000
567,1504300
62,325300
15,70500
162,611500
2026,4383800
19,198200
52,400600
51,330800
49,297400
17,125900
55,471400
90,369400
248,752700
214,566300
2129,4288300
1043,2296200
21,291400
20,203200
31,161900
1877,3717400
898,1832100
557,1400100
82,513200
2017,4188100
23,284400
58,174800
87,252600
58,214300
267,689300
41,433700
15,71100
36,282100
53,419400
74,258800
16,119000
213,544400
551,1290700
39,374500
111,561900
11654,24097200
124,650000
77,339400
27,388500
50,388900
92,883800
15,131700
19,243900
497,1259100
30,131000
34,285100
58,336300
24,309000
11613,23692300
48,270300
81,440700
189,575300
51,380600
165,589400
46,197800
112,293500
3120,6603900
26,421600
1558,3344100
576,1390000
285,666500
3846,8294000
15,73200
8099,16833600
45,203300
55,441200
145,426400
5477,11233500
128,344600
69,518900
15,78900
184,703400
177,603500
18,154600
92,383600
25,331600
18,224200
21,334900
216,705300
38,337200
34,313700
173,518900
80,418800
125,660500
301,868500
20,218000
17,121700
73,280100
1435,3104200
20,229300
33,204900
35,315000
33,236100
239,512200
621,1332400
44,149300
1935,4580000
1443,3244700
166,742400
44,181000
20,204500
62,308200
17,124800
24,316700
22,257000
50,414600
100,366000
25,427600
143,466300
86,305500
62,315000
21,232500
476,1043300
113,294000
45,254200
149,608200
44,196800
87,268600
1119,2510500
50,319400
363,1154300
42,112800
18,148400
420,987300
14,42200
167,769100
33,212400
53,422900
16,97500
68,453500
123,608800
1449,3197300
392,750500
61,248700
34,241600
29,96500
481,1104500
32,294300
46,263600
74,301400
130,377000
46,215300
44,168200
86,259200
14,42100
69,495700
64,337700
110,511600
227,654700
35,289100
165,674700
95,642300
21,246000
42,130400
3190,7297300
126,255100
15760,31796100
50,531600
19,257700
44,222600
155,373100
123,600100
15,74500
59,234400
1799,3954400
260,923400
53,443200
17,134400
16,99200
58,185100
830,1844400
4099,8965400
313,832400
38,385200
153,690700
1310,3111900
29,100500
67,438300
58,187100
189,554000
936,2067100
923,2323300
96,506500
3745,8344400
14,55300
108,502000
29,100200
976,2151500
53,479300
22,318600
15,86900
92,457600
456,1174600
14,58000
353,781700
20,202000
195,728100
18,172500
561,1281300
144,439000
18,162500
57,211400
85,243500
232,821100
10087,21843100
41,476700
87,279100
1172,2641300
210,522600
14,43100
148,521200
88,287600
137,588100
136,546200
147,486400
33,206000
76,309300
257,770800
14,43500
31,186900
475,1304500
31,152000
27,484100
38,359600
22,255000
23,311300
14,41500
27,392800
2487,5138900
348,1200800
41,432100
3512,7865900
757,1670300
69,471600
17,126700
96,517900
417,1145400
170,406000
33,251000
67,419800
146,479000
350,700800
111,557000
150,565600
118,412800
12322,24871000
51,342700
68,438700
161,515700
17,138700
25,338700
149,552200
361,1029100
1009,1983200
2855,6148100
16,103500
1893,4041600
16,121000
7387,14928800
800,1613100
419,1113900
263,789500
17,123700
3341,7082900
81,603800
239,665500
587,1750300
20,211300
6674,14126100
26,393000
16,96400
41,408300
2403,5099200
18,150500
898,2250000
415,1062800
98,259800
45,183300
54,457400
186,466000
94,524100
576,1403700
17,123800
46,201600
210,451200
3758,7625300
104,461700
25,340100
320,1085900
60,253300
5377,11429300
48,262900
928,2206700
22,318500
126,277000
299,758400
60,237200
14962,29954400
17,217100
135,610200
1829,3946200
73,229200
50,324700
40,387700
46,202700
26,378000
194,745100
71,180400
1606,3562100
43,128900
98,223400
18,232100
23,374000
78,459100
3426,7192000
43,128500
360,1004800
2424,5566900
3538,8241500
340,961300
40,502400
236,923300
67,447500
35,255600
5965,12232500
16,102300
546,1067300
20,199100
73,357000
1728,4164100
194,860100
16356,35931400
38,349800
276,821500
45,189800
16,118800
242,670300
14,43100
1264,2677800
39,370700
17,143700
4028,8695300
39,457600
43,129700
40,438500
553,1382800
2254,4808600
97,525900
16,98600
31,210000
29,108200
287,803900
29,99700
1000,2519800
47,230800
19,176700
1193,2577400
58,214600
765,1884500
28,69300
59,206300
15,69500
17,123500
49,304800
362,1010400
6406,13340300
55,460400
377,1148300
25,328900
22,293000
22,271300
75,366700
2033,3969300
16055,33046800
105,528600
1922,4091800
34,311200
820,2255900
447,1501500
43,191100
25,430900
1098,2867400
10348,22495800
20,323600
88,357400
1790,5341500
302,1097200
17,161300
67,530000
91,398600
73,234800
81,441400
36,530800
35,289600
18,156000
50,346000
426,994100
1737,3867200
6407,15389700
18,186900
95,605700
28,100200
47,253000
140,280600
183,422900
3810,7956800
55,429800
28,67700
4947,10485500
24,307200
37,328700
32,190700
322,641000
14,41300
38,340100
3753,7941600
14,48700
193,647700
80,416500
50,350700
5172,10291300
96,515700
590,1242500
1686,3760000
43,143000
1145,2668100
514,1307800
333,934300
244,740700
137,543800
498,1253700
209,743100
764,1699500
44,170900
49,299300
79,598800
21,227600
2477,6136700
84,212300
491,1013100
43,130300
292,1050900
126,309900
56,129600
75,295000
73,238600
154,446600
359,1123400
27,474000
456,1179900
1432,3119400
297,758000
46,204200
84,178400
1513,3593100
616,1511400
75,302200
676,1759200
67,664700
151,1046300
2427,5271600
19439,41744800
65,403200
20,222500
18862,40666200
253,632500
133,446000
32,178900
15,70900
338,753100
238,491400
72,207600
414,1034400
13039,30197000
25,362800
17,125800
2552,5453800
1166,2464500
59,358600
72,245700
1322,2938900
15,87600
92,520300
52,485300
67,528500
62,415800
156,605600
2063,4460700
53,409400
14,42500
8045,19231000
30,191800
123,577900
281,600900
19,468900
297,852900
79,396500
27,398100
80,418600
45,186500
2331,4954500
1890,4032200
61,273400
8910,19729400
94,522600
47,252500
18,154000
59,205900
49,345500
53,556400
19,365600
23,372400
91,439700
21,238300
2415,5413100
1074,2518000
389,1069500
58,181000
44,258800
16,147100
157,613300
132,520800
197,491900
27,523000
123,564000
43,135800
218,725700
35,286300
48,302100
126,389200
852,2571600
78,383000
405,1332200
153,616800
855,1796800
789,1904900
519,1121300
368,855800
835,2143600
824,2208700
341,1054700
5748,12470000
17479,36385300
41,425500
34,270300
65,532500
50,334900
26,392700
78,405200
7613,16491400
227,559000
159,464700
26,418400
2356,5170900
1104,2738000
39,428800
312,790100
22,260300
33,219300
494,1098500
4798,10105100
104,370700
27,393700
33,218500
130,393300
348,1012700
64,341700
142,434000
39,426900
23,281100
16,98900
15,71300
21,228100
623,1605300
16,100000
709,1649500
2689,5228600
40,594100
36,281900
2065,4751500
146,695300
865,2079900
1241,2863800
20,225300
18,148700
28,68500
485,1255300
18,150300
41,422200
555,1305100
98,231100
17,123300
5186,10869800
37,394700
570,1370400
490,969300
126,251200
385,1002700
134,463700
2947,6740900
662,1657700
22,265100
46,205100
49,346600
60,317700
7233,16518000
201,612700
65,371100
38,476700
81,531600
771,1827300
492,1058200
8007,16438500
206,836400
369,870900
2658,5944300
1349,2873800
177,640500
173,496700
200,508900
53,496100
44,195100
2342,5758400
74,263000
33,265800
111,594400
58,178200
47,231300
15,71000
29,98900
5679,12493500
17,169600
539,1575500
1362,3079200
27,381600
43,125100
517,1677800
14610,113919100
289,849400
42,99900
15905,31742200
2997,6387700
16,97800
258,635800
21,245400
1998,4061300
621,1344900
64,330400
130,391300
960,2348600
418,1311900
993,2429500
62,483200
63,336200
920,2078600
33,200200
40,521300
1186,2873300
33,205800
54,439200
30,125200
17,123700
2906,6063600
61,257000
15,70600
632,1382900
138,588600
15,72000
107,482500
30,133500
35,254100
105,394400
61,271700
181,744200
76,308000
2018,4301600
27,381200
1208,2457300
474,1469300
513,1853100
218,1035500
887,2126700
22,261100
47,232400
16,98700
80,416500
294,689300
1495,4050400
6145,13202600
28,90000
738,1953400
76,323700
36,280300
2403,5109300
205,627400
14,43600
33,211800
31,167900
16,94900
34,278500
2598,5309400
308,693300
1342,2990800
174,633600
21,245400
272,680100
106,453400
1296,3050600
130,399100
212,477400
35,273700
211,442900
203,589500
414,1215700
29,155000
17,168600
18,151600
716,1463200
3529,7179700
101,316000
301,823500
588,1258200
52,361000
3213,7430100
668,1983700
80,555400
295,760900
63,391900
2227,4869900
979,2381900
26,446700
23,311700
33,205700
131,395700
204,658300
3013,6220800
107,464700
101,284100
1382,3033400
90,332800
92,382700
465,1262300
32,179000
32,176100
20,206400
302,822800
1717,3782900
124,569500
13337,28283600
5460,12109300
290,1040300
17,123500
212,622200
253,625100
96,509600
189,721000
171,458400
37,315100
17,123800
16,123100
215,561300
33,206100
90,353900
22,288500
1002,2189300
16,95600
63,317400
26,431400
560,1147200
549,1316600
19,176400
83,593100
14,44900
2317,4739600
41,432100
22,293200
19,174900
79,382200
263,804600
344,918600
54,430600
1460,3119900
1745,3651600
68,455300
118,453800
14117,28703500
4677,9562700
18,177100
1945,4123400
1593,3327500
105,416800
704,1916600
146,602100
17,165600
2136,4621100
101,286700
424,1029700
170,394900
438,1018500
17,123000
42,96000
27,388100
2877,6821900
406,1225700
4344,9423700
795,1864600
431,1306900
39,360700
26,385400
1425,3182200
1617,3429700
363,1093700
32,174300
75,432300
155,433300
131,498500
15,87900
47,290000
136,614800
65,388400
192,609800
131,414900
39,367500
361,1015100
217,706100
513,1302000
766,1951100
6160,12670200
29,145100
40,488600
59,255100
737,2019200
44,256200
24,389500
64,461500
30,169500
138,634300
472,1188200
34,244200
1031,2544100
338,754500
122,484600
16,97900
32,215400
17,124900
38,362100
8337,17653100
89,317600
137,570000
270,739900
103,335400
1247,2641300
4048,8340800
67,463800
1016,2228500
1407,3343900
62,309200
35,330100
20,234700
33,208200
235,764100
38,434000
1700,3696800
21,231900
40,387200
269,633000
1326,2903100
372,971800
31,152000
14,41400
388,1058500
666,1524900
145,445300
21,224900
14,39600
27,393200
713,1886500
146,467600
36,447300
16,132000
5669,11569100
17,128500
141,308000
1978,4304800
3108,6553600
113,338000
68,588600
38,453100
36,286500
72,231000
334,1136300
18,185200
647,1352600
4679,10487900
18,153900
725,1773800
16,102000
75,297700
131,477900
42,116200
103,339300
14,41200
23,278400
14,41100
420,853600
4296,9236600
6862,14309100
85,222000
741,1753900
66,434400
88,298100
151,570600
180,689700
42,132200
103,384300
214,544000
50,333600
34,236400
1388,2788500
186,514500
552,1280000
2533,5797000
112,229000
679,1624100
37,301400
111,575800
24,313000
249,777100
35,275500
88,331900
35,253400
3024,5996200
28,74900
88,282900
38,331900
15,88500
1307,3231900
55,517000
54,455900
15,71500
37,306900
61,261200
37,313500
1445,3139700
505,1246500
595,1709900
97,644000
107,574900
119,525200
50,419300
346,948100
107,445000
138,604700
704,1632000
114,286600
232,665400
39,358200
171,463900
20,202600
126,289000
173,478000
28,68700
19,174000
708,1606500
366,821000
996,2018300
518,1039100
159,449300
18,151000
147,624100
65,409100
5306,10947900
499,1416200
907,2212200
1584,3418600
35,276800
214,554600
57,149300
16,95900
139,761300
23,307800
215,587200
5915,12366300
2045,4143300
1359,2825000
122,572400
14,43000
14745,30310100
1779,3543800
23,307100
192,743900
62,300200
3448,7517600
94,543400
59,229900
1977,3867400
3518,7061100
68,452700
427,1028800
198,454900
17,122300
72,227500
1148,2423700
376,1195900
196,433000
448,921900
32,197100
1777,4080400
89,457800
426,1356900
1073,2354400
3546,7512100
8224,16932200
91,385600
342,813800
1570,3377700
75,361300
43,158100
10157,20991300
237,827100
47,236800
618,1317600
473,1193500
51,368800
29,99400
29,96800
1634,3628500
16,186800
30,165800
88,365800
17,154000
77,354300
118,406800
10279,21779100
40,489000
4005,8420500
17,127200
404,1163500
20,206000
203,558600
45,220600
53,414700
19,197100
90,333900
15,70300
23,342300
47,281500
371,931500
14,40700
12595,25054300
1049,2388700
78,365400
14,41100
19,198400
265,832500
1381,3477700
28,77200
24,504300
16,122600
59,272200
70,158700
24,309800
30,141200
346,1007600
29,101500
150,674000
25,360900
65,368600
33,207800
19,179600
136,536700
39,404000
111,547200
72,319000
178,701800
14,50900
57,156900
23,320900
16,100800
63,366500
1768,3712200
14,42500
68,453700
268,588600
401,1158100
60,310800
15,96600
5527,11622600
191,612900
1047,2854600
1179,2446800
35,260000
258,767900
1641,3328900
46,204700
15,74000
727,1809300
2876,5789100
16978,35535600
88,308700
24,304600
5314,10882600
97,610400
14,43300
49,353500
421,868200
45,203400
119,489800
17,124600
2117,4525700
1363,3073200
42,97800
1008,2134400
33,211800
118,397000
29,130700
38,347600
33,252500
142,359500
34,224100
25,418300
16,125700
26,428700
338,695700
7930,17181400
98,210400
329,786400
35,339800
379,833700
552,1303200
1627,3296900
52,377200
649,1440500
44,153000
74,255600
79,482100
32,182300
65,376000
68,429200
30,122900
408,896500
1929,4755000
26,465900
609,1752900
79,630600
107,442900
31,150400
2144,4489900
163,728900
382,872100
62,281200
22,283000
6386,13347100
15,92200
5226,12162800
68,483000
104,466700
305,922600
219,806800
192,645200
3766,7889500
30,132500
365,755000
59,204800
380,959800
22,325500
106,471800
708,1973500
205,639200
250,800400
23,293500
576,1223500
180,741300
46,210400
259,706500
94,436100
8673,18056400
37,314800
145,534600
24,343600
141,324500
1503,3151300
674,1517800
85,212700
74,268300
59,205900
25,414000
2455,5018600
74,256500
27,378900
53,428400
522,1644400
37,335600
59,243700
475,1438400
32,205400
59,202500
85,203300
442,1071300
151,586800
809,1947100
149,507500
18,168300
6597,13442100
391,1469900
1350,2817400
19,210000
122,509900
68,446500
37,507300
21,290500
30,124200
133,439800
26,350900
86,271500
15,70300
17,124700
89,338800
323,646700
20,198300
6066,13032100
26,360900
156,367600
3628,7917300
127,377000
29,125700
89,340300
1284,2780600
3258,7448500
31,160800
2743,6124900
38,323000
114,287700
1242,2668700
3492,7106600
1766,3619200
39,352600
33,221500
21,241600
107,470900
99,226500
142,330300
342,815800
1043,2141700
21,246300
27,394900
18,146700
79,405400
186,500500
614,1918200
329,970800
158,414400
28,91100
1493,3565800
499,1215600
155,406200
80,403800
2320,4930300
18,151700
56,120500
6587,14182200
51,369600
2442,5139400
148,660300
349,1209900
261,765800
240,557000
12066,26392200
2521,5281400
24,448700
37,395100
659,1630700
526,1235100
21,229800
74,282900
352,721200
27,399700
87,271300
8757,18115700
270,716400
17,174400
1145,2894200
42,152000
73,239100
29,150500
72,224900
14,42600
175,547900
36,286600
3481,7381400
3540,7384500
47,237400
22,264900
20,208600
81,690900
672,1413900
34,232200
1367,2898800
48,268600
210,445500
151,558400
42,107600
58,250700
55,649000
47,234300
126,254500
74,279300
2127,4413300
26,426700
540,1593700
1469,3559100
9472,19364700
129,377000
32,177200
2939,5875400
434,1403300
170,60915400
3006,7731500
56,131100
214,585700
29,98700
121,480100
52,392100
30,125500
38,357800
36,323500
83,507800
132,449300
233,684400
18,163900
2081,4219600
142,595000
46,224000
44,164600
22,283800
72,229600
62,327000
22,288700
1518,3051900
34,251000
20,199500
27,397300
733,1543000
18,160100
1182,2474700
1309,2924000
25,353700
14,40300
21,226800
226,501000
3168,7813800
54,430200
113,383400
393,859500
110,556600
2968,8067800
18,183000
19,200200
25,375700
31,156900
202,578700
24,307400
15,75800
31,152900
196,422900
37,327200
78,389100
61,261800
31,151900
617,1301900
76,377800
102,362800
120,606500
75,359300
104,483000
47,324500
189,638400
239,525200
70,158900
78,407800
168,491400
75,299900
312,884200
55,437800
15806,35680500
30,147400
123,672400
88,314100
80,482700
3849,8034600
56,142000
59,230900
53,389200
342,838300
121,491900
264,859000
20,201400
115,325100
300,869800
22,273600
2292,4890400
22,265100
20,202500
232,692800
6535,14414500
457,1117400
60,230000
48,274200
50,306900
322,854500
21,226700
80,425200
199,487200
776,1640500
140,270800
246,714800
879,1982800
21,251100
13111,26382900
5512,11879000
159,448200
273,744200
83,630100
115,312400
1114,2555400
16,99900
558,1420000
185,449500
7026,15023400
20,223000
41,450200
23,279400
75,282400
26,352800
16607,34901600
37,390700
42,99200
834,1909100
801,1655900
162,523900
315,981800
111,536100
34,227000
18811,42910600
95,521600
4417,9259000
16,98200
75,295200
17,122500
9465,19229000
23,436900
18,152700
506,1161100
8878,17796900
342,862100
914,2059600
90,324700
151,666800
468,1067800
87,264500
270,677100
63,304900
59,200400
22,248900
20,305600
15,74400
2947,6374100
53,500400
17,159400
57,150200
16,95700
3125,6578900
28,87100
1794,3611200
72,273500
106,505300
69,465800
113,263600
302,966300
34,227800
8115,16834800
19,203000
16,109000
356,866500
211,496600
14,42700
66,394800
31,151200
1335,2815600
1287,2988100
113,278500
1478,3257800
6867,14102800
3973,8318800
42,107300
31,151200
16,102100
120,440100
54,471400
546,1083700
111,611100
30,151200
48,255200
158,409000
60,228200
107,462700
377,1205700
3713,7598200
19,187700
385,928600
17,183300
73,238600
1024,2035900
3153,6472400
93,478200
99,272400
29,142800
91,381500
19,183300
627,1587500
275,832100
8156,17740600
74,326000
104,421100
55,482800
2463,6074300
586,1473900
44,204200
44,171600
51,335600
15,70600
33,302800
68,590100
232,923000
49,307700
27,402400
21,243600
371,1027800
20,214300
1822,4061600
148,491500
155,355300
20,212100
455,1082900
45,176800
76,372600
209,761700
32,216800
36,360100
19,195400
67,504600
60,243300
40,421400
119,695500
207,798400
15,72900
9852,22074600
843,2160700
37,340100
25,370300
882,1907000
2183,4924000
21,264500
19,190300
69,467400
75,279900
675,1523500
14,72500
14,44100
96,587300
78,459500
92,379700
15,69000
31,147700
17,175200
37,320000
29,137100
1178,2582800
38,337100
15,82900
143,411500
66,419200
82,472600
3785,8718300
20,254000
44,194100
257,793500
601,1616400
6911,14784900
2861,6287200
4125,10530400
369,928900
39,354900
144,441200
46,251000
29,99800
49,282200
30,125200
39,354800
25,442200
8826,18643300
2235,4789000
109,487700
100,255800
593,1371800
554,1322800
393,803700
15,71600
67,625900
81,492200
72,201600
200,479300
26,380300
112,265200
36,289000
1681,3486300
72,203700
216,635100
19,174700
19,204300
90,328800
353,783600
673,1315000
17,142700
45,219400
123,570500
30,122300
117,356100
1073,2552400
234,739400
48,314900
45,213400
14,41700
923,2320800
771,2058300
16,150500
14,85800
25,490000
134,670500
14,55800
15,344500
211,620300
156,429700
19,214300
156,394400
171,609400
2800,5958200
34,265800
28,68300
2235,5483600
367,849100
6175,12527100
35,395800
161,563400
18,158400
62,281900
15,116600
263,960200
112,317100
84,269700
40,420200
117,625100
3760,9030300
42,107100
28,70800
23,286700
7115,15533900
22,285700
477,950700
121,572800
525,1483000
185,499600
70,243200
815,1838100
1732,3815700
395,888900
675,1589400
1399,3145600
1588,3304900
46,206800
778,1797700
2838,5977400
927,1974900
16,108300
472,1376700
2430,5727200
14141,28542300
117,398400
1532,3303800
136,509400
30,121500
428,1053700
72,204300
18,158300
90,333300
535,1223900
128,355300
917,2004600
333,940900
2169,5337900
17,131800
21,250900
67,730300
934,2170900
269,645800
4225,8517100
14,41300
657,1769600
142,356600
297,706200
69,467600
14,81300
14,44800
139,799100
25,444500
606,1383200
63,317900
128,359400
29,108500
250,827200
21,232600
781,2038200
184,477000
734,1576800
30,142800
32,182600
833,1862800
601,1555600
106,490800
2420,6070700
197,569200
20,265200
57,194500
19,224500
141,390400
107,558500
65,465400
29,123700
814,2105800
36,356400
27,406000
228,581500
46,250700
58,238900
17,145500
21,365000
27,623200
543,1584200
24,299900
250,879000
39,520700
38,339900
82,606900
18,176500
126,376500
165,629900
29,98200
539,1404500
63,328200
4023,8935000
124,707000
117,452700
30,200900
49,363600
1408,3330000
25,354500
30,122400
403,1125100
92,397000
30,128600
1486,3129900
280,702100
31,177600
42,119300
1013,2156400
941,2157600
416,1102200
15,73100
871,1882700
27,409300
5182,11131000
139,892800
31,245000
69,605500
30,161700
484,1261600
33,206300
20,221500
53,393100
135,521300
14,42200
8007,18093300
1698,4020500
206,830500
26,403300
670,1876500
2618,5222800
246,677500
18,149400
17,181500
1624,3295500
63,316100
16,113800
18,147700
2605,6314900
52,460600
1252,3205700
23,352800
32,225500
34,292800
708,1970600
26,373600
8651,18190600
114,323200
14,40400
19,172800
422,930500
36,297400
31,186800
31,175600
160,502200
377,1209400
34,240000
24,302400
25,398700
101,287500
2653,6363300
973,2509600
88,339100
15,72800
2542,5457900
15,73500
20,218200
160,588600
44,152400
80,405100
419,1157100
19,174900
20,200300
38,391300
14,44200
18,190400
28,70000
1530,3091500
319,1142400
19,219100
54,465300
18,155300
218,645300
29,100300
38,334100
206,787600
11554,22509000
126,272100
70,150800
342,878400
23,314300
22,254700
53,529200
266,781800
14,56100
153,891900
202,575500
21,228800
4315,9268000
2706,5478500
50,458300
30,179000
14,55300
23,457700
2887,6306700
124,579700
66,397100
1549,3554700
217,593700
184,464000
90,434100
25,350300
46,203300
21,226600
910,1798000
144,786900
135,541900
120,494100
503,1354900
5289,10651900
241,529900
40,406400
30,127800
23,297400
389,1131300
46,236700
121,538400
59,209300
41,413100
1276,2697200
195,696200
763,2179500
25,355200
17,122900
84,173900
180,663600
200,518100
24,300700
120,426700
50,301600
21,225900
14,79700
6681,14208800
36,282200
74,295500
1122,2258000
1220,2668200
262,796300
67,526700
1164,2466300
48,282600
39,354700
123,513900
155,416700
17,128500
88,299800
87,317800
144,385300
22,394700
158,454600
2496,5053100
26,387900
18,218900
31,246700
84,176800
151,557500
15,69900
2732,5555200
2805,5582400
158,397400
280,549600
1438,3000500
14,40100
139,694900
327,814400
36,630100
2245,5082100
51,336200
22,293200
1048,2501800
26,352600
24,380900
369,960000
3373,8164700
338,709000
2604,6014300
6253,13921000
79,399000
20,227700
465,1010700
36,273700
3415,7417200
200,553400
537,1202000
106,435800
138,700100
84,225600
47,254300
57,178600
432,1202800
175,574900
34,226500
141,303900
39,351400
853,2502400
52,457000
5624,11926800
25,328300
3780,7976800
72,393400
395,1248000
675,1623300
116,397900
3792,8360700
14644,29823100
636,1409600
235,724200
354,869100
55,432000
15,76500
322,687400
11464,25397400
651,1452600
547,1143900
2391,6431900
576,1176800
318,874200
487,1368800
19,242500
188,726200
71,220400
72,456700
298,887000
909,2323200
660,1396500
261,769500
62,307900
14,53800
29,98200
35,253900
342,824400
90,336700
89,319500
792,1807900
15,70700
1474,3073600
20,208300
111,778900
120,494600
338,689000
23,326800
3046,6764900
23,309600
15,71800
30,123500
90,352500
16694,77100100
88,326400
759,1602400
8358,16428800
591,1434100
1761,3737800
20,203600
15,70400
1503,2993900
8047,18292500
32,242100
408,1096300
17,159500
1367,3770000
27,510200
35,323800
16,122200
50,396300
60,288200
351,893900
499,1674900
9292,20986600
228,627500
556,1382200
17,145000
264,834500
65,431700
311,723000
22,256600
323,785300
63,350800
76,331800
61,258600
68,438700
173,601600
21,241600
16,98700
16,112500
264,819400
40,381400
22,346800
221,909300
1496,3466800
43,126700
188,620400
156,365100
136,536000
782,2123800
17,159500
756,1597000
32,182000
67,417400
307,1032800
7637,16553300
6366,14033000
158,442700
10536,22213100
3511,7419900
26,448400
107,475600
30,125500
17,124900
22,277500
110,565200
34,226900
18,148600
684,1675700
20,201800
402,1551000
22,253600
384,1027800
58,254300
16,97300
179,617700
109,630300
61,415600
42,132800
21,282200
32,243100
320,1040600
47,248800
42,103200
588,1204300
25,452000
771,1799400
601,1603800
7633,15990700
54,448800
76,309600
35,272200
1186,2810600
15,73900
43,123000
878,2146800
58,206900
16,101900
22,258100
23,284100
10363,23374300
15,94800
96,652000
26,410100
70,169800
830,1931900
376,1347200
584,1757200
49,289900
25,340100
60,263700
55,468200
235,797900
11314,24610900
19327,39716800
3935,8199200
169,364700
957,2158000
92,408800
29,101500
23,277700
183,423300
21,236000
2792,5781800
129,491600
127,283800
31,306200
165,623600
78,426000
60,259400
57,153300
21,228000
98,225300
788,1685600
15,71800
46,214400
1144,2689700
34,229100
96,559300
6568,13475500
10355,22646300
18,185000
31,153600
46,202600
23,390100
125,612200
217,627900
187,566000
393,902200
10217,21423600
76,492800
1513,3371100
10377,22468400
675,1835600
52,478700
559,1950700
1094,2591700
21,226600
45,194900
35,310800
405,1151200
475,1345900
1396,3091100
663,1504500
30,128000
33,237300
26,451900
60,409700
43,150300
37,307400
637,1610300
108,523900
17,143400
21,329300
2691,5543900
16,99800
309,690400
338,715000
24,302500
100,303400
144,382000
28,68800
536,1164700
197,418500
40,371900
33,218300
47,290500
1727,3781100
25,332100
18,150600
27,400400
152,640500
32,176900
311,780100
12940,26567400
324,710100
28,70600
20,259800
95,494700
41,401500
178,744000
250,894100
146,498000
1600,3131100
43,126100
159,462500
321,1123900
84,173900
62,363700
97,558900
127,307100
57,151600
35,253800
965,2609400
30,161000
418,1493700
948,2241500
14,41700
8592,17867900
186,470900
1990,3858200
15,71200
58,210600
52,355300
37,306300
25,364300
168,473800
3332,7395100
120,455200
110,605200
34,253400
884,1852000
51,337400
1320,2727100
231,651300
54,644400
25,598500
16,174300
167,890500
39,413400
88,299200
6542,13179900
33,235200
23,276900
307,1068200
160,622000
762,1835500
75,279500
1996,4656900
93,427500
37,316300
678,1559100
342,870800
22,285300
1620,3717500
1369,3410400
353,867000
16,126500
20,216700
67,431500
432,1205500
14,46000
1195,2867900
4935,10628100
112,512600
46,228300
217,680400
111,552400
47,233000
111,667100
381,846000
74,301900
96,581800
32,183300
89,376200
25,333300
25,351400
4977,11557300
1812,4126900
2255,5628300
109,515200
49,361900
33,278400
25,372900
8035,17141800
15,76200
12278,25500300
80,455800
76,304900
86,226300
26,367900
34,385100
540,1353100
3077,6964200
83,530900
60,258600
1393,3715400
3725,7714400
21,277900
29,102500
208,856600
66,499500
45,183100
35,309300
346,959000
29,100200
18,158800
124,567200
7573,16191700
37,303700
9517,19449400
96,507700
38,327200
17,122000
567,1716000
552,1631000
194,875600
46,234900
183,416600
65,450500
2148,4737200
51,331300
17320,35516400
251,1106900
106,556900
16,129900
5661,11855400
21,238700
33,204500
39,385600
364,862900
135,616300
31,232400
15,73600
39,400600
205,774800
15,141400
77,446100
497,1224400
791,2372800
19,182800
42,126300
16,103800
19,180400
19,178500
1607,3976600
102,489000
3113,7391800
61,281800
712,2131900
986,2677500
45,272200
3916,9119900
143,522200
110,537700
207,734700
44,186600
38,351500
3215,7482300
57,253200
1550,4384800
135,545600
32,219500
912,1973800
929,2199800
5813,12695600
2854,6448100
19,194300
31,193500
78,384400
82,481400
22,318800
3067,6471800
258,801400
22,330400
13511,29250100
154,433600
59,300400
60,225500
70,159400
20,201200
101,317900
20,203800
405,1362000
18,162300
463,1061400
224,537200
59,268600
184,425100
1274,2576000
502,1413900
17,126800
227,547800
1754,3773400
38,371700
36,304200
176,613200
23,284700
1549,3594700
151,753500
66,430000
23,284600
670,1929000
25,446500
199,515700
17,127500
434,839600
63,340700
23,279300
161,507800
144,385800
102,310100
17,123700
53,451700
112,233600
25,357100
2544,5811200
2251,5207800
35,298800
190,585800
101,289100
430,1270000
329,894000
84,207200
1332,2637500
1433,2995100
17,125400
4605,10162400
94,488900
44,187900
3213,6706300
1638,3327000
23,322200
235,739100
27,418300
151,672100
81,436700
27,399200
112,246000
16,95400
309,655800
11402,22901600
39,417900
33,277600
31,227400
685,1776800
41,405600
22,250500
59,271400
23,294300
15,75700
2850,6064800
110,588900
524,1170600
193,680500
8892,17992900
119,540400
283,799200
221,936200
37,310400
14,41600
199,639900
209,769900
30,125600
338,775600
489,1354300
3064,6218200
25,339000
525,1225100
101,373300
329,824900
22,254300
57,163000
27,448400
270,773300
1475,2989600
644,1493600
348,1048800
227,540800
1371,3449500
667,2022200
592,1512700
44,156300
2195,4746300
322,667600
256,600700
56,156600
451,1043800
53,525100
2839,5932600
733,1641200
209,822500
1536,3794300
433,1584400
86,389000
102,463300
14,47800
219,696400
2073,4447500
328,972400
55,441700
86,230400
1950,4338500
114,368300
2458,6045200
20,290100
20,204800
588,1146700
31,168100
779,1862600
59,200500
24,305700
103,353200
223,776500
17,124500
23,277300
286,785800
23,290100
68,427700
45,172400
27,410400
3563,7639000
4319,8933400
11911,24722100
14,44700
89,466200
178,598000
9619,20641700
7981,16937200
87,261000
156,443600
78,404200
215,545800
763,1702500
26,385700
619,1294200
600,1484000
34,230300
177,618700
59,199700
24,303000
188,525000
48,255300
16,123100
14,47000
58,182400
684,1790000
47,268500
29,95500
65,392000
53,404200
96,524100
39,369400
1496,3488400
392,775900
5498,11600800
31,153100
76,489600
36,414300
216,597000
483,1131400
95,482200
36,297500
99,268300
28,69000
16,110100
21,228600
381,854300
267,581300
65,516800
15,76100
123,547000
59,205600
39,400400
18,156800
252,484800
482,1280100
55,447200
31,163700
203,618500
189,554400
14,40700
47,249500
108,491900
1546,3183500
871,2027600
81,473600
247,874700
255,629600
2924,6253500
36,352500
121,495100
15,71300
146,439400
429,1163000
1995,4348600
34,245600
61,317800
31,152900
36,316900
507,1303800
85,215000
67,454400
4128,10169000
51,342000
22,352200
694,1820200
1133,2591200
143,401400
35,303000
17,134500
4946,10076100
139,633900
38,393000
97,625400
19,181500
17,122200
3748,7635000
97,512200
96,573700
1390,3303200
17,138900
1936,4624500
30,151400
14,42600
2311,4995600
127,291200
49,309900
30,145400
162,553500
700,1669700
30,163400
26,457100
36,607100
184,450600
111,590000
20,200500
59,203900
318,929500
29,102900
23,312700
160,64928700
468,1164000
29,100200
6825,13938500
73,234000
38,344900
43,144400
46,214200
15,71800
48,279000
155,345600
19,173700
831,1759100
51,360000
188,576000
3693,7901000
26,355900
46,278400
224,623200
291,1027500
118,407800
15,70400
1614,3288100
23,280000
18,180900
530,1364900
463,1034800
24,413000
251,1037600
187,655000
19,222000
269,788800
54,529100
78,469200
274,868900
26,427600
20,202100
44,151200
34,243300
2437,4892300
305,1344500
411,1078500
21,224000
73,227700
136,540000
342,834700
60,227200
15763,33388300
6445,13866600
26,373900
4156,8962700
118,603500
27,561300
1448,3182100
569,1359900
97,564900
31,153600
39,358200
161,516600
18,162900
33,229200
42,95600
38,349900
14,40600
18,192200
33,222800
10181,21601300
7283,14665800
1547,3489300
1975,4252900
30,134200
209,882500
4263,9229200
5040,9982800
198,444700
351,853500
28,69900
206,641600
17,169800
14,40400
82,498200
24,304900
8667,17679900
6198,12463200
30,137000
1617,3629000
27,444000
344,896900
58,176500
218,770100
68,448600
62,306000
89,328500
270,700600
3950,8669400
105,434600
15,116800
68,618400
168,405400
44,170800
5665,12163500
55,470600
1737,3681700
28,72300
1884,4547700
292,928800
33,317800
25,358200
706,1630400
92,436900
20,204300
209,775100
109,513400
41,429800
875,1908700
27,401800
474,1276500
96,645200
101,302900
2457,5268200
19,184800
255,661700
1049,2563000
576,1387100
28,68200
22,255100
1314,3166800
399,1159900
66,697600
16,139000
3766,8107700
162,806300
21,267900
8802,18109400
38,389500
19,197400
277,891100
19,177600
16,97600
155,489600
18,182200
71,250500
147,512500
33,314400
117,403200
137,593500
56,126400
489,1411300
914,1986700
24,309100
33,205600
817,1755700
1632,3443000
4924,10041400
177,619500
146,462300
8478,17266800
1115,2533900
61,255000
18,150800
79,404800
7733,15874000
22,260800
1711,3543500
15,94700
1539,3572600
103,412500
18,152800
16,109300
33,247200
36,284500
86,266800
244,682400
17,147700
15,70200
56,123100
78,365200
73,228300
32,191300
177,654500
8437,17967000
131,396600
132,414200
29,268500
37,360000
1044,2363200
22,298300
23,334500
919,2200900
37,338500
45,299400
51,377500
64,403100
1621,3654200
23,294900
4056,8981800
15,90700
441,1077200
307,1072000
94,587700
22,410700
492,1111500
91,369400
46,226200
10397,22270900
55,466900
646,1344800
197,490300
341,988400
30,128300
57,155000
299,888600
147,490600
34,239500
355,951000
1444,2908100
22,258900
32,186700
51,360900
36,285300
41,402300
1704,3845600
22,275500
393,828500
69,670500
2365,5367800
169,368900
23,351400
443,1222300
168,410700
294,597300
56,125900
769,1982800
118,441600
48,267400
17,121700
149,532900
24,324900
493,1039200
26,378100
65,384200
287,730000
29,98200
52,377100
958,2262100
70,154300
22,256900
49,284800
871,2044100
44,204700
567,1302000
655,1613800
275,824800
58,180900
18,149100
19,176100
88,341100
25,359300
1890,3833100
14,40800
1656,3493500
14,43300
18,153500
336,742500
533,1295400
142,385700
444,1184400
172,470500
14291,31406900
966,2033200
161,510800
1206,2676500
26,393500
20,207100
15,71600
63,388400
22,464200
185,797500
164,834000
22,274100
31,289600
652,1677900
37,370900
26,395600
15,74200
43,149600
35,300600
26,371400
54,451700
18030,39212500
41,588800
37,405700
46,276100
14,72500
73,356100
12229,27072300
67,493500
1779,3984100
37,315400
28,70800
15,71600
211,560900
28,79100
194,791600
2131,4739700
3273,7307600
1365,3184900
34,236200
134,488300
6450,14164400
240,696600
432,1256000
290,942900
8406,18757700
95,496400
112,245900
38,355400
27,395500
11984,25849400
860,2109900
97,544100
24,341600
66,421400
147,506900
28,86100
44,153000
86,234100
1695,3554200
150,576200
14,42600
31,165400
622,1389800
669,1641800
45,202900
767,1863300
159,536800
317,908100
14,45400
1685,3548100
23,286800
215,544200
486,1216400
75,279300
19,172000
1708,3660100
1724,3764900
402,1085900
1653,3298700
165,608700
1938,4430900
425,1015000
113,259900
41,425600
173,488300
977,2222400
717,1542500
53,432600
105,409700
14,41500
260,680900
752,1855100
14,55800
25,526900
301,771300
100,253300
37,392600
1366,2883300
24,347200
48,268400
39,376600
56,145800
100,408800
75,279800
41,474300
236,805700
491,1043100
162,519000
17,123200
969,2436400
668,1657500
2269,4881700
547,1090300
929,2006100
35,267400
189,557200
21,223700
26,368300
100,266600
49,302600
39,361000
79,382000
588,1514100
278,867400
34,256200
247,759800
39,357700
306,1070500
436,945600
36,304100
5378,10727000
31,162300
90,353000
1478,3276000
29,112200
184,434200
53,385300
3363,6674000
657,1700700
229,602200
382,947900
3442,7359600
901,1953400
129,348000
110,508400
77,397500
383,916000
24,399800
95,532100
15,71300
365,748100
69,562100
1046,2689100
159,629600
291,1073000
33,258100
402,1246700
329,847900
45,183100
114,311200
110,542200
479,1134700
30,127700
529,1519800
399,943400
665,1484400
14878,30336900
42,101100
59,216700
18,164600
780,1771900
152,685700
64,337200
15,93800
16,107600
1671,3715900
754,1867600
234,998000
101,317000
61,255100
142,434200
58,284900
73,289700
56,172400
478,1092300
1098,2504200
184,430900
104,378900
8201,17417900
2662,5519100
945,2312200
24,395200
41,412100
32,197400
44,153200
168,379300
236,742800
32,198200
54,431300
29,113500
112,247700
695,1729500
5143,10609400
32,178700
2570,6289100
31,184800
3689,7942000
13227,27764700
159,453200
168,366200
40,411600
29,99600
255,626200
343,900400
16,101700
46,204900
24,322600
22,251700
667,1542400
254,557300
732,1608600
67,440400
145,455000
22,269400
14,41900
32,177300
16,96600
1174,2693700
262,797600
36,357000
134,501700
193,653200
23,370000
84,216400
14,45200
16,95800
137,605000
29,98800
171,444300
1072,2337200
37,328000
77,355800
23,292700
47,349600
67,427600
19,175300
17,123500
20,220000
27,412300
36,325400
9462,19335500
10274,21168300
53,419100
226,523500
17,130200
55,447200
20,257900
136,576900
38,331200
57,151200
20,213500
3151,7713500
8751,18000700
253,543300
238,555700
16,125200
37,499400
2761,5497300
2480,4841100
107,489300
314,942700
29,120000
31,151100
24,388800
8627,18276900
47,263200
24,305400
152,588500
1263,2542000
52,446100
75,551500
124,568200
181,735400
31,164600
29,126000
22,254900
818,1756900
210,409200
51,412300
42,98300
46,247300
156,364300
57,152900
16,97800
6837,14372700
2309,5021400
60,268300
171,655200
143,470400
3309,6929300
20,210500
157,400700
58,213100
24,306000
20,200200
32,174100
775,1796800
4519,9458000
19,200700
16,110500
173,463800
90,333200
656,1662200
29,100000
602,1305000
39,400900
4431,9297600
36,297500
14,42700
183,438300
72,207400
61,262500
570,1393500
24,384900
34,339500
15,93900
629,1571500
173,497500
946,2117100
20,202900
82,455900
22,264700
59,217400
228,566100
114,306400
14,40600
4528,9853100
1688,3591900
81,446400
128,312600
53,411900
34,238100
31,151600
26,459000
727,1854200
30,128600
92,403500
21,225000
642,1663200
249,798700
50,351900
99,235100
31,182700
137,551700
80,443700
246,712500
598,1609800
1813,3993500
2495,5297900
994,2159700
20,266800
23,335100
163,541500
28,68600
22,270600
16709,34380600
584,1423500
62,281800
14,40800
20,202200
31,151500
1984,4087500
1582,3699500
16,101100
145,424700
114,341400
17,130000
49,333000
34,262100
61,254200
17,124600
57,152700
70,148900
124,632900
39,415500
19,176900
451,1078100
97,544000
17,121600
137,619100
64,440900
37,406900
196,489400
1080,3014300
63,397200
28,87500
79,493300
1046,3014000
24,357600
189,539200
69,653300
2433,5273300
106,446300
1881,3905100
29,101900
52,448900
3879,9014100
722,1663500
556,1396500
56,128100
51,350900
21,242800
14,40300
22,300600
29,98300
80,417300
57,169700
14,40300
11995,71587500
165,722800
115,307000
19,272000
221,752300
67,415600
36,278100
132,439000
17,123400
209,773100
3490,6845300
4750,9522000
104,386900
22,270000
147,476100
111,523200
55,446700
94,462700
4921,9802900
4914,9695900
194,734300
470,1259900
1122,2317900
251,883600
336,733600
49,310700
71,180800
32,178400
664,1794400
635,1413500
48,260400
81,444100
61,271900
32,202000
15,117400
142,369000
75,307400
21,231200
10106,20980100
835,1929600
15,74800
91,496700
43,182100
263,817800
27,431200
30,197800
145,513100
87,309300
55,442600
22,257000
2151,4575300
4811,10481000
46,199800
55,441500
98,230300
128,337400
54,404100
110,502200
145,597500
21,483600
1394,3360800
352,829100
6365,13088400
26,489200
41,426200
25,402200
59,275400
174,543700
1758,3671200
1567,3655200
429,1160200
36,278800
177,613400
58,189400
45,230700
349,1014400
769,1902200
58,212300
1082,2395300
1752,3529700
27,383000
104,356200
204,641900
22,267400
571,1437400
30,125600
18,149800
5535,12269600
57,152100
638,1451500
305,879900
144,404400
667,1515300
16,96100
102,306000
64,328900
46,226700
15,70900
1139,2472100
2336,5171200
46,239400
3431,6907100
442,1064100
275,977200
91,379500
183,416200
96,490200
91,358400
48,313100
19,193300
30,148200
191,601500
26,354900
1413,3179400
17,126400
148,487000
28,68300
78,445900
60,256600
129,333000
75,277200
257,642200
282,782900
409,846600
492,1323200
388,1281500
843,2024300
41,494500
888,1959700
3633,7513300
21,250200
260,956300
61,270800
17328,35946100
29,101600
102,315100
16,165700
56,137800
184,447300
564,1412200
150,654200
248,780400
167,710500
1551,3374400
32,181000
21,279000
9546,19556500
27,400100
163,553500
590,1191000
273,714200
16,96300
54,397100
37,317400
424,961400
19,175100
469,1077100
450,1093400
329,1065800
45,231700
2985,6309600
1292,3507100
2421,6035000
29,102500
365,808100
56,122800
503,1410100
37,310600
5545,11137500
32,182500
134,589500
851,2357200
73,246900
427,1051200
633,1409400
29,103400
35,296200
1528,3200000
123,545600
57,171100
1405,3048900
148,608700
127,357700
701,1692600
168,349500
2349,5061500
1792,3630300
267,605400
19,177200
137,572800
22,279900
30,176400
30,142400
4309,9222200
52,358700
61,374000
385,1190200
40,432000
303,832500
14,42000
26,358400
62,402900
59,260000
23,315200
93,416700
530,1393600
19,178400
52,377100
10303,21014300
1556,3320300
599,1714800
30,141600
17,256300
373,972400
19,179700
610,1655400
1628,3676600
96,600700
329,1053600
20,273900
20,288800
18458,40314200
15,74400
14,40800
80,409200
527,1303300
3296,7947200
18,158700
157,388300
164,671000
26,435300
14,61700
44,184800
49,281900
78,361700
373,1226600
47,234500
24,330300
435,933900
175,522300
654,1690900
44,149600
137,656400
14,55500
19,178100
339,723700
139,747300
169,365900
113,257600
451,1071900
1093,2305900
103,490000
74,341600
63,414100
434,1011000
721,1727800
35,321800
81,484600
100,275000
1721,3799700
950,2515900
14,41100
76,359000
77,396600
15,84600
226,501900
254,646800
6920,14551500
1029,2298800
43,140100
2360,5424000
94,548300
28,94500
3648,8254500
1360,2942200
35,358700
14,70300
38,375000
89,375000
37,356400
15,74900
29,101400
63,324200
1894,3965300
193,709500
1673,3517900
224,594500
23,287600
4724,9633100
598,1459900
258,839100
1905,3985800
43,138500
37,373700
24,391300
46,206900
27,377600
293,1032100
972,2305900
24,314000
407,885800
649,1511100
42,101200
28,71800
42,107300
92,423500
1085,2428100
79,442400
27,395200
38,322600
22,247800
2111,4693200
77,343800
20,205200
22,257100
176,616400
18,157200
30,127900
85,220800
22,254100
303,835900
56,135700
21,345300
1318,3163700
26,397000
14,41700
92,411300
202,557000
50,344200
124,571300
67,489300
14,43600
41,446800
218,663500
33,199200
223,841900
76,358000
435,974600
24,331000
492,1097600
38,388500
305,891500
109,555200
29,98800
15,70900
184,420000
403,1105200
89,304900
14,40300
273,726500
51,376300
647,1490100
92,497600
4281,9435800
29,101100
245,674100
89,335500
1327,3035900
154,389400
140,385800
633,1647600
81,515600
200,511400
835,2138100
28,71900
59,241000
28,69300
48,259900
47,263200
699,1903700
116,436300
62,368200
18,236600
27,461500
2363,5142400
180,692400
138,823800
65,399000
41,430400
29,99600
142,436600
23,278900
86,242100
119,425800
161,517500
129,364700
398,924200
59,202100
36,297400
101,289800
37,363200
14,52300
16,98600
15,74800
18,152600
40,450000
108,669600
373,1053700
54,427900
19,196300
1345,2743100
11308,23399200
32,180700
25,330100
176,570200
127,378800
301,785100
918,2253200
344,903000
340,814000
19,192800
51,332200
301,788600
533,1072300
362,1007900
36,307600
15,69500
30,120100
230,587700
48,271100
33,260500
93,533100
25,324100
15,85600
17,270200
41,457900
19,174600
696,1682900
65,371600
148,607400
25,344000
1588,3889300
110,600200
272,746500
41,411400
126,314500
126,372000
5088,10752400
19,240500
14,58400
24,350900
1688,3589700
39,415100
6386,13540900
798,1796000
49,383900
88,324800
102,310700
435,989100
226,538000
21,231400
218,696300
76,317500
1788,3720900
240,533600
111,540300
236,941100
26,360200
577,1713800
25,339900
39,399600
33,213800
21,230400
602,1182500
74,305900
39,406700
42,111100
38,528400
1889,5096900
38,351100
36,288200
72,229600
326,761800
1411,4351200
128,501300
221,993600
484,1374400
601,1594900
152,629200
82,455000
31,147200
1233,2554100
20,224400
83,528700
73,231100
72,202500
29,97500
618,1305800
88,280400
32,197300
30,170100
621,1350300
16,101800
39,394300
9934,20520200
14,51900
122,533300
174,539200
43,126000
229,574300
90,361700
391,1106900
563,1214800
18,149300
235,720100
59,250300
19,214400
34,379900
20,203700
21,247400
32,179200
102,363400
2341,4608100
25,356400
171,552400
281,711000
243,640600
189,635000
19,208700
122,709000
1098,2498800
101,316200
43,139900
48,258300
273,721000
43,126000
1687,3594200
140,296100
25,354000
229,960400
1765,3819100
2091,4798200
7341,16507700
19,234600
117,364900
43,127100
453,1216500
17,147100
7126,15485800
6992,15486300
121,491300
18,152400
518,1002900
1294,2687900
51,355100
14,41200
149,676100
295,624700
480,1155500
52,393000
672,1326000
19,212300
612,1424300
45,238900
14,42700
208,722000
15,71000
472,1196800
29,99500
252,494800
15,70600
20,357400
14,51400
19,207200
3220,6677000
17,160100
32,173300
67,459600
369,1152700
42,146600
178,1000300
16,95900
55,425100
201,628600
186,532000
24,308800
79,485300
16,122700
23,281100
860,1922900
19,175500
326,876400
381,1046700
918,2265300
156,461400
4657,10038900
429,1124600
17,151500
2593,5320700
29,102700
210,479100
18,181000
18,151100
129,366600
113,257100
40,440700
52,469900
17,161000
745,1562300
2986,6079500
16,105500
1160,2559400
53,389100
16,115500
34,245300
21,223200
306,960600
118,393600
30,122600
97,560400
77,347500
20,278700
104,358400
804,1931600
17,124800
19,175200
517,1389800
2256,4922800
336,661200
282,795500
52,401500
30,125100
138,654100
229,579400
712,1760800
516,1403500
72,206500
24,325700
42,96900
32,202600
170,391000
93,501600
116,449900
158,580000
353,830600
20,223900
29,119400
20,206600
16,99800
6984,15477800
136,693100
22,280400
1887,4145900
81,649000
19,224000
38,358300
546,1207700
17,162500
90,376300
496,1434600
78,439500
102,388000
58,193800
1807,4130300
105,424400
22,276300
24,310300
111,643800
36,317600
6641,16225900
45,207000
182,393500
165,620800
22,265300
111,601700
755,1974400
613,1881900
16,158300
18,167700
15,71500
842,1894200
3646,8041600
31,175400
20,230100
57,205800
1410,3356100
199,558700
13617,31020900
390,1113900
19,341900
318,1034200
53,444800
25,400100
40,400800
85,208600
36,293300
218,842100
60,305500
133,465900
374,1307800
34,300300
15,90200
14,51700
48,340900
26,464300
104,498400
40,515500
22,411900
3057,6998600
46,328900
865,2166700
32,231400
18,163800
30,204200
37,336100
35,347700
1694,3490400
39,534900
20,211300
1026,2241600
25,335400
142,341000
144,510000
163,576100
25,354100
306,964400
279,961500
86,258700
126,293100
82,516000
33,240800
20,202600
378,822900
20,270600
2193,5411500
68,443000
370,1013400
82,497100
481,1210300
2726,5727600
60,233200
2789,6412200
32,190300
856,1967300
1461,3073100
4749,9837500
2985,7267300
101,376000
73,266300
42,97900
6341,13261500
123,519200
14,41300
60,243500
75,321000
57,182300
27,406600
27,385500
66,381200
48,258000
962,2118600
46,222800
487,1206300
263,806400
67,460900
172,634300
187,537700
1147,2687200
15,72000
14,41400
805,1873400
284,708000
29,101100
102,446600
12432,25650400
247,741500
568,1571000
72,233900
37,406900
58,183300
96,492500
16,98000
383,940100
83,482500
14,40100
24,327600
2588,5822600
17,164800
3314,7034200
150,582400
19,177100
289,800400
9477,19480900
23,334200
22,282000
74,283300
195,798100
73,295700
879,2107400
80,400500
774,1908800
68,534700
238,587700
14,50200
302,945200
58,194000
17,127100
5247,11447200
45,365000
455,1075800
68,480200
3968,7923900
31,295900
24,304000
217,662400
29,100500
78,385000
1515,3080500
47,239500
64,337700
2347,5165400
85,260200
1001,2586100
17,122900
17,122900
193,658800
15,71800
46,199700
53,428300
40,383100
19,175900
17,196000
367,801700
120,451300
37,361600
14,49100
20,225200
12362,25203200
102,387800
165,647500
33,202200
75,283700
38,401600
17,126300
128,362700
1506,3260700
24,304900
54,407900
3348,7216700
16,99900
7985,16571200
251,919100
23,284200
17,127900
2854,5990000
2005,51790800
37,340100
4931,9805300
1512,3198200
4675,9816100
156,369300
105,412900
41,414500
25,348700
796,1935100
29,98300
140,290400
16,131600
44,152100
278,878700
55,438500
890,2377700
522,1099600
493,1040200
271,736700
24,330700
220,669900
769,2015600
838,2070700
477,1020000
128,374300
18,168800
18,159100
48,281900
2757,6163400
1327,2894200
292,1052600
25,331200
123,549400
180,722900
163,530600
74,332300
66,520800
52,465000
36,373700
1175,2937300
20,206900
754,2291800
16,108100
1529,3086600
74,282500
15,69700
480,1142000
536,1154500
42,106100
1863,4301500
32,218400
3026,6147600
1429,3041400
34,263200
185,537200
223,821500
37,352700
1664,3731000
46,205800
57,168800
93,496000
18,149600
4079,8709000
20,227100
19,209500
22,253600
10648,22077100
193,713100
60,241100
117,406100
26,350000
23,313600
2790,5666300
23,409700
617,1409300
51,358500
34,236100
97,633600
2587,5608100
17,123300
42,94300
312,757500
32,176000
14,54400
791,2205300
145,455200
432,1214700
833,1923700
23,280200
31,159800
49,296900
44,150000
21,251100
177,563700
50,333500
356,1121500
15,90600
583,1769400
26,449000
589,1479300
52,527200
16051,33373500
24,351200
69,502600
2044,4034100
8809,17620500
566,1510000
974,2580800
999,2575700
115,313100
48,275200
38,350500
103,360700
1012,2196300
2237,5126500
95,511100
38,349100
30,125500
30,126200
32,177500
121,694300
14,42300
25,330900
16511,34913200
17,128700
25,331500
60,302900
446,1166700
20,205100
33,238800
16,111200
17,141400
634,1443300
118,389700
24,335500
279,898300
2010,4270000
733,1622700
119,477400
1123,2326700
647,1370100
284,813900
16,102100
10311,21829900
5178,10829600
15,73700
64,400000
3037,6493500
15,73400
37,326800
273,747500
15,72100
16,98000
86,265100
226,515800
484,1182500
20,212100
14,40500
26,380700
20,207300
232,658900
31,149300
180,674000
33,201500
82,517000
19561,40555100
18,213500
483,1174400
47,270600
99,303000
33,211500
389,1194100
239,506000
1373,2891100
26,359100
963,2463600
70,155700
4128,9393500
581,1285800
518,1025200
93,407700
81,470400
744,1573200
16,98000
121,553700
119,416900
1689,3926500
77,431300
104,452400
134,742900
123,747300
99,294100
318,886400
36,275100
31,166800
15,84100
239,479200
41,460100
20,269400
695,1781900
48,324500
683,1594700
15,69600
386,944700
20,209000
114,296000
136,507100
44,147900
179,864800
1963,4694800
14,121000
307,1478100
76,319400
1088,2662100
2436,5035600
1003,2237000
7201,15156100
22,271000
106,412300
285,710200
36,366700
28,79400
22,256600
3012,6121300
92,421400
215,539100
71,200900
264,1247200
16,236000
25,431800
26,467300
41,528100
5107,11514000
14,43500
23,282700
777,1671200
332,1138500
541,1543300
277,973900
113,261200
38,434900
18,153300
6813,13913300
256,646200
740,2378500
18,312700
991,2391400
15,143900
61,348200
40,466400
16,98800
160,470200
20,307600
68,504000
56,125500
15,74500
500,1301000
206,664600
285,700900
33,214200
6472,13276200
130,356500
976,2097900
213,513600
8829,19805300
83,712700
19,255700
39,461400
29,124400
136,659100
150,815300
21,294500
38,412300
20,196900
905,2034900
18,161200
146,473100
105,392900
39,382600
17,125300
59,241200
22,262200
262,815700
78,494900
17,157800
93,550500
182,461200
19,229500
42,119500
194,979600
1727,4312000
5227,11797400
40,504200
231,738600
200,522900
86,239800
69,515000
260,948900
123,655100
17,130400
77,419400
134,552800
2336,4979400
61,262100
50,329600
23,298600
21,224100
19,198100
79,381500
16,97800
40,388400
80,420900
342,825600
8203,16338600
480,1067600
139,631700
139,688500
65,358300
19,175400
15,70200
153,650100
28,69800
22,260900
24,565200
98,306900
804,1765500
144,388600
264,930700
2801,6614800
16,123700
18,187600
20,255200
3327,7770700
174,549100
245,704600
60,232700
73,251300
1222,2540100
41,428700
24,342200
50,356800
106,434700
49,279000
88,321200
45,180200
814,1699400
14,41900
47,248200
16,99700
20,199600
47,234300
455,1258300
336,656300
296,700900
85,204400
28,68300
23,297600
1131,2856100
1513,2988200
1120,2297700
45,179600
30,123400
29,104800
5249,11715900
17,165200
9254,18964400
136,525400
44,149600
327,910000
7488,15458700
142,368300
26,390800
248,746700
22,374700
69,533600
411,1032500
1856,4116600
15092,31002400
80,467000
522,1141700
130,384200
68,598600
905,2193500
150,570100
142,347600
19,252700
1042,2246800
16,97200
16,95700
647,1401800
879,2362800
303,903300
45,178300
587,1461000
759,1641000
15,70400
14,40200
46,198900
21,307800
458,1461400
17,168800
50,396100
14,54100
2178,5092900
94,481300
70,151300
151,564100
166,842900
152,590800
25,338000
15,89400
45,187400
621,1338200
2727,6299300
2480,5034000
97,659500
9085,18707500
100,260100
14,40500
341,882900
61,275000
254,541800
31,255400
10979,22823700
365,946800
4255,8867200
424,967300
12561,26436900
16,105300
56,126200
235,751200
191,678500
61,254900
767,1724700
524,1284000
15,80200
27,388400
427,1007100
246,666100
306,909000
33,214900
161,476900
29,94000
14,39800
2065,4070200
18,180100
26,361800
198,437700
3340,7123100
94,439500
17,122600
47,246100
142,334700
16,119500
4401,8906800
56,140600
129,359400
49,321200
173,578500
71,193000
374,1046700
40,389600
52,365400
46,279400
1009,2136600
2737,5556100
181,708800
250,811500
71,199100
106,410200
91,387000
28,72700
31,178400
35,254300
264,848500
15,71700
335,1013800
15,74900
264,854500
14,47400
933,2036100
32,172700
1000,2340700
53,421200
319,921700
25,341600
21,250900
2167,4588600
14,42200
8602,17587600
21,231200
17,123400
50,461700
51,371900
655,1553800
197,405700
140,273800
748,1654500
203,656900
5420,11090700
102,390000
26,353800
24,314000
257,663800
16,122900
614,1522700
27,400400
1263,2772100
1711,3416200
70,149900
846,2003900
178,651500
856,1733600
43,125600
19,186800
43,125500
95,481600
174,609100
295,594000
1754,3517800
7852,16417000
221,724300
540,1313200
94,438400
132,501200
1415,3024200
19,184300
428,1031200
19,230600
30,125600
72,232900
14,41700
1581,3803900
43,127300
22,253900
19,184100
64,353100
24,302400
253,554500
462,979400
55,464400
81,446700
39,370500
31,148500
135,542800
32,174200
44,166400
20,198200
15,69500
172,527500
32,175800
30,123200
32,199400
416,1057900
148,514600
24,332400
380,842500
206,872800
854,1817000
27,516700
555,1314700
45,281700
122,614000
14,42800
31,154400
79,458400
18,169800
36,377800
2927,6254900
602,1237000
424,961900
202,582400
17,146800
15,69700
15,68300
264,906700
40,379500
48,245500
23,339800
24,339900
26,398100
31,160200
319,995800
53,437700
22,249800
55,478000
151,608500
1101,2430000
72,398300
35,298700
20,285900
26,373300
42,98200
69,486600
27,401000
14,41300
15,89400
22,267300
59,202000
41,423600
37,303700
30,122100
59,232700
774,1787400
30,162200
81,560800
132,463600
6272,12860200
192,828800
123,1027000
1734,4477800
28,89600
72,300700
578,1550200
33,257400
18,148900
24,348800
28,67300
427,1027100
6935,14591500
11417,23837800
3685,7996300
15059,31214800
5503,12460700
2303,5636900
80,606600
1746,3752600
37,322200
25,335300
46,225900
25,506900
66,459300
25,340800
29,99500
19,176900
117,381700
28,69700
15,70300
20,278600
681,1654100
61,269400
358,898100
69,499900
106,426300
46,217200
35,248600
64,347300
85,230100
27,395800
61,263900
25,415600
14450,29906800
1969,4294600
126,257500
2379,5272300
16,100900
28,70600
106,457100
18,154000
47,240700
8263,16742400
144,394700
23,306900
22,335100
14110,29732200
69,547700
24,321800
1250,2703500
101,352000
648,1569300
440,1028300
6348,14494900
40,406800
120,435200
36,281400
43,158400
646,1333200
376,1201400
81,429100
239,615600
821,1807500
139,584700
38,324000
87,343700
36,359000
8548,18355000
54,473500
89,308600
52,378400
17,162000
16,99800
433,1176300
48,279800
110,576200
85,220300
23,296100
3539,7400800
138,586600
21,260500
4864,47848000
45,237800
19716,40343900
163,563000
1167,2380300
28,73900
1185,2592400
31,152300
15,70100
20,226100
16,104800
1623,3559900
207,882400
223,972100
7791,16632300
5106,11886400
230,703300
483,1258100
247,813700
1213,2843600
19,179100
39,398800
53,389500
21,254900
350,711300
42,97600
87,289400
254,594000
32,177100
41,430000
566,1303300
47,231900
19,197300
308,618200
63,307500
299,710200
6479,13409800
163,547100
31,259100
17975,36583400
66,415800
305,888700
419,1328900
88,293100
68,456800
168,457100
33,239300
264,810300
27,397700
202,603500
26,399300
58,179400
21,228200
22,256100
227,782600
233,731400
123,512300
2861,6058700
80,481300
159,469100
1379,3182700
473,1284100
69,498800
20,230200
124,550000
19,177700
50,337500
32,184800
192,668600
19,175900
2422,4754900
562,1205100
16,98700
661,1401900
453,1159300
4513,9217600
152,699000
3152,6437700
2358,5051500
829,1687200
371,869300
5771,12545800
18,153400
38,334600
42,95500
22,283000
3306,6775200
26,420800
1255,3026400
19,182800
109,613200
2484,5259200
1463,2996600
19,204300
310,648300
83,563600
148,640000
139,660000
38,401000
55,511800
59,206600
17,125500
85,206500
50,341300
588,1529300
22,403900
668,1723600
52,396400
25,367400
1494,3310700
147,683500
74,285000
28,73100
64,363900
1020,2769500
406,902200
37,333000
858,2023100
30,126400
17,134200
136,737900
71,189100
139,615500
130,385200
342,1007000
449,1032700
18,155400
253,609600
49,404400
9508,21164900
102,606700
214,537600
545,1665800
27,386600
286,880600
29,98700
637,1779000
28,75800
475,1530800
41,489800
321,1028400
59,217900
177,595900
37,361300
14,44200
47,249600
4875,10506400
12272,25984500
18,154200
254,647900
88,328300
61,273700
26,359800
172,445600
22,299300
128,395700
27,598700
19,180000
435,1097700
69,579700
1642,3409800
54,445500
17,128700
72,227900
18,189500
74,277100
42,105600
83,476700
17,135900
1674,3649500
33,223000
83,522500
388,975900
70,216700
31,234300
168,431300
217,768200
17,166300
15,88000
475,1411000
109,508100
36,314900
17,155400
161,489700
314,858800
250,995900
11603,23846000
19,213000
241,614400
39,353500
32,184100
224,520800
333,1351900
21,291000
20,216600
27,418200
968,2041400
237,863300
14,47100
23,379500
1402,2790500
16,98300
55,457200
40,422400
198,448900
1541,3234300
559,1431500
26,405300
29,97900
58,176700
15,69400
293,1023600
14,48600
25,371700
49,293300
24,303500
96,572500
25,511800
308,600900
26,358300
201,647100
710,1736400
16,132300
1104,2381000
18,145700
6869,14231000
33,225300
936,2187400
27,386300
142,339000
60,257600
100,401900
214,674200
44,184500
14,49100
3205,7297100
5510,11189300
108,615700
265,938200
46,203500
244,614300
47,234300
14,40200
37,323500
61,268400
436,889100
71,201100
29,101700
893,2064000
180,689700
79,387500
23,302200
122,548500
38,329200
116,333900
3847,8473100
20,225100
398,978900
34,274900
24,320800
96,529900
26,363700
54,410400
84,195600
404,1295000
2580,5812600
91,402800
79,426000
316,813800
57,148400
1843,4443100
35,258900
48,303500
16,98100
22,332400
142,404000
53,422100
131,392300
169,457200
183,557900
134,489900
179,618400
1814,3838300
49,305900
15,72200
171,496200
1296,2799900
3446,7460600
674,1537900
57,152600
1024,2688600
41,461300
74,261200
39,388800
36,282900
769,2027500
21,243600
16,102400
30,133900
728,1495500
99,242500
334,1111000
5621,12467000
46,272400
85,212800
27,411100
8757,18837400
441,1116000
690,1494000
40,447400
15,72300
5938,12265300
815,1764500
637,1467100
78,515700
241,625500
23,306200
121,540500
27,432500
46,211200
79,396500
20,249700
21,258000
35,312900
54,421800
60,233600
33,209000
52,579400
54,477700
367,861400
52,552200
22,453200
4442,10471800
32,236100
35,354100
116,460700
28,90000
50,431300
210,542300
31,203400
166,818900
22,335500
70,194400
97,693200
36,375100
38,559300
631,1417300
384,952400
23,309300
30,123400
45,174800
114,349400
64,385500
625,1630900
155,342100
95,614600
585,1607100
2418,5438600
21,243000
50,308700
75,282700
205,716400
2221,4778200
38,349000
38,401500
66,466100
111,542800
136,551200
41,415400
52,385400
312,713100
32,195500
47,313500
16,116300
128,319500
43,186100
90,527600
38,343800
50,317700
31,315600
38,358600
20,259800
334,972700
37,417300
81,614300
2935,6494700
271,854800
45,245600
23,360000
56,158200
92,523300
50,392300
133,698600
845,2034800
18,153100
44,161600
68,479400
29,121700
74,259400
448,894300
679,1551100
63,428400
3589,8217900
19,201500
1059,2432300
575,1204200
300,757500
40,409400
18,179100
746,1582500
31,149900
345,928400
87,252900
150,591300
38,381800
612,1623200
28,88200
20,335600
40,487500
122,614300
20,209200
4323,9847200
1844,4278100
111,742800
22,328500
1232,2983500
16,96900
4714,10388000
38,429900
762,2074600
166,796300
1259,3765100
4554,9824800
207,766500
138,810000
22,259300
140,287200
74,308100
34,253000
34,258700
761,1649800
6015,13183700
20,204700
48,250000
15,70100
831,1946800
74,319500
41,418500
52,375100
1775,3990200
56,133100
24,301600
149,536900
179,712800
1796,4180400
206,744200
522,1118600
20,222600
57,163900
28,84600
55,458000
53,383600
27,534000
126,309200
8650,18903800
843,1816600
2616,5685800
145,411700
3918,7785400
132,429400
39,390800
21,234300
31,150500
78,351100
76,325200
24,319100
31,179500
147,460600
423,1238100
437,1142000
787,1724200
103,383100
755,2050000
36,278100
375,1241600
76,409000
201,663400
146,582700
27,505000
112,298600
7820,17900300
2676,5516800
21,230100
40,515200
943,2123000
19,174500
64,331700
23,276100
239,649400
1112,2360200
83,569700
86,300900
12397,28917600
22,351000
20,213700
3282,7062100
29,99700
29,97000
19,190400
19,184200
29,100800
74,300100
16,142400
234,695400
116,335100
14,41200
215,567200
204,875900
25,336000
144,412000
1132,2590000
42,96100
4291,9066300
21,238100
92,389300
271,737400
96,743600
810,1969700
233,767500
644,1339100
21,332200
96,667700
227,674300
106,520000
41,471300
475,1264000
48,253200
553,1325000
22,252900
45,196200
372,1225900
87,323000
47,230500
504,979000
15,70300
102,448900
34,302300
4382,9573500
156,391100
229,592400
99,250500
3819,8189000
47,239300
462,922300
96,526300
14,41600
288,801400
443,1291400
32,178300
78,434400
72,222600
15,83100
15,82700
431,1133900
5431,11184800
67,423600
79,383900
20,265100
107,499700
527,1407700
30,192800
30,155500
15,86500
1447,3143300
2231,4797100
399,1120300
1964,4125400
1224,3051400
30,127000
183,400700
46,220300
36,454200
633,1453700
123,692900
30,126100
74,294100
1360,2813000
19,206400
43,125200
178,601400
2195,5171000
145,448300
128,312600
16,97500
55,487800
839,2107100
29,101600
1971,4288100
46,201900
26,373600
114,286400
37,301000
3178,6685500
390,1117600
56,123800
359,944900
37,373000
17,125100
19,178500
191,631400
21,247600
64,327800
26,394500
19,171500
209,747400
2081,4436300
200,501700
47,246400
72,263800
88,292000
38,428100
69,465000
26,414500
22,320400
123,604400
1569,3178100
44,154600
16,105100
96,567500
185,617000
47,308900
29,120100
94,501700
33,202900
58,245000
14,45100
202,573500
85,205200
14,41000
2626,5573500
16,118600
352,1058300
31,154300
85,208700
15,69900
22,309800
838,2143800
124,551800
63,395100
23,366300
518,1006100
39,421600
3419,7103700
624,1942800
5256,11114100
295,662900
70,167900
14,59100
16,106600
40,385400
2677,5696100
39,382300
23,301800
55,438400
76,308600
5173,11052300
958,2103100
1783,3751800
3960,8465600
19,417600
270,686500
1459,3346700
17,185000
143,400400
96,521100
49,294000
59,216800
667,1537500
76,303100
26,538600
3753,8015100
2353,4874700
131,423700
97,504400
4488,9088600
22,355500
22,271400
4805,10074700
87,313500
160,458400
355,863000
24,342700
1864,4234900
197,439400
95,459900
15,71200
34,227500
119,429100
360,981200
37,304100
15,72800
115,503400
50,431600
51,335800
116,385200
219,736600
91,423200
1178,2373400
287,757500
259,655900
294,649400
807,1881500
16,98400
108,670300
3862,7962500
67,408200
34,223800
782,1804600
82,667300
2435,5551400
231,659400
1932,4037900
16,125000
2628,5629000
14,42200
376,1298800
54,409800
48,309600
416,1071700
188,750000
40,423600
2317,4887600
81,465900
426,1080700
53,417000
14,41200
28,69200
50,356300
147,614400
20,231200
53,390400
35,251700
436,937800
14,40800
18,150100
386,994500
1141,2443500
605,1379300
812,1762600
17,128100
147,595800
7711,15601000
72,288600
75,279500
1885,4085100
1245,2892700
233,804600
2282,4615800
18,177700
123,560300
36,283100
225,580700
38,409300
27,382600
16,96300
98,202000
9931,19890000
542,1376700
15,71200
15,80300
32,235200
681,1655900
16,120900
17,159500
577,1222000
15,80700
155,375400
161,491200
282,651400
356,1090000
32,186400
733,1658800
17,123400
118,507400
3040,6069400
299,820500
89,333100
8177,16576200
55,459200
257,631800
56,120500
17,120100
102,327200
3636,7626100
87,287600
158,439900
25,326200
71,185900
39,374800
122,711800
27,530400
77,421800
128,411500
40,493800
4450,9916000
14631,29084600
22,264200
17,123600
21,225400
794,1999100
1688,4041700
2226,4575900
2841,52434300
29,136900
130,371700
2124,4327000
26,375100
738,1755900
261,742700
18,146400
62,294200
49,284900
2103,4027400
15,69900
46,210200
18,147700
4826,9944900
63,318500
112,232000
16,98700
16,96300
1307,2690100
15,72500
87,254000
31,150700
56,122900
19,183800
36,304400
33,203800
192,665800
1772,3829000
538,1459200
186,583700
830,1778100
14,43900
49,312700
45,180000
101,303400
4222,8847000
72,218100
25,367300
3147,6641300
79,398700
23,282100
15,70900
174,508600
119,479800
107,548400
96,500800
433,1252300
21,229500
68,612300
108,592400
17,150000
115,332000
46,264700
94,446500
96,558900
84,189300
18235,37170600
43,129900
27,373600
468,1290400
733,1849200
183,555300
24,492800
21,286300
111,689500
444,1554800
71,229800
105,498100
29,185400
256,758700
91,768300
243,610400
139,668700
413,1066300
68,459600
1507,3465600
106,530600
205,759900
14,44500
206,635700
4989,10348400
563,1140400
126,275700
547,1216200
76,356400
1070,2244000
20,224400
27,403100
47,237400
106,414300
52,354700
669,1616100
106,433900
212,465100
163,608000
26,379200
19,201100
71,178300
131,431800
28,69900
40,401900
1579,3739300
8107,16494900
709,1626200
29,98400
131,400700
8341,16935000
15,72500
28,69500
14,40400
46,221500
106,427200
18010,36817700
45,203800
292,916100
17,211900
2016,4099900
4027,8443600
447,1395900
445,1263900
19,200800
238,546000
48,294000
67,458100
18,192000
12441,26379200
15,115800
1307,3406700
1627,3619200
422,936500
65,499500
69,522800
52,500500
15,115400
43,167700
67,610500
1194,2803400
141,414300
63,363500
461,1819500
809,2261700
3767,8281600
244,835900
3292,7110100
239,519700
119,533100
2591,5496400
1932,3947300
33,282300
16,157500
327,813000
24,307100
8544,19030000
272,711700
16,120700
130,374700
87,322500
1116,2575300
44,160000
48,280500
84,186300
108,470800
337,718500
31,193100
51,374500
246,770200
14,56700
199,627800
2331,5260300
1276,3140300
271,689100
255,665100
14976,31665400
1627,3416900
55,529200
1110,2301200
39,372700
29,95400
36,273600
69,486200
31,151900
41,437700
29,99400
41,400400
269,739300
47,226800
15,69700
25,340700
620,1547300
284,736300
867,2128800
57,183700
51,338200
18,178000
14,40700
32,172700
142,332600
372,931600
202,573600
38,324500
37,301600
18576,37752100
64,463100
183,398500
14,41800
17,123100
42,96200
32,197000
519,1176300
38,342900
537,1189700
31,206800
16,99300
32,175400
665,1458100
89,323400
15,70500
32,226100
19,180700
42,97100
51,352300
190,580700
19,173200
161,647200
19,226600
116,453700
43,164400
62,396700
1550,4190000
39,453000
30,154300
45,220300
323,821500
133,533800
2113,4572300
162,556400
68,477900
16,98000
49,280500
587,1557100
460,1185500
14,41700
31,148400
234,994000
25,329100
14571,30957000
27,428400
156,410600
177,664500
59,211800
31,178900
88,285100
28,69700
65,398100
16,133400
755,1952900
51,365000
267,550600
143,381700
31,194800
116,381400
23,278300
612,1716000
15,76100
37,378100
25,433100
26,437100
34,231800
28,71000
38,353200
1692,3616300
2018,5012000
14,44300
182,386600
3707,8052900
526,1277600
66,378200
23,294900
56,121000
3840,7749300
14,79700
127,300100
2097,4707200
2284,4580200
37,305900
52,393000
73,271400
1550,3325200
1370,3389700
352,764700
20,260500
453,1250100
34,288700
1610,3315300
15,77500
42,95300
36,367700
46,200800
72,201600
119,429000
18,199100
713,2164800
124,716700
525,1551800
2868,7060300
2344,4949400
17410,35962000
279,982900
186,522400
31,183700
138,583400
140,308700
1036,2232700
53,394500
35,256100
6745,14107700
53,525500
171,444900
19,179600
781,2120700
36,313300
39,376700
17,125600
179,641200
54,518200
2793,6342900
27,663800
45,197300
29,101500
2007,4195500
22,283300
160,472500
296,722200
403,1065100
709,1804000
17948,40408100
566,1342700
76,316700
39,389100
6067,13035000
14,77100
951,2218800
78,358000
74,270800
729,1602700
29,128400
279,865900
19,177600
14,54800
30,126000
209,797000
257,649600
124,572100
1428,2935100
155,341600
21,253000
135,528500
204,624800
68,464400
1795,3579000
252,479800
828,1742200
41,458300
54,441100
251,998600
19,224000
85,211200
21,226500
228,585200
8877,18133800
14,47000
42,100300
336,871400
1195,3093500
66,394200
32,175600
305,916300
4218,8860600
1747,4443700
71,202100
49,287800
1958,4830500
49,319400
17,144700
212,479900
19,177900
148,528000
14,43200
28,68600
51,357000
1869,3753400
601,1596000
399,947200
277,808100
232,823100
331,984800
2445,5106900
26,383600
164,572100
183,385700
66,506000
2101,4302000
54,508000
15,103200
23,286700
676,1585600
63,335400
313,825400
20,206300
4043,9026200
318,1002400
21,227000
974,2059000
1099,2707300
19,262300
158,481300
72,216400
1737,4251600
17306,37462300
40,431400
52,409600
2729,6081700
841,1628500
133,462700
1758,3649300
124,534300
438,1242200
136,644200
23,294800
1490,2998900
800,1908600
18,153000
1305,2651800
413,970900
1028,2169100
65,486000
17,121900
2139,4590100
26,357200
26,380100
89,314600
16187,33162400
38,663000
56,163000
287,809000
196,410000
18,277600
934,2148800
321,1082800
56,135300
237,800000
806,1995900
181,694700
78,353000
82,469500
31,151000
2337,4800300
127,339600
25,494700
428,1204300
32,181300
194,703300
16,133400
1739,3685100
17,157500
67,404400
17,123900
22,250200
64,371700
17,141600
240,592900
24,314200
98,201600
19,173300
59,267300
55,469400
161,496100
1756,3776800
34,229600
173,756800
960,2071900
7104,14692400
137,572000
1077,2490500
3155,7270500
20,258400
27,510100
58,222200
42,123200
35,322300
16,149800
404,1174300
7225,14984200
619,1272200
20,249500
313,1168900
302,986500
353,840600
26,395000
190,578000
21,311400
137,572400
50,300300
45,176600
14,39800
255,605200
34,271500
55,442000
8443,17367400
66,414000
24,314100
4772,10400900
25,335600
30,125700
198,474000
74,252300
431,1123800
232,705000
43,125800
291,897200
6479,13448900
21,257700
100,255000
51,345800
95,481700
281,564600
45,190000
22,245500
30,135100
30,156000
560,1062100
89,304200
74,273700
15,70500
229,589700
14,41400
34,226700
478,1117900
110,690900
19,225100
41,543300
68,571700
84,222700
4074,8480900
439,1110100
44,166300
438,1050900
46,248200
270,630000
14,40800
60,232100
17,162300
650,1769000
1716,4105700
1786,4024900
30,127800
23,289400
21,354200
62,312500
36,307300
95,516400
296,790500
16,100800
57,180300
339,733900
807,2182400
133,483200
31,153100
24,316100
228,601100
35,295100
14,42100
5542,13266000
31,254300
18,264900
36,386800
81,440500
32,179100
45,176500
144,583000
60,289500
56,161000
58,211200
542,1543000
40,391800
941,1964900
49,280200
23,360100
352,803100
319,1206800
18,156000
177,570200
314,999200
615,1733200
19,183900
24,366500
84,225600
690,1903400
67,459200
104,366900
20,208000
51,382500
10704,24966000
10557,21520600
427,1700500
142,351400
80,434500
488,1401800
17,150200
26,369500
55,508700
20,376800
39,403000
423,904200
124,672700
23,305600
24,311400
210,411600
3510,7421100
56,126900
1029,2497300
22,325000
24,310500
2151,4695500
270,665400
61,263000
17,146300
30,165700
312,733800
14,41900
153,854800
25,418800
11464,24324200
178,670200
147,481600
700,1656800
142,433400
42,122600
82,653100
46,380200
47,286100
14,50900
45,228600
20,259400
207,863100
86,306200
474,1300100
385,1210300
164,579200
19,213700
19,222200
75,319900
54,414900
17,128500
4261,8638100
23,384900
61,267500
713,1730300
228,656600
72,227400
51,339000
67,429000
5802,12597800
14,42700
27,386500
48,318200
104,384600
353,981000
113,329900
53,442900
16,97400
226,505800
69,483600
18,148300
46,226700
15939,33805600
1532,3418900
17,150200
35,252900
41,420000
2197,5037700
538,1482000
19,174900
17,139700
125,558300
189,552100
21,226800
16,123100
57,156300
68,424200
63,302000
15,68200
28,159100
1913,4698800
1553,3380600
1386,2722100
11091,50031200
145,629900
2153,4709000
16694,33986300
124,568200
190,576300
52,629000
375,1068100
23,298400
22,254100
107,447300
26,412300
32,185000
310,885200
26,361400
814,1726200
22,254900
52,359700
1146,2565900
21,229900
1163,2398900
132,541200
1779,3678700
14,45000
43,128300
32,174700
2913,5830300
24,459900
17,127300
24,309000
54,459700
161,551700
100,254500
585,1730400
2485,5225500
853,2049500
64,372500
20,205500
66,408900
17,139500
10490,21459700
152,825000
21,248800
16,111400
28,136100
1602,3426700
51,357500
76,304200
136,514300
101,357100
257,659100
2403,4897300
354,862900
147,508600
53,417600
18,172300
881,2198500
174,550100
114,337000
200,499600
237,810800
307,1109400
101,322900
107,518500
288,820900
367,893700
300,731800
80,479400
125,588400
15,69800
34,223800
29,99200
12583,27264500
832,1871400
323,746000
24,482100
29,101300
44,154000
43,179200
34,245400
367,822200
648,1398900
71,179400
29,98700
26,384700
223,759500
305,852900
12327,26606800
1003,2244200
23,299000
237,769200
14,42300
17,141200
219,801400
32,175400
1351,3124800
89,375500
172,446500
161,547300
226,614800
379,924600
214,612800
54,408400
75,337100
51,332300
44,210400
15,71300
31,154000
53,376400
17,119900
33,213500
1896,3819900
16,150200
17,212600
1365,2908700
49,364900
173,579300
54,426100
21,361100
505,1028100
72,204100
126,274800
82,511300
125,589300
24,356100
19,184300
74,248700
294,702800
19,226000
15,110600
82,561000
32,177400
116,428800
535,1133300
36,347900
16,118200
31,178400
46,204500
149,517400
15,71600
225,497300
682,1675600
17,132700
1475,3049600
21,225700
53,373200
158,427700
236,795800
18,211700
470,1281300
312,809200
33,347100
29,127300
73,298700
194,893200
59,271600
93,528200
347,1186900
7000,15289000
43,136500
82,455700
64,352200
15,71600
110,553800
5911,12296500
87,263800
8020,17321900
21,305900
18,149100
4997,11096300
1104,2501700
594,1308500
37,342300
24,314000
137,551700
17,124100
683,1601600
18,149200
626,1589500
73,248400
22,249000
88,301200
45,187300
66,380700
32,172700
17,144500
108,490400
3659,7791500
225,495900
365,730500
441,1060800
18,147400
157,381900
20,200500
636,1426100
19,172200
755,1992600
657,1915200
21,233700
433,1165400
20,219800
39,354000
2376,5538100
53,400200
147,585100
230,785200
490,1146900
192,622100
17,126000
27,405100
39,400200
108,462100
17,124500
21,359900
21,277900
29,109500
4921,10443100
123,536700
21,253200
53,390100
47,227900
18,148000
959,2243800
18,186700
312,773400
30,192700
90,377600
111,540100
48,258800
172,514900
239,504200
36,280400
19,179700
2852,6396500
220,833400
15,76200
382,1004500
12796,25756200
5881,12456500
1452,3513600
362,1146600
16,112400
83,525300
17,124600
22,264800
96,553600
14927,30322200
1181,2750800
490,1071100
293,1171800
20,283100
23,361800
39,468200
48,390200
129,445000
19,247600
45,221200
276,965500
81,474100
47,228700
274,791800
6184,13992400
715,1442700
54,469600
25,321900
60,223200
15,68700
2788,6145000
40,507600
8191,16900800
45,184800
26,359900
3727,7875000
93,455400
253,680900
33,207600
63,341500
41,477600
86,275600
24,398900
67,435000
2574,5561000
3196,6699300
89,302400
3871,8269800
1084,2836500
28,84800
4711,10382600
18,250200
145,460100
228,580500
17,126400
16,120300
24,323100
40,425800
14,42100
74,267400
56,136400
263,832200
24,340100
126,260400
54,544000
22,337700
4746,10469600
1277,2621900
3494,7868800
54,456900
15744,33467400
1865,3754400
1013,2143000
8001,15995000
21,276200
39,356100
120,449100
36,388700
102,343500
123,505000
514,1372600
2329,4973000
15,96800
70,150900
28,68500
16,96000
39,355200
37,308300
60,247100
100,271400
279,875200
51,420000
14,43200
21,242100
67,428700
577,1231000
19,204200
14,50300
78,352000
113,252700
831,1742100
214,534100
88,296400
364,738300
538,1210000
111,533000
252,540300
2702,5758000
113,281400
27,402400
32,188100
137,539700
8718,18107900
23,285600
81,501600
350,721700
14,40700
1446,3191500
4984,10818800
26,456600
213,629700
967,1988600
16,99900
1621,3869400
26,380800
214,571200
688,1437300
14,42600
1775,3847100
1974,4291000
388,1008300
165,621800
189,531600
27,369700
53,402000
1480,3528200
46,210200
42,98400
106,432100
232,643800
183,511900
66,428700
860,1811900
78,355400
119,421700
19,193000
2927,5638100
663,1446600
22,356700
3760,7990200
3195,6739900
28,91600
8997,18547000
23,283500
23,274000
27,373800
29,94600
52,372300
19,175900
46,225400
37,301300
49,276500
27,375200
235,744500
153,712800
30,127100
443,1190600
43,137600
32,178400
33,201500
151,598500
16,105300
64,345300
162,553900
32,172200
1560,3388500
7226,15339100
23,303100
144,395700
47,274600
313,765800
99,229400
15,70900
52,418600
646,1389700
17,125600
17,135400
567,1289800
15,114000
618,1253700
1046,2246600
53,523400
73,226300
354,861700
41,430000
30,124700
2939,6197800
22,267000
52,681500
235,806600
306,979400
23,291400
25,341200
160,698400
15,87600
124,543600
2444,5378700
6191,12916700
19,239600
110,564300
43,155000
297,677500
25,443200
161,700500
4030,9341300
32,203900
79,401300
266,533700
51,352100
44,152600
114,335700
17,122700
16,95200
273,734600
180,703700
17,200400
26,429600
18,148400
306,940900
1877,3776100
530,1494000
4057,9010700
329,841600
33,265100
14,66000
18,197600
19,231400
5100,11035300
563,1235100
18,146100
19,173500
36,384200
93,452500
397,893700
26,375600
1012,2110300
257,630600
48,307800
57,151400
700,1552000
25,440900
398,1178200
14,52900
38,428600
1130,3123000
14,43800
14,41700
14,44700
66,389200
1000,2152200
1451,3066600
211,449000
72,204200
556,1356000
1951,4522500
31,198300
4039,8585400
18,158200
268,585800
26,384600
202,577900
18244,38730700
9892,21214400
5003,10338500
593,1318300
532,1128200
39,375900
137,663300
15,114300
112,240000
88,283700
218,763700
112,280000
64,331900
1026,2286600
15,86100
91,384000
23,309400
16,100000
33,204600
53,408400
29,113100
449,915800
36,275100
29,97700
155,355700
1584,3469300
20,254100
14,48000
25,337800
19,181100
428,1122600
64,460800
17,124500
3514,7132200
36,282000
17,124600
90,336300
23,395500
17,162600
17,162100
24,423700
62,361400
46,260100
38,491200
63,398800
4928,10903500
27,446600
144,405600
17,124300
73,309300
183,502900
28,69300
191,616600
14,42500
25,329500
106,526200
176,570100
18,223700
6342,13319300
137,726300
120,563100
46,217400
207,667300
177,645100
810,2120200
117,388300
50,329800
55,516900
34,261600
441,1070200
86,231500
9023,18209200
40,403100
19,192200
29,99500
18,181500
49,287300
44,147600
294,610600
55,509900
17,128200
94,444900
14,40300
274,929400
56,133000
423,887000
460,1329600
46,206500
14,42300
453,1234700
3159,6823500
40,390900
162,528100
38,443500
23,303800
16,98800
34,228500
11134,24026000
266,653000
177,646800
17,124500
3981,8183700
161,546000
40,444300
24,433400
14,75600
1030,2274900
4225,8672800
10885,22713600
1897,4714500
431,1405500
19,222600
17,155400
14,50700
28,86700
48,325700
62,351000
43,162100
985,2190600
197,440300
597,1455000
26,372700
1415,3349900
12222,26162200
44,205400
14,41900
23,281200
696,1657000
368,957500
1005,2554900
836,1936500
22,257900
46,205400
5738,12617200
21,227100
539,1333000
4223,9146800
17,128300
528,1322900
468,1053500
16,96800
50,333300
23,278100
609,1368500
505,1174100
216,693500
14,41500
741,2000000
18,169900
14,41900
241,577800
51,321900
123,567400
2065,4404800
40,446700
80,456500
19,217100
35,254900
2342,4931700
84,178600
49,318700
60,273700
528,1278000
27,401000
24,310600
16,94800
858,1898400
3734,8695300
24,336700
18,150700
546,1266600
19,271400
14,68000
27,424700
1121,2342100
31,151200
26,355100
23,292600
83,532300
169,371800
54,401200
66,457800
2930,6370100
46,247700
347,981600
98,201700
113,280100
28,79500
42,96500
21,226400
171,461900
19,341100
1110,2399900
29,122600
467,1074900
963,2268100
622,1446400
14930,29885800
2820,5649400
22,254600
488,1279500
78,366300
47,225400
167,901900
595,1948000
668,1699200
1078,2308500
101,285300
240,843500
48,393500
37,506700
439,1224700
317,1275400
117,461800
23,336500
1513,2987300
102,331300
226,497500
127,280800
24,322900
32,176100
45,200100
72,207200
96,41684600
1839,4222500
688,1666200
103,334000
14,41700
170,390400
79,417000
186,486300
1518,3119100
8209,16908900
15,73300
134,468300
67,441800
34,230500
258,675800
15,69600
6476,13555500
18,151800
52,390700
431,1100700
36,317900
14,41400
18,171500
287,720800
24,322300
16,98200
1782,3531100
11492,25114300
1267,2994700
188,665000
1195,3272500
17,164400
14,52000
20,256000
93,541000
310,843800
4764,10130000
61,268600
593,1327600
164,578600
67,405000
28,68600
17,122600
3771,7933800
63,381500
128,339400
843,2049900
25,339500
89,497600
5512,11810600
43,129100
5098,10550000
196,406600
9227,18767900
39,395200
25,361300
20,201700
405,1130500
62,281900
57,262700
218,832000
526,1310800
19,199300
240,503900
162,548200
396,878200
37,304700
360,1004200
26,365600
297,687700
28,93000
29,326600
310,887900
1744,3686700
41,497800
183,445100
539,1383100
19,184600
22,271800
81,431700
86,274300
22,264200
245,703700
53,468800
162,582800
139,586600
34,255000
19714,41019400
198,479100
175,575900
31,149600
268,597500
399,999900
155,353600
102,353600
208,798000
30,123000
2818,5855600
28,68600
21,407800
155,479200
38,398700
1365,2843100
107,494600
25,324800
352,846900
54,434500
73,231400
3185,6879900
24,391900
29,117000
79,403200
32,193400
247,760200
16,164900
27,506000
14,52100
704,1886800
130,463600
139,769800
107,565100
116,427100
118,500300
1941,4915500
486,1449100
67,477200
521,1119100
18,163600
653,1581200
56,125100
213,500400
439,1191400
56,133700
409,894900
424,989400
1028,2379600
29,99400
3065,6699000
60,252700
39,352700
49,307200
260,761900
28,68800
97,530200
203,621900
28,77300
145,496400
19,179000
24,372900
61,280400
448,922600
109,499000
55,548200
17,132400
311,745500
1044,2463000
3149,7203700
1312,3064500
28,72100
51,358400
868,1949700
14,65100
18,226700
112,231300
44,153000
95,468100
89,358400
23,377500
14,47100
206,666500
5199,11074500
661,1445600
20,207100
34,254200
33,203500
87,255900
108,451800
216,615500
61,253000
19,175700
46,198900
10977,23525900
49,481900
23,462400
23,300800
37,307900
65,387500
48,307700
89,390800
96,482800
18,159700
19,212700
705,1611800
5960,12416100
2209,4746000
510,1157500
23,307100
14,41700
518,1099300
1513,2992800
27,379700
620,1461300
398,945500
31,196100
270,615700
85,220500
117,420900
43,152000
58,227200
165,623800
120,472200
24,305900
59,238600
1581,3493100
25,443600
2394,5618400
122,593400
405,1426600
942,2159800
25,360100
419,1152100
19,179400
18,150500
18,173300
21,224800
108,498200
17,122500
222,718500
1326,3401400
69,535200
102,311700
99,232800
52,443600
147,511900
22,269600
1832,3903400
29,116000
4638,10001500
278,934700
39,374800
33,202900
17,148200
87,277200
25,326700
2611,5794800
50,312800
488,1343600
350,685200
1672,3895100
1413,3238900
179,642900
32,200800
16,97400
23,343300
37,339000
129,341600
184,519400
17,131100
251,854300
466,1122500
561,1227100
33,235700
41,417300
896,1812600
179,643400
1019,2774900
68,434700
18555,38110200
35,261600
450,1041400
1261,2724000
20,220100
53,373500
16,103300
54,421800
31,194600
249,966600
610,1743200
29,125200
27,494300
71,229900
15,87200
276,998700
859,2484200
24,395400
35,274300
252,496100
6675,14335100
24,339500
5229,11537400
24,305800
22,248900
273,868000
4065,8740500
28,69900
14,41100
745,1635500
1180,2475800
31,150200
17,124600
118,377600
1808,3517900
46,225800
83,500000
77,326400
14,192600
3716,8012300
14,46900
496,1124800
48,289100
14,40700
1212,2812700
117,362400
1059,2363900
20,204400
189,543700
30,127700
23,338800
1787,4036000
27,417500
77,374400
23,340800
1890,3873800
325,898200
19,222800
179,782200
4488,9633700
1301,2859000
839,2199700
120,462700
362,1150800
176,562600
59,211600
509,1285800
24,312900
17,125200
5384,12049900
57,159700
230,717800
3130,6889000
275,767600
2175,4832600
120,536500
92,441200
461,1245100
272,804600
1357,3213000
93,553700
327,1138900
76,429400
41,565900
403,1352100
3871,8416600
738,1804600
116,331700
56,128700
28,68200
5465,11694400
125,678200
138,733100
483,1302200
63,415200
54,465400
15,72000
19,179400
58,181300
31,170500
394,820600
22,318800
99,242400
31,169300
92,548700
84,180700
97,659100
262,854800
1249,2669000
45,224400
21,259000
155,331900
36,275200
23,337500
107,508500
93,412700
9132,18865400
2880,7338300
10524,21427400
11838,24629300
25,392100
15459,33586300
49,354900
179,773200
293,913200
896,1836100
16,104300
378,993600
2144,4585200
869,1738900
1138,2475200
603,1246700
32,184700
165,615300
16,97800
3122,6424100
4377,9433700
83,651500
111,615000
24,494300
46,260500
305,863600
567,1333800
3731,8602600
66,464000
27,402900
96,760900
1183,2873000
3273,7221800
167,749600
27,386800
428,1118400
85,235500
20,253100
3065,6544700
731,1544600
30,124800
34,226300
1052,2085500
169,387700
131,419500
9019,18758600
508,1253200
1443,3052700
130,511000
239,534300
473,1259800
20,228600
2573,5698900
27,623900
38,339000
14,47600
67,415400
29,97200
297,755400
28,90600
22,329500
54,533400
1845,4435400
139,643100
413,1017400
275,843100
23,312100
178,627500
35,315000
10455,21370700
3494,7368400
882,1777700
36,287300
3024,6153800
19,179800
279,1189200
208,711400
39,572200
41,442100
24,312900
89,312000
19,177300
48,314000
34,298200
882,1735500
382,869500
25,328600
33,224500
46,202200
20,235200
138,566000
89,309400
125,657900
20,224300
738,1814000
17735,37553000
7254,14867700
234,733200
19,176700
177,595700
235,730800
55,452800
15,88200
43,124500
16,96300
42,94600
4172,8631600
523,1273900
58,341700
96,705700
2865,6277500
49,286600
21,249700
15,120900
92,518100
379,761200
36,301700
108,498100
32,197500
66,387900
45,177500
112,250900
113,254700
30,135600
1123,2311300
47,229700
23,301500
71,178500
283,640400
1259,3054000
881,2342600
890,2375900
3962,7716400
15,73200
150,627100
24,379600
1673,3804800
108,462700
125,692000
376,1132200
327,801000
63,309500
200,661500
44,177100
17,127600
443,1099500
433,1681400
494,1387600
18,206300
75,367200
79,482500
23,344300
14,56000
39,400300
149,607400
6304,13429300
609,1444700
73,273800
25,560500
34,281100
28,70100
23,286800
470,1320400
82,512500
1972,4385200
1092,2482200
21,234800
19,174900
44,153400
37,356200
36,287500
150,587400
14,42200
27,384000
1871,4245400
40,390100
53,594600
20,219100
15,72200
22,272800
66,391000
42,130400
19,214700
19,289000
79,459500
3138,6699800
103,370100
16,128000
377,1062800
262,945000
1602,3758000
1099,2479000
2823,6290900
36,370800
357,1235900
43,258500
58,239800
20,267300
38,352900
14,41500
49,325700
23,332300
478,1146200
268,732300
61,447700
128,317600
1097,2485600
444,1170200
2316,4939000
16,104500
74,256400
1155,2578500
29,121800
2840,6303500
15220,32250400
223,834600
561,1294500
339,747800
20,220600
278,885000
44,157900
269,693300
115,335600
842,1720300
58,183300
14,42200
89,324500
922,2248000
1517,3321200
1825,3772400
43,148800
58,179300
67,468300
74,250400
17,121100
367,932100
333,914800
135,630700
1238,2525900
189,636000
3611,7747700
31,152400
176,579100
96,499600
177,585200
29,121900
165,607000
518,1048800
83,479500
38,321400
29,95600
134,621100
16,97700
10632,21945400
17,166700
1752,4428600
60,323100
598,1910900
47,299900
26,459200
346,1032300
25,363000
894,2151700
32,195100
611,1521800
457,1278100
108,650200
651,1738200
94,450100
21,247500
42,156900
887,2007300
1022,2236100
115,363400
27,404400
7818,16715100
20,226600
1894,3964500
59,225300
64,350800
21,283600
25,351500
15,71500
265,936800
79,423400
41,462300
105,491900
19,176700
619,1423300
32,221500
24,345800
1594,3913400
394,1052200
105,518300
1171,2544600
112,332700
1103,2583000
75,285200
166,764400
32,179900
22,255700
1143,2815500
5193,11388200
44,221700
18,175700
153,743700
45,180900
60,230400
70,160500
167,750400
31,152600
2216,4689300
286,824400
28,96200
18,187400
507,1202600
143,422400
92,391900
268,899600
414,1009800
496,1335000
821,2708700
19,214100
28,69000
113,259400
14,40900
26,366900
493,1317500
42,100300
74,260500
355,1131100
45,240200
671,1708400
343,879700
68,434400
17,123400
14,45700
36,286800
14,40200
264,820500
4416,54790800
15,95600
61,275600
14,43600
1800,3951300
108,508900
15,71600
21,226100
154,333500
52,390200
632,1324300
111,575700
1216,3090100
30,146700
1684,3425500
213,530800
600,1530300
119,457900
28,68700
221,751800
16,98500
80,455100
39,414300
2004,4030700
711,1658000
17,139600
305,894900
849,2079800
52,375800
270,652000
68,482000
47,230100
123,547100
135,513900
5873,12643300
990,2575800
14,43400
32,179100
8777,20134300
34,292900
5908,13094700
69,547500
14,45000
17,123400
206,768100
31,151300
27,413900
46,264500
31,188900
2533,5310300
56,141000
104,458300
15,118400
403,1248100
59,254900
4598,9721900
22,271500
10047,21255400
4731,10885000
4959,10330800
14,44500
26,489700
204,641800
66,388300
616,1370700
1558,3897900
39,483900
128,437600
26,471400
24,430100
438,1308300
2495,6577400
735,1967200
48,349900
141,418100
30,221600
115,372500
56,170900
118,391100
167,739100
23,280000
86,228700
18,176000
18,148500
123,705600
50,478700
875,2377300
336,844400
1345,3886200
30,156800
89,354100
22,419100
294,592000
17,136400
554,1686400
185,613700
238,603100
35,286600
57,151800
37,312800
42,96600
111,541300
19,330500
7401,16403700
38,378500
101,289100
370,942300
2702,5669100
741,2305800
203,775100
62,438200
169,519100
194,782000
69,535800
1570,3538700
28,104600
197,602400
622,1568600
99,253400
26,434400
691,1665400
90,397500
15755,36089000
1106,2463900
230,692000
323,832100
25,339200
1497,3919900
1862,4651500
257,983600
32,184000
54,431000
34,235100
221,846400
82,506700
18,154300
40,389900
48,300500
35,282000
17,133600
72,210500
101,287000
168,337600
38,391600
56,166200
118,411200
664,1711200
20,207000
165,743500
108,502800
1082,2629900
388,1078200
191,674400
213,502600
407,931900
102,496700
394,1016300
84,185200
30,151900
20,224800
120,469500
24,452800
2580,6378900
17,174100
1098,3097100
55,606000
14,53200
88,325000
21,247100
1748,4658800
28,100800
99,256900
163,559500
28,71400
77,373400
373,1016800
111,561000
149,646400
206,761100
52,419300
8758,18931600
115,346700
14,43000
329,831600
29,150900
3734,7988200
969,2038000
367,867200
1781,4275500
141,380500
2325,5046400
18817,60438300
296,942800
31,161300
17,129200
1736,3932400
35,280100
78,402600
122,679100
10413,21999000
1055,2603300
24,316700
288,813500
493,1378500
40,588800
24,453800
17,166500
118,394700
4492,9344600
813,1705100
17,140200
214,567600
45,189500
21,264000
30,128200
48,268600
226,502600
21,244900
23,356500
18,162000
19,218200
130,540600
36,295500
36,319500
77,387200
206,840100
4814,11308400
856,1845100
61,251800
26,370600
41,408500
18,185600
76,316300
104,354800
172,464000
30,197600
4508,9050200
49,290600
23,307500
28,70300
76,488000
39,447200
74,304000
38,405500
73,262600
378,727800
5517,11498300
74,295900
26,356200
102,356500
195,881900
161,545200
38,340700
14,42300
563,1307400
177,709500
44,216000
29,123700
21,284100
242,660100
18,217600
1442,2926700
27,496000
30,132800
26,371300
1611,3410500
32,211800
3077,6600600
16,170700
539,1470200
762,1836900
34,258000
263,783200
50,343000
799,1638600
2468,6078100
49,316500
51,444900
598,1581500
17,121900
19,208700
14,45700
111,666100
46,229600
134,472600
654,1653800
36,300500
190,607100
1225,2523200
99,248500
18,188600
9356,19506400
56,196800
789,1930500
34,233200
17,141200
69,539900
44,165900
71,185900
31,153200
1400,2862700
7047,15337600
193,851200
19,180500
83,495300
21,287100
115,334400
5703,11938600
3839,7933800
31,155900
160,561800
380,805500
21,252900
433,1187300
60,295100
25,353600
490,945600
1130,2732600
122,482800
1168,2457800
169,407600
272,684300
25,358700
65,408100
21,344900
28,70100
62,337500
198,604300
20,236100
58,181200
774,1704400
65,361800
32,201600
43,136000
186,533200
14,41700
752,1832700
4389,9289200
210,413100
227,539500
14,41500
27,426100
2615,6027300
30,137500
43,129100
17,149800
61,270600
24,306100
103,351400
682,1616500
24,303100
109,510900
148,518500
70,170500
229,611600
66,383400
207,705500
93,431400
76,431500
371,1029300
14,40100
2721,5733700
7963,17026000
36,318400
30,127000
1198,2973900
251,856200
34,242200
15,70900
44,175000
324,764900
22,255300
15,69000
350,689000
94,538500
39,379400
11845,25167600
865,2209000
89,393900
50,347300
15,78800
2848,5711100
69,480400
415,1083200
244,715500
261,742500
290,870400
26,428600
24,492200
19,179200
21,238200
343,884100
22,407300
70,169000
114,282700
90,365300
797,1900900
194,790200
40,389400
998,2359000
201,575500
32,179300
23,282600
749,1689000
65,376200
400,997500
44,149500
1479,3461500
478,1083000
246,677000
2146,4382100
24,312300
18,161100
151,768400
14,55500
63,377600
291,957700
4486,9393100
1661,3747500
52,536400
742,1441800
1650,3715500
243,677900
454,1142800
669,1670300
32,177100
158,544500
85,203900
12190,25259100
1798,4247800
27,554700
20,205500
40,487800
4283,9252700
297,678100
112,256900
1472,2990900
4679,9720900
141,302600
87,252800
46,232000
77,425000
57,155000
3271,7299300
933,2137700
703,1517200
19,188900
47,236600
14,59900
4864,9874100
126,284400
67,436500
62,301100
155,333300
38,328700
31,152600
75,310700
105,418700
648,1371700
929,1960100
56,157500
37,383900
99,232700
1527,3051800
38,336700
28,68500
1354,2907600
1197,2907400
137,613000
96,521000
50,311000
794,1994200
208,825800
1112,2508100
18,214100
281,608400
87,262600
14,40300
2702,5743800
25,393500
50,490500
160,482600
27,437700
25,362900
87,286000
68,432600
28,69100
127,283400
133,474800
16,99300
21,256700
39,369700
15,102800
28,68600
922,2141800
15,70800
38,349500
21,257400
32,203000
159,448200
94,463700
417,1298200
48,255000
21,226700
647,1412500
59,202100
52,352800
21,223600
14,40300
14,65700
292,901700
454,1340800
79,486200
17,125400
361,1146700
1091,2505100
34,260800
356,871500
59,209100
34,235300
38,421800
21,246200
46,278600
165,732600
49,378500
134,525600
14,42800
1487,3019800
88,373400
775,1892500
24,308100
972,2413800
443,1189100
871,1802400
38,358900
277,815300
45,186200
2179,4462000
18,166000
904,1938700
575,1188000
24,336200
152,869300
195,721900
26,466000
19,227600
73,327500
46,205700
122,500200
43,126400
2307,5460600
116,406800
168,367100
69,466100
207,743600
30,128000
59,233700
59,222000
695,1611200
160,491000
86,231900
49,316200
99,235300
427,1088100
54,401300
170,401100
11917,23965700
41,410300
43,125300
151,607100
73,281800
173,546600
76,306500
42,96600
174,607400
131,426000
161,505300
75,281400
40,434000
425,1019400
130,360700
22,328300
38,366500
35,270900
85,245400
169,387400
14,41800
212,512400
317,850200
70,149400
24,300500
945,2045400
89,350400
125,568600
10914,23826600
28,75500
4090,8713400
381,804600
16,98000
1327,3252900
40,421200
141,317600
742,1519100
887,1972200
18,161900
19,173800
399,983900
29,98500
531,1511600
118,398700
396,947900
150,591200
727,1781600
74,252000
33,198000
413,1181700
1607,3495400
838,2089000
67,452000
28,70400
237,800000
666,1638500
37,413000
280,680200
100,298700
61,300300
170,408900
14,41500
225,495200
149,618500
52,363200
66,406600
2925,6156000
126,266300
2530,5832000
40,451000
1435,3069700
30,178300
120,475500
732,1572300
10561,21637800
315,833900
21,229200
116,372600
891,2145600
13811,28489800
18,191500
389,1337300
607,1353900
23,355400
306,916100
18,168200
7110,15787500
116,458800
368,940000
14,68300
634,1472800
962,2348600
27,423900
65,356900
551,1217900
10437,21482500
468,1194900
88,367000
25,368600
248,769000
17,129200
14,41400
20,252300
52,432500
19,198600
2415,4914200
11228,23638500
97,580000
291,868100
189,586100
1135,2323700
37,305800
17,124600
2596,5237900
431,1272900
336,685000
3501,8117800
75,327200
19,290800
75,347900
15,71800
15,70500
86,231600
77,470200
37,407500
19,221800
30,154300
15,85400
16,118900
374,1235600
22,331800
466,1179000
11392,24436200
29,101600
262,881500
161,638100
46,261300
3081,6663800
1368,3548100
126,260900
225,463900
3177,6691800
1743,4090000
283,699400
424,954400
174,604800
101,334500
195,730000
3323,6879000
290,926000
63,313300
19,177900
3902,9535100
4503,10442900
24,534000
983,2568100
1318,2853000
495,1167700
205,651700
32,188100
876,2014600
859,1876700
16,98700
253,645700
303,994200
49,387400
45,234700
94,568900
18,192200
14,51700
17,146600
72,217100
49,326200
1628,32611200
385,1100500
179,658100
23,304400
93,435800
21,270400
14,43900
10464,21541400
148,533500
9607,20730000
19,218200
26,437300
22,345300
72,366400
75,338600
19,185800
384,1028300
138,891100
4850,10634600
19,197200
2557,6593200
412,1215400
103,497800
189,1219400
5626,13538100
21,325200
216,678500
2315,5046600
856,1847600
2875,7056600
1376,2811400
18,153600
15,72100
25,440500
115,345100
56,124900
291,999800
34,357300
875,2449600
111,553100
270,752200
67,448100
1002,2251400
22,311000
251,1024100
47,248300
19,364800
8314,19255300
218,676200
55,520800
62,300000
471,1245000
246,698300
173,467400
178,612300
92,410100
3191,7592300
9370,20814400
26,371400
3497,8184800
44,178400
16,133400
32,241500
2294,6513200
70,204800
23,390100
1489,3647300
15,101300
18,193300
41,521100
78,403600
30,147100
15,82300
14,66800
482,1168900
59,221700
207,782200
36,296900
17,139700
159,485300
3854,7742700
50,356200
424,945000
39,384900
25,373200
64,487500
8937,18599500
104,464900
215,549000
323,859700
22,420600
2880,5988600
152,611700
31,151400
25,368300
38,345900
536,1168500
102,310200
496,1145700
136,601700
197,428000
1008,2504800
27,497000
18,201400
57,248000
52,461100
57,202200
17,156700
158,523000
126,367500
16,119000
55,541300
53,497100
278,1055000
1341,3474100
36,309000
22,252800
385,1004400
113,353000
15,89200
54,452500
1991,4833900
122,483300
22,435900
52,442300
462,1170800
79,473800
16,100000
966,1988200
279,908500
48,343700
422,899400
23,283100
1133,2698000
16,103100
56,126000
49,329300
1055,2396100
18,156600
18,153800
85,210100
3596,7940700
876,2089200
6341,14725700
287,930700
40,416000
24,326000
72,206500
139,627000
52,407800
208,790200
859,1917800
36,278400
3390,6791400
46,215300
887,1834600
701,1376700
539,1236300
85,210400
55,454000
96,520100
856,1885100
8932,18889800
116,373000
48,267800
97,584900
47,257300
397,945300
38,356700
97,610800
278,867100
18,152800
97,571200
20,209200
37,306600
181,735900
781,1998000
756,1498500
14,42900
39,419400
22,258700
27,516400
148,516100
30,128300
122,497600
6468,13182800
705,1659100
30,126400
177,642100
2297,5017800
59,217500
6832,14028500
20,233600
40,427300
17,124600
1684,3580700
180,691300
16,105400
20,225200
47,231400
2832,7023100
24,389900
24,349000
1085,2243400
44,172200
62,281200
26,381100
27,377200
40,374100
19,193200
77,572200
349,1031000
20,231400
40,395100
38,334100
347,1003600
29,114400
116,353500
32,176600
2604,5635900
37,345000
912,2009900
208,695800
316,911400
206,647000
152,661500
229,603900
79,411300
15,79500
1158,2525700
1274,2590100
14,42600
234,723000
851,2063700
473,1212300
15,70200
1235,2538900
195,706700
232,817400
124,540100
42,95800
14,76400
2776,6865400
48,254400
14,40600
97,531800
21,238200
62,328400
34,276700
120,571000
31,198300
28,74000
131,446000
10166,20886500
278,882300
59,363700
1403,2881000
100,259000
54,485100
154,311300
16,96800
5766,12758200
22,282300
24,329100
39,375000
83,572400
27,415700
1443,2938500
3661,7658500
31,157400
58,209600
215,560000
19,192900
37,323400
30,126700
112,301900
22,254700
36,282000
17,137200
50,352200
3237,6717600
380,928300
56,135600
367,872400
48,365900
25,333300
660,1419400
733,1841300
4201,8617200
57,163600
14,41900
36,327700
70,152500
14,41200
20,256600
16,147300
29,103100
312,736100
16,98500
15,113800
44,166400
124,569200
48,260100
364,773700
51,405000
16,99200
120,456400
34,226200
247,779200
26,376200
23,277800
105,390000
25,408200
28,73400
29,119800
1925,4141900
24,319300
14,43600
42,103400
32,179900
77,335000
26,366600
54,435500
1318,3107800
220,848000
14,43600
16,99000
21,237400
305,1028600
18,156800
37,338300
78,375300
392,846400
41,439400
71,180500
981,1920000
304,918300
215,577900
13556,28630600
55,502100
2890,5919000
34,229200
134,457700
235,858300
67,406400
49,345200
2689,5923300
170,569700
34,255200
202,570400
30,140700
161,755700
1340,2948200
996,2224500
19,183200
174,521600
3501,7990300
39,525100
66,505700
545,1782600
147,476600
1566,3550500
191,676200
369,852000
22,271500
60,232800
68,491200
150,545800
63,411900
4128,8966800
46,223300
1643,3506400
2101,4771100
54,419900
5247,10950800
41,427200
55,516300
20,205600
75,332500
26,455100
67,582500
190,788800
79,413100
2972,6175500
59,204300
22,251900
55,481800
63,342900
1280,2699800
44,150700
2128,4741900
88,697100
21,454700
24,555400
87,325100
33,255300
2599,5997200
14,42000
50,315800
61,376000
2561,5814200
27,378000
81,447300
15,78400
119,428600
465,1135300
28,80000
397,928900
180,753900
67,451500
151,582600
403,1226100
112,250100
20,204000
57,174600
103,363900
224,448700
399,969500
14,40500
501,1301000
171,451200
37,311700
143,420400
15,71100
14,51300
14,44400
74,257500
977,2225200
376,1096400
2401,5185400
15,120500
276,847200
5178,11908900
42,188900
123,640900
12512,28876800
64,340500
2220,4747000
2782,5672700
271,827300
99,294200
14,52100
100,341300
95,600700
174,682000
1020,2498300
40,406800
6351,12685900
30,129000
126,276100
31,180700
41,423300
12706,27691800
27,403500
15,73200
1999,4277300
191,638500
16,97800
136,530300
329,958800
242,584100
429,1192300
1605,3401200
117,377400
1189,2780000
95,487600
56,156600
59,208100
395,907800
15,71500
84,177500
31,170500
15,71200
47,244200
5454,12106400
16,100100
568,1382800
7055,14907200
96,531400
283,676800
23,309100
28,72700
611,1500100
21,319300
25,381600
699,1829800
1563,3464500
408,1195400
110,597700
2176,4579800
58,180900
82,614500
321,1147300
69,485100
323,662100
30,128400
434,966400
157,428700
617,1434700
44,172000
31,222200
14,49200
2114,4491200
134,482500
645,1322800
632,1494800
167,672900
38,450000
34,236300
28,78300
37,342100
115,314100
1324,3046700
68,508500
31,156300
9827,20450000
106,470600
20,198200
16,95700
58,198000
2193,5272600
32,204300
115,374200
1023,2033500
631,1423500
33,365700
47,255400
43,126000
100,318700
36,284300
206,684900
4544,9999300
28,84800
121,686300
718,1673900
29,100500
5697,11984100
5137,10911700
215,577900
72,238200
28,70300
72,207100
175,545600
42,96600
49,304400
599,1478000
145,406900
18,146300
554,1439700
531,1371300
37,305000
50,442200
182,602400
658,1419700
22,287000
682,1902400
30,146000
235,824900
382,882700
62,483400
394,867600
209,834200
41,445700
281,733800
21,287000
165,655200
88,284200
137,766800
63,329900
143,414500
31,148000
54,399500
91,477900
167,732600
47,228900
732,1782900
1789,3968700
28,71000
672,1484000
25,337900
105,410100
43,161500
38,406000
442,1050000
164,703400
38,350300
1887,4241400
594,1371200
19,256800
5054,10380300
38,375400
67,489000
103,342700
95,566700
173,491700
6122,12721300
19,184800
68,439000
61,291500
23,314300
29,98600
14,41100
16,97400
301,792800
18303,37584700
72,272700
90,447900
157,420900
95,482200
27,382800
132,473700
429,1072100
109,529700
3345,6927900
439,1271600
23,315800
1764,4095900
38,445700
79,592900
81,522100
21,233400
244,680400
293,943700
559,1451600
16,98900
83,520900
17,124800
319,918300
62,407200
356,918400
496,1133900
205,654100
50,330800
8271,17274600
607,1362900
3118,6752900
52,448000
74,258000
502,1338600
57,157900
44,153700
119,539200
152,665100
452,1213500
28,94900
208,732800
14,42400
103,369000
33,280500
49,313600
73,280100
42,140600
114,348400
109,589700
33,227200
395,863200
30,128600
83,525100
721,1700500
48,270000
15685,32951700
415,1132300
547,1186000
241,599600
101,313700
38,416000
437,1018200
39,383100
287,839900
35,255900
165,669600
160,509700
24,326400
82,493600
3124,7239800
218,667500
23,484700
40,741500
73,317700
19,208100
3354,7340600
935,2425100
46,230100
896,1809600
200,535400
526,1349000
31,220600
406,1022400
416,1364600
24,315900
96,523400
479,1013600
23,302400
311,687700
27,462000
21,296000
534,1393900
281,736300
106,446600
44,169200
489,1394700
42,99800
7402,16477800
213,491100
67,454400
631,1302100
31,161900
126,301600
21,229900
398,953400
1196,2597800
35,272400
1222,2433600
13435,27324700
245,747600
120,444200
16,97800
3955,8069600
150,618800
1098,2444000
15474,33258500
142,361600
268,596600
112,247800
19,176500
193,701400
17,126000
94,464600
47,228900
688,1556000
30,215400
29,105000
108,500700
906,2173800
80,449500
41,429000
3258,7346600
2195,5101400
149,538500
66,430100
138,660300
107,508000
142,470500
2172,5537100
270,725100
61,254000
22,306400
1242,2993000
191,763500
34,238300
45,175100
1835,3643200
98,308800
78,400000
25,351900
187,608800
35,345000
326,738900
100,427900
40,451900
5133,11131300
28,71200
840,2322200
110,46885500
1417,3213100
227,605300
93,451300
235,737200
17,144400
337,777100
108,467600
303,863700
145,439100
739,1755500
44,186700
34,238800
107,478900
60,366800
74,277300
70,167600
92,412700
249,858600
14,56000
2193,4767700
34,242100
59,206100
39,372300
925,1839300
196,415000
30,124900
304,908200
114,282400
309,664600
22,290100
50,309000
14,41700
1009,2033400
32,191200
22,277300
85,216500
1573,3317500
1197,2654100
25,365500
35,253000
204,612300
14,41400
395,1070800
15,76700
50,314400
26,500500
26,599600
390,1466200
70,193200
4460,10015400
27,379900
47,228200
245,936900
2602,5894100
25,364600
53,423000
932,2176200
203,914200
52,687300
17,215900
59,493600
152,702500
188,523900
15,71800
15,120000
645,1562500
14,44800
58,180400
921,2208200
62,295500
36,280500
16,98500
201,557800
2674,5608500
31,188100
20,208000
721,1909300
633,1396400
950,2422400
328,979900
33,208900
47,256100
49,287900
349,1199600
26,370200
22,255900
1375,2810600
104,384700
51,353100
18,154900
54,429900
136,545500
25,343500
23,307200
193,689300
34,322800
56,127500
141,344100
5663,12427500
54,429600
15,72400
87,273700
20,286000
16,98000
2342,4939400
142,365400
35,251800
27,503800
322,742100
61,279400
696,1878000
2298,4848100
168,331300
79,420900
202,551400
707,1543200
163,742700
74,287800
179,638200
31,150800
743,1511100
143,383500
63,318100
38,324900
468,1101200
165,577100
4135,8293300
155,429300
17,124600
714,1577100
60,247200
246,743400
26,384100
75,286600
138,627400
16,98900
1617,3502100
3249,6828900
118,396500
42,108200
94,456400
308,662700
174,656800
9953,22973200
2766,6058700
558,1552300
1122,2432100
339,859600
397,972700
9074,18867500
429,1130900
2472,4912300
21,226900
213,500400
96,525800
9270,19004600
64,354000
197,452700
37,343800
288,786500
27,409700
340,781900
169,365200
30,122400
113,283200
34,235000
29,136700
1500,3164200
9380,19439800
94,502200
1391,3328200
130,374500
1499,3163300
50,311200
52,362000
152,703400
17964,37706500
20,232800
70,174500
72,210200
179,898000
16,129500
34,242400
84,178200
248,737200
208,808100
3203,7485700
142,343900
46,225700
40,475500
2822,5810800
525,1294200
1030,2251100
31,189400
831,1947600
178,745900
29,122700
216,641600
139,583800
1906,3946600
330,851300
4735,9726100
18,155000
4058,9315800
388,1123600
1057,2739400
1144,3193500
164,727100
88,374700
3327,8377000
111,1059300
1747,4381000
807,2295900
199,618600
6203,14743500
4530,10533800
62,307600
62,326900
260,767300
38,388000
340,852900
202,592000
16,99300
27,549600
38,431700
38,408500
31,152700
26,540700
490,1140700
18,152300
154,360900
15,82400
118,506000
14,50600
61,338200
656,1911800
24,376500
221,764200
109,571000
444,1368200
53,386300
2311,4888600
1071,2393700
1167,2737700
93,522600
179,767000
817,2176000
603,1608600
280,717100
427,1245900
5450,11520600
519,1346400
93,507700
13423,29207200
16,103100
66,411200
17,126000
519,1120000
17,126100
156,362200
31,173700
15,104800
467,1082600
86,235900
35,257100
2093,5268900
51,341700
367,1132500
43,160900
480,1345800
95,604800
446,1334100
41,453400
186,607400
20,209500
11990,24665800
51,339700
15,81700
95,558200
232,711200
879,2090000
195,916800
448,1089400
9888,22738800
1021,2424200
17,128700
14,41700
20,324100
54,435300
58,176800
54,441000
878,2132400
418,1132600
239,750600
94,448600
33,207500
20,206900
5499,11893100
54,532200
685,1734000
412,974800
3575,7298300
14,43500
38,455300
1396,3281700
24,392800
70,153600
219,671400
15,70500
419,1513700
62,366400
46,257100
3080,7737100
560,1168400
232,700200
2108,4415300
127,297400
51,332500
41,439900
40,402000
1598,3352800
18,154500
145,416300
64,357900
195,801200
91,360000
35,281500
18,180800
1098,3573900
52,386900
80,415700
133,440500
19,209700
46,203500
25,357900
177,580800
250,1052600
30,135300
11173,24262800
149,641400
1280,2710100
15,188300
868,1875600
15,87400
24,335400
26,386600
30,143900
4066,8792100
27,431100
57,169900
93,414400
57,245600
2444,5857900
24,410300
56,160100
77,430900
29,123800
18302,39866300
1964,4003800
59,205200
25,331300
1741,3767800
90,346700
70,148100
18,148500
87,290200
51,333600
38,346800
953,2028800
390,1364900
125,774200
18,203600
33,302300
14,52500
11012,23100400
645,1248400
764,1679500
18,150200
126,252800
55,476100
500,1496000
364,857300
629,1802200
1716,4218100
22,259100
36,343300
65,386100
41,405900
202,575700
49,361000
1550,3400800
1881,4194200
573,1609100
81,453800
173,546100
186,497300
44,230000
163,592900
97,534600
41,505500
1183,2526400
76,328700
27,386000
92,449400
375,1073800
34,232000
314,809000
575,1399600
28,75100
648,1447300
24,313500
62,420500
39,794300
46,371500
2496,6031000
40,413900
50,372300
24,328800
48,267100
1528,3093300
174,583900
2550,5484300
374,1055500
71,195400
1586,3463100
136,608300
49,310000
26,380100
387,1099900
169,461600
1376,3607700
13845,31531500
21,300400
327,1000600
26,470800
24,483300
112,256400
2418,5426900
19,190900
117,417600
705,1565400
673,1537900
84,204100
17,139300
24,307600
981,1980000
121,534100
9799,21208400
1044,2477500
28,90400
15,102200
321,1059300
20,346500
33,347400
1424,3680100
304,862100
492,1267900
102,383100
716,1650000
43,128700
2521,5145800
296,658100
25,392600
58,184300
108,494400
861,2162800
14,68600
337,1177800
222,1004200
167,877800
367,870800
136,657100
48,415900
21,288000
504,1132800
597,1598200
437,1136900
23,341400
863,2256500
61,346800
19,227400
562,1536100
10461,22514600
480,1356800
38,365800
211,666800
397,896800
46,205600
21,230800
216,701600
82,469600
431,1262500
38,506400
60,241800
98,235500
8166,18146800
326,958900
244,795700
52,469200
28,95500
546,1353200
99,309100
98,273700
39,465000
18,192100
1278,3325800
764,1999000
3748,8126200
7251,17021700
321,1149700
1941,4062800
16,101600
457,1477200
585,1904200
50,422200
85,207700
81,473100
72,236200
224,435500
129,413500
38,328300
65,361500
566,1331500
93,401300
193,776600
2252,5807800
529,1420200
19,253900
28,88300
7533,17126300
194,728600
77,338400
3406,7609300
1979,4455100
174,546600
23,283600
239,533100
22,310600
53,436400
25,426100
18,169700
143,369700
269,616000
2886,5787200
366,889800
70,153000
40,380700
27,484000
30,157100
409,1099800
232,672700
22,300800
221,680900
23,269900
158,461400
16,99000
585,1556800
142,496200
185,524900
3806,8353500
2519,5590700
36,359200
54,438000
286,696800
462,1112800
465,1102600
6932,15531000
180,757000
61,255400
549,1554400
7356,16114400
2204,4453200
432,1202500
462,1061600
29,136600
58,183500
31,168100
95,487500
19,172800
16,95700
309,898700
66,507000
2534,5599200
662,1417300
24,309600
812,1693300
259,751700
26,398800
91,371200
129,338000
212,482100
405,1124900
1632,3431900
654,1832800
17,137100
111,561900
821,1951900
17,125600
79,460100
156,365900
54,408300
46,267600
152,639000
311,828300
31,225900
58,204200
63,400400
240,556500
21,231400
93,457700
60,343300
29,103700
337,772800
10190,22301800
70,151000
77,341900
19,187600
311,728500
44,169100
595,1476700
146,458300
59,204400
25,329800
57,168000
32,200700
21,259300
25,331400
16,97800
25,395500
23,317100
1725,3693800
942,2052200
30,125900
134,561600
36,379300
52,394500
21,264200
319,1004600
196,470100
2843,5658100
107,548400
1232,2584600
14,54500
134,527500
53,515200
98,220000
22,259700
3833,7856100
842,1754400
2499,5762100
3285,7045000
99,236100
339,757200
16,114700
4074,8310100
44,187200
1209,2536600
24,360100
14,41100
79,475200
133,529500
17,125500
15,71400
214,542400
1788,3760300
68,496600
72,233000
181,757700
1567,3562300
55,438200
972,2130400
1431,2866500
205,687200
715,1425000
6855,14338700
133,449200
1947,3889500
1122,2622000
18,205800
271,735100
180,860300
50,311900
15,70200
86,229900
229,685500
45,181700
376,1126400
285,704500
201,504200
459,1248400
4678,9941100
47,280500
108,470400
1407,3048500
35,276400
1076,2713900
48,259000
112,296400
15,72000
23,287500
44,175100
687,1485800
18,186600
148,496000
24,308300
3683,32038500
53,495600
470,1523700
72,325100
14,47600
47,290600
325,815900
134,468100
98,216800
177,593500
3625,7470500
73,233900
181,845100
808,1852000
25,383000
22,251900
39,354600
40,431900
343,892500
25,329700
264,999300
31,166100
26,393200
24,343500
260,743000
14,40900
52,358000
40,414500
16,104000
15,99000
1722,3495400
212,512900
19,177600
25,330500
25,377800
52,396900
20,207000
403,1074900
46,230400
674,1463500
91,405300
231,642800
750,1698100
225,472600
232,730200
731,1519700
737,1798700
224,469200
271,760600
376,1102600
6730,14813100
115,315700
197,430100
205,679200
26,364800
54,541100
1965,4024200
122,514700
93,418100
43,126600
81,471400
57,152800
51,356400
4177,9250800
616,1482300
4637,9707500
41,466600
76,320800
366,785600
27,397900
33,231400
46,227400
23,272700
112,223200
14,40300
32,191900
35,265300
174,550800
48,255900
23,277400
276,1003000
1010,2107100
34,340800
51,439800
38,619600
2863,6229500
4628,9867200
34,335400
39,482100
1007,3098200
36,358000
30,158800
2983,7290500
41,532600
94,570600
16,128700
23,309900
19,182800
35,253700
56,123500
22,249800
3910,8259800
343,1085700
125,555700
17,123700
64,369300
98,225700
22,253600
105,383400
264,850400
4476,9034200
20,209100
25,325700
18,148000
32,230600
311,935100
8531,18443300
146,625900
78,402900
91,391200
5335,11403500
61,307700
1042,2259500
17,122100
686,1447200
4900,10309400
81,624600
165,595500
37,364400
1505,3469100
22,324400
68,533800
37,366800
26,445600
50,362000
16,98900
3985,8841700
134,517800
21,243200
926,2002200
48,255500
203,659500
51,382600
137,559400
15977,33885100
344,1127100
16,123900
3525,7869500
1216,2819900
22,256000
155,340000
44,154100
15652,33342000
176,666800
707,1596700
33,218500
225,492800
90,335400
25,364400
1993,4571500
195,987900
17,140500
180,651700
28,69800
12942,28293900
18,222700
3368,8163000
725,1716100
38,330900
1176,2409900
31,198900
16,131200
103,353200
75,281300
29,97000
40,411500
16,97400
50,329800
41,402800
86,229700
766,1819000
62,432400
1450,3431600
27,399200
29,99100
201,525500
15,74200
741,1908500
1960,3885900
28,70500
155,337900
30,175600
26,399300
16,98300
35,252100
24,301700
93,429800
127,316000
203,559700
781,2282500
35,308200
413,979400
924,1871900
4927,10177300
81,496200
17,126000
27,411500
168,361700
55,431200
14,42000
108,490200
603,1207100
87,315300
508,1082200
163,567100
843,2042800
368,804000
97,622400
125,604400
21,225900
68,441100
18,158400
15,69700
15,70600
2704,5718900
16,99700
632,1362500
555,1391100
148,533300
58,242400
164,621200
406,870900
113,328900
1303,2547000
337,769000
27,381000
35,264700
106,538200
19,177600
34,252300
56,123400
15,69900
21,228700
574,1340000
146,542200
121,556400
316,844700
262,1081500
14,43700
39,358400
2832,6081200
187,527100
28,67400
1172,2651600
15,114200
361,1042300
1260,2461100
246,677200
371,991500
149,574600
50,444300
27,509100
3951,8455600
19,178200
1419,2926200
1168,2689500
192,627400
22,273000
26,359600
131,425100
71,180600
74,264400
21,230300
14,43600
54,405500
1458,3224600
239,522700
345,1002400
90,335900
97,636100
565,1324100
14,42500
16,105200
280,575600
435,1039400
20,255400
6368,13025800
17,145800
11965,24825100
143,576600
58,191600
42,101500
94,449100
3358,7713600
559,1464400
31,199100
152,615800
259,907200
1004,2308500
86,230500
107,523400
50,330900
144,388700
430,1247900
327,767600
6643,13832600
190,603200
805,1953600
1614,3512000
385,1081000
27,431600
36,353400
14,43100
124,572300
49,283300
26,417000
27,411300
137,533200
218,643100
5396,11638200
15,73800
22,258200
5164,10898200
260,722600
145,507900
292,890900
17,121900
633,1553300
29,100900
18,154700
1080,2238900
40,437300
161,544100
1921,3983700
123,643400
160,480100
72,206200
37,364400
344,892900
412,1037800
86,279100
585,1545200
5571,11701300
14,68200
92,486600
181,705000
678,1761600
880,2045800
23,303500
67,407000
2056,4744700
66,410200
166,760600
1509,3209500
86,231500
402,1053800
32,179700
16,119000
31,150700
3012,5931400
117,388000
68,497500
22,253600
120,426700
73,252200
3472,8226700
49,288600
58,248900
22,353900
53,501600
740,1801800
132,435800
110,555400
55,426500
19,183500
17800,36862600
90,364800
255,762300
59,208900
2575,5676800
93,448500
198,465300
207,682100
20,210600
48,276300
43,125800
37,383400
92,390600
14,41900
37,339600
17,155200
75,349800
477,950000
244,740700
86,234900
214,586100
449,1020000
61,259400
183,455200
1229,2866400
15,71400
33,214900
706,1511900
18,168600
401,1000700
15,68900
959,2096600
273,749100
32,180200
140,281600
28,69500
423,979000
408,842000
14,52400
14,65600
5492,11492900
109,742600
190,665900
126,255500
72,289300
122,650300
331,884600
29,99100
10830,22297500
21,334100
14,52700
4366,9433500
17,176200
114,300800
117,362000
2537,5874700
2409,5119700
1681,3251500
163,556500
80,434200
20,201300
139,621100
16,96400
35,318500
482,1149000
37,341500
139,654300
1201,2908300
70,159900
240,585000
62,327100
48,255300
42,96000
19,175500
163,791100
17,151300
281,589800
63,300200
61,441800
4472,9862700
4612,10240000
3032,6301100
121,509200
81,478200
23,274300
37,298400
55,493100
164,639600
224,441800
802,1738300
68,474900
3049,6780700
29,102300
85,208100
15,71500
121,489000
47,249500
17,150900
18,152600
83,501700
800,1628800
23,303600
535,1321600
76,353800
169,461100
4445,9336000
24,309600
1205,2434300
57,174500
44,150400
74,250400
33,199300
313,782900
30,123500
3936,7861400
1580,3503200
611,1465400
60,231800
3280,6694300
1789,3933300
177,835600
34,354800
16,128100
41,604800
20,261700
82,491400
406,992300
44,185900
64,337500
39,368500
84,177800
330,935000
18,187400
369,825000
24,341100
196,424600
16,107100
14,40000
9371,19624700
6517,13241500
14,43700
34,229000
36,291000
18,148900
21,248500
26,370900
35,251400
954,1861300
1805,4154700
786,1707900
14,45100
61,265300
367,823600
18,150200
17,123700
210,496800
253,721200
114,359100
91,508700
33,206100
128,314500
86,249400
134,488600
479,1102300
385,956500
65,375100
1717,3694300
77,332200
25,398200
3923,8184000
1063,2547700
10254,20701300
14,45000
23,282600
962,2652400
2189,4396100
35,286700
20,221900
39,358400
4770,10324600
32,181400
67,419900
23,300400
48,290000
13333,27474600
20,234500
322,847700
34,252100
61,284700
118,455800
51,342800
161,515600
24,310800
257,693900
96,525700
3088,6293600
1020,2341100
2201,5223700
31,178500
25,374800
191,591800
685,1812600
90,428000
286,768500
44,165900
235,870300
16,101100
48,255500
15,69400
38,383000
21,295300
1567,3583600
47,233100
459,1288500
216,672600
14,43000
45,192300
144,630400
14,46900
5420,11913600
1674,3427000
26,454100
101,297900
45,178600
6124,12859800
290,885000
184,551600
130,509200
5747,11695200
14,43500
52,377700
28,79000
649,1412500
62,302700
43,123200
17359,35669600
16,102500
239,509900
226,537500
29,98800
1203,2795300
5517,11363000
1875,5088900
686,1354500
387,1056200
25,346500
29,99600
137,565500
55,506100
15,70800
31,150800
32,181000
133,469200
14,42700
22,269600
525,1297600
14,42900
422,929000
3741,8005100
38,462100
96,498800
31,196100
208,849600
110,529200
149,556900
753,1791000
37,308000
1144,2827800
1065,2346000
47,234600
38,346900
1204,2470800
48,282300
211,461500
162,542200
939,1956500
15,71800
29,144800
120,437700
152,659800
682,1659300
168,350200
26,377400
335,997400
21,223600
220,699900
58,178400
450,1085600
192,680300
139,657100
637,1408100
898,1805300
23,308100
17,123500
191,606600
56,124500
20,200100
84,245000
9129,18830700
13319,27936500
132,459700
16,102100
25,337200
288,821700
44,154100
32,185900
69,462600
27,408600
76,330200
15,70400
42,95300
19,174400
37,305200
2411,5484600
20,268400
26,474300
17,163800
69,564000
368,879700
893,1989200
917,2305100
55,566300
168,344100
25,415000
3214,7492100
49,298800
99,242300
60,237300
11294,24938500
17,172600
60,297400
2034,5304100
27,510800
290,971000
7703,17596600
115,383800
31,160500
199,504400
2834,5877200
16,98900
84,180700
20,209000
263,959900
14,43900
2570,7220200
79,444400
106,449700
209,739100
351,785400
122,522300
30,127400
69,471800
1463,2991400
123,550000
1201,2703600
69,542400
36,302900
15,71500
8055,50542600
4780,9889000
105,407100
119,464100
25,532500
64,346400
1645,3417200
19,195600
18,150400
17,140900
222,744400
55,442200
436,924600
19,241900
242,658600
16,105300
33,225700
95,487300
10662,21490100
2081,4688600
505,1153600
35,261000
66,389600
3727,7594300
973,2169600
66,414400
48,251200
258,656100
1577,3461700
79,415100
36,335800
102,315600
15,71600
18,150500
143,388200
211,483000
65,424700
20,239700
1751,3631900
54,438000
103,342300
68,430600
925,1886600
20,215200
114,321500
22,251500
102,340900
14,62100
44,221900
29,104300
437,977400
57,151400
221,800000
1113,2326300
24,305100
17,143400
30,124200
392,842900
19,174300
33,198300
64,384200
124,575700
94,510800
46,236800
2618,5046900
28,84500
50,385300
436,990000
2726,5904300
279,1012600
16,100100
71,182700
41,521600
14,52300
6960,14984800
75,394300
1278,2781500
37,317000
14,64100
16,99700
40,383800
19156,39279900
1382,3055400
61,254200
164,560300
60,235500
1977,4118200
487,1351400
41,441500
25,382800
2480,6363500
17,233000
125,878800
71,300000
85,320600
17,131100
26,437600
16,100200
39,375300
2106,4324300
15,70100
341,800600
17,145000
1725,3409400
1893,4387800
167,702000
340,816100
34,227500
53,407800
232,690200
66,384800
662,1418900
87,270600
14,40100
14,46700
424,943700
76,305800
1059,2451200
17,126200
46,201100
29,96800
652,1525400
97,673000
19,180900
47,251200
348,946500
335,1094400
15,75300
23,288900
1498,3329200
298,701900
54,432300
265,801200
440,1047300
263,782400
276,810900
9378,18306100
27,551100
19,280500
99,298600
158,538000
42,156300
78,398000
49,278400
76,306900
8081,16605500
1618,3499100
20,198100
451,1029200
120,436000
14,40800
68,515600
189,592600
138,586200
205,725100
634,1397000
872,1875000
15,78000
54,415300
14,40600
62,279900
1522,3208400
701,1858000
14,42800
343,942400
149,721600
6183,13224800
30,143300
35,259100
6765,13674900
490,1377800
144,580200
53,408100
17,127100
677,1458300
385,897500
33,430700
2431,5157800
163,558200
446,1259000
103,482300
64,383600
6041,12492700
36,297000
152,618800
64,330700
332,937600
10814,22557500
97,797000
63,467900
41,534800
44,192200
25,386500
153,726300
873,2173600
38,336700
103,468500
54,583900
28,71600
105,395500
102,337200
121,509200
33,233200
83,500700
134,488800
21,252700
286,810800
1341,3398200
37,388700
368,854800
16,98800
32,182200
263,817400
5217,11310400
24,346700
39,366700
172,543200
107,481700
3316,7209900
31,243700
25,339200
3450,7674500
288,943400
2385,5268900
54,456000
71,202700
26,362000
114,479900
343,987000
309,765100
15,116700
68,618800
522,1245100
81,470800
18,164700
22,254400
295,669000
51,394900
21,232000
133,600200
89,596000
26,503200
158,492300
22,348000
16,152800
175,910200
191,693700
58,226400
10447,21324000
20,207900
5674,12423000
104,472400
792,1921600
58,182100
239,619600
32,219600
4621,9958300
27,452300
8212,17721000
366,808800
14,46900
34,236600
60,233300
222,759900
565,1259700
18,151700
13740,28656900
407,868300
304,919000
218,634400
29,113300
25,325200
105,426500
411,938400
38,385900
26,399900
52,356000
328,925200
21,236300
19,212700
31,159000
1248,2859900
499,1269800
103,388500
24,307200
17,125500
196,527600
25,424000
89,407200
45,240500
12578,25894300
163,564100
22,253600
372,913100
37,299700
48,264600
60,251700
16,111200
43,125300
235,711500
19,230400
76,351700
24,306000
27,463700
1245,3013300
31,151100
109,505800
22,254300
59,226800
28,84000
261,719900
232,873100
17,143900
142,355300
82,548700
26,419900
99,237100
598,1582200
131,410300
95,514500
674,1364000
22,260400
18074,37130100
26,391000
132,542400
356,944100
52,429300
18,176200
16,100300
14,40700
18,150900
51,345700
51,354900
137,565400
32,177100
44,183800
27,383300
2414,5318700
18,236900
1602,3356300
114,311000
3838,8602500
2595,5309600
58,194300
823,1878300
17,137800
30,141000
89,306400
829,1733800
376,1206300
38,343500
44,151400
30,123800
217,664700
1302,2782600
82,498700
79,385400
93,462700
275,779900
15,78500
7432,15442100
22,282200
773,1692900
29,96900
23,317600
236,823500
42,95600
206,691200
397,968100
61,264800
40,479800
62,281400
166,656800
35,255600
47,225900
1910,3895200
206,685800
359,984600
146,718000
14,41200
387,1060000
124,578200
1539,3480600
117,386500
41,447400
48,258400
27,386300
260,868700
25,403400
330,969500
42,200100
160,475800
77,324600
23,297500
20,202500
22,330300
423,943800
666,1607300
149,568900
396,1032700
161,554200
16,99100
39,542600
21,278100
86,230400
45,175800
36,285900
778,1795000
22,294200
54,516100
75,275700
293,945900
231,611600
30,123100
25,364000
33,201100
50,341000
97,566000
733,1690800
14,41200
481,1157700
38,358500
48,338500
93,457500
34,233800
44,153500
7561,15631700
14,55100
26,460600
15,91000
1461,4447100
69,501900
426,1097000
20,231000
21,236900
43,151400
740,2003600
249,736100
90,373100
262,794800
657,1622200
51,324800
533,1113200
68,430000
16,97300
862,1986800
71,198300
65,345500
60,224200
4220,8452900
118,383400
623,1482800
42,124400
46,207000
816,1713000
20,201300
45,181800
32,176000
58,196100
554,1435400
43,128100
690,1644300
9385,19179500
765,1796000
62,279000
508,1279700
437,920600
27,469500
85,260200
129,343400
94,448000
304,893800
73,231100
18,150400
1464,3158400
14,42500
69,473100
510,1627600
474,1280100
166,671400
17,126900
92,412700
30,124900
236,842900
94,458500
102,329700
667,1474500
49,304600
103,331100
28,67700
12303,25952900
450,962900
149,549300
40,423100
196,406000
73,228100
392,807800
15,71000
90,334000
29,97900
18,149900
250,1039900
40,394500
96,515700
14,43100
25,353000
967,1999900
306,1069700
22,253000
101,286300
56,122000
50,347500
8153,17136100
4324,9468800
7361,15976800
271,661500
14,41400
213,505800
22,375900
44,158100
2322,5067700
29,112300
656,1627600
32,177700
51,334700
678,1554900
6693,14237500
19,190200
378,882800
18,156700
42,95800
643,1685200
56,135900
251,890900
3790,7893700
4710,9848200
21,233100
4382,8537900
1472,3060700
574,1125500
3407,6732800
104,360200
773,1618900
19,169400
26,658900
1775,4078000
16,98200
98,251500
46,235100
21,250700
16,136800
1605,3343100
29,98000
30,123600
89,325200
24,344400
216,566300
22,262000
41,425700
3152,6565700
784,1783900
295,830700
33,209900
268,593500
19,186000
47,262200
52,372600
1811,3796000
130,390500
18087,38127900
86,243300
59,228700
39,435000
86,296200
28,101100
50,341400
257,649400
53,400900
18,230100
406,938100
56,124900
20,204900
459,1212900
49,283700
7451,16136400
15,90700
653,1838000
460,1272800
224,501900
303,851900
16,101600
19,178800
22,256000
4881,10508300
696,1697800
44,153500
32,176600
492,1058600
156,355800
358,954900
28,99600
14841,32008400
58,188800
25,366600
25,342800
18,152900
1484,3312200
77,340400
28,69700
75,304100
21,253000
14860,31315700
16,112700
73,272500
274,885400
105,507900
10022,21967900
41,479300
20,215600
1198,2700800
331,981400
45,185800
13047,29235600
38,336700
20,259900
223,777500
22,330700
31,149600
43,121800
15,193900
16,101700
253,551700
67,483100
469,1143500
115,337100
82,501400
16,96600
104,370700
159,449400
346,973300
16,109800
88,281100
41,424400
364,740500
241,558300
63,297800
18,259000
573,1468300
617,1331800
87,274000
426,1127800
62,278400
53,398700
236,811900
78,351600
96,513000
23,301000
892,2182300
969,2099900
48,265600
139,600100
146,439500
17,125500
1143,2527100
12858,26320300
94,591000
54,543800
19,252600
35,409800
46,210600
80,406100
252,574200
26,397300
703,1624900
41,415700
16,98100
231,828100
15,96600
69,474100
54,408900
34,254200
100,264400
75,311600
170,381600
128,299200
235,973300
38,378600
16,100900
52,364900
21,229400
157,465600
41,533100
268,651300
486,1353700
32,292500
21,300300
23,290000
42,96400
2786,6090000
20,209300
2873,5813200
355,880900
37,313300
63,308200
10745,23772300
35,333200
16,109900
2304,5070700
1551,4055600
28,75200
1282,3300300
65,620200
75,367700
1237,2877000
24,535000
4913,10912500
27,380000
95,484000
16,140900
63,329000
1176,2550000
54,409100
10261,51988700
59,285600
1473,3629500
52,415300
27,418100
29,125400
405,1376000
52,385800
109,482700
230,637400
315,839600
156,359600
296,708900
30,150400
237,896900
21414,43697900
50,410800
144,501000
20,261100
296,812600
1421,3513200
40,386800
16,105000
295,643700
25,326600
6880,14710700
20,204200
19,174300
685,2005500
4697,9674500
7000,15957800
16,137900
5446,11749100
505,1138900
17,127600
513,1399300
27,409100
412,996800
4653,10213400
22,344400
45,229200
207,910600
28,89100
106,529500
31,203500
48,379500
34,302900
18,200800
65,454700
22,326300
18,188300
381,1118100
80,515200
205,891000
59,278700
984,3142900
250,868400
58,182300
148,507300
1446,3178100
51,442700
2449,5529400
58,179500
18,173500
944,2026300
28,87800
30,124800
30,175500
386,1049600
36,327000
341,788000
67,469000
515,1536400
104,445900
19,239500
315,816400
55,539000
727,1746600
2908,6126700
179,625300
149,798900
30,187900
5987,13058100
20,208000
46,203300
643,1631100
15,72600
121,499900
31,199200
303,871400
16,98600
26,386600
47,302200
48,276100
32,194300
122,501400
379,844000
365,776900
373,993100
224,469000
409,868600
220,830900
47,434600
20,256800
3058,6337700
166,600500
33,198400
36,421100
1851,3713300
345,919500
92,384100
32,174500
51,349900
653,1487700
1646,4005000
73,256000
564,1399100
1716,3823400
547,1273100
39,364600
48,257700
381,934600
240,531600
88,286900
591,1361100
165,736700
14,69400
55,451000
51,352000
56,124100
498,1404400
7274,14312200
5983,12881400
76,475600
6377,12845900
257,643200
27,415500
159,440800
11828,24481000
50,323900
22,304700
372,1134600
63,334000
1875,4124200
225,507400
24,321900
453,987700
1985,4503500
106,430600
93,436500
48,275300
25,333600
17,124200
20,210800
91,378000
49,294100
18,153700
16,97300
66,439200
166,781800
2778,6512100
30,130000
14,41700
15,140700
20,237800
63,317400
243,617400
137,717100
46,209300
38,336100
840,1636800
297,744400
7082,15464700
1769,3857500
111,617800
1085,2769200
289,875800
2625,5613400
18,158700
106,494300
14,42300
16,98600
71,182100
191,687000
325,736700
14,41100
3148,7577500
68,480300
39,384100
7192,14680600
29,128800
3815,7725500
20,222800
50,326800
126,276500
88,279700
137,567800
115,327700
354,945400
42,98300
64,348700
7781,15942900
35,276200
281,578400
32,176800
177,746100
14,52700
154,375600
37,351100
52,367300
209,945100
22,260400
14,41300
90,404600
23,305500
111,614100
414,1070900
27,442900
44,151000
1010,2188500
43,176000
20,227800
83,519100
14,41600
2052,4856500
24,500700
41,414200
15,104100
284,702500
45,179400
378,852500
20,279600
49,373400
143,389000
4568,9587100
14,44000
23,302200
44,280400
43,124800
28,68100
47,283800
1379,2991300
36,310400
50,320000
574,1102700
32,210300
29,97500
664,1552100
58,177500
24,315500
22,274600
548,1144100
50,332800
26,419800
6053,13074900
24,346100
89,350100
31,170800
75,479600
279,1190100
14,55900
551,1625900
2338,5098300
29,102300
64,351900
23,326600
28,84100
8910,18267100
383,871400
14,46400
2733,5999800
170,520100
2471,5463800
48,255800
18,152100
34,226500
1203,2892100
7610,15939400
42,98700
3103,6501000
7987,16234500
107,517500
51,336200
17,121200
26,471300
34,438900
66,411200
339,873400
56,133200
18,285600
35,265900
47,236200
42,97700
19,179600
1520,3480900
894,2119500
424,951500
42,94800
14,39300
62,301400
24,331900
1187,2725000
136,666500
3113,6812200
9225,19538200
16,102900
36,278900
115,330600
36,306200
18,166700
1554,3398500
36,314700
120,693600
52,395300
324,715400
53,401100
77,411400
15,80400
54,411800
575,1189900
28,69500
320,1052600
25,362100
1347,2738400
4559,9396300
25,371500
17,135100
101,290400
31,162900
122,500600
163,613300
1345,3246200
3407,7159800
13774,30222500
7121,16297900
75,329200
217,606000
72,223500
57,153000
258,1068900
83,598800
523,1417700
235,1019300
163,668900
107,430800
612,1701900
58,179600
43,124800
32,261200
15,78100
40,489800
28,86000
2941,6255500
316,920500
239,541000
3083,6788900
63,404300
84,222500
11741,25196500
5133,11425100
2537,5240200
90,339600
67,408900
259,912400
15,96100
1246,2762900
17358,36863900
6519,15033300
34,253800
14,41200
32,198100
979,2406400
214,634100
3023,6422300
759,1598200
24,424700
134,646200
125,766200
150,766500
22,352700
42,130200
24,394600
283,829200
92,489000
410,966800
345,915800
1143,2825300
15,112500
159,674400
1104,3126800
140,509600
27,507700
20,218700
35,261800
454,1185400
139,627800
64,420900
153,849400
72,275700
807,1930300
46,288700
33,256700
31,170400
37,327900
1676,3939900
17,138400
748,1757100
94,570700
3118,6635300
325,733900
288,861800
1849,4032100
19,192700
2858,6151900
113,284200
51,392000
796,1985900
97,596100
23,285600
54,440600
278,910000
3018,6664400
83,526300
505,1234200
54,439100
6889,15465500
368,847000
68,532500
22,317200
16322,36554700
15,76500
19,177700
1784,3949100
153,742700
36,282100
40,389200
40,465400
14,94900
634,1388000
872,1938800
15,73800
63,321200
5389,11717500
615,1672100
1512,3029200
359,1023400
62,286800
109,514100
118,399400
15,87400
152,588200
28,68800
14,40800
40,442300
341,832500
108,460900
52,534700
321,1126000
135,567200
63,411000
26,378200
181,779200
1997,4413700
129,361700
55,426700
337,787600
63,337900
16,114000
6607,13911000
497,1210700
42,118000
47,227200
14,40500
98,222000
23,287600
26,373800
532,1120300
134,492400
17037,36500900
26,523100
23,396600
115,364300
338,1007700
327,1076900
1110,2464300
30,161400
204,610000
66,569400
25,369800
405,1131900
32,273900
1054,2282900
17,160300
23,413500
224,472300
211,551000
17,124700
43,125800
713,2383300
15,95600
1027,2831400
27,390300
466,1307000
73,249800
5135,11570500
80,429200
42,135500
39,383100
20,241000
682,1665300
98,206600
217,690400
17,151500
1132,2639300
360,1258800
39,456800
719,1986600
15,93400
3932,8970500
143,394600
28,70000
100,296600
8938,18824800
46,219300
76,379900
22,256100
41,411500
6561,13784300
410,936100
101,357200
17,146500
212,538700
1615,3593000
1174,3055900
15,84300
2553,5897400
19,179000
107,466000
26,363700
18,185700
48,259000
158,435100
612,1479700
121,552600
427,1112800
15,71000
895,2305900
18,166000
23,325100
76,415600
3550,7666500
924,1855800
66,575200
68,470400
84,178800
17,163500
854,1712200
15,74200
21,236200
20,210000
810,2214100
36,310600
93,438000
62,371400
337,690500
3690,7695700
3889,7908900
844,1999000
330,842300
92,480400
1934,3956700
6917,14690000
55,528500
399,1041500
32,179400
2617,6566100
638,1559800
238,504100
239,569000
733,1711700
26,393800
42,103300
1724,3884900
111,593700
873,2241400
123,608000
436,925700
272,962300
16,140800
28,92200
27,514600
25,433400
735,2015900
236,853500
125,776700
24,410500
304,872600
24,383100
53,434800
41,464100
94,481700
326,893600
1935,4296900
164,617000
2261,5593600
71,312600
15,114400
111,681000
6185,14441100
117,404700
334,1037500
274,822400
27,573800
329,925500
60,236100
161,679100
106,462700
18,157900
89,337100
1223,2844100
69,546500
153,913100
3050,7250500
245,653300
64,335800
14,41200
987,2612500
31,196400
25,390400
26,360400
175,547300
1478,3125400
96,527400
970,2616100
1566,3692800
22,302200
506,1091200
57,154500
24,312500
562,1247800
269,629500
26,383900
18,246100
113,387600
186,575300
22,270800
752,2450300
191,1087300
22,359900
75,393000
992,2969500
214,699900
92,572200
2098,4471100
64,356600
22,259300
109,489600
5794,12534600
55,478300
44,181800
20,220300
17,157800
40,397800
56,125200
380,863300
1081,2378900
108,476600
2415,6657200
302,1016900
113,506300
53,489800
45,242200
1032,2820000
7440,36673700
992,2642100
4666,9229300
21,225500
2770,6433200
954,2113800
212,484700
14311,29484800
388,1261400
5302,11542100
1658,3651000
223,850800
86,231000
31,149600
222,755500
24,333600
168,330200
535,1162100
1987,4208100
17,125600
22,278700
51,325800
18,149100
19,173400
275,749500
73,272600
627,1629500
12221,26962900
21,267300
33,269200
24,320600
113,324000
4654,9329200
117,417800
23,278400
55,465200
137,572400
47,223300
56,120600
33,198600
947,2083100
427,1053000
41,427800
135,520000
30,121000
40,370900
327,1013300
2322,4754500
44,151400
172,462900
42,111400
11047,23036100
41,418400
3763,7812300
40,379500
40,670400
1543,3142400
2948,6542900
70,158500
36,348400
265,842600
8030,16574500
68,504300
303,806000
26,375400
3927,8649900
104,361800
21,303300
141,355400
148,709000
16,99500
30,130200
50,344300
359,1098700
197,413400
44,201100
5452,11238300
20,234900
22,252700
30,134500
8193,17162900
721,1590000
4487,10064500
17630,37590300
15437,31774500
13206,27414700
1840,4245600
9785,22223100
881,2192700
658,1397900
26,428700
414,1079400
69,495500
398,981900
1016,2327900
58,201700
27,446700
19,176400
43,131100
60,227800
16,97900
615,1567400
748,1747500
1752,3815900
24,375400
7202,15124200
282,762500
16,100900
55,455500
52,397600
385,1045800
170,383000
89,363600
40,501600
33,256500
1100,2929000
48,267400
81,470500
23,343800
1160,2655300
285,702600
175,544200
15,70000
15,70500
118,438100
19,208800
221,744500
344,974700
77,375700
75,488100
260,987800
103,396700
1973,4384700
18,182200
158,439800
10984,22797600
31,167000
1696,3448700
716,1505200
33,222800
37,330600
28,69500
17,123600
729,1484900
267,697000
1825,3793200
21,226600
7269,14758000
45,203000
62,277000
107,432100
2278,5557900
17,146900
96,515300
430,1190500
1756,3643500
83,594800
78,423600
128,339500
37,390700
56,126200
129,336100
18,149100
1729,3589600
205,687600
785,1848300
59,350300
50,435900
850,2037900
18,179500
25,335600
27,423900
83,532000
58,178700
7298,14843400
14,42700
132,448300
6124,12865200
27,389700
691,1534600
92,384000
43,129300
8804,20362500
25,393000
556,1317600
34,263400
2175,4569700
613,1830500
816,1881700
14,57900
768,1880100
1104,2511700
27,375200
141,303500
80,415900
145,426500
972,1994500
19,179300
29,94600
22,263300
45,216900
95,457100
27,381700
4764,9746400
111,557700
44,173800
124,552600
342,831000
17,135900
201,680700
5006,10612900
17,127000
18,147900
319,955000
18,181600
30,127300
46,204100
66,385700
29,97500
1430,2790100
24,302200
25,345700
1541,2992800
85,250600
813,1691400
286,762800
28,69400
37,319500
644,1341600
15,73900
68,545000
29,107500
119,435100
19,179400
8864,17992300
1280,2816700
96,483000
155,425400
331,971900
191,688700
2869,6279100
27,407500
437,1010700
30,152100
76,355500
1618,4106500
245,841700
139,745600
7300,15045200
4069,8600000
10980,21786600
63,321300
3755,7820600
2131,4535500
50,307900
449,885600
114,296000
27,394400
118,427800
10958,23393500
390,1084700
78,359300
298,674000
100,319800
41,434200
36,272200
10822,22210700
52,412900
971,2395200
551,1853600
21,241900
47,241500
840,1713700
32,179300
16,104600
10187,21432600
763,1773500
1300,3052100
27,502000
13031,26526300
238,594600
28,88900
435,1037600
63,347100
95,515900
78,358000
45,175100
94,478100
1429,3217800
894,2128800
729,1578700
92,533900
106,459200
65,399100
25,337800
577,1169400
381,828500
234,741100
45,176100
217,619200
38,327700
622,1350300
20,204300
242,578900
174,613100
751,1833300
24,308100
444,1491400
42,102100
4487,9453900
29,100900
158,446100
236,842100
20,198700
3019,7312400
1571,3860100
47,289100
39,442300
111,687700
501,1530300
101,359800
114,358600
22,318000
99,319300
7232,16671900
100,288500
982,2048000
15,72500
54,611500
772,1719900
461,1215300
14,64400
35,264600
80,464000
16,159400
23,372000
2393,5358000
86,356200
31,196100
62,344400
15,70000
1332,2583600
39,376700
3057,6455900
349,1120500
3853,7819800
2916,7290900
17,127300
125,609000
96,536000
81,437400
156,380600
32,197100
22,279600
41,425100
38,423300
254,637400
237,942900
159,556700
3590,7897700
272,671800
84,281400
102,353700
206,690200
263,837200
18,152500
20,204000
19,177200
16,98500
29,97000
47,266500
119,419300
421,860400
40,503400
26,457100
14,50500
129,374900
52,358100
75,486800
37,483800
23,440900
88,363300
129,464100
161,559800
17,130600
234,831000
19,180800
112,231200
15,70000
248,908300
14,42300
31,205500
43,132600
371,1077100
31,153100
15872,32127800
170,452900
20,201300
25,326100
33,209300
23,356600
138,595000
1025,2142800
25,359000
24,332300
19,188400
4847,10008200
38,334200
286,746100
3765,7627400
40,422400
22,262000
52,357200
158,435800
72,227300
1342,3368700
1112,2886100
17,154200
408,870800
266,593500
30,159800
668,1987900
58,217300
65,375900
1019,2356600
14,41900
305,938900
349,1029100
254,635500
87,259900
10552,21604100
243,597000
5516,11676700
25,345400
357,899800
520,1211300
342,842600
23,273000
54,399600
22,271000
1246,2509500
1788,4383400
32,191300
18,146900
52,347400
127,300000
21,246900
47,262700
56,132300
271,653600
71,239000
49,284500
23,340800
1229,2782500
102,349100
140,290800
36,281600
66,411100
22,330400
1736,3483800
121,478800
45,185500
114,322800
71,182100
14,40600
69,466200
173,625100
70,216800
16,146900
173,600400
6347,14078400
2473,5508600
157,648400
850,2281000
162,731600
382,923800
5918,12823100
31,155100
79,409500
35,270000
16,98200
26,390500
52,357500
19,205200
302,820800
256,581200
51,442100
2251,4757700
384,1002400
28,67400
35,362600
75,385000
836,2603500
20,354600
144,408500
61,261700
5586,11857900
1201,2801500
65,416400
1138,2339700
1369,2940000
1107,2182200
1906,3780300
225,480500
12887,27189000
459,1346300
76,329400
22,257700
4023,8775800
26,372400
2917,6053100
63,314400
151,611800
32,297400
15,109600
1296,3354000
156,519800
685,1738900
15,74200
38,369300
18,167900
43,134500
52,386600
53,399300
2307,5131500
210,468800
102,335100
36,278000
5916,12030500
911,1899200
1028,2461900
83,511300
12122,25230100
38,351900
5881,12835200
35,346900
2396,4820700
292,946400
265,833700
93,534200
25,427200
17,151900
110,636900
39,386600
94,479400
556,1426300
26,415100
55,433900
30,124500
170,432200
69,492300
121,495600
89,305700
44,149000
140,332200
259,718300
75,287300
33,202200
24,340300
99,262900
300,1020300
52,386900
27,393700
15,74700
11939,24106100
485,1214000
30,171000
4229,8797900
19,227800
37,410300
28,72500
54,437100
63,313200
20,202800
1051,2159100
1699,41000900
19,185200
1290,2858100
34,308900
211,551100
44,160100
42,96600
62,283000
292,884800
32,198700
147,669800
48,259300
3768,7902000
771,1535600
143,412700
73,230500
329,842100
98,232800
53,376200
2245,4825100
16,101100
911,1807700
1721,3716900
380,854200
1312,2768400
84,175800
51,355200
1932,4063100
4725,9688400
72,212800
32,173000
48,252000
61,250600
334,1102900
733,1586700
267,541800
29,117300
19,173200
17,121900
278,1028100
32,210200
30,129300
351,719400
19,177100
354,844300
1675,3572900
19,204500
14,41200
47,231900
69,485200
716,1495400
179,727700
825,2374800
28,92800
45,345500
14,69100
3302,8181400
259,726800
2347,4829700
11157,23770000
203,660100
34,234800
268,700500
864,2960300
56,190800
81,702300
14121,31882400
1171,2591500
134,548900
25,349400
62,284600
101,383200
73,303400
473,1380300
206,664500
21,244600
17,128000
162,689400
1329,3255200
3236,6708900
89,383600
14,50300
683,1868400
14,43600
58,179200
29,97100
510,1222600
208,736600
756,1796200
7585,15855100
445,1431700
1692,4460100
91,414500
15,72300
25,327400
570,1548700
87,254100
167,780100
66,418600
17,125500
85,209800
103,348000
1254,3198100
16,122900
981,2135200
3583,7311600
16,100500
117,381000
2048,4237200
61,248600
43,121500
613,1571600
138,639400
17,123700
569,1352600
312,833400
27,434200
15,71100
1627,3240700
21,228100
21,230800
25,328800
66,410700
82,518000
180,637200
5291,11031800
319,1016100
440,1200900
96,490400
8280,17122500
1232,2634600
99,328200
16,250200
2506,4818300
14,43700
118,421300
17,130500
73,256000
37,307100
4013,8021600
35,259600
153,615700
231,874500
45,181700
125,578900
639,1480400
40,458000
691,1804900
178,651300
190,704000
115,365300
35,290000
2340,5162700
88,328900
18,152100
245,652600
967,1961300
1603,3422700
7009,14515700
72,224100
116,377400
33,200900
128,306400
26,430800
1114,2567800
2135,4871000
377,1051400
349,1135000
57,156300
34,236200
2453,5759300
21,253300
97,552700
2782,6021700
29,153100
101,310100
162,551100
43,145200
194,716700
38,359000
616,1193000
728,1398400
3765,8119900
766,1855200
765,1730800
18,151800
62,276700
213,533100
17550,36485200
2712,6048400
342,877100
50,306000
25,347200
24,476800
98,203600
23,285700
319,1017900
71,195300
68,441100
14,40000
15,81500
535,1166600
25,342200
299,763600
12827,26078100
1172,2606800
21,265900
104,377900
32,194300
137,651700
312,774300
79,435000
224,467800
3694,8905000
338,945600
29,122300
46,256100
991,2778900
9756,20897500
74,334100
18,172100
27,417600
26,396500
34,244800
252,547600
76,363800
4763,9647800
459,1217400
99,233700
3920,8563600
89,402900
22,253500
241,561100
21,227100
223,873600
44,175100
47,234900
761,1923900
191,601100
23,387400
846,1873300
36,413200
2618,5250100
259,700900
308,645600
121,587300
258,670100
42,127100
41,432600
1013,2121300
1807,4002100
34,232300
14,42300
40,461200
930,2094600
250,812500
51,366700
208,811000
2050,4294900
30,124300
55,485200
25,379000
8167,16905400
1322,2848700
50,302900
33,252600
25,343600
456,1154900
15,69700
1379,3663800
98,220400
18,168700
30,125500
91,352200
460,1230800
41,403200
19,174400
119,405800
44,288200
60,264700
38,432500
156,427400
14411,29568900
17,136400
147,469400
16,139400
17,164100
207,692800
28,69700
46,215400
51,329600
57,159500
174,513800
70,176100
49,283000
99,226600
31,147100
31,146300
173,508600
15,107200
18,158300
70,151400
58,176000
90,328800
69,478500
4398,9078500
2128,4266500
423,972300
24,321600
25,343000
20,219300
4486,9271300
54,447000
102,330900
598,1414800
107,457300
23,330900
18,191700
130,486300
5983,13717500
207,713500
188,538400
32,198000
122,575500
18,151200
326,749400
976,2210700
326,759000
241,668700
37,337900
29,99000
103,348600
128,311000
74,277400
262,919700
90,351700
124,558400
140,326300
22,255800
184,414400
3041,6115900
546,1086700
1675,3712800
7756,16715800
16,121000
7776,18193900
21,298300
196,414900
77,416900
27,445900
29,129500
759,1957700
11176,23796000
122,531100
1152,2868700
196,556500
328,807600
33,288500
67,555600
26,472600
43,165400
132,538400
19,188400
31,155900
34,328000
20,248200
14,41000
45,176600
123,571600
527,1295200
32,177500
21,232000
29,98200
591,1377800
1621,3626900
1826,3766400
28,68200
22,249100
660,1413100
1152,2485900
30,125300
45,197900
39,402200
49,281300
360,995000
28,69800
38,379000
60,226500
35,251100
703,1510200
69,471700
624,1445200
1741,3667600
98,219500
337,744400
64,334000
38,349100
28,96500
114,370300
54,527900
15,87500
96,580700
354,840000
28,69200
59,203600
111,578800
2330,5040000
14,48100
31,171200
72,207800
589,1212900
191,727700
32,186000
19,182400
76,336600
82,498600
34,276500
1143,2681100
16,109700
21,227900
31,152100
1483,3248500
304,847200
108,685200
88,280300
3975,8621700
224,509000
182,358300
68,431400
64,412000
20,227700
43,127100
24,304000
28,68200
127,278700
24,354900
349,1054000
1918,4264800
309,810600
1362,3457600
29,123900
318,1284000
73,321900
90,483800
529,1359200
82,508800
165,625900
22,389500
1472,3031600
22,265900
421,854800
38,333200
108,645500
183,634200
1023,2413500
32,218000
747,1629700
162,630600
23,367700
18,156600
21,334700
36,301600
15,71000
1914,4476600
86,228700
3215,7026300
25,356600
58,232400
27,494800
21,253200
1984,4261800
53,646800
144,494100
1642,3617300
21,232100
962,2199800
38,354200
664,1569500
16,97200
193,685500
2860,6262700
86,287400
5592,11286800
22,268700
45,200400
125,643700
1970,4146000
15,71400
48,273000
35,280600
1371,3050700
42,97100
47,283900
33,203800
419,1421400
221,687700
25,411600
4991,10199000
72,215900
573,1516200
237,955200
142,370400
103,354500
91,358600
142,421600
121,832100
34,343200
29,99300
23,566800
46,214000
15,71800
153,644200
243,629500
18,181600
204,750200
36,300900
3274,8187100
367,1057000
112,249600
86,244000
23,283200
28,69700
826,1623200
613,1612600
16,100100
555,1461400
20,207300
49,285600
745,1643900
220,661800
33,200600
40,410600
181,683600
47,220800
61,269800
196,399700
239,520000
29,97500
1333,2973000
90,349000
21,227000
111,612000
22,302500
695,1695400
56,126100
149,580700
882,2008200
42,123700
633,1543600
2469,5485600
52,364700
24,305000
308,826000
39,460300
39,431900
14,48800
247,753400
167,650300
15,72100
271,856200
85,238400
76,310200
108,657100
40,403100
59,208100
32,178300
895,2196700
653,1650700
111,597900
16,98400
124,541900
597,1444300
1334,2711500
74,290500
45,176700
1822,3994100
107,431300
38,323600
21,249400
69,486200
44,151000
906,2087400
16,97400
60,229800
542,1673300
69,623600
135,663400
92,538900
41,564300
24,442000
19,226000
2679,6778500
41,525200
99,312400
29,106200
5225,12005000
734,2214000
162,661000
146,575000
90,430800
53,504100
1658,3709600
84,231900
17,266100
82,504000
73,240000
176,681300
24,560300
973,2251900
209,747000
103,414600
48,263300
67,456300
1820,3733300
1572,3440100
140,324600
8271,18087700
1406,3454200
300,767100
114,319800
24,359200
31,169800
35,275200
82,525200
299,779500
66,420100
770,1831200
44,173400
38,349800
137,582400
169,377200
116,425400
743,1724900
66,434700
214,534800
149,596600
2687,6199900
28,78400
187,554100
226,512000
55,457200
181,839900
58,182300
27,386600
1096,2274200
97,600600
426,1087300
1030,2341200
763,2165500
129,378900
917,2138400
14863,31379500
122,522700
117,508000
312,792800
15,73900
399,1155000
40,463800
16,102500
15,71700
116,341200
35,433300
262,885700
16,113600
108,521100
23,306700
40,431000
15,80400
225,644100
26,484900
242,850900
26,463500
273,954700
1158,3074800
405,1249100
229,593700
82,458600
3689,7711500
1121,2932400
215,556300
4536,9402900
2597,5940000
203,576000
625,1582300
72,210900
207,1018800
18,161200
59,211600
4759,9649600
6634,13717300
177,866700
14,93600
58,331200
53,475500
34,284700
1122,2453700
21,225800
32,222000
6086,12398700
16,129900
85,268600
14,51200
256,784000
96,526700
38,330700
725,1919400
74,255700
18,169200
40,400000
27,415100
39,363500
21,237000
163,563100
411,935700
24,308200
57,167800
780,1801800
863,1932200
170,412600
159,471600
616,1281500
76,314300
151,658900
136,573900
96,492800
27,390100
949,2261500
5336,11227800
432,1280300
23,287500
111,698900
21,305600
233,796000
34,227300
1642,3259400
63,356000
571,1390400
172,425800
5212,11214500
294,738600
431,1204300
43,125200
15,68600
425,976400
158,422900
36,280700
46,219900
1072,2405400
293,963400
3311,6860200
47,254200
24,400700
234,748300
4848,10102900
36,359000
21,260400
83,533000
269,607500
17,124600
34,259300
82,508800
17,138200
298,688600
226,513200
159,484600
72,209900
59,204300
23,316900
20,205800
49,306200
16,96100
26,373100
4025,8259600
28,71200
62,335000
3027,6139100
132,514000
442,1175400
1945,4751000
7511,15850100
1590,3748200
6582,12931600
17,146300
291,914800
323,695700
361,1053900
9759,40629900
374,1071200
600,1583400
132,457600
14,40900
22,309900
21,381000
7461,15991900
155,413100
2037,4844200
487,1281600
493,1267300
48,392500
14,41700
356,936300
82,478700
14,49900
63,308200
36,318900
149,570600
918,2011700
520,1140500
14,41500
55,444500
99,245100
1386,3043800
97,586000
49,286400
19,198200
18,150800
32,178400
72,205100
14,45200
106,458400
229,666100
19,185600
453,1146800
1086,2389400
79,399100
142,389200
5432,11680100
6202,14021800
19,187900
38,363700
188,599500
103,369500
25,332700
155,366200
890,2013400
31,167300
18,148400
14,43900
206,897400
1540,3218300
38,550500
44,195600
3752,7574900
42,106000
32,183400
173,470100
187,585200
18,190100
113,277500
18,149600
628,1638700
95,485000
420,1023400
308,615200
3569,7664200
77,441700
17,139200
29,101800
276,794900
92,456000
1923,4168700
384,1095600
302,1070600
77,401900
637,1495800
1271,2995700
24,313600
37,325500
19455,41562700
20,216100
568,1528400
328,885800
444,1202200
37,357700
619,1356000
3925,8003500
22,268500
14,41700
31,151000
52,357200
34,257100
17,135200
16,97500
206,668100
553,1400300
616,1221000
16,205000
7997,17839500
9076,18324000
18,153800
33,202300
469,1124200
21,227500
1111,2437400
320,1125400
456,1332900
48,276900
16,153900
48,309900
20,206400
36,284600
3534,7813900
149,550100
31,158900
101,298900
1285,2766900
17,123000
449,923100
16,97600
5009,11557200
145,475900
23,451700
18220,40443700
63,524700
9987,21548000
40,508800
46,282200
458,1203600
14,43400
14,40700
192,724800
337,713100
152,644600
21,259700
46,294800
26,372300
138,580600
38,373800
49,285900
16,119200
2650,5788000
21,247900
105,539800
32,174100
1031,2438400
261,745700
75,279600
2109,4666300
38,340700
395,951100
936,2488500
100,265500
50,356600
171,497600
32,180400
14,41400
2350,5266600
75,414400
29,109700
21,238400
42,94900
4014,9361600
78,414800
30,127000
69,469600
41,449900
19,179900
106,529500
61,259200
17,123800
220,769700
16,104300
14,41300
1215,2744300
4024,8873700
21,229100
255,631300
198,500200
15,71800
565,1307800
25,382300
31,162900
371,941000
61,258900
17,147400
23,279700
1137,2425200
855,1862700
54,413500
101,279200
237,1036000
44,192700
211,508700
12588,28051300
69,466300
20,225600
4183,9439800
14,43400
67,410800
1237,2944700
23,306200
71,260200
20,216600
17,151000
58,180400
15,72000
2944,6084900
57,200700
58,187500
886,2203700
373,991900
58,188000
329,884600
77,390300
38,344200
123,539000
1118,2667200
181,857700
135,556300
475,1488700
2394,5523100
488,1324600
23,285200
1298,2885100
15,126300
900,2778600
2032,4755200
25,336300
181,777000
898,1979100
55,448000
19,178300
29,132300
14,41300
623,1445700
491,1114100
41,407600
68,522400
33,230600
34,229200
19,173600
6036,12351200
18,158300
267,567100
98,211800
85,297000
437,1109900
159,497100
19,187300
33,238800
2369,4642600
25,403900
19,239900
1085,2547200
26,450600
79,470400
93,460800
29,117400
1707,3934800
26,468900
10637,24396900
89,511500
5441,11494400
20,240100
97,542100
1044,2517800
168,355100
16,98800
75,280600
16,95400
60,249600
286,775800
18,152100
19,242500
25,362500
82,544500
65,369900
19,175500
102,342300
22,256900
107,496400
108,505400
29,99100
90,464500
2719,5490600
14,49500
32,185400
107,436000
434,1021500
276,908100
434,1297400
248,1017000
121,556800
30,148700
31,181200
649,1472700
22,309300
821,1888100
121,505400
1022,2231200
2638,5417900
1157,2532900
43,125000
27,460900
34,254200
20,240500
269,851200
345,982800
1350,2793600
25,345400
116,374500
870,1791200
462,920800
1625,3342600
213,543800
1005,2455800
15,71300
38,500800
15,73800
141,336500
431,1160600
23,286100
149,570900
25,327500
58,174800
1135,2475500
69,493300
117,377600
992,2295900
3478,7678700
95,510500
85,278800
35,296100
20,201900
3206,6985200
1633,3954200
462,1145800
785,1720100
338,814800
451,1039900
23,349600
5862,12620700
68,531700
26,402200
472,1264500
73,230400
277,850400
86,232200
22,247100
146,536100
89,347500
26,380900
117,359000
14,39600
39,391200
34,270600
74,285300
578,1267300
62,306800
29,109700
15,70100
27,381200
3592,7483400
3514,7353600
30,160600
149,518400
241,663100
68,487700
99,240300
96,526800
394,998500
845,2114100
14,41800
15,70800
137,565500
19,176600
35,303100
660,1473600
17,128100
826,1773900
17983,38051100
23,457700
420,896100
388,1576100
74,356000
223,788100
15802,34993700
217,817800
17,183700
892,2278300
54,413600
82,535300
2236,5047600
21,299300
29,143400
36,372200
128,351000
35,383100
46,221600
33,205000
54,406200
19,175500
21,229300
115,424400
33,230600
224,579900
22,259800
26,513200
12373,27255600
14,44400
1437,3229400
319,1312200
102,321000
606,1393500
53,387900
504,1105500
26,375800
135,553000
35,297700
120,491400
270,709100
143,442500
18,269700
12892,27842100
75,431600
104,518200
1498,3117800
122,528800
11896,26877600
79,387300
33,203500
36,297400
42,96200
80,445000
46,205200
1033,2318100
179,658500
876,2041900
1902,4730800
120,464500
165,663600
17,125700
1674,3572600
26,381800
77,410700
48,258700
61,265100
17,125200
27,412400
41,456700
48,255500
8081,17104000
547,1135400
97,513300
1246,2572400
42,154600
1043,2702800
250,816300
50,426300
17,174500
441,1104100
72,202200
32,173200
201,608300
86,235100
214,517300
38,353200
88,313500
182,386000
53,385600
1503,3194400
19,202100
23,277700
1544,3379000
16,97700
6174,13878300
88,377100
167,705400
16,132700
6773,15029500
31,212200
23,297400
138,549400
113,288300
288,842000
15071,31573500
2674,5229300
1050,2067600
3840,8415300
169,471800
56,154000
71,227800
15,89900
1024,2501800
23,281500
27,434700
4339,9158500
31,204500
21,309200
1104,2849400
31,154100
50,335900
102,321800
15,69700
118,406600
275,792300
286,703000
61,275200
121,543500
241,548500
196,455100
39,381300
59,203500
20,201300
921,2402200
764,1833200
19,181600
35,261300
236,875100
17,160100
81,573000
18,196000
26,471300
37,400100
184,550100
3449,7889500
988,2252100
4813,10416300
152,618600
5295,10737200
17,128100
246,841700
478,1048300
20,204800
14,41500
37,330800
224,463400
833,1856700
14,40700
934,2065600
71,227400
27,512300
866,2813900
27,493200
20,255400
22,321300
25,426300
1586,3715500
45,186400
268,760700
19,232500
17,159200
27,505300
36,476400
17,196800
498,1585400
303,953800
667,1620800
903,2261500
1653,3452100
337,783700
143,423500
19,190000
23,371500
182,395800
35,257000
6128,12706900
36,329600
20,207100
28,84600
16,169900
177,1040900
14,65600
227,571000
13922,29043400
5620,11881400
80,526600
895,2209100
64,339700
427,1052900
45,193700
3449,7289200
27,423200
53,413100
19,177200
5570,11703600
57,172600
20,236700
127,284300
44,151000
91,422600
16,119200
120,475400
64,354800
77,338900
875,1933700
1437,3288200
31,207400
138,731500
16,126900
18,208700
121,606500
45,197200
15,81500
276,857400
118,562200
14,42400
30,126400
20,212300
57,161400
44,174400
20,203100
1668,3477100
45,222700
710,1669300
55,437600
52,416400
899,1997400
47,229700
41,421600
1194,2824200
34,238300
200,554500
2899,6050200
822,1993700
113,346500
15,72600
9304,19918000
15,73300
39,403100
222,714000
130,360400
174,480800
1715,3817300
118,422600
20,239200
100,263000
181,772100
145,481000
754,2014100
2577,4940000
140,278300
86,227700
64,326000
18,148900
168,325000
15,69800
200,506800
52,357100
415,1141300
79,384000
53,382900
1985,4158800
156,493600
6355,13612800
60,298000
53,510900
93,551500
8943,19795600
15,74400
56,122100
27,374800
837,2042100
436,1000600
3793,8051900
639,1518300
46,235200
578,1241800
3338,6634300
14,56300
17,126500
22,254600
137,571100
44,283000
49,371400
31,207400
217,814200
385,1088200
909,2212200
27,400000
1015,2215200
16,98500
21,225400
42,114500
27,382000
291,917700
37,306300
245,721300
16,118000
18,153400
427,1019300
74,331400
100,258500
1247,2746700
832,1982600
66,411500
1872,3846400
16,171100
256,674300
6679,13622400
42,130700
57,165500
79,410900
16,101300
165,594600
113,277900
28,84200
15128,32516200
243,750400
27,445200
54,451200
189,586300
14,60400
806,1871100
26,487900
77,352200
390,1156600
908,2246300
609,1394100
316,860300
16,97900
140,343700
114,291600
15,118000
97,535100
185,476100
36,310000
74,282500
61,255900
33,202500
15,70600
400,1013300
134,467900
79,377200
20,227600
552,1250300
283,708800
187,491000
147,629800
68,498900
45,178900
1005,2550200
604,1294900
18,176300
334,977900
35,254700
154,441300
16,128500
612,1541300
41,479100
177,585800
283,649600
1540,3040900
65,365400
19,194600
15980,33653200
16,134700
30,146200
8673,18145200
28,82900
3909,8095300
119,447800
2774,6249300
46,201600
746,1827200
40,478600
14295,29401700
421,911100
93,456700
75,355200
18,152000
15,104800
1863,3760300
33,206900
18,172700
19,178300
15369,34234200
18,159500
206,755700
44,155300
62,306200
672,1374700
38,356300
34,298400
82,629400
68,470500
124,566400
50,342400
15,94700
18,168200
42,113700
681,2311600
285,764800
18,218600
198,476500
88,307100
78,366000
1720,3849000
93,424100
45,177500
143,499000
137,781400
40,386300
4169,9575900
40,402000
139,658300
105,429000
84,177300
1197,2523400
75,281100
40,392700
900,2295100
17,124100
71,198000
20,201800
24,320100
32,187800
14,41600
532,1183700
14,44400
488,1293700
26,442000
224,498900
82,468500
4292,8972600
763,1691000
24,330100
11991,25631100
114,284700
44,150300
53,381500
15,117600
110,584900
186,469900
15,71300
16,98600
337,835600
907,2212900
129,397200
2908,6184500
256,650400
14579,30139900
3161,6644500
2092,4422300
19,176000
121,479700
5520,11537300
20,207400
36,327800
20,296600
101,395100
13150,28243700
72,208400
867,2276800
39,360400
170,436300
246,786800
23,284700
55,436800
140,337300
2086,4469400
237,969100
908,2503000
65,488400
309,720100
122,484400
1595,3736600
51,326400
754,1938700
77,374000
31,177900
80,624800
19,176300
14,40400
119,481100
14,44000
24,348400
22,265400
34,229700
9146,19200200
749,1712700
455,1147900
1804,4065300
2679,5835700
250,1002900
71,215000
150,536700
64,346200
126,266700
654,1534700
33,199600
65,433900
2699,6002500
164,592900
59,202300
105,401500
124,617600
86,385900
109,674600
46,227200
35,343300
87,275800
37,316800
93,471300
55,480800
381,852400
235,820900
90,329800
50,297200
47,369000
2186,4806500
1222,2575900
558,1433000
14,42100
1027,2332400
651,1674000
28,95000
15,80900
304,873700
430,1172400
1154,2584300
262,835000
195,733900
20,242300
102,354200
698,1773400
20,203300
261,791200
73,275000
360,987300
15,90600
94,495500
3126,7243300
3212,7271500
34,292100
263,1008900
16,134000
46,267000
23,360000
144,505400
16651,34789700
4294,9071000
17,160600
25,464800
80,478700
144,380800
67,462000
335,1111200
41,415800
67,486400
1273,2786500
325,723000
18,170000
36,315700
859,2027600
31,152600
11951,25713500
176,694100
9689,21499800
233,791400
18,154500
277,888100
5786,12276200
21,247900
268,626600
42,98200
17,127700
283,807500
15,85600
1300,3142100
45,251100
766,1964400
14,42100
17,123900
369,892900
34,334800
472,1509100
292,1011100
36,319200
3304,7001300
27,409700
1017,2255900
19,228000
32,179100
25,349700
3591,7829000
99,267300
17,153800
60,276400
18,152900
27,402100
32,229800
199,585600
1678,3875200
809,1881700
158,484700
19,205800
238,513200
125,726100
440,1250500
267,609600
222,799300
19,177400
20,199700
5707,11723500
26,361000
57,153100
4180,9123600
55,574400
58,278100
168,387300
192,662400
32,176000
24,321000
20,258500
23,349700
30,123800
36,278500
34,225300
252,610600
2873,6070800
410,1147100
5130,11651700
958,2163100
24,322200
66,438000
29,97800
49,275300
666,1566100
2306,4878300
484,1245500
69,459100
5567,12800600
35,385200
382,906100
7784,17378100
15,89000
1891,4316500
352,905800
369,933300
337,694800
18,218800
40,456800
19,185400
795,1889200
17,120100
2621,5334400
117,417000
29,116600
362,1180400
21,232900
30,182500
28,72700
18,165600
338,734300
58,184900
98,206100
16,99200
24,414100
23,283100
74,275600
83,498700
33,205300
69,517500
28,183000
237,968900
15,88600
169,399200
308,749100
23,326300
5808,12181900
45,245900
29,105100
68,601500
337,758200
151,614600
316,897900
73,233800
1882,3931200
15,87100
51,405800
190,577900
34,228500
184,513000
2501,5431500
221,720700
19,188500
18,154300
132,456600
26,401900
305,847600
824,2210900
138,571700
18,149000
133,483300
38,407400
1547,3475500
524,1193400
14,43000
6190,12386000
92,445000
7336,15146400
13858,28881800
48,394800
817,1856100
14,41400
44,151300
225,527400
20,241900
3968,8206700
57,161600
35,277100
40,446400
25,323400
17,119300
40,414800
66,413200
23,272200
63,299300
21,220600
15080,32312600
746,1725700
1208,2522000
75,320200
102,334200
32,183600
9252,19199400
775,1946500
2124,4767100
1210,2632500
34,294900
357,906600
34,231000
118,378900
52,435800
25,360900
45,177700
5592,12026700
227,718300
230,638300
394,822700
2269,4737000
426,1065800
17,125000
17,125800
1790,4356400
1746,3898900
319,1004800
266,550800
80,436800
32,175100
26,366000
14,41100
19,175600
1416,3065000
439,1084800
29,101500
30,125600
1707,4082400
45,260000
220,820200
173,581400
47,231500
60,232200
3716,7952400
219,812300
14320,31056300
9005,19569100
425,1009800
137,598200
24,332800
751,1714000
1207,2461700
244,659200
175,523000
1985,4767000
987,2402100
44,220300
493,1571600
16,175800
675,1432000
35,318400
42,114200
403,1168900
23,314500
42,95900
66,419400
95,461100
24,322300
27,458000
1520,3451500
1907,4135400
10352,21096600
21,261700
2066,4360800
52,399400
28,69500
68,520400
109,619100
138,605500
2364,5127300
477,1217000
111,584900
14,40600
163,732600
22,259300
28,121600
361,1143700
61,323900
18,157300
147,456100
20,252400
74,527400
23,321200
16,214700
263,993200
71,212900
50,324600
432,1140800
419,1379900
56,126500
25,335400
414,1079100
18,153600
15,70400
15,71600
17,123700
77,351300
297,682500
552,1239600
36,294000
35,250800
119,413800
212,527500
62,302600
584,1516300
374,978200
14,40500
2841,6131700
36,281300
14,43300
42,150500
37,434100
4064,8408100
26,363300
35,255500
787,1892100
109,532100
47,230800
35,269100
3679,8356500
29,99300
21,277400
779,1855400
122,616100
242,620900
90,347300
62,339500
834,2172700
17,137600
23,331800
488,1289900
64,348800
29,136900
76,317700
239,510900
2249,5531700
81,468000
11661,25436400
22,368700
2330,5039100
92,461600
16,103000
145,484600
140,279900
397,1014500
8028,18338200
29,139800
610,1564000
377,1211700
3441,7888800
759,1773400
727,1899000
501,1523400
135,701700
30,165500
287,931300
1124,2464600
106,592300
1797,3785700
99,247400
29,99000
4308,9570700
19,242500
36,363000
25,412400
190,675500
251,955400
14,44600
932,2178700
560,1214500
258,679800
5708,11867000
38,355000
6917,14396400
35,263000
55,485000
264,844200
15,72200
59,204200
108,556100
37,317000
62,299800
75,286300
76,325900
143,475400
49,399700
27,493000
38,405100
66,421300
537,1350500
14687,30216300
15,79300
23,334200
29,97900
931,2031700
186,470100
33,202700
14,41200
199,540700
14,42500
29,132000
34,233900
1946,4175900
31,157700
35,360800
20,267500
16,125600
14,52100
60,293800
203,725900
159,460100
1161,2601400
15,121100
18,305000
3103,7015700
5270,11591600
3291,26125300
1217,3034300
26,399000
766,1827500
270,658100
45,176900
771,1572200
26,356300
792,2223500
492,1027800
3217,6903500
58,269600
1031,2231200
1508,3272600
1010,2634000
110,545500
806,1978400
22,293200
3316,6991400
162,637100
15,71300
28,68600
387,973500
15,70300
18,168600
119,480300
825,2035200
479,1161400
63,349900
2320,5782100
1789,4260000
35,258900
148,539200
59,229000
51,366900
1580,3501900
6219,13253800
38,350000
311,749700
58,195400
24,326300
42,106000
284,798900
132,507800
109,656000
16,123600
222,946600
111,710900
62,352100
60,247200
149,589400
100,250400
7962,17036900
120,473400
17,126500
149,514600
36,305700
860,2030100
2158,5113800
24,339300
136,509100
23,391300
9754,21434100
16,107500
994,2430700
2091,4413100
520,1374500
23,367500
98,263400
223,974200
362,1271400
25,426100
349,1151100
241,571400
36,281100
32,224300
37,402800
459,1283600
740,1905200
9444,19892300
25,345200
19,176900
6429,13305500
16,101300
81,492600
14,41800
37,298800
31,146500
92,406500
517,1383200
30,124600
3321,7097900
19068,40139800
2607,5420400
29,101200
20,228900
3291,6812100
215,552000
102,336700
58,204800
3107,7016600
52,365300
41,492300
30,149000
422,962300
793,1844500
97,583900
1365,3033200
67,493000
4533,9768200
19,184600
32,214300
192,671200
920,2242700
85,255000
858,1909800
1147,2887600
29,151500
139,637700
19,177400
754,1789000
54,420800
796,1876300
19,176500
27,439900
1495,3233600
14,40400
107,426100
22,266900
14,64600
935,2258400
99,237400
81,447800
60,337000
523,1226500
57,237000
47,303200
19,203900
45,182000
23,285800
123,563700
345,961000
19,177500
11607,23374100
412,983600
361,1005000
95,496100
37,302300
58,176500
20,214500
8194,17180700
52,418200
5115,10813600
102,318000
185,474900
34,230900
2469,5247600
225,491800
84,177200
192,692200
25,330600
795,1814500
958,2069400
7720,16748800
7200,14788700
943,2083500
65,361600
107,465000
721,1556100
2533,6148800
27,389600
201,628300
3745,8031300
23,313300
2893,5949600
75,286600
39,457500
52,394400
283,653500
3751,7961100
93,402900
74,272100
29,98500
16,98800
6005,12434000
59,204600
83,528500
531,1378800
29,139100
139,625300
19,179200
77,382600
28,92200
16,101600
245,704700
9845,21881400
79,394200
50,325800
69,499400
137,536700
1990,4190700
76,432800
21,300600
11452,24131000
21,310200
72,258800
330,883600
1019,2463600
302,1060800
315,881300
80,527800
865,2432600
314,912800
64,345500
1105,3029700
213,566200
195,768400
271,689600
98,219000
70,150500
15,89400
38,356300
88,332000
19,176200
325,773200
312,741900
79,414600
268,734700
39,359400
307,1047800
1073,2779600
20,270800
125,681600
932,2372800
1029,2365800
235,793500
92,506600
178,751700
14,45100
54,439500
15,71300
34,230400
