32201
14265325
344580329400
0
1646,3315138800
101,1593757600
15662,222632800
187,283114800
166,593500
121,234100
42,457800
132,510200
902,967100
129,384400
471,1000600
58,786600
239,945600
57,782400
47,473600
78,540700
633,666000
51,580600
381,917500
2880,2550300
376,757100
130,377900
282,616400
54,657800
190,450100
2841,3436200
133,492800
34,151700
117,800300
1228,1835300
1268,1363300
30,40700
227,663300
63,149100
38,252800
344,713900
4805,4380400
32,127400
1316,1814500
1052,1173500
53,739800
415,1179800
326,1059000
404,905500
458,646500
55,723500
7317,7467300
504,1144600
1103,2066100
228,702400
168,638900
89,862500
590,1056400
31,71700
228,928400
1199,1867700
49,568300
54,701200
111,768800
149,876200
1001,1278500
67,253200
842,860100
251,516300
31,70800
186,392000
74,486800
63,150900
40,312500
300,290800
96,275600
275,578000
106,531800
6596,6872900
617,1072100
33,122400
70,325000
288,792300
51,587900
44,420000
738,1120300
45,467500
797,1185900
61,98300
37,244600
307,565200
389,1462600
45,435500
123,217700
939,1225100
2745,2949800
54,717900
2292,2487200
31,71300
143,754700
4190,4473600
160,470500
326,1324800
44,572100
33,165500
53,817900
301,365700
664,742000
488,858200
285,668000
87,844500
52,645500
42,360000
35,177600
67,341200
761,986900
3415,4043800
3124,3156500
801,1678800
423,477100
47,618900
12423,11490400
87,1094800
88,897700
3084,4024100
59,826500
39,372400
475,1448100
3415,4760900
44,517800
459,826400
133,585700
120,153000
112,933100
30,70800
1589,2434900
1012,1640900
635,867500
46,462800
50,675500
37,239900
91,128900
1745,1800900
42,435500
315,767100
9416,9426200
87,784000
66,245300
30,41000
74,453400
33,122100
38,247100
1249,1681400
821,1066100
243,307700
368,644200
857,1251600
7476,7015100
987,1750000
511,627300
185,322200
143,931800
2370,2313700
38,288600
40,319200
63,150300
45,430200
1024,1079500
10373,10447600
2195,2386300
32,102400
1265,1341700
12552,12443500
285,746300
30,45000
65,208000
587,990600
3737,4138800
3402,3589000
83,866200
94,213900
72,400200
84,836500
482,565400
78,562100
33,160600
13575,13515500
220,509100
39,299000
243,313900
43,421500
10579,10465400
415,1052100
3979,4801000
399,656600
1532,1637300
160,451200
1161,1792100
76,513500
74,486900
34,169800
950,1551800
138,635200
69,312800
168,659600
19066,19609300
161,586300
68,372100
3523,3837500
582,983200
433,767300
11573,12607200
183,392300
626,1373300
58,1008800
69,357700
172,785500
39,278600
141,686100
44,522900
225,604700
68,281500
94,224900
8034,8319600
3517,3575400
203,803100
8120,8507000
50,739800
44,500600
34,152000
86,778100
281,564200
37,231700
43,405100
1785,2177000
1273,1547100
81,696100
124,262100
362,437700
766,1280000
59,791200
430,663000
677,1223700
214,311800
78,605800
37,232400
4084,4418800
8352,8093500
81,634200
10361,10337100
216,455000
99,359200
10257,10526000
516,683000
31,73100
653,1212000
36,218200
4115,4125600
2270,2628400
73,446700
155,297100
239,1035500
14468,14595100
15821,15359300
4343,4812200
239,1009100
31,72400
45,503000
865,1488000
380,858600
883,1231500
80,721500
30,56500
50,728500
67,327900
31,88300
58,1066400
1104,2255300
38,324600
80,762500
339,736100
170,671200
644,1078900
3793,4247900
167,724200
207,927600
136,582100
4333,5030800
451,573900
2493,2584600
367,558800
55,886900
34,165800
3397,4505000
37,287600
105,541600
3139,3819200
472,1035300
107,589100
14109,15456200
144,1050700
31,82600
806,1940400
88,1066400
1437,2262600
66,363100
51,721900
155,289500
78,603300
63,204600
1395,1815100
40,339100
113,765200
45,624300
30,45900
3354,4256800
176,856000
771,1311800
3645,4115200
45,456600
144,991400
488,685000
439,982000
127,321800
8962,9709700
169,924700
384,1025800
31,73800
313,700900
48,641500
159,518000
1220,2141100
1455,1916200
228,714200
37,233000
56,899700
2550,2901600
221,666200
64,236500
55,1095500
358,1289700
36,219700
51,728800
60,71700
9634,10381200
38,301400
51,606700
913,1245300
89,1073900
30,45600
50,666900
957,1659100
77,519400
44,434500
65,204000
53,678600
49,623200
57,1013000
55,862200
2727,3541000
9152,9662500
83,693700
89,897600
710,1160400
228,729700
424,516200
1873,2439400
40,374800
30,42800
32,101100
243,323800
59,954900
40,320500
32,100200
113,770700
275,448800
54,846400
32,103500
212,300800
10774,11043700
40,345800
37,224600
34,148700
63,148300
369,593300
247,427300
8066,8466700
75,467300
169,790900
61,104400
403,737400
58,873400
68,289900
72,385200
52,711400
629,1335200
1156,1611000
46,494200
57,767100
237,970700
1141,1108800
70,363800
673,998700
59,823200
342,664700
145,847400
6041,6686400
221,550500
57,915400
107,540800
3808,4496600
43,373700
6345,7395800
86,774700
3514,3447800
32,100000
1097,1485700
315,701100
49,556100
255,703100
2765,2949500
97,290000
96,278500
57,825000
105,574900
159,385000
1734,2201500
78,595400
77,561400
157,453400
51,635100
39,278900
236,1089100
54,677100
508,1291900
655,1272000
218,412300
72,426600
97,307300
126,278800
70,420200
79,642700
1434,1991800
39,310600
488,757700
74,455800
46,450000
89,952000
13934,13788100
86,950300
44,432300
75,535600
96,273500
181,205900
36,201000
800,1336800
144,881200
58,785500
2229,2703200
53,663600
30,42000
39,279500
10932,10738600
40,302700
1517,1893200
1022,1075500
177,882500
641,964500
2276,2908300
149,880900
70,354800
395,623800
94,207100
327,1055500
30,41700
43,407800
721,730500
67,252500
108,686300
77,638900
5894,6133800
101,380000
14451,14676000
1301,1504000
42,379600
587,980600
184,287600
166,592400
257,678600
99,345900
238,1202600
16801,18056800
47,506700
5079,5269500
48,549000
217,395600
13432,15581800
397,726300
147,1080800
57,959900
286,874600
120,154400
1334,1807600
328,1438600
69,372600
1458,1838800
196,642700
1661,1922700
451,636600
30,55000
101,525300
1303,1752800
46,474000
378,802600
161,458700
17309,16884800
95,261000
287,709100
51,593500
82,675500
74,462300
10951,10655300
102,568100
423,631100
56,971800
548,1089800
348,813500
871,858700
55,739900
13307,13519600
306,494500
13934,13825900
4247,4694900
186,333800
111,704000
608,808200
143,761400
554,929000
36,204500
54,711300
4170,4535100
235,1082800
1429,1988500
79,551700
41,371200
38,291300
92,221000
53,672700
357,1127900
108,573200
51,603900
85,756900
74,432800
3273,3417400
137,601200
108,732600
352,900100
174,803700
1007,1459800
146,808700
10634,10825500
390,477100
69,313000
34,154300
2087,2934500
40,350400
535,1421500
1204,1253200
36,233800
183,436700
179,1019300
1334,1791900
2360,3223400
45,460100
34,227900
207,977700
6792,6818200
401,737600
242,328000
422,446700
41,334800
63,217900
32,168900
4442,4673800
14292,14171400
1347,2356200
14583,14873600
51,674200
901,1131700
111,669200
38,251400
97,291200
87,867700
123,204600
44,404200
66,225000
89,895600
510,457500
277,476200
2190,2173100
164,685700
42,459000
264,1269900
524,1160300
958,1772900
133,480000
149,1110500
263,854300
6729,6633500
35,179300
7063,7675600
91,137500
45,438700
186,336000
94,255800
357,1067400
313,682600
152,222100
31,93100
69,298800
52,610500
39,298700
257,745000
352,1017600
3237,3883400
139,644300
167,679000
116,938100
1359,1520200
447,1306100
41,337000
142,713400
893,1450500
84,751700
9012,8815900
49,676100
52,635500
202,839800
1083,1136500
64,254000
195,600700
30,56600
39,284300
282,632600
250,558900
336,620000
226,644500
121,155100
36,204200
138,752000
1065,1445800
603,683400
311,581100
111,700100
48,554400
35,175700
144,877400
261,826200
91,126400
533,1098200
4327,4751300
3613,4645900
87,793800
161,474100
697,802100
522,974900
2166,2410700
80,640200
33,147000
41,342300
34,149200
1234,1258400
11241,12155400
565,1175600
59,869200
75,477700
37,235800
727,856300
3252,3952300
5346,5179600
34,148700
170,678200
41,371400
13759,14106700
261,817900
2851,2917800
151,243700
69,417700
42,503200
39,354500
1507,2233000
15372,15233600
2373,2380700
1281,1793300
1601,1854200
241,302900
33,167900
33,149300
44,485400
4877,5636000
37,285700
41,327300
9015,9509100
400,643000
314,761100
1541,1837500
328,1107400
85,841600
2930,3868500
37,364600
6938,7042700
99,372200
462,724100
173,786200
59,812600
2092,2460600
3139,3589200
793,1194900
102,430500
2568,2778500
70,436500
77,720200
168,845000
41,422800
106,653300
678,1377000
1846,2640200
40,573100
40,461800
34,172700
684,1236400
75,477400
2580,2546200
2619,2985800
8014,8453700
1229,2456600
106,655200
55,828800
166,582300
96,300300
50,1218800
36,204500
39,331400
109,778700
395,514900
74,458800
50,803200
58,821900
93,242600
7006,7309000
43,490000
380,925600
3291,3935800
397,672200
16396,16468000
33,126000
6508,8403200
666,1225500
35,275600
112,881800
33,157800
2370,2698800
328,1318100
45,591100
46,619200
97,377100
6586,7481100
248,62831300
3332,4013300
44,435500
98,324600
40,340300
364,459100
137,577200
716,1313900
10178,9584200
72,416900
47,524600
4373,4863200
974,1312700
1192,1678100
205,829800
14229,14592200
40,376000
41,379800
806,1580700
235,862300
3500,4341000
94,216300
110,710600
39,303400
109,636400
38,272800
169,631100
416,1092300
32,106900
72,379500
36,218300
197,710300
217,490900
925,1590200
169,765900
5264,5540700
4721,5002600
160,415400
66,230400
68,315400
55,793100
30,42700
34,149600
656,1295200
2518,3749800
74,568900
41,424000
3284,3793400
45,445100
4277,4564200
50,737100
5181,5406800
74,441900
161,504900
177,998000
1025,1188800
162,475400
47,495700
98,436100
326,1210800
36,218100
51,623500
418,1192900
14741,14663200
46,510400
48,580400
344,689100
142,793400
65,205300
906,1067300
35,189900
476,1131500
35,192300
59,856500
62,125300
134,500300
35,185600
48,526500
1217,1556500
112,665600
661,886700
107,594500
166,860700
85,897500
160,473600
680,1205700
8329,8625600
385,1033800
61,100100
81,660900
49,812400
56,966500
218,452100
139,684100
978,1893300
112,872700
37,299400
732,1229600
55,892100
1037,1594800
114,716100
46,509200
316,711400
32,97700
497,962400
37,223500
38,246200
195,575000
40,348600
249,472100
207,972000
32,116400
42,384300
100,386300
1708,2236700
86,815400
5588,5708400
3636,3763700
304,411400
1712,2011100
174,861300
86,786200
310,624700
191,508100
54,709500
248,539900
1969,2309300
4622,4487700
107,581300
1577,2048500
91,129200
257,720700
472,1074900
32,115900
2232,2627100
3539,4135400
32,110000
231,798100
1521,2097700
226,684700
543,608100
248,437200
34,265700
33,142300
146,803100
547,927100
71,432400
99,337700
1276,1690200
761,1046800
86,745500
181,316300
1060,1219500
365,489100
64,175300
207,967600
645,1228300
1304,1762800
76,559900
462,776600
72,409300
99,397400
50,574500
40,333600
643,1348100
123,214500
81,720400
711,1347100
33,155600
404,808200
55,682700
4879,5455600
87,772300
70,354600
1795,2721700
3862,4313900
134,544900
283,601500
497,1243800
212,285000
705,1174000
46,493500
185,373500
152,257000
75,490700
37,254700
1472,1412500
88,816700
39,296700
12565,12522900
36,271900
545,716400
36,199300
132,432200
218,483700
39,296000
639,817900
42,384400
52,636200
260,731600
318,815300
4798,5560500
66,237900
38,295600
238,998200
54,702600
231,843100
388,1303200
92,190300
14433,15344600
404,1226400
57,837400
354,1140900
223,688200
923,1580900
239,1097000
68,281900
7641,8528600
1624,1700500
35,178700
81,646000
944,1269100
57,821000
63,163000
399,624700
40,307900
138,634600
711,1427900
31,136800
861,1794200
36,223500
1423,1730800
4503,4548800
285,680500
62,272100
452,546800
588,1032400
38,256600
167,768800
33,152900
423,477200
104,458900
64,211000
247,450200
172,751000
210,204900
69,530500
1920,2267700
12676,14595200
8791,8564200
141,708000
53,641900
279,577500
411,900800
861,1407600
1384,1669700
1608,1952100
777,1530200
338,577900
104,484100
31,81900
49,556100
55,785300
2543,2944600
166,590700
33,131300
43,403100
110,732000
94,200800
381,912900
69,427500
134,521800
872,820400
32,95000
34,184500
1248,1773600
1150,1699900
53,716400
246,388700
70,391300
286,840200
686,1499500
2945,3043900
2793,3230600
7012,8543800
363,452300
51,605400
97,300200
767,1285200
68,294600
1052,1040000
239,986700
53,617100
45,460700
1064,1316600
120,123600
219,468400
238,1022600
226,644000
869,1545200
738,1344500
99,419300
181,260400
738,1290900
569,1304400
1208,1586600
180,185200
31,73300
2529,2733300
136,541400
1453,1712700
49,590100
356,1413000
426,648700
248,486700
66,228200
377,850500
123,205600
265,943300
129,421600
16060,16217400
718,1529300
2777,3004400
2487,3251300
1270,1512000
988,1698500
4746,5926500
641,1184100
228,708500
369,677500
3143,3583400
93,182000
134,621100
322,862700
4156,4338100
237,945200
43,390900
30,66100
157,343900
1716,1899000
102,419400
160,424700
80,745400
874,896400
30,79100
39,382200
480,572900
205,1012900
663,663300
620,1287500
30,43400
38,257600
53,869500
82,790000
152,228200
2500,2776800
2034,2599200
266,955700
114,702200
264,1154500
376,979500
170,860600
32,200200
1918,2774400
86,842600
85,719600
231,883400
34,152300
41,365500
117,1065600
330,329400
2511,2976500
2663,3162400
31,72700
7294,7181700
94,208000
34,161300
295,1048700
143,987100
166,594800
50,611100
15203,16030300
36,224900
852,1140000
505,1171500
624,1280000
30,44700
3913,4164300
33,126700
447,1163000
697,845500
87,871600
48,511400
185,309800
169,756000
79,816300
1086,1203900
182,255600
2942,2997200
2507,2891600
253,565800
1795,2308900
54,698700
71,589000
38,260400
62,126200
66,229900
434,830600
702,923400
34,149200
90,147700
1104,1798800
264,906200
140,913200
2447,3146200
167,624300
4958,4801700
34,151900
377,808000
48,520700
97,290200
317,903400
162,457200
100,407900
41,604000
190,682200
130,496100
95,259500
99,351200
45,432100
47,566900
378,1175700
968,1214500
41,329500
40,337000
111,660900
1829,2682700
2102,2029500
431,781100
264,885800
5535,5836800
40,325400
216,561200
3363,3300700
37,230300
383,1107100
344,720700
450,442600
385,1013900
335,480200
59,961600
839,1476600
4994,4993000
179,1038100
31,72000
157,495900
752,756100
107,555400
1131,1638200
253,629500
132,426600
30,40600
909,1099500
446,1087700
368,593700
36,198300
4808,5106800
1948,2543300
37,227500
496,930000
471,999900
94,295700
117,1049700
102,518500
259,759000
832,1476000
1758,2170500
135,523500
1269,1844000
328,1100200
3417,3949800
270,282100
73,407000
75,492000
50,644100
37,227500
1370,1751700
178,946000
40,311900
104,450500
346,768600
2258,2690700
77,635700
1887,2703500
629,1319100
161,492000
1061,1417100
35,193500
100,379100
43,406000
35,178500
35,176400
141,702600
39,279100
600,662000
66,229100
388,1153700
35,209400
511,482900
367,680800
133,502700
3551,3668900
6204,6746700
70,335200
196,619700
3484,3301300
32,97900
447,1145300
430,706100
247,405600
140,660600
59,949200
84,684800
75,532400
40,332900
5401,5123000
31,74100
3485,3726200
4455,4663900
211,259000
42,434700
44,469000
197,655000
199,751200
48,573000
335,443000
106,506200
130,442500
704,1108000
7643,8117400
549,1024400
59,867600
620,1381100
195,570100
92,152900
5831,5904600
2104,2314400
116,763000
176,1039800
50,673800
266,1067400
821,1160900
1049,2228100
517,690300
111,672000
172,823300
187,414500
190,431500
172,816200
96,261100
3981,4460900
730,939800
357,1074100
229,733400
46,537800
234,946500
95,258800
1290,1270300
59,988500
108,587000
1152,1636700
85,871700
31,71500
2589,2987600
110,641100
30,41800
161,489800
349,809900
60,79000
2451,2747800
60,69400
65,200900
457,647100
48,536500
60,113200
661,640000
68,301700
140,1074000
224,620900
45,530700
1209,1506200
639,880200
1237,1530900
110,763800
30,48100
95,240100
34,153300
35,180500
86,962000
45,467500
82,731100
908,1109300
556,959100
2009,2554000
4440,4676100
88,1101800
252,708000
80,628100
494,812700
976,1291000
31,75100
235,889100
35,174100
460,746200
5744,5866300
33,126600
600,748100
186,411100
82,790900
1311,1901200
87,903000
2819,3658600
42,358600
172,926500
516,675900
804,1593100
88,834400
554,897500
66,271000
215,329400
4729,6069300
33,161100
431,903400
390,488500
60,89700
65,299500
43,509000
208,1125500
251,831100
3933,3934300
271,304400
63,148500
55,732600
38,259500
829,1586000
1197,1905500
64,182000
82,664700
326,1010600
436,854600
56,767000
52,654600
140,665200
1059,1331900
189,445100
631,629300
30,41200
43,391800
74,472100
4399,4532600
1141,1236600
773,1591800
177,938400
134,506100
615,1039600
76,529100
3773,4393700
48,546800
1545,1874700
1096,1730100
242,288800
61,160800
30,52100
14372,13822800
32,195300
38,326300
3368,3598000
113,872900
306,474600
47,476900
284,641300
34,150700
104,478200
3851,3921600
71,410300
617,1125700
55,721700
423,471700
376,784800
668,835500
3830,4556400
1824,2569800
73,518000
73,436500
91,125300
186,355900
479,1203000
450,459500
376,821600
181,219500
48,544300
588,1071500
43,403200
409,869500
6009,6393300
92,166800
56,829100
1088,1238800
57,817700
65,200400
40,300200
522,934300
2389,2699400
1104,1906700
65,201000
37,227400
266,964700
57,757700
363,434900
46,540200
3021,3493800
891,1377600
62,125100
2069,2750600
523,825300
83,718300
581,858400
72,519400
40,452900
4185,5098000
916,1424700
39,396400
3107,3323300
314,718700
36,199600
1481,1744000
4235,4094700
506,1308900
68,313100
202,1212600
447,1704500
9260,9744300
6467,6692500
173,757100
2004,2610200
247,424000
7987,7879000
62,325600
2454,3003900
107,555400
45,457900
283,633400
65,205100
996,1095400
105,491200
60,68900
133,546000
4870,4951100
41,341800
44,508000
216,375000
1406,2034000
34,151600
41,394800
36,206900
229,691900
32,129300
51,609600
313,623000
35,175500
34,149600
369,684800
396,527300
217,401000
66,306900
69,345000
327,996400
2888,3069400
126,323700
4241,4153500
687,1607500
277,669100
60,83300
41,386600
53,630900
45,495800
2025,2330400
1880,2443400
90,99600
4074,4602200
31,79300
202,762100
145,859400
599,1361700
69,357500
46,463300
1940,2473100
2074,2008300
3229,3530500
1211,1471900
297,976600
5302,6256100
140,708900
871,821000
75,488400
78,581600
1361,1651800
213,289500
62,125600
2717,3074600
3478,4258700
42,360900
54,700800
32,119400
74,639200
1314,2141700
543,581800
771,1281800
1094,1596200
398,618600
9145,9679800
2268,3103300
32,105600
42,377700
45,573200
128,420100
723,785000
42,359000
163,690300
49,631500
235,909300
32,102800
52,653800
2120,2579800
58,803700
409,1015700
1263,1265400
6524,6877400
51,681900
47,483500
166,611200
34,174400
186,376100
42,356800
125,256500
251,617500
67,254600
60,69500
236,1012500
957,1850900
113,708400
214,339000
306,471700
74,583000
243,316100
1756,2087200
130,406800
385,1033900
8714,8613400
53,704100
107,596200
1336,1704400
430,745900
561,1110900
2781,4469200
45,440800
453,523700
80,659900
85,775500
441,1017400
94,195200
230,772800
52,639800
48,495800
46,512500
42,389100
807,1433400
275,574300
74,607900
56,899300
285,651500
326,1131500
359,1343600
921,1405300
52,591800
12368,12272400
95,230800
6108,6214900
418,1147900
2018,2281100
964,1162600
109,601900
31,86900
7727,8861900
165,600800
142,863800
4946,5291000
40,336700
43,371000
115,962900
205,1133400
81,885600
62,167100
7996,8525400
121,155600
77,607000
402,685200
135,546500
56,782900
1437,2348100
158,499800
56,744100
34,149300
61,98700
97,280100
428,622800
141,705800
52,636000
112,771300
225,588200
38,301000
5836,5888600
321,875300
43,378800
388,1108700
275,406500
941,1374400
1213,1557400
78,550100
66,296600
108,647900
82,669000
45,426200
45,534000
837,1494500
147,848900
49,636100
30,51600
3756,3831700
33,157400
209,1098100
128,358100
87,783900
453,789200
61,123500
106,539400
1788,2496400
71,389100
280,519700
1933,2244300
4405,5529600
250,519800
231,757800
3878,4020500
280,688400
1071,1697700
435,820300
73,421300
51,620000
230,748700
6803,7400000
356,1206400
57,735000
75,541900
199,694300
213,290000
38,250100
78,588000
183,305000
1824,2355400
35,175100
869,1893400
268,1021500
32,100400
884,1231000
61,99500
389,1178700
895,1564300
70,332500
194,559600
1021,976500
303,360000
52,756200
64,306400
49,794600
69,315800
43,443400
41,374700
2774,3208800
435,857300
892,1387800
250,517500
30,53100
92,153900
204,794300
65,259000
53,662900
81,609300
649,1190000
66,223400
1080,1060800
72,394900
768,1206100
8943,9132900
545,812800
1020,1052800
449,1311800
1483,1666600
52,618900
73,428700
55,689800
270,273200
32,96800
6561,69258700
140,698800
101,519400
1123,1595900
233,839800
50,563600
1064,1376100
50,587800
45,450100
66,351100
63,165500
119,887400
72,402800
49,567300
69,302100
6393,5996000
1555,2013100
69,316500
1647,2184600
135,513800
62,125400
109,651600
1554,2250400
55,702000
739,1291400
81,647700
32,112200
1087,1168800
180,176300
233,813100
160,407300
125,274000
249,484700
651,1130200
35,193800
216,350900
930,1009400
190,632400
44,451300
246,413400
2944,3334700
41,372500
337,490200
1488,2150800
1245,1775600
37,224700
1084,1306600
36,209900
77,640000
31,96800
1439,2198200
1990,2358400
116,773800
178,970900
87,779100
410,935900
7656,7777300
30,44600
503,1128800
353,1042800
58,853000
41,332100
3314,3377400
126,276000
56,947700
34,189500
153,325300
749,1534500
45,645500
2164,2377800
176,1089300
36,203400
70,332100
557,1050300
32,112800
112,682700
62,139600
3406,3478700
7520,7798100
113,754900
126,286100
265,1090500
3253,3499800
91,128200
49,592100
1369,1731400
5440,5506900
352,1117800
298,959400
165,644700
459,642800
623,1285100
1913,2469900
32,126500
1127,1539400
86,769900
34,151200
256,671400
570,542200
215,327500
698,952900
969,1107700
422,543600
109,611700
224,780000
127,420700
56,968900
39,344500
119,937900
44,406100
40,331600
391,424500
677,1035400
33,235000
57,759900
392,420600
114,837600
1598,1789600
57,831600
534,1444100
117,1051200
354,1098300
433,747700
34,147200
145,864200
243,323900
57,780300
220,524200
598,1480200
158,363800
206,927300
156,324200
55,696600
238,1086500
676,1065100
30,47700
567,1243400
203,791300
75,488000
95,235300
169,660400
98,324800
42,392500
423,642400
35,187400
257,681700
62,145000
265,987400
484,656400
51,703800
47,499900
702,1090500
52,643200
436,844500
1223,2176700
59,944300
2227,2424700
63,174800
1359,1458100
56,700900
93,227900
1617,2176800
674,1156000
247,457300
11323,11741000
65,228900
1018,1731300
611,977400
80,707000
1781,2164800
201,772300
177,891500
232,834800
124,242700
1995,2331500
131,465300
955,1677900
35,183000
7089,7212000
51,618100
94,217800
272,303400
1141,1124100
724,825400
49,586800
116,786000
2198,2236800
413,1011300
1483,1712400
51,624400
74,434200
165,562600
65,208900
42,373500
335,590100
2680,3429800
892,1426400
102,431100
78,558700
184,399500
71,350800
448,1308400
72,383600
174,819200
107,604300
31,80400
11890,11975900
34,159800
13350,12831200
33,134400
1601,2021900
55,764700
101,390900
243,337800
295,1011300
43,388000
81,721800
60,74400
78,538300
75,528100
13138,14251700
4310,4805000
34,216700
385,1011700
52,704900
225,670400
893,1566100
790,1001800
96,257200
37,278600
253,590600
96,321500
61,125100
105,624400
106,570200
101,465000
43,404200
66,225500
638,924900
148,863800
2981,3071000
233,953000
386,1100900
73,442100
1769,2790300
743,1400000
164,529500
1083,1070900
35,199900
547,798900
138,672500
227,846500
413,1255300
11975,13275600
242,432700
1394,1892100
74,570900
10624,10705300
3204,3667200
38,251900
99,324700
480,493600
49,579900
2156,2881100
215,350200
36,198200
873,918700
72,388800
44,405500
46,482600
55,1213000
74,690100
131,454800
493,792300
99,518300
1460,2134800
252,592100
188,443100
4905,5219400
473,1070000
65,202200
44,400700
684,1257700
185,304500
141,672600
605,996700
1417,1632500
65,205000
109,609300
1327,1436200
766,1298700
287,715000
206,900300
347,816400
109,623200
82,690800
89,967000
244,333700
36,198500
16633,16359700
361,432200
98,301600
72,423500
9631,9305700
4221,4923200
30,43800
83,689500
60,68400
1028,1163700
413,1191600
54,741600
449,1347000
61,123800
38,318700
54,928400
2122,2791800
179,1081200
2290,2587700
130,387000
40,303200
288,844400
238,1125600
987,1755200
215,345500
1724,2076500
68,298200
103,441300
11760,10964600
2152,2659700
1390,1560500
48,511700
2004,2923900
88,1089600
32,125900
34,197700
2023,3008700
769,1291800
107,569000
984,1658000
57,786100
60,72400
1951,2181900
144,916900
135,524200
686,1555500
317,830700
32,122000
1113,1209900
859,1376800
147,984500
57,807700
1312,1896900
32,99500
488,706600
58,825900
80,605700
95,237600
205,900100
80,772300
159,464800
79,577000
361,449700
116,969000
66,260500
64,214900
388,1149700
152,262600
262,858000
61,102700
460,899900
147,906400
12874,13404300
364,477400
154,319100
44,411500
113,710700
855,1204000
44,403900
62,159500
34,149000
33,123500
1207,1408900
215,402900
37,227400
159,380900
90,96000
33,120600
93,256200
72,425400
33,124000
52,605800
69,393100
39,293900
458,681300
132,556600
38,304400
112,698900
31,72800
89,946100
55,881300
2908,3703200
14549,15408400
1039,1471400
365,492100
57,872400
548,814900
957,1599900
52,661000
174,778200
1597,1880900
45,470100
2625,3257400
36,205100
1011,1505100
35,305500
8362,9144400
50,731400
94,233400
124,265000
182,236800
371,631500
75,645100
125,266300
51,619400
194,618800
47,508400
953,1576900
119,884900
748,1551300
142,792500
2849,3737600
2535,2989900
352,1011400
128,384900
66,272000
1541,1738100
131,509700
75,521300
33,121400
38,247300
154,310800
80,722900
42,399900
755,831200
567,1216800
62,122000
162,533300
2026,2480500
52,646200
51,677500
49,536100
55,737400
90,107700
248,430300
214,304900
2129,3035500
1043,1601500
31,74100
1877,2407900
898,1715600
557,963400
82,722100
2017,2085900
58,787000
87,811100
58,1134300
267,990700
41,359900
36,218400
53,644400
74,436500
213,304500
551,832300
39,277300
111,749300
11654,12210100
124,235100
77,615200
50,622300
92,157800
497,1086400
30,56400
34,188200
58,880400
11613,10944900
48,524600
81,685600
189,461700
51,585300
165,600300
46,500100
112,672200
3120,3433700
1558,2633400
576,711300
285,719500
3846,3835300
8099,9830100
45,434100
55,738500
145,784800
5477,5553000
128,359500
69,307800
184,281100
177,889600
92,153000
216,363500
38,327000
34,147600
173,937800
80,629900
125,259200
301,339800
73,418000
1435,1978700
33,144400
35,174400
33,170600
239,1103000
621,1227500
44,421900
1935,2502800
1443,1681500
166,725700
44,406700
62,165300
50,642600
100,365400
143,941100
86,779400
62,124200
476,1265300
113,793700
45,634200
149,1037100
44,440500
87,819600
1119,1491000
50,653000
363,463900
42,355600
420,389600
167,616500
33,139600
53,824700
68,291700
123,223200
1449,1616600
392,417900
61,109900
34,149200
481,477300
32,95900
46,506000
74,477400
130,395300
46,466300
44,435500
86,764600
69,327700
64,188100
110,633700
227,688400
35,173500
165,565600
95,226300
42,430300
3190,3426300
126,285500
15760,15646400
50,623200
44,429300
155,333200
123,248200
59,1119400
1799,2600000
260,787700
53,659500
58,842500
830,1252200
4099,4501500
313,629500
38,247600
153,223700
1310,1694500
67,266700
58,1023300
189,504400
936,1043700
923,1562000
96,334100
3745,4281800
108,590900
976,1354200
53,674300
92,160600
456,593000
353,971500
195,586800
561,1260500
144,865800
57,754100
85,800500
232,837400
10087,9907100
41,406700
87,814700
1172,1284800
210,205500
148,1170100
88,837000
137,805400
136,546300
147,1006200
33,129700
76,564100
257,799400
31,73300
475,1141700
31,97200
38,259700
2487,3134200
348,791300
41,355400
3512,3683800
757,1083700
69,347900
96,257000
417,1083500
170,708100
33,150800
67,268800
146,850900
350,873100
111,638500
150,181900
118,838200
12322,13448600
51,625800
68,330500
161,478800
149,941600
361,429700
1009,1640700
2855,2877100
1893,1998400
7387,6971100
800,1341000
419,1330700
263,1151500
3341,3667300
81,644600
239,1315900
587,1044400
6674,7452700
41,479200
2403,2373600
898,1594800
415,1611300
98,447900
45,528600
54,693000
186,340700
94,267100
576,725900
46,517800
210,215200
3758,4283700
104,472400
320,935100
60,72200
5377,5432600
48,562300
928,1802100
126,303400
299,1123100
60,74200
14962,15989600
135,730800
1829,2515600
73,482300
50,596900
40,309700
46,462900
194,658200
71,360500
1606,2019100
43,401600
98,324000
78,573700
3426,3845000
43,456900
360,356600
2424,3109000
3538,6367300
340,983200
40,523800
236,1506700
67,399600
35,183300
5965,7084000
546,728600
73,441100
1728,2327900
194,620100
16356,16721100
38,285900
276,429900
45,449300
242,288000
1264,1346100
39,329300
4028,4434500
39,351500
43,533000
40,309700
553,905600
2254,2570100
97,283900
31,71800
287,845200
1000,1389600
47,819600
1193,1968200
58,1067300
765,1233400
59,932300
49,557300
362,397600
6406,6725000
55,943300
377,950300
75,499400
2033,2611800
16055,17175300
105,558000
1922,2169400
34,163900
820,1104100
447,1283100
43,486500
1098,1546500
10348,12341700
88,873700
1790,2240800
302,434200
67,287100
91,142900
73,452600
81,650400
36,202700
35,219200
50,567300
426,569300
1737,2729800
6407,6854800
95,234000
47,487600
140,681100
183,383100
3810,3585900
55,724700
4947,6527600
37,240600
32,99800
322,1018100
38,331200
3753,3935300
193,548400
80,588500
50,652100
5172,5578700
96,293400
590,1197200
1686,1717600
43,377700
1145,1247400
514,756900
333,420100
244,426800
137,713600
498,944500
209,1161400
764,1063700
44,484800
49,545600
79,614600
2477,3009500
84,789600
491,765600
43,505100
292,946500
126,279000
56,973700
75,552600
73,622700
154,374500
359,1270400
456,587000
1432,2269700
297,1153000
46,525300
84,713300
1513,1947500
616,1206000
75,526500
676,1134800
67,379200
151,225100
2427,3294500
19439,19997700
65,222500
18862,19628500
253,627900
133,772800
32,223400
338,564100
238,1013700
72,425200
414,1022500
13039,13970500
2552,2797800
1166,1986300
59,863000
72,450200
1322,1303600
92,155700
52,684900
67,282500
62,146300
156,333500
2063,2760000
53,785300
8045,8096600
30,43700
123,231200
281,657100
297,966900
79,636100
80,646000
45,461900
2331,3112300
1890,1980700
61,118800
8910,8680500
94,392400
47,737100
59,1069100
49,578700
53,679200
91,129300
2415,2815100
1074,1975800
389,1140600
58,801800
44,408300
157,366600
132,476800
197,697700
123,206300
43,401300
218,460000
35,299500
48,510700
126,293700
852,1141800
78,603100
405,991900
153,316300
855,1507100
789,1082700
519,742900
368,532300
835,1595400
824,1262200
341,589700
5748,5903200
17479,17592200
41,439200
34,157700
65,203900
50,593500
78,581600
7613,7955700
227,639300
159,486700
2356,2775500
1104,1702500
39,277000
312,674100
33,162200
494,785400
4798,6398100
104,584500
33,159400
130,472600
348,835100
64,174300
142,708500
39,281400
623,1181600
709,1207100
2689,2933500
40,344500
36,196900
2065,2713200
146,860100
865,1716900
1241,1473000
485,625300
41,332100
555,900100
98,369600
5186,5813900
37,253400
570,601300
490,710700
126,342100
385,1017300
134,529400
2947,3614600
662,846800
46,608200
49,619000
60,72300
7233,7242200
201,745100
65,199700
38,272300
81,666300
771,1342700
492,67953500
8007,8308100
206,888000
369,745900
2658,2867500
1349,1967700
177,891600
173,756300
200,735000
53,651900
44,443200
2342,2292200
74,447900
33,148600
111,661800
58,848400
47,505900
5679,5587300
539,1254900
1362,1694400
43,396400
517,680900
14610,13898700
289,851400
42,376200
15905,15821900
2997,3724300
258,758700
1998,2359000
621,1127000
64,297100
130,426100
960,1024600
418,1170200
993,1200100
62,126900
63,151300
920,1402700
33,125700
40,307500
1186,1555800
33,125500
54,662200
30,40900
2906,3438900
61,95700
632,649300
138,629100
107,531700
30,52000
35,175200
105,506300
61,116700
181,211500
76,479200
2018,2088600
1208,1576800
474,1095300
513,562100
218,495300
887,1317500
47,540700
80,655800
294,1106100
1495,2294200
6145,6718300
738,1314400
76,628600
36,205500
2403,2323200
205,884100
33,122800
31,70100
34,147100
2598,2944100
308,489200
1342,2146900
174,781900
272,333800
106,542900
1296,1488000
130,785900
212,334000
35,200000
211,249200
203,797300
414,1163500
716,1549300
3529,3934600
101,485400
301,340400
588,1022700
52,671300
3213,3331000
668,922400
80,627500
295,942100
63,152200
2227,2309300
979,1435300
33,125100
131,432800
204,953900
3013,3181700
107,571100
101,386500
1382,1379300
90,98900
92,150200
465,797800
32,143200
32,99700
302,338000
1717,1934800
124,232900
13337,12837800
5460,5281900
290,845900
212,259500
253,565800
96,251600
189,484400
171,698200
37,224400
215,353700
33,124400
90,110400
1002,1235000
63,172300
560,1046900
549,757000
83,828400
2317,2430700
41,387400
79,674300
263,975100
344,697900
54,915000
1460,2449900
1745,1786200
68,281300
118,977300
14117,13866400
4677,5144100
1945,2369300
1593,1600800
105,524100
704,1034400
146,886600
2136,2437500
101,496400
424,537900
170,715000
438,950400
42,402900
2877,3581600
406,809400
4344,5147600
795,1176200
431,662700
39,317800
1425,1749700
1617,2268400
363,418300
32,99300
75,479400
155,303700
131,446800
47,485400
136,589300
65,227500
192,545900
131,409900
39,308400
361,403900
217,390400
513,695400
766,1470600
6160,6195400
40,324100
59,774500
737,1313900
44,427300
64,177000
30,52300
138,644900
472,1042100
34,174700
1031,1240800
338,552100
122,177600
32,147800
38,249800
8337,8705300
89,872300
137,699100
270,278800
103,442900
1247,1756300
4048,4903600
67,266400
1016,1704400
1407,2033400
62,132400
35,179000
33,127800
235,944900
38,280400
1700,2110900
40,310000
269,1039500
1326,1482400
372,633800
31,69700
388,1477600
666,895300
145,845500
713,1496000
146,905000
36,244300
5669,6274300
141,675600
1978,2654900
3108,3371400
113,924200
68,342100
38,272100
36,242600
72,417200
334,414900
647,1075900
4679,6194900
725,872200
75,547200
131,465300
42,356300
103,436400
420,437000
4296,4451900
6862,7246500
85,740800
741,1269500
66,250600
88,885600
151,178300
180,176000
42,375900
103,471700
214,311200
50,589400
34,176800
1388,1848600
186,440500
552,882600
2533,2937600
112,731500
679,1238200
37,255400
111,643700
249,474600
35,195500
88,834900
35,221800
3024,3598400
88,909500
38,281500
1307,1835800
55,712500
54,748800
37,247500
61,98200
37,229700
1445,1640200
505,1185000
595,1371400
97,367600
107,579400
119,920600
50,647000
346,741000
107,635300
138,696500
704,1035000
114,759600
232,855400
39,315800
171,721800
126,280800
173,786200
708,1099900
366,518500
996,1202900
518,723800
159,404400
147,997000
65,212100
5306,5977200
499,1084100
907,1152200
1584,2215200
35,178300
214,310900
57,809900
139,743800
215,450000
5915,6073900
2045,2219900
1359,1682000
122,181700
14745,14889000
1779,2105000
192,515600
62,126500
3448,4326700
94,225800
59,998100
1977,2926800
3518,3873400
68,364100
427,679400
198,741900
72,521300
1148,1352900
376,849600
196,647700
448,1442200
32,146100
1777,2458400
89,954700
426,632700
1073,1681500
3546,3609500
8224,9642800
91,154800
342,695800
1570,2082100
75,553000
43,427000
10157,11250800
237,959700
47,539600
618,1105400
473,1216700
51,606200
1634,1920700
30,42300
88,1007400
77,785700
118,927000
10279,10991000
40,333400
4005,4620000
404,786300
203,818100
45,475000
53,685900
90,156800
47,639400
371,886200
12595,13487800
1049,1850500
78,625700
265,929700
1381,1388800
59,890300
70,479000
30,55500
346,1244300
150,193300
65,227800
33,173100
136,576800
39,283700
111,727300
72,462300
178,1043200
57,796100
63,169600
1768,2846100
68,365000
268,1269900
401,674100
60,90800
5527,6003200
191,472100
1047,1797700
1179,1710100
35,207600
258,792500
1641,2149200
46,595300
727,891800
2876,3640600
16978,17943600
88,918400
5314,5168500
97,382000
49,568000
421,467700
45,478000
119,927400
2117,2406000
1363,1628500
42,392300
1008,1451600
33,134400
118,877900
38,246700
33,179900
142,834000
34,151500
338,543300
7930,8278000
98,321500
329,1114400
35,175200
379,916900
552,814800
1627,1829900
52,679000
649,1144500
44,558800
74,464200
79,619300
32,100800
65,219400
68,312800
30,41800
408,864600
1929,2081600
609,870400
79,729400
107,541500
31,69300
2144,2327800
163,571700
382,946500
62,125700
6386,6931500
5226,5218400
68,289300
104,462600
305,435400
219,469300
192,500200
3766,4250700
30,54600
365,639500
59,1031000
380,911800
106,570900
708,1114900
205,858600
250,491900
576,810500
180,228800
46,579800
259,926200
94,241000
8673,8287200
37,295100
145,920800
141,683700
1503,1541600
674,1089400
85,710100
74,423000
59,880500
2455,3348300
74,440300
53,760600
522,781500
37,252400
59,890700
475,1118000
32,124200
59,812500
85,1073600
442,1077500
151,183100
809,1601800
149,913300
6597,7828400
391,508400
1350,1318700
122,207000
68,283900
37,256800
30,41000
133,737300
86,989000
89,977200
323,931200
6066,6140000
156,307400
3628,4171200
127,328900
89,810900
1284,1956700
3258,3528300
31,73800
2743,3010100
38,332100
114,778300
1242,1594400
3492,3645500
1766,2485500
39,282900
33,174500
107,567400
99,374700
142,703700
342,655300
1043,1521200
79,575400
186,325100
614,1012800
329,1350500
158,383800
1493,1991500
499,1078200
155,290300
80,611300
2320,2708000
56,774500
6587,6660500
51,582300
2442,2935500
148,931500
349,816200
261,947700
240,312300
12066,12197100
2521,2506200
37,229400
659,1381700
526,1156200
74,448300
352,897700
87,875900
8757,9231400
270,315900
1145,1218400
42,411200
73,419700
72,384300
175,982500
36,266200
3481,3481500
3540,3318000
47,485300
81,651300
672,921400
34,149600
1367,1938300
48,568100
210,208000
151,181700
42,351400
58,839100
55,695300
47,563200
126,370100
74,544300
2127,2836500
540,500100
1469,2360700
9472,9756500
129,478200
32,134200
2939,3581500
434,800800
170,804500
3006,3183300
56,734100
214,339700
121,155100
52,646200
30,42400
38,253500
36,234600
83,702200
132,454100
233,831700
2081,2553200
142,721000
46,532600
44,439200
72,388800
62,127000
1518,1914300
34,163800
733,1098200
1182,1484800
1309,1799300
226,638100
3168,3672400
54,724200
113,822000
393,590400
110,793000
2968,4095200
31,72500
202,835700
31,72600
196,847100
37,288600
78,620100
61,99300
31,99600
617,1096400
76,490400
102,560500
120,155500
75,510600
104,451500
47,498300
189,447700
239,987100
70,408400
78,680100
168,965800
75,573000
312,693200
55,920400
15806,16757900
30,51300
123,340800
88,811200
80,655200
3849,3733300
56,744300
59,824800
53,659800
342,638300
121,148200
264,899800
115,786900
300,406100
2292,2720700
232,978800
6535,7050900
457,781700
60,108800
48,551200
50,633800
322,914200
80,649200
199,704900
776,1404100
140,682400
246,465200
879,1049600
13111,13367700
5512,5886500
159,422800
273,377900
83,697100
115,831200
1114,1272400
558,1040500
185,311000
7026,6915600
41,364500
75,494600
16607,15944700
37,296500
42,360300
834,1441700
801,1280900
162,521500
315,701300
111,1048900
34,232900
18811,21001600
95,385900
4417,5174600
75,608400
9465,9666400
506,1746800
8878,9941900
342,652700
914,1232000
90,101100
151,209600
468,979400
87,804800
270,314200
63,151600
59,902500
2947,2974600
53,695600
57,925100
3125,3260100
1794,2739600
72,419800
106,692500
69,340700
113,727600
302,374100
34,165100
8115,9331300
356,1119200
211,237600
66,231500
31,74400
1335,1701000
1287,1896400
113,1149400
1478,2794300
6867,7635400
3973,4154500
42,365100
31,106300
120,129300
54,701600
546,710300
111,780700
30,50900
48,564400
158,416100
60,131400
107,614500
377,835600
3713,4191200
385,1024400
73,658600
1024,1691200
3153,3539200
93,186100
99,341900
91,142800
627,1444400
275,620100
8156,9654000
74,715900
104,782800
55,990000
2463,2688500
586,1563100
44,834900
44,657600
51,773100
33,127300
68,316900
232,794500
49,575200
371,655700
1822,2396800
148,878000
155,337600
455,632600
45,441500
76,566500
209,1286100
32,155000
36,244900
67,306500
60,75600
40,330700
119,1008700
207,1403500
9852,10836800
843,1086400
37,306500
882,1437200
2183,2932300
69,386300
75,481200
675,1078700
96,266800
78,578600
92,173500
31,71800
37,231400
1178,1607700
38,280300
143,748600
66,322400
82,844000
3785,4460200
44,410200
257,953300
601,787300
6911,7611100
2861,3182000
4125,4887200
369,707500
39,311400
144,827400
46,585800
49,583200
30,44900
39,306200
8826,8646100
2235,2600900
109,723800
100,406400
593,1309900
554,911100
393,488800
67,276700
81,719900
72,424500
200,724300
112,793800
36,241500
1681,1703800
72,452900
216,394800
90,117200
353,967400
673,1000800
45,476700
123,220200
30,40800
117,835900
1073,1636400
234,936000
48,589200
45,467200
923,1632600
771,1285800
134,515100
211,233700
156,329300
156,333900
171,850100
2800,3201000
34,157000
2235,2506600
367,984000
6175,7065800
35,182500
161,441600
62,141700
263,888700
112,671700
84,749100
40,307900
117,818800
3760,3994800
42,421200
7115,6992600
477,1189900
121,199700
525,886100
185,381400
70,375800
815,929100
1732,2760300
395,690200
675,1157700
1399,2174500
1588,2503400
46,503700
778,1524100
2838,3077300
927,1583400
472,1134300
2430,2429300
14141,13703900
117,840300
1532,1575000
136,591200
30,42300
428,654700
72,411800
90,127900
535,1155000
128,330400
917,1287200
333,388800
2169,2508000
67,309800
934,1094400
269,990100
4225,4674900
657,1455100
142,1043800
297,1530900
69,434200
139,893000
606,769700
63,151700
128,339700
250,618500
781,754600
184,276500
734,1125700
30,43700
32,105500
833,1972200
601,581300
106,584200
2420,2754500
197,672600
57,171798300
141,678000
107,627500
65,218100
814,885800
36,203300
228,794000
46,530000
58,815300
543,767200
250,525300
39,275300
38,274800
82,808900
126,306000
165,596200
539,1286100
63,154400
4023,3809200
124,249600
117,811100
30,42100
49,559300
1408,2119100
30,55800
403,711200
92,319900
30,41700
1486,1824800
280,536900
31,71000
42,353400
1013,1542300
941,1267800
416,1065000
871,808700
5182,5486300
139,717500
31,77400
69,376000
30,55100
484,804700
33,127700
53,719300
135,564200
8007,8369200
1698,2048800
206,920800
670,931700
2618,3079300
246,456400
1624,1796400
63,179200
2605,3090600
52,637600
1252,1796800
32,99200
34,149000
708,1314900
8651,9000800
114,836800
422,519300
36,293400
31,97800
31,79500
160,464400
377,863000
34,168000
101,456500
2653,2827400
973,1322500
88,860800
2542,3276700
160,430900
44,416500
80,793800
419,1357500
38,301400
1530,1522500
319,843700
54,797000
218,451300
38,261000
206,1104700
11554,11823700
126,364700
70,379600
342,667900
53,713200
266,917600
153,233900
202,961700
4315,5107800
2706,2830000
50,605800
30,42800
2887,3162400
124,273800
66,279600
1549,2122700
217,395900
184,356000
90,121800
46,465600
910,1223900
144,822000
135,534300
120,179000
503,1395700
5289,5835500
241,314900
40,468500
30,42500
389,1182400
46,515900
121,169000
59,879100
41,424900
1276,1719800
195,596500
763,1238400
84,995000
180,200200
200,807600
120,143400
50,689800
6681,7340100
36,221400
74,455700
1122,1658500
1220,2147600
262,940000
67,261500
1164,1918600
48,598800
39,329200
123,210400
155,291500
88,934700
87,830700
144,995500
158,580100
2496,2559500
31,73000
84,773200
151,241700
2732,3089400
2805,3214200
158,418400
280,640100
1438,2123900
139,644400
327,1063300
36,339400
2245,3294300
51,634100
1048,2268400
369,612400
3373,4295900
338,658100
2604,3569200
6253,6996100
79,746500
465,981100
36,226400
3415,4355800
200,813200
537,1293100
106,560100
138,608400
84,761200
47,547700
57,781500
432,915300
175,927900
34,153300
141,768700
39,286500
853,1165000
52,628000
5624,5876400
3780,3597500
72,404800
395,532000
675,1019700
116,821100
3792,4128800
14644,14283900
636,762400
235,1066800
354,1045900
55,725800
322,1081800
11464,10744000
651,1157000
547,923000
2391,2989000
576,831200
318,794700
487,650100
188,383800
71,377500
72,402300
298,980900
909,1060800
660,778600
261,831700
62,124000
35,237500
342,653900
90,98600
89,904600
792,1070500
1474,1664100
111,888600
120,125600
338,569400
3046,3738800
30,71100
90,149100
16694,16666500
88,833800
759,1025300
8358,8458100
591,1099000
1761,2236700
1503,1645500
8047,8273800
32,140800
408,922800
1367,1746600
35,195200
50,580200
60,80700
351,880800
499,1059700
9292,9723500
228,750800
556,934700
264,862300
65,201000
311,583900
323,998100
63,149200
76,612200
61,165000
68,319700
173,760300
264,1010100
40,314100
221,675300
1496,2560100
43,580300
188,555400
156,409700
136,708600
782,1064300
756,1103900
32,123900
67,378100
307,610500
7637,8103600
6366,6639100
158,471600
10536,11629300
3511,4414800
107,574700
30,44500
110,678500
34,153900
684,1360900
402,717300
384,1040500
58,800900
179,931300
109,646000
61,104100
42,402600
32,109200
320,800100
47,644600
42,461700
588,1478200
771,1766300
601,794000
7633,8808800
54,731800
76,511700
35,177200
1186,1723900
43,401300
878,1292900
58,903500
10363,11145000
96,313800
70,495000
830,1315200
376,781900
584,899700
49,661800
60,86400
55,705500
235,936800
11314,12211900
19327,19868500
3935,4425200
169,723100
957,1963400
92,159300
183,349500
2792,2697500
129,360800
127,436500
31,92400
165,712600
78,722100
60,89700
57,943200
98,353600
788,1180400
46,475600
1144,1351600
34,156500
96,259100
6568,7939800
10355,11190800
31,91700
46,493500
125,261100
217,498000
187,473400
393,495600
10217,11371200
76,576800
1513,2076600
10377,12413500
675,1121800
52,627500
559,1028200
1094,1352400
45,505500
35,207700
405,765800
475,1160000
1396,1983900
663,738300
30,48100
33,126400
60,69700
43,415500
37,276600
637,816200
108,648100
2691,3114800
309,530800
338,566500
100,399000
144,747800
536,1243900
197,633300
40,339600
33,126200
47,481000
1727,2129700
152,238400
32,96800
311,576400
12940,12599800
324,938900
95,230000
41,365800
178,902500
250,505800
146,1125500
1600,2125200
43,438200
159,420800
321,912700
84,725200
62,126500
97,283000
127,377700
57,779800
35,175100
965,1115600
30,49500
418,1236400
948,1316700
8592,8405900
186,363800
1990,2170200
58,797300
52,641700
37,249100
168,644500
3332,3279900
120,208100
110,762200
34,166900
884,1161200
51,598700
1320,1232800
231,871600
54,748800
167,595800
39,290500
88,940000
6542,6836700
33,127600
307,660100
160,530100
762,1210600
75,457900
1996,2415100
93,196400
37,337300
678,1090500
342,663100
1620,1478700
1369,1905300
353,963300
67,249900
432,752200
1195,1732800
4935,5347800
112,804100
46,675200
217,411300
111,750800
47,491800
111,752900
381,1117700
74,683100
96,270700
32,99000
89,886600
4977,5737700
1812,2177200
2255,2376100
109,856600
49,833800
33,182900
8035,8224100
12278,12413000
80,671600
76,516700
86,749200
34,206700
540,519400
3077,4016300
83,807600
60,119300
1393,1719200
3725,3745300
208,964100
66,228300
45,463700
35,176400
346,791100
124,240300
7573,7528900
37,230400
9517,9190000
96,275200
38,254200
567,1277100
552,987500
194,705700
46,577500
183,303800
65,205000
2148,2975100
51,591400
17320,16852800
251,536800
106,570900
5661,6229100
33,146100
39,311200
364,448300
135,528000
31,81300
39,328500
205,993700
77,671700
497,1165600
791,1302200
42,405100
1607,2220000
102,414300
3113,3573000
61,100600
712,1498700
986,1905400
45,470600
3916,4169800
143,783900
110,607200
207,937200
44,430300
38,252700
3215,3092700
57,816700
1550,2294800
135,588500
32,100800
912,1342100
929,2005400
5813,6487900
2854,2956700
31,78000
78,578100
82,644800
3067,3328200
258,767900
13511,13064000
154,299600
59,978900
60,121100
70,347700
101,454300
405,930800
463,787400
224,600400
59,827500
184,278800
1274,1707100
502,1037600
227,691200
1754,2069800
38,277800
36,214700
176,838600
1549,2080600
151,186800
66,226500
670,900400
199,778500
434,744000
63,216600
161,472000
144,848300
102,411700
53,765800
112,834600
2544,3196400
2251,2093900
35,177100
190,553800
101,578500
430,762200
329,1123900
84,882700
1332,1812300
1433,2006800
4605,5124700
94,225400
44,445100
3213,2943000
1638,2027900
235,855300
151,216600
81,618600
112,685700
309,551200
11402,11004700
39,335800
33,149500
31,68900
685,1288500
41,344500
59,813300
2850,2802500
110,720900
524,884300
193,527800
8892,9501600
119,845500
283,708100
221,497100
37,227700
199,777700
209,951300
30,95300
338,772500
489,884800
3064,3273200
525,943100
101,385200
329,1057400
57,815800
270,281800
1475,1558700
644,964300
348,805300
227,666300
1371,1775400
667,799000
592,1187600
44,477000
2195,2357000
322,910300
256,735300
56,1005700
451,591000
53,845700
2839,3657800
733,1169800
209,917000
1536,1808500
433,869700
86,763400
102,441200
219,467700
2073,1997100
328,1018700
55,715000
86,770800
1950,1840300
114,788500
2458,3153900
588,1034700
31,83500
779,1487600
59,1028200
103,467800
223,695900
286,747500
68,284500
45,450100
3563,3993000
4319,5065000
11911,11638800
89,935100
178,987500
9619,10433700
7981,7387700
87,873400
156,404300
78,650100
215,358800
763,1184000
619,1154500
600,624500
34,245200
177,957300
59,817100
188,387600
48,554100
58,796200
684,1290100
47,484900
65,201600
53,656100
96,294300
39,278600
1496,2013000
392,475200
5498,5999200
31,92700
76,632000
36,258100
216,463100
483,582600
95,255600
36,237100
99,333800
381,967600
267,957400
65,267300
123,209800
59,825400
39,276200
252,576200
482,562700
55,744400
31,168100
203,902200
189,470100
47,543600
108,571900
1546,2072700
871,900900
81,682900
247,470600
255,754800
2924,3266500
36,247100
121,180100
146,836000
429,660000
1995,2490600
34,152300
61,98900
31,109500
36,220500
507,1160600
85,804200
67,260700
4128,4413800
51,610200
694,807700
1133,1997000
143,878600
35,184500
4946,5490200
139,785700
38,283100
97,291100
3748,5405900
97,292500
96,382200
1390,1630400
1936,2274800
30,44000
2311,2330300
127,342300
49,566300
30,52100
162,466900
700,962700
30,53800
36,214300
184,282100
111,747800
59,1224100
318,768000
160,465500
468,968500
6825,7518500
73,534900
38,300800
43,412600
46,482000
48,573700
155,455400
831,1402200
51,599400
188,539000
3693,3956800
46,481600
224,680300
291,836600
118,892900
1614,2402800
530,1046400
463,802200
251,684400
187,462400
269,1275700
54,849400
78,861900
274,591800
44,499800
34,192000
2437,2651800
305,439300
411,953400
73,401100
136,579100
342,634800
60,70000
15763,15342800
6445,7314100
4156,4479200
118,909900
1448,1590700
569,1544300
97,374000
31,96000
39,352100
161,556800
33,159500
42,464900
38,430400
33,157100
10181,10699300
7283,7452300
1547,1998100
1975,2709400
30,44700
209,1012700
4263,4233400
5040,4894400
198,752500
351,990800
206,927400
82,621300
8667,9119600
6198,6571300
30,43600
1617,70978000
344,688700
58,849100
218,434800
68,298300
62,125700
89,863000
270,424600
3950,4147000
105,645500
68,302200
168,643700
44,422900
5665,5941300
55,743800
1737,2272700
1884,2306600
292,843200
33,124400
706,1094700
92,321500
209,1058300
109,598600
41,332900
875,1076100
474,1043200
96,278900
101,385000
2457,3048400
255,841900
1049,1722700
576,724800
1314,2095700
399,730500
66,280500
3766,4220900
162,502100
8802,8638200
38,263900
277,462600
155,318100
71,397000
147,800500
33,121500
117,912600
137,599200
56,904100
489,717100
914,1252100
33,123100
817,1184800
1632,2213800
4924,4902700
177,891100
146,880100
8478,8997900
1115,1201500
61,103500
79,618600
7733,8154900
1711,1671400
1539,1851900
103,516100
33,147400
36,220300
86,804200
244,368600
56,804300
78,568200
73,427800
32,107800
177,956500
8437,8543400
131,425000
132,446800
37,237400
1044,1597400
919,1419400
37,233100
45,450500
51,626400
64,175600
1621,1520100
4056,3871700
441,991300
307,725200
94,251500
492,953200
91,231100
46,514500
10397,10179400
55,697400
646,1073600
197,621500
341,688700
30,46500
57,849100
299,1097900
147,868900
34,152400
355,1084700
1444,1747100
32,98100
51,583700
36,201900
41,490000
1704,2368100
393,435900
69,321800
2365,2923800
169,726200
443,1060700
168,817200
294,944900
56,848700
769,1236100
118,908100
48,545400
149,944600
493,797000
65,221600
287,766300
52,611100
958,1627300
70,330100
49,559300
871,1037600
44,426000
567,1284800
655,1270900
275,420700
58,779100
88,932000
1890,1806800
1656,1810100
336,481500
533,1276400
142,896700
444,1555900
172,728500
14291,15521700
966,1044100
161,480500
1206,1385300
63,153400
185,349200
164,530000
31,89500
652,1252300
37,231100
43,575300
35,179600
54,728100
18030,18371800
41,369500
37,243000
46,498000
73,411600
12229,12924400
67,276900
1779,1923200
37,375700
211,303700
194,622800
2131,2394100
3273,3189400
1365,1742100
34,176300
134,532100
6450,6365600
240,297300
432,881600
290,910300
8406,8491000
95,241100
112,789000
38,287100
11984,11915600
860,1368200
97,304400
66,290900
147,956500
44,414000
86,796500
1695,2046300
150,155400
31,71600
622,1155300
669,877800
45,444900
767,1202500
159,394300
317,768100
1685,1948500
215,362200
486,638000
75,485000
1708,2445900
1724,1993600
402,683000
1653,1605700
165,543200
1938,2481100
425,557400
113,780100
41,358900
173,891700
977,1555200
717,1490500
53,693000
105,588100
260,789400
752,897400
301,328300
100,382300
37,241600
1366,1714700
48,535800
39,279000
56,760200
100,400200
75,449200
41,334800
236,961300
491,756000
162,511500
969,1375100
668,960100
2269,2584400
547,788700
929,2032700
35,190300
189,439100
100,359200
49,661900
39,313000
79,570400
588,1165300
278,464400
34,218600
247,564800
39,285800
306,437300
436,856000
36,198000
5378,5422400
31,70100
90,97000
1478,1802500
184,365800
53,677200
3363,3437800
657,1350400
229,715700
382,954500
3442,3793800
901,979200
129,379900
110,609800
77,613100
383,1090200
95,263600
365,572100
69,392900
1046,1721700
159,386600
291,880700
33,131700
402,680300
329,1087400
45,432900
114,754800
110,664700
479,1183600
30,45200
529,961600
399,607400
665,766300
14878,15903600
42,365000
59,831300
780,691300
152,205900
64,195000
1671,2528400
754,977900
234,821200
101,497700
61,125600
142,749500
58,830100
73,448900
56,709700
478,1352600
1098,1485300
184,279400
104,473000
8201,7884400
2662,3040000
945,1639800
41,429000
32,156700
44,462000
168,628100
236,1043700
32,96900
54,783900
112,741000
695,934700
5143,5320000
32,120200
2570,2955000
31,75800
3689,4130900
13227,15325600
159,497400
168,694800
40,342400
255,627000
343,715600
46,497000
667,785200
254,681900
732,1185100
67,434600
145,965800
32,101700
1174,1268600
262,873500
36,320900
134,677800
193,671900
84,882100
137,640500
171,853300
1072,1805400
37,289100
77,626800
47,810900
67,352400
36,240500
9462,9670800
10274,10774000
53,734500
226,676300
55,763700
136,634400
38,292500
57,827200
3151,3076900
8751,9418300
253,724200
238,997000
37,259600
2761,2636700
2480,3061000
107,537900
314,736100
31,106200
8627,9655100
47,625900
152,278500
1263,1489700
52,657800
75,484500
124,257700
181,206700
31,71000
818,1024000
210,202400
51,662600
42,417400
46,455100
156,328400
57,846700
6837,7631400
2309,3018900
60,71800
171,905300
143,800100
3309,3648400
157,367600
58,820500
32,119400
775,1678800
4519,5291100
173,877900
90,99100
656,1291300
602,649800
39,279100
4431,4748400
36,270100
183,332400
72,528000
61,125600
570,849100
34,157000
629,1466200
173,837300
946,1512500
82,732500
59,894900
228,772000
114,806500
4528,5657100
1688,2043300
81,658200
128,366700
53,687700
34,150000
31,71000
727,884200
30,45100
92,177700
642,899300
249,502200
50,645300
99,359300
31,71300
137,657000
80,641100
246,393000
598,1330500
1813,2054300
2495,2589500
994,1037300
163,575100
16709,17928600
584,1032500
62,155200
31,90800
1984,2575600
1582,2175400
145,805200
114,795100
49,573300
34,150000
61,97900
57,829400
70,434900
124,241900
39,277200
451,476500
97,306500
137,592600
64,177600
37,276300
196,879300
1080,970800
63,176600
79,630300
1046,1645900
189,408000
69,306800
2433,2426200
106,510900
1881,2515300
52,671900
3879,4115800
722,829600
556,1072400
56,845300
51,1010000
80,656400
57,755500
11995,11918400
165,580900
115,865800
221,513200
67,256800
36,203800
132,480300
209,1139600
3490,3582300
4750,4827800
104,554200
147,834400
111,739500
55,804200
94,224700
4921,4851400
4914,5429600
194,573300
470,988300
1122,1519600
251,874200
336,521800
49,585100
71,415000
32,104700
664,775600
635,785300
48,551900
81,651100
61,102600
32,107800
142,754500
75,463300
10106,11020700
835,1562500
91,132500
43,382000
263,926200
30,42000
145,770900
87,834900
55,683200
2151,2799900
4811,5055600
46,533400
55,714600
98,325200
128,410500
54,752300
110,638100
145,1018700
1394,1873700
352,913400
6365,7046200
41,505400
59,842700
174,928700
1758,2285000
1567,1688600
429,665900
36,229500
177,848600
58,805400
45,545500
349,889900
769,1283200
58,1025400
1082,1161100
1752,1967200
104,510000
204,869100
571,675100
30,51400
5535,5684300
57,812200
638,846700
305,421500
144,787000
667,895200
102,444000
64,178000
46,476500
1139,1784500
2336,3607200
46,489900
3431,3558300
442,1025100
275,540300
91,137600
183,311300
96,257800
91,125200
48,561400
30,43400
191,488300
1413,1570200
148,956900
78,599100
60,69600
129,358600
75,518300
257,694000
282,609300
409,937200
492,752900
388,1302400
843,892200
41,450300
888,1463000
3633,3490000
260,808000
61,113500
17328,18209500
102,467400
56,802300
184,469800
564,1165600
150,150600
248,513400
167,654100
1551,2176400
32,97700
9546,9896300
163,509800
590,1078400
273,385700
54,671700
37,255800
424,542800
469,1203100
450,465800
329,1156700
45,577200
2985,3160700
1292,1403000
2421,2854900
365,572000
56,930800
503,1333000
37,292300
5545,6498700
32,99700
134,501700
851,1080900
73,443400
427,560900
633,681000
35,195900
1528,2075800
123,215100
57,788200
1405,1977100
148,881800
127,311800
701,1162100
168,697100
2349,2368300
1792,2247700
267,925600
137,681600
30,43600
30,40600
4309,4854500
52,641700
61,100400
385,1052200
40,303200
303,391700
62,163500
59,890400
93,188600
530,1045400
52,635800
10303,9847100
1556,2365500
599,1549600
30,45700
373,780400
610,870800
1628,1779500
96,278400
329,1067700
18458,18453000
80,768200
527,1168700
3296,4691500
157,425100
164,662200
44,522000
49,632600
78,550800
373,684600
47,555900
435,945000
175,955100
654,1253700
44,543800
137,574300
339,605600
139,642900
169,650500
113,730900
451,433800
1093,1377900
103,439600
74,555800
63,197800
434,1126500
721,873000
35,224100
81,815600
100,483200
1721,2299500
950,1616100
76,531000
77,523900
226,823600
254,668100
6920,7364400
1029,1350600
43,415900
2360,2654100
94,254000
3648,4495800
1360,1602800
35,199800
38,249800
89,824400
37,227800
63,191400
1894,1857700
193,660700
1673,2371500
224,586900
4724,4667000
598,1318300
258,751600
1905,2401600
43,382000
37,244300
46,489100
293,871900
972,1453600
407,945000
649,1150400
42,400300
42,415000
92,157700
1085,1213700
79,583900
38,280500
2111,2316300
77,598900
176,940400
30,46300
85,771600
303,435000
56,748700
1318,2142900
92,154900
202,796700
50,671600
124,233500
67,258100
41,387400
218,422500
33,124900
223,574500
76,527300
435,792700
492,868800
38,256000
305,440900
109,612600
184,323200
403,809200
89,885000
273,344300
51,656200
647,1050100
92,175800
4281,5095400
245,363000
89,879700
1327,1422200
154,320400
140,673400
633,709000
81,657700
200,722900
835,1490000
59,789300
48,542000
47,507200
699,864800
116,848100
62,128100
2363,2985500
180,180400
138,638400
65,233000
41,331800
142,971700
86,888900
119,878900
161,526200
129,366900
398,579500
59,885500
36,202700
101,400500
37,247200
40,329900
108,599300
373,710000
54,700700
1345,1866000
11308,11795600
32,98700
176,917700
127,311600
301,309700
918,1352000
344,786000
340,669900
51,602000
301,362800
533,1127400
362,421000
36,230500
30,72800
230,708200
48,526400
33,148500
93,187900
41,334600
696,1115600
65,265400
148,1020500
1588,2484500
110,637800
272,331500
41,397600
126,282500
126,282100
5088,5327600
1688,1798900
39,306000
6386,7717500
798,1241400
49,568000
88,826600
102,426100
435,820900
226,662100
218,437000
76,602900
1788,2195700
240,250800
111,679400
236,939000
577,862700
39,279000
33,123900
602,650000
74,550600
39,281000
42,374000
38,294200
1889,2438200
38,275100
36,203300
72,428100
326,971100
1411,1373200
128,368500
221,546600
484,608100
601,729300
152,205800
82,633600
31,85000
1233,1288800
83,883700
73,423200
72,469200
618,1269500
88,936400
32,106400
30,42600
621,1185100
39,293300
9934,9664300
122,179900
174,890900
43,433000
229,935000
90,117800
391,402900
563,1215000
235,907400
59,811400
34,163300
32,95100
102,438500
2341,2250500
171,724000
281,569700
243,306900
189,431800
122,201600
1098,1535700
101,397100
43,409400
48,541600
273,344600
43,399900
1687,1779800
140,763200
229,730900
1765,2417700
2091,2731400
7341,8062000
117,791500
43,562400
453,654800
7126,7144400
6992,6815500
121,201300
518,769300
1294,1546300
51,696600
149,918000
295,947200
480,437400
52,678200
672,931600
612,1015600
45,434100
208,997500
472,1022500
252,576000
3220,3303700
32,106900
67,252700
369,777000
42,364100
178,866100
55,807100
201,742300
186,334700
79,618800
860,1763800
326,1254000
381,929700
918,1490700
156,328200
4657,4630000
429,679400
2593,2898100
210,227200
129,382800
113,683400
40,423300
52,671900
745,1642500
2986,3382800
1160,1740000
53,739000
34,150200
306,429500
118,921100
30,44700
97,283800
77,654500
104,554000
804,1479400
517,664500
2256,2439500
336,475500
282,624600
52,643300
30,41600
138,584400
229,911500
712,1267500
516,671200
72,381500
42,357500
32,96900
170,904800
93,229600
116,901600
158,381400
353,932100
6984,7185100
136,543100
1887,2591800
81,640000
38,258300
546,702200
90,99500
496,901600
78,566900
102,425400
58,942400
1807,1974600
105,571500
111,700400
36,236800
6641,6322800
45,427800
182,234400
165,589100
111,677200
755,1064500
613,901500
842,961600
3646,4285200
31,76300
57,814200
1410,1347800
199,718800
13617,14241900
390,370800
318,963300
53,762200
40,323100
85,854500
36,210000
218,431200
60,70100
133,549400
374,690600
34,212400
48,551300
104,518300
40,305600
3057,3627200
46,475200
865,1606100
32,99200
30,41000
37,227100
35,176900
1694,1952000
39,357400
1026,1129900
142,767600
144,877500
163,526600
306,473100
279,490800
86,805100
126,514600
82,696700
33,170900
378,830900
2193,2163500
68,299900
370,611500
82,646600
481,49174000
2726,3716700
60,74800
2789,3508300
32,123100
856,1275200
1461,2071100
4749,4832900
2985,3151000
101,428400
73,457900
42,356800
6341,6343400
123,201900
60,67600
75,500800
57,788600
66,229400
48,635800
962,1009600
46,572800
487,674800
263,867700
67,257200
172,825300
187,470800
1147,1476300
805,1487400
284,647000
102,432000
12432,12708500
247,499400
568,1257500
72,429900
37,238500
58,820800
96,306300
383,934000
83,773000
2588,2747100
3314,3690800
150,155600
289,869300
9477,9956400
74,600100
195,807500
73,493700
879,1611700
80,816200
774,1450500
68,295800
238,1017600
302,376300
58,820800
5247,6106200
45,545400
455,712700
68,379500
3968,4682800
31,74100
217,570800
78,610700
1515,1814500
47,570000
64,190600
2347,2567600
85,772900
1001,1261600
193,735400
46,512900
53,628700
40,372000
367,575200
120,126600
37,225400
12362,12708100
102,443700
165,641600
33,188400
75,562400
38,309100
128,353200
1506,2144300
54,1024200
3348,4105100
7985,8485600
251,537700
2854,3106300
2005,2660400
37,227300
4931,4855900
1512,1840100
4675,4998300
156,311500
105,545600
41,356700
796,1156100
140,667900
44,407700
278,501700
55,725500
890,1545900
522,829400
493,950300
271,296600
220,521000
769,1203800
838,1474500
477,1475800
128,444100
48,667100
2757,4079800
1327,1504200
292,837500
123,215100
180,174700
163,609500
74,453500
66,225800
52,707600
36,311700
1175,1268600
754,827100
1529,2167400
74,669400
480,483700
536,1353600
42,368000
1863,2010600
32,125100
3026,3479400
1429,1891600
34,152200
185,345200
223,549000
37,223700
1664,1902200
46,483200
57,762300
93,221200
4079,4794500
10648,10805500
193,511000
60,120900
117,1052400
2790,3082800
617,1139600
51,804900
34,166400
97,302900
2587,2648400
42,468900
312,638500
32,119500
791,1007800
145,856200
432,860500
833,1388800
31,116700
49,711700
44,449900
177,1251600
50,577200
356,1074000
583,856100
589,1109100
52,632600
16051,16313600
69,338300
2044,2316500
8809,9777100
566,1309700
974,1301900
999,1344100
115,873000
48,538700
38,279700
103,487300
1012,1626000
2237,2680100
95,254900
38,266400
30,40900
30,42200
32,97500
121,177500
16511,16424900
60,82500
446,1124200
33,161500
634,875300
118,887500
279,541300
2010,2102600
733,1041100
119,890700
1123,1499300
647,1038100
284,774200
10311,11268600
5178,5631200
64,260500
3037,3038000
37,286400
273,450000
86,775500
226,659300
484,590400
232,813300
31,72800
180,204600
33,131200
82,659900
19561,18876200
483,644900
47,511000
99,334600
33,125200
389,1227100
239,984800
1373,2213100
963,1243500
70,426800
4128,4678900
581,913400
518,868900
93,191400
81,783600
744,1366000
121,298300
119,967100
1689,1809000
77,556800
104,455200
134,624100
123,273400
99,400900
318,833500
36,236900
31,76400
239,1071100
41,422000
695,802300
48,563400
683,1340400
386,1328100
114,873400
136,571600
44,493400
179,946100
1963,2325900
307,506900
76,507000
1088,1407700
2436,2618200
1003,1368200
7201,6678600
106,541500
285,702500
36,207200
3012,3112200
92,162300
215,336700
71,387600
264,1020500
41,457300
5107,5296200
777,1434000
332,429800
541,563900
277,468600
113,985000
38,323600
6813,6826600
256,664900
740,1335800
991,1058300
61,98400
40,323400
160,426500
68,281600
56,740600
500,979400
206,916900
285,643200
33,135600
6472,6913900
130,416600
976,1468400
213,292000
8829,8787400
83,674900
39,307500
136,560700
150,166500
38,254800
905,992300
146,920800
105,548000
39,282800
59,1019400
262,1046300
78,625900
93,176000
182,250200
42,349700
194,537700
1727,2175500
5227,5014800
40,337500
231,749000
200,805500
86,812600
69,367100
260,802600
123,213600
77,527500
134,575700
2336,3161100
61,107600
50,567700
79,731000
40,348700
80,653700
342,694800
8203,8356800
480,445600
139,653700
139,642100
65,210500
153,246200
98,309200
804,1361800
144,784700
264,894800
2801,2851200
3327,4078900
174,829900
245,476000
60,91500
73,416400
1222,1854700
41,352600
50,584900
106,535900
49,594700
88,826700
45,591600
814,890000
47,501300
47,534400
455,551100
336,544200
296,959500
85,796700
1131,1627900
1513,2001800
1120,1359400
45,468900
30,43100
5249,5799900
9254,9336500
136,569500
44,431300
327,1118100
7488,7443900
142,771000
248,456900
69,323100
411,983600
1856,2992500
15092,14316500
80,698300
522,820500
130,536800
68,298000
905,949500
150,243100
142,742500
1042,1645500
647,1207800
879,1076000
303,399500
45,429200
587,1043400
759,985400
46,517300
458,629500
50,761800
2178,2434200
94,216300
70,373400
151,179800
166,656700
152,230100
45,472500
621,1293000
2727,3497600
2480,2769500
97,281100
9085,9384900
100,373700
341,639500
61,98300
254,595800
31,90800
10979,11923200
365,528200
4255,4739800
424,537400
12561,12838900
56,740400
235,896500
191,471700
61,100800
767,1200900
524,899300
427,703800
246,429300
306,460300
33,133900
161,462000
2065,2649500
198,702600
3340,3562100
94,331700
47,618100
142,724100
4401,4769200
56,791000
129,466500
49,688000
173,980600
71,459100
374,901500
40,325900
52,658500
46,528700
1009,1501500
2737,2699100
181,203500
250,495000
71,381800
106,530400
91,124600
31,69800
35,173500
264,1034900
335,462900
264,884100
933,993200
32,139600
1000,1462100
53,726100
319,856300
2167,2245700
8602,9156700
50,595500
51,650000
655,1286400
197,664100
140,653800
748,1558100
203,895800
5420,5620000
102,493300
257,773800
614,1003300
1263,1386800
1711,1719100
70,351500
846,970800
178,942400
856,1288800
43,426500
43,438100
95,229000
174,828900
295,1177200
1754,1987000
7852,8087200
221,526700
540,519600
94,232900
132,440300
1415,1537200
428,654300
30,42500
72,378700
1581,2320400
43,539000
64,296000
253,741400
462,857700
55,696300
81,659400
39,305100
31,70700
135,501100
32,95000
44,417500
172,748400
32,95200
30,39500
32,95100
416,1239700
148,969600
380,862200
206,901300
854,1163800
555,898500
45,461900
122,202100
31,70300
79,622300
36,235600
2927,3340800
602,674100
424,532200
202,768000
264,891300
40,341400
48,509400
31,95000
319,806100
53,694000
55,743900
151,238200
1101,1793000
72,471200
35,179700
42,358300
69,303700
59,831300
41,341000
37,227800
30,42600
59,850300
774,1680900
30,43100
81,635700
132,439300
6272,5985200
192,521800
123,200400
1734,2494400
72,410600
578,915400
33,129300
427,591800
6935,7053400
11417,11950200
3685,4200800
15059,15491200
5503,5426100
2303,2905600
80,756400
1746,2066600
37,335500
46,499800
66,227700
117,1003800
681,1184000
61,156500
358,1061200
69,304900
106,629500
46,466500
35,177900
64,176800
85,991500
61,103300
14450,14403200
1969,2272500
126,339200
2379,2485700
106,507400
47,543300
8263,8580600
144,768200
14110,13607900
69,332400
1250,1816700
101,476700
648,1096300
440,980200
6348,6489200
40,325200
120,125600
36,203400
43,391500
646,1183800
376,826500
81,649200
239,1004300
821,1089600
139,820600
38,253200
87,770300
36,200100
8548,8701300
54,671200
89,858100
52,616200
433,917100
48,622100
110,653800
85,939200
3539,4581100
138,630400
4864,5074200
45,536500
19716,19974800
163,648600
1167,2002400
1185,2015300
31,93800
1623,1957400
207,1038200
223,599200
7791,8370200
5106,5466300
230,1233900
483,803800
247,617800
1213,1575300
39,306900
53,627600
350,958200
42,354000
87,788300
254,741000
32,97700
41,356500
566,1246300
47,547500
308,623300
63,152600
299,1162500
6479,7093700
163,563000
31,73400
17975,17761600
66,271400
305,438200
419,1182000
88,1001500
68,305200
168,637900
33,125200
264,908600
202,908300
58,814600
227,665000
233,837600
123,243000
2861,2933800
80,655700
159,396300
1379,2428700
473,1308800
69,388300
124,254400
50,604000
32,97800
192,509800
2422,2953800
562,1144600
661,655500
453,526500
4513,4943100
152,215000
3152,2976100
2358,2807700
829,1271800
371,792100
5771,5912800
38,280200
42,363700
3306,3434300
1255,1977600
109,631400
2484,3023200
1463,2066500
310,588900
83,766200
148,945300
139,620900
38,262500
55,734000
59,800600
85,774400
50,618000
588,1034700
668,866200
52,653100
1494,2119500
147,880600
74,435800
64,176900
1020,1026400
406,812500
37,293200
858,1322900
30,42300
136,630300
71,464500
139,809100
130,415900
342,756200
449,1224200
253,564600
49,611700
9508,10311700
102,638800
214,398200
545,942400
286,860300
637,1018200
475,1415900
41,427600
321,1061200
59,951200
177,959200
37,234800
47,503300
4875,5187900
12272,12690300
254,623900
88,944500
61,103900
172,905200
128,367500
435,860400
69,310300
1642,2445400
54,696600
72,654400
74,485200
42,364400
83,715600
1674,2313700
33,123500
83,787300
388,1079700
70,401600
31,108200
168,688300
217,404100
475,1094400
109,608900
36,224600
161,545100
314,768100
250,858600
11603,12053400
241,288100
39,295600
32,107200
224,588600
333,402000
968,1244500
237,1020300
1402,1957800
55,772500
40,315100
198,719500
1541,2003200
559,1077400
58,932300
293,1126000
49,665900
96,308700
308,586400
201,726800
710,1457600
1104,1824200
6869,7412500
33,126600
936,1105500
142,719100
60,70700
100,387600
214,356500
44,408200
3205,3547800
5510,6376800
108,561200
265,1105100
46,497300
244,386800
47,521600
37,225700
61,99100
436,821700
71,395400
893,1421700
180,194700
79,561800
122,199400
38,250600
116,788900
3847,4455600
398,739500
34,193800
96,350700
54,860200
84,929100
404,743900
2580,2332400
91,132800
79,600600
316,921400
57,804300
1843,2108500
35,183000
48,508200
142,787800
53,640900
131,513200
169,706300
183,257700
134,534500
179,973400
1814,2073800
49,670500
171,832800
1296,1358200
3446,3859700
674,981700
57,764400
1024,1044900
41,332800
74,748100
39,324300
36,233400
769,1485600
30,42100
728,982000
99,458400
334,435600
5621,5615200
46,470700
85,795200
8757,9173000
441,1064000
690,735700
40,309400
5938,7209700
815,1023200
637,902200
78,774000
241,273800
121,156900
46,466700
79,599200
35,215100
54,846600
60,135300
33,135900
52,655400
54,667900
367,835800
52,635100
4442,4555700
32,115800
35,178400
116,975800
50,655900
210,273700
31,121100
166,601900
70,408700
97,324800
36,229800
38,281900
631,668900
384,1107000
30,43600
45,435800
114,850900
64,185500
625,1299400
155,355700
95,232900
585,974200
2418,2801700
50,623400
75,585800
205,948000
2221,2358200
38,250800
38,249900
66,232000
111,677000
136,650000
41,350200
52,873600
312,606100
32,128100
47,518400
128,335300
43,380500
90,109000
38,302400
50,591400
31,71300
38,255000
334,574900
37,233600
81,636500
2935,3923900
271,364300
45,509100
56,759400
92,149800
50,621300
133,515700
845,906400
44,491800
68,307500
74,459600
448,1222200
679,1271800
63,157600
3589,3965000
1059,1501400
575,804100
300,293000
40,316700
746,1420500
31,72200
345,794400
87,768000
150,151900
38,252600
612,1000200
40,316400
122,184000
4323,68367900
1844,2344700
111,667400
1232,1207000
4714,4411600
38,252600
762,1027400
166,572600
1259,2027000
4554,4994300
207,910800
138,688500
140,659100
74,425400
34,165100
34,148100
761,994100
6015,5806900
48,535600
831,1385900
74,488300
41,325200
52,602900
1775,1738900
56,907400
149,899200
179,942800
1796,2303600
206,860100
522,876700
57,970100
55,773200
53,743000
126,301300
8650,8680700
843,900200
2616,2877700
145,799100
3918,4379000
132,443900
39,356400
31,122200
78,658300
76,507200
31,88800
147,885900
423,496200
437,1059000
787,1021800
103,459200
755,867700
36,211200
375,754200
76,546400
201,765500
146,868400
112,695500
7820,8105200
2676,2710200
40,305100
943,1312200
64,180700
239,1001700
1112,1202900
83,722600
86,812800
12397,12140800
3282,3630600
74,492500
234,1010100
116,844300
215,421300
204,1125900
144,886800
1132,1742900
42,364400
4291,4078300
92,170500
271,338500
96,258100
810,883800
233,843500
644,998200
96,296000
227,721100
106,570400
41,348600
475,1142000
48,568600
553,857600
45,563400
372,995800
87,786800
47,556300
504,1129800
102,462000
34,246500
4382,4610200
156,336500
229,923900
99,353300
3819,4362500
47,536600
462,744700
96,369400
288,748700
443,1038600
32,99600
78,564400
72,415400
431,744300
5431,5998700
67,310400
79,786500
107,582300
527,949600
30,42700
30,42800
1447,1607100
2231,2669500
399,641500
1964,2288600
1224,1852500
30,61900
183,324600
46,531400
36,262700
633,922000
123,286600
30,45200
74,489300
1360,1688300
43,425700
178,954500
2195,2865000
145,967900
128,350000
55,710300
839,1565800
1971,2608200
46,526500
114,719400
37,250600
3178,4047900
390,405100
56,749700
359,1461600
37,240300
191,576800
64,195200
209,1035500
2081,2272700
200,745800
47,572800
72,411600
88,924900
38,326800
69,378300
123,222500
1569,1821200
44,423500
96,358000
185,357500
47,494500
94,280100
33,154400
58,925600
202,775200
85,996400
2626,3480300
352,1115800
31,97000
85,880600
838,1846700
124,241100
63,169700
518,722300
39,290800
3419,4088500
624,1414600
5256,6135700
295,1157500
70,364500
40,395100
2677,2890100
39,304900
55,745200
76,498500
5173,5517000
958,1689700
1783,2224300
3960,3779300
270,269500
1459,1869000
143,803000
96,445200
49,541200
59,920000
667,806400
76,532700
3753,4025100
2353,2605900
131,480400
97,285700
4488,5281000
4805,4734400
87,840600
160,438800
355,1045700
1864,1915000
197,638400
95,246300
34,213400
119,873300
360,333800
37,248700
115,836500
50,594300
51,841400
116,868000
219,699300
91,130900
1178,1374200
287,696700
259,783300
294,885100
807,1529100
108,906000
3862,4587100
67,389300
34,158500
782,793300
82,841600
2435,2636600
231,837500
1932,2251000
2628,2946000
376,792100
54,696100
48,551500
416,1074500
188,386900
40,337000
2317,2370100
81,797100
426,674300
53,914000
50,614000
147,983100
53,683400
35,173800
436,1009800
386,1074100
1141,1086500
605,750800
812,948800
147,869300
7711,7313400
72,459000
75,504100
1885,2493600
1245,1531400
233,815300
2282,2273800
123,248700
36,205200
225,593500
38,250300
98,362000
9931,9911900
542,566800
32,100300
681,1218400
577,794700
155,331700
161,478200
282,867900
356,1168600
32,129000
733,1202200
118,888000
3040,3460000
299,1068100
89,1109200
8177,8254300
55,683200
257,781900
56,911600
102,568300
3636,4575400
87,856500
158,366100
71,357900
39,428900
122,279600
77,640500
128,335200
40,398900
4450,4408600
14631,15447400
794,1136300
1688,1842400
2226,2400100
2841,3146800
130,417700
2124,2605300
738,1155800
261,968200
62,124200
49,604400
2103,2055400
46,453900
4826,5352900
63,158700
112,762900
1307,1759600
87,765200
31,69400
56,803500
36,204000
33,124300
192,598100
1772,1798700
538,1224500
186,431200
830,1559700
49,618300
45,460000
101,402900
4222,5343100
72,447700
3147,3777500
79,559300
174,801500
119,917300
107,568700
96,269500
433,754100
68,275700
108,634700
115,793800
46,459200
94,201700
96,281500
84,715900
18235,18678600
43,397500
468,950700
733,1106700
183,287900
111,686200
444,1167100
71,363200
105,516600
256,675100
91,125900
243,307800
139,744900
413,1013800
68,279200
1507,1557200
106,521400
205,872700
206,887200
4989,5209700
563,1213400
126,283100
547,926600
76,487400
1070,1522800
47,478800
106,637300
52,636800
669,940100
106,505300
212,255000
163,556600
71,367600
131,438900
40,311300
1579,2350500
8107,8306600
709,1202500
131,465500
8341,8295700
46,497900
106,535100
18010,18932100
45,568300
292,1071400
2016,2625100
4027,4741400
447,1350900
445,1161800
238,987900
48,529300
67,270600
12441,12608200
1307,1847500
1627,1893000
422,445300
65,210100
69,363600
52,606400
43,395900
67,268500
1194,1871700
141,713500
63,150100
461,752400
809,1516300
3767,4185000
244,378000
3292,3805900
239,1086300
119,1006700
2591,2618200
1932,2227900
33,126800
327,1110200
8544,9113900
272,316200
130,450900
87,807200
1116,1354700
44,411200
48,563100
84,758600
108,558200
337,617000
31,84000
51,657600
246,386500
199,801300
2331,2879300
1276,1687600
271,291300
255,700200
14976,14283000
1627,1821600
55,746300
1110,1084600
39,282500
36,197400
69,331100
31,69600
41,362900
41,339300
269,991600
47,511700
620,1099600
284,655600
867,1582100
57,727800
51,799700
32,126400
142,719400
372,690500
202,803100
38,254500
37,227700
18576,18085200
64,193700
183,270600
42,375000
32,113800
519,789400
38,276100
537,1176200
31,83000
32,100100
665,777700
89,845600
32,95600
42,439300
51,580600
190,469800
161,474700
116,807700
43,589400
62,157800
1550,2019700
39,279100
30,42000
45,447500
323,925600
133,457200
2113,2283200
162,537600
68,283700
49,543400
587,1095200
460,968800
31,76300
234,892100
14571,14724400
156,401700
177,915100
59,959100
31,101300
88,992000
65,204400
755,932700
51,696700
267,989800
143,769300
31,71500
116,836700
612,887600
37,229200
34,184100
38,265500
1692,1861400
2018,2049000
182,232200
3707,4070400
526,926200
66,230000
56,817400
3840,3717500
127,309000
2097,3032800
2284,2226700
37,295500
52,711500
73,472500
1550,1925000
1370,1924200
352,1271700
453,526800
34,169000
1610,2204000
42,412500
36,202800
46,489100
72,398200
119,892800
713,1306700
124,258400
525,877200
2868,3219300
2344,2484700
17410,18109800
279,637800
186,533600
31,114900
138,612800
140,740400
1036,1538200
53,732500
35,181200
6745,7141300
53,700100
171,685200
781,945100
36,215900
39,278000
179,924700
54,718100
2793,2921100
45,423100
2007,2949200
160,422700
296,994200
403,704200
709,1245100
17948,18373200
566,1301700
76,606700
39,301200
6067,6007000
951,1529200
78,618900
74,450100
729,951200
279,569100
30,41900
209,1023300
257,733900
124,231100
1428,1989900
155,309600
135,650400
204,941000
68,289500
1795,2455000
252,587100
828,1283100
41,385800
54,793200
251,539900
85,834600
228,691100
8877,9348700
42,354700
336,499800
1195,1901900
66,244500
32,105000
305,420800
4218,4689000
1747,2009600
71,372700
49,650300
1958,2473700
49,644900
212,302600
148,843700
51,675100
1869,1962200
601,572500
399,621300
277,480900
232,777200
331,356800
2445,2615000
164,587200
183,386600
66,227500
2101,2127100
54,797500
676,1188200
63,153700
313,645000
4043,4431300
318,771500
974,1411400
1099,1637700
158,395500
72,398800
1737,2294200
17306,18664300
40,458500
52,742500
2729,3485400
841,854200
133,483500
1758,2505300
124,272100
438,969500
136,728600
1490,2013200
800,1661300
1305,1880500
413,1235500
1028,1437100
65,264600
2139,2491500
89,987800
16187,18426600
38,265700
56,750800
287,773900
196,591700
934,1118500
321,869400
56,863900
237,938300
806,1463900
181,334100
78,610600
82,886500
31,73600
2337,3098800
127,311900
428,663200
32,115200
194,538200
1739,2886300
67,262000
64,175700
240,227000
98,367400
59,860200
55,775000
161,472900
1756,2452300
34,192000
173,1008800
960,1260100
7104,7619400
137,729800
1077,1946600
3155,3150500
58,799500
42,382600
35,212600
404,783600
7225,7939900
619,1302500
313,659700
302,392100
353,935800
190,600900
137,622700
50,617400
45,495800
255,624400
34,151500
55,813000
8443,8954600
66,280900
4772,4551500
30,42900
198,847800
74,531200
431,745400
232,822200
43,386400
291,910200
6479,7161700
100,436500
51,630700
95,249400
281,571100
45,428600
30,41800
30,40200
560,1182200
89,864300
74,506000
229,765900
34,150400
478,1178400
110,613800
41,348100
68,287300
84,705200
4074,4347700
439,1278800
44,437500
438,967800
46,460500
270,259000
60,141700
650,1140300
1716,2226800
1786,2328800
30,42300
62,123400
36,263800
95,225700
296,1035900
57,791100
339,575300
807,1454800
133,464100
31,69200
228,782200
35,240100
5542,7385800
31,93800
36,259600
81,805100
32,122900
45,539000
144,874600
60,71500
56,749900
58,801000
542,583300
40,302900
941,1275000
49,523400
352,998200
319,845200
177,1122400
314,835100
615,1226000
84,979800
690,682400
67,257700
104,480500
51,683500
10704,11354800
10557,10566300
427,609600
142,742800
80,831600
488,1042800
55,748800
39,307000
423,570400
124,230000
210,233500
3510,3313800
56,839700
1029,1441200
2151,3195300
270,360300
61,105800
30,42600
312,647400
153,237300
11464,11334700
178,943000
147,850300
700,951700
142,723400
42,390400
82,648400
46,493100
47,560800
45,479200
207,1284600
86,880700
474,1128100
385,1068200
164,551600
75,458200
54,748500
4261,4140500
61,117800
713,1247300
228,718000
72,377600
51,603200
67,252400
5802,6457700
48,582100
104,521900
353,921400
113,721100
53,648000
226,758100
69,310600
46,461300
15939,16601500
1532,1444200
35,203900
41,354300
2197,2237200
538,1339500
125,281200
189,435800
57,815900
68,297400
63,150800
1913,2430100
1553,2113600
1386,1465300
11091,11280600
145,817600
2153,2705800
16694,16890000
124,236600
190,458900
52,662200
375,769900
107,563200
32,97500
310,553000
814,975000
52,627500
1146,1574100
1163,2017100
132,608300
1779,2211700
43,545100
32,127600
2913,2957400
54,801400
161,485300
100,387900
585,1167600
2485,3333600
853,1153400
64,208000
66,230700
10490,11926100
152,259300
1602,1997800
51,832600
76,578900
136,572600
101,384500
257,813100
2403,3020400
354,1184700
147,890700
53,710000
881,1167400
174,952500
114,983500
200,947800
237,1115400
307,497900
101,402300
107,812500
288,767200
367,594600
300,355700
80,636200
125,283200
34,151600
12583,57578800
832,1506500
323,980100
44,416800
43,475200
34,160200
367,553700
648,1153000
71,411300
223,615300
305,435200
12327,12619000
1003,1290700
237,972000
219,473400
32,98400
1351,1247300
89,872100
172,750100
161,441200
226,659100
379,848000
214,307500
54,744700
75,522400
51,622500
44,451100
31,77300
53,678700
33,122400
1896,2705300
1365,1785300
49,536600
173,926000
54,784400
505,1290300
72,392900
126,287600
82,762000
125,335300
74,522300
294,1012800
82,655900
32,103500
116,802200
535,1151100
36,204500
31,75300
46,534000
149,921400
225,623200
682,1339800
1475,1573600
53,688300
158,369400
236,1102200
470,1319700
312,758800
33,127600
73,497100
194,778300
59,1010000
93,383600
347,803700
7000,7672100
43,388200
82,817000
64,243000
110,739400
5911,6037600
87,912300
8020,8884400
4997,5775300
1104,1838000
594,1333200
37,248800
137,638000
683,1281600
626,1321900
73,439200
88,842900
45,484000
66,260800
32,167300
108,684900
3659,4473300
225,606100
365,592400
441,1047100
157,341400
636,840800
755,858400
657,1648800
433,878200
39,333300
2376,2505000
53,809400
147,863400
230,786800
490,718900
192,542200
39,282400
108,567400
4921,4708500
123,292100
53,738900
47,492200
959,2097100
312,654500
30,63500
90,97500
111,679200
48,550700
172,752400
239,1157700
36,204200
2852,2772300
220,471800
382,1047800
12796,12795500
5881,5490000
1452,1759200
362,390600
83,725000
96,255700
14927,15022000
1181,1607300
490,806800
293,893600
39,345200
48,538600
129,433900
45,509700
276,428400
81,624700
47,481600
274,451800
6184,5891700
715,1464500
54,729600
60,86600
2788,3525300
40,304300
8191,7856300
45,450700
3727,3845400
93,230000
253,684600
33,147700
63,152500
41,336200
86,806500
67,300300
2574,3123500
3196,3486800
89,834700
3871,3638500
1084,1300500
4711,4369100
145,846600
228,675900
40,326100
74,447700
56,742800
263,887500
126,281700
54,681000
4746,4594500
1277,1942700
3494,3736100
54,702700
15744,15688400
1865,1850900
1013,1592900
8001,8124400
39,406600
120,168700
36,389000
102,470900
123,250500
514,627800
2329,2595000
70,329000
39,349000
37,224700
60,69600
100,354500
279,528600
51,627900
67,258200
577,884900
78,537200
113,731500
831,1373700
214,325200
88,786400
364,464100
538,1220000
111,675200
252,649000
2702,2508500
113,707400
32,96100
137,569400
8718,8751800
81,644200
350,976900
1446,2213600
4984,5853300
213,369100
967,1380900
1621,2044800
214,400200
688,1808600
1775,2177500
1974,2840300
388,1316700
165,596800
189,414400
53,713400
1480,1891100
46,462200
42,375100
106,587200
232,764200
183,334300
66,229100
860,1480700
78,613200
119,873400
2927,3551900
663,824500
3760,3896100
3195,3706700
8997,9221600
52,652600
46,533900
37,230500
49,536500
235,1072000
153,292800
30,44700
443,1125100
43,393200
32,99000
33,123900
151,182100
64,197600
162,495900
32,97000
1560,1545800
7226,7693100
144,809100
47,495500
313,886400
99,392100
52,633000
646,1155300
567,1235900
618,1040800
1046,1968400
53,703900
73,533200
354,964800
41,371100
30,43200
2939,3632400
52,628000
235,864900
306,445200
160,419400
124,248800
2444,3066200
6191,6229000
110,637200
43,380900
297,1384200
161,443400
4030,4067800
32,99900
79,598500
266,966800
51,609100
44,468400
114,924200
273,335100
180,212300
306,454000
1877,2326600
530,1070400
4057,4240400
329,1124500
33,123200
5100,4966400
563,1166000
36,253700
93,261000
397,719800
1012,1880700
257,844000
48,530900
57,903500
700,949000
398,603800
38,277300
1130,1714600
66,234800
1000,1218700
1451,1689600
211,234100
72,378200
556,1149000
1951,1928400
31,70600
4039,4220300
268,1132100
202,768600
18244,17803100
9892,10263600
5003,5772300
593,1336000
532,1056300
39,279500
137,674800
112,657100
88,862400
218,407000
112,708600
64,181100
1026,1236400
91,127700
33,124800
53,715600
449,1189600
36,199500
155,291400
1584,2197600
428,650100
64,175800
3514,3439300
36,199000
90,94100
62,120900
46,482500
38,288400
63,149800
4928,4860000
144,810600
73,505500
183,320800
191,473200
106,573400
176,912200
6342,6395300
137,593000
120,126700
46,646500
207,902400
177,875200
810,750700
117,830700
50,633400
55,724300
34,148400
441,942700
86,787400
9023,9391900
40,309100
49,542900
44,431200
294,1045000
55,775700
94,206400
274,365000
56,746900
423,521600
460,734000
46,691300
453,557000
3159,3579200
40,323500
162,541100
38,262700
34,152500
11134,11004500
266,934600
177,890400
3981,4332400
161,465700
40,304400
1030,1342600
4225,4731100
10885,11137200
1897,2056100
431,701400
48,532600
62,123100
43,390400
985,1578400
197,611000
597,1443400
1415,1489500
12222,12635600
44,577900
696,868200
368,619400
1005,1343000
836,1475400
46,459400
5738,5653900
539,1356500
4223,4416900
528,1057000
468,942100
50,559400
609,871200
505,1131300
216,363900
741,1211700
241,259100
51,785400
123,258600
2065,2682100
40,317700
80,624500
35,197700
2342,2182300
84,864100
49,560400
60,89300
528,1088000
858,1233600
3734,4115500
546,675100
1121,1394800
31,73300
83,845400
169,682200
54,687600
66,258400
2930,3398600
46,505400
347,903700
98,313700
113,687300
42,373500
171,721500
1110,1004300
467,888200
963,999800
622,1243500
14930,15607500
2820,2901700
488,738400
78,653400
47,489300
167,678000
595,1316100
668,879900
1078,2285600
101,427300
240,235000
48,516100
37,248800
439,979400
317,875600
117,832200
1513,1738800
102,425400
226,633300
127,308300
32,96800
45,449000
72,429400
96,266600
1839,2183000
688,1890100
103,684400
170,866200
79,760800
186,449300
1518,2318400
8209,9911400
134,550100
67,275900
34,339600
258,917200
6476,7371200
52,714500
431,724200
36,202600
287,765700
1782,2046700
11492,11941600
1267,1769400
188,411700
1195,1811700
93,191300
310,564400
4764,5921600
61,127800
593,1473000
164,664700
67,329900
3771,4857500
63,185800
128,412900
843,1088600
89,934200
5512,5860900
43,409400
5098,5824700
196,732300
9227,9456700
39,321600
405,800100
62,126000
57,755300
218,461000
526,901700
240,226500
162,580400
396,538300
37,227100
360,419600
297,1000600
310,539400
1744,1722800
41,347600
183,295000
539,1659200
81,682900
86,813600
245,400200
53,634400
162,459900
139,717900
34,150500
19714,19506400
198,758200
175,864300
31,72600
268,1028700
399,659100
155,286900
102,418000
208,955200
30,51900
2818,3759600
155,376000
38,267100
1365,1842600
107,542900
352,961800
54,688000
73,433800
3185,3166700
79,761500
32,103900
247,422400
704,1101800
130,396900
139,741400
107,576800
116,852300
118,885800
1941,2366100
486,622500
67,250600
521,806100
653,1347100
56,765600
213,283000
439,924500
56,728000
409,884600
424,508400
1028,1149200
3065,3282100
60,91200
39,359500
49,817200
260,983000
97,368200
203,1003400
145,990900
61,122200
448,1280700
109,624400
55,799700
311,558800
1044,1668200
3149,3637900
1312,1845100
51,625400
868,2071000
112,859600
44,445800
95,270400
89,875600
206,865600
5199,5326800
661,815000
34,152200
33,148900
87,791500
108,596500
216,379000
61,97000
46,452100
10977,11487400
49,548900
37,228500
65,239000
48,608900
89,881800
96,275500
705,1035100
5960,6917300
2209,2649700
510,484800
518,664400
1513,1822300
620,1082500
398,598900
31,74300
270,272300
85,742600
117,1024600
43,401000
58,834000
165,563900
120,125400
59,871800
1581,2209000
2394,2896800
122,188800
405,744000
942,1214100
419,1346800
108,561700
222,586000
1326,1347500
69,328500
102,417700
99,328900
52,1019300
147,1085300
1832,1881700
4638,4669700
278,477900
39,439000
33,138600
87,793000
2611,2791200
50,666900
488,777300
350,832500
1672,2221600
1413,1526300
179,1144100
32,102000
37,249700
129,363600
184,285500
251,651100
466,860900
561,1305800
33,156200
41,352900
896,1578000
179,1101700
1019,1887100
68,284300
18555,18682800
35,298700
450,554600
1261,1432900
53,645800
54,766900
31,77500
249,457400
610,821400
71,420200
276,415200
859,1610600
35,228900
252,741500
6675,6987100
5229,5511100
273,382100
4065,4412600
745,1448300
1180,1348100
31,86900
118,834200
1808,2142600
46,459700
83,689800
77,542900
3716,4430500
496,853900
48,533000
1212,1462000
117,819600
1059,1208700
189,398100
30,39800
1787,2572600
77,579100
1890,1891200
325,982900
179,924800
4488,4746400
1301,1725100
839,1599700
120,122700
362,452400
176,1082300
59,928800
509,1263300
5384,5362700
57,803100
230,738900
3130,3205700
275,408200
2175,2438700
120,131100
92,152500
461,834900
272,335600
1357,1522400
93,175200
327,972700
76,520500
41,407800
403,713800
3871,3535500
738,1205300
116,981600
56,902900
5465,5839300
125,295800
138,585600
483,581300
63,174100
54,702700
58,1041600
31,89900
394,598500
99,377800
31,70300
92,207700
84,703000
97,276500
262,1087900
1249,1944000
45,482300
155,292400
36,202000
107,576300
93,174600
9132,9566000
2880,2738500
10524,11264600
11838,11894800
15459,15882800
49,550700
179,985200
293,873400
896,1498400
378,893600
2144,2291300
869,1586400
1138,1824300
603,660400
32,97500
165,678900
3122,2959700
4377,5010800
83,862100
111,871800
46,725800
305,534700
567,1531700
3731,4442400
66,335800
96,339300
1183,1419100
3273,3362900
167,599000
428,680300
85,767400
3065,3169000
731,1034000
30,45100
34,151200
1052,1263800
169,657700
131,414400
9019,9198800
508,1180300
1443,1481000
130,505200
239,1230000
473,1292900
2573,4209500
38,305100
67,264600
297,986400
54,687500
1845,2232500
139,741100
413,1003800
275,448400
178,916100
35,192700
10455,10889700
3494,3971500
882,1301200
36,209800
3024,3968800
279,593800
208,967700
39,326800
41,338300
89,892200
48,551100
34,152800
882,1226700
382,1074100
33,134500
46,492000
138,596100
89,1048700
125,344800
738,1172600
17735,18297300
7254,9364000
234,882600
177,1891800
235,1114100
55,938400
43,418200
42,359800
4172,4671700
523,1447400
58,906300
96,270400
2865,3312500
49,633300
92,165200
379,1037200
36,226200
108,645700
32,104600
66,274900
45,528900
112,718000
113,865300
30,66400
1123,1574000
47,497400
71,415800
283,686000
1259,2175500
881,1324500
890,1682100
3962,4036600
150,168900
1673,2263600
108,576500
125,364300
376,850600
327,1236400
63,205200
200,928500
44,519000
443,1070100
433,757000
494,1144300
75,472100
79,592500
39,337400
149,1120800
6304,7683200
609,948100
73,549100
34,199200
470,1292700
82,826000
1972,3411200
1092,2193400
44,472600
37,288700
36,299400
150,164600
1871,2059400
40,326800
53,649500
66,309500
42,387500
79,593000
3138,43577900
103,519500
377,905200
262,892100
1602,1917800
1099,1756100
2823,3030100
36,203100
357,1112300
43,420100
58,844600
38,273200
49,541300
478,1291300
268,1016300
61,99100
128,347000
1097,1525400
444,1082100
2316,2434500
74,506400
1155,1587900
2840,3262300
15220,15861200
223,561900
561,1297500
339,639300
278,506900
44,428000
269,1076700
115,952000
842,883300
58,953300
89,904600
922,1676500
1517,2199300
1825,2343400
43,436300
58,1016200
67,333200
74,575500
367,706600
333,621900
135,597000
1238,1398500
189,437300
3611,3936700
31,76500
176,919200
96,277700
177,1065600
165,757500
518,874200
83,702600
38,258900
134,633200
10632,11398500
1752,2036500
60,72100
598,1676000
47,657800
346,1148700
894,1580800
32,101000
611,980000
457,601200
108,606800
651,1225700
94,202800
42,397600
887,1322800
1022,1469000
115,923600
7818,8291000
1894,1913700
59,823200
64,179600
265,1004600
79,643400
41,484400
105,680700
619,1234300
32,100100
1594,1638300
394,520800
105,591000
1171,1077200
112,690100
1103,1665700
75,598500
166,566100
32,97500
1143,1191500
5193,5141300
44,537500
153,433700
45,446100
60,74200
70,352100
167,591200
31,75000
2216,3043000
286,726200
507,1247700
143,820600
92,214100
268,1364100
414,1142900
496,1071600
821,1403100
113,1101400
493,1088500
42,381500
74,449600
355,1144800
45,441700
671,1134800
343,780400
68,306300
36,256900
264,893700
4416,4993200
61,104700
1800,1743300
108,656200
154,294500
52,630500
632,801600
111,844800
1216,1786100
30,42500
1684,1645900
213,285600
600,624700
119,968800
221,618500
80,652600
39,341700
2004,2728500
711,1514000
305,493900
849,1024800
52,777400
270,462700
68,437900
47,768100
123,229500
135,557300
5873,6947900
990,1032000
32,197300
8777,9755700
34,157800
5908,7695700
69,458100
206,882800
31,73100
46,471900
31,109100
2533,3245500
56,835000
104,471200
403,800600
59,821100
4598,5030200
10047,10633900
4731,5216400
4959,5133100
204,1063500
66,325600
616,1347600
1558,2700100
39,284600
128,434500
438,977500
2495,2722500
735,1138200
48,510600
141,708900
30,40700
115,751000
56,732100
118,931800
167,868400
86,834400
123,236000
50,685300
875,1187200
336,636300
1345,2181200
30,44300
89,915700
294,906700
554,945400
185,316000
238,968900
35,176900
57,939900
37,254000
42,365300
111,807200
7401,8333700
38,293100
101,459400
370,604200
2702,2872900
741,1349400
203,832600
62,255800
169,1108300
194,654400
69,429600
1570,1961700
197,708400
622,1180300
99,480700
691,697400
90,99500
15755,16690300
1106,1938900
230,912800
323,1145100
1497,2701300
1862,2322400
257,876900
32,168300
54,1017800
34,202100
221,591200
82,808600
40,324700
48,579100
35,192100
72,386000
101,402200
168,934000
38,284400
56,749000
118,881300
664,1003600
165,590100
108,841900
1082,1326200
388,1115600
191,497500
213,332200
407,824300
102,484300
394,857900
84,714100
30,42700
120,125400
2580,2786200
1098,1601500
55,740000
88,911700
1748,1822600
99,337300
163,515300
77,573300
373,798800
111,698100
149,971400
206,904600
52,729000
8758,9795500
115,880400
329,1808000
3734,5259200
969,1477900
367,815000
1781,2085200
141,725500
2325,2866200
18817,19622700
296,1088800
31,75600
1736,2661400
35,227800
78,630100
122,183700
10413,11751300
1055,1344400
288,1003000
493,857800
40,365200
118,1203200
4492,5241600
813,973600
214,342500
45,557000
30,44000
48,657800
226,793100
130,416700
36,300200
36,268600
77,611000
206,1514500
4814,5484600
856,1421100
61,184700
41,340000
76,502500
104,523700
172,765200
30,43200
4508,5266900
49,856900
76,638500
39,321200
74,485200
38,284400
73,578200
378,880900
5517,6528400
74,480600
102,457600
195,747400
161,567600
38,264200
563,1165800
177,984200
44,500800
242,395600
1442,1844600
30,54800
1611,2795000
32,136700
3077,3962500
539,1490600
762,1077000
34,176000
263,954600
50,593100
799,1192900
2468,3249400
49,752200
51,1003800
598,1486200
111,785000
46,533700
134,533700
654,1586500
36,207100
190,446100
1225,1905700
99,436200
9356,10480900
56,777500
789,1060400
34,155900
69,410500
44,453900
71,366200
31,73000
1400,2825700
7047,8471900
193,600100
83,776600
115,743500
5703,6327100
3839,5267200
31,102800
160,521000
380,923300
433,796400
60,71300
490,733600
1130,1559600
122,232700
1168,1804900
169,676400
272,312500
65,242100
62,127400
198,644400
58,908500
774,1539900
65,210400
32,98900
43,383400
186,411500
752,1051700
4389,4789700
210,216100
227,679500
2615,2993400
30,83500
43,434700
61,102600
103,497700
682,1307300
109,622800
148,985900
70,338600
229,828300
66,240000
207,888600
93,181300
76,497900
371,715100
2721,3696000
7963,7896600
36,205400
30,50400
1198,2304500
251,593200
34,158800
44,703200
324,1039400
350,880900
94,206900
39,290200
11845,13021300
865,1583900
89,983300
50,632800
2848,3683500
69,320600
415,1142800
244,439700
261,819900
290,833100
343,685200
70,452600
114,1247200
90,277600
797,1306000
194,654300
40,316600
998,1201800
201,769000
32,99700
749,1557400
65,217000
400,743800
44,440300
1479,1673000
478,1204400
246,440400
2146,2661500
151,234400
63,164600
291,1102600
4486,4792600
1661,2033000
52,750900
742,1358400
1650,1775900
243,493300
454,529700
669,942400
32,137000
158,364600
85,818500
12190,13563300
1798,3296400
40,337000
4283,4915200
297,1085100
112,800000
1472,1595000
4679,5382500
141,831200
87,784900
46,589600
77,580600
57,934800
3271,3390600
933,1770800
703,1663700
47,608600
4864,5930300
126,299000
67,283400
62,162100
155,291200
38,388600
31,105700
75,467500
105,592800
648,1207800
929,1849500
56,795100
37,245800
99,382400
1527,2228400
38,267100
1354,1532900
1197,2039200
137,642300
96,300800
50,742700
794,1174700
208,1068100
1112,1256900
281,603200
87,950100
2702,3166200
50,583900
160,441900
87,804500
68,276300
127,407800
133,668800
39,294000
922,1636400
38,258200
32,98600
159,661500
94,295600
417,1419900
48,570200
647,1041000
59,879400
52,643800
292,916100
454,545100
79,608800
361,416200
1091,1319000
34,149800
356,1048600
59,887100
34,173000
38,487600
46,465900
165,694800
49,702600
134,699400
1487,1977000
88,859000
775,1495800
972,1333000
443,1063000
871,1061400
38,338600
277,549400
45,503500
2179,2615600
904,1237300
575,693900
152,216700
195,646600
73,435700
46,462900
122,177900
43,486500
2307,3661900
116,824800
168,624800
69,502600
207,1107900
30,43800
59,942400
59,830900
695,898100
160,457400
86,1012600
49,726000
99,354500
427,677100
54,683300
170,717600
11917,12213300
41,414700
43,428600
151,186300
73,417800
173,823300
76,487800
42,356700
174,992400
131,455500
161,476400
75,712200
40,434100
425,711400
130,430100
38,285600
35,217100
85,881800
169,710100
212,285800
317,761000
70,363200
945,1287900
89,1055600
125,329400
10914,11732600
4090,4481700
381,1026100
1327,1467900
40,350600
141,676800
742,1443400
887,1536300
399,871100
531,1342000
118,1091500
396,554700
150,158600
727,1123300
74,536700
33,129300
413,1141600
1607,2469200
838,1721400
67,284300
237,955100
666,999800
37,231800
280,573200
100,411600
61,99700
170,1071000
225,710800
149,910900
52,655000
66,291600
2925,3939300
126,352400
2530,2723500
40,309700
1435,2079500
30,46000
120,129700
732,1060100
10561,11547100
315,910800
116,1066200
891,1698500
13811,16194800
389,1363400
607,881000
306,578400
7110,8013800
116,1029800
368,668400
634,808300
962,950400
65,266400
551,884200
10437,10795600
468,1268000
88,1054000
248,574300
52,798300
2415,3323500
11228,11517000
97,287600
291,844500
189,439900
1135,1851500
37,243700
2596,2955000
431,842400
336,483700
3501,4146000
75,547700
75,486800
86,791400
77,627400
37,232800
30,41900
374,943200
466,992500
11392,13069400
262,860300
161,477900
46,580500
3081,4266000
1368,1846100
126,280000
225,728200
3177,4042700
1743,1894100
283,784100
424,634700
174,1007500
101,414800
195,633200
3323,4106800
290,853300
63,154800
3902,4278900
4503,4641400
983,1550900
1318,2561500
495,896500
205,869900
32,101900
876,1088600
859,1490800
253,699000
303,496500
49,559400
45,506400
94,249200
72,406600
49,542500
1628,1825300
385,1174300
179,1006100
93,233100
10464,11551400
148,979800
9607,11595400
72,499200
75,601900
384,1241300
138,645500
4850,5788200
2557,2864500
412,986800
103,500300
189,416600
5626,5811100
216,449400
2315,2662100
856,1482100
2875,3472700
1376,2094400
115,807500
56,743100
291,882000
34,152400
875,994500
111,667700
270,285400
67,271100
1002,1306800
251,635000
47,484500
8314,9495400
218,435700
55,743300
62,149900
471,1019000
246,491300
173,965200
178,910100
92,156400
3191,4570500
9370,11080600
3497,4132000
44,545600
32,107800
2294,2642700
70,379300
1489,2209000
41,498200
78,570400
30,41600
482,539900
59,1246100
207,1245800
36,269800
159,434200
3854,4094400
50,663500
424,557700
39,285300
64,178500
8937,9689700
104,623900
215,343300
323,1015900
2880,2963700
152,247000
31,73600
38,258100
536,1171900
102,506800
496,943100
136,581500
197,671100
1008,1459700
57,810500
52,724400
57,757200
158,458400
126,316300
55,734500
53,833300
278,523100
1341,2028300
36,296700
385,1359900
113,1087700
54,969900
1991,2194500
122,218400
52,622000
462,777200
79,714700
966,1134200
279,513600
48,599800
422,528100
1133,1712500
56,811100
49,593100
1055,1185900
85,988200
3596,4436900
876,972200
6341,6336500
287,773300
40,523600
72,577400
139,811200
52,676700
208,1169700
859,1392100
36,226900
3390,3394800
46,526700
887,1286300
701,995800
539,1309800
85,796600
55,919300
96,260800
856,1301100
8932,10235600
116,802200
48,624500
97,365400
47,563800
397,781000
38,332800
97,368700
278,619200
97,360200
37,232600
181,256700
781,999000
756,1332100
39,321400
148,897000
30,43900
122,206000
6468,6882200
705,1104600
30,44000
177,894800
2297,2675700
59,1003900
6832,8011600
40,489000
1684,1753900
180,180000
47,658100
2832,3099400
1085,1315800
44,690500
62,146700
40,333700
77,527300
349,949400
40,315400
38,262200
347,865900
116,880600
32,137300
2604,3383200
37,234600
912,1505600
208,1051000
316,774000
206,1032600
152,211400
229,936600
79,646500
1158,2051200
1274,2132500
234,1134900
851,1157400
473,1134100
1235,1585900
195,669900
232,874200
124,375100
42,552000
2776,3324200
48,533900
97,298500
62,124800
34,150100
120,123900
31,79600
131,704700
10166,11997000
278,674400
59,1059100
1403,2379000
100,460300
54,796300
154,307200
5766,6070700
39,326900
83,722900
1443,1618900
3661,4210700
31,76100
58,979700
215,426200
37,279000
30,43000
112,695500
36,273800
50,646400
3237,4020600
380,1117600
56,870600
367,567800
48,519100
660,877200
733,1204900
4201,4838700
57,1004100
36,378600
70,436400
312,924800
44,463700
124,343900
48,524100
364,492500
51,601900
120,126600
34,153400
247,419300
105,597600
1925,2135500
42,365800
32,99200
77,560300
54,796500
1318,66950300
220,500200
305,519900
37,233100
78,639500
392,450300
41,323700
71,377400
981,1538800
304,420700
215,385300
13556,13543000
55,744400
2890,2931900
34,154200
134,495200
235,873200
67,274400
49,528400
2689,2999900
170,667500
34,149600
202,837900
30,43000
161,433100
1340,1817400
996,1079500
174,792700
3501,3832400
39,283100
66,229800
545,696600
147,837400
1566,1709600
191,511900
369,720600
60,75900
68,288600
150,150000
63,149700
4128,4573800
46,638100
1643,2452100
2101,2105800
54,746400
5247,6007200
41,501400
55,717000
75,494000
67,256200
190,479000
79,558300
2972,2841200
59,813800
55,685800
63,147700
1280,1663900
44,568300
2128,3355300
88,1170900
87,891800
33,210200
2599,3318100
50,577200
61,107400
2561,2794800
81,620600
119,981800
465,1244200
397,784400
180,199600
67,249700
151,197500
403,756600
112,699500
57,771200
103,485100
224,608000
399,615500
501,1078800
171,691800
37,251600
143,836800
74,467200
977,1546100
376,810700
2401,2292500
276,444500
5178,5595000
42,615600
123,236200
12512,12175100
64,186500
2220,2116100
2782,3314500
271,314400
99,331500
100,393000
95,243100
174,784700
1020,956000
40,479400
6351,6923800
30,45300
126,286400
31,71000
41,330100
12706,13955900
1999,2403300
191,598000
136,612400
329,1153100
242,299100
429,728100
1605,1975800
117,796400
1189,1962800
95,335000
56,837400
59,890500
395,580000
84,747400
31,74100
47,502500
5454,6245900
568,1364500
7055,6767500
96,309000
283,592200
611,938000
699,870700
1563,1822300
408,1247600
110,760000
2176,2800300
58,807400
82,679200
321,862100
69,345300
323,1041800
30,56600
434,819100
157,334400
617,1186600
44,416700
31,71500
2114,2535200
134,509500
645,1121300
632,669300
167,649500
38,453800
34,202900
37,313000
115,990100
1324,1293200
68,282200
31,87900
9827,9677000
106,913500
58,790700
2193,2236700
32,100400
115,835300
1023,1276600
631,795000
33,159100
47,669800
43,491600
100,485900
36,255000
206,1097800
4544,4614800
121,175800
718,1583900
5697,6022100
5137,5210900
215,380500
72,383200
72,380500
175,841400
42,352000
49,572200
599,1323000
145,857000
554,896700
531,1044600
37,225900
50,604600
182,239400
658,1525500
682,1283400
30,52100
235,859300
382,1278500
62,134600
394,577700
209,962300
41,350900
281,570300
165,574300
88,794100
137,644500
63,158600
143,794400
31,96500
54,745100
91,158900
167,755900
47,483800
732,1027000
1789,2346700
672,1058200
105,533800
43,414900
38,313500
442,1000000
164,541700
38,259900
1887,2691600
594,1335900
5054,5285700
38,276100
67,270400
103,477900
95,229300
173,798800
6122,5946700
68,337300
61,101200
301,311300
18303,17470300
72,420800
90,97700
157,327600
95,227600
132,572600
429,728200
109,615800
3345,3527100
439,961500
1764,2214000
38,280300
79,557600
81,764800
244,357000
293,913300
559,1084200
83,766300
319,774100
62,123800
356,1074800
496,895600
205,1155600
50,671800
8271,8410400
607,751800
3118,3581100
52,638700
74,515800
502,1087100
57,760800
44,564900
119,1080500
152,235000
452,557400
208,1049100
103,562300
33,142000
49,672800
73,450400
42,363100
114,1053100
109,767500
33,129200
395,619100
30,43100
83,680500
721,810400
48,683300
15685,15543500
415,1034700
547,689000
241,255800
101,401400
38,249200
437,1110100
39,362600
287,919900
35,236900
165,649500
160,453700
82,814300
3124,3042100
218,473900
40,343300
73,448400
3354,3899500
935,1008000
46,483500
896,1702700
200,763800
526,999500
31,73900
406,873300
416,1136800
96,271600
479,1403200
311,642400
534,1285700
281,568500
106,551000
44,401300
489,689900
42,404100
7402,7777100
213,331400
67,252100
631,624600
31,72200
126,281500
398,597900
1196,2139300
35,197800
1222,1725600
13435,13892200
245,398500
120,142900
3955,4326400
150,159800
1098,1760100
15474,16043100
142,849100
268,960700
112,895500
193,697700
94,262600
47,647100
688,1736700
30,58800
108,726900
906,1249900
80,763000
41,430700
3258,3912900
2195,2316900
149,952600
66,299700
138,585900
107,687300
142,752800
2172,2543600
270,275200
61,99500
1242,1464400
191,503200
34,150300
45,428500
1835,2047600
98,339000
78,527600
187,360600
35,266600
326,978500
100,372700
40,417000
5133,5020800
840,876800
110,672500
1417,1695700
227,691900
93,206900
235,926200
337,523800
108,637400
303,522500
145,800800
739,1297800
44,434800
34,165700
107,571000
60,70600
74,482500
70,363900
92,154100
249,521000
2193,2226300
34,171300
59,846900
39,300400
925,1622200
196,636700
30,42600
304,393500
114,857300
309,534400
50,646400
1009,1542200
32,125900
85,749500
1573,2009300
1197,2018000
35,181000
204,838500
395,503100
50,576700
390,382000
70,375400
4460,4996700
47,537900
245,373200
2602,3245200
53,758500
932,958700
203,826200
52,664600
59,1009500
152,225900
188,388600
645,1017700
58,868200
921,1468900
62,124400
36,219600
201,840200
2674,2692900
31,72600
721,738700
633,751700
950,1705900
328,1328600
33,159700
47,742700
49,807700
349,1035300
1375,2153900
104,538200
51,743100
54,675500
136,597200
193,601400
34,150200
56,710200
141,820400
5663,6153800
54,748000
87,903000
2342,2256800
142,783800
35,206800
322,927900
61,127900
696,800500
2298,2721200
168,822100
79,800700
202,871600
707,1094100
163,516100
74,453200
179,892900
31,71200
743,1298100
143,737200
63,170600
38,268600
468,975900
165,689500
4135,4900100
155,286400
714,1297300
60,69800
246,438500
75,494300
138,602000
1617,2271000
3249,3250000
118,800600
42,404300
94,232900
308,528300
174,925900
9953,10189200
2766,2865800
558,968500
1122,1414500
339,573700
397,539700
9074,9715500
429,631900
2472,2739600
213,321300
96,331100
9270,8946000
64,213300
197,617400
37,262400
288,752600
340,571800
169,701900
30,43300
113,700200
34,173300
1500,1445000
9380,9657300
94,231300
1391,1688800
130,471900
1499,2282800
50,608400
52,630000
152,359400
17964,18636200
70,338400
72,410500
179,1015000
34,173500
84,701600
248,438000
208,1002100
3203,3649600
142,726600
46,469800
40,304700
2822,2626900
525,908000
1030,1296100
31,70900
831,1332600
178,867500
216,383800
139,609600
1906,2404800
330,310000
4735,4967800
4058,4397100
388,1268900
1057,1192900
1144,1169700
164,617900
88,784300
3327,3853000
111,643700
1747,2187700
807,1808400
199,1105500
6203,6619000
4530,4663600
62,165200
62,160300
260,958200
38,331900
340,746600
202,961100
38,325200
38,366700
31,91000
490,927500
154,449500
118,888400
61,97200
656,1353800
221,506000
109,699300
444,1333800
53,851700
2311,2425700
1071,1567400
1167,2105800
93,280800
179,1186400
817,1173800
603,808900
280,589900
427,660500
5450,5659600
519,719600
93,186900
13423,13040800
66,257600
519,737200
156,318400
31,92700
467,1093200
86,745700
35,230300
2093,2627500
51,652400
367,536800
43,456100
480,471000
95,343800
446,1104400
41,355500
186,379000
11990,11982400
51,626000
95,291000
232,981900
879,1205800
195,584600
448,1176400
9888,10485900
1021,1153400
54,681800
58,955800
54,722900
878,1151800
418,1125100
239,1073400
94,229100
33,194200
5499,5384000
54,753400
685,1262300
412,1057800
3575,4097800
38,262700
1396,1839700
70,349700
219,479600
419,1199600
62,142700
46,508400
3080,3474300
560,1131900
232,785800
2108,3129600
127,409500
51,802400
41,393000
40,417600
1598,1941400
145,817400
64,211500
195,598300
91,127800
35,178000
1098,1701100
52,716200
80,666900
133,482900
46,581000
177,901400
250,544000
30,48800
11173,12437300
149,951400
1280,1748500
868,1755900
30,42000
4066,4892700
57,824900
93,211700
57,813200
2444,2968600
56,794800
77,577800
18302,19268200
1964,2536400
59,927000
1741,1873700
90,106900
70,416100
87,830300
51,625900
38,283200
953,1512700
390,450900
125,266000
33,153000
11012,10854500
645,1012200
764,1243100
126,294900
55,703600
500,1073400
364,477100
629,1420000
1716,1754400
36,317400
65,376300
41,446800
202,854800
49,981800
1550,2197000
1881,2379800
573,834800
81,643800
173,806600
186,389500
44,441900
163,604400
97,297500
41,396100
1183,1575100
76,620100
92,176500
375,762900
34,170100
314,789000
575,720100
648,1133600
62,446400
39,430900
46,520100
2496,2681900
40,329700
50,590800
48,527800
1528,2454900
174,816800
2550,2790900
374,732100
71,377200
1586,2223900
136,603200
49,768000
387,1205000
169,734100
1376,2321200
13845,14605600
327,1072500
112,716500
2418,3226100
117,958700
705,1070500
673,1191200
84,767700
981,1467200
121,242800
9799,11367200
1044,1803400
321,1294600
33,183800
1424,2209800
304,563400
492,901400
102,487300
716,1420300
43,546900
2521,2443500
296,1154700
58,867800
108,640700
861,1366400
337,582000
222,533000
167,638700
367,573100
136,566300
48,578100
504,1491300
597,1351800
437,906800
863,1556500
61,103900
562,1286600
10461,12322500
480,503100
38,277900
211,237300
397,573400
46,644400
216,470100
82,686700
431,769400
38,435700
60,77900
98,321300
8166,9089400
326,1019200
244,356900
52,791900
546,759400
99,532100
98,363600
39,418800
1278,1762700
764,1155000
3748,4438000
7251,8283000
321,960700
1941,2930500
457,719600
585,989100
50,588800
85,769400
81,770600
72,408900
224,700100
129,425800
38,355600
65,313900
566,1853900
93,273400
193,785200
2252,3007200
529,1342000
7533,8184500
194,659800
77,775800
3406,4587700
1979,3278600
174,1033800
239,1264600
53,938500
143,794000
269,1072200
2886,3566000
366,667700
70,444500
40,421000
30,47500
409,978400
232,844300
221,559800
158,383200
585,958000
142,782200
185,493100
3806,4351300
2519,3352200
36,227000
54,672600
286,707400
462,747100
465,947300
6932,7474400
180,184100
61,100900
549,1000200
7356,8268600
2204,2835000
432,914500
462,802300
58,769000
31,72000
95,252200
309,569100
66,234600
2534,2941300
662,747800
812,1108800
259,966800
91,168200
129,488900
212,351700
405,942700
1632,1941700
654,1525600
111,658300
821,1141400
79,583600
156,394100
54,700300
46,469400
152,221300
311,633200
31,73600
58,930400
63,155400
240,392900
93,234200
60,71000
337,502900
10190,11929800
70,832100
77,808800
311,839600
44,618500
595,1394200
146,888500
59,819800
57,1063800
32,161800
1725,2691000
942,1599700
30,53900
134,696000
36,266900
52,856800
319,1057500
196,1005900
2843,4291100
107,885700
1232,1737100
134,791400
53,716600
98,376000
3833,4702900
842,910700
2499,2798000
3285,4470800
99,352900
339,756900
4074,4848900
44,517700
1209,1463200
79,727300
133,475300
214,432200
1788,2496700
68,291500
72,512100
181,385700
1567,1873000
55,777900
972,1567400
1431,2518000
205,949400
715,1480800
6855,8872300
133,559800
1947,3085900
1122,1585000
271,431300
180,375500
50,815200
86,832700
229,926600
45,571600
376,992100
285,720100
201,744600
459,787400
4678,5444700
47,532800
108,604600
1407,2195600
35,268300
1076,1781100
48,555900
112,810900
44,570400
687,1475000
148,42755600
3683,4206900
53,938300
470,1000900
72,385000
47,481900
325,1067100
134,505000
98,328500
177,923800
3625,4138100
73,726900
181,351500
808,1606700
39,292800
40,335500
343,844200
264,926700
31,74200
260,806300
52,736700
40,332800
1722,1957100
212,264000
52,650900
403,725800
46,504600
674,1087000
91,149400
231,776400
750,721400
225,584800
232,810600
731,975100
737,1173500
224,668000
271,324500
376,752100
6730,7328600
115,826800
197,620100
205,900600
54,688600
1965,2393000
122,183000
93,181300
43,393900
81,789100
57,746200
51,644700
4177,4529600
616,992700
4637,5402300
41,364800
76,484000
366,519200
33,154000
46,458500
112,733200
32,102300
35,215700
174,792400
48,590700
276,440500
1010,1871600
34,154600
51,609200
38,462100
2863,3521600
4628,4704600
34,154900
39,276300
1007,1407700
36,205900
30,41700
2983,3290100
41,405100
94,260400
35,180300
56,745800
3910,3932900
343,761200
125,332200
64,229500
98,501500
105,529000
264,873500
4476,4823300
32,99300
311,724100
8531,9513100
146,1054100
78,579000
91,129900
5335,6159000
61,154400
1042,2256600
686,1795800
4900,7125400
81,667300
165,548000
37,234700
1505,1806000
68,292900
37,261100
50,563800
3985,4651400
134,517400
926,1644700
48,565400
203,782000
51,624700
137,583200
15977,15989900
344,766500
3525,3775400
1216,1584000
155,283300
44,405800
15652,16728500
176,1059600
707,1228800
33,125500
225,586100
90,119700
1993,2431200
195,753400
180,195400
12942,12719900
3368,3414800
725,810700
38,251600
1176,1288400
31,72600
103,425900
75,476800
40,411200
50,558200
41,328400
86,825400
766,1208000
62,185500
1450,1624100
201,791800
741,1217800
1960,2328000
155,293200
30,41800
35,184000
93,176300
127,327500
203,778800
781,744500
35,183100
413,955900
924,1486800
4927,4805100
81,785800
168,718700
55,905600
108,715900
603,822200
87,1022900
508,1626000
163,609000
843,971900
368,582000
97,287700
125,255500
68,396800
2704,3109200
632,732800
555,1235500
148,904400
58,800300
164,512400
406,821200
113,672800
1303,1518700
337,504900
35,198900
106,529400
34,147000
56,873400
574,878600
146,941900
121,179100
316,716700
262,928100
39,285000
2832,3053800
187,363100
1172,1377400
361,368700
1260,1214600
246,391900
371,704100
149,883400
50,708000
3951,5041800
1419,1726100
1168,2061100
192,514200
131,463200
71,359600
74,441100
54,704500
1458,1980100
239,1042100
345,791600
90,107200
97,283400
565,1247900
280,572300
435,970700
6368,6555400
11965,11876900
143,792500
58,813700
42,486100
94,277400
3358,4174100
559,1083600
31,73400
152,232500
259,781400
1004,1331600
86,770600
107,557800
50,558100
144,803700
430,647000
327,1168900
6643,6668400
190,555400
805,1817600
1614,2423500
385,1111900
36,224500
124,239600
49,591600
137,611100
218,475800
5396,6119800
5164,4971200
260,812500
145,1051500
292,1003600
633,676700
1080,1015000
40,306200
161,456100
1921,2017600
123,207900
160,446000
72,392700
37,227700
344,745200
412,957200
86,842400
585,1037000
5571,5960800
92,154800
181,229600
678,1141700
880,1343900
67,299300
2056,2873300
66,346800
166,744800
1509,1665100
86,784600
402,701100
32,98300
31,70800
3012,3605200
117,957300
68,295000
120,149800
73,405100
3472,4425300
49,657800
58,846100
53,676100
740,1246200
132,456100
110,639500
55,768100
17800,17138000
90,99500
255,610500
59,872400
2575,3119000
93,185400
198,715900
207,891400
48,577000
43,409200
37,230700
92,152000
37,229100
75,471900
477,1234500
244,339500
86,798200
214,327400
449,1447800
61,144200
183,387600
1229,2470900
33,146700
706,1198300
401,929100
959,1849600
273,352700
32,99400
140,824100
423,631200
408,1177900
5492,5502100
109,596200
190,521200
126,343800
72,392400
122,181200
331,454600
10830,10657200
4366,5351200
114,835100
117,864100
2537,2887200
2409,2678300
1681,1736300
163,496000
80,623000
139,670600
35,179000
482,612500
37,230400
139,704600
1201,1190900
70,343500
240,243700
62,124200
48,525500
42,366600
163,501300
281,554500
63,230800
61,105300
4472,4173500
4612,4891100
3032,2889000
121,164400
81,635900
37,268800
55,691500
164,537100
224,591500
802,1391400
68,279800
3049,3490800
85,915800
121,204700
47,511700
83,717900
800,1280300
535,1211800
76,504200
169,705200
4445,4363500
1205,1259500
57,784400
44,429400
74,451200
33,123100
313,660300
30,45300
3936,4498100
1580,2129700
611,922000
60,71300
3280,3211100
1789,2101800
177,988400
34,198600
41,458900
82,833300
406,788700
44,467800
64,255000
39,336600
84,715200
330,345200
369,631600
196,629500
9371,8761300
6517,6551200
34,177900
36,205300
35,177900
954,1490200
1805,1821300
786,1005700
61,107500
367,572000
210,203700
253,675600
114,739000
91,126600
33,124000
128,422900
86,805100
134,489700
479,1326600
385,1152000
65,204800
1717,1886800
77,756600
3923,4355900
1063,1306500
10254,10739000
962,1113700
2189,2812900
35,185800
39,312100
4770,4279600
32,113400
67,251400
48,508100
13333,13678200
322,928700
34,193600
61,111300
118,832700
51,614100
161,425700
257,671500
96,248600
3088,3716400
1020,1017200
2201,2343000
31,71300
191,474000
685,1340100
90,97900
286,690000
44,431500
235,871800
48,500900
38,271400
1567,1866300
47,506100
459,819500
216,448400
45,430200
144,769700
5420,5866300
1674,2142900
101,478700
45,477200
6124,5970700
290,805300
184,281900
130,401300
5747,6401200
52,648900
649,1486100
62,132700
43,385700
17359,16963000
239,1243000
226,811200
1203,1458200
5517,6593600
1875,2212400
686,1578500
387,1177900
137,599700
55,687600
31,70500
32,156900
133,558600
525,853300
422,471900
3741,4185600
38,277400
96,260000
31,98000
208,913900
110,700600
149,910200
753,788200
37,224100
1144,1174000
1065,1369500
47,478800
38,248600
1204,1499300
48,643700
211,248400
162,486700
939,1100500
120,124300
152,290900
682,1165800
168,670100
335,504700
220,594400
58,1004900
450,489800
192,694000
139,719500
637,818000
898,1569600
191,493500
56,789400
84,730300
9129,8798000
13319,13643100
132,459400
288,866100
44,423000
32,149200
69,315100
76,510900
42,363500
37,228900
2411,2747900
69,309500
368,560800
893,1421800
917,1405000
55,684300
168,664500
3214,3070400
49,558500
99,329200
60,68000
11294,12332500
60,84400
2034,2662600
290,838500
7703,8497700
115,884300
31,115600
199,819100
2834,3180500
84,779200
263,808900
2570,3181400
79,756900
106,585700
209,1198500
351,872700
122,185600
30,57500
69,320000
1463,2187500
123,211400
1201,1210400
69,308300
36,233500
8055,8234600
4780,4909300
105,493400
119,932100
64,177100
1645,2282100
222,539700
55,733600
436,795700
242,301400
33,131200
95,253400
10662,10709600
2081,2572700
505,1180700
35,173400
66,249800
3727,3780700
973,1191700
66,237500
48,530800
258,703500
1577,1903300
79,563400
36,200800
102,426600
143,738000
211,229900
65,232700
1751,1932400
54,699000
103,433100
68,295200
925,1567100
114,774400
102,433200
44,573800
437,1104900
57,840500
221,552600
1113,1171700
30,42600
392,417100
33,203500
64,227500
124,301700
94,256600
46,609400
2618,2937000
50,616200
436,872700
2726,3200500
279,571100
71,432400
41,432700
6960,6848400
75,576600
1278,1675200
37,311300
40,336300
19156,18895900
1382,1746800
61,130100
164,816200
60,96000
1977,3314100
487,684600
41,346200
2480,2929500
125,266800
71,361000
85,753000
39,306100
2106,2103600
341,614000
1725,2111100
1893,1993400
167,634600
340,640400
34,166400
53,668600
232,791600
66,244000
662,746500
87,809700
424,536900
76,476900
1059,1224900
46,458900
652,1408900
97,360700
47,641700
348,1175600
335,695000
1498,2257600
298,1263300
54,667900
265,988500
440,956400
263,891700
276,413800
9378,9607400
99,368500
158,543200
42,426900
78,606600
49,585800
76,491800
8081,8114700
1618,2268700
451,557700
120,144400
68,309500
189,416400
138,655200
205,919900
634,811200
872,979500
54,715700
62,135600
1522,2116500
701,979900
343,685500
149,959700
6183,6003500
30,42600
35,212200
6765,7154000
490,786800
144,1011700
53,684000
677,1109000
385,1196600
33,180000
2431,2728800
163,600100
446,1238400
103,456900
64,179100
6041,7772400
36,231300
152,245600
64,180600
332,376600
10814,12500900
97,333700
63,168600
41,336600
44,471300
153,247600
873,946700
38,263300
103,508800
54,727700
105,495900
102,476800
121,158900
33,143300
83,912400
134,664700
286,883800
1341,2169000
37,256500
368,642700
32,102600
263,876800
5217,7027500
39,346000
172,805800
107,779900
3316,4259100
31,95100
3450,3388700
288,782700
2385,3484100
54,783500
71,450800
114,803200
343,735600
309,583600
68,373900
522,855000
81,700400
295,1031300
51,639000
133,554400
89,952500
158,421200
175,892000
191,513700
58,822300
10447,11264000
5674,5967900
104,597200
792,1259300
58,833300
239,1039100
32,132000
4621,4723200
8212,8824900
366,588200
34,208700
60,73400
222,572800
565,1331200
13740,13261800
407,992000
304,392600
218,415700
105,495500
411,956300
38,252000
52,683000
328,1143600
31,72800
1248,1903000
499,1009700
103,625100
196,841200
89,906500
45,485600
12578,12806200
163,501300
372,664900
37,269000
48,602000
60,69000
43,398500
235,910700
76,514400
1245,1580600
31,70100
109,577000
59,964300
261,797800
232,844600
142,743400
82,695700
99,378300
598,1325300
131,592200
95,248400
674,1059000
18074,17833300
132,482200
356,1041900
52,657300
51,645900
51,641700
137,646600
32,96500
44,421200
2414,2810900
1602,1876800
114,728500
3838,4612800
2595,3231300
58,860900
823,1152100
30,44500
89,835100
829,1254900
376,818000
38,279700
44,416000
30,40900
217,479200
1302,2054000
82,846500
79,699000
93,220000
275,425800
7432,7539000
773,1432600
236,966300
42,395800
206,879800
397,614700
61,101100
40,311700
62,142500
166,753200
35,186100
47,619300
1910,2306200
206,899100
359,1099200
146,856300
387,1087300
124,254800
1539,1622100
117,852100
41,344800
48,585400
260,733500
330,315200
42,373100
160,519900
77,510200
423,493200
666,855400
149,869700
396,562000
161,467400
39,292000
86,846200
45,469800
36,204500
778,1544000
54,655400
75,567600
293,948800
231,872400
30,41800
33,123500
50,599800
97,317800
733,1062100
481,512000
38,317700
48,589600
93,174900
34,147500
44,449300
7561,7529100
1461,1947600
69,565000
426,591600
43,418500
740,1222400
249,616700
90,101800
262,831600
657,1386100
51,588200
533,1178100
68,282800
862,1517500
71,368400
65,211300
60,68800
4220,5325700
118,1104500
623,1179600
42,548800
46,508700
816,1072200
45,465200
32,98900
58,767000
554,961900
43,404000
690,741300
9385,9819300
765,1095400
62,131400
508,1211800
437,937700
85,722400
129,457200
94,244700
304,398500
73,411200
1464,2074100
69,497200
510,474900
474,1136200
166,586400
92,173200
30,41000
236,984400
94,210600
102,399300
667,1025600
49,633500
103,464200
12303,12766400
450,436500
149,1003000
40,479800
196,659200
73,409100
392,461400
90,97200
250,519900
40,307500
96,253000
967,1106900
306,432500
101,409400
56,765800
50,651100
8153,8781400
4324,3942800
7361,7368400
271,323500
213,291800
44,563000
2322,2580200
656,1444200
32,127400
51,600700
678,1208800
6693,6544400
378,851200
42,480900
643,42837000
56,797800
251,580600
3790,4116300
4710,4702900
4382,4247900
1472,1547700
574,687400
3407,3637500
104,488300
773,1573300
1775,1782700
98,335900
46,462100
1605,1966000
30,56600
89,890800
216,370700
41,333200
3152,3143300
784,949400
295,995800
33,143400
268,1052200
47,469900
52,706900
1811,2057500
130,401500
18087,18946300
86,824300
59,868200
39,331700
86,767600
50,617600
257,699400
53,697700
406,946400
56,745000
459,693500
49,535100
7451,7443700
653,1251500
460,807500
224,743100
303,388700
4881,5148400
696,875400
44,498500
32,106800
492,896300
156,437200
358,1209500
14841,14958100
58,1011200
1484,2159800
77,627300
75,504300
14860,15114800
73,569500
274,479900
105,637800
10022,10387500
41,361500
1198,1869700
331,360000
45,462300
13047,13180800
38,257300
223,642700
31,74500
43,379000
253,585200
67,351300
469,975400
115,882100
82,646300
104,516600
159,447700
346,705300
88,857300
41,333500
364,450400
241,257500
63,169900
573,685700
617,1000200
87,830500
426,536200
62,121900
53,672600
236,890300
78,558200
96,364700
892,1616500
969,1228000
48,550200
139,831700
146,845400
1143,1479600
12858,13902800
94,251700
54,677500
35,212100
46,639400
80,576800
252,565700
703,1048200
41,325500
231,822900
69,319800
54,677100
34,155400
100,401100
75,452900
170,678300
128,346900
235,862800
38,318100
52,868900
157,387000
41,339100
268,1192300
486,707100
32,98700
42,451800
2786,3594200
2873,3563400
355,1002800
37,230700
63,167500
10745,10514600
35,231500
2304,3502500
1551,2064100
1282,1810500
65,289900
75,475700
1237,1478500
4913,5312100
95,235000
63,238200
1176,1251500
54,894700
10261,10550300
59,817900
1473,1430600
52,795800
405,749700
52,649800
109,657300
230,736000
315,742100
156,304700
296,1075800
30,42100
237,934400
21414,21935800
50,708700
144,807900
296,1185800
1421,1988700
40,371500
295,936100
6880,6974500
685,1453800
4697,5483000
7000,7031500
5446,5730800
505,1142700
513,606900
412,956700
4653,4688400
45,471100
207,941000
106,549400
31,69100
48,498000
34,152900
65,210800
381,978600
80,622800
205,926600
59,860500
984,1578600
250,489700
58,893600
148,951500
1446,1514300
51,605700
2449,2871800
58,797900
944,1302500
30,42100
30,40700
386,1378500
36,255300
341,640200
67,251100
515,681900
104,711500
315,715500
55,775900
727,852600
2908,3702100
179,1038000
149,977800
30,61000
5987,6523400
46,642000
643,976300
121,155700
31,72300
303,365200
47,534000
48,549700
32,104700
122,204300
379,891100
365,492200
373,730300
224,594600
409,946000
220,539300
47,650000
3058,3584100
166,711100
33,135700
36,207900
1851,2668700
345,833900
92,258200
32,102800
51,650300
653,1261100
1646,2595100
73,436300
564,1331600
1716,1831400
547,725400
39,326200
48,522300
381,865800
240,242700
88,1115600
591,1421100
165,593900
55,719300
51,915000
56,720200
498,998400
7274,7463500
5983,6650900
76,552700
6377,6507900
257,705600
159,421300
11828,12620600
50,607800
372,728300
63,163800
1875,2241300
225,647900
453,497400
1985,2005500
106,614000
93,215800
48,839400
91,184400
49,680700
66,249700
166,642200
2778,3372100
30,42000
63,181400
243,417800
137,599800
46,686100
38,349000
840,872000
297,969500
7082,7003600
1769,2422200
111,680600
1085,1187900
289,806300
2625,2867300
106,515800
71,389700
191,499500
325,937900
3148,3900000
68,301200
39,302000
7192,7635200
3815,3703000
50,609200
126,290800
88,879800
137,613600
115,812700
354,1091800
42,367400
64,175400
7781,7804700
35,233100
281,567600
32,96700
177,871800
154,343300
37,244200
52,670700
209,959700
90,115200
111,631300
414,1066900
44,596400
1010,1627300
43,480500
83,699700
2052,2467100
41,360500
284,653500
45,491000
378,905900
49,549000
143,804900
4568,4710100
44,412600
43,403700
47,550800
1379,2522100
36,227200
50,739600
574,708200
32,100700
664,820200
58,816100
548,786200
50,606500
6053,6712200
89,864200
31,72800
75,458800
279,539500
551,1047400
2338,3057100
64,181200
8910,8605000
383,952900
2733,2826800
170,716600
2471,2756100
48,584100
34,152800
1203,1284500
7610,7621900
42,481400
3103,4161500
7987,8510100
107,548200
51,626200
34,151300
66,255600
339,550100
56,756400
35,201100
47,484600
42,483200
1520,2181100
894,1449800
424,554200
42,357100
62,125400
1187,1688300
136,708800
3113,3746000
9225,9627700
36,228900
115,734900
36,203400
1554,2027400
36,202500
120,120100
52,601100
324,924000
53,684500
77,559700
54,657500
575,791600
320,827400
1347,2019000
4559,5288600
101,380900
31,80900
122,180000
163,515600
1345,2007600
3407,3752700
13774,13482400
7121,7582100
75,506200
217,383100
72,376700
57,840700
258,764600
83,735100
523,880800
235,913600
163,483400
107,630100
612,997700
58,786700
43,389200
32,109900
40,309500
2941,3209700
316,957000
239,1084000
3083,3512300
63,154200
84,723300
11741,12533200
5133,5276500
2537,3261500
90,103300
67,279600
259,721400
1246,1674300
17358,17259300
6519,6604800
34,175500
32,99400
979,1541500
214,606700
3023,3571600
759,1230600
134,730500
125,339800
150,192700
42,459000
283,865800
92,175600
410,1062100
345,794300
1143,1172000
159,420300
1104,1635800
140,840300
35,209900
454,568800
139,719600
64,287200
153,327100
72,401300
807,1536200
46,486600
33,125400
31,71300
37,249400
1676,2432400
748,1632400
94,233600
3118,4182300
325,983700
288,966600
1849,2388800
2858,3137200
113,947400
51,656800
796,1301100
97,372900
54,720700
278,494200
3018,3819600
83,904900
505,1286500
54,884400
6889,7734400
368,804100
68,424800
16322,17218100
1784,2204800
153,286900
36,289200
40,341200
40,302200
634,756100
872,867300
63,175900
5389,6127300
615,1187200
1512,2065400
359,1121400
62,125700
109,600800
118,937000
152,207300
40,306100
341,634200
108,601600
52,641300
321,852000
135,507500
63,167100
181,225800
1997,2576100
129,448000
55,726900
337,501200
63,154300
6607,6964300
497,935700
42,422200
47,483200
98,317400
532,1141900
134,512400
17037,17535500
115,775300
338,649100
327,1061700
1110,1083400
30,41500
204,838800
66,295800
405,1024600
32,97300
1054,1664600
224,642300
211,237100
43,556800
713,1283500
1027,1275500
466,1015000
73,410100
5135,5235700
80,771400
42,604600
39,373700
682,1245300
98,361800
217,434300
1132,1699300
360,341800
39,281200
719,1611900
3932,3911700
143,763300
100,377600
8938,10737600
46,704700
76,862300
41,469600
6561,7974700
410,1129900
101,478700
212,434200
1615,2326800
1174,1467600
2553,2463400
107,571900
48,615300
158,393500
612,864600
121,176400
427,668400
895,1626200
76,624900
3550,3935600
924,1461600
66,251300
68,279200
84,693000
854,1193800
810,753700
36,205100
93,201400
62,122400
337,484400
3690,3641600
3889,4418200
844,921300
330,375400
92,154900
1934,2135900
6917,6953600
55,730500
399,592300
32,108700
2617,2896100
638,826800
238,1012500
239,1008300
733,1045300
42,403300
1724,1944800
111,703900
873,928200
123,225600
436,890700
272,320400
735,1236900
236,913300
125,270400
304,424500
53,697200
41,350600
94,253000
326,987700
1935,2196000
164,529300
2261,2367400
71,376900
111,667000
6185,6001000
117,815900
334,511800
274,386800
329,1079500
60,88200
161,530500
106,520300
89,899400
1223,1776600
69,308300
153,230400
3050,3487000
245,524700
64,229300
987,1935800
31,72900
175,811800
1478,1763700
96,340800
970,1260100
1566,1908600
506,1197000
57,799600
562,1075100
269,988300
113,749400
186,335400
752,760700
191,519000
75,456500
992,1027300
214,420500
92,197200
2098,2970900
64,180100
109,635500
5794,5770500
55,760500
44,438500
40,306700
56,751000
380,864700
1081,1045700
108,574800
2415,2829500
302,350400
113,862800
53,640200
45,470200
1032,1329800
7440,7228800
992,981300
4666,4877700
2770,3083000
954,1641500
212,265400
14311,14132500
388,1346000
5302,5979800
1658,1789200
223,563300
86,734600
31,70400
222,552600
168,633700
535,1218700
1987,2195500
51,633300
275,487700
73,399600
627,1335400
12221,12062600
33,129200
113,701200
4654,4523000
117,831000
55,719200
137,577500
47,471000
56,754900
33,125500
947,1364500
427,571800
41,337000
135,594600
30,43500
40,305300
327,1272600
2322,3101100
44,442700
172,733400
42,382400
11047,10643500
41,378500
3763,4178600
40,316000
40,350300
1543,1766000
2948,3065500
70,337000
36,203900
265,938200
8030,8543900
68,374800
303,428500
3927,4483400
104,629200
141,913600
148,898000
30,43500
50,595800
359,1099500
197,617900
44,455900
5452,5795100
30,60400
8193,8509300
721,770600
4487,4694900
17630,16818200
15437,15083700
13206,12889400
1840,2001200
9785,9467400
881,1183400
658,1390200
414,1045600
69,334500
398,624700
1016,1624000
58,815600
43,425700
60,72400
615,1089300
748,1477900
1752,1916800
7202,6696700
282,858700
55,791800
52,701100
385,1204000
170,682100
89,852000
40,300900
33,121000
1100,1536200
48,580200
81,647600
1160,1756000
285,750700
175,1104300
118,913200
221,506600
344,733200
77,502500
75,487800
260,774500
103,449700
1973,2671300
158,373800
10984,10301100
31,72800
1696,1965100
716,1453300
33,138200
37,247700
729,907300
267,994300
1825,2449600
7269,7084300
45,470500
62,128200
107,614400
2278,3291600
96,264700
430,877700
1756,2394000
83,766400
78,619200
128,349800
37,227100
56,822400
129,370300
1729,2164300
205,939100
785,907100
59,839900
50,620800
850,1239100
83,895600
58,779200
7298,7227000
132,460600
6124,5902600
691,33960200
92,280900
43,413500
8804,8833300
556,929000
34,150400
2175,2383800
613,940300
816,940600
768,1146400
1104,1598000
141,708100
80,617000
145,788800
972,1165100
45,555600
95,226100
4764,4811300
111,634500
44,419500
124,250000
342,676600
201,878500
5006,5232200
319,778000
30,40500
46,599300
66,320800
1430,2011700
1541,1693100
85,839100
813,832900
286,786500
37,240900
644,1044700
68,274100
119,874500
8864,8891200
1280,1710200
96,259500
155,279600
331,337000
191,476200
2869,3108400
437,1103700
30,54700
76,635500
1618,2736900
245,372700
139,645100
7300,7315200
4069,4455700
10980,10351700
63,216800
3755,3611900
2131,2642600
50,652900
449,1399500
114,1031300
118,851200
10958,10977700
390,427800
78,565200
298,1032300
100,422400
41,406100
36,212600
10822,11762500
52,902300
971,1313500
551,852000
47,562400
840,788000
32,97700
10187,9903900
763,1050200
1300,1473900
13031,13626200
238,1062500
435,873800
63,154500
95,230500
78,566800
45,461200
94,200000
1429,1823700
894,1530400
729,960400
92,148700
106,520900
65,203800
577,714100
381,893500
234,859900
45,465900
217,385000
38,249600
622,1218800
242,281300
174,891300
751,817400
444,1199300
42,482900
4487,4810200
158,504800
236,996900
3019,3579300
1571,1709800
47,516200
39,278700
111,781300
501,1109400
101,462800
114,751600
99,337200
7232,7329300
100,365100
982,1612100
54,876000
772,1267700
461,778000
35,179300
80,644000
2393,3162000
86,771400
31,73700
62,128400
1332,1545900
39,341800
3057,4542200
349,1021100
3853,3997300
2916,3239500
125,266200
96,290800
81,642000
156,392200
32,126200
41,459400
38,330400
254,878500
237,1158000
159,494100
3590,4186000
272,420600
84,908200
102,536600
206,1083900
263,1041100
47,520200
119,950700
421,437700
40,319900
129,421300
52,657300
75,465500
37,227800
88,1017500
129,361700
161,472000
234,886300
112,760200
248,511000
31,72300
43,400300
371,691000
31,78100
15872,15726000
170,666100
33,204800
138,760700
1025,1202500
4847,4975000
38,256800
286,693700
3765,3838800
40,297100
52,671500
158,393700
72,386100
1342,1918000
1112,1259000
408,882800
266,967800
30,44400
668,857100
58,823300
65,209000
1019,1682600
305,489800
349,822400
254,721900
87,781600
10552,10726600
243,315000
5516,5705800
357,1280000
520,742800
342,705400
54,691900
1246,1567600
1788,2088900
32,102400
52,650100
127,369500
47,628600
56,873100
271,318900
71,379300
49,625400
1229,1929900
102,404900
140,701200
36,202500
66,225500
1736,2332000
121,165700
45,465800
114,764500
71,364300
69,337000
173,760900
70,350000
173,893400
6347,7182300
2473,3076900
157,448900
850,1330700
162,609300
382,1167700
5918,6317200
31,118300
79,722300
35,219700
52,703400
302,530800
256,777100
51,632200
2251,2343100
384,969700
35,177200
75,524400
836,1473400
144,780400
61,121900
5586,5415400
1201,1159600
65,197300
1138,1734800
1369,1868500
1107,1822000
1906,2221600
225,605300
12887,12980700
459,712100
76,481700
4023,3686800
2917,3232500
63,157700
151,329100
32,100700
1296,1359300
156,325900
685,1233200
38,314600
43,385500
52,637800
53,829600
2307,2933900
210,207000
102,445300
36,220400
5916,6263300
911,1197100
1028,1153300
83,710900
12122,12550400
38,311700
5881,5585700
35,173800
2396,2933600
292,1011800
265,1224900
93,238200
110,811500
39,383500
94,282000
556,1231700
55,1064900
30,53700
170,869500
69,408600
121,194400
89,957800
44,434200
140,669700
259,738100
75,514200
33,124400
99,343100
300,404700
52,706800
11939,12877700
485,601000
30,42700
4229,4693300
37,226800
54,726500
63,172900
1051,1092500
1699,2368800
1290,1466100
34,151200
211,227800
44,402200
42,425600
62,150900
292,832300
32,98400
147,862300
48,524700
3768,4230600
771,1262500
143,816500
73,412400
329,1115500
98,308800
53,668500
2245,2807600
911,1147400
1721,1984500
380,1131900
1312,2089100
84,742400
51,599600
1932,2057800
4725,5442700
72,487300
32,109200
48,530400
61,111400
334,504400
733,1034100
267,948800
278,581200
32,101200
30,41300
351,938700
354,975800
1675,2157200
47,514900
69,338700
716,1441400
179,900600
825,1284800
45,464100
3302,3283500
259,826300
2347,2368700
11157,11431700
203,795300
34,150900
268,993200
864,1734300
56,865100
81,631900
14121,14897000
1171,1485300
134,739100
62,152600
101,384300
73,407400
473,1111600
206,842900
162,486400
1329,1489400
3236,4664100
89,871700
683,1234400
58,767500
510,549100
208,908800
756,833600
7585,7801800
445,1073400
1692,2111200
91,156600
570,536400
87,789100
167,624000
66,234900
85,720800
103,528100
1254,1830600
981,1856400
3583,4374500
117,834000
2048,2113700
61,98700
43,378200
613,959200
138,592500
569,1268700
312,673800
1627,1759100
66,255200
82,635400
180,172400
5291,6549500
319,1279500
440,1178200
96,322500
8280,9171300
1232,1302400
99,347500
2506,3154700
118,1083200
73,445200
37,227500
4013,4610200
35,234400
153,299400
231,1050400
45,544500
125,342500
639,1003100
40,298400
691,697600
178,942300
190,474100
115,941500
35,345600
2340,2359900
88,920100
245,366000
967,1124900
1603,1809100
7009,7708900
72,411500
116,1043300
33,130300
128,360700
1114,1345400
2135,2285500
377,809000
349,853400
57,777600
34,153100
2453,3026500
97,325800
2782,3507100
101,399500
162,636600
43,393500
194,562000
38,253100
616,984900
728,952400
3765,4037700
766,1411200
765,1421700
62,134600
213,279700
17550,17102800
2712,3101300
342,702900
50,635700
98,473200
319,945400
71,413900
68,289000
535,1210900
299,1105800
12827,12560900
1172,1133900
104,491700
32,97500
137,582200
312,593400
79,659000
224,570900
3694,3655700
338,549300
46,457300
991,1071800
9756,9398800
74,444300
34,168700
252,559300
76,476900
4763,4917200
459,886600
99,384000
3920,4439100
89,875400
241,259400
223,566400
44,438300
47,490800
761,1057200
191,474100
846,1034900
36,205700
2618,2643800
259,761900
308,488200
121,150800
258,768000
42,433300
41,331600
1013,1715600
1807,1931700
34,175100
40,313700
930,921100
250,520800
51,569400
208,993500
2050,2224500
30,45200
55,868700
8167,7763800
1322,1517000
50,564700
33,142900
456,693900
1379,2296600
98,371100
30,61100
91,130100
460,673600
41,352500
119,902200
44,514800
60,72100
38,249800
156,330600
14411,15158500
147,1124500
207,1040300
46,501200
51,613300
57,1018900
174,1052800
70,372900
49,677600
99,371000
31,73500
31,71200
173,742400
70,366200
58,786000
90,98700
69,462000
4398,4627400
2128,2799700
423,567300
4486,5549100
54,1066900
102,449000
598,1672900
107,586900
130,415600
5983,6130000
207,934000
188,411800
32,97000
122,175800
326,1333900
976,1380000
326,936100
241,464300
37,294800
103,718000
128,428400
74,571500
262,1031000
90,151900
124,232800
140,702600
184,294700
3041,3055900
546,797000
1675,2471300
7756,8455800
7776,8125600
196,699000
77,609100
759,959700
11176,10831500
122,179500
1152,1401400
196,691200
328,1062600
33,140900
67,278800
43,404900
132,438300
31,83400
34,159800
45,454700
123,226400
527,949200
32,96100
591,1145700
1621,1680900
1826,2447200
660,661900
1152,1386600
30,40900
45,450600
39,298400
49,535900
360,335700
38,344200
60,102900
35,237400
703,1120800
69,362600
624,1339400
1741,1721000
98,304900
337,506500
64,239200
38,275100
114,750100
54,797500
96,261500
354,958400
59,837200
111,672000
2330,2702200
31,71400
72,467100
589,1049400
191,593800
32,173200
76,717200
82,738200
34,156200
1143,1151000
31,80600
1483,1755200
304,527000
108,569500
88,923500
3975,3927200
224,663000
182,235900
68,292000
64,177100
43,405900
127,428000
349,992100
1918,2983000
309,536400
1362,1773800
318,844200
73,431000
90,97500
529,1009100
82,656800
165,582600
1472,1452000
421,462600
38,257800
108,564500
183,282100
1023,1008200
32,94200
747,1444600
162,497000
36,235600
1914,2498700
86,980700
3215,3517400
58,870600
1984,2197900
53,643400
144,907600
1642,2264100
962,988000
38,271600
664,725300
193,538100
2860,2969800
86,880100
5592,5810000
45,439900
125,344800
1970,2515400
48,630800
35,179100
1371,1880300
42,353300
47,503800
33,121900
419,1324300
221,520600
4991,5175700
72,408000
573,596400
237,1007300
142,759000
103,479300
91,171200
142,688900
121,197600
34,153500
46,499700
153,233900
243,308800
204,925600
36,206700
3274,3275400
367,542400
112,759100
86,744900
826,1187300
613,887800
555,919000
49,553900
745,1337700
220,483300
33,123400
40,343700
181,205600
47,513100
61,96700
196,624700
239,956800
1333,1637200
90,94800
111,743900
695,772600
56,731900
149,908500
882,1127800
42,351100
633,787000
2469,2565300
52,672500
308,512800
39,317700
39,297900
247,498800
167,613200
271,291200
85,858900
76,586200
108,850200
40,339000
59,1119400
32,142700
895,1500900
653,1334200
111,949200
124,280400
597,1328600
1334,1596600
74,425500
45,449500
1822,2385400
107,554700
38,257300
69,345700
44,404300
906,1039500
60,72700
542,589600
69,309000
135,690400
92,208000
41,440100
2679,3466500
41,422800
99,333400
5225,4920500
734,1064800
162,497700
146,830300
90,110600
53,682400
1658,1820200
84,725700
82,688900
73,534100
176,1050200
973,1476700
209,1092200
103,454100
48,566000
67,265600
1820,2197000
1572,1774300
140,708000
8271,8531800
1406,2665900
300,312300
114,736500
31,79100
35,205800
82,673800
299,1010500
66,288200
770,1254600
44,447800
38,252700
137,629000
169,675100
116,787400
743,1244500
66,243400
214,328600
149,895800
2687,2859200
187,482800
226,670100
55,691300
181,289400
58,787900
1096,1725800
97,289300
426,614400
1030,1174600
763,1160900
129,358300
917,1321700
14863,15199000
122,253900
117,875500
312,777200
399,649600
40,310200
116,971700
35,179300
262,819600
108,607900
40,317400
225,702300
242,310900
273,359700
1158,1583700
405,759400
229,765100
82,772800
3689,4305600
1121,1454500
215,342700
4536,4897700
2597,3176900
203,793000
625,1250200
72,381800
207,906500
59,795200
4759,5299900
6634,6770100
177,904700
58,890300
53,638000
34,168100
1122,1337500
32,98300
6086,6567000
85,775600
256,702800
96,255500
38,250800
725,932000
74,437400
40,306200
39,360700
163,521700
411,966100
57,798600
780,737800
863,1444000
170,658600
159,471400
616,1015600
76,516400
151,182000
136,587900
96,267800
949,1630600
5336,5801400
432,737100
111,679200
233,980600
34,203100
1642,2266700
63,153400
571,705900
172,733100
5212,5938700
294,916200
431,886100
43,431900
425,556200
158,394900
36,259500
46,534100
1072,1680000
293,894100
3311,3410800
47,542300
234,854100
4848,5234300
36,204600
83,768500
269,995100
34,149200
82,822300
298,1278400
226,857900
159,485700
72,587100
59,821300
49,542000
4025,3981800
62,180200
3027,4404700
132,637500
442,973200
1945,2570800
7511,7890000
1590,1556200
6582,6780400
291,1043400
323,1204200
361,486200
9759,9963500
374,761500
600,548000
132,595000
7461,8038500
155,318500
2037,2571300
487,626600
493,858300
48,506600
356,1163900
82,628200
63,148100
36,239000
149,940900
918,1300100
520,764200
55,810400
99,347700
1386,1518500
97,276400
49,555400
32,94600
72,376400
106,577000
229,773400
453,491500
1086,1227000
79,560600
142,791800
5432,5291800
6202,6707400
38,257500
188,408200
103,477200
155,285500
890,1390400
31,92600
206,967900
1540,1714700
38,272000
44,443700
3752,3569100
42,366600
32,97900
173,792500
187,379500
113,699100
628,1340800
95,221700
420,398100
308,656400
3569,4421000
77,559200
276,431400
92,198100
1923,1840600
384,997900
302,330100
77,549900
637,785300
1271,1580200
37,232000
19455,36414300
568,1376400
328,1353100
444,1317400
37,317000
619,1219100
3925,5167900
31,74400
52,664500
34,157900
206,870600
553,923000
616,984900
7997,8465800
9076,9591500
33,173700
469,959100
1111,1211700
320,817300
456,716800
48,542700
48,514500
36,265500
3534,4060300
149,900700
31,96200
101,480800
1285,2151400
449,1289100
5009,5877100
145,792000
18220,17662500
63,151700
9987,10681300
40,307700
46,477200
458,688200
192,475200
337,514000
152,238600
46,459200
138,593400
38,267800
49,559500
2650,2736500
105,562200
32,97700
1031,1310000
261,949800
75,604200
2109,2271700
38,310200
395,591900
936,1102500
100,419200
50,671600
171,898500
32,110700
2350,2546100
75,462500
42,417800
4014,4443800
78,567700
30,42400
69,332600
41,431300
106,531400
61,98100
220,457900
1215,1512500
4024,3836200
255,841800
198,649600
565,1247500
31,73600
371,622200
61,101500
1137,2361700
855,1435400
54,948600
101,418000
237,956900
44,406900
211,231000
12588,12970100
69,371500
4183,4612700
67,413400
1237,1403200
71,391600
58,793600
2944,2976300
57,767800
58,957900
886,1342800
373,678200
58,958500
329,1240300
77,538700
38,256800
123,204200
1118,1251100
181,203300
135,520700
475,1138500
2394,2922600
488,650900
1298,1387600
900,896800
2032,2455000
181,206000
898,1706000
55,719100
623,1397000
491,957000
41,448500
68,358500
33,178800
34,170300
6036,7044600
267,1261700
98,567400
85,763100
437,933800
159,449900
33,161200
2369,3849800
1085,1293400
79,621700
93,193500
1707,2397800
10637,12187800
89,901200
5441,6523400
97,302700
1044,1655100
168,861400
75,573800
60,194300
286,788000
82,750800
65,209800
102,456000
107,566900
108,640900
90,101200
2719,3486300
32,99700
107,687000
434,811500
276,470300
434,824000
248,458100
121,170400
30,42100
31,93200
649,1162500
821,1131600
121,215300
1022,1007500
2638,3472600
1157,1561800
43,398400
34,149600
269,1058100
345,715800
1350,1254000
116,791900
870,878000
462,777200
1625,1952900
213,292300
1005,1732900
38,251100
141,807200
431,793700
149,1042000
58,857400
1135,1687700
69,310500
117,847000
992,1083700
3478,4417500
95,234500
85,802700
35,180200
3206,3836300
1633,2297700
462,750000
785,958900
338,531900
451,449500
5862,6297700
68,288100
472,1015800
73,443500
277,439100
86,1089700
146,882000
89,870800
117,966500
39,285500
34,177100
74,508300
578,774200
62,126000
3592,4579000
3514,3407800
30,43100
149,932500
241,260700
68,279200
99,370100
96,531000
394,791600
845,1030400
137,575200
35,217900
660,647500
826,1170300
17983,18391300
420,446100
388,1125600
74,482100
223,587300
15802,16452000
217,439000
892,1666100
54,722300
82,668300
2236,3082400
36,276100
128,426400
35,225300
46,731000
33,156300
54,850000
115,963500
33,156800
224,644100
12373,12905000
1437,2020900
319,797300
102,440300
606,685200
53,688600
504,1208100
135,608000
35,197000
120,152600
270,255100
143,742500
12892,13249500
75,764600
104,610600
1498,2195800
122,205900
11896,12664400
79,585400
33,153700
36,281300
42,354400
80,708800
46,516800
1033,1563700
179,944200
876,1134200
1902,2085500
120,122700
165,772200
1674,2192100
77,572200
48,551100
61,99500
41,329200
48,636600
8081,8484700
547,714400
97,305500
1246,1728500
42,356800
1043,1636200
250,501900
50,630100
441,924100
72,432000
32,98600
201,740400
86,766000
214,395800
38,260500
88,857000
182,254400
53,672900
1503,1524400
1544,2192700
6174,7017700
88,866200
167,593600
6773,7157400
31,98700
138,668800
113,794600
288,799400
15071,15505500
2674,2599000
1050,1090300
3840,3681800
169,715100
56,827300
71,390300
1024,1048700
4339,4771400
31,73200
1104,1932100
31,90300
50,627700
102,450800
118,888300
275,423100
286,722900
61,100100
121,152900
241,271800
196,657200
39,295500
59,797500
921,1426500
764,1137400
35,178100
236,1058400
81,904800
37,301000
184,434000
3449,4411000
988,1747700
4813,4873300
152,209500
5295,5672600
246,397900
478,1300800
37,235200
224,607400
833,1678300
934,1253400
71,410900
866,1462400
1586,2625600
45,494600
268,1002800
36,206300
498,1302900
303,408900
667,845700
903,1013600
1653,1986100
337,497600
143,1013900
182,233400
35,177400
6128,5839800
36,229300
177,861100
227,767900
13922,14182700
5620,5795100
80,575500
895,1495000
64,176800
427,613200
45,531700
3449,4031400
53,659700
5570,5862400
57,776800
127,314800
44,454500
91,130800
120,124700
64,303400
77,516900
875,947900
1437,2070800
31,75500
138,662500
121,171200
45,475000
276,465700
118,931800
30,50400
57,766800
44,575100
1668,2253800
45,493500
710,1374200
55,754200
52,745400
899,1633200
47,510500
41,326300
1194,1754600
34,245800
200,903900
2899,3352400
822,1108800
113,688800
9304,10414000
39,277400
222,691000
130,490200
174,983800
1715,1905700
118,875200
100,363800
181,225700
145,818900
754,1005500
2577,3326800
140,774300
86,824200
64,248700
168,701100
200,711400
52,665300
415,1231100
79,635600
53,642200
1985,2006000
156,306100
6355,7579000
60,70700
53,715900
93,176300
8943,8480500
56,754000
837,1652800
436,814600
3793,3908700
639,886500
46,573100
578,1119800
3338,4030700
137,575400
44,508500
49,567100
31,71700
217,386100
385,1099200
909,1117300
1015,1775000
42,356800
291,878000
37,255900
245,354900
427,580200
74,511700
100,360700
1247,1811600
832,1493200
66,256300
1872,2334900
256,674000
6679,6937500
42,357800
57,788200
79,571100
165,592600
113,718600
15128,15253200
243,314000
54,674700
189,420700
806,1581500
77,677200
390,460400
908,1338700
609,1009200
316,1127000
140,732900
114,814300
97,370100
185,378200
36,229700
74,527000
61,108600
33,163000
400,654300
134,556900
79,609300
552,952400
283,633400
187,401300
147,877100
68,278600
45,427300
1005,1467700
604,774800
334,450200
35,175700
154,258900
612,975500
41,349900
177,1099500
283,657600
1540,1916000
65,204100
15980,16059400
30,77200
8673,8626100
3909,4042800
119,878900
2774,2926000
46,462300
746,1383600
40,307200
14295,14369700
421,444100
93,178700
75,659900
1863,2100200
33,144100
15369,15976200
206,929100
44,512700
62,230500
672,938700
38,348200
34,153800
82,700600
68,278000
124,249900
50,589700
42,349800
681,1258200
285,660600
198,1066800
88,958300
78,603800
1720,1892400
93,179300
45,468100
143,760400
137,576800
40,327100
4169,4768500
40,324800
139,639100
105,542700
84,693800
1197,2280900
75,509600
40,303000
900,901700
71,378700
32,98200
532,1052100
488,718000
224,572400
82,717600
4292,4332000
763,1145900
11991,12022100
114,776400
44,467100
53,639900
110,668300
186,332400
337,531800
907,1325300
129,438100
2908,3688000
256,653100
14579,15307100
3161,3549500
2092,2635600
121,156400
5520,5311200
36,222300
101,399600
13150,13628700
72,417700
867,1568200
39,307600
170,682600
246,383800
55,729000
140,638300
2086,2537300
237,928000
908,1201900
65,209000
309,653600
122,240400
1595,1913800
51,605000
754,848500
77,511500
31,70400
80,672700
119,930600
34,233600
9146,9330600
749,1503800
455,637200
1804,2026100
2679,2822300
250,672900
71,362500
150,157000
64,179800
126,384600
654,1591200
33,163800
65,269100
2699,3808400
164,693600
59,1020100
105,585900
124,323600
86,818300
109,763900
46,542500
35,181500
87,844300
37,349300
93,188000
55,731100
381,976300
235,1300400
90,109400
50,640800
47,538400
2186,2813200
1222,1781800
558,964600
1027,1166700
651,1286500
304,426600
430,813700
1154,2034600
262,1104500
195,939500
102,605600
698,1135000
261,984600
73,426000
360,351000
94,225700
3126,3312300
3212,3572200
34,194600
263,1440300
46,658900
144,792800
16651,17470800
4294,5124200
80,672100
144,800500
67,297100
335,626200
41,379000
67,276100
1273,1742900
325,1084400
36,210700
859,1340000
31,72800
11951,12988400
176,892600
9689,10922800
233,1038600
277,469600
5786,6761100
268,1408400
42,370100
283,835700
1300,1907000
45,461200
766,1153200
369,599500
34,180000
472,1030600
292,1051900
36,220800
3304,3632600
1017,2077800
32,155700
3591,4446400
99,343200
60,71800
32,100700
199,812600
1678,2371300
809,1791600
158,472100
238,1008600
125,309100
440,954600
267,1067800
222,531700
5707,6061800
57,901600
4180,4447900
55,892200
58,802700
168,735800
192,508700
32,98000
30,42900
36,239700
34,163000
252,709800
2873,4443500
410,1058500
5130,4856600
958,1697700
66,230900
49,557800
666,800100
2306,3163600
484,606200
69,453500
5567,5753600
35,224100
382,948100
7784,8066600
1891,1917500
352,1006800
369,597400
337,627000
40,364000
795,1132100
2621,2858400
117,848500
362,406200
30,42000
338,733200
58,776500
98,343000
74,476000
83,664200
33,125100
69,322400
237,957300
169,846600
308,501700
5808,5968100
45,442500
68,285600
337,677800
151,222600
316,803700
73,496500
1882,2405700
51,732400
190,447700
34,153300
184,304900
2501,2659000
221,542700
132,603200
305,544700
824,1478300
138,777200
133,588000
38,303400
1547,2113700
524,926000
6190,6007000
92,179000
7336,7254300
13858,14025200
48,528100
817,987100
44,421600
225,629600
3968,4225800
57,823100
35,196700
40,316900
40,331300
66,238500
63,149600
15080,15162100
746,1380000
1208,1437300
75,683600
102,438300
32,134600
9252,8860800
775,1367700
2124,2784800
1210,1697400
34,182600
357,1027500
34,151000
118,952800
52,673200
45,429900
5592,5603500
227,640300
230,812100
394,472500
2269,2702000
426,552200
1790,2550200
1746,1902100
319,794300
266,917300
80,737900
32,105300
1416,1604600
439,1160200
30,52100
1707,2847500
45,493600
220,523700
173,926700
47,480800
60,69100
3716,4885600
219,457000
14320,14079200
9005,8889600
425,592500
137,666900
751,732300
1207,1311600
244,391500
175,843700
1985,2323500
987,1880500
44,440400
493,854000
675,1324600
35,265100
42,366200
403,741800
42,354600
66,297900
95,275300
1520,1911900
1907,2128600
10352,10533100
2066,3201100
52,813300
68,359400
109,753600
138,28087800
2364,2896400
477,1369000
111,716800
163,545700
361,473300
61,99400
147,859700
74,512300
263,870700
71,381900
50,581700
432,728300
419,1301100
56,879800
414,1039300
77,533900
297,1208800
552,1038600
36,233600
35,172200
119,894300
212,261700
62,150000
584,924000
374,891900
2841,3316400
36,242100
42,446100
37,335400
4064,4405100
35,180300
787,959400
109,632200
47,486400
35,181300
3679,4162400
779,1516500
122,194800
242,421400
90,99400
62,125500
834,1396600
488,636300
64,198800
76,517200
239,952400
2249,2804600
81,621200
11661,12389300
2330,2857100
92,157500
145,859100
140,660600
397,562000
8028,8041500
610,852600
377,1299200
3441,4691700
759,1024800
727,1041500
501,1020600
135,788900
30,48200
287,813000
1124,1459700
106,540800
1797,2364800
99,345300
4308,5330200
36,256800
190,552200
251,684300
932,1137800
560,1293600
258,907700
5708,5719100
38,281900
6917,6934500
35,196600
55,721100
264,867000
59,1201500
108,636300
37,232000
62,154000
75,463700
76,522200
143,937500
49,668100
38,275200
66,245200
537,1244600
14687,14738500
931,983700
186,352500
33,125900
199,699200
34,177900
1946,2686500
31,76600
35,203500
60,71300
203,767900
159,478500
1161,1891900
3103,3480900
5270,5518100
3291,3583900
1217,1553100
766,1169500
270,280200
45,517900
771,1504400
792,1132100
492,763200
3217,3104900
58,758600
1031,1346800
1508,1637700
1010,1937800
110,797800
806,1661400
3316,3998200
162,612300
387,1132200
119,893100
825,1190400
479,1189200
63,168200
2320,2606700
1789,2243200
35,215700
148,854200
59,893400
51,592800
1580,2011500
6219,6353500
38,276000
311,588400
58,756000
42,371700
284,653200
132,433100
109,613700
222,545900
111,648500
62,123400
60,75000
149,893100
100,363500
7962,8400700
120,163000
149,1164200
36,257100
860,1478700
2158,3000300
136,537300
9754,9533100
994,1154700
2091,2824100
520,761100
98,333100
223,649900
362,397100
349,1054400
241,468400
36,336900
32,156500
37,334500
459,790400
740,1269400
9444,10040300
6429,6952100
81,631100
37,250100
31,73200
92,154100
517,816600
30,41400
3321,3581200
19068,19327100
2607,3489000
3291,4591700
215,441200
102,522100
58,986100
3107,3455700
52,646300
41,334100
30,40500
422,481000
793,1319500
97,319100
1365,2347100
67,290200
4533,4409200
32,97200
192,508300
920,1391700
85,758800
858,1281600
1147,1215100
139,704700
754,783500
54,764000
796,1399200
1495,2153900
107,611600
935,1068900
99,360500
81,642200
60,70900
523,1024600
57,783100
47,493300
45,555400
123,216300
345,776500
11607,12293100
412,1236200
361,401400
95,237800
37,410400
58,966000
8194,8409200
52,720700
5115,6055300
102,503100
185,310200
34,147000
2469,2712100
225,582800
84,976800
192,485800
795,1412800
958,1910800
7720,8321300
7200,6970300
943,1457200
65,217900
107,667200
721,730000
2533,2868700
201,716800
3745,4625100
2893,3355700
75,549000
39,361800
52,666000
283,725700
3751,3711800
93,186200
74,486500
6005,6511600
59,821200
83,1292300
531,1161300
139,684200
77,558400
245,406600
9845,10110200
79,663500
50,650500
69,308600
137,786500
1990,2557400
76,517100
11452,11300900
72,623800
330,316700
1019,2280900
302,344700
315,951500
80,648700
865,1629300
314,820700
64,182600
1105,2079500
213,377100
195,737300
271,378400
98,388400
70,428100
38,342900
88,1031300
325,964500
312,790400
79,649100
268,996100
39,293400
307,483000
1073,1632400
125,294400
932,1179100
1029,1323300
235,843200
92,179300
178,1088400
54,739400
34,217500
