19391
1726354
1653011600
1,6807500
150,880300
7,231700
85,699700
41,1109800
4,149300
52,1565100
2,107600
2,100000
1,81700
13,432100
7,239600
35,1069700
1,102300
155,1033600
6,215300
11,345500
9,308500
21,778400
14,423600
521,1331700
51,1376200
1,73200
2,157000
1,80700
187,205600
11,367300
37,1174100
42,1234100
15,427300
1,71500
1,70700
96,1158200
12,346000
85,907600
103,1143700
2,136500
16,532900
5,183200
41,1204400
21,597700
133,565200
1,106600
14,481200
1,72300
46,1576300
57,1562300
14,398800
19,671900
110,1583600
1,76900
115,1643100
3,157500
22,763200
5,221800
2,121500
195,668400
3,161900
3,166100
15,494500
18,629800
6,207300
4,150500
2229,3328200
1,102800
15,496400
35,1048800
71,542800
5,291800
241,1611100
58,1534300
4,173500
1,74000
4,149700
4,211200
45,1180600
32,911700
100,1110000
778,1516700
2,199700
12,397000
94,1098400
3,148100
6,220500
47,1502500
2,133700
20,616000
227,1555100
5,349200
3,160900
51,1657200
283,1216000
1,113200
5,185900
2,108100
245,1716500
5,180600
258,510600
1,79100
6,199500
1293,2353600
367,1762800
6,219300
355,1663600
51,5094200
216,1078500
359,1700600
44,1182500
10,338400
4,153100
98,1031800
46,1223500
1599,2562400
91,829800
34,907400
1,94300
6,198300
1257,1414900
917,2048600
100,1120500
9,272500
2,100000
12,341200
1,85300
1,83700
1,96000
91,847500
10,306100
3,126300
1,73100
2,130700
84,839300
6,205400
1273,1855400
22,672900
3,127200
56,1726200
3,155700
29,880200
2157,3288000
163,1383600
17,637100
3,169000
76,574400
18,660400
29,996500
1,96300
272,1017300
3,143200
4,150800
1,71500
7,219600
22,705000
422,2045300
85,858500
2,164700
181,2116800
5,228500
2,126100
19,680600
17,628400
14,530000
279,1273500
40,1282200
3,133100
35,1021300
1,101200
39,1141900
3,148500
34,968900
48,1727400
3,140400
16,474000
6,269900
25,722700
454,939700
11,370800
10,305000
37,1206600
195,421200
1,77800
507,703600
175,1591300
237,1662100
1,86500
314,478200
24,786000
17,505700
6,201700
2,99600
14,407800
1,81700
2,99400
227,1229500
56,1770900
1,96800
2,123200
128,353500
39,1390900
1,111900
2,129600
1,144100
11,428000
1,95500
4,171200
28,886800
8,266200
1,73900
67,232300
8,287600
1784,2615700
50,1356800
132,513400
50,1772300
1,104300
15,593400
3,193800
2,122500
1,88600
6,246500
2,120600
15,557500
75,466500
10,302200
7,226000
55,1468100
7,223900
3,180500
3,151900
7,260200
7,290600
1,82100
8,246200
3,153600
10,380100
297,1598900
35,964400
8,250900
1226,2196700
12,388300
251,313400
9,466000
217,1194300
1769,2629400
25,1010100
2,131000
48,1389500
4,209500
67,308200
72,351500
25,678300
23,844000
249,318300
1,72600
49,1338400
3,146500
19,522800
120,2001400
5,201800
239,1717500
3,179300
8,254700
225,1321100
6,228400
8,256500
147,1072300
24,657800
1,86200
4,175300
4,171900
6,205700
31,928100
108,1353200
10,317500
23,748900
3,139500
95,1040600
22,667300
12,361000
4,153900
190,314100
3,168000
129,325200
59,1736100
6,245800
1,80900
86,779300
73,395500
151,1192200
461,1189400
2,115900
4,224900
35,1195200
49,1789800
1,100700
12,469000
29,1002500
4,196300
6,268800
728,2288900
5,284600
4,211800
5,231600
18,599300
5,259700
15,560200
58,1756400
12,384100
10,309900
2,101500
4,215000
461,1126400
79,556000
8,348400
62,93300
9,323300
14,414200
3,127500
1,92500
3,129800
123,2166700
4,160600
38,1087500
1,107400
4,156700
62,89400
6,202300
1,72900
27,981800
2,103000
177,1595400
3,157200
6,197000
218,999500
9,300600
625,691700
1,77300
11,383900
15,460900
8,296800
2,108000
3,127800
5,244600
422,1643400
11,351900
755,844500
159,1236000
28,762100
1,150700
4,208400
20,753200
1,105700
336,1245600
1,101500
1,92700
193,463200
2,125600
1,88000
1,77000
198,533400
7,234600
3,123300
58,1626200
274,1080700
2,105300
121,1628500
5,176800
1,74800
9,275400
29,816700
35,972000
4,243600
9,378600
2,111100
3,129600
2,100000
21,682500
1,105700
3,193500
39,1180700
20,557100
4,246500
930,860800
12,369500
3,129700
58,1570800
1,89000
1,72300
114,1437900
285,1181800
103,1143500
2,124300
1103,2143000
22,600200
8,254100
30,839000
17,471300
7,221800
125,192500
1,79000
17,498600
2,98500
3,123600
1,73000
2,95400
7,220000
1,85700
1,71800
19,663900
4,195700
1,81600
8,274100
1,81000
218,1061700
2,135700
3,129200
30,977900
3,155900
4,169700
1,75100
3,125500
2,101000
1,74000
1,74400
3,126900
2,190100
14,488000
434,378800
60,1673800
2,103800
385,844700
70,384700
1,81800
5,175700
16,578700
3,158700
781,1781400
27,810000
2,153400
21,802900
2,103600
1,74400
1,84400
44,1313700
13,536200
1,142000
10,389100
1,93400
1,105100
53,1658900
37,977700
4,202600
19,575400
1,76100
1,74600
10,301300
5,183600
7,225300
3,131900
1,138500
8,272800
1,96900
3,150100
2,104300
6,214200
12,372200
17,516600
32,1167800
1280,2241700
69,300200
7,290300
1,73400
7,235500
26,770800
5,196300
8,270700
350,1628700
1,83500
33,966400
2,108100
25,897700
32,994100
310,361900
2,135000
6,214400
9,294300
2,101000
5,196300
1,74000
63,162100
249,250500
311,337200
3,141100
5,178300
1,73600
1,75000
3,143100
48,1427800
21,604400
1,129600
23,758200
208,740200
16,492100
1230,2349900
277,1016800
41,1128700
3,158000
49,1349900
23,887400
1,99800
24,803100
1,89800
10,341900
3,139900
1,74000
1,73800
1,74200
11,333700
1,105600
1,107900
12,393900
32,859400
608,1823500
2,105400
56,1483000
1420,2537400
3,133000
24,775100
95,972400
3,131400
19,612300
3,161000
9,284100
11,320700
1584,2203700
172,1484700
2,111800
31,834700
1,71200
24,749700
11,338700
5,179600
2,128400
8,329700
1,74100
8,257500
476,1470400
112,1409100
1,76500
59,1573800
6,201500
2,101000
52,1373000
20,597700
3964,4400500
41,1350400
31,882600
8,251000
14,398100
7,249400
292,1330800
7,294800
1,78500
179,1534600
237,1683600
13,378100
322,585000
145,689300
3,126400
491,1954700
19,525700
6,217500
10,335100
689,744700
2,102600
124,145200
26,704300
15,484000
38,1323600
1,75000
1,70100
2,98900
1,76700
183,1646800
178,1550000
2,125900
555,1958700
71,316600
139,502000
27,768000
1538,2342700
1,72000
1,70800
6,227800
10,299800
1,72200
3,146700
3,138500
16,441700
2020,2586800
14,423200
13,533600
166,1281200
8,253600
80,750300
1,106700
17,501600
1,73300
5,303500
38,1032900
49,1275500
7,236300
1077,1475700
2,103700
466,1188800
7,223400
10,328700
15,426500
18,520300
6,195200
16,436500
214,968200
1,73700
2,98900
11,321900
8,305900
1,84100
102,1099000
1,81100
607,1775400
76,507500
49,1391200
4,156900
21,608500
6,212100
36,1192400
80,687100
1,75800
18,744100
57,1540100
79,697700
117,1522000
4,172800
2,117100
7,241800
37,1015900
41,1124000
18,518400
1,80100
5,173900
4,184400
237,1867800
3,164800
2,124900
16,583600
429,2342600
18,644500
8,332900
1,92000
25,880000
17,613300
2,132400
1,89100
278,1314600
109,1441600
1,139400
2,166600
3,169300
11,336500
12,494800
1,98200
3,166600
16,510800
6,233100
8,345600
31,895000
140,589800
2,100400
9,276000
3,142800
6,210300
21,596600
2,100700
8,261200
1,72400
7,398100
2,171800
4,245400
48,1363900
201,657300
3,155200
3,127600
12,380600
4,155200
6,207100
136,456600
40,1382400
19,706300
2,178300
5,223400
10,327300
10,338700
786,1867000
20,572800
4,156000
1,86800
103,1432700
1,79300
40,1254200
3,143200
1,74400
3,160700
6,201800
96,1052800
14,611900
40,1386800
14,487600
3,138200
33,995800
2,124100
299,1720300
75,432000
35,1091700
1,95500
1,79100
9,274100
2,103800
16,567800
21,662300
531,1507800
437,473000
13,503400
3,136000
289,1471300
7,256000
3,142300
9,303600
34,946400
9,369500
1,84400
16,777900
1,88100
1,82200
134,500600
102,1144100
163,1534100
7,301900
4,223300
2,129600
7,320900
6,220000
784,1796500
77,480100
1,74800
2,100900
8,246900
15,481800
48,1273600
228,1949700
16,554300
544,1689600
4,165500
4,160700
2063,2364800
3,175400
1,76300
10,305900
23,632300
7,283100
3,141600
6,220200
13,376000
7,222800
14,413900
16,536200
5,181400
8,250300
4,157000
23,660400
7,250300
1,85200
1,74900
26,683400
1,72500
2,116100
39,1095100
1,75400
246,1735200
11,336900
1,87400
581,1040000
5,181300
41,1127500
24,653300
63,114400
10,329800
97,1169000
3,157500
127,219000
56,1634200
18,619500
1366,1123600
14,431800
6,235900
1,78000
380,516300
32,901400
32,888400
96,1200400
3,142900
10,341900
11,319900
267,715300
17,497500
31,878700
1,73100
16,517900
4,168500
2,116500
1,71600
56,1608200
9,402100
44,1231300
14,445500
9,278400
7,278400
106,1413100
4,159900
1,76300
24,678800
6,200900
1,72300
3,122100
4,173000
4,147700
14,432000
2,97200
82,654500
6,228200
23,628900
7,272800
4,147200
6,218400
16,473200
81,561300
214,899400
92,863100
2,105100
10,322400
3,125900
604,1839800
13,462300
2,102600
7,222100
2,99700
2092,3157300
707,1236300
7,282100
39,1020300
2,118600
48,1256500
438,502400
3,141500
73,407000
12,347500
72,338200
8,269000
113,1363700
7,235700
18,568700
1,99900
8,254200
2,99400
642,1272300
2,104300
59,1705300
1,84500
22,616200
5,187700
2,116700
1,85700
18,507500
67,233700
184,1868000
1,88700
5,186300
1,73000
36,1015100
1,72900
18,554300
46,1228600
123,1717100
620,539900
1,81000
55,1692700
1,101400
107,1394200
13,441200
9,299200
1,80000
3,138000
2,111000
656,1493400
377,471600
23,605800
30,933900
51,1545700
240,1602000
271,913600
63,136100
8,252400
54,1658500
37,1190700
4,151300
2,109800
34,954600
1,73300
2,96400
38,1027100
777,1516900
68,258400
3,125000
27,791400
59,1561500
125,185100
9,309100
3,125000
38,997900
11,374700
183,2012600
1,123000
18,515900
343,1279400
2,134100
136,441600
1,72900
1,77700
5,224100
1387,1719400
21,777000
21,576500
2,173500
72,388900
14,427200
5,183900
7,239300
7,223000
30,843100
125,187000
3,122800
5,228600
2,97700
2,96600
12,347600
5,246900
2,149100
7,262900
389,748800
8,245100
6,215400
2,99100
1,79300
2,121500
84,728700
12,557200
6,344100
52,1443200
5,265800
9,296400
14,430000
25,757000
3,136600
3,123700
3,123000
6,209900
39,1058800
1085,1569500
4,160100
3,152400
95,886800
10,310600
11,336800
6,255400
1,82000
56,1425800
4,167800
1,81000
44,1268400
1,78800
1,74100
1,88300
40,1107100
1,131800
1,74300
3,121900
16,470600
540,1814000
19,578800
2,102900
5,174300
1,72700
3,154900
384,634300
22,670400
1,71200
9,282200
1,71600
8,255400
1,71200
7,247900
47,1266700
27,780600
352,1583900
597,2124200
1,102500
5,234200
150,1150300
2075,2955000
4,169900
26,1057200
4,210800
3,184800
10,407200
63,126600
1,81200
1,79200
572,856000
4,152000
95,989700
1,81000
1,111300
2,139400
802,2800400
9,389400
873,871900
2,115700
1,73200
63,231500
10,321900
23,678200
1,98300
313,406300
158,1014700
35,1135800
131,315700
121,2040900
9,537600
3,204600
21,863000
7,310300
12,492500
5,237800
1459,2644900
4,210900
5,225300
6,263000
5,237600
2,126200
11,427500
6,289800
2,142800
3,158300
4,220300
11,427300
1,98600
21,795400
3,168400
1,114000
3,145600
991,2375600
112,1474000
13,566000
42,1167900
4,227600
8,351200
4,155200
2,105600
17,679700
13,556700
11,461200
3,172600
2,145600
3,166900
19,733100
21,881600
1,83000
1,74100
1,87000
12,389200
11,319900
4,147000
69,276900
6,273600
137,548500
2,156900
4,239400
21,628500
50,1334000
8,289600
14,590900
59,1768900
2,118900
10,464700
1,74900
1,71900
17,504100
1,92500
6,248900
177,1531200
5,177900
72,392400
68,325800
5,182600
664,1773300
12,363000
554,1918700
1,73800
99,1055000
482,1938800
1,73000
1,75700
41,1168400
11,327200
1,73900
62,89800
12,341300
3,169600
56,1490200
1,72100
3,121200
11,363900
50,1313000
1,72100
1,102600
6,196600
3,133000
12,340000
1,71000
1,68600
19,641200
1,95200
12,485000
68,284600
70,287500
4,151200
15,493000
23,691900
248,247500
456,1079700
1,85400
1,74600
2,109000
33,954100
30,862100
77,448800
35,927900
3,135700
73,420000
1,72000
7,232500
6,197800
1,71800
8,276900
2,106800
4,150900
646,1239000
6,199600
1,96100
2,107000
2,94500
1,72500
1,94200
26,699600
1,85100
4,158700
21,779300
11,447600
2,129200
6,211300
5,225700
22,758100
98,1126600
361,1621700
1,75100
4,197200
2,100900
6,241200
148,746200
31,922000
6,203800
98,1112400
35,971500
7,247500
13,492300
26,765100
3,160800
2,102600
7,234200
11,403800
79,552400
2,107500
1,85300
3,135000
40,1067600
6,220900
31,874200
72,340000
1,76300
373,358800
1,103700
2,105200
299,1498900
6,307200
7,249100
15,478100
1,80300
36,1068400
2,101600
14,434100
7,224800
2,97900
242,1677900
6,201600
7,220500
14,474100
980,2060700
30,836400
13,409000
5,193300
1,86600
24,819200
2,100300
33,973100
60,1595400
4,153600
5,172600
5,185800
3,135900
366,1727200
9,346200
12,435800
1,103100
6,257600
91,853800
48,1361500
21,702100
4,174800
29,861900
530,1422800
14,399900
3,164700
3,130700
11,371800
1,76500
1,79700
5,170300
10,304400
96,968300
15,510600
3,121600
1,86100
45,1277400
23,659900
10,296200
6,204600
3,121100
808,761300
2,131300
62,90900
40,1055900
44,1193800
11,502300
7,256600
57,1696500
9,284300
29,839300
2,107000
3,132100
2,96700
10,367100
2,106600
3,159800
4,197400
26,732500
24,729200
4,189700
5,218500
150,1074500
1,90000
3,153000
291,1651200
1,89500
5,177600
7,221000
181,1707700
6,211000
1,73600
16,525700
2,125200
2,119400
2,127800
16,589000
4,188300
302,2014200
223,1249200
7,293000
2,104600
24,746200
1,77800
1,95800
1,93000
18,557800
3,127500
35,1027000
54,1595000
6,311600
4,211600
4,152200
1,91400
68,266600
2,98500
65,268000
6,258400
1,94800
537,1792200
7,280300
202,574200
326,727000
27,776100
3,124400
3,141900
366,1870500
3,191800
150,1082700
2,153100
11,484700
96,1056700
49,1398700
402,1354100
2,108700
54,1423700
27,740400
1,71700
2,110300
1,71600
10,337500
82,590700
332,949900
9,284400
2,110800
22,753300
1,93000
3,156300
1,113200
31,1076200
8,328300
130,371200
4,183300
1,88400
2,120100
61,1756400
7,234300
3,125100
26,836700
32,887700
13,402700
116,1524000
7,300400
15,467600
244,1798900
28,809500
88,875100
15,426800
83,652200
7,242400
1,86600
32,853200
1110,2227500
33,926300
175,1636800
1,85500
337,1235400
14,583100
771,1398600
1,79200
1,75800
3,126900
2421,2343500
3,249000
72,373800
6,201400
5,179200
4,151700
72,392900
84,856600
13,480200
2,139200
5,195600
45,1398800
93,929900
702,1066800
15,414200
7,288000
1,89200
9,302800
4,177900
361,1677700
5,180200
6,247300
1443,1534500
189,251700
1,72600
1,72200
1,79700
18,565400
57,1625400
89,842800
2,153400
4,260800
10,332100
1,73800
603,1695700
217,1017500
11,355100
686,644000
3,135600
1,82300
6,259600
1,83400
2,100900
11,373500
6,201300
46,1334700
5,185200
9,271500
55,1477300
4,216800
6,236800
2,101400
5,282100
11,432700
10,328000
1480,2507100
13,468500
3,148000
251,349000
165,1316500
51,1337200
7,227600
368,1848700
45,1224300
5,175700
2,96300
372,381300
1039,2005300
40,1084800
7,336400
69,370300
23,792700
4,368500
19,833000
62,122200
383,713900
2,109900
9,316000
20,612600
106,1304700
27,712900
2,107500
38,1102400
328,767200
555,1993500
2,127900
3,126000
2,112600
1,90000
35,939000
1,81800
3,124500
2,97800
1,71200
9,326900
4,195900
229,1267900
2,98000
9,321400
24,658600
11,323400
33,944700
33,1116000
1,109500
5,240200
1,95300
5,221500
42,1383800
1,80800
396,936500
1,85700
1780,2582100
2,109400
735,1999400
9,304100
3,154200
10,308500
2,137500
128,301800
9,325700
3,139500
18,547300
3,126500
21,863700
1,81200
4,153200
1,74700
5,174800
29,806700
3,192700
3,145800
1,75300
1,81800
19,524200
3,160800
23,701400
24,651600
1,72900
3,123400
3,154800
9,346100
86,789800
5,186100
3,126200
15,512400
1,72300
1,101500
78,485300
4,161800
5,171300
15,513800
129,343300
1,74800
7,226800
1,73300
75,426300
6,233600
10,306400
1,77400
6,214200
11,320600
1,73400
1307,1224900
3,130400
22,593300
1,92300
51,1405700
1,70600
6,212400
4,169200
1613,1255100
10,324700
31,853500
1,74300
1500,1463100
17,482500
250,258100
611,2351600
12,437400
91,1039900
1,75400
46,1309000
6,202100
9,290100
10,325100
6,202700
374,409600
1,76000
43,1141800
1421,2463500
6,204800
1,76400
577,942400
23,618500
2,101200
102,1133400
464,1118400
22,769600
126,270200
21,690300
60,1713700
81,597100
215,927900
86,708700
2,98900
5,171700
1,70100
1,81800
1,70300
1,72700
208,1008100
22,648900
8,343100
22,621600
164,1239000
2,103600
17,473800
23,641500
14,427400
1,72100
1100,1958800
674,1860800
12,414600
94,988500
5,176600
1,89200
64,210500
6,213400
10,355000
1,94400
2,120000
1,73100
1,73700
2,100600
147,736900
1,101700
33,994500
1,72000
2,96300
17,471600
4,236200
1662,2872400
401,1099500
13,388800
117,1514100
1,74400
5,186200
7,220300
7,279900
824,1095400
1,73500
261,576800
17,522000
9,320100
48,1337000
54,1584900
22,695600
8,259200
49,1592900
15,445700
24,848200
441,577800
315,394400
1,73700
1,71100
5,211300
6,202700
1,75100
2,130200
8,269700
58,1538900
147,711900
4,220300
3,161900
3,135100
19,556300
1,72500
168,1312200
32,908500
21,626200
11,322300
3,124200
1,71900
17,624900
3,204500
1,112200
117,1843000
12,361500
1,91900
7,258500
100,1183600
18,553100
57,1545200
1,80300
17,494500
18,554900
73,370900
88,761500
2,161900
104,1464800
2,123400
2,145400
3,176800
5,270800
5,257500
2,122700
6,262100
5,222300
3,154100
3,157000
6,254300
10,421300
1,87800
707,1370500
4,157500
25,700800
2,99900
28,766600
6,200900
279,1194800
3,132600
45,1190900
19,544100
28,742300
20,569300
9,271700
6,200400
37,1037200
4,189800
247,1721400
3,124000
375,429700
7,240300
451,773800
8,268700
27,716900
2,98700
13,469400
209,836800
8,318600
31,884700
3,137800
3,144600
326,817500
6,236600
3,128400
1,74300
7,228700
7,227200
8,262400
657,1858100
8,313600
684,590800
14,406600
1,147600
2,110000
6,211400
1,104900
26,716400
6,201300
2,99500
1,113000
15,463900
8,260800
1059,1002500
1,81100
4,165300
37,1005000
1,146700
1,77300
1,88400
6,238600
6,235200
3,128700
3,130300
130,304000
252,358800
15,444000
14,424000
14,403000
144,773000
1,87200
65,190400
2,101400
103,1261000
3,132100
3,140700
64,149800
1,72400
1,72600
18,558500
1,81000
8,248700
3,121100
14,399500
17,477400
36,1000400
4,145800
2,94300
98,1035300
160,1063000
457,1166600
3,173700
5,220100
51,1489700
1,77600
19,540400
4,204400
3,140300
5,189800
8,259900
4,151100
593,1477200
13,380900
132,356900
6,220100
12,374200
2,123200
1565,1804300
1,89700
2,100500
11,538100
4,154400
9,291200
25,788500
30,1117900
1,78500
128,328500
3,134700
10,318200
3,127600
24,681300
54,1470800
2,123800
854,1979900
14,412000
8,249400
26,776500
1,99300
1281,2087500
54,1663500
25,866000
59,2018700
1,106000
3,128600
14,426900
84,867600
1,123100
2,127700
9,441400
7,248900
11,335100
1,94600
175,1497400
1,126300
70,318100
253,396700
3,127400
3,122400
173,1476300
87,787000
15,473000
1,72100
1,71700
1,76900
93,959400
2,108600
538,1534400
2,115000
1,75000
88,754700
41,1123600
1,71500
64,142900
142,591100
2,157800
47,1269500
1,74100
3,126000
11,377100
180,1947400
4,165400
113,1528600
1,87200
2,135700
1,88200
1,74900
12,361800
91,860500
455,930100
1,80300
653,1472400
5,179700
36,1011900
11,346300
15,431100
7,244900
48,1315400
4,151000
6,198700
38,1062500
3,122100
1,70100
2,94700
120,1650200
160,1178100
3,143500
151,823700
3,172500
3,219500
1,89300
2144,3064000
58,1687200
24,730400
1,81500
3,127800
35,1031300
1,79100
22,651000
111,1331900
1,85600
4,151200
1,74000
59,1719900
7,282000
14,507800
5,223500
4,183300
148,1128600
60,1982500
9,344300
9,714000
15,582500
26,790500
3,130900
4,154300
1,88700
10,316900
9,296800
84,785600
11,401700
28,802600
24,760800
11,398800
168,1336600
3,127800
16,574000
2,121400
34,901600
1,95600
95,974000
1,94100
6,216700
2,97400
9,295500
30,870400
3,133200
3,130100
18,523400
31,886200
1,72900
6,201100
66,196300
2,115600
58,1737800
18,576100
4,154300
102,1189700
3,208500
1,80800
688,727000
343,1383300
1,87500
332,895800
460,1099700
14,420700
37,994000
209,940600
3,165800
1,91000
2,129700
5,260900
113,1559400
1,74700
79,582400
6,277200
9,283100
3,125700
17,472600
257,517700
7,263200
80,539700
3,120500
155,1144900
8,328700
32,1248700
1,74100
7,221000
35,1033000
1,99800
1350,2338300
12,361700
6,295000
1,92600
20,727300
214,1259100
28,1045600
3,159300
2,134000
3,154900
4,201500
1,88800
3,152900
4,218800
9,361300
8,317300
3,154400
2120,2492200
12,445000
5,225400
30,1199700
6,259300
33,1154200
1,93200
13,495200
3,153000
2,121500
3,178300
32,1081500
150,1080600
666,1923200
60,1884100
73,418500
1,80600
13,479100
3,142100
120,1586200
12,383400
199,524800
1,86800
25,805500
87,921500
3,126800
24,766400
487,1973400
1,85100
95,998100
125,183800
237,1827300
6,227900
39,1133400
2,162200
60,1792900
29,850600
273,1042200
101,1128000
215,1026700
13,443500
27,732500
69,276700
1,127200
1945,2353000
13,458300
5,214300
53,1550900
1,111700
15,465600
57,1551300
12,401400
35,1313500
63,202700
955,1627900
30,974400
1451,2314200
5,255500
21,807500
6,269200
6,257500
13,668800
1,98400
3,131000
5,198600
8,270700
190,296900
1,74500
5,182300
28,1103100
3,145100
43,1246200
92,969200
124,139800
9,278500
263,728500
3,174200
3,136300
3,192500
511,1003900
5,190200
79,559200
166,1462400
38,1175200
2,103100
5,180200
4,154600
1,89700
3,133600
5,177300
1,87400
1019,1799400
1,97000
2,122000
150,1114700
47,1608900
3,178700
5,190600
1492,1471100
123,1859200
19,599700
15,508200
14,456500
61,1831700
344,1499500
2,134200
1,83000
49,1511700
2,102000
2,99000
29,1076100
1,73800
11,333200
63,132800
169,1579300
35,1226100
23,998000
4,212400
10,451200
76,698700
47,1791400
6,330700
1094,3002000
55,1729500
5,180900
1,77500
21,575700
10,303800
3,123200
277,1683000
2,162100
329,891700
1,88900
1,84300
4,157800
4,151000
31,1001700
3,165000
3,125800
3,133800
3,125800
167,1321800
7,290500
19,736900
39,1228300
3,160600
5,221800
1,78200
1,117900
3,159400
4,158100
14,408600
15,437200
3,225600
6,274000
171,1467800
7,228000
142,660800
9,310600
1,94400
3,152900
37,978200
36,975900
1,169600
10,438200
8,265400
1,79200
9,278200
14,429900
1,77400
11,359900
103,1524800
107,1355800
1,93800
12,411900
19,553100
4,181500
6,276800
6,200100
1,93900
10,350500
6,213600
428,1896400
22,633400
5,177500
28,784400
136,475900
9,280800
305,1697800
41,1162700
3,123600
19,528100
1,71600
9,306700
26,742200
16,497800
1,82400
242,2171800
124,165000
1,95100
41,1132000
4,151100
4,162900
2,100400
17,499600
2,97700
10,298800
1,70100
3,123100
136,541600
2,143600
2,128200
5,184400
7,225200
2,97900
12,363400
7,247200
11,376900
5,178100
4,147200
27,755200
1,73700
131,338500
72,339200
13,458000
3,133000
2,110300
3,157900
9,337100
3,124000
1,70400
6,206100
90,833000
2,98400
3,157500
21,601800
10,362300
450,973100
64,186700
67,228100
38,1103000
9,278000
15,487200
2364,2247700
13,403000
5,233400
11,340400
9,297000
4,152600
4,160300
11,349300
1512,1746600
3,152300
6,274100
1447,1682100
7,226200
1,72600
1,72300
5,171600
2,102500
20,659800
28,785400
8,271100
3,175800
56,1683900
583,1191200
188,254800
32,908500
13,404300
9,302000
4,162900
3,133400
75,639900
1412,2312100
2,99300
3,142300
68,279800
76,504200
3,124300
2,109600
3,128500
8,245200
94,955600
12,345700
7,225200
141,660300
17,531000
13,399700
1,71600
19,580500
2,105600
458,1018400
6,226200
141,586200
8,255800
3,122700
3,136400
1,77900
271,889100
1,71600
2,100300
169,1810500
1,81600
2,106700
24,681200
1,91000
2,99000
1,96200
10,331800
4,353300
4,179800
1,74400
77,611400
71,376000
52,1489000
97,979000
14,449400
9,330300
235,1423300
3,129700
28,769800
528,1460000
1,87100
4,149400
39,1117500
9,292400
381,621800
1,76800
1,121600
7,235300
41,1212100
7,303600
1,89100
8,308000
198,607200
47,1552200
39,1425300
6,257900
82,816800
5,215300
9,342000
2,195000
28,798000
6,209800
278,1170200
337,989200
12,365300
1262,1645200
3,135900
7,293100
1,92300
32,896000
6,199100
9,292600
16,485600
2,95600
14,421500
218,1012400
5,197700
11,368200
3,128500
1,75000
6,193800
2478,3851900
93,993900
121,1716900
572,911100
2,170900
6,235500
83,651500
3,152000
2,100600
5,198000
6,216300
18,521000
1,74400
11,350400
48,1307100
1,74400
2,100000
1,74100
2,106200
3,125400
2,102500
12,466600
41,1133100
1738,1353300
162,1158300
132,341600
5,174800
11,343800
1,111800
1,82000
10,352200
1,91100
1,87300
14,410100
1,75900
1,74300
53,1566900
8,254400
15,510200
4,156700
1,72500
32,944200
1,79100
25,695900
7,324200
14,402400
96,973900
1557,1513600
30,819600
4,210000
7,227400
390,861300
7,222400
1,67300
60,1759100
1,118800
17,585600
10,320500
1,73100
3,125300
2,99300
9,292000
4,150300
1,144600
22,833900
16,524600
199,550200
337,958700
175,1533500
33,1152500
1,90800
468,1374900
1,89000
56,1714600
46,1263500
2,99800
18,534500
47,1315800
11,413400
44,1168100
531,1353800
1,84400
43,1237500
10,372600
3,128900
9,314700
8,251700
3,124900
12,462300
4,172800
9,296900
1,76800
369,1815000
46,1185200
66,214200
23,633700
79,525900
59,1747600
10,339500
92,855700
4,149500
3,124000
2,96900
1,70800
5,199600
6,285100
6,226600
13,472200
4,146400
72,364000
8,261800
2,98500
5,203700
1,81800
436,418100
114,1457800
5,169300
88,770800
2,105100
9,294500
5,198900
6,200400
7,221100
153,927600
89,825200
26,716500
760,989600
1,81300
3,121900
5,288400
3,131300
1,72800
18,521500
22,800300
2,108100
2,102500
3,175800
1,78000
8,267600
434,417300
4,156200
14,494700
8,302300
1,71000
5,177900
103,1248800
10,318000
104,1278900
1169,2473100
32,922800
1,74100
1,69800
2,98200
136,648000
19,627800
527,1222300
82,609000
5,171000
12,337300
1,71500
8,267700
1,71400
8,261000
1,91000
10,295200
4,144000
49,1302600
22,599300
315,447300
4,158200
10,325100
9,288900
138,490200
1,85300
1,158200
23,890500
330,903400
5,192700
1,73100
79,546400
1,71700
111,1510300
196,451100
19,537400
9,298400
58,1886400
1015,1437800
1,71900
9,269500
12,342600
342,1079000
98,1060100
164,1180900
1,139800
1,103300
1,94800
3,197800
210,822400
504,648500
14,412300
1,75800
1,77100
9,275300
2,95900
33,908300
11,366300
7,238600
3,145600
57,1478200
9,308200
16,474800
40,1170000
2,111900
30,1190700
47,1610600
49,2475800
27,869600
11,377500
56,1816900
18,814200
1,236600
1,145700
3,203000
1,166700
990,3399300
1,171100
74,450600
268,780100
112,1915200
40,1293500
68,554000
51,1544100
13,428600
49,1493300
66,289800
4,171900
290,1939200
1,108100
6,286700
3,164600
266,843600
12,375100
8,255400
1,88800
22,790300
3,172500
26,762200
4,154600
17,549100
15,524800
2,102700
5,200300
62,92400
4,152500
9,295300
13,411600
44,1706400
7,338200
5,287800
1,97100
19,817000
11,365400
218,1114900
1,85400
3,177300
422,1628200
5,180600
5,177800
8,411400
6,257500
296,1577600
3,134200
1,74100
53,1520800
1,73900
1,72500
10,319200
301,1674900
3,160100
6,247200
83,703400
57,1855300
2,208100
41,1589300
6,409000
13,554900
1,117800
8,365200
418,2020500
104,1317800
14,445400
3,253300
6,253300
10,329500
1338,2135100
8,278800
19,544100
11,320400
36,997100
1,70700
428,1956300
1,97200
5,194100
2,136700
5,253700
40,1083100
31,929000
2,104600
3,134100
353,1508400
31,966300
12,474800
2,133300
1,108300
23,828000
153,914400
43,1286100
152,904000
14,421300
51,1476100
5,202700
229,1346200
6,261500
4,190800
66,206700
2,107300
11,328800
513,1144000
5,202300
54,1563800
259,540300
5,174500
21,820000
1,84500
6,202900
25,737600
412,1438000
177,1617000
10,309400
69,279000
6,203300
10,295400
719,1594100
32,1033800
14,456500
2,96600
6,237700
27,849600
8,248800
32,1085900
21,734700
12,358600
9,312300
18,612900
3,142100
256,446800
2,100000
15,459300
977,2108100
3,123400
1,70500
3,122400
5,171900
6,202900
64,168800
4,152500
2,97100
3,127800
13,471100
64,138800
2,96900
13,479000
4,193900
1,109700
4,152700
3,123100
7,223700
36,1151400
3,155100
16,466800
6,202000
38,1274800
2,106200
11,369600
2,108800
4,165100
3,160400
4,210700
6,294800
1,75500
5,176100
255,450000
1,84200
13,455500
1,71800
3,125500
26,723100
57,1770400
6,230400
15,533200
6,218900
3,124700
10,308400
122,1694400
34,960600
744,577400
2,106500
7,296100
64,174400
17,514800
5,171600
5,262000
2,110000
8,377900
27,844100
7,222600
1,89600
1,74600
3,184700
8,292400
63,136800
1,72800
1,74500
1,72100
3,124100
26,787000
350,1320800
5,201700
1,78000
7,358900
7,272900
41,1163700
78,605300
17,534900
16,632000
2,134700
1476,3167200
104,1396400
1,91400
11,387700
41,1225500
718,1935300
50,1793000
5,233100
19,606700
2,102600
2,101500
8,255200
1013,1658000
34,1267800
446,955700
103,1132600
2,114200
19,651800
4,222900
1,97300
5,216800
45,1254700
2,98800
12,348300
7,307800
1036,2039700
90,800500
12,438100
36,1174900
3,192000
5,195100
10,380600
1,76300
5,179900
28,971500
1,99100
1,73600
6,312900
3,126700
17,516100
9,366200
47,1656000
40,1314700
5,247700
23,679200
3,131200
12,419300
10,505100
197,494200
8,283100
14,498500
2,108200
114,1475000
1,87100
34,933000
9,298400
649,1341800
8,334400
1,75900
128,243200
119,1698500
445,685100
12,423000
12,355300
354,1542100
23,636600
2,115700
1622,1621900
58,1568900
327,865700
1,105200
996,1127500
3,129200
24,694600
3,143700
1,71800
4,147500
9,283700
1,69700
28,754400
4,188400
40,1140100
568,851100
13,394200
3,128300
41,1222900
12,442300
33,1008200
146,699900
1,98100
26,934900
55,1674600
13,376900
7,230200
11,365700
97,962100
17,466000
4,148000
46,1228200
32,903000
41,1219000
4,153300
51,1489400
22,673400
1,73600
229,1474100
162,1257000
13,412100
1,88400
214,877500
9,300100
1,77700
5,334100
2,179400
50,1564000
1,82700
13,407100
2,98400
5,175400
26,873200
1,75900
6,197800
2,95800
41,1059800
13,576800
9,304900
3,134300
16,435000
6,221700
13,463000
6,235600
586,1432600
6,227000
9,279000
4,150700
1,72100
215,957300
4,151100
1,71400
26,788100
22,798500
9,286500
4,160800
137,526300
1,73000
6,210900
17,474300
1172,2504000
157,977400
4,165400
151,870700
3,141400
6,203500
5,176500
7,224500
1,71400
12,376100
1,81100
9,303000
577,937800
3,151300
1,71400
1,75700
1,71700
21,599300
574,849800
10,337500
154,917000
3,136800
8,248200
392,865200
2,117700
2,106000
4,169300
54,1608300
3,179000
88,817800
4,175200
10,315100
91,900700
11,536100
5,217800
50,1465700
1,76800
7,227500
10,401700
7,239300
11,348100
71,326700
3,156600
2,101200
14,537900
246,1857300
1,112500
27,776000
2,100800
1894,2462000
681,2026800
12,353200
1,98600
1,76100
19,555300
1,78200
18,507000
47,1540000
2,103000
5,180200
3,131500
72,451400
2,131900
131,405900
1,97400
196,638200
3,125100
4,155900
11,323100
36,1010100
3,128000
10,298200
24,687200
32,867800
1385,1682500
20,577900
3,123600
6,232600
203,613200
14,408500
41,1169400
11,459200
4,173200
7,258100
137,481900
12,459200
8,347200
1,95100
43,1261500
4,184900
11,382200
181,2107600
22,710400
3,127600
106,1214800
8,289400
69,335900
8,250100
47,1258900
844,1677100
26,722800
5,172300
16,578200
10,321500
1,70800
3,132800
7,359700
12,449900
18,598700
2,154100
2,106400
9,293000
176,1578500
689,863800
10,396700
2,117100
1,75200
1,74100
18,539500
677,2618900
84,744300
29,1015500
8,277300
1,72600
11,331900
2,116400
6,207300
13,373700
238,1614400
3,130800
1,96000
130,303900
4,151000
142,758700
272,828200
51,1424900
5,192900
139,570300
5,203400
6,203000
115,1445800
80,592500
15,440700
1125,1095900
81,1033900
214,937700
1,88300
1,83900
99,1288100
823,1151100
67,229500
5,177700
1,72200
29,910600
25,700500
1,73700
4,149200
15,536900
18,524100
4,149400
2,103000
648,1529300
8,307100
890,1415500
10,318700
2,100600
30,905100
107,1338300
291,1361500
1711,2704500
15,559000
2,121400
1,87500
7,279600
68,320600
6,259200
4,187300
16,588900
2,125900
68,263600
35,1021500
4,156800
9,274300
7,277700
9,273500
534,1460700
26,963000
10,390500
1,88500
6,297400
180,1643600
19,600600
4,159300
10,295900
1,70800
48,1624300
34,1174100
17,578600
1,73100
75,490600
53,1414500
2,98200
8,265400
70,370100
4,151800
10,295500
3,137300
1,80800
1,70200
5,186000
149,788800
14,393700
3,125200
3,123800
1,71200
1,139800
417,2013600
110,1472100
10,367000
158,1055900
567,895300
9,345700
1,90300
5,214900
4,153500
15,615200
2,145400
5,244100
1,98600
312,458600
36,1186200
913,2248400
7,340300
4,206200
3,159500
53,1899400
3,143200
4,156600
114,1752800
42,1490800
153,1381500
60,1696400
285,1189500
2,116300
11,353100
132,384300
3,139200
79,530400
1663,2654200
7,240500
1393,1822200
3,126800
1,71800
8,423900
7,389700
10,512100
38,1759600
88,939000
7,248200
69,284800
7,254300
393,951300
8,256500
79,552000
276,1016600
16,469300
8,270200
3,124900
1,117500
12,394400
15,461400
39,1078900
48,1599700
1,87200
35,1036600
12,406600
187,229300
4,159900
1,83100
3,145200
7,283700
46,1575300
10,296000
3,123300
13,419500
151,905700
200,595600
26,825700
4,189500
4,162500
20,657000
2,126000
1,83700
12,472200
121,1603800
12,364500
4,149600
7,223900
10,337400
77,629600
34,903600
40,1057500
3,123900
45,1532500
10,314500
22,694700
23,681600
46,1547000
682,775700
6,260700
3,138300
43,1263800
68,278600
2,107600
20,659100
15,470800
1,85700
1,90400
15,504700
10,341100
22,675000
5,214000
484,1734100
4,173500
27,753800
5,177400
1,93500
2,100400
19,660000
2,152900
53,1645500
1,76300
21,583700
362,1650000
20,571700
5,176100
1,76600
62,115300
29,850100
4,150200
16,483800
184,1719000
9,310500
172,1536200
2,107800
2,98600
7,226700
4,172700
3,133700
228,1471400
1,75900
9,357000
5,226200
6,262300
3,163600
10,387900
420,1958600
974,2335600
3,181600
4,199100
3,127700
1,74000
3,127500
42,1234800
49,1333900
12,381600
5,177600
21,580900
60,1887600
913,2370700
15,513000
8,249100
13,411100
6,313800
3,157500
92,998100
30,811100
2,124600
2,163900
8,252600
9,322400
66,301700
3,149000
30,1115800
2,110600
1,73700
11,334900
3,140700
4,174300
19,580400
2,102800
2,109800
3,148800
52,1385100
1,90300
15,458000
1,99700
16,472700
1,73300
14,406200
44,1364900
1,77300
3,141900
3,125800
189,300700
11,336700
1224,2168700
5,210500
3,137000
4,150500
13,403600
9,276100
2,100100
41,1292600
5,200700
1,77200
7,228500
17,605800
6,280000
6,278300
3,152800
3,138400
246,1835500
148,856000
19,620400
3,126400
11,354900
1,72000
20,584300
24,700000
1,85500
11,328600
1,71700
28,806500
11,330200
3,161200
38,1057600
2,98400
51,1448700
50,1405200
12,377300
3,138000
30,1007400
11,469200
43,1553400
25,912100
17,619600
10,367900
3,126300
1,79100
298,2078400
8,291900
2,109600
5,194800
5,174500
234,1535600
1,78200
3,127200
577,995300
16,504100
3,124700
1,71800
1,70200
3,121600
2,105200
7,252100
8,278000
321,656500
12,370400
315,476600
6,278200
367,2008500
14,400800
45,1363300
1,89800
11,439300
1,89700
54,1821700
17,639700
7,282900
139,659100
2,124200
9,352900
68,310400
46,1252500
25,744400
14,405700
38,1035900
20,578100
1,87000
9,282000
4,147900
4,147500
201,586700
617,2215300
1,99700
2,144200
1,99900
21,733100
1,97800
38,1281500
151,1044900
463,1110000
789,2124800
26,747700
5,176300
5,172600
28,976200
66,209300
1,73200
8,249500
21,780400
4,180300
22,720500
301,1677800
5,186100
2,107700
1,79500
88,941800
71,337200
4,207000
6,283100
2,170400
3,244900
653,1529800
1,113900
6,218000
3,129400
3,126100
1,79600
2,101100
23,712900
3,131800
16,446900
559,549900
1620,1472200
26,723700
27,734000
330,1004000
1,85500
3,129500
10,302000
63,130100
8,302200
11,481300
3,168700
1,91300
9,351100
3,156500
16,639800
4,195000
2,131000
36,1195400
1,83100
101,1119200
32,949000
4,150800
1,77700
3,129700
101,1179000
11,351400
3,127500
1,73200
3,127700
37,1126000
75,429700
2,117000
174,1690900
23,734000
16,548100
7,255900
1,75300
7,225500
98,1076000
2,105900
23,638600
18,534800
1,76800
2,94300
14,432600
2,98300
289,1420800
20,729900
19,674200
113,1824500
3,156000
4,198200
1,100600
128,383100
1,89300
24,839000
33,1124200
25,867900
72,446300
11,795000
1,110800
1,120600
9,318200
7,230600
15,428400
2,100200
2,113900
14,551100
1,97800
7,297000
7,356700
10,389800
10,397400
3,155700
33,948800
989,2289900
2017,2427600
228,1265300
1,92500
14,514600
498,454100
27,787000
23,676100
170,1606600
9,353100
5,220500
6,257500
9,353900
57,1793700
2,104300
1,76800
1,82400
37,1400700
13,612800
22,687200
43,1448400
6,247700
6,215500
5,198700
15,461400
1,73400
1,98300
12,392600
20,584300
3,136800
18,528300
9,276200
7,231500
1,71300
1,70200
85,755300
79,524600
1,75800
33,976300
33,901200
7,238900
12,429900
7,474200
4,175300
212,873400
48,1281300
2,97300
1,71300
5,243200
309,2035800
34,959300
1,176700
57,1916300
2,107600
85,713200
73,375600
7,251000
39,1057600
48,1335600
18,506500
78,594400
3,177400
6,267500
3,129800
21,577200
31,1018900
7,346700
7,235300
17,468600
77,508800
7,298300
314,392300
7,223700
91,898900
23,817800
1,123400
4,163900
67,294000
8,273200
2,99600
9,276400
2,99100
8,335600
37,1022100
11,354100
58,1840600
8,351200
2,101400
34,1237800
11,477900
3,160400
35,1286700
8,327800
1,90200
3,155600
6,255500
459,1467400
79,697300
2,123500
1,92000
18,723000
105,1508500
185,2179800
30,1124200
118,1640200
7,263300
3,126800
36,980800
202,643300
7,242000
1,77600
3,123800
437,478800
9,307500
184,1824500
75,471400
1,75400
1,74000
111,1585100
17,654600
296,1628400
453,910300
4,153900
2,150200
3,211700
25,859800
96,1064100
27,802900
1,73100
35,1001100
2,151300
4,190500
18,894900
3,135400
7,262100
2,99500
3,122000
5,171900
3,168800
333,1062400
1821,2082000
4,155400
8,556300
2,283400
6,253500
51,1655600
195,472300
138,746100
17,515200
48,1602000
101,1159600
3,146600
5,180900
107,1456400
34,933300
2,101400
5,178200
2,100400
39,1109600
154,941200
31,1066800
2,101000
9,286800
1,73000
1,71600
5,226900
19,631100
121,1624900
20,540300
34,1320200
151,1191700
17,509700
2,101700
210,768700
2,109700
59,1868800
3,134600
5,201900
10,301500
11,341000
275,991700
114,1849000
164,1238600
1,73200
1,135000
6,264200
1171,2574800
61,1807000
2,137700
22,736700
1,86200
152,859600
1,80300
23,637400
51,1385600
1,77600
5,176900
18,587300
11,371600
407,1187100
3,145400
73,476500
16,549700
8,251000
18,604600
4,170700
18,480500
4,143300
1,73300
1,68500
1,68000
2,98300
18,552600
14,426100
26,712400
41,1198700
1,90200
1,81000
2,121100
33,1018700
1,76300
7,227100
64,153300
11,422700
1431,1410100
2334,3034500
162,1291000
56,1617900
71,361500
237,1576000
17,473300
131,414800
20,611200
3,124400
544,1814800
1,103900
2,102400
1,75000
6,204200
581,1061100
5,191400
1,73400
2438,2863200
1,119000
4,202700
1,100100
6,266200
3,124500
61,2048100
12,453000
11,409200
115,1861400
45,1504700
49,1638000
102,1340500
876,919900
5,214700
45,1268200
11,426800
4,148500
6,196300
3,137700
1,71100
26,1104200
18,552800
4,153800
1,92700
1,71900
12,350700
114,1438600
2,99600
23,722600
2,98700
1,85000
33,950200
12,344700
132,368200
2,97100
20,639100
4,147000
1,70000
11,377500
14,482800
12,514100
388,786600
9,288500
10,348300
34,921700
26,796000
1,109600
33,1047600
1,75700
2,109900
1,136900
22,897300
2,153400
3,201300
2,175600
7,286100
3,162100
20,685000
1,169200
63,200600
12,463700
12,383800
21,579100
7,282700
62,104900
31,850800
2,105800
395,1047700
4,195200
6,206300
244,1737600
234,1550900
23,666100
92,1173100
1,80700
2,98200
16,596800
2,126400
6,300800
5,248700
3,155800
1,97300
213,1109400
1,94200
25,874800
23,694200
2,105600
60,1768400
8,386600
83,668200
2,99300
100,1160900
139,634100
75,424400
3,211100
3,130500
1,71800
125,190800
60,1702100
10,310600
2,102400
76,556900
16,608500
8,349800
5,234000
4,192500
54,1702000
6,222900
91,948400
36,1050000
2,105600
14,469800
1,72300
1,72100
50,1347800
1,71000
7,420600
36,992100
2,104100
37,1218700
12,394600
1,83400
788,1954400
1854,3715800
40,1435100
8,333300
18,685700
7,302100
43,1532600
192,434600
5,175800
8,245500
4,155300
107,1485100
2,108200
19,747700
38,1303200
6,253700
12,441600
7,289700
4,218900
180,1907100
4,156800
4,149500
7,287000
1,77500
2,102900
27,776400
1,87700
355,1481200
2,121000
34,1207100
54,1636300
4,209900
32,935800
356,1503600
817,1430900
15,559600
160,1158100
18,528400
1155,1998700
13,511900
41,1411300
119,1553100
20,717600
39,1310600
6,277000
44,1298600
10,326500
2,103000
19,517800
11,342900
8,275400
1,93200
17,513800
3,124200
21,585900
12,408300
21,950500
8,292800
6,312300
34,975600
62,106300
1,75100
1,72200
43,1397500
3,141700
6,206400
21,726300
2,114300
10,341900
14,436800
3,129300
1413,2468300
5,242700
4,151300
3,127300
5,172400
3,149600
3,125700
34,943000
1,71100
3,121700
7,247400
4,152000
24,709700
76,460500
1,80600
2,112400
28,802500
8,250800
1,71200
25,919200
6,243900
2,100000
8,247200
4,192300
4,185000
27,1158100
770,1397300
3,193500
3,143000
3,124800
20,591600
13,496400
15,518900
100,1123900
1,72600
13,410400
204,658500
1,83600
8,360200
57,1978600
21,774100
4,194900
3,158200
286,1621500
2,129200
3,258700
3,133100
2,99800
35,1168300
18,607000
136,497400
1605,2774900
1,90400
2,177600
30,958800
1,79700
3,149900
9,312400
368,1881100
105,1230500
60,1698500
12,367000
7,239100
5,188600
1,72600
6,296100
339,1103700
3,127400
4,207000
18,654100
9,341700
13,409000
3,145300
88,856700
1,74600
6,208900
3,129900
1,74900
158,1291500
1077,1521300
2,112100
3,128000
7,280100
4,223500
2,119600
18,529100
1157,1950600
35,1012600
1,78200
3,127400
40,1286300
1,86000
1,74400
19,616400
24,749300
65,177500
189,268700
43,1372800
11,429200
1,106700
12,465300
22,635600
1,76400
2,113300
6,232400
6,283300
1,81300
1,74500
1,72700
33,964400
10,349200
31,875800
1,75100
10,423300
34,1030600
2,121500
4,265100
44,1290900
6,204100
6,232200
10,336500
1,71800
7,225400
14,483500
6,197100
217,1149600
7,281500
4,184700
184,2148900
6,256600
1,92800
11,419400
6,250900
3,171100
97,1269600
7,283600
388,923500
97,1290000
3,372600
23,812000
3,163000
732,2295500
1,92200
1,80200
77,536400
4,177000
10,322400
1,123500
3,130600
4,165400
3,163100
9,277400
19,578900
1,85000
1,94100
11,402100
1076,1521400
470,1328100
25,715000
57,1533500
10,301100
4,153800
72,339400
21,822800
1,116600
2,166600
5,184100
334,1049300
3,130000
13,391800
1,228700
1153,2162000
161,1150600
3,138300
2,97600
1,70400
67,227700
340,1085700
11,352000
1,71800
9,297500
3,122500
1523,2134400
19,642000
7,222500
3,124800
7,314400
4,190900
3,131900
13,461200
5,187800
2,96500
28,944600
64,186400
1,89000
2,100400
8,246600
2,96800
1,88200
3,153200
12,406300
49,1292800
24,705900
1243,1480700
1,81900
1,74600
179,1625100
1,76500
39,1107000
263,639200
1587,2228800
97,1175100
35,1097900
100,1042700
25,776000
30,824200
4,150800
95,1227000
1,97200
3,182900
3,157900
1,103100
12,446700
13,389600
1,71100
81,602800
767,1363500
5,183500
7,229500
17,628000
1,93900
379,662900
2,149900
1,106900
4,215500
45,1565900
6,251600
4,268100
3,155700
124,260000
4,191500
1,89400
330,1147600
20,704100
94,1139700
16,578000
85,850900
7,311600
5,236800
5,248700
1,163100
11,467000
3,135000
1,90000
1,74200
1,71300
10,302000
8,264700
7,293400
1,79100
3,136300
26,774100
8,253600
10,377800
94,1130300
59,1687200
13,537400
5,236700
50,1647500
3,150500
24,669200
139,542000
33,899700
4,151300
4,148300
326,779700
13,389800
1040,2183900
13,416900
1,73600
33,905700
598,1674600
387,790200
3,173700
477,1974600
863,46627800
51,1482300
8,253700
1,72400
1,71200
1,69700
21,611300
295,1487700
8,250200
961,1497500
1,82200
1,72800
11,386100
63,118900
145,686600
2,119200
1,80500
4,145700
11,320800
14,424600
3,147200
388,745500
1,86400
59,1515800
34,921400
185,1883700
19,544200
1,81900
119,1589800
46,1250600
157,1009000
1,85600
9,316700
2,102100
3,122300
6,197200
10,301800
1,69700
196,446300
2,99100
44,1137800
4,145600
6,216100
3,123500
400,1021700
3,124200
14,390400
1,72300
1597,2428800
5,175400
4,146400
4,156800
3,130300
64,155200
14,419600
1,82500
18,507600
3,123200
23,643900
44,1349600
46,1283800
3,123700
6,204400
418,1540200
2141,2727600
569,750900
3,147300
3,155500
3,165400
4,183700
6,203400
2,104900
28,817800
305,1758700
39,1064200
4,164000
1,85800
2,109900
3,148900
472,1364400
14,498800
5,191300
5,184400
3,123100
7,259200
52,1407600
13,571200
106,1290800
3,125800
11,367100
206,676700
230,1309200
1,71400
7,220900
7,231600
4,147300
301,1592500
6,198500
3,119500
3,167300
30,874400
1,96400
39,1155300
351,1330700
1,104000
149,772300
4,150500
2,149100
9,286300
16,479600
1366,1110700
1,81300
12,342700
18,489400
12,419400
4,172700
29,848600
1,74000
4,157900
26,775600
3,124300
3,129000
4,148200
7,227200
5,227500
19,581200
297,1540800
24,639800
67,231800
70,353600
1,78500
4,191900
5,175300
20,579700
8,312000
3,172300
3,156400
4,169100
202,604300
723,1557400
4,149500
26,708400
4,150600
1,78200
5,216700
43,1118700
2,97300
212,840600
3,121300
146,719500
34,931300
1,74600
8,278000
11,376500
2,98900
2,106800
161,1265000
875,942400
142,583100
1,72200
307,1771000
1,100500
7,240300
2,99700
304,1694500
3,155100
55,1503300
1,96200
28,738000
680,2050800
27,763600
4,145000
58,1565600
986,2866000
2,146000
1,75800
2,98100
3,123300
220,1231200
58,1696300
3,136900
542,1665400
90,953200
21,593500
7,254400
11,332400
1616,1322500
1,110400
152,886600
127,198200
20,659900
268,742600
28,780100
136,447400
4,150600
13,372900
2,169100
147,780900
44,1173400
482,1581000
1,96400
934,833600
4,196600
2,117100
1,72400
87,751900
210,842900
4,197200
5,174800
32,969100
13,535400
14,436200
1,79900
7,251700
11,341800
9,274000
5,201100
8,275000
12,347700
23,780000
96,948000
4,168800
16,435300
93,904700
5,172200
1,72100
53,1708500
42,1179000
398,969600
15,440500
3,129500
11,339100
76,429300
3,159800
20,620100
79,593500
5,171000
1,69200
125,159700
1,70800
12,377400
109,1355600
7,233200
123,1771600
72,377200
105,1206200
3,153800
25,683200
19,546600
106,1291700
1,88800
2,101100
913,2006600
57,1796600
6,217800
61,1844700
4,158200
2,99100
13,399800
4,147600
1,77300
172,1388000
157,1023000
4,186500
16,459700
3,179200
217,1033000
3,130700
354,1624600
6,255200
370,2121100
53,1702100
4,156500
28,901700
6,241000
3,141000
327,840500
191,307700
2,101900
295,1491000
1,86300
464,1298700
11,344200
3,128900
1,73600
255,435500
8,258900
3,196500
247,1874400
398,1045300
1,87400
34,928600
317,695200
1,174200
1864,1792000
723,2133400
2105,3890700
1,110800
548,1922400
4,198600
1824,2334000
2,154700
88,873600
1,72400
4,151600
42,1311000
2,101400
265,681400
15,455500
123,2117200
3,155400
3,193700
8,342200
7,229700
2,100000
15,546300
20,645400
1,86400
13,375700
1701,2243600
12,368700
4,148500
15,419600
157,1036400
20,557700
378,521500
451,874100
29,868200
280,1088000
11,377000
10,475400
3,142900
1,80600
61,1691300
3,187400
1,76400
23,681600
2,102000
1,84700
74,444500
36,991900
11,372000
5,256600
21,672000
14,428900
7,234600
3,151600
12,349900
1,121800
1,78300
18,535700
9,281800
14,405400
267,826900
108,1359600
6,234400
3,126200
10,317800
104,1330000
3,128500
4,146200
118,1558000
2,103000
27,825000
2,101200
22,597200
24,870600
5,232300
12,478100
1,90200
713,1708100
2,130800
1,89500
97,1258800
13,465700
57,1608300
39,1177400
60,1695000
85,698400
9,292000
735,1963300
3,127100
14,393400
25,727600
879,919200
1,102900
6,232600
14,547500
7,320000
4,206000
3,171100
28,835900
22,700800
1,76500
90,941300
1,148600
8,258200
2,97800
247,1798300
5,175400
1,128700
485,1825000
2010,2181600
13,377700
85,905100
3,157800
18,633600
94,1119600
40,1311400
21,711400
2,129100
2225,3422700
20,590200
829,1242200
6,208300
1,72500
7,232400
3,123300
5,173000
7,255700
4,185400
29,838600
7,220600
57,1470600
201,713900
81,747800
6,243600
1,92000
12,354700
10,376600
1,113800
3,176100
395,943200
289,1294000
1,72700
4,151900
1,71100
524,1336900
263,648300
34,978200
3,142800
21,626500
45,1217600
5,172600
145,675000
5,173900
17,492900
4,147600
3,146200
1,97000
11,351800
2,105300
1,75200
1,70200
12,344000
48,1290300
1,77400
206,702000
510,801200
3,123100
9,277800
10,313600
9,270900
2,106200
1,104200
5,190400
1,74800
15,449300
19,532900
2,102800
73,382300
8,252600
46,1449800
336,1218400
3,178500
6,218100
40,1151500
43,1189100
134,531900
3,153300
8,270800
2,97900
2,97400
18,648700
1,74600
16,473100
27,715800
582,1114600
13,371600
55,1473300
6,228000
23,689700
1,69500
35,1092900
3,138800
16,461900
48,1464700
253,361100
1,72800
7,241800
3,123800
19,696500
171,1715000
18,712600
4,155100
4,150800
11,329100
6,249800
2,103400
1,78400
2,94500
44,1189000
1908,2767800
5,186700
4,150000
18,593100
5,183800
107,1246400
26,726200
19,598000
83,656900
1,70000
41,1271900
29,789800
10,316800
19,635600
2,109100
129,303900
22,596900
1045,2515000
10,383400
1,94900
446,883300
5,220900
733,2313100
46,1512900
32,856700
27,735300
10,329700
1,85500
153,863600
1,71900
1014,1753600
17,690600
16,667400
3,224000
3,270200
41,1200200
2,151400
1,78900
8,258400
758,997900
6,261200
3,126700
1,71000
4,151500
4,183800
3,130600
325,640000
1,76100
124,160300
13,405400
5,221400
5,184100
2,116800
3,123500
1,71500
3,122600
7,222800
70,362300
2,112200
1,73500
12,392100
14,407000
1,71700
2,98300
1,70500
2,95400
6,207400
1,87900
208,788000
309,1896500
3,135600
1,96600
22,704000
13,398300
10,296100
6,201000
13,404100
88,808900
3,139100
14,530600
10,368100
20,573900
2737,2364400
16,493600
23,695000
15,452500
19,529800
142,612400
3,123000
4,149100
3,151700
87,729900
1,73300
10,351800
4,174700
1,91000
7,287600
21,587600
8,291900
167,1242800
47,1321200
24,732700
2,138900
4,148900
2,103500
1,71600
3,137500
1,72500
170,1460700
160,1232800
1,80000
22,615800
1,71500
52,1427000
114,1537300
1,75200
271,841500
6,199800
1,70700
4,147700
1,77200
89,788500
8,248500
1,76000
14,441700
24,676200
3,121100
7,216900
17,501100
152,1032000
706,1172700
3,122900
3,129300
1,69800
3,123500
35,1082000
12,369400
1,90800
1,71100
35,1011300
3,163400
63,138200
136,483600
190,278300
1,127100
1,111400
1,131700
32,898000
120,1635600
2,102600
656,1779600
9,295300
13,396100
1928,1670600
1,77100
1,70400
7,218400
6,210400
6,211800
11,415200
3,123200
1,71300
1,70000
4,159300
34,952800
2,107900
5,175800
506,635500
48,1367200
4,163100
95,1016900
2,98200
134,410300
1,70900
3,148600
7,388000
2,139600
7,295000
9,290000
94,911500
7,264300
1,72700
1201,1512800
27,722200
8,314600
1,88900
38,1018300
3,119000
6,194800
15,487000
6,242900
11,327900
5,175500
45,1275100
1,129500
57,1560300
22,679700
25,708700
54,1742700
5,178400
3,123000
3,121700
10,373700
27,1060700
33,1039100
1902,2556700
14,533800
39,1308600
1,114100
1212,1903900
18,572700
8,250500
10,327400
49,1325700
10,296200
12,393600
3,124000
9,291500
6,206800
2,104100
10,296500
86,775400
11,365500
4,144300
1,67500
19,573300
111,1400100
1,70300
37,1395200
38,1153000
3,146800
2,104400
80,573000
13,377800
38,1140600
3,143300
430,1946700
4,203400
5,178700
1,77400
3,138500
47,1242800
2,98000
12,379400
12,344100
1,70200
2,95900
2,96500
11,379600
69,312300
1,72200
5,175000
9,308600
6,249000
1,74400
6,259300
22,621700
3,147000
26,832700
7,292200
1,98100
17,592300
28,945800
1,86700
1,103500
7,289900
497,583300
1,97000
10,376500
27,891900
9,336000
3,124700
4,148200
154,951400
26,943200
1,77500
5,191500
14,465800
2,98800
15,469000
39,1070300
4,170700
16,473600
10,298800
2,98300
136,494500
1,104500
8,267800
4,181400
33,1024100
9,321600
11,350800
204,651600
620,561300
228,1561600
99,1065800
35,1161500
5,188800
6,264600
91,891200
67,232000
5,172900
363,1719400
22,750400
16,471500
155,1147400
1,76400
6,221000
12,352100
6,202700
10,355900
8,262400
24,704800
16,550500
40,1218400
7,231100
7,265700
1,86100
35,1023300
41,1256900
10,314300
21,670800
1,80900
40,1236900
7,295700
26,791200
3,130200
11,332300
6,293200
9,328200
37,1249100
6,220300
86,1009800
1,104300
4,188600
8,325100
302,1755000
3,149100
612,2306200
4,204600
7,229600
2,101600
1,82200
10,397200
62,133100
23,729800
128,297200
84,731200
10,332200
4,159000
4,149200
5,175200
3,125300
1,71800
11,355200
520,1113200
3,128100
1,74600
12,392600
62,117000
3,134700
19,639900
9,312000
8,276700
2,112600
4,156400
4,178100
4,158700
429,2090900
3,161000
651,1301700
3,147600
1,77800
126,176300
1,77000
4,144600
211,828100
1,72300
40,1084000
5,176200
6,207100
41,1171000
453,929700
20,611500
18,555500
70,320500
12,348300
2,118100
22,588600
1134,1484500
1,108000
493,2643900
12,369200
28,795100
1,85000
1,108500
21,599000
4,153500
1110,2301300
6,210500
1,72200
4,181600
3,134400
6,197200
1840,2926500
9,382000
11,374500
17,634400
62,118900
1,72900
4,151000
9,289900
1,77400
133,396700
30,866300
143,621600
1,89900
4,169500
3,125200
4,162400
1,97800
8,270900
141,609000
5,227900
3,154500
26,753500
1,93000
112,1458900
9,296400
59,1838200
121,1772100
33,969200
23,669200
3,135100
7,227600
13,427500
106,1313100
5,189000
46,1324400
2,119900
6,232700
4,165000
4,152200
1,74800
7,231200
1,101900
5,215200
63,118800
105,1262600
104,1595200
7,239300
2,193000
21,622000
12,376500
10,303200
230,1424700
3,131600
8,309900
1181,1048900
2,102800
4,230700
12,382000
4,153400
187,205200
2,105500
1,72900
15,444600
3,155300
47,1286400
16,515600
5,207700
94,1175200
3,143800
821,1137900
1,91100
65,234400
1,85400
4,177400
86,709000
3,123700
17,488200
94,1323800
1,109200
1,97800
8,318100
12,360600
23,769100
1898,2517700
21,746400
1,112800
53,1718700
1,141800
31,915300
9,309400
3,128700
31,1077100
1782,2702800
1,90900
17,538800
4,209100
525,1213200
1,76000
274,1002700
158,1068100
5,183700
63,117400
311,300400
61,1699700
1,77000
15,615300
144,942300
13,415900
6,228900
51,1432100
142,615300
3,132600
1,71600
30,852200
20,570300
2,97300
128,271200
19,685900
7,230600
2,99700
3,124300
8,255600
3,142300
212,917800
35,1239900
6,262600
3,130100
7,233200
15,516100
561,811800
37,1252000
756,943700
8,300600
14,519100
348,1358600
106,1246200
1,72500
12,373800
6,201600
5,199500
3,142500
59,1624100
2,116200
23,652200
7,247400
2,99600
12,427200
1,106800
101,1363800
10,372500
27,824700
7,268000
1,73200
3,133500
3,150700
85,730600
1,78900
33,1086900
16,471000
37,1019800
3,145900
102,1123200
15,537100
685,683300
13,386200
249,279500
31,1097400
32,920100
54,1478000
2373,2444500
125,194900
2,98200
1,70400
35,1011700
288,1365800
13,524900
2,151600
1,80500
103,1281800
89,794100
52,1366500
6,226400
46,1283700
29,802900
7,227600
4,169400
11,429500
4,175200
1,73400
1,101600
3,124400
1,71200
3,121900
217,1068800
14,397100
8,251500
3,123900
15,469600
9,303600
39,1032900
1,74200
3,120000
3,125700
1692,1695800
3,132000
25,686400
8,321700
10,336200
10,315500
9,328400
50,2576300
1,75400
14,454200
8,262800
6,250700
8,276500
4,164800
21,645000
3,124100
21,600800
33,894800
4,184600
1,71500
5,173900
10,331100
13,384300
12,349600
2,94700
1,70400
394,918700
907,1649600
12,346500
2,106900
4,148700
6,239000
85,691600
218,1013800
4,149700
26,744900
100,1167000
1,75900
114,1512500
10,304500
1,73100
12,351700
2,98000
1,80400
28,861300
27,778500
8,346600
13,434600
7,387400
57,1584200
2,103600
4,180400
1,91300
2,102000
3,188600
4,181700
2,109700
1,73500
385,692300
3,124700
4,149200
277,1026600
10,314300
328,726800
4,202800
1,72400
747,672400
195,470500
14,426700
15,425600
44,1350200
245,1972500
7,240300
9,280900
4,150300
1,71100
2,97300
1,78400
671,2250300
7,237000
6,206500
30,994400
56,1533000
4,152400
3,121900
39,1021300
2,116500
2,97700
4,199900
1,77000
36,954000
6,197700
1,72000
1,79200
19,565800
3,126100
62,95000
8,250900
1497,1382400
891,1241600
7,228900
9,271200
26,720200
11,498000
99,1197300
64,145800
49,1325500
1,98400
2,111700
824,1176400
3,147700
1,90100
4,154700
1,82100
2,126000
3,123200
5,183100
25,685000
10,317200
6,231300
2,108200
3,141800
3,120800
11,319000
40,1121600
22,603100
10,312200
8,279600
3,124300
60,1607700
4,144800
25,667500
11,339800
39,1030400
4,224800
52,1347500
1095,2398500
1,114100
1,93300
3,158000
2,122000
1,99500
170,1731800
283,1259600
1,98900
34,968500
3,121700
3,123000
1,71000
39,1067400
5,171600
54,1420200
31,826000
5,190600
196,480200
1,72100
1,73000
1,70600
5,172500
37,1147000
4,194500
689,862100
7,249300
2531,3432700
3,139500
422,1762200
8,344100
6,232400
10,296300
2,126500
2,115600
59,2003800
28,802400
1,72100
730,1784200
15,448900
8,274300
21,573700
7,220700
40,1110900
24,663100
66,245900
3,152300
17,472000
4,147700
4,145400
3,173900
15,848600
2,134200
1,108400
2,119700
1,76000
3,129100
3,124000
1,80200
1,80200
9,308700
1122,996400
46,1312400
1,81100
13,372500
107,1351200
5,178800
3,258700
301,1704300
488,1724100
41,1108400
3,143900
3,122700
5,172800
2,130200
2,109300
1,79000
1,86300
54,1457600
20,559900
7,230200
22,667400
4,146300
1,78200
6,217800
1,72300
7,246400
27,845700
6,217700
1,81400
34,917400
3,123600
22,612700
8,263100
94,933500
276,964000
1,82400
1,74100
12,393800
260,556800
9,350900
37,1031200
3,123700
4,143500
47,1310600
3,135600
8,256700
10,356000
1,77800
11,359700
18,497800
13,371900
64,162800
3,123100
1376,1358500
1,74700
49,1304500
364,1857700
33,956400
3,132600
1132,1285100
112,1400000
2,97200
7,267100
2,104700
45,1169600
5,208500
31,815000
1,78000
1,69200
3,134000
9,271500
1,68000
68,274600
23,670900
3,129700
3,141400
171,1555200
3,127600
6,213900
1,95500
1,72700
25,683500
4,146300
50,1352300
5,172300
3,128900
4,241200
1,76200
4,195700
66,222400
1,81900
14,587300
9,309300
2,104600
2,99600
63,154100
6,215200
1,72000
2,105800
54,1589100
859,2378200
15,494500
1084,1689100
101,1083300
25,869700
1,72900
4,145500
424,1618700
2,114300
3,122300
24,705800
4,262800
5,197800
2,98800
28,775200
1,83500
26,697100
37,1088600
956,1423900
158,989800
21,591600
1,89500
13,385200
10,291300
6,195200
166,1608300
5,238700
1,89900
3,154200
1,97600
6,254100
10,415800
108,1645700
36,1155600
3,125500
9,272800
2,100600
441,543900
284,1194800
68,283600
2,109300
293,1453000
861,2223300
7,270600
7,226800
643,1173800
2,97700
1538,2621200
48,1333200
57,1591900
4,147800
920,2009100
1,83200
2,102800
60,1640200
39,1053300
3,158700
5,187200
654,1518500
3,151200
3,138000
7,224000
1,72000
6,197000
17,494100
67,237600
3,122200
1,68400
2,97200
1,71300
10,338200
52,1415900
88,758200
2,99700
22,607000
5,301200
15,583600
5,222600
2,126600
76,663400
275,980700
426,1711700
8,278000
183,2006300
1,87500
91,1048200
5,180300
9,303800
2359,2221600
3,165400
1,72300
2,103600
7,327200
377,418400
22,628100
19,544600
1819,1907900
79,547100
70,293400
24,678800
37,1014200
1,78700
1,99700
22,603900
34,910900
19,550200
1,76300
1,71900
3,175700
69,287600
3,139200
64,153100
2374,2271900
15,425600
1,76500
76,455200
50,1333000
3,122400
11,568800
64,156300
11,330800
20,587900
1,80000
1,72600
125,208800
3,187000
45,1278700
2,144900
1,77700
1,95800
2,119100
249,266900
1,72800
248,214800
109,1365800
7,235000
24,681800
4,152600
29,863600
8,330300
10,306600
190,309800
4,148800
7,223100
2,162500
6,202000
3,128400
94,971800
27,769000
1,72600
298,1618300
11,325200
14,466500
17,518800
35,1039800
1,72800
128,251300
86,688500
11,346800
14,442100
3,120600
2,96700
10,297700
1,72100
10,322800
1,82100
1,71900
17,507500
48,1294800
5,182300
13,413000
1,78300
2,107800
25,780100
11,319300
3,125700
11,317300
3,123200
18,620800
218,1202900
1,75000
1,71100
2,119500
10,304200
14,394800
1,69800
21,584800
3,120300
254,387200
186,171900
3,124500
10,298200
5,194300
63,124200
13,393600
1,71900
3,129900
341,1098800
16,442900
1,76200
5,232600
1,74400
288,1341700
8,268800
145,786000
19,511800
38,1050400
1,86200
1,85100
2,96500
13,443700
1,70900
12,349700
1240,1022200
3,138900
2,97700
151,946600
8,336000
269,944500
3,218400
9,362400
260,535400
3,126200
3,132300
3,144700
6,204100
65,180500
325,842100
190,292100
13,470300
6,216600
17,467100
10,288000
11,356300
289,1433300
13,450400
18,656800
9,295400
2,97800
175,1533500
3,129100
68,276800
11,365400
3,150300
1,71500
94,1038800
1,73600
7,248000
313,343100
116,1497100
3,124500
118,1847700
5,220000
14,418700
37,1018200
6,198200
10,339500
1,73800
18,531900
9,316400
58,1762600
51,1989900
142,838700
35,1189800
1,93100
2,117800
4,182800
29,1012800
5,255600
8,305400
17,593800
17,603300
1,107400
3,124200
7,220700
9,379100
26,754200
271,853400
5,174300
9,307300
1,80600
4,146400
3,122900
14,399000
2,107400
3,144000
17,498700
4,160700
4,146100
54,1445800
2,96600
642,1236000
4,150600
1,76800
698,1054400
7,238200
9,303500
3,136700
2,103800
43,1312300
4,162600
224,1336400
10,331300
1,72900
20,561100
1,71700
3,134300
76,466400
405,1137800
9,370700
5,199500
9,276200
14,419200
2510,2774100
1100,1993100
3,178800
11,338500
4,178700
3,125800
5,180200
6,203500
35,1034800
1,76800
128,274800
1,71100
49,1382500
3,130300
8,276100
1,76000
4,169700
1,75700
6,213300
3,133000
30,890300
19,564500
1,71600
1086,1680700
2,125800
13,387800
6,206900
2,101100
4,182300
2,127200
2,98200
2,100300
13,405700
6,249000
423,1981200
1,132400
51,1368600
2,168700
28,798200
74,514900
7,297900
3,138200
7,237700
4,177800
653,1350400
4,174100
1,72800
1,75500
96,1020600
12,414200
9,287600
35,947000
28,782300
9,274900
1,74100
1,69500
19,557300
3,122600
3,122700
2,114700
10,339300
251,298800
5,174800
21,652400
9,297800
10,311200
1,72200
3,136100
36,996400
3,138800
7,233800
1,72900
4,148000
251,360400
4,155100
6,238800
3,122900
1,75700
1,71400
1,96400
34,892400
22,779400
63,123900
6,201400
244,1693200
79,523100
19,553200
3,122200
190,283800
2,96400
2,95900
1,177300
1,142600
8,419900
4,193700
122,1837900
3,161400
11,325800
212,962700
18,562400
32,945900
198,538200
56,1570300
13,412000
19,532500
22,579700
406,1213300
17,472400
5,187900
3,130200
12,414500
217,1025200
2,109400
26,781100
143,622100
10,364700
2,111000
55,1581600
23,685300
771,1327000
11,393900
1,71400
1,70100
2,96600
15,447900
6,197400
117,1580200
43,1209800
1,123800
1548,2821400
2,104300
7,238300
29,865500
33,898400
1,73100
164,1214100
2,103600
1,71300
19,555200
7,239000
1,69800
1,83400
5,172100
627,738100
2891,3421800
5,201100
8,286500
1,71600
3,145500
46,1318200
18,534600
3,143600
164,1189400
1,73200
3,123500
66,196200
2,148100
34,917600
311,302500
6,201700
51,2092600
3,160200
24,733900
1,85700
6,207600
2,99000
2,116200
3,121800
277,973400
7,220600
6,250000
18,574200
3,133300
1,72900
45,1387600
1,77900
24,685900
17,591000
142,639500
43,1139500
6,229800
3,128200
3,122500
6,193300
32,848000
32,863000
238,1579700
10,313700
26,713000
89,745900
4,196800
6,207100
24,685800
2,96700
30,1014700
1,95200
4,149400
1,81300
1,72500
1,70800
4,146800
8,337500
2,170500
26,752100
31,1032600
718,1751900
1,84800
17,499900
2,108300
26,731400
1,73100
511,820600
1,74000
27,830700
26,732300
1,70700
11,455000
17,579100
16,450600
28,855500
4,171500
737,2021300
41,1118800
5,172100
151,855800
23,671500
2,101800
37,1050500
4,168300
962,1742300
77,666100
7,268900
31,914800
12,409200
2048,1658500
3,128000
16,527900
18,588700
1,77600
1,77300
236,1733900
55,1554000
13,397300
32,869000
1,71400
12,353300
60,1585200
3,139000
8,250100
4,171400
86,685300
54,1552800
5,201200
11,421700
19,591900
5,186100
12,348000
389,832200
4,158200
636,942500
112,1790200
3,127700
33,977000
95,1189700
57,1501600
5,184900
42,1115700
3,130200
3,142900
4,144300
6,200600
14,397000
9,296800
4,146900
1,71000
36,973500
161,1121300
6,244600
1,105200
325,824400
1,82100
822,1136400
1,102000
3,159500
1,85700
3,197900
10,396300
8,256900
521,1219700
11,485200
21,638800
1,80100
72,339600
11,321100
5,193300
21,607100
3,123300
2,98500
1,70900
4,146100
47,1296200
2,97800
9,270600
22,640600
5,193900
257,475700
4,148900
26,707700
4,169000
1,70100
3,120600
1,68900
1,81400
3,126600
19,586100
36,1244200
4,173700
11,383400
1078,1619000
745,624400
57,1607300
6,243600
25,695500
37,1327000
217,1175300
5,248800
1,90300
15,468700
991,2505300
18,546800
9,273000
7,221200
4,158600
2,138200
14,436600
1,131700
7,260100
32,875200
25,754300
38,1093600
7,298600
7,316500
4,187700
5,227900
448,913500
12,448700
57,1584100
2,127400
3,124700
3,144000
20,548700
1,81900
1,73400
695,1089000
405,1235600
1,80400
12,381000
99,1113500
2158,3071800
3,148300
17,501600
48,1330700
1,73100
2,123700
145,725900
11,406700
5,170200
2,96400
354,1622000
2,115900
3,130800
2,97200
79,571300
241,1613000
141,614800
1,71900
3,127100
16,466600
145,709500
8,285800
84,644300
20,577200
1,71300
3,123700
5,189700
18,576000
6,201300
1,85500
1,86700
3,142700
156,990400
6,210800
2,95900
136,430400
3,144000
3,136900
6,207700
43,1167200
3,140800
86,740200
80,607900
78,500400
1,75900
6,199300
11,361400
12,387500
3,129800
545,1886600
5,178700
481,1632400
4,144300
3,130900
2,98100
8,308000
1,71500
93,943200
32,871100
3,122800
7,259400
18,528400
2,100800
287,1311700
3,122900
3,121200
12,374600
5,231400
2,109000
2,116800
34,986200
10,315600
1,95800
123,1629900
30,883200
1,71000
94,871500
2,100600
7,241400
37,1036300
76,557200
4,227600
109,1482600
1,85600
95,1042100
1,73900
4,169600
1,147200
24,839900
646,1172900
8,319000
85,735000
6,208300
43,1172900
99,1053100
62,84900
16,493600
1,110400
54,1454900
49,1352600
7,237800
3,123800
92,939900
1,72800
1,71900
8,248500
3,127300
4,156200
4,210800
9,425600
21,609400
1,72900
10,303200
34,960200
1,71900
4,145200
2,103300
20,564200
19,564900
1,72300
4,146000
9,278300
1,72500
4,147400
347,1275700
55,1488800
1,108700
2,109900
1,69800
7,217700
22,645400
26,799000
555,2007300
308,2175000
3,152800
2,122100
460,1018200
3,129700
170,1447200
17,476300
29,840100
159,1034600
1,120300
3,137900
75,480200
210,908900
439,611800
15,514200
1,82000
63,145700
66,201600
1,71000
40,1139000
5,171800
1,77700
37,1023400
2,97600
8,260400
106,1254000
307,1779200
1,89600
8,244000
11,326900
120,1596100
937,1045000
27,813300
35,1074000
221,1117600
4,194200
28,830800
5,198900
103,1276400
75,414300
1,70800
687,715800
6,257900
128,314200
6,201700
1,71000
4,146600
2,97300
135,495200
3,158300
1,73100
1,71200
153,1019000
19,597500
215,918800
4,168100
2,117700
1,71300
4,175800
4,163400
2,98600
1,70500
2,98300
18,508400
66,219000
8,260400
1,91800
70,281500
4,155100
9,269000
7,220400
11,402900
37,1071900
6,259900
1,83600
4,221000
3,240600
2,152500
1,95800
52,1449400
5,211200
180,1636400
1324,1592900
6,254800
42,1152900
7,219800
1035,1880600
4,156900
3,121000
1,77900
9,308200
47,1271700
6,220200
4,156500
84,733300
2,97600
7,219200
3,120400
70,282300
10,323200
8,278400
7,235200
635,872300
12,395800
84,722500
1,102200
1,88400
42,1149100
3,135400
11,347700
8,258400
1,75200
13,371600
1276,1898600
22,624000
7,267000
1093,2116100
20,549800
28,804800
7,216000
2,100800
1551,1181100
90,948400
60,1574100
7,222200
1039,2026700
165,1227500
4,186800
2521,3087200
32,942300
2,122800
1,93500
7,262100
2,108400
92,912900
4,160800
1,82100
6,249700
3,125300
2,109200
5,180900
3,123500
47,1304200
3,123200
3,128800
3,147900
5,169000
284,1180600
68,238500
65,164700
126,207200
11,316600
8,264100
1753,1727200
4,154500
3,133900
19,778500
3,155800
447,907000
25,719100
107,1298600
9,280400
4,152100
13,363400
201,669100
10,354300
257,451800
3,124200
10,323900
6,285900
31,1306300
29,914300
655,1585000
3,135300
3,122600
170,1305900
395,941800
3,120100
55,1553700
3,124700
44,1265700
562,671000
19,534300
9,331200
2,104300
286,1200100
1,73200
25,797000
1,74300
3,134000
14,397000
3,123900
830,1265000
9,286000
31,862100
969,1747700
1149,1708600
2184,2107900
8,285300
2,127300
140,584800
2,107200
1,85400
2,107000
12,387600
29,824300
1,69200
124,121400
5,178300
31,955500
59,1591200
629,718200
8,265200
16,480300
3,132300
2,118400
5,207300
105,1526900
2,162000
1,111300
3,155100
3,154300
9,417900
4,214800
24,837800
35,1184400
123,2042200
3,170700
5,224000
137,588000
18,629400
3,153200
25,850200
3,155700
3,166700
3,149400
95,18390800
658,1598000
58,1561400
4,182400
1,71700
7,222000
64,172300
7,254100
5,215400
39,1034300
297,1471900
5,187500
4,183200
107,1235700
10,296500
184,1688200
1,72000
1,131500
2,142700
5,220200
8,305500
1,73000
30,1001600
1,77000
1,95300
85,873400
3,170300
13,481700
1,136900
4,217200
10,401000
2,131900
26,704000
1472,2562500
65,274400
9,355300
8,312700
3,156500
148,968700
3,170700
5,222700
6,250800
34,1123000
4,190400
6,254000
15,527700
5,214800
24,830300
1,85700
1,112600
2,118300
9,342900
1,89100
1,87700
14,529600
29,952400
4,180400
3,190900
18,680100
8,322600
159,1132600
2,104600
19,622400
1,78300
850,2029300
3,213600
4,222800
1,150200
50,1368100
60,1612600
5,179100
2,124900
52,1408900
1,70800
8,330800
6,243800
6,221900
62,114700
35,987000
9,315900
137,471300
88,823800
4,173300
15,472900
180,1627300
6,200800
12,347300
45,1661800
86,886100
436,433100
70,296900
178,1652400
1,75900
3,147000
1,101100
1,72800
43,1171500
2,98200
1,70900
1,85600
720,1571400
20,742900
1,74500
4,148000
3,122900
849,1842000
9,281300
13,448100
1,77800
150,798000
1,70900
14,465000
46,1309400
42,1281600
1,74700
14,399000
23,799000
4,190600
6,233500
860,2259400
21,634500
233,1435600
38,1126300
15,436300
472,1448500
11,329000
182,1711100
6,205600
3,122100
248,280900
169,1608100
11,454900
2,150700
30,855800
15,628900
4,176200
13,432000
37,1078200
19,587900
196,471300
7,226900
10,334400
1,84400
158,1059200
20,575500
7,234000
2,121700
20,541400
69,262800
6,235000
14,429800
3,123000
8,294400
83,629300
7,239800
113,1460800
6,197900
100,1103700
22,625000
1,84600
30,870900
67,229100
1,73100
1,74100
84,671200
3,147900
1,80000
2,120000
15,418000
8,242100
5,170700
8,303500
120,1717700
9,378100
169,1369400
14,475300
43,1215400
19,558100
60,1561000
34,1008400
554,1992600
114,1446600
294,1421300
6,205900
8,243000
1,87600
10,367500
1,73900
4,173400
10,332600
7,221200
5,187700
378,539600
3,130700
1,151300
243,1773400
4,174500
4,172700
28,796800
55,1734300
3,158500
131,406500
45,1475700
4,181600
2,127600
154,1119500
2,131100
1,87800
63,154700
47,1573900
210,1001400
79,639800
49,1489000
1,77800
1,74000
3,133600
6,198400
5,172400
1,70500
38,1223300
5,248200
2,134300
3,166400
35,988000
7,253000
1,71600
4,147400
1099,2398400
63,138200
9,334600
17,483800
6,269300
1,111500
3,189800
10,429800
72,457600
1075,1527700
482,1743300
1,89200
4,163800
72,346200
936,987400
1,78800
11,341000
2158,3389300
1,87100
388,817900
1,87200
52,1424700
128,262900
495,1996400
36,1185300
1,74000
6,266100
23,627700
1,72200
23,667900
4,169900
6,226700
1,72300
17,474400
1306,1147700
1480,2525300
80,585300
484,1732700
63,115300
1,77600
3,123800
164,1293400
12,359600
76,596100
2,114700
2,108100
3,139400
16,459400
94,941700
1,95200
2,98000
1,71400
1659,2490700
1,124600
1,75000
2,144400
262,775700
6,220300
32,1004200
4,160400
3,132000
6,199700
10,334900
2,99800
50,1542300
61,1651300
1,73300
1,86900
21,697200
12,350400
89,793100
1,73100
10,330200
18,503000
1,71900
45,1280800
11,339000
1,71500
1,70400
164,1191000
2,111000
3,138600
124,129700
27,765400
4,146500
362,1591600
74,497900
6,195800
3,136700
6,190900
4,144200
2,100700
3,118400
3,137600
2,101900
14,409900
208,845400
10,296400
1,79300
235,1724500
2035,2975600
11,337500
26,854200
50,1473400
213,1142400
5,187100
5,184800
3,166000
95,1197800
3,170500
1,126600
17,630500
60,1873000
5,194800
73,400300
196,451100
489,1892000
32,1031100
3,131200
1,73700
3,127500
9,282100
1,76100
14,723500
10,567300
3,259700
4,182100
15,621600
1,141000
1,116500
73,409400
29,964600
4,258200
4,156100
9,276800
4,208200
1777,2443200
30,1005900
1,84000
9,303000
215,990800
250,289300
6,236300
2,99300
4,164700
41,1220100
1,79500
4,179100
2,101600
35,1201600
5,227100
2,119200
4,152700
8,307100
16,519700
48,1439700
4,154700
55,1789600
30,934100
2,104800
14,401000
24,651600
6,252600
33,989500
2,111200
43,1180100
841,1611600
10,335500
18,551600
2,99900
72,348700
7,238700
11,340800
53,1524400
1,90600
6,212500
3,141900
10,305800
1,103100
6,206800
146,779100
8,253600
1,85300
1,75300
20,589000
6,219100
72,537400
2,108500
7,230100
38,1119100
32,946900
206,822300
9,309200
44,1197200
4,173100
3,128400
1,84300
15,445900
2,97400
2,97200
4,173400
100,1092300
250,330000
44,1189800
31,867600
2,119400
27,793100
56,1513700
3,124900
7,256900
8,280900
2,123300
1,71400
1,100600
114,1446600
70,389600
790,2036900
3,171300
46,1269000
5,210500
1,72400
949,1261900
1,91100
3,174800
23,691200
27,756300
3,135800
19,581000
13,389800
3,140300
43,1277400
1,78200
719,1654400
68,254300
27,899000
1,100000
1,81200
46,1521500
2,135800
6,259000
52,1496900
2,142300
2,126100
1,74400
1,76000
27,956600
12,463400
1,103100
5,211600
9,289700
5,180500
1,101100
36,1034500
2,141000
112,1430500
4,154200
3,277300
3,131200
147,804100
17,477600
2,126100
4,168200
228,1412800
34,1038900
12,362100
293,1578800
1,76700
5,201000
19,626000
1347,2391300
4,178200
7,295500
2,118900
7,274100
7,263000
197,509900
473,1466200
558,440800
12,418300
2,119800
1,95400
9,299700
2,106900
6,211100
93,957200
1,84500
38,1051200
294,1557400
1,80500
2,119500
22,680000
1,82100
19,527800
3,135600
217,1079000
17,599400
7,396800
70,356900
57,1680600
24,703000
3,127700
1,175300
18,715500
21,753800
91,850900
14,461100
14,429400
8,306300
1,81800
5,319000
23,679400
9,300200
100,1483100
26,872400
27,794000
8,278600
1,114500
1,104300
14,577500
2,101900
60,1765700
135,429100
21,671100
4,164000
1,116800
3,134700
488,1797900
35,952800
2,151500
18,520800
7,279500
232,1613400
4,169600
10,323400
5,176200
5,173200
64,140700
4,149700
6,215500
7,236400
386,694300
16,485200
1,70400
2,99700
1,77400
2049,1939800
54,1490600
7,339800
1,102700
369,1945400
5,206100
8,255600
20,588300
1,85600
5,199800
132,452000
101,1215000
36,1054400
6,345200
2,114400
38,1150200
1,75900
2,109300
70,334900
3,128500
19,533500
21,627400
6,245500
2,154200
200,680300
5,299300
3,129100
30,921100
9,284600
1,73900
355,1570900
4,158800
11,368200
22,905600
3,135500
10,304400
406,1301700
9,294300
2,99500
2,97700
17,549600
12,398900
33,899600
2,126900
1,99500
6,206500
78,525500
189,272200
2,98700
3,122000
545,1862400
138,630300
17,625700
33,1121600
3,154500
10,414400
64,196500
1,96400
6,243600
1,86500
10,402200
201,702600
1,92000
13,481300
10,383400
6,250100
3,152500
37,1225100
1,89400
467,1517800
3,153300
3,173600
26,824700
112,1415100
23,674200
567,663700
2,116800
1,89300
3,124200
1,80500
9,308700
27,731000
1,71800
5,290600
44,1337900
6,234400
14,448900
3,127400
7,236600
245,2034700
1,90400
4,184800
5,261200
6,251400
74,507300
34,1128800
2,148800
6,253700
1,72500
6,312500
429,1935700
174,1425800
3,159800
12,354800
27,805700
4,166000
5,220400
155,936500
2,174000
6,270300
3,133200
106,1255500
20,665600
14,409200
1,73400
2,98500
3,124800
6,242200
3,162100
174,1501000
17,589300
3,159300
34,989200
3,122800
5,224100
4,219500
6,249000
55,1667900
2,109000
15,558700
2041,3136500
17,478400
1,71500
14,455700
36,942300
20,743000
70,305900
11,349600
6,197900
8,244700
3,134400
3,186000
3,158800
52,1941200
4,151600
5,186300
1532,2421700
35,976700
58,1578600
1,72200
31,865700
621,513000
42,1143200
8,259800
25,750100
4,147900
14,391600
1,70300
34,970300
9,272400
139,548400
399,1060600
1,69800
1,69700
5,189300
155,1349200
41,1377000
77,611200
15,569600
2,115100
3,143300
17,496100
14,397100
5,187000
31,1017500
188,242300
10,304600
188,334400
2,127300
14,418000
61,1696900
95,1113100
14,392700
12,388700
5,207200
1,70800
34,924600
25,707100
1,100600
1,72500
13,455800
495,2212700
4,164800
8,274200
1,96300
7,257900
1,93300
3,128000
13,388300
3,145900
2,99000
1,69500
2,96100
85,827900
5,185500
4,152000
1,73900
411,1525000
3,142600
30,908100
1,95400
25,745000
28,848200
1,100300
507,814300
52,1427000
23,740000
198,538100
61,1710200
1,72700
105,1258800
19,618500
641,1153100
1,95200
2,110700
85,811600
2,102300
23,659900
18,651000
11,361200
492,2135200
36,960100
3,161700
23,708400
2139,2929200
93,1103800
5,217500
16,579900
1,87700
4,180700
5,226000
1,90400
92,894000
940,1185300
6,338700
1,89500
95,1051200
4,230900
7,289900
24,659200
17,501400
3,136700
10,369200
9,333600
156,1050500
30,828800
120,1689400
9,289800
95,1058900
8,313600
1,72200
721,1612000
4,151000
20,568700
6,224100
28,761300
2,96800
5,169300
17,505500
4,172600
7,270000
1150,2242800
2,146300
1,75900
44,1243700
44,1301100
60,1615000
14,398800
728,1743700
120,1647100
13,398500
3,126100
11,358500
150,822600
169,1630400
5,191900
1,70800
4,146600
32,1080500
37,1317900
4,192000
138,532200
189,282400
9,284700
3,152500
1,70100
35,940200
5,176000
309,1871200
2,100800
3,123500
2,111000
1,71600
3,134600
12,409000
60,1906600
248,292300
1,75300
33,1016300
20,644400
39,1082100
16,548400
548,1899800
1844,3002000
2,129700
10,334100
1,72300
10,328600
9,274200
4,206600
3,123700
8,262100
57,1543500
1,77700
3,120600
3,122000
1,68300
4,144200
13,431800
151,851800
2,100400
18,598500
17,540900
1,78800
127,205000
69,288400
241,1626700
2,124500
19,595600
5,258700
3,133500
605,1939300
1,79900
1,85100
490,2119800
3,154800
13,536100
1556,1591900
3,139700
135,440200
97,1177900
16,436400
2,104700
349,1371300
6,313400
8,334700
1,89700
96,1031000
3,177700
41,1255900
149,878800
8,250200
4,146100
24,697000
94,914100
690,844300
29,1056800
1,79500
3,119500
3,121100
5,202000
193,368000
9,320300
7,226600
34,1177600
53,1617900
62,153500
3,139100
4,150700
11,324900
1274,1953200
291,1456100
1,74700
5,173600
110,1343300
4,146400
237,1514300
3,123000
2198,2441700
69,274800
1,68600
6,196600
2,152100
12,396500
5,194400
32,839600
637,1227900
5,240300
1,74900
865,2203700
2,146000
32,874200
1,73300
2,106300
9,296600
7,243500
15,462600
3,124800
9,271500
13,398400
123,1650300
10,297300
2052,1718900
5,182100
7,237800
16,482500
72,392700
3,130300
69,260000
140,547800
3,140200
8,255100
1393,1812200
1,83600
2,99600
76,445100
3,122400
2230,3355100
3,158400
7,265800
22,608300
1,71300
41,1116700
4,163100
9,277400
99,1319800
211,1012300
4,153800
4,150100
253,357500
4,149700
2,117800
1,73000
15,533800
2,106700
4,149700
3,124600
7,226900
248,264000
2,119600
12,415700
2,132000
28,733900
443,633800
2,109000
4,145500
1,88800
7,233700
75,468300
2,102000
7,273700
7,230800
1,70300
2,98700
37,1104000
4,178400
3,125100
2,110600
1,84000
7,233900
8,276500
2,98000
1,70900
1,92200
21,607000
7,261700
6,216500
152,878300
968,1777700
1,84300
4,155900
3,127500
10,308300
2,97600
21,665000
17,474200
8,253900
2,96700
42,1182100
3,125700
3,123300
2,95700
4,166300
84,710700
1,73200
8,249000
6,215400
2,99900
4,169700
27,756800
126,190200
2,96700
1169,2240700
1,75000
2,97200
124,134400
24,740500
48,1312600
3,139500
13,430800
100,1080100
22,616400
22,630600
169,1331700
49,1380300
1,85000
8,248300
1,71700
68,379100
1,80000
34,916900
21,777500
489,1829500
10,326400
3,126000
45,1195100
69,280000
1,75900
1,86700
5,183500
765,1141200
4,183000
1,83600
2,231800
4,194500
167,1310400
62,156600
106,1498000
9,317500
112,1469100
384,690800
2,98800
1,70700
54,1498300
5,178600
14,436000
77,499600
16,448300
2,98700
1,71600
11,351900
7,243200
26,729500
1,71800
13,386300
1,91100
1119,1024000
8,262000
30,904800
26,699500
6,225200
5,184400
2,96400
54,1781600
13,418800
105,1314300
1,84800
1,73900
245,1795400
114,1434800
47,1318400
13,436000
26,732200
1,92100
44,1516000
6,239500
4,166000
179,1586400
68,274700
64,153900
1,79400
8,264900
399,1037000
1,101400
3,131700
5798,5425800
17,620000
14,425900
431,1880200
224,1244500
13,421200
1,72200
37,1016300
6,200800
2,129800
1,77500
223,1240100
8,343100
3,127800
7,302900
14,640000
194,379000
2,133900
17,622500
156,1224900
7,242000
3,138900
4,178300
5,179800
6,215000
1,76500
205,712400
6,212500
83,670400
1351,2273800
11,366100
1,83300
15,425400
24,685600
3,128100
51,1458900
43,1143900
1,83100
38,1039200
8,246500
17,486500
3,156100
10,328900
227,1237100
175,1455900
4,225400
2,113100
6,227000
15,643500
24,693000
32,922400
2,97900
1,93300
562,565300
6,221700
116,1490900
3,141100
20,599200
8,251400
4,148300
3,121800
8,287700
30,893100
578,960900
5,199800
51,1465200
3,140000
3,123800
126,187200
4,147700
77,487700
131,333500
6,251000
1,82700
1824,2200700
31,974600
4,174800
128,306100
16,466500
2,122500
259,586500
52,1403300
737,2022600
1,88300
12,348400
7,222400
11,445500
212,986200
2,100000
2,96700
3,143200
2,111600
461,1069100
1,82000
8,287300
3,132500
23,711700
1,76000
50,1397900
1,81700
307,1795200
41,1245700
19,544200
36,1001300
9,322100
78,511200
25,690600
48,1365400
7,249200
16,476100
1,75700
203,647800
1,73500
2725,3593800
20,597100
1,83600
3,122400
4,151600
1,70200
1,88200
52,1422200
4,174600
18,551900
10,307000
15,416700
108,1265200
1358,2807000
4,151500
779,1503300
70,290800
7,223000
1,81700
1,85800
26,720200
1,72300
7,252900
14,408300
70,302000
17,530200
6,213900
13,390500
2,97700
318,525000
4,150600
149,769200
6,204000
23,663600
17,495900
141,611600
38,1021100
3,120500
1124,1158100
48,1425400
1,74300
4,148800
7,248900
4,219900
1,105300
3,175300
5,227600
45,1233100
14,422700
2,107800
114,1431100
502,577700
5,180300
7,278200
510,731600
46,1245700
6,200000
23,655900
1,70700
5,172900
91,851300
5,177400
1,80600
3,152000
21,609500
25,685700
2,106200
1,70100
1,106700
82,788100
1065,1233800
2,104100
6,198200
60,1611600
7,235100
18,519500
27,781200
9,274300
1,73200
44,1248800
2,102500
5,182300
1,75700
1,70400
100,1271400
1022,1618700
1,78000
8,309800
2,104300
1,73600
8,283400
2,96700
127,229200
102,1150100
3,124500
2,104700
135,429200
21,749600
715,1460700
5,183300
6,226200
2,100200
1,71500
225,1388600
72,444500
23,805100
54,1969900
1,101600
4,220800
5,244100
4,198100
1,89300
103,1195200
3,153600
4,149600
7,306500
12,482200
1071,1506300
5,179800
1,73000
1,70300
1,84800
7,222100
14,469500
1,97200
1,72300
5,226900
5,192500
1,77800
13,366900
1,72300
16,521600
3,135000
460,1010600
1,74100
3,132400
548,1790400
46,1410100
37,1118300
35,958100
9,317700
6,287100
1,101200
8,264700
36,1150600
451,878700
2,102300
6,198200
305,1818900
37,1051200
110,1371400
11,327100
9,313500
4,151100
1,74800
6,225700
806,643300
11,409600
128,253400
5,198500
1,71500
8,248000
3,122700
9,280000
3,135500
77,473900
2,122900
5,192500
1,70900
181,1590000
15,431500
293,1382200
4,152600
14,464700
2,127900
35,1273400
1446,1748300
3,145100
6,209400
11,363300
12,368400
28,765100
778,1503400
3,124600
6,233900
8,280000
7,227800
8,257000
1,70900
16,475000
3,148700
6,194800
8,249100
2,113300
18,513700
8,253700
63,141800
33,884600
2,151000
3,135800
1648,2253700
184,1802900
5,181800
11,410800
546,1982500
1,104700
40,1272900
7,286400
10,348600
73,461300
2,129400
3,159200
276,985700
4,216500
3,139600
46,1255900
113,1464700
261,661900
103,1165300
82,661600
115,1836400
48,1847400
236,1556900
4,183900
28,1098400
2,106200
46,1369000
5,231500
3,148000
3,141900
14,452800
94,969400
6,197400
3,121200
1,92900
505,725900
14,389100
8,245900
3,191400
3,127900
24,673000
4,149500
9,271800
3,207600
1,90300
79,560500
2,101100
57,1633100
150,828100
10,328500
2,99400
3,151300
10,298600
12,361700
5,184700
1,90500
48,1374500
7,230800
4,162200
5,353100
7,255100
1,71500
53,1499000
1,75800
7,226600
27,929000
391,836100
1,73300
1,70700
10,324200
7,231700
7,300100
1,81400
2,109300
43,1155700
30,820000
3,157100
18,492400
7,222200
2,96100
9,337500
260,566900
1,80200
12,345900
3,129400
1,89100
3,146800
4,176400
2,111500
1,71700
7,249300
35,943700
6,257000
2,112300
47,1660800
14,430600
33,896600
1,91400
8,272700
44,1200300
1,73400
3,132000
165,1202800
1,71700
4,147100
20,609900
16,469900
57,1579000
30,847000
2,107200
5,207200
3,134100
3,140700
1,71300
3,125300
4,147900
18,528100
5,169700
365,1685100
159,1102100
3,170500
176,1502100
61,1726300
6,206700
9,313900
127,232700
3,124400
10,298900
1,70000
5,219600
3,135900
2,97400
366,1828400
8,258800
391,849000
86,778400
1,76300
1331,1892800
46,1683800
53,1500200
135,540700
4,183200
56,1704900
765,1291900
178,1733200
74,469400
117,1734300
4,213600
197,584000
3,131800
142,832700
4,161000
10,299000
795,2143300
16,545400
6,204500
92,1208300
49,1288500
2,131000
4,151400
1020,1453100
4,159700
5,248800
4,208200
1,98000
11,405100
6,240600
13,452000
24,852400
21,730400
7,334400
15,489100
1,71800
302,1926400
30,859800
2,150500
893,1350400
10,346200
5,170800
2,96500
101,1153100
2,111200
14,408400
3,122000
1,87100
1,69800
3,138800
2,97500
49,1296000
1,88000
7,232200
308,1826500
3,135100
9,275500
11,323100
2,97500
9,293000
21,690300
1,114100
1,77200
5,178300
4,149200
780,1558800
7,229800
202,650700
611,1921600
1,72900
17,477100
93,916500
1,72000
7,226600
4,149200
6,195500
50,1331700
9,266800
2,142000
361,1639200
291,1336800
11,350500
7,232800
114,1428800
11,361100
180,1869200
588,1586200
1,112200
27,746900
8,345300
1,86600
45,1247600
4,188100
16,522500
3,121300
35,973000
422,1757000
6,252600
5,210500
1,99700
722,1719900
6,239600
7,240700
2,134900
5,231300
3,140900
6,200200
9,305500
46,1365600
145,778000
14,593200
7,256500
2,101500
684,657000
1,82500
57,1667200
9,302900
1,74600
1,73500
1,72700
35,1078100
5,202700
583,1221200
5,185700
26,770000
13,376600
11,397900
1,77400
1,73300
1,72400
3,146400
1,71600
7,275000
1,70300
1,74900
76,515500
13,460100
5,180000
3,144900
1,85800
5,199400
1,72900
10,299400
746,734400
6,203300
776,1498100
44,1291900
21,836700
3,225000
168,1551400
13,391500
1,73000
1,93200
1,73800
13,420100
5,198300
8,293400
1,73200
5,174500
67,229200
69,285900
3,138700
2,101700
4,147000
1,70100
2,130800
13,385900
14,400400
1,70600
1225,2195200
59,1672800
52,1378600
702,1078200
1,72700
2,101800
5,172700
1,70400
1,70100
13,404300
33,910900
15,488500
3,145300
8,332100
186,379000
6,335700
8,321700
307,1888500
3,142900
433,1933600
7,236200
23,615500
6,194200
1,71200
5,170500
1326,1865900
4,192300
2,131900
246,1741900
5,239300
4,177800
5,203000
1,83300
3,142200
1,82500
292,1492500
397,1204200
1,100300
37,1048100
10,423600
2,121700
89,1062200
3,170500
31,956400
23,619000
1,79800
57,1560400
1,72700
14,408300
3,134500
4,151000
2,96900
2,133300
68,248200
4,161200
1,72100
1,71700
18,527600
1,91600
83,757500
63,144700
6,216500
86,860500
906,1687300
19,524800
1502,1756100
18,601500
129,285800
197,466100
28,786400
4,148500
253,343600
7,315300
11,475100
29,938600
2,101800
1,73100
2,121200
5,250100
475,1466400
15,467900
2,97600
294,1784200
30,1009100
368,2007000
34,1268200
248,223700
5,178100
32,960300
8,280300
4,174300
2,101800
1,73900
3,124400
1,93300
128,299600
5,225500
32,903600
15,607400
2,261500
3,235600
15,457400
31,890100
7,260600
11,344400
18,510600
11,327000
1,152600
12,497600
4,204300
5,223100
1,95100
1,89100
63,154500
7,296400
28,827900
4,179100
10,396500
6,216700
30,848500
6,208300
282,1298600
4,200300
3,189800
42,1269300
6,207000
4,162700
677,2261400
66,213900
6,241000
19,525900
18,958400
1,134900
479,1869100
10,327900
1,76700
9,314200
1,73200
545,2560900
3,175700
10,375300
44,1332400
71,428400
20,572300
10,388400
22,657900
4,150100
1,72400
1,76500
27,770500
2,100100
2,99900
37,989900
27,804100
4,164300
34,986200
8,258000
3,188600
2,109000
535,1713700
16,533300
6,245600
2,122000
7,278800
2,129000
94,1092200
3,133300
10,378300
11,333000
1,86500
156,1008700
3,174800
4,167600
128,329200
3,127000
1,76900
35,1013700
1,94100
25,741400
1,85200
2,98100
2,97500
290,1443100
19,745800
5,216400
47,1367700
3,133000
2,106500
7,233700
81,598600
2,104400
4,158200
2,97800
133,378000
6,212600
1,74400
11,322400
6,204600
17,488100
4,179500
12,518200
2,136500
1,88600
33,1019800
6,216300
109,1466700
20,826400
7,315200
231,1760700
10,578600
19,631500
1,73100
153,1201700
30,1291400
3,149600
78,489300
1,70700
46,1291100
14,409900
1,76500
2,124000
4,150200
1,71700
2,98300
17,532400
4,155100
2,99000
28,838500
208,755200
9,426500
1,104100
5,229200
187,276000
11,416000
39,1305300
153,1099500
6,305000
8,324700
1,89700
1,88400
16,582400
22,695400
7,254300
1,71800
1953,2424000
2,131600
4,160000
22,612200
263,651500
2,99500
74,427800
147,700500
871,731900
56,1449000
21,592600
97,998300
54,1430500
22,821600
8,319200
2,109200
7,245800
17,644100
17,519100
19,529700
8,248400
2,144100
7,235600
1,71600
9,299100
8,244200
1,76500
8,246400
12,424800
49,1592200
2,97100
12,431300
65,222700
400,1112100
4,241700
6,269000
1,76700
7,236900
2,146800
18,524400
1,72000
6,195000
5,186100
5,214200
131,385600
11,362500
7,222000
1,70400
61,1735800
2,98900
3,135400
140,949400
32,1265600
1,95600
6,258800
15,541400
249,316800
366,1891400
6,218800
74,438000
47,1602300
40,1174100
2,129800
1,73900
2,101900
4,165300
1007,1196100
1,75100
2,215400
3,141500
39,1165300
8,336200
3,175400
16,561000
16,451300
72,536800
3,173000
54,1692000
14,434300
1,101300
2,107600
85,917900
3,127800
21,685200
8,259500
1,74200
308,1959900
4,265000
2,141600
4,240100
3,134200
7,252200
37,1223300
5,191700
1,92700
2,112300
4,247000
1,121800
2,124900
462,1207700
77,659300
1907,3298500
3,153300
1,76200
1,75600
113,1711000
182,1716100
10,323100
27,1072200
6,210500
6,208900
5,212100
17,622200
3,182500
181,1850200
82,681900
14,635700
4,223600
12,606900
7,359100
4,229000
7,277500
8,275900
32,907900
10,367000
14,488400
5,193200
3,162500
5,224500
23,837300
228,1604200
15,574700
2,129800
9,349200
1,108400
15,539800
1,74400
22,697300
1,74300
1,93300
312,549800
13,522600
4,237400
51,1853800
11,456500
5,251000
4,217500
14,423100
10,316000
2,120300
2,145000
22,668400
4,150200
63,128300
171,1494000
1,72300
1,73600
16,517000
3,160500
6,254900
49,1321700
4,173200
1,72500
20,565800
33,981500
1,71900
11,323900
7,223400
13,478500
6,255700
56,1861000
11,328100
4,149900
1,71800
14,482600
3,132200
13,402800
6,201700
17,482600
1,77300
12,403200
1,72600
4,145200
444,623000
5,172700
4,146900
1,70500
11,361700
2,97100
1,80300
20,607600
2,96400
29,790900
14,438900
14,515700
8,290200
232,1429900
708,1267200
3,127500
664,1720700
222,1437600
10,415500
2,144200
19,572300
51,1381400
4,151300
22,625000
39,1039100
1,76100
1,119700
3,150800
39,1062900
14,436300
7,225100
46,1240700
9,295700
6,214400
4,196300
63,137100
1,72200
92,943800
59,1573900
6,253000
4,147100
3,123200
23,658900
2,99200
4,150000
77,524700
7,235000
26,783100
1,78100
2126,2143100
6,210100
548,1848700
3,166100
67,217800
60,1580200
1025,1683200
5,252800
76,526000
200,542000
14,406700
11,354100
86,808800
1,108200
2,124000
56,1777100
7,228900
93,909500
11,344400
1447,1564600
1,72700
172,1483200
485,1865300
1,78000
1,70100
1263,1710200
82,641900
14,513500
1245,1068000
18,546400
12,358700
556,1973600
515,898100
27,715600
5,195300
8,260500
59,1586000
2,106300
1,83100
48,1263700
1850,2738200
2,102000
24,819000
1,90700
1158,2529100
10,376700
1120,960200
2,103200
18,518000
123,1770800
22,761800
2,102600
2,97900
3,126200
3,120400
3,125700
1,96300
46,1289800
93,907400
17,484800
3,120100
17,597000
1,97800
11,426900
6,206700
29,1057900
31,1194600
46,1359500
14,468200
10,353500
5,177000
6,209100
2,97300
55,1501100
2,100300
33,878100
11,354700
75,412800
13,385000
6,197300
11,345300
3,128900
34,960400
262,641600
4,150500
10,296900
3,123000
14,470500
3,168500
3,147100
1,96600
5,206600
8,321400
17,498000
32,923700
9,269800
1,79200
604,1909800
1,76000
47,1247500
118,2154700
9,312900
100,1179400
204,654300
160,1115100
1,73100
6,206600
3,134700
6,202300
476,1505500
1,88100
45,1273500
6,253700
1,74300
18,502900
177,1558600
252,331300
404,1178000
1034,3000000
7,248700
50,1409700
32,1001000
23,621800
2,100000
2,111700
12,479800
34,1163300
51,1627300
6,349000
1,126500
1,89200
8,300100
8,398100
122,1780200
8,294300
2,96600
3,121200
103,1164600
2,128900
150,1018100
11,594000
7,242000
11,391200
50,1382700
7,227800
4,147500
4,148000
1127,1129600
37,1120800
22,599800
4,211300
134,526600
66,210000
12,382000
3,123400
17,530500
1,88200
2,120400
2,142200
2,119700
5,175000
6,192800
1,69400
203,684000
3,129000
1,88100
7,231500
14,408800
16,462700
14,488400
35,1021800
1,71500
1,100000
7,244000
22,642700
419,1571300
2,132000
3,129300
84,680200
1,72200
7,223200
544,1926500
6,230500
3,189000
24,707200
47,1355800
12,354400
630,827700
2,119000
39,1061500
1,80900
30,823100
1,80700
59,1599200
57,1541700
67,228300
13,380600
5,210500
3,124400
4,145600
2,115800
3,136900
3,122500
12,402300
44,1169300
1,72100
1,81900
2,139300
1,122400
209,861700
249,261100
3,126800
7,307200
51,1485400
61,2026400
7,252800
1,89100
62,90000
1,72700
8,252700
19,558600
497,570200
5,210700
149,833700
1,101600
16,504700
3,127600
92,863100
1,84300
3,143000
146,739300
1,75000
79,564800
1,71300
47,1478600
2,110900
17,493800
6,220000
22,671800
109,16685000
29,863100
1,147200
2,118100
15,445400
1,82800
8,243100
4,147400
1,69100
7,294100
7,360900
1,89000
6,248000
11,350400
6,205400
7,265200
33,948100
33,915000
21,600300
455,946500
171,1423800
10,309200
7,229700
7,241200
68,255300
2,129000
16,482100
21,624800
2,106400
984,2075800
1,73700
91,892700
3,120200
34,891100
16,601600
4,263500
72,510000
6,278500
3,178700
4,174500
198,491600
15,487000
6,197700
3,140800
25,681100
194,411800
3,131000
1,71100
2,95500
152,927600
10,328600
93,911600
2,124800
12,439900
61,1884600
46,1309300
163,1218900
2,105100
1,80800
4,172500
14,403200
1,71100
1,67400
2,99200
70,288900
5,296400
2,100100
52,1414300
67,364300
2112,2006500
29,839300
50,1646300
12,350300
183,1673000
2,108800
1,74800
358,1980200
6,259100
1,90600
147,897200
1,92000
1,90200
3,160900
13,477600
2,122100
11,411600
1,71700
60,1760200
7,304300
1,110300
2,125500
4,159400
2,107000
56,1652000
9,323800
10,418800
20,589900
13,377000
404,1250100
4,194600
11,377900
16,474200
2,96100
1,76100
22,580000
9,288100
14,418400
10,296700
168,1277000
5,190800
15,420500
13,393500
2,103100
188,236200
7,242600
129,259300
1,69500
14,385600
6,213000
15,460200
28,748900
21,785500
8,304600
1,75400
49,1394200
77,490300
8,299900
23,830300
1,79900
5,183800
11,330700
1,129500
1136,1413600
111,1446600
1,76600
226,1591600
20,743500
41,1180300
196,474000
1,70900
134,380600
11,341100
3,167500
10,315100
1,75400
111,1609800
9,354500
2,146500
5,220700
2,130500
1,78100
10,302800
129,287900
1629,1678600
84,644800
266,908200
4,163500
159,1079700
8,255300
3,135300
5,209900
1,72700
3,162200
7,231400
37,1011300
85,700900
137,474800
51,1351700
5,180900
26,744200
4,150000
1,103000
34,901500
9,335800
14,475900
1,90400
1,70800
12,340300
368,1717300
4,192700
61,1590000
11,344300
4,151600
1,70600
2,95000
9,323000
1,72100
767,1324300
4,160800
1,70700
38,1104400
6,222600
3,123600
1986,1621100
11,361500
647,1212200
149,806500
60,1558800
42,1093500
10,339400
4,148000
1,90400
32,837100
3,127600
9,273900
2,95200
5,198400
352,1313000
4,173300
17,529500
1,73300
8,245300
137,495300
467,1326700
10,386700
147,777000
796,2006100
73,430500
61,1684000
512,819400
1,94100
4,166400
2184,2041700
13,394400
330,809100
27,787900
5,170600
3,119700
88,826900
1,73900
17,471700
3,124400
1,83700
3,121500
206,721500
1,71300
1,70100
174,1577500
65,283300
15,461600
61,1779700
240,1580700
2,97600
3,122300
16,450000
9,300000
4,147100
198,560100
4,150400
2,96800
37,1047800
1,73200
1,84000
36,1148800
268,771100
10,301900
8,322900
12,401300
280,1062400
2,106500
9,307300
6,199500
22,652000
5,268500
2,145600
48,1313600
80,607900
61,1920900
88,767800
5,225900
36,1292100
15,439400
9,301700
3,125500
4,149400
9,316300
3,135400
2,107200
546,1736000
3,128900
52,1371200
8,245500
9,279000
43,1143000
13,394800
91,998600
6,235900
46,1272800
33,900700
1499,1653100
521,1160300
8,463600
95,1169600
3,131200
11,332400
661,1765400
61,1683700
53,1407300
3,121700
9,372800
32,875600
879,1213500
7,278900
63,148200
2,102400
8,323900
6,280700
3,126100
3,125100
8,248700
63,122800
1,68300
2,98200
13,391700
11,361900
3,131300
1783,2701400
6,218000
2,112100
16,544800
14,417600
11,343800
1,108000
1,98100
2,132100
34,946200
2,112400
95,985900
1,69200
97,1063800
4,153600
203,628400
8,315900
8,361200
1,77700
38,1081900
1,86400
4,209800
45,1203300
79,543200
1,72700
16,445600
1,70900
51,1459800
20,559500
13,413400
9,352100
3,144700
1,89000
28,1098700
4,152600
26,757000
9,441400
1,73600
5,229600
1,113500
302,1744100
2,98200
54,1551400
1,72800
4,146500
4,147700
401,1261200
9,277000
6,196200
113,1442000
45,1240700
82,608400
4,153000
2,97500
14,416800
12,365700
3,126300
5,170000
1,69800
1,85700
145,849000
8,311600
1,87800
2,145200
17,568800
3,176200
17,690100
9,282100
272,917200
1,78800
1949,2191600
3,192800
5,217800
1455,1941500
7,227900
185,1972500
6,231600
249,269900
436,412000
9,274600
1,70200
33,964500
206,678000
12,371100
10,310100
15,530700
14,389500
3,148000
72,339500
1,91100
4,165200
3,131500
4,144800
141,610000
1,96500
4,149500
4,159500
10,300900
189,246600
8,254300
6,273400
1,131500
1,79800
119,1652200
8,289100
8,406100
12,373700
4,185200
4,195700
163,1418100
3,173200
165,1478900
229,1648200
15,556800
27,928500
10,372900
1359,2595800
5,209800
5,200600
150,838400
1,71800
8,1047900
1,79600
1,74300
3,129500
3,126500
161,1221000
6,225000
38,1079500
656,1423800
41,1189600
3,188800
7,246000
207,886400
35,982400
1618,1423400
825,1172300
2,111000
2,98800
17,467400
305,1675900
1,72700
8,270700
3,122200
4,182800
4,146400
23,649700
15,567500
9,380500
9,346000
10,372300
34,1231100
13,485300
1,70200
15,493900
1,73200
879,972600
16,483100
2,110900
478,1534400
6,195900
195,443300
17,538800
13,402600
5,177000
12,354500
2,98600
1,85200
1,72700
1,71300
1,69800
2,112500
27,928900
91,939500
10,310400
1,73300
47,1314900
4,152900
1,83700
15,419200
5,195200
1,71300
4,156500
24,792000
3,187700
2,167200
20,640700
4,160100
2,111100
1,89200
81,609000
165,1201000
3,148000
3,157700
8,411300
14,396300
13,404200
58,1556500
97,973900
325,746700
8,248900
9,282400
16,509800
3,124300
7,273100
13,367100
19,554800
25,862900
26,904600
8,324400
268,777900
11,339300
50,1389500
1,73100
15,561700
3,128400
1,84700
1,91500
4,177500
175,1462700
821,1055500
12,396700
15,483400
1,71300
4,147100
7,224500
7,241900
1,70700
34,951500
2,118500
4,148900
6,197800
3,138100
1,70600
8,251400
4,176800
1,70500
103,1184300
49,1298800
52,1413800
4,194200
941,992700
17,538600
3,131900
3,155900
2,99800
9,324400
1,71600
4,157200
46,1445500
283,1212100
25,674800
2,99100
63,241800
30,990100
2,103200
30,950200
24,897200
36,1007000
17,507000
11,386000
1,96900
2,99800
4,149800
5,173800
5,174200
1,70300
928,2297800
14,421200
13,375800
28,813800
1,81500
9,285800
3,124200
8,244600
87,810800
1,87700
8,246900
28,782900
22,721400
242,1771700
11,338200
99,1064100
8,284700
4,209300
3,147000
9,273900
1,71300
480,1605200
2,104000
302,1727800
4,257800
311,433800
35,1194400
3,156700
9,338100
147,890700
53,1742300
95,1105700
3,141200
2,99900
1,74600
15,408300
56,1572600
1,79700
11,326600
4,171700
4,149100
662,2383700
1,81800
32,872300
1,74200
4,183400
3,122000
14,418900
22,643000
14,432900
6,240900
33,936800
3,123000
9,417400
1,117300
137,720500
2,117200
26,872700
917,1984000
3,155000
6,202300
101,1074500
46,1222200
51,1624300
3,160500
85,880000
397,1198400
150,1068900
1,98900
2,120600
1,89200
30,1036400
2,129500
13,487100
11,396300
78,639000
95,1096600
2,110200
70,295400
94,913100
3,144100
2,104800
154,904300
10,384600
6,199100
13,402600
12,347900
121,1663000
3,127600
6,202200
2,101300
4,157500
1,71100
505,712900
11,344900
6,199900
1,70200
71,344600
8,279800
1,101900
17,493800
42,1131300
2,97100
119,1654400
6,331200
162,1375400
10,318700
15,424700
26,786900
2,98300
5,172400
16,569000
17,543200
53,1649400
9,366800
406,1329800
1,85100
14,445100
4,151300
3,132200
3,141400
14,404900
2,112400
2,139800
88,893100
1,99500
30,815000
4,225500
1,77900
32,935800
3,124500
5,221600
3,131700
2,98800
14,588800
5,185500
22,625700
1,88500
5,173600
12,385800
18,506900
12,339600
3,120400
9,297000
23,681000
8,290800
5,173000
15,421200
1,70000
2,94100
20,594200
3,123200
133,423700
3,174400
4,144100
16,452500
162,1178400
10,290300
3,151900
107,1254500
13,402600
5,217100
10,329800
1,70800
9,265000
69,265800
1780,2955700
1,94700
2,116800
6,194200
190,289400
20,609200
349,1245800
7,242700
470,1355700
38,1082300
582,1244600
31,884400
19,559800
4,185700
1,93900
2,97700
8,270400
10,306800
67,233900
71,341000
40,1123000
1229,2275400
71,419900
4,154800
12,340800
43,1203000
4,148600
7,220000
11,343500
138,519900
215,928300
62,92700
5,195500
89,766500
37,1012500
13,366300
3,121000
3,121300
68,265100
5,189000
35,948700
17,490200
42,1171000
21,660200
48,1352000
1,98300
28,789300
1,94200
37,1026600
9,300700
143,692500
6,393000
59,1956100
5,185200
4,163200
8,285600
5,177400
1,75100
932,762000
248,207700
1,72100
1,107100
2,98600
8,288100
69,271900
329,754900
106,1325600
29,847900
23,623600
41,1150300
1,74500
24,659700
22,626800
2,95900
30,819900
1,72800
4,171900
32,854300
10,322300
4,186000
3,150100
5,183700
3,122400
11,319300
736,2199700
3,157300
11,337000
115,1491500
36,1023900
124,143900
170,1373700
12,451100
68,252500
345,1156500
7,236600
151,937300
15,450800
39,1250800
2,124200
3,155500
53,1633500
21,682000
13,416500
443,654800
4,173800
10,377700
20,699400
32,1258400
16,533900
8,258700
1,81200
1,73000
139,736800
14,409600
14,430000
6,261300
82,864400
34,1009400
10,488900
106,1526100
8,296800
2,99500
2,97600
275,1001300
1,71300
2334,2823700
2,110000
4,156500
13,378700
134,400800
1,71100
1,78200
126,178900
1,92700
383,588900
1,71900
11,327200
3,120300
4,167800
47,1608900
5,198300
179,1580800
153,1036900
2,109300
22,605800
1,72000
35,942400
1,73200
1,70200
40,1134700
66,213500
1,69500
4,143500
211,823500
3,123000
49,1310800
8,253700
51,1363100
201,596100
1,76100
2,116500
5,170100
67,209300
5,169500
5,190700
8,263900
1,72100
66,199000
1,70000
5,198900
72,337600
14,399200
340,1065600
4,160300
7,220900
1,70900
4,165800
5,168900
4,173200
6,260400
771,1482600
50,1322700
36,979200
62,88000
14,439200
7,232300
312,325800
10,319800
15,560000
1,72500
32,830600
6,212600
4,145800
21,609800
5,174800
290,1303100
11,328700
4,146900
1,86900
2,115700
3,127500
4,143300
716,1396400
4,163700
33,876200
32,889600
3,145300
5,173200
263,608600
6,241800
13,421900
2,111200
10,308000
41,1122300
2,97400
2,98600
6,199500
14,394100
4,162100
45,1192700
8,246000
5,197700
21,626000
5,188500
1,85700
584,1121200
1,76700
18,522700
387,737800
1,71600
7,236500
11,327200
301,1630700
40,1069800
1,79800
1,76800
13,407300
14,385400
3,130300
325,659400
24,662300
49,1423000
4,241400
28,839100
33,917800
17,506900
12,355800
6,215600
5,183200
6,228600
65,180000
1,83500
1,69400
7,232600
6,205700
4,158800
9,291500
10,296900
620,512000
1,72200
7,241000
11,323800
3,176000
118,1550000
9,294700
2,109500
867,2247500
6,259400
14,447400
7,237900
4,197800
10,364600
87,789400
33,903400
12,417700
1,76300
61,1792200
3,200000
14,523900
39,1065800
35,980900
15,468600
3,137500
4,171600
495,1998000
18,530800
8,255000
3,121800
2,97400
35,956300
3,131600
11,323400
1,70700
16,464800
1,70100
6,249500
46,1347400
3,155700
33,866000
144,725300
3,130600
26,707700
5,171500
211,841200
3,121000
7,222000
5,170600
3,159100
61,1965200
33,1200600
16,588000
15,649200
147,1002000
9,372600
82,753300
3,183900
1,90800
13,476600
1,78900
2,98500
56,1483400
1,75400
13,434200
1,70200
1,79000
110,1320000
3,150400
23,698300
7,230900
8,342200
10,349500
3,137100
4,153900
3,125900
1,88800
13,379800
208,799100
799,2099800
3,179900
44,1338400
3,127100
204,677900
2,109400
1,69000
3,135200
4,168300
2,97400
10,296800
26,718500
57,1545800
337,981100
1,71100
35,944300
166,1301400
24,669300
18,515400
16,480200
50,1307100
3,140400
1,71500
81,631900
3,121700
20,544700
18,515100
52,1551100
39,1071900
5,181600
34,1349900
4,235300
173,1907000
11,451500
5,221100
3,160300
1,123400
1,88700
1,87700
32,1084600
6,260600
3,154300
4,182800
1,121200
1,87600
2,125400
81,725900
843,2021100
21,738800
10,362000
2,120400
3,147000
8,302000
12,441400
5,224700
325,841800
26,907900
1331,1932100
845,1692600
1961,2494500
72,375300
170,1377200
181,1663700
56,1560400
24,920100
31,860400
2,98700
78,721400
10,353500
5,206700
1,109800
1,99200
14,493000
8,274100
11,362400
23,634600
1,71500
1,96600
4,242400
783,1858900
4,161200
425,1681100
106,1246100
1,87200
24,649600
282,1131500
1,90100
8,252100
12,347800
278,1080400
1,94100
1,90900
2,116300
1,92900
21,584500
20,653200
10,299700
43,1304300
9,276500
10,360400
13,407500
3,142300
2088,3013500
9,409000
2,160700
4,167200
11,399400
732,1901000
177,1543400
1,81300
24,635100
15,453700
114,1387900
178,1542600
3,141500
1,69200
18,524300
3,175200
33,893600
4,150500
53,1459400
76,577400
12,399300
28,791300
4,186500
3,122700
27,721900
117,1494900
4,203000
98,1026900
22,620800
162,1115200
88,782100
25,678700
5,181600
33,912000
15,418100
1,72100
20,586000
1,75300
187,258900
696,862000
2,115100
2,107200
89,797900
9,280000
312,326800
24,695500
19,535400
1,75400
65,162800
2,95700
1,121200
3,136300
1,72900
10,382800
4,168200
37,1146700
6,214800
6,197900
132,375300
5,175900
5,209400
7,236900
67,211400
230,1321900
9,279100
21,703600
22,691400
1821,2217100
3,155600
16,559400
1149,1957900
21,574900
21,637900
1,112300
4,153200
48,1264000
3,206300
2085,2883400
1,81100
533,1411700
1,80200
1,75000
1,81400
7,252600
1,76600
7,228200
9,338000
504,589500
31,869300
6,211100
13,464900
18,510300
38,1038400
93,922700
60,1614000
2328,2638900
5,182700
6,232500
9,272700
36,1043000
29,1032700
3,137100
4,149600
2,103800
1,90200
20,563300
23,648700
1,70600
3,135700
1,80800
6,196900
204,666900
2,142400
1,74400
8,267900
1,71100
28,774900
1,77300
32,855000
2,96200
3,121900
1,86200
3,122100
6,218100
1,80300
1,71300
181,1595900
8,285900
12,360200
178,1511200
1,71000
6,213900
1,74200
6,290100
4,148300
6,222400
3,158800
233,1402400
1,75800
30,902100
7,270400
2,98700
5,241100
25,815800
7,233400
39,1088000
159,1012200
2,115500
1,76300
1,73000
5,172600
2,124300
4,148700
3,123500
1,71100
2,113700
135,414300
3,133100
1,69800
6,215600
94,940600
47,1260000
7,222800
4,155500
3,120000
9,267500
30,816500
12,409200
30,800300
24,667200
27,765700
7,231600
461,1057500
31,844000
1,70600
221,1109400
618,2157000
4,200500
269,798600
2,119300
26,874700
3,163000
57,1649600
1,98000
15,524300
1,97300
4,194100
261,675100
62,92600
13,415100
4,148700
3,144200
102,1338300
5,198000
67,232700
22,610600
2,106400
66,252800
58,1609600
3,181800
1094,1815500
1,72000
71,421500
2,98300
4,176600
11,327200
6,258900
2,97100
9,357900
3,176600
49,1689800
3,158500
67,280100
7,279900
6,256800
29,992200
200,688000
39,1305600
5,215200
5,216600
7,319900
20,725800
3,149900
11,426800
22,768700
102,1443800
6,245500
5,214200
2,117600
5,274200
1,98000
132,381800
9,278800
248,230300
11,346700
32,930900
1,74500
1,68300
11,329300
45,1279500
1329,1722400
6,222300
68,256800
17,470800
3,136600
3,128800
325,670900
1,72700
33,921600
10,312200
8,283600
2,97800
2,97100
11,346600
2,98500
4,165200
4,171800
1,70500
10,307900
1,76300
1,84300
493,1891100
3,128800
3,151400
4,153200
4,146300
1,70800
3,135100
22,654500
1,71000
21,556500
10,334200
1,70900
22,606200
3,149300
3,123300
1,70700
11,316700
18,549200
65,174900
1,70300
6,196200
2,95900
10,299000
3,143900
12,460400
8,335800
3,126700
270,797100
35,1035300
3,128200
3,125400
13,376500
5,210000
701,1155500
60,1629200
11,328200
8,264800
3,125200
3,124100
2,98600
375,500700
11,334100
8,249000
8,268100
1,90800
59,1709900
8,290000
10,310000
623,597000
1,72000
400,1269300
4,233200
21,661600
38,993100
16,575500
3,164200
168,1542400
10,303300
6,280800
22,624700
6,199700
193,449600
71,402200
391,797100
2,121600
1,72400
157,999600
1,74100
13,382500
31,922000
84,720300
1,118000
4,159300
1,77600
51,1542700
9,329700
11,395800
6,211300
4,147800
1,73000
1,72100
153,1047300
5,194100
20,552300
361,1712800
57,1562400
65,187800
31,947100
1,82100
437,468500
2,122800
8,280200
1763,1995700
28,798500
4,170300
38,1022600
1961,2427000
474,1405800
66,193900
1,78300
155,953900
16,472300
11,361600
3,121800
1139,1464500
77,477700
4,159300
2,103700
252,381500
71,447500
5,176700
4,147300
20,589200
5,183100
31,874800
3,122900
182,1850400
2,102700
1,85700
94,980100
23,725400
116,1524900
292,1374800
38,1032800
271,893400
3,130800
32,864700
49,1440300
381,555300
88,782100
3,128600
14,456900
8,301300
1,82200
1,90100
4,150300
1,81400
17,487400
1065,1110200
12,393700
191,332800
4,163700
1485,2599500
4,175900
12,403200
12,357300
22,619700
2,99200
16,478500
1,75100
2,125200
4,160500
1,71400
215,962400
9,277100
4,146000
2,96500
22,636500
4,148300
19,558800
6,200500
52,1388300
22,636500
18,520000
14,430300
10,327700
1434,1495000
3,132200
46,1311400
88,774300
201,643300
6,205900
8,273200
1,85400
688,664700
10,392700
3,130800
272,860300
2,98600
1,70800
1,69500
531,1786500
405,1217600
10,417700
4,226200
11,403600
2,118700
107,1321600
2,106700
23,628700
130,421700
741,2266500
3,149500
934,1012300
399,1077800
2,99400
267,958600
35,1200600
7,284600
3,150800
6,272800
65,207600
13,504300
19,682200
79,627800
9,271600
1,86700
29,784200
1,76100
185,1793000
3,124900
3,149300
1,77300
4,169600
2,108200
69,288300
2,95300
10,308100
19,639800
9,300000
4,155500
7,227300
7,290300
2,118700
1,76500
38,1157900
5,271200
1,81700
1,74700
9,350100
9,285800
1,90400
6,203000
1,71300
3,122300
15,516500
1,75400
1,100400
1,80200
1,73700
6,208200
36,1008400
254,403100
6,243000
6,229100
1068,1176800
25,708700
11,327200
662,1769100
20,661400
8,290400
1509,1670800
652,1336400
2,108300
11,325200
1,71400
27,797300
8,321200
10,434400
1746,2347000
2,114800
1,73300
20,624000
2,102800
6,201300
8,316900
1,108800
48,1471500
560,549300
1,104300
698,1087400
6,208700
27,813600
9,267600
1,66700
17,572400
2,102300
11,332200
30,853800
5,202300
2,103900
67,235200
321,536300
18,538700
451,823200
52,1419400
18,507100
1,78200
3,140000
22,630800
15,476900
6,219400
4,161100
21,644700
5,173800
16,448300
6,288900
407,1295500
39,1143200
14,419000
21,648600
1,96000
46,1228100
144,663800
34,1164700
476,1455700
4,172100
277,967000
8,244000
636,894100
4,179200
523,1104300
14,440600
1,298600
1336,2285200
7,275200
7,232800
30,925300
7,266400
3,151700
11,332200
7,248300
42,1360400
6,201000
3,124500
95,1024000
21,755100
448,791600
1,88400
1,71800
4,168200
61,1641300
2,101000
4,159300
35,1001800
1,76100
86,714300
1,72800
9,296100
4,161200
281,1078300
1,83400
15,443500
6,197900
2,95100
1,69900
8,378300
11,550400
3,142600
7,229200
1,69600
44,1233300
176,1504800
1,71800
72,360000
45,1204500
1,72400
2,100000
2,115400
124,130300
27,744400
153,909800
2,123100
4,170800
4,153500
14,437100
1,75100
24,668200
75,510800
3,152300
16,446600
16,457700
687,790700
34,1077200
9,338500
338,1062600
73,422400
5,211600
9,289300
246,2211100
75,554200
46,1687300
3,166000
4,200100
8,314600
8,316400
10,402800
7,261000
7,243800
1,87300
7,239100
496,471600
5,216500
171,1349300
2,119900
65,178800
14,403300
2,104400
139,637300
1,87100
980,2171300
24,747600
122,1640400
6,278600
8,269000
1,82700
8,305500
18,585700
16,517800
1,99700
10,338900
82,596000
1521,2097100
8,274300
1,72100
1,74100
121,1716900
2,115200
9,278200
3,201800
12,417600
1,73200
112,1494100
47,1268000
266,722700
9,272400
2,95500
15,464300
1,89200
224,1190900
12,372600
98,1045600
1,88500
3,123900
5,196800
102,1249800
23,733700
5,192600
3,124800
7,224000
30,843000
2,122100
1,74600
13,395300
11,332300
4,149500
4,148600
399,1056200
14,404200
1,71300
246,1790600
10,348300
14,405700
8,253200
1581,2045200
1,133900
7,266000
2,118700
4,147300
11,315400
1,69600
4,144200
248,210800
12,409400
2,103600
143,644200
21,676600
2,97400
2601,3842900
10,391200
41,1252200
2,99000
69,265600
14,393100
9,295800
7,245700
10,317900
201,566000
108,1278300
32,850900
2,98100
4,176600
6,197400
70,313100
3,123500
3,121800
5,237300
24,715900
8,311000
329,850900
7,236800
116,1525300
109,1309500
242,1908300
5,223500
269,756900
1,109200
3,122700
145,695400
473,1452600
1,80600
7,224700
3,126000
55,1491800
13,417500
6,199600
80,554900
1735,3069000
600,1829700
8,257600
12,373300
12,428900
76,447700
5,173600
2,96200
143,651300
15,445200
3,124000
14,430000
5,202600
3,121500
8,326100
1,75200
2,98100
10,311600
44,1277500
161,1182200
1298,2550000
17,775400
21,591000
3,174300
24,782300
4,199300
4,160600
163,1212600
230,1276300
2,126100
4,145300
9,324000
1,70500
1,69000
32,1091600
40,1431200
131,406700
12,371300
4,148600
4,212700
9,367800
1,111500
3,156700
5,219600
16,661700
3,215600
1,95200
7,239600
7,244300
1519,2132400
30,887600
11,327100
278,999700
3,140100
25,734800
1,76900
3,123700
9,326700
5,180600
3,150000
1,72700
31,846600
121,1711900
19,588300
1,94400
72,340500
128,284200
307,1837500
25,788100
1,75500
11,324200
39,1106200
9,297700
58,1520300
3,136400
8,257800
12,443300
3,131500
347,1245600
2,105000
2,96400
13,381600
69,283700
4,162700
2,102700
1,76200
11,335200
229,1265300
31,871900
2,105700
10,331900
10,508400
2,153500
25,808400
19,556000
96,1021700
4,148700
14,472600
12,389400
3,157500
8,449500
68,356600
1,142400
12,416900
1,86300
324,637400
4,151500
2,97800
2,98300
94,1005500
274,929200
52,1427400
2,98400
10,351600
39,1059100
33,901800
5,178000
42,1156400
224,1199200
1,72400
2,137000
58,1548700
4,158200
66,191500
4,145300
240,2029900
60,1727400
4,159200
10,337100
1,72400
150,781700
4,213800
2,121000
12,399400
93,933800
9,284800
136,485800
1,71200
8,249500
11,345100
4,160500
78,543700
8,248000
3,130700
876,933600
181,1722400
6,220700
3,122200
158,1025500
1,76200
8,246400
3,123100
1,72200
53,1446900
83,631400
29,809900
41,1240000
1,97800
11,365900
22,610800
6,222700
24,666600
29,782600
8,256000
108,1307900
16,496900
272,855400
25,700400
14,416600
1,70800
1,74000
14,394000
43,1480200
4,161700
12,458100
2,117800
4,167700
723,1638500
148,805800
49,1340300
1,87900
3,123000
126,185500
16,907000
1834,2699500
16,515800
69,286800
9,297300
4,146800
62,92000
1,77500
9,279000
7,224900
4,174000
87,776600
7,231700
21,635200
10,308600
14,452400
1,72300
1,75600
2,95200
1,72000
7,253300
2,134600
8,264700
75,451900
4,149800
299,1669700
1,75600
4,149400
4,148200
6,219700
9,324700
6,217400
184,1734400
1,75900
1,70000
23,631400
1,71100
65,160900
3,147600
9,419100
291,1383900
11,406800
102,1185800
3,193400
13,498700
9,375500
182,1824000
1,195500
88,903300
2,140300
20,563700
2,101100
6,333300
364,2205500
7,246400
20,628400
2,194300
276,1322600
5,259000
3,174300
8,498100
31,1067200
55,2018300
7,303900
5,291200
6,261400
3,157500
39,1332900
2,104200
122,1828500
27,871100
17,596500
7,253800
363,1829900
1233,2453000
1,81800
26,747400
695,986300
6,228000
23,633500
46,1348000
2,101400
261,586200
116,1508900
11,325400
36,1134300
1,93000
1,88200
40,1110200
53,1501300
24,899800
92,905500
10,315600
88,964400
3,122900
12,393700
1,70900
82,620600
2,97400
217,1201700
13,448800
1,75100
4,171500
1,74700
1,136500
30,960500
1,74100
204,755500
2,137500
23,716300
300,1846600
85,782400
1,71900
1,71600
77,509500
25,693200
16,589300
113,1455200
6,242000
66,214700
186,213700
5,199200
192,328200
30,987600
6,240500
67,244800
1,70300
17,584200
114,1444100
29,922300
94,1002900
11,365400
8,250200
15,417800
1,90300
40,1175400
32,953700
21,593900
7,260100
23,699800
25,712300
2,99600
176,1726300
30,909100
10,329600
97,1015000
4,151700
2,97600
3,160200
10,312200
125,174300
160,1242600
1,94200
1,73300
6,197800
14,477600
52,1490300
19,604000
2,98600
1,78300
149,794100
7,281000
1,72400
5,217100
2370,2514500
4,243900
8,397300
4,195100
27,754800
11,337000
26,767600
11,388300
15,459100
363,1689300
4,147700
7,218800
1,70100
83,729000
11,430100
31,1117100
18,741100
1,102500
1437,1366100
71,372900
5,227400
1,94100
2,98500
2,110800
12,353500
55,1714300
1,75700
3,156500
26,875400
43,1152500
2,101800
2617,2696800
1,83300
4,225400
100,1229300
558,533600
11,420000
1,73000
18,493800
78,590500
67,290300
17,482300
3,122900
2,97500
5,170500
17,496900
214,931300
1,71200
608,1773900
18,520200
169,1265700
335,1032100
9,283900
6,202600
3,126500
17,567600
3,187300
397,1007100
13,441200
92,845700
1,70700
71,348400
23,660600
14,414000
10,300500
12,351000
170,1288200
3,137500
7,219900
357,1521400
1,79200
13,396400
15,418100
16,439700
10,378700
1,78800
42,1188300
4,200000
6,256300
4,184500
13,477500
503,702000
21,569100
343,1153900
66,216500
5,174900
3,129200
94,906600
40,1142300
13,425000
3,125100
43,1148200
6,197300
30,890700
5,181500
6,202600
2,107200
19,606900
2,114200
6,201200
76,478100
5,255300
18,579200
105,1266100
1,113600
26,720100
2,99300
4,164800
5,205100
3,129700
33,881000
6,222000
5,183500
218,1079000
135,487900
4,188100
1,77000
16,635400
1,95100
3,154300
2,108800
1,77500
2,124200
14,473700
3,126200
35,940300
7,387200
4,156700
1,70400
14,434800
745,660900
13,447200
147,756500
2,118800
4,149300
4,148100
1,110000
1,105700
4,161900
123,1795700
1,106500
3,170000
3,155700
2,126500
1,87700
3,152800
9,357000
71,382500
3,153500
2,132900
36,992500
27,801900
3,124800
1,70600
1,69000
2,94800
1,69800
1,83300
1,120000
1,88300
6,252100
4,192700
33,1148300
7,427600
39,1400300
11,344200
76,484400
24,678200
41,1374900
1,87800
3,151400
10,422900
3,157200
3,150600
6,245900
17,604700
8,319800
18,619500
6,321000
24,689000
25,669300
61,1730500
1556,1467900
3,146200
15,448500
2,115800
7,223200
31,875500
535,1452900
1,110700
8,291800
8,251400
8,279800
17,504900
1,103700
2,121200
3,124800
34,944900
114,1497800
2,107100
1,73000
140,632000
860,2074300
80,598800
12,386000
3,132200
33,869700
582,1135500
46,1544800
6,224400
30,984200
3,147900
20,591300
149,885700
25,705800
5,178900
3,128900
3,122300
52,1807600
7,292200
4,187300
7,309000
14,498100
2,119400
3,128000
5,174300
237,1538600
1,83700
391,808700
1,80300
166,1339700
27,781000
14,453700
36,1036700
7,276800
41,1163000
71,407600
2,97700
6,204100
25,899500
41,1373600
122,18987400
30,918600
1,77400
9,272200
8,254200
10,321600
12,406000
3,150800
15,451200
3,127800
377,512300
22,623600
14,396500
4,145900
444,622100
38,1004700
39,1057600
186,178700
16,451700
92,889100
8,245200
1,70600
434,367100
2,132900
3,120900
2,122600
3,121600
18,494500
130,290500
61,1696200
471,1473300
754,1087700
551,2277000
43,1491400
33,914100
1,75100
36,994400
5,172600
3,120500
3,143200
1,77400
99,1026600
21,585900
4,145500
170,1321700
5,173700
40,1057000
14,414400
6,213400
1507,1799000
149,791100
12,361800
5,198700
52,1406400
9,410900
34,972600
15,474100
5,246600
18,594100
4,150000
18,553600
1,83100
12,420700
9,320600
8,251100
165,1202800
409,1287300
40,1199400
45,1294700
9,323400
10,316600
1,72400
88,753900
3,151200
3,123000
14,434200
4,147900
16,528700
2,96700
3,121100
9,312600
4,172700
32,1052200
6,215500
6,251000
84,696500
2,98900
4,153900
11,350700
2,144300
89,829700
13,388700
8,254500
4,148500
910,1732700
5,174300
82,688200
3,144100
1,74600
3,133100
6,197300
1,71200
4,148100
4,144800
6,192700
294,1440600
142,609900
152,897000
26,760500
3,151400
1,90600
1,72500
6,193800
1,69800
355,1593400
11,341300
11,324800
2,95900
24,765200
21,584000
7,226400
113,1524600
2,100900
58,1607700
13,434000
35,959300
10,333000
6,202000
2,108700
14,568800
2,154300
82,770400
1,92500
1,101700
1,87700
11,575700
286,1477900
11,359800
34,925500
1836,2675600
73,392800
7,267400
1,71700
1,71600
52,1509900
657,1456700
5,187100
32,962200
3,165700
122,1923200
3,126900
8,249700
451,833300
191,380300
2,111800
12,411400
6,278200
1,91700
340,1160300
61,1670300
1,72600
3,153100
7,222700
1,85600
9,295900
6,233400
14,393800
2476,3634600
3,145000
5,194600
230,1421400
64,167100
2,101000
8,268600
6,199700
127,251900
3,124700
3,127600
1290,2222000
65,164500
5,168000
5,196100
135,487400
17,579200
9,278000
8,254000
3,125100
9,285500
149,833700
120,1658300
107,1454600
73,517400
3,129600
206,891800
7,351700
329,1080500
1,110500
4,188400
1,96600
8,317900
1,95500
555,2368600
40,1256300
174,1634600
50,1549000
1,76300
1791,2740800
15,609900
2,99700
1,71600
22,764300
366,2283200
3,154900
3,130100
1,73400
4,166300
1,78900
68,271200
2,97400
254,435500
43,1458700
10,407800
19,543200
1,72400
9,287500
1,86800
2,120400
30,876900
169,1346000
3,130300
6,213600
52,1462700
411,1785000
3,157600
1,104900
126,242000
108,1714300
4,205100
7,305300
3,153200
4,223800
3,136000
48,1263000
4,147200
42,1245400
2,103500
13,399200
22,755300
20,573100
1,72700
7,227200
8,271700
13,460800
7,262100
13,386400
3,131500
14,401500
31,1041600
138,541900
58,1563200
119,1678400
65,205800
12,381600
24,711900
2,133300
10,301400
28,797300
14,493000
1,78500
130,458300
13,391200
9,281200
46,1250200
2,102300
13,400200
4,164000
19,522400
9,368500
9,469400
3,161000
5,212200
4,188700
8,256200
3,135800
268,932600
42,1230300
8,270200
7,230100
73,407000
73,429800
3,227800
1,115100
15,536500
1,98900
19,663200
87,944900
4,190300
17,604100
1,114200
29,808400
181,1858400
82,726600
238,1669000
2,112900
25,866400
3,138400
25,715200
16,458300
16,597500
2,132800
4,162600
4,224800
8,247300
4,150000
1,72200
51,1748600
183,1724500
5,197300
4,147300
4,147600
27,723500
17,491300
11,356500
3,123700
14,396500
5,181600
1,70500
10,292200
3,134100
4,177300
26,730400
1,73200
2,96400
171,1492500
4,230000
1,80400
1,76700
1,97500
1,74100
461,1215600
28,779100
1198,1573500
38,1127100
1,78600
4,165600
4,175200
681,2317200
333,974300
5,217500
18,502100
31,963000
23,731500
1729,2679900
1528,2310800
18,518400
245,1823900
1,85300
2,174200
3,125000
106,1287600
104,1284800
4,152800
23,619500
1,89000
30,883200
5,172600
4,162700
87,765500
108,1416300
57,1952100
669,1815400
4,204500
3,225700
13,478900
1,110900
3,136000
377,489400
1,78700
1,93400
56,1661800
8,279300
2,131800
9,297300
4,145700
1,69400
1,80300
1668,2668900
4,156900
23,710400
3,125000
4,168900
1,77300
306,1776800
33,890500
39,1311700
88,937800
105,1251700
23,711900
16,573900
6,207100
2,99800
7,324500
4,162400
55,1546100
1,93200
3,130000
2,121800
4,149400
3,123400
102,1124600
1,77600
246,1890300
5,180900
5,248100
1,71200
1,69800
14,565800
7,253500
9,301500
10,332500
3,123900
3,124900
59,1555600
11,338900
27,737200
3,153600
1,82500
1204,1698900
1,82300
48,1330200
4,253800
174,1511100
15,433900
20,601600
7,231100
221,1050800
7,237700
118,1572100
4,164600
4,197600
5,173400
29,771800
8,306700
1,84000
9,332500
22,584500
51,1533500
28,968100
184,2016900
16,471700
212,885300
24,700000
4,161000
1,72200
3,126200
6,220300
1,82800
6,334200
12,543200
72,415600
3,128500
18,507700
3,172700
3,131000
131,356200
7,228500
3,124500
61,1672300
1,84500
4,160400
1,69800
129,306200
45,1385800
5,181200
16,516500
3,125300
6,222100
2,95900
1,69100
22,627000
1,69800
599,1591700
1,77800
91,843200
573,872300
10,307100
91,868700
16,448600
7,222100
53,1565900
4,158100
106,1351500
75,444200
22,718100
11,468800
1,100300
132,367000
8,253500
5,197800
39,1149500
20,549200
96,1054100
31,880000
2,99500
85,683600
65,173900
243,1790300
77,483700
21,597400
4,146100
11,316300
4,146000
44,1210100
6,201700
17,497500
22,963700
297,1674300
9,321300
1,72200
307,1900100
1,107500
4,171500
17,508500
17,472000
1,95400
3,135700
53,1532400
3,150100
6,224800
4,149500
6,295300
2,113300
25,727000
2,111800
2,121100
8,250300
1,74800
2,111400
163,1209500
61,1636700
3,123500
11,329300
1,71700
10,314600
8,266200
36,1082700
5,208700
14,488900
6,231600
4,162000
7,251100
1,76000
9,278200
5,174800
4,170500
203,653800
31,831400
369,1847600
6,204800
1,103900
4,171900
15,451300
161,1125400
5,195600
7,389300
4,168600
1,82500
58,1619300
1,86100
25,845100
639,1168700
4,160600
9,275400
80,607400
44,1183700
3,162400
1,73400
30,1052000
33,947000
18,531200
438,631700
74,475800
1,97400
57,1527100
4,176400
18,517600
39,1097800
16,530100
231,1388000
32,872300
1,74900
57,1547500
23,676400
62,84900
5,198200
42,1126500
20,595400
6,193000
15,418300
18,632400
1,108800
11,407200
5,182500
1,71800
2,107800
2,104800
5,181900
1,79300
194,423300
6,210600
1759,1912700
4,158500
4,150500
1,71700
1,70100
142,593100
16,511800
18,507800
137,452700
723,1578900
8,241900
139,527700
216,936300
368,1792800
17,515600
280,1100600
18,577200
412,1451900
4,213500
6,343200
14,496500
7,327100
1,148700
403,1247100
5,183700
1,76600
2,108100
37,1040700
180,1624200
101,1085500
2,107000
2,142900
4,158900
2,100700
15,426100
108,1286700
1,82200
354,1413200
556,1960300
16,463700
291,1356600
1,73100
13,398100
2,121500
5,236000
53,1611400
83,660700
1,87400
1,69800
2,98100
6,198300
2,118300
84,684800
2,120400
46,1259700
22,633500
9,277800
27,733200
54,1451300
2,101800
1,83600
9,292200
2,103400
2,94800
157,971200
301,1718700
30,846900
11,318600
3,154500
755,1084200
4,192800
23,793900
89,1038900
15,532600
95,949700
64,204300
1,77700
13,399400
4,149900
3,123200
8,281500
6,195900
6,209800
2,143300
98,1031900
77,507400
3,161700
67,242200
2,96800
21,743100
21,593500
233,1615900
2,101300
1,83000
2,97900
11,370800
6,216300
115,1464500
5,186300
46,1249500
3,147300
98,999900
25,684200
5,343700
2,100200
37,1071900
96,1154500
18,506300
23,676800
54,1610300
8,265100
93,970500
12,358100
10,298400
11,408600
31,896700
12,437800
1,103700
8,259200
9,332800
1419,2494700
132,412200
1,95700
19,536200
5,171200
44,1172900
47,1272900
4,176600
2,133900
28,857200
57,1566100
98,1054400
1,70200
773,1433400
1,83100
3,126800
4,153200
34,983400
1,75800
7,223600
6,239800
4,161200
1263,1538700
3,131100
14,395500
7,235700
1688,1622800
9,306600
42,1135600
121,1598100
16,528600
1,100200
4,192200
29,850300
978,2102900
72,576100
1,92700
116,1605900
5,203800
3,159200
212,847500
303,1726000
1034,1869700
4,200600
1,83100
83,694800
11,327000
155,955000
32,930600
1,78500
3,123000
7,240200
1,71300
208,764000
3,130800
304,1733100
1678,1438300
90,835100
1,72100
19,557800
117,1929700
1,78000
1,70800
48,1497700
142,781800
9,407300
39,1202200
25,759400
7,229100
3,138700
6,222800
14,407100
7,221100
2,114400
35,952200
1,71400
140,536300
5,172100
6,240500
15,452800
105,1284300
222,1229700
25,739400
2,100000
8,252100
4,149300
11,397500
73,494200
66,190300
69,291600
241,1691400
13,393100
137,515800
88,818000
52,1417600
1,73400
5,186800
3,122800
5,199900
3,124000
13,404300
6,204100
8,265500
6,197200
1,98800
470,1606500
3,125300
3,134100
2,104500
2,117000
30,783000
108,1276400
52,1478000
1,77500
141,737600
40,1110600
8,261200
1,71800
15,427800
3,133900
5,171800
3,120600
4,162900
1804,1488100
2,151000
11,444800
19,926700
1,78600
1054,889400
2,105900
4,153600
7,246200
318,492300
130,320900
8,411600
1,72900
319,489300
1,71800
9,332000
1767,2401000
61,1780300
3,149500
10,447200
4,174500
14,464100
125,182600
1,74100
7,235000
4,152300
5,230700
82,708800
53,1615500
4,160300
5,226100
7,295900
58,1635300
1,87000
162,1207200
6,273700
1,89300
8,350600
23,790000
6,297600
31,1069000
483,2096700
650,1686800
67,239800
377,440000
1,71000
60,2018300
101,1147300
3,131500
59,1638000
124,130400
83,890900
37,974100
8,395200
1,116900
3,214000
48,1316900
135,500000
104,1178100
10,406000
3,123500
43,1496000
1,99300
4,186700
1,139400
88,843600
14,437500
7,246600
2,128300
2,119700
3,300400
1,116200
18,614400
1,162400
9,331800
2,120900
9,291900
2,118200
1,97500
702,1150700
16,475400
487,1947700
3,168600
114,1481300
2,108600
2,109700
2,188900
2,118800
2,107400
4,173200
4,167200
29,757500
811,982500
9,330200
219,1141800
4,185000
1,94400
35,1147700
17,587700
29,916900
45,1283900
10,333600
5,184300
5,191300
8,333000
41,1131900
29,814400
560,528800
8,283100
3,129000
3,141100
201,589900
1,72300
18,527700
408,1292600
7,246900
1,70700
3,121800
15,491700
1,82700
56,1530500
19,561100
5,177800
2,98000
902,1623100
1,80000
3,133700
13,372800
68,267400
1408,2681700
315,495500
4,164800
211,921900
4,189300
1,83400
2,112600
287,1275200
1,112400
3,273500
6,735600
26,787600
14,510900
41,1371000
6,278600
1,100600
3,153500
10,393900
2,122100
11,421300
25,678800
6,201900
1,70900
286,1218400
46,1358700
1,71700
75,425600
4,168900
4,147200
1,92000
7,286900
1,98000
13,416200
19,553000
33,1138900
122,1887100
12,455100
9,377100
655,1430600
6,281100
155,963000
138,642700
35,954100
1,105000
9,371700
5,218700
39,1046900
15,562600
3,151700
1090,2059600
1,87500
3,141300
1,69700
4,178900
338,1095700
1,71300
38,1101300
5,318600
1,69600
3,124600
14,396100
17,653000
68,241000
8,265800
1,82200
10,292800
7,258800
542,1702000
9,378700
1,84200
1,89200
3,127500
39,1181400
101,1154100
4,174500
6,233200
34,896800
17,515000
1,89800
94,1061600
6,211400
2,123500
17,554400
160,1080100
5,188700
6,209100
7,275500
2,95000
11,321300
3,123200
35,1008300
47,1452500
47,1393900
90,840100
24,633700
125,154900
14,551500
17,504400
228,1253300
3,144500
15,416600
2,96500
26,725200
42,1118700
1,69500
2,136700
68,266500
7,245000
20,588100
2,97200
1,72400
8,251700
51,1397200
3,121900
36,1024400
10,307200
1,70900
25,684600
397,978400
15,716900
116,1545800
5,175500
2,162900
2,108300
44,1186300
5,255100
11,427900
16,563000
20,683200
3,127900
38,1025600
3,131000
7,312000
59,1603500
441,624000
3,129500
13,371000
27,938100
112,1553600
3,134000
26,763200
3,151100
640,1074200
1,103800
31,1249000
142,754100
9,360400
1,102800
1,91400
18,642800
3,154200
58,2216300
63,132200
15,568500
9,300300
2,101400
69,278000
1042,2293600
1,107200
1,84100
59,1633500
86,723400
5,169600
34,1000200
116,1500900
2,135900
1,77300
26,753800
6,323700
3,152500
4,167200
72,383000
8,271000
46,1339700
61,1787800
1,126900
47,1444100
149,910700
5,203500
1,71600
1,71000
71,325700
16,473900
2,99600
52,1521600
3,129500
20,583600
1,74200
7,225800
87,807200
5,189600
4,322100
6,216900
2,96000
48,1400900
14,395600
1,89900
48,1461200
35,1111600
10,312800
1,71200
1082,1782900
33,1166300
944,1360100
1298,2559800
94,986700
150,841800
24,684200
10,297700
76,470800
15,468700
8,251100
5,187800
839,1498700
3,132000
1,89700
7,284200
53,1534300
200,663300
324,672800
37,1032100
3,144100
1,72300
1,69100
7,219500
4,146300
1,67800
283,1272800
3,159700
150,851900
96,1015800
46,1276900
5,183900
4,149100
2,98500
9,275100
92,918700
251,312000
433,1926200
31,916800
1550,1283000
23,698300
2,116200
164,1289300
1,78700
3,128000
1,74200
1,75400
6,248700
1,77300
5,180800
13,387400
22,611700
20,697900
7,237100
7,227000
2,99500
18,499700
53,1545800
6,240200
1,76400
58,1616100
2,105000
5,207800
214,952800
4,146300
4,162400
42,1157300
4,144700
64,160300
4,168900
19,560300
6,249400
3,133700
69,269600
12,386600
82,676900
127,211600
3,130500
800,2552000
33,912800
1,92300
26,787900
597,1466000
49,1322900
137,561400
2,140600
397,1067100
34,1123400
12,471900
121,1666000
1077,1460300
10,315300
153,984900
2,135800
3,128200
81,710200
3,167900
1,90900
1,96600
348,1468500
3,149900
8,267100
2,106900
1,71800
13,370200
7,220200
18,529100
25,677900
2,107800
6,209000
3,152600
15,444300
1,69000
2,101000
3,127900
27,986400
4,161300
19,560100
5,174900
4,165000
57,1544600
1,107600
1,73400
1,69100
5,182400
6,194000
70,312800
7,230800
1,82700
2,129900
10,416000
50,1480300
21,557600
2,96400
189,327800
12,382900
7,229800
1,73500
1326,1636500
195,429000
19,544900
1,117100
6,217200
4,156000
4,186600
99,1012500
9,343700
5,183700
9,294100
6,196800
3,123000
5,212700
6,337100
18,631400
13,391700
16,505800
187,222600
7,319400
4,151700
13,390200
54,1444500
3,121100
3,124500
4,147400
1,69200
64,157700
1,75400
840,1483000
38,1250500
15,466000
6,200600
75,479000
1,71500
2,96400
268,987500
61,1856700
255,417200
32,900900
14,440100
4,155200
17,461100
711,1307100
5,184800
13,392700
2,145400
1,75300
1503,1571600
181,1590600
2,100800
25,784000
6,203800
1,84000
4,149800
1,71500
8,250800
12,399900
1,72400
6,222000
24,796600
2,99400
2,104600
1,92600
74,438600
1,73200
18,519600
1,83500
106,1318200
7,254000
9,278800
49,1380100
9,290800
7,226600
490,2102000
2,132600
579,1043800
6,258200
715,1357500
3,171400
29,922100
4,195000
22,830100
651,1334300
1,94900
8,271100
14,416300
3,141600
115,1497700
4,173600
7,225300
7,226600
43,1177900
1,72600
4,146300
2426,2104000
3,130400
4,149100
95,976900
19,520800
1,80800
1,70700
1,83200
104,1193300
1296,2364600
14,430700
9,270500
12,355900
7,245400
2,95300
1883,1937000
77,464400
8,243500
2,110300
47,1847300
8,309900
2,160300
1,98900
4,148800
1,72800
3,125900
1,75000
2,98400
9,311600
178,1583900
1,77800
1,162000
1,82900
118,1683500
187,235000
95,943200
910,1804100
48,1340800
7,224100
178,1584900
391,999100
1844,2632700
18,508000
1,117100
21,859100
44,1351200
1310,1271900
1,81300
5,252900
1,88200
46,1426500
13,416300
222,1117900
4,150600
18,510000
94,900200
24,709700
526,1305700
1,83600
8,252900
3,134300
2,96900
1,96100
68,337600
2,110700
1,73500
51,1459900
30,993400
244,1836400
109,1453300
15,641200
194,418900
117,1607500
9,285500
2,98800
3,125000
15,467800
9,304500
3,122500
384,608700
3,124400
534,1387100
3,134600
2,114400
1428,1184300
22,729900
8,279500
1,75000
4,160000
2,96300
8,250400
20,613900
81,596800
62,115700
28,811900
17,517400
1,73700
108,1358100
1,79900
166,1573100
355,1671800
9,352000
1,87000
380,564600
803,2098100
10,316200
9,287300
36,1014800
1,71800
29,804700
4,147100
1,78000
14,407400
9,299700
26,737100
297,1669600
1034,2002100
737,2109200
1,98300
244,1808200
220,1084000
35,952600
7,255200
10,311700
1,70900
16,434500
16,503600
1,89600
9,314800
12,350800
32,867200
20,569500
2,99300
1,70800
3,122100
4,146700
3,144500
28,767700
145,655400
54,1542500
371,1841200
132,379500
18,495200
44,1246900
14,592900
31,1010700
4,192300
66,258800
16,635100
4,215600
9,368300
6,253400
36,1178400
1,104600
4,158900
6,205500
414,1547400
662,1713300
11,323800
41,1107400
10,301300
213,873100
66,199000
3,120800
2,100000
2,109900
133,356000
15,509700
10,342600
6,201500
3,136900
173,1580300
375,450600
5,189900
9,313600
2,118600
8,252800
3,145900
2,135200
82,615600
219,1072200
24,698600
1,76600
207,735000
13,403900
4,165600
1440,1583400
370,1856000
1528,2166500
7,234000
1224,2094000
57,1518100
502,736600
3,136600
38,1047400
38,1115100
8,262200
54,1435400
4,160000
36,1033400
3,133600
28,825500
81,625000
22,627100
10,298600
3,122500
7,222100
54,1734600
1,120400
67,258400
3,170100
9,290400
21,762500
10,354500
1,79000
1566,1757100
3,139500
24,716600
1,97500
43,1213600
66,204900
1,92400
47,1328300
10,314600
3,145700
8,247100
2,97100
10,332500
6,206200
6,220500
20,624400
14,460200
77,491800
28,810100
4,204700
1,90500
17,611800
12,467500
7,266000
98,1035700
2,98100
4,148800
7,254300
36,1164800
5,204600
5,172300
12,380800
5,234400
1,87500
52,1417800
17,517200
12,449800
59,2000400
1,94400
18,638300
78,654300
6,279400
19,654800
2,157500
9,448300
28,868100
42,1267200
6,215800
11,349200
1,80900
22,632100
1,74100
3,126700
1,88600
9,276900
4,155200
20,727200
118,1780200
1,85200
34,1081600
1,91200
3,151300
23,631000
45,1516100
5,297700
6,283500
6,226700
6,216100
26,696000
59,1622700
1628,1776800
41,1117600
3,126100
9,305800
3,125900
6,230400
851,1746600
71,317500
23,657900
6,236500
6,234300
93,886500
7,282700
13,406600
139,521000
208,748900
5,215300
28,813600
200,561700
2,138600
18,595000
10,305100
26,845000
1,90300
59,1912100
2,120900
1,103200
15,555400
23,779900
4,180600
350,1323400
113,1409400
2,103900
1,79200
11,341200
3,123200
839,1499200
17,498700
648,1401900
3,190800
38,1107600
1367,1120000
1,102400
166,1436800
3,139600
28,840400
3,134100
1,102600
1,76100
3,126200
2,98600
27,724900
3,134200
7,232200
1,82900
57,1615200
13,389300
41,1113700
1123,1040500
49,1501000
1,76600
5,173700
38,1061300
3,140100
143,673000
5,173400
101,1272400
8,316100
187,287200
3,166400
1,149300
2,149000
2,154600
581,1115100
18,720600
7,274500
72,379300
4,153100
1,74900
13,454900
250,317500
1023,1580300
1,81200
4,151800
4,168800
10,304900
1,83400
3,132100
6,238100
171,1346100
182,1665300
1494,1339800
3,138900
11,360200
47,1258200
10,360500
10,299800
5,177300
3,123800
618,2074700
213,897700
11,494800
2,198800
271,897100
14,405500
4,157700
1,114000
118,1531200
77,582900
1,74500
3,129200
1,79400
29,985800
15,463500
2,101000
3,125500
46,1394200
5,200000
5,186900
69,287400
1,73700
4,213300
2,132900
407,1354400
73,428800
4,174400
1,88000
21,627600
70,290300
107,1385800
22,864800
4,154700
1,71900
2,125000
5,183300
3,121300
1,71300
26,742900
1,71300
15,492300
3,136800
20,588300
4,148000
1,117900
11,351200
4,182300
33,858600
1,68800
4,149100
1,98500
2,100300
1,72400
51,1342100
18,516200
3,145800
15,437400
9,274300
13,393000
3,121800
1,71500
15,471100
55,1467300
14,419600
4,145000
7,246700
36,976600
7,228300
1,69900
90,866400
40,1056900
32,890900
961,1605200
31,961400
40,1096200
1,73400
19,571900
7,225500
6,198900
2,98300
34,963500
9,271600
184,1806500
21,656700
4,186300
15,432100
2,132000
3,121800
1,72700
5,167900
20,766000
9,398100
133,375700
1,115700
2,111000
17,534600
43,1215100
7,255800
3,185700
156,971100
3,144300
6,239700
222,1074700
2,97500
3,138500
2121,2235500
2,112500
7,253700
3,120000
8,241800
1,80000
4,146300
6,201300
190,330800
8,250000
31,854600
1,70300
5,185000
49,1371200
3,128800
3,142700
1,101100
508,736700
169,1390800
533,1383400
905,1621300
203,649600
1,71500
1,102400
41,1117800
8,242900
2,94500
5,190000
142,609900
1,75600
12,339900
5,168400
76,490400
2,103800
82,695700
72,358000
1,71100
428,1850600
72,434300
15,425200
13,364500
17,491900
3,149000
1,86900
1,68900
7,261100
13,363900
107,1317900
11,325600
4,147600
2,105000
2,115700
2,114800
57,1709800
2,103800
10,352500
8,303800
10,298200
2,111800
1,71000
5,172000
1,70600
361,1646300
7,281400
6,270800
1,96800
105,1245500
25,905400
6,229900
11,337500
1,102200
33,1086200
189,277800
8,260200
54,1512100
1,80400
10,366700
39,1038300
299,1606400
86,810100
852,1948700
2,106300
8,256600
191,301300
30,901400
1,76400
62,96500
3,136800
4,202100
4,148300
1,71000
5,192900
166,1453700
9,339800
1,81000
3,149000
1,72500
29,847900
1,174400
17,550700
6,219800
1346,2239600
796,2021400
33,920800
8,283800
2,118100
23,680100
145,675200
3,137500
8,269300
13,408500
638,960800
19,564800
389,743500
1,71700
6,232900
4,181500
18,511700
1,99500
3,127200
1,71000
7,249500
86,764100
1,74000
87,749600
336,1063800
41,1137400
1,77900
2,96400
93,907600
668,1722100
2,102600
1,84600
13,451700
14,432300
4,148400
79,509900
841,1523100
14,414000
9,306800
1684,1601900
15,478800
12,351600
1,137600
246,2126100
616,2225200
193,411400
9,359600
38,1031700
1,72100
5,180100
5,195200
99,1086600
2,103900
1,73200
6,237700
58,1560400
1,71500
12,347000
7,241800
551,1818100
7,256000
8,248700
2,96600
7,218400
26,799800
5,178800
15,518200
93,988900
43,1280700
204,747500
9,401600
97,978300
12,347900
226,1440300
444,621000
5,244100
1,102900
6,225100
3,125400
3,125600
328,741000
3,131100
6,260000
2146,2918700
3,158500
10,328600
38,1052900
4,159300
18,520600
1,70500
30,803600
16,472600
328,715800
1,71500
13,392100
18,636200
12,359000
74,405900
7,220000
23,647000
3,121300
6,194100
4,152900
41,1403000
1,92300
4,172200
11,372400
5,180100
1,73700
2,169800
15,438800
1079,1777200
99,1080600
27,751700
8,269800
3,122800
8,255700
11,335100
1,70000
3,134400
196,438200
3,131600
59,1556200
35,1134800
317,488900
5,219700
14,427000
15,417500
29,832600
39,1065600
1484,2622300
1,80800
154,996000
4,151000
28,789200
31,884100
1,79800
447,895900
9,354100
3,151000
20,634400
3,259100
9,306800
54,1523300
2,114900
29,787400
6,194500
17,526900
1,76200
2,121900
1,72100
22,661000
44,1285900
62,97100
12,361100
9,299500
34,931800
21,665200
1,94000
2,108200
4,168100
974,1947200
2,105000
4,153000
32,899100
1,71500
11,330600
1,75400
26,740800
1855,2796700
3,174700
18,633100
3,125900
2,100900
10,315600
3,125100
6,204700
18,517200
2,135800
30,843700
176,1562700
11,398700
22,709300
3,127100
62,83600
128,296700
2,110000
123,1700400
5,195100
2,100000
37,1361500
1,84900
36,1091600
5,185500
3,162500
5,183300
17,512400
15,455800
22,623500
8,308900
153,957500
22,601600
4,150900
4,195600
47,1268300
5,197700
139,547600
96,931200
1,78400
6,196600
41,1188300
1,79300
205,690300
1,72700
2,102200
50,1327700
23,650200
4,158700
369,2013900
470,1394500
5,178200
7,222200
4,176400
31,873300
59,1536500
6,251100
3,144600
5,173700
2,95900
210,953700
35,936100
83,659100
14,410100
1,69800
15,429600
11,342200
2,97900
67,216400
11,319300
2,96100
151,1079600
5,228200
2,124900
7,285000
1,88700
9,355500
231,1659300
149,1005200
6,246100
1,86700
10,378000
5,249400
2,122500
9,358900
422,1619800
10,377300
10,367800
4,159200
17,480100
2,100400
7,284200
20,613900
15,452000
9,443600
9,305400
1,78300
10,315500
7,231000
30,868100
11,370200
1,73400
47,1248400
12,373500
153,855300
1,78600
3,123700
17,506900
49,1512400
1,100900
11,423000
515,1156600
1,80100
1,74900
1770,2472600
2,135700
4,164900
39,1052300
3,124900
8,258500
3,142200
62,102600
2,134800
78,516600
24,648700
1,84300
23,748600
39,1137700
27,775900
19,521500
12,385800
4,173100
931,719500
1,72900
378,556900
16,494800
1,71900
2,110200
10,289100
41,1199700
1,72200
159,1048000
4,147000
1,68700
3,125000
13,361600
11,430800
207,1082100
1,88800
966,2177200
7,285700
14,499400
5,215700
3,151300
1,89600
4,187300
1,88400
2,152700
2,109000
44,1155100
1120,1058100
1,79900
403,1197300
27,756200
1,73200
7,276200
1,78700
109,1266400
31,884700
62,88000
4,168700
77,493600
6,199700
4,169800
24,671100
42,1181200
1,96000
5,179300
141,776900
8,281100
3,128300
6,208800
10,356200
13,377600
185,1731800
17,468000
22,625600
3,125900
119,1558500
11,395100
4,223800
62,87300
98,1016000
1499,1373000
11,359400
657,1665400
6,204200
313,393900
3,162900
19,559500
2,98200
2,96500
1,72100
12,359300
4,206000
49,1441500
6,317000
1,104300
1,102600
4,233400
4,210200
1,72300
13,531700
7,267900
8,273300
16,457500
3,127000
5,171900
5,293000
2,106300
35,1330000
17,577500
8,284800
79,531600
12,441900
2,125500
1,87800
26,789900
37,1384000
172,1387600
1,146500
9,361700
7,294300
37,1078000
2,112700
8,307200
1,73100
7,224700
77,536200
3,142400
21,735000
15,427600
21,723200
64,178800
74,448500
3,128000
4,157000
1,71100
10,315600
8,263100
1,92000
141,593100
45,1236000
41,1221900
2,130400
2,104900
107,1570600
1,84700
17,481700
47,1340600
8,273200
159,1093500
6,209500
20,552200
179,1574100
1,78100
3,137300
1,82600
69,264600
4,158900
3,156800
6,197400
3,122000
22,592700
45,14071000
4,179400
33,913300
21,623500
15,487400
591,1404900
3,135200
3,146300
27,711400
2,96900
19,555300
73,437400
30,866000
1,71200
18,523600
6,199700
3,123000
8,253700
24,685400
293,1409100
293,1416600
6,262100
189,253200
2,104400
46,1303900
5,307600
1,130100
5,181100
7,225100
30,900600
3,129800
11,323500
1,73500
2,97800
27,833400
261,563200
5,175800
1,71200
65,252700
629,792600
6,203500
100,1066900
3,131100
3,157200
14,400900
16,446800
13,403400
6,207400
5,200500
50,1309700
1,70700
16,488600
10,305600
105,1184200
4,145400
3,126400
4,153600
30,867600
49,1307100
2,99200
2,97300
46,1249700
3,123500
1,70300
2,115700
6,241200
22,597900
7,220700
7,245500
5,174100
1,70900
6,269300
12,451500
7,290700
23,845300
21,656600
5,178500
5,174900
10,294000
7,260200
37,987000
264,666700
7,247900
106,1232500
12,367800
24,655700
777,1447400
4,160200
4,165000
10,319400
6,196800
3,134400
150,781200
11,376900
2,102600
20,564500
7,238100
12,357200
178,1511400
19,545000
42,1106100
71,326000
11,312300
155,925200
13,404400
22,821300
13,479900
25,771900
47,1268300
8,280200
2,101800
5,183500
9,310200
1,74400
289,1481900
14,513300
1,81000
1,72100
1,98500
13,481300
4,157100
7,237400
31,890900
1,76400
94,924700
24,746200
394,896900
113,1794600
6,262300
5,215000
12,446400
36,1185400
7,300100
1,86600
13,449700
4,222700
49,1508900
9,347100
2,105300
11,345100
4,152500
14,423100
809,763100
23,673100
4,172700
1,69500
3,122400
19,558000
12,365700
8,255300
14,423600
1,70400
3,117000
7,215600
94,958200
63,112300
2,95100
133,383100
44,1190300
3,124100
13,370600
481,1596200
10,462100
3,163500
6,252100
21,739800
1061,1256500
4,192200
34,1153100
4,206200
14,443300
6,227900
9,284800
6,198000
30,846700
582,1169900
9,297300
9,274600
3,129100
2,106500
11,352200
2132,2308200
45,1307100
120,1660200
25,703200
7,223600
1,82000
147,814600
2,123400
32,838500
9,367400
11,422200
1,88200
20,690500
1,111800
1,74300
15,878500
6,239400
3,134600
2,106000
6,203000
1601,2727800
56,1912800
204,634300
1222,2148900
24,672700
1,69800
3,118500
3,139900
2,100000
37,1110300
246,1906000
4,162000
124,175000
4,178800
94,1054100
1,73300
9,271700
11,329400
30,860800
243,1711800
1,82900
7,232700
8,304800
1,71200
5,201800
25,666700
48,1349500
34,955100
336,918500
21,821800
49,1674900
3,141700
3,145900
592,1315200
8,289800
23,628700
4,155900
78,550200
7,230500
2,97500
2,96600
38,999000
113,1434700
2,110100
462,1103100
9,441700
459,1010400
1784,2842600
10,330100
15,444600
262,604900
8,254000
113,1422900
9,313300
2,107400
34,927200
61,1908600
33,1110200
22,648300
2,114700
8,246200
134,564800
7,224200
55,1840500
38,1049100
1,71300
15,464300
125,166000
17,471100
3,122900
2,126100
34,921600
24,687800
17,570400
14,521800
1,91000
4,184900
1,87700
25,863100
8,311800
34,1103300
20,579400
466,1390000
1,83900
3,129200
99,1239100
5,240700
1,91300
4,180400
2,129500
2,103700
270,974400
35,966400
119,1788500
7,628000
67,241900
29,983600
10,325400
258,556600
2,99800
2,121800
140,625000
7,241300
143,642400
6,231300
27,848300
8,297200
3,124500
163,1408600
7,232200
190,299100
3,158100
4,148900
49,1304000
5,183000
205,717800
119,1581900
5,177900
33,896700
8,275400
1,79300
48,1382800
58,1794500
1,100800
2,144600
2,138400
26,875300
3,155700
26,759000
6,240000
614,1982700
5,207200
1,92200
78,560400
26,728900
3,126400
647,1294700
88,770600
638,996600
2,126500
2,118200
13,413900
127,210300
131,336000
3,211200
13,548300
14,516300
4,193800
39,1491100
25,754900
252,347900
21,1034200
1,125200
1623,2042600
2,123800
378,503700
3,126500
2,142500
1018,1414500
4,149900
8,439400
35,1067900
30,917500
23,656100
1,73600
26,808200
1,88800
12,352400
3,125000
13,382600
14,428900
5,236600
5,283200
55,1668400
1,74400
1,77700
167,1670500
67,330900
678,2181800
16,454800
1,84100
1,71100
63,144300
1,81200
300,1667100
16,541700
33,924300
39,1217700
83,644300
80,640400
156,980200
5,186400
6,255200
36,1012900
1,75100
3,137400
10,331300
615,2174000
31,994300
76,545100
1,130200
31,885900
417,1497200
2,112300
1,95000
222,1097900
8,277700
24,676200
10,304100
12,358700
1,71600
18,523700
231,1484900
41,1202700
1,74900
1,72500
20,620300
66,281500
568,719200
77,484100
52,1438100
1,81800
782,1780400
656,1446200
1,79100
22,799300
4,158800
254,437400
15,615400
7,281300
2,123700
14,434400
27,941300
6,218800
4,153600
9,294500
20,614700
3,126800
259,598300
1,74700
32,948300
6,239600
14,420500
1,75000
3,125800
6,200200
90,993400
1,93400
3,135200
5,183900
3,151500
1,92800
16,613200
6,205200
8,252600
75,469100
30,903900
1365,1622200
447,850200
269,871300
6,228900
4,160800
12,394100
56,1609500
23,699200
1,79200
485,1754300
5,180400
98,1338700
10,309900
7,308200
47,1645300
1,77000
3,131100
14,444500
4,151200
2,99100
1,72300
3,150800
5,233200
5,255200
32,922900
14,449700
9,356100
3,173600
104,1559200
2,106000
4,151400
2,98600
48,1377100
1,78400
5,177900
1,72200
314,370500
76,473600
2,122600
3,136500
1,93100
103,1371700
939,925800
4,168900
4,157400
26,730800
1,69900
57,1629800
2,114600
1,101500
10,399100
6,233100
55,1609700
2,112000
1,88700
156,1048100
17,535300
4,162400
1,73500
3,127800
7,224500
4,170500
7,280800
7,247000
20,904800
84,798000
50,1426700
84,835800
146,805600
8,273200
1591,2361000
269,937600
57,1594600
5,177300
24,1030500
4,226800
3,181900
2,129300
49,1841500
48,1555900
16,555200
5,378900
14,538000
6,264600
6,247700
992,841200
237,1607900
1,76300
19,549200
331,841700
3,125500
8,257600
168,1369200
2,105600
286,1287800
1,83500
10,310700
26,848700
80,838200
4,176700
5,204400
2,118600
1,72900
70,370900
4,160700
62,89700
2,146700
1,77600
1,85000
1,83300
1,78100
92,974800
5,185900
2,109400
360,1868600
4,243100
16,641100
1,93200
5,222800
1,92000
3,165800
14,562800
257,597100
17,608000
8,305500
2,118100
20,696800
15,521300
1,75100
13,398200
3,121800
47,1316800
34,894200
7,368900
7,293900
10,382600
13,452900
8,324500
12,460000
7,324100
3,130000
1,71500
20,612500
6,276600
3,178400
1,73000
2,112200
1,86500
5,176100
12,359500
6,199400
1,74000
407,1508700
42,1337100
3,143500
1,84000
12,354000
12,350600
236,1880800
19,591500
2,104000
9,278800
1,86700
145,691500
11,317300
2,93900
204,661700
1,75100
1,71200
120,1758600
3,166700
6,251200
9,343900
118,1796000
60,1630800
13,397000
4,146600
3,124100
13,389600
1,77800
78,524400
44,1546100
7,242000
58,1640100
7,274500
665,1812600
1,77700
7,247200
34,932600
10,342900
25,860100
13,383200
5,177100
818,997300
1,72000
2,98500
6,205300
4,149500
36,985000
3,130000
8,289600
2,98000
1,70800
49,1401300
1390,1868700
1,84800
1180,1045900
23,859200
80,571000
1,81900
8,248700
26,977400
121,1655300
33,1224000
405,1546900
89,813400
4,153200
186,199400
1,73300
3,152600
2,148200
8,302100
3,126400
1,70200
189,263600
3,127300
3,122200
4,146700
20,612900
15,425200
9,278100
9,267300
16,501200
5,181300
5,171800
734,2035300
4,165300
3,157400
2,162700
5,239300
3,158100
98,1075500
10,364000
166,1191500
14,421900
23,652600
50,1386500
21,605300
73,454700
1,89400
6,228200
1,95400
3,164300
52,1515600
1,74000
36,991300
59,1555000
1,103200
178,1481300
2,129100
6,292700
27,731300
1,73200
42,1269800
2,102100
639,1089400
5,190000
28,765300
3,123800
45,1213000
11,316800
21,629500
3,166900
2,97400
271,805000
1,92600
28,827900
1,71900
3,121600
4,151100
1,70700
169,1624300
37,1128800
7,278600
7,256800
3,164500
2,108400
832,1329200
91,1030500
25,735100
6,245900
20,577500
24,658800
1,70800
2,96600
736,2047400
2,155700
3,129700
5,212800
1,105700
11,395400
150,830000
20,566500
7,230500
24,689400
3,123100
1,70400
6,227200
8,277100
30,825700
14,390500
58,1623000
4,151100
12,416500
3,125900
6,194400
3,153700
223,1162600
1,78300
22,629700
2,146200
5,188300
1039,2114200
3,142100
38,1018500
67,222600
9,385600
4,218600
27,990500
4,188000
1,88500
11,498600
13,385900
8,277700
51,1448800
11,488600
12,369800
238,1502200
1,90800
4,149100
1,84800
154,910700
5,172300
1,70100
173,1378800
40,1119800
367,1757000
117,1589400
3,183400
1,74600
28,810700
106,1578900
20,552600
391,943600
1285,2084800
4,156500
4,173400
2,98000
20,564600
9,327700
1,83900
1,69900
7,238100
15,450400
4,169300
13,434000
65,184400
9,271800
28,922900
3,124100
1,71100
165,1364500
4,154100
6,206600
607,1781500
4,187200
18,569600
328,729800
28,836900
75,539400
330,842400
3,141200
76,437300
3,125000
37,1015600
91,850200
137,472000
3,145100
9,329400
1748,1593100
164,1135600
4,147600
6,318100
65,262500
16,601900
2043,3276300
60,1601500
19,527400
10,450600
21,740600
111,1727100
114,1491200
2,113900
1,71900
19,515700
3,121200
4,146000
6,280700
30,831600
119,1562400
5,180000
43,1198600
38,998800
3,124900
20,588200
8,254300
2,96900
48,1290100
4,146700
2,97100
6,205100
23,711400
895,1382100
215,1122400
7,245700
4,174300
3,123600
2,98800
5,209500
2,112600
9,285000
2,98000
40,1139800
2,107800
11,319100
4,146500
20,618200
4,154400
1,71300
4,205700
24,750400
11,323200
3,148700
2,117400
3,149500
3,146300
1,91800
24,680700
18,537900
4,165100
43,1241900
37,1068900
85,683700
9,323600
1,71300
89,759100
13,393300
5,177300
24,671400
1,80400
29,846300
19,519500
9,521100
38,1169700
19,557000
58,1515900
7,234700
2,97100
10,365700
1,68900
1,68300
34,928600
6,248500
7,222500
1,70800
4,211400
1,97800
1,112000
456,1003100
1,101700
1,92400
1,90200
26,876900
4,153800
12,358400
5,219800
2,124100
31,858700
1,72700
6,192900
26,807600
2,103000
707,1263400
4,180800
26,681200
37,1064000
8,256400
22,665800
471,1330700
421,1651800
4,204500
58,1552200
13,402300
7,222200
7,221900
135,572900
15,553200
16,457300
193,410400
10,322300
44,1348500
4,152300
7,221700
2,96400
2,112800
1,102500
4,152300
1,69300
4,170400
27,808700
271,851300
1202,1765700
398,1136100
5,181400
9,483000
2,103500
1,75800
36,1063500
5,181100
22,632800
2,120500
17,526600
6,231900
21,572600
49,1379000
9,271300
4,143500
39,1222400
76,489600
4,182300
3,146900
33,942900
28,772900
4,188000
3,167500
4,157600
25,674400
106,1266700
20,582500
27,744000
1207,1707200
1,74800
3,118900
10,284600
11,462100
1981,3074500
2002,1855100
7,240500
21,603000
4,145300
20,560000
38,1008500
21,579800
499,467000
1669,2695000
4,240600
1,88100
507,850500
14,514700
114,1702100
3,153300
1,70100
4,153500
1,90900
7,221500
4,182000
2,129900
4,169800
356,1638400
14,467800
779,1599500
381,527900
32,862000
3,133800
1,69300
1,69600
2,109400
2,125900
1,70800
11,324400
6,190700
1,69000
10,294600
21,596100
19,525300
1,69700
630,814400
1,102000
6,248800
19,568900
3,123800
139,765100
4,189500
29,939500
61,1631500
9,299700
12,408500
24,702800
8,257400
239,1591700
31,868400
138,600700
1,120300
11,359000
4,154500
1,80300
31,837700
41,1099000
48,1308100
7,225600
131,302100
8,248500
4,235800
199,676700
87,761400
24,678900
1,73400
70,289700
138,505600
1,111700
3,146300
86,725600
427,1708700
6,195700
10,486700
8,364300
45,1360700
1,74600
3,128400
3,185400
2,98500
14,443800
70,307700
1,78700
4,172400
6,200400
6,218800
12,358300
210,839500
5,186700
41,1088300
1,75300
13,400000
354,1380800
21,563400
663,1619500
1,70800
477,1487600
6,201100
1,75400
2,105200
5,210900
5,174900
354,1473500
1,87300
22,1003000
1,106800
1,131700
5,226200
9,341600
5,184300
129,297200
5,178300
151,949400
41,1212500
4,220500
3,142000
3,125600
3,149400
6,197300
118,1607900
48,1240300
350,1347500
2,97800
277,959400
18,510800
24,655300
3,122800
17,550200
35,939900
111,1332500
13,377400
48,1410900
39,1167100
9,274300
37,1036000
32,853300
22,726800
1110,2824300
25,713800
10,300400
14,433000
11,445600
1,89200
2,113400
981,2190300
7,256200
1,73000
4,199500
2,102400
184,1796600
878,956900
2,108400
5,213300
15,515800
7,231100
6,199100
353,1383300
44,1239400
2,100100
151,811700
10,290600
1,77600
15,468600
1,71900
2,95500
3,136600
532,1315400
89,789200
2,98200
10,295700
42,1145400
5,173200
11,339000
3,155100
3,154800
3,152300
12,454800
14,507700
24,734100
3,120300
281,1070900
10,297000
3,393400
9,357900
3,160100
25,883400
103,1435700
31,1047800
1,101900
242,1927500
4,224800
144,666000
18,491900
18,500000
13,456800
25,651000
3,147900
59,1563200
3,120500
3,120400
12,381500
1,70500
2,95900
121,1938700
11,407100
48,1445300
2,103300
9,282800
6,218200
151,879600
1,73000
62,84000
57,1535100
5,179000
1,73100
79,576700
1,106600
178,1590900
3,134900
23,662500
39,1214700
4,166000
111,1356200
43,1382800
609,1866800
89,780600
142,643800
10,300500
201,674900
228,1277300
30,940600
1,118900
60,1787600
1,74700
46,1241100
642,1155900
6,258300
7,221200
2,99100
53,1431200
20,548800
5,195100
12,359300
153,1060400
38,998500
14,406400
35,893600
1,75500
1521,2446600
1,83800
7,230500
1,146000
363,1764100
19,575300
2,98900
25,699700
1,71800
3,138200
10,362000
2,98400
10,376900
2,101500
1,72400
98,993200
2,97900
1,70200
9,301700
237,1422400
5,167400
5,256700
56,1470900
41,1068600
101,1133500
328,700400
1,71700
1,70100
2,104300
12,523100
490,2180000
2,146500
1,70200
4,147900
23,793100
34,934900
61,2297600
1,100800
10,300800
15,420300
34,1000300
49,1803700
5,223100
270,881800
212,833900
4,195900
4,147300
1,69300
1,70900
9,304100
5,170700
2,101500
40,1098000
1,78100
5,174200
266,835700
11,399900
3,128500
5,207000
5,174400
4,149100
58,1551100
20,707900
6,233900
345,1220200
2,104100
6,235300
24,652900
1,76900
3,122300
12,407800
6,211000
8,275400
1,113300
2,163400
28,887700
181,2033200
59,1946800
6,249700
7,274100
3,160000
7,298100
3,158700
12,441800
16,533600
1,70100
5,224800
29,769300
95,1341900
4,177100
1614,1405600
12,368000
199,628700
1,84800
2,98900
36,1105100
67,232400
1,70600
22,634900
3,123000
26,777300
2,97600
6,211600
12,406200
46,1233700
4,182200
2,114900
10,320500
6,210600
13,368200
1,75700
4,147000
418,1464800
2,97500
32,1053500
172,1369600
30,795700
6,233800
183,1865900
19,635400
4,150800
4,148000
2,156200
3,189900
47,1311600
10,372900
54,1425000
131,338100
1,82900
19,514300
1,70800
93,1122500
2,135700
16,551000
9,340200
5,212600
7,280800
2,132800
8,315300
16,582000
1,82400
47,1334000
20,679500
3,127300
1,99800
6,212900
3,124200
3,132500
2,155700
1,79900
4,157500
2,116900
1,87800
1,72000
16,449700
6,243000
54,1627300
13,431900
3,924900
32,1012100
3,171800
3,125700
3,122600
3,122300
2,96900
207,811900
41,1137600
44,1178100
3,123100
72,362900
71,341600
196,430600
53,1394500
100,1047400
3,144000
7,249900
1,70000
6,192800
262,586700
18,529400
1459,2103600
27,853900
4,194800
5,179800
10,297700
1,73900
22,760300
1,107200
5,196500
1,72900
6,263300
9,273000
85,706000
28,733500
3,119700
1,68400
72,361400
5,180800
926,2140300
7,234100
9,340000
14,431700
6,207500
3,122900
4,147300
26,826700
9,297100
159,1058200
3,123100
2,124200
30,792400
1,70100
6,192400
221,1084700
445,643800
6,244700
3,130100
6,228000
1,78400
54,1692100
4,158700
2,98100
29,927700
3,133100
2,138600
5,177100
9,310700
38,1110800
40,1088700
742,2195100
82,601900
2,106500
5,227500
387,701700
24,738400
3,123900
10,356100
192,341500
5,182800
10,294400
6,195700
1,70700
4,161600
1,117700
2,109800
6,201100
1,70500
72,372200
390,755900
3,133700
33,887100
3,119500
4,146500
84,806000
36,1050600
1,71300
1494,1418000
2,101300
1,71500
3,122400
44,1243200
18,523200
2,136100
5,202100
3,124600
2,94200
245,1679800
4,149200
8,245800
3,122000
362,1569300
46,1291700
5,177900
1,72000
189,301700
34,912400
331,846500
1029,1716900
8,257900
987,2604700
19,581400
2,100000
673,1916400
17,498500
6,199000
4,200800
140,588200
34,901300
17,499500
100,1129900
12,342700
2,106800
2,96900
11,328500
3,138200
1830,2162700
1,101700
1,89000
306,1717800
29,818500
2,111500
2,100000
2,97400
3,122500
10,300300
1,112500
11,526100
135,531400
4,152400
1,73600
74,421600
281,1169300
8,309400
6,286200
3,156200
1,108600
183,1794500
1,81700
38,1222200
8,263600
1,71600
54,1446000
56,1477700
4,147200
3,127000
5,182300
15,417000
2,119300
1,83200
289,1428900
3,144700
1365,1227200
4,216500
6,210500
9,351700
1,74900
1,82900
2,95500
7,230600
16,442300
7,244600
1,176000
24,702500
60,1923100
31,940100
3,140500
12,375000
2,100200
1,71300
1,69100
1,71200
12,446500
1,82500
5,199600
5,186500
27,779700
15,585100
19,579500
50,1318800
9,312900
4,158100
8,252100
14,486000
283,1326500
25,748100
20,694700
265,764300
4,153100
1,68600
8,241900
672,2256600
3,127300
2,96200
1,94100
120,1645500
6,206100
186,188000
39,1110700
35,899000
19,742800
21,696700
1,80100
13,566200
1,105100
71,456500
290,1749200
40,1208400
797,1986900
1,76700
10,296800
22,693200
5,267300
2,131500
13,377200
47,1299100
8,242400
51,1343300
3,124000
7,221200
4,201100
2,103900
11,359600
5,186200
1,81700
7,247800
1,85000
197,592100
1,88600
73,381800
68,272000
114,1403200
1,71800
3,120000
3,121100
79,536100
15,418400
24,662500
3,120400
55,1538200
1,92500
4,183300
621,646900
8,253300
155,1056000
13,406100
5,172100
17,460500
125,159500
4,198700
6,285900
2122,2009500
677,2074800
16,523200
137,503600
8,264400
13,511800
11,369900
1,89300
4,149500
12,371700
119,1640900
603,1606500
4,163200
3,130200
5,203800
14,404800
46,1223000
3,145600
3,144100
28,749200
566,691800
3,163400
767,1199100
185,1772600
39,1262300
5,201100
4,238200
65,228400
5,177200
295,1518700
640,1028100
5,194700
1,72400
1,92200
6,196700
7,220200
22,593800
7,442500
254,572800
67,283300
13,553600
49,1332900
1,68800
9,324800
658,1461900
17,504100
5,173100
6,198400
2,98300
20,643400
32,1029900
2,104900
47,1329400
5,178700
12,349300
3,127300
8,265400
2,104800
3,122200
72,416600
4,149700
5,173600
24,653400
1,88000
3,127800
47,1223700
28,773300
1,72000
1,77100
2212,2880700
4,217200
95,1087600
7,255400
3,125500
1264,1535300
3,124500
11,322600
18,526500
1,70800
299,1725500
3,132000
7,246400
167,1484700
3,178100
1,90000
57,1598500
3,127600
24,653900
1,73000
1,73600
6,261600
650,1577800
1301,2708000
1,76200
8,319700
8,257000
1,94600
33,889500
2,98700
1,85300
2,110800
2,96600
1219,1940800
32,840400
1,101600
9,305700
90,1018200
3,128800
2,177100
41,1402100
46,1570800
7,284200
34,1160900
8,354600
19,553400
98,1001100
81,657300
1,78500
1,69600
1,78300
3,119900
4,146100
31,852300
3,122400
58,1740700
12,471300
23,789800
12,437600
65,225400
11,416100
45,1490600
1,88700
102,1483200
2,142700
1,88700
211,1115900
3,160200
11,417100
11,433300
2,120500
1,116800
83,786100
69,341600
576,1256100
22,714800
11,354600
38,1091900
12,355100
11,401000
21,605800
814,979300
56,1555600
1,75900
321,603400
22,613800
188,375300
148,783300
5,227800
9,352000
5,240300
1,77500
25,709000
18,502000
1,78400
7,291600
5,187500
1,93400
39,1008200
22,633700
4,152100
16,471100
1,70000
11,328000
3,123500
6,257400
4,167700
23,636500
2,95400
155,934500
1,109500
15,439500
119,1649100
10,316200
8,260400
1,111800
4,233900
1,78300
1,87400
2,100200
1,102800
82,607800
10,294800
24,701000
1094,1810400
138,538800
7,238800
7,253700
1,114200
425,1928100
9,280600
91,827300
5,226300
2,101100
1400,1915400
65,178400
886,1114400
15,601200
29,771300
3,121900
91,889700
8,249200
2,105500
8,243300
2,94600
156,1043700
18,509200
19,573600
4,156000
70,321800
31,885000
38,1171000
8,283800
1,81600
23,781200
161,1249500
8,299400
4,151300
369,2161800
85,742800
462,1081600
1,74100
6,220000
3,124600
539,1483600
4,153900
149,771100
6,299300
68,336800
1,89100
9,338300
69,301400
26,827100
4,156900
11,356200
30,941300
13,389600
6,208600
3,124700
258,502700
5,211400
2,110500
14,404100
2,98600
38,1135100
3,157600
4,168600
3,127200
24,667800
54,1479400
2,104200
6,275300
64,168000
5,204900
2,122700
1,83100
2,102900
2,101500
22,610600
5,184700
69,288600
1,94100
127,220300
709,1275800
364,1768900
5,252600
477,2050800
7,302000
29,1008700
1,149700
1,82900
12,359400
39,1146500
3,131400
33,1065800
3,467900
90,1404800
1,87500
355,1597300
4,160900
13,421300
1,74500
2,102300
181,1862700
4,182100
1,74600
78,541600
131,326700
161,1244100
13,411400
4,145700
3,152800
1,93200
21,617300
3,124600
4,172400
5,182500
6,199100
66,198800
8,261300
57,1843900
4,210100
4,242000
12,506200
17,478100
356,2168100
1,93800
109,1577400
12,518600
1,97500
50,1808800
29,1002000
34,950700
5,177800
113,1540000
14,443600
1742,1625900
2,114300
4,155200
1,80000
1,73000
13,465900
10,393100
2,111700
3,151600
2,99700
77,484600
160,1186900
19,536800
2,102900
1,72700
3,146100
1114,2538300
1,79800
7,229000
5,177100
5,257000
15,475000
1,81200
1,74200
2,99600
313,375000
11,352600
4,207400
3,132800
622,641900
1,75100
406,1218000
115,1472900
191,362200
13,491000
3,123900
2,108300
6,197100
2,109600
3,122400
2,120400
801,2151500
117,1539800
1,74300
3,124000
10,369200
12,373400
1,72100
8,282200
17,497200
208,769400
6,246300
1,70400
2,94000
61,1582400
1,78100
52,1347900
97,925400
13,380200
4,186900
152,821700
57,1543400
128,295300
6,199600
1,112700
27,822300
1,74900
3,127100
20,569700
1,108400
27,748200
1552,1284500
3,131600
404,1142200
3,130400
1,71400
6,197800
3,125000
7,244000
233,1442600
9,346300
10,444100
85,689800
57,1856400
9,280800
539,1654200
19,542200
16,551900
14,398300
3,141900
16,540900
315,425500
1,78100
8,271400
230,1420900
252,360400
6,252000
1260,1561400
2,99500
15,522100
502,555100
2328,2783100
10,324700
570,818800
60,1600400
807,671800
4,160300
73,370200
6,237500
13,429500
1,82700
1,72100
105,1180200
17,572300
4,260400
1,74600
2,98400
1,70600
279,1131000
42,1270500
2,111600
22,643500
117,1779200
42,1373300
1,81600
3,129600
86,745900
25,885300
5,184500
147,743600
106,1226800
1,96000
6,233400
6,196700
31,842500
4,148400
13,400800
12,382000
240,1528600
4,153100
8,405900
2,97900
1,74100
3,119400
13,409200
15,444900
4,145200
2,100000
98,1077500
7,227100
20,671800
23,670500
130,500300
1,73300
199,653600
42,1159900
11,399500
18,771600
229,1329800
1,155500
19,567200
1,72900
2,105000
3,124100
5,178800
3,124900
29,806600
19,540800
31,804900
5,193500
1,75700
11,347600
3,155200
1,515000
2,164500
189,298100
3,125700
1,75900
36,1198200
1,77700
11,323500
6,256900
2,99700
26,714200
5,238200
84,805100
21,567100
1175,2878800
3,138500
20,579100
222,1330700
50,1371900
20,581200
3,131600
50,1346900
40,1071400
3,122200
8,256900
5,188100
1,75200
39,1047100
77,479200
1,83900
690,787700
87,754500
12,369600
136,459800
4,145700
19,540100
1,78400
2,119300
275,886700
40,1105700
3,145700
2,96000
10,300000
4,197900
131,348200
626,860400
46,1323200
1,93600
608,1774900
222,1148600
3,126500
1,75900
102,1113300
187,226900
9,276600
10,293900
133,356900
4,173400
2,113900
3,121700
1,91500
1,71200
5,171900
3,135300
7,225000
4,147200
18,578100
288,1241400
9,281200
1,82600
324,623800
1,70100
1,69300
1,68600
1,74000
1961,2517800
12,366200
249,232600
144,718200
37,1002600
65,190600
99,1159500
1,74000
288,1805200
30,1121200
31,944300
3,129900
6,207200
43,1204300
5,180900
43,1234500
7,288500
6,239800
2,100900
1,79900
39,1076600
6,265200
980,2126300
311,306200
8,252600
20,858200
12,402700
115,1591600
3,137400
1,74700
69,275300
5,175800
4,225000
1,86100
1,87200
8,310600
16,472700
4,180900
1,90000
3,128500
1,87100
3,130100
91,1097200
2,105100
1,70000
3,124400
2,97400
8,290800
31,911100
6,204100
8,251300
6,240100
8,267100
17,525600
2,100000
13,382700
89,926700
3,141800
1,78000
60,1687300
5,192300
9,286900
23,788900
24,714200
4,154400
100,1350900
80,593900
1,82500
12,390600
1,73800
8,275000
3,134500
4,153600
17,475900
56,1629200
1,79100
2,97300
15,509600
2,135100
3,160500
6,247100
45,1320000
2,199900
62,197700
8,308300
222,1111600
1133,1396900
17,518300
5,197800
8,337800
217,1115300
2,116000
2,106400
269,770100
64,139500
5,205900
45,1732600
21,658500
23,765600
3,138000
8,282100
4,175500
2,100800
42,1148500
12,377100
1,74000
2727,3698600
1,141900
1,74300
1,83900
2,179300
38,1103700
313,384600
413,1522700
3,127900
8,265000
2,106200
1,78400
50,1378700
1,73700
2,115400
3,125400
3,143700
619,2334400
15,548200
3,172400
3,152500
2,99500
172,1611900
3,170300
1,98400
73,406000
1,73400
7,246000
25,725800
92,1188000
79,596900
255,459000
775,1659800
3,131800
10,327400
863,2278200
2,154600
17,629400
1,90900
8,346800
2,154100
587,1247400
3,133000
14,544600
32,1026300
3,135900
8,314400
1335,2150100
35,1001100
6,207400
10,610000
12,595700
1,112700
72,491100
47,1390600
15,462200
1,77600
3,125300
15,449200
9,283900
11,376200
16,486100
3,125400
1,72600
160,1164800
17,569800
12,362900
125,161700
37,1116900
8,278400
21,649500
10,312900
1,102600
39,1427600
78,583000
159,1196900
4,169800
1,97300
5,198900
69,344500
9,361100
14,508100
6,202800
2,112600
1,83900
1043,2399400
4,192700
14,478500
198,514400
1,72500
3,225200
168,1593600
14,489100
3,129300
266,727700
6,283400
2,120600
2,111700
1,109200
133,391000
5,179800
3,136800
1,72900
3,129300
26,728100
11,469700
9,302000
2,496400
14,572800
10,382000
3,131600
50,1532200
353,11400700
1,92500
24,874900
4,215900
1668,3287900
100,1090300
3,129000
1,74700
28,790400
1,98600
4,156100
1,72300
61,1612400
2,110000
38,1003400
1139,1465600
16,452900
1,78300
1,72900
1,76100
2,99600
1,74300
6,312600
21,647200
3,127600
1,98500
25,816900
1,106200
1,143900
84,749900
2,101300
78,600400
7,388100
313,416100
348,1430700
97,1187400
91,1190100
637,1032900
35,1348200
7,430900
14,742000
90,988100
4,162800
18,517200
9,419900
7,242200
5,218900
21,619600
9,313000
442,833800
1,100600
5,236500
527,1343400
1,80600
30,868600
3,128900
1,72400
4,177800
1,71600
4,155300
316,494800
484,1758900
15,485200
1,78800
3,143600
8,271500
250,312000
1,96500
1,72000
1,96400
207,694600
2,104900
3,135600
3,154900
16,650700
22,775200
5,220000
1,91200
5,278800
10,311900
473,1429900
1,88200
35,1141800
1,78400
9,524700
915,2025700
31,858100
75,462300
1,79100
10,296400
27,733900
3,123000
1,70000
5,218900
572,911800
20,710600
181,1612400
7,226600
3,121700
12,338300
61,1991100
48,1309700
5,222800
91,930500
13,432800
156,1029100
74,391900
8,338200
3,160700
1,88200
7,289100
1,88500
1,102500
1,87700
484,2031900
9,344500
21,799600
14,537000
163,1691200
10,388600
8,265000
7,225400
94,994600
98,1028700
11,388300
2,117500
1,74300
1,88600
1,87600
164,1211600
3,144400
3,123300
2,96100
128,301300
58,1541300
21,605200
3,125700
22,667600
6,197600
23,673200
1,95100
4,177100
995,820200
5,175300
44,1505500
13,592500
12,415300
684,696300
6,238200
1,73400
22,704900
7,251200
3,126200
1287,2271600
1,78500
9,301500
60,1725600
2,97900
1,70100
12,351500
4,145500
658,1430900
1,98900
1,93400
6,207900
15,442100
3,121000
52,1351200
1,83000
5,196800
6,196700
3,122500
6,198600
6,199500
20,630800
4,176700
11,358800
6,205300
1,72900
3,127500
3,133300
204,785900
16,499100
1,73700
1,72600
2,108000
110,1409300
8,317400
17,624400
190,332400
60,1601200
1042,2032600
1,134700
1,91000
108,1328300
5,212300
5,196700
48,1275200
140,575600
2,111600
67,212700
1,70200
1,74600
20,602800
9,305500
18,489700
329,832500
272,860800
13,454600
10,344500
2,115500
13,372900
28,885200
6,200700
44,1352100
3,358800
17,686300
2,109600
1,74800
1,72400
18,704100
98,1070100
1,75000
88,788400
107,1249300
60,1582700
1,89900
29,844500
2,130200
246,1840400
2,98700
3,136900
38,1123900
2,107500
9,274800
2,122700
44,1256600
9,352400
80,766800
478,1588800
1,74400
14,433800
3,125900
972,1921400
10,298400
1,137900
1,99300
3,139600
8,290100
15,434400
43,1329700
8,265700
3,128600
2,120900
153,990200
301,1589300
12,378200
18,498700
2,98700
23,696000
77,469700
1,79500
14,415400
3,128600
4,184100
7,262300
5,200900
84,646800
3,124000
2,119500
127,204400
28,778600
3,129600
4,150100
163,1140500
495,2151900
1,82200
8,372300
1,97700
194,542200
1,91900
4,196300
2,127200
6,289000
3,233400
1,78900
110,1323600
314,418200
38,1399400
121,1653700
1,74100
196,550300
29,771600
4,149400
2009,2196900
33,896200
73,506200
15,514000
269,900300
7,259100
1,108600
34,1069900
4,174200
1007,1226400
1,132700
2,110800
3,124300
1,90400
23,739700
3,163300
3,124300
87,746900
1,73000
384,616700
366,1690800
8,245900
4,148300
1,70300
68,304200
1,77500
8,297200
52,1696700
7,227500
3,121400
25,716300
32,874600
1,73500
27,775800
4,192300
7,225200
5,170900
1,70800
94,939600
1,97800
613,1989400
71,335800
64,147000
48,1346800
2,102100
926,2287000
47,1373500
5,180000
1315,1367500
2,107000
3,132700
2,95500
3,127000
5,176300
67,215600
13,529800
1,91200
1,89400
281,1438600
4,190200
1,87100
231,1528100
80,550100
3,122900
3,173400
30,1031900
14,463100
20,616900
7,232200
12,343900
24,766300
3,126400
2,99100
306,2039600
543,1666000
1,77600
147,945500
89,1026100
1,76700
21,607800
2,110600
8,246500
16,509800
6,272300
103,1123100
3,151000
21,663100
5,179000
9,282900
777,1423100
188,233500
34,1044300
2,104100
5,196800
1102,2284100
13,434600
15,435900
9,286900
54,1453700
224,1178100
5,172800
495,2126800
2,105600
10,341200
52,1732600
354,1556400
15,427600
124,152700
50,1410400
25,1108100
1,95300
505,725500
21,609600
129,286600
17,471300
1,95600
2,102200
62,92800
1,72400
7,255000
1,78900
4,147300
91,830900
55,1463200
42,1112200
15,566200
146,713100
1,72400
191,332300
1,70800
1,120100
4,172700
1,75200
25,690200
3,122800
782,1598300
16,448500
1,71900
242,1687100
1,76400
8,250200
3,124300
11,368800
2,99800
12,382700
7,252800
96,1187300
245,1770800
1,99500
1,98000
4,210700
3,193900
1150,1862300
2,106000
70,289800
21,594200
4,219200
6,293400
348,1294200
2,102900
45,1174800
1,87900
3,169700
529,1606300
2,122300
5,213900
56,1703900
9,345800
4,181200
3,155500
1,90000
2,120100
3,152700
24,872500
5,217400
6,437900
820,1166500
1302,1017700
23,615900
14,477600
33,891400
3,124600
3,121600
6,282300
5,224900
2,177300
1,90500
38,1233100
45,1168500
44,1256900
611,1881200
35,1127600
5,179000
3,145100
1,72100
9,266900
2,115800
5,186800
353,1618300
7,359000
3,195600
5,204700
31,1013300
12,370400
2,97800
2,97300
9,292200
72,348900
153,917000
1,89000
96,945500
475,1478500
17,566900
10,325600
4,157700
9,291800
8,255900
34,1000600
19,685600
9,356100
15,534600
16,597700
1,90800
32,1061000
7,274500
72,449800
4,205000
161,1345300
12,398400
42,1462600
3,193400
38,989200
31,911900
1436,1390500
94,920000
5,181200
5,172900
6,240000
7,228800
696,867000
14,454000
66,188100
8,248800
513,837500
5,188200
34,899200
5,179500
2,104700
199,514700
12,376100
14,385900
101,1215700
3,133100
34,1091800
5,180400
2,97700
17,464500
31,1087600
382,603800
51,1446700
57,1604400
2,102800
64,144900
115,1734900
2,102000
2,119800
1,101200
4,167200
1060,1000300
9,327800
4,187800
3,155000
1182,1333200
8,321500
7,304500
468,1551800
1209,2135200
24,821100
1,93000
87,922200
9,351000
1,89300
1,88500
22,826800
22,815800
14,499100
57,1887700
2,121100
9,349600
4,184900
14,515900
98,1254800
5,216200
122,2014300
1,102200
3,192300
7,250700
655,1536300
43,1170300
20,630800
2,121800
7,217600
1,68100
1,81500
3,125600
106,1438800
7,385500
48,1370400
4,185100
1431,1278600
16,551900
247,1905400
16,435700
3,118700
26,738000
3,163900
72,481200
7,308800
14,385600
3,118800
14,439700
6,260500
1,91100
1,78000
3,121900
12,351600
9,271000
1,70700
24,783100
1,109600
141,758600
39,1319900
4,184900
190,362000
49,1396600
1,76000
39,1313300
14,578900
1,173400
7,313400
1132,1566800
9,314600
3,135600
41,1208000
2,107000
123,1727100
15,622800
381,605500
1465,2478600
13,496100
7,301300
2,129400
665,2018800
2,142700
8,317400
1,93300
45,1388100
12,427200
1,71500
6,199300
4,153900
1,70700
64,147100
12,427800
232,1378000
5,207900
8,351400
1,87000
3,133600
183,2139800
3,121100
1,72700
3,159700
1,87500
1,69100
8,323100
1106,2123400
589,1273100
1,77900
1,69000
4,166400
4,143800
1,76300
59,1849500
24,804000
1,108400
4,185200
32,865800
6,263700
283,1285400
14,412800
104,1191700
1,73700
3,162400
2,99400
1,69300
1,70900
7,232600
6,200600
3,145800
8,250300
7,257900
47,1215600
4,159100
3,188400
54,1540100
3,142800
4,167700
170,1709100
592,1400400
1,134600
2,126900
26,913300
2,122300
78,627500
1,103300
21,747900
93,1290100
6,235900
11,366200
5,189000
270,792700
15,449300
1,78400
12,388200
2,98000
31,827500
58,1523900
2,99700
434,372600
102,1144000
4,160600
6,219600
19,570000
22,589600
4,149000
11,365500
1,71700
6,216000
14,420200
1,69900
4,150000
16,434100
3,149500
86,728000
325,633800
6,192700
27,835400
197,478500
14,481100
1,86800
227,1317500
131,376700
539,1518700
4,270300
1,107800
1,95300
4,189300
21,637100
3,126900
1,73200
76,520300
51,1373600
40,1180200
10,322200
7,267300
2,98600
9,329500
30,945400
68,243900
1,99400
9,273700
1003,1184400
10,307000
72,341800
8,257300
7,242500
234,1379300
20,602400
298,1577600
16,498800
1,70300
1,73100
1,73900
1,72900
74,415800
1333,2051700
188,271100
39,1147000
1,87600
93,989800
1,86400
7,286600
33,983800
44,1288000
9,363400
11,381200
4,229400
29,831900
18,578100
4,190000
1,79400
173,1417900
327,794500
1,72200
7,219000
13,400300
14,511400
36,1096100
11,434200
6,226800
1,105800
1,73600
6,207700
100,1104300
3,132800
3,182600
3,172300
13,417500
1,69800
429,1788700
58,1564500
117,1542700
25,708400
16,489100
5,192400
65,198300
6,201400
28,743800
12,361700
30,835800
1,70300
1,68300
1,70300
12,374800
31,913800
4,149400
12,355800
45,1279000
1,101600
57,1584800
4,154500
2,103500
11,324300
138,514900
5,192700
446,686600
1,69600
8,248200
161,1156000
3,124200
269,791100
1,82200
1,78100
3,140700
4,144900
7,225800
2,99700
4,144600
2,97100
232,1364000
2,98100
3,132300
9,272600
1,92800
11,345000
404,1185500
25,720600
1,97600
10,299000
6,243300
3,125100
6,222700
50,1444600
555,2331200
119,1591900
32,903600
12,380700
2,98800
22,797500
15,523200
149,956400
15,481700
8,250100
4,152200
35,1056900
324,635100
5,175500
15,573000
11,364500
3,130700
1,82100
2,98700
210,831100
54,1910700
48,1292200
93,989500
9,414200
3,154300
3,130500
97,1052200
8,275000
2,123700
6,199900
149,781900
10,318800
89,819300
13,385600
6,194600
4,193700
29,854900
12,346200
3,121200
38,1054800
467,1247500
511,933600
83,637100
16,537100
2,96300
17,464200
2,96500
3,141300
6,195800
29,937000
23,639900
7,254700
8,284500
4,196500
3,155900
1,74300
1,71900
11,319000
18,509200
4,180900
5,173800
1,69900
4,325700
3,174600
9,436900
15,454100
204,700600
2,175900
35,987500
6,197800
48,1327600
1,70300
1,81000
71,357900
2,104900
4,162300
32,1087100
98,1122400
43,1133300
14,450400
6,254300
4,143600
1,69400
1075,1474200
13,381700
3,119600
142,722100
2,103600
1,68900
29,755200
607,2287400
1,82500
2,239000
1,117200
218,1417400
1,84800
1,114600
11,329000
5,177300
1,70500
22,660600
2,141300
2,124200
2,104100
9,284300
94,914500
1,85300
44,1157200
21,583000
6,225700
117,1648300
13,473100
83,885600
6,205800
14,424600
5,175200
794,1916800
374,359300
3,132100
250,319700
39,1107500
1,96800
11,364400
7,309600
2,177800
4,167200
467,1450200
484,1750000
177,1644500
637,947700
123,1626900
22,629000
2,95200
5,171200
190,297400
27,761100
75,435900
1063,1100400
176,1435500
229,1276200
11,339000
1,79300
2,121900
25,675000
10,477900
61,1759800
105,1328800
20,565500
2,127000
29,819100
8,252900
4,147200
55,1458700
120,1688900
5,178000
1,69800
405,1235700
88,737000
5,173100
3,143500
49,1297600
10,312600
58,1524600
34,925000
4,156100
260,598200
208,754500
1,72400
4,161600
2,96600
7,229800
8,268300
4,147600
763,1130200
7,267800
100,1156900
14,537900
3,130200
4,144800
1,69800
12,388900
1,87200
2,119500
5,209200
19,544800
128,254200
1,71600
19,549500
3,138500
8,260400
515,881200
190,276800
28,793500
20,534000
1,73400
1,68900
56,1500800
6,210000
1,70700
33,923300
62,99900
15,427700
1,72300
2,96000
36,1131600
12,382700
6,201400
991,2433400
29,838100
391,848300
14,449700
27,761100
39,1351300
1,93200
220,1299400
34,896300
3,131700
260,622300
20,727800
5,170400
12,336400
33,1010200
1231,2320500
3,151700
3,132100
4,161300
1,73300
17,503500
5,173700
21,570800
1,101600
14,530300
19,682000
121,2062600
12,442500
16,611900
10,374500
2,120000
3,197700
171,1315100
20,570600
744,584000
1,73300
8,242900
11,315000
1,69200
13,513200
1,105600
11,436000
976,2175800
9,280500
17,486500
1191,1601700
262,705100
7,230600
51,1469500
11,354300
1,71900
141,572200
1,75600
8,268700
5,187500
3,124700
13,462200
1,77300
163,1189500
2,131900
46,1248000
2,108600
12,451700
11,336700
267,740800
32,963000
24,731400
854,1881800
1,92400
3,125700
1,78300
1,84300
35,1040700
1,77200
21,597000
1,70600
9,345900
77,556000
13,382900
1,92300
809,831200
2,124400
247,1894200
48,1373200
8,278300
1,73300
6,221000
4,148500
1,88900
4,144600
5,168500
84,810500
1,104300
41,1287900
17,508600
49,1352500
19,549000
62,96400
8,262200
8,268900
63,151700
4,179100
13,374900
14,411200
13,395400
7,244900
5,213100
6,209900
10,329200
11,327200
23,719800
12,369800
4,305300
1,72100
12,374400
2,100400
52,1479800
3,126800
756,986600
54,1482400
10,374700
7,222900
19,530300
10,333800
40,1097400
19,546300
65,193400
4,191300
579,983300
149,865400
10,306700
3,123300
30,830500
3,152800
13,386900
22,601900
1,83400
10,290300
432,1978600
14,480000
963,1739700
2,132200
2,110700
101,1173900
26,755500
3,251100
4,186100
3,167000
40,1074300
4,283900
4,164300
7,238400
9,299400
1,75700
1,69700
3,127700
43,1231200
36,1020700
436,559100
13,486600
140,773700
1,172300
70,339400
5,207100
674,1969500
8,279000
1,73900
28,1007000
4,205400
14,409100
3,127900
270,892300
1,80600
10,370200
68,321200
27,903400
2,99400
81,610600
1746,1623500
2,109900
1,90500
4,152100
7,312300
34,1119700
233,1454700
117,1618400
18,623300
7,275900
123,2165800
54,1898300
8,362700
1,93600
20,722800
19,630400
2,130100
1,75300
190,339400
3,126500
14,521400
20,577400
1,73800
1,93400
9,286300
34,930000
7,293900
7,253500
3,146100
4,153800
44,1396500
2,101400
3,123200
13,587900
3,178600
7,319200
24,921900
11,348800
4,168800
13,377500
1057,1060600
48,1466100
2,118300
1,78700
13,450500
1,74000
20,552000
14,476300
6,301900
1,83600
1,84400
85,710700
2,157200
18,630000
65,218500
33,1070800
1,74400
1,80500
34,950100
6,201200
3,185700
124,165100
13,414200
635,982000
7,269800
1,77200
11,362400
18,499600
1,74000
7,238500
2,107600
1,127800
3,206100
34,986900
17,651200
20,996600
75,725100
5,350000
4,234300
1,100400
75,750400
2,173200
5,318600
3,201000
311,474700
10,489900
1,95100
9,348500
90,1035300
7,340700
3,152900
12,434300
5,226200
66,249300
1,124000
302,1748900
1,95600
6,226100
11,349500
34,931300
5,176100
125,200900
94,933300
186,181500
1,85700
13,371000
2,94700
17,459800
28,926100
1154,2459000
3,161000
20,757000
44,1506600
4,244100
32,942300
67,468600
3,152400
7,225400
8,277100
874,951700
420,1706600
4,182800
30,821200
17,652100
1,76100
185,1735700
4,177600
8,270100
8,248500
37,1054500
1,84900
5,174400
9,313700
1,85100
311,344700
1,71800
1,70300
3,202400
9,282500
2010,2218800
177,1625200
253,361600
16,612100
4,177000
792,1982300
1,81800
51,1521100
1216,2244200
402,1233000
22,609600
1,73500
325,756600
134,421900
1,73100
414,1652200
1,71400
19,574700
495,2453700
1,90800
101,1642900
6,297400
11,370800
3,126300
400,1181400
231,1456700
1,84800
6,204700
1,71100
1,83100
11,323500
2,98100
83,742000
20,587700
750,844600
6,248000
2,106900
582,1158000
1,99500
876,871000
4,200800
4,161000
52,1421900
1,81300
33,952000
180,1886500
2,103600
3,122900
2,96300
10,431800
27,829600
14,410100
32,950000
4,149900
5,173100
37,1036300
4,168300
4,148000
6,196300
29,792000
1,78200
6,213800
1,97500
30,836700
1733,3013800
2,112500
1,71800
30,860800
15,416000
154,918600
1,99700
1,72700
14,404000
3,140800
2,96900
5,172100
25,739100
1,78300
5,169700
12,341900
56,1613300
1,83900
1,99600
22,625600
80,563700
3,124200
2,97400
6,236900
13,385700
4,148400
2,95700
33,916100
2,97900
8,274800
9,309700
3,124900
1,95400
62,86100
3,124100
34,1004300
787,1723100
3,130800
102,1106500
8,315900
124,181200
4,150400
1,70600
11,323200
9,271000
114,1409400
1,70400
21,642600
349,1292900
3,129800
42,1110600
65,163000
2,104700
29,919000
4,247700
34,1083000
97,1302300
190,398700
2,131200
5,253100
2,121900
400,1347200
19,677200
1,123600
1044,2706200
169,1585900
1,97000
30,1010200
18,583600
6,195200
1,70500
221,1112200
1,74700
6,196000
25,662500
1,71600
1,89300
1,71900
9,364900
1311,1282500
13,532400
1,95500
133,460300
2,123500
484,2536200
3,143000
54,1518900
2,123900
7,237000
12,370700
1,86000
189,263400
3,144400
32,870300
8,257000
1,88000
4,154600
68,259200
1,92100
7,234100
182,1694600
11,338500
2,122400
546,1752300
10,358500
10,337000
1,71800
2,110200
522,1075800
12,408500
6,221100
6,228600
14,398300
723,1725400
1,82500
2,98300
13,412200
5,177100
2,115500
56,1454700
3,121700
15,435200
9,311700
227,1196600
517,1025400
5,173500
5,173100
12,379000
43,1169500
7,219800
4,164700
2640,3097100
2,184100
1,93000
3,144600
1,71100
8,254200
95,1110300
260,567600
58,1577400
12,348200
2,96800
1353,2430100
17,475900
1,79900
7,218600
55,1521200
2,100800
5,266600
18,537200
90,804700
4,169100
1,124100
21,668400
147,737900
51,1401500
2,98700
4,164900
82,593800
3,156100
17,527100
4,290100
13,457700
2,106400
1,77900
55,1670700
3,160300
14,467200
22,593000
87,866700
54,1488200
605,1986100
14,409000
4,174400
1,84800
3,185200
130,315100
62,93200
291,1381900
12,399800
8,274500
27,753600
18,574200
486,1802600
13,407000
2,111200
1617,1570300
15,435100
862,2250400
94,969100
48,1308400
19,587400
1,87400
4,166100
3,147400
48,1256300
1,88700
2,114700
3,160300
3,122600
1,70900
961,1551800
5,199600
66,184400
46,1235600
14,386700
3,118200
4,142600
9,316800
28,791400
1,82800
136,459800
810,829300
367,1991700
3,177700
9,347700
53,1678100
5,197300
30,794000
12,416300
1,88900
10,335200
16,459900
28,764000
54,1402900
2,97000
1,71300
73,403000
5,176500
7,259700
1,75300
38,993600
1,92100
1,72900
31,844100
108,1396300
109,1407900
2,101900
238,1654000
405,1287500
14,513200
1,75300
96,995500
5,215800
1,74100
10,397900
107,1310900
8,277400
10,303200
870,877300
1,141700
23,667500
1,84100
33,1007400
4,209400
2,97800
1,71300
5,192300
123,1869500
23,713500
50,1424600
6,217500
48,1336500
4,149100
287,1523000
255,461500
10,363300
18,532200
119,1590200
457,990900
1893,2703700
112,1531600
12,342000
6,200100
36,1167100
7,232000
2,98600
1171,2562500
18,489200
2,104600
84,913800
3,142000
8,255700
1,73200
28,986200
386,710900
4,202300
13,376200
1445,1681900
17,520000
1,77500
3,123800
36,1313100
29,1007500
1,100400
168,1596100
12,454600
131,410100
3,157500
366,1766600
8,278200
74,396600
9,293600
8,381900
30,853700
1,75700
447,809200
14,556000
70,318500
11,333600
9,364700
3,123400
2,106900
929,2307800
20,569400
1,72100
203,669000
15,486500
1,80300
4,168500
4,148000
7,244100
897,1503400
15,470300
2402,3285900
3,134900
6,196600
11,335600
1,83700
2,115300
3,150900
17,468700
64,144600
3,133700
20,595800
17,559300
2,106100
154,1182900
5,280800
1,138200
1488,1239200
2,112400
83,619000
19,599100
3,150400
112,1471100
6,203500
5,175200
1,71600
1,72300
15,477600
8,279400
57,1611200
3,126100
6,224700
322,673600
3,124800
141,603000
41,1175100
2,96500
1,78500
11,441500
1,116500
12,441400
5,212200
14,430800
2,121000
5,257600
111,1357200
105,1267000
3,130800
28,860900
73,517700
190,275800
22,706600
2,111800
1,72400
1,75300
13,450900
8,253200
1,75400
8,282700
6,282500
2,116400
1486,2624900
42,1320100
22,674800
2,110600
9,285400
8,273900
37,1146700
33,1145500
330,1049300
8,320900
114,1573200
6,254000
45,1348300
4,155100
232,1501700
1720,2823000
3,139400
28,771100
1,74500
5,186100
11,349500
6,198300
11,323600
15,494300
2,115200
62,103100
16,478000
16,442100
287,1359900
2,110000
48,1319300
169,1284000
97,983400
19,788600
1,98100
1,95300
1,73700
6,229600
4,151500
1,70100
210,1010400
47,1366400
75,458600
4,182900
35,983200
1,92200
1,82000
4,149900
396,961200
4,175600
19,565100
4,149700
13,364100
49,1316200
10,305500
1,69700
4,148300
1331,1824500
7,231700
12,356000
106,1365200
1,138900
23,649200
16,496600
37,1240300
1,81300
18,523000
14,442000
29,883900
68,252700
43,1237600
69,302600
1,73400
43,1198100
121,1578800
51,1400300
2,117100
41,1372200
71,384700
65,195600
5,200100
1,73200
1,72200
1,79100
30,925400
58,1596200
6,229100
1,72900
15,424900
4,162600
10,427400
22,805800
1,94200
65,230100
1,97300
5,255900
7,250800
61,1680000
3,161300
37,973400
2,100800
74,455100
8,267900
1,71500
1,71700
94,1159100
1,85300
4,166800
28,760600
948,1273700
197,563800
350,1360900
11,432700
128,330300
55,1509500
11,356000
1,83100
4,149200
58,1581500
8,288900
163,1461300
6,226500
27,850000
9,309300
1502,1597500
1,76900
1,72300
30,820400
72,392500
6,197700
156,992600
11,337300
91,856100
1,90300
2,99500
68,279000
28,783200
1,86400
1,85000
15,447300
6,318200
1,77000
6,203100
5,173500
1,72200
59,1678000
1,97900
15,464200
8,253400
625,692600
169,1779900
20,593600
53,1617900
7,229900
213,888200
3,143500
3,161400
4,174800
9,301300
13,384300
1,84400
470,1335700
336,979700
199,590800
14,395100
19,578100
10,332300
3,130000
1372,1507500
1,90500
19,672500
12,545300
44,1508500
1,88500
2,132800
253,483100
67,285400
41,1428400
486,1830500
1,99300
225,1282900
4,187900
5,183500
143,627900
3,123000
23,653900
19,543200
2,113300
7,249500
5,172500
241,1603200
185,1709000
8,245500
7,257100
5,172400
20,587200
48,1286500
94,881300
4,167800
1126,1181700
444,709700
29,789000
13,474400
3,145900
1,141300
3,140900
91,871700
1,86800
1,72800
14,435900
8,295100
722,1540100
27,800900
48,1314600
1,70800
19,555300
3,123900
4,147900
1,78900
7,233500
3,122300
765,1259000
1,75600
1,71900
3,124800
155,1018100
12,349600
5,187400
4,144900
2,94500
1,68300
1,83200
36,1117000
6,202900
6,214200
182,1840400
4,183500
39,1062200
166,1308600
3,126000
1,72400
1,71200
16,531700
231,1824000
92,866900
4,147400
499,597300
2,111700
59,1557300
6,216700
1187,1188800
86,750000
3,125200
2,97400
25,798000
3,127100
1,78700
10,299800
3,178700
13,455500
1,87300
9,323300
41,1099100
6,200800
5,243400
3,151300
2,97100
19,760100
91,946400
5,234300
9,281200
14,445000
1432,1341500
202,656000
1,101600
26,701000
48,1298700
17,491700
8,321800
189,272200
9,271400
1102,2030800
12,431800
4,182000
1022,1755700
22,621800
139,550300
26,768500
19,523200
48,1544200
5,175100
2,94500
10,384400
266,753800
45,1290400
181,1755200
11,323200
1,69500
3,133800
31,1047900
1,87300
10,382500
482,1940900
3,157300
42,1397800
1,158800
5,227100
1,88500
4,186100
678,2394900
15,421900
884,1267700
16,731300
1,86400
2,107100
304,2024000
62,117200
4,166200
30,827100
12,363800
1,88900
13,482500
2,117000
474,1606200
2,127000
7,241300
1,71100
27,785400
121,1832000
1,74400
159,1069700
11,332000
24,658600
73,394100
2,98300
10,298000
16,450200
1,71200
146,726300
176,1874100
86,963900
28,804900
4,174800
34,982700
254,406100
1,71900
141,555500
300,1740800
4,168700
5,235800
2,105400
506,690700
25,687700
51,1356900
1,72500
12,538600
2,132300
2,116600
10,355500
1,112700
327,1224500
716,1467800
3,133600
3,122100
7,220100
4,175200
494,1926900
1,97600
1,87500
1819,2657800
1,109200
1,77600
68,318000
27,773500
8,253700
3,132900
129,294800
39,1122300
1,73000
19,584000
4,155800
12,365900
5,172400
30,881100
15,448200
414,1495100
18,541100
1,72800
165,1213500
10,358900
2,143200
4,375200
69,389100
4,229800
12,784300
2,168400
329,792800
8,263900
29,1089900
3,215800
4,209600
9,338200
662,1692600
5,202600
5,174800
292,1388800
8,270000
2,105500
6,199200
3,163700
43,1212600
41,1150300
2,122900
3,133700
3,133400
9,269300
132,341200
293,1491100
6,197200
1,77500
45,1375800
12,449800
5,213400
1,73500
1,82500
1,70500
3,127200
70,355800
1,71100
3,140600
66,280700
1,79700
143,676000
722,1610200
18,497500
1,121100
7,223600
5,175600
1,87500
4,166100
248,222100
312,306300
2,97000
4,201400
18,533300
220,1083000
39,1085800
14,422500
39,1063600
7,223700
248,244500
7,226200
19,550100
3,143100
1,70700
4,177500
176,1762700
2,116300
1,87000
9,276200
134,405800
17,647100
66,253300
3,126900
4,165600
6,227800
133,395100
51,1451300
40,1234000
8,259700
9,273400
199,598200
68,302700
7,228000
2,109000
584,1350300
2,126800
3,167300
5,216300
16,573600
590,1384900
35,948700
1,72800
1,89400
60,1650700
63,130500
4,248100
2,124000
2,107300
12,448500
1,73000
1224,2351300
14,509400
10,324500
4,157400
1,89500
6,211700
2226,3443300
4,157400
4,149500
18,598200
1,83800
2,116500
2,110200
9,329700
1,89200
10,346100
11,363100
25,743600
4,150900
3,121900
12,377200
72,381600
987,2260500
1,72500
4,189100
11,345600
9,361700
48,1468100
2,101000
38,1200500
7,236700
2,106100
1,89100
1,89600
1,71800
5,175700
24,662400
1,104000
3,150600
2,101300
2,120000
1,111400
50,1552300
401,1033700
2,149100
10,368000
8,251600
16,469400
1,71600
11,343200
1,71500
7,269100
1,70500
2,107900
3,150000
12,359100
25,724200
1,98800
6,201200
98,1035000
4,154400
10,321500
13,371400
17,491700
1,72400
4,147500
21,601000
4,148800
988,2354200
45,1569500
22,686200
16,511100
1,72800
5,171800
1,70100
6,229300
2,213300
13,550900
1,90400
52,1491200
69,288200
2,98700
5,175900
1,73500
3,209900
5,180400
15,444000
1,73900
5,175800
14,420700
336,950500
949,1249000
22,679900
3,125200
3,124100
2,157800
17,634700
1,81900
10,307600
9,277300
6,206000
71,401500
17,520300
117,1766500
39,1199200
7,291300
3,159600
1,81500
13,410300
47,1431500
55,1527800
1923,1846800
2,158000
1,77400
2,104700
21,590500
4,159900
1,73400
22,726200
48,1308700
1488,1219700
2,105200
1,105900
44,1304500
2,102500
6,197600
45,1287800
86,12664300
1459,2332300
2,124100
9,288600
3,182300
3,143200
2,143800
2,103300
82,643400
488,1967200
3,129100
3,126100
10,380900
28,857400
2,99700
21,734100
49,1279500
3,137500
27,773100
3,124500
15,419300
72,365200
254,402600
10,333600
50,1285300
10,291800
16,470500
2,113900
8,239900
9,267300
168,1317900
3,131100
3,128000
25,748700
68,256100
3,142400
4,156800
47,1505000
7,242500
5,179400
42,1225600
3,124600
662,1642000
70,293100
20,575900
27,726100
9,268800
3,127200
12,363800
6,199700
3,147800
24,642700
681,2287800
10,326700
4,151400
3,131100
1,72600
42,1234100
2,126900
34,950400
2,107300
661,1927000
51,1603100
52,1388100
110,1424600
6,199200
9,268700
58,1575800
1,73600
3,144300
65,177300
107,1235900
3,125900
6,198800
178,1504200
14,420300
2,97400
7,221600
865,2444700
593,1388800
370,1867900
1,82400
2,170100
14,434600
144,662400
12,353700
465,1256700
3,140200
15,467300
57,1525000
38,1026500
2,98100
5,214500
2,120900
256,422400
8,260900
15,443700
113,1442200
4,148600
4,164900
2,97600
1,70600
94,947900
1,75500
8,248700
4,147800
65,184200
3,137900
8,257100
3,141100
11,357800
3,136800
5,175900
6,195800
37,1237800
14,422800
169,1335800
21,573800
11,427200
75,448500
2,101200
201,584500
61,1590200
598,1566700
1,79200
3,123100
1,75500
243,1791500
9,306600
629,769400
20,620400
166,1205200
9,344300
23,668400
12,348500
56,1870400
3500,3662600
7,237200
38,1122400
7,228400
1,83300
1,84100
5,204400
2,133300
1,107400
4,161600
7,250700
7,227500
8,246700
17,590000
4,157300
12,381800
2,129200
1,71900
215,997000
53,1448000
4,149100
9,312300
3,122800
86,685300
6,301000
52,1388600
5,235400
1,79900
3,214600
8,273300
10,301200
3,124700
2,117700
458,1097000
18,514700
17,717700
1,100100
33,994400
96,1176300
3,156100
297,1623000
145,784300
147,762200
465,1285300
20,552800
146,850000
8,266900
2,99400
1,72100
1,71400
197,657800
65,199200
1,89400
2,97800
419,1826400
171,1507000
1,87900
3,144300
117,1613300
177,1487400
2427,2058300
153,1069800
17,614400
13,463300
390,811100
335,1095600
8,258200
4,148800
4,158800
5,236800
13,502400
2,121300
10,399300
7,276600
2,110100
43,1161800
1,70400
9,292100
4,148800
2,109400
3,156500
3,129700
1,72100
2,96700
30,1060000
1,122000
7,267400
287,1547700
