25664
4632953
3586462700
22,9208900
2,115700
4,152500
1,78300
63,132900
2,99500
229,1349600
1,72300
5,173900
252,336600
2,97900
67,217600
147,746300
8,253500
2,115500
50,1296600
2,109700
26,736500
2676,2215800
12,388600
4927,4255000
25,783300
1,80900
5357,5109600
77,533600
2,99500
2,103400
2,94600
3,119500
8,238500
5,207700
4,202800
2,128900
4,159200
110,1324900
4,164900
11,328900
3,122000
13,368400
40,1128400
5,176200
2,96600
2,116800
23,672000
528,1271700
31,862200
22,750200
95,1006900
15,558700
10,368700
35,993700
70,337600
1,170600
12,436100
1,89600
24,645300
249,327000
6,259200
1,74700
2,100600
83,671500
1,74800
359,1548000
1,71000
6,271100
8,263700
2,119000
4,155100
68,246700
16,519600
4,168200
562,627700
10,310500
11,321100
7,255800
36,1032500
32,884600
21,564900
200,545600
1,86500
6,230300
4,222400
226,1328900
41,1108500
3,184900
28,799300
1,74700
1,72500
33,970900
17,501000
2,102600
27,745500
6,220800
29,797600
116,1492800
1,71400
19,607400
11,348200
6,224000
9,313500
15,487000
156,989200
8,250300
35,968900
98,1096800
2,108500
14,539300
72,499200
3232,2703900
2,116500
4,160000
1,70900
5,176400
4,157100
274,969100
531,1484300
20,732200
47,1427900
43,1118200
8,313100
32,867200
8,257600
9,290000
44,1190400
12,354800
32,949400
3,190100
68,367700
2,102300
2,98800
7,263700
163,1215900
24,882900
1,76600
1,72100
181,1700800
4,155600
15,433200
3,138500
3,123700
9,300500
1212,1917400
2,107400
182,1758900
2,109300
4,151900
54,1507800
14,481000
172,1431600
9,310700
74,390900
44,1214600
9,283400
52,1599000
84,695500
1,71800
3,123100
12,385400
121,1621700
12,365600
371,1831700
30,1080900
28,771800
2,106400
5,212200
66,201900
42,1184300
348,1267900
4,182900
76,475700
1,71900
484,1635400
945,1185200
108,1468700
3,155200
46,1264700
60,1649100
3,132900
5,210300
47,1256100
9,295200
29,778900
1,69900
2999,2914100
12,475900
1915,3307500
57,1906100
3,155500
257,709800
29,908100
3,163300
2,123800
832,1439800
36,998000
8,287600
189,328100
3,166900
5,175000
17,467500
1,71400
1,77200
79,585700
2,124600
1949,2170000
127,234900
1,88700
5,172600
7,258500
1,69800
48,1257000
9,382400
11,356200
2,96300
2,125800
9,380300
139,540500
10,321200
2,105700
6,198700
10,432700
2,105300
84,695200
26,763200
5,197900
34,936800
155,1045700
1,81600
4,148700
64,153100
6,201800
25,695600
6,209200
3,127700
1,102600
2,129200
38,1081400
2,109100
2225,3348900
4,245900
2,121400
9,300400
48,1354800
883,1158900
4,200100
34,899800
59,1543300
4,172500
1,73500
42,1188800
27,782700
168,1278700
2,99300
2,97100
32,959600
8,266700
19,610200
7,272400
1,74000
1,82600
1,87500
26,695100
76,550200
2,102300
3,130000
7,283900
22,606600
2,98100
6,243500
4,149800
3,150700
32,875500
6,198800
20,584900
8,246700
33,923900
36,966000
1,71900
22,640500
4,150100
39,1075200
110,1677000
8,491800
51,2125500
4,226400
2,152800
30,1282400
28,1183600
322,732400
7,327500
501,610100
11,351400
24,697300
44,1200700
3,171200
393,825300
66,193700
13,390700
14,403500
3,139600
12,351100
151,842000
2,99300
1056,880600
15,426100
3347,3967300
706,1379100
15,450800
4,159400
9,297300
1,72900
106,1315100
1059,990200
60,1876900
5,256400
2,118300
87,760700
5,202200
42,1225100
10,296600
3,121500
113,1449800
36,1167100
9,303200
573,846200
12,462200
1,98300
1410,2306900
38,1077100
3,126100
234,1449100
2,131700
38,1105100
1,81900
1126,1232800
8,253000
110,1423100
151,841000
1,72900
2,144600
17,509500
5,174900
16,455500
6,223200
1,72000
11,361200
4,159400
8,253700
4,153100
8,247200
270,1044300
4,166700
725,1761000
100,1089700
2,104300
9,297800
3,170800
1,74400
752,787100
6,230600
4,162300
1,75100
110,1357900
18,581400
2,99900
1,68300
3,120200
11,355000
6,199800
54,1696200
11,337100
129,386500
241,1780700
22,635100
2759,2936400
4,222500
357,1595700
1,91700
10,300100
4,163500
1,69900
7,226600
2,109300
1,86300
457,1041100
46,1308900
17,516700
2,145100
15,426600
78,569700
20,598500
58,1628200
2,104300
12,352500
21,611500
7,224600
31,944700
7,259600
1,71900
3,135900
66,215100
32,933000
4,144600
5,169300
95,1120800
246,1809900
104,1247800
4488,3996700
8,257400
72,368700
2734,2151800
6,220400
2,95500
2,95300
2197,2320700
76,683900
411,1434700
5,194300
8,249100
2,99600
38,1108700
5,219600
8,254500
9,290300
6,215900
2,99400
1,101200
2,218300
7,278400
19,558000
38,1077100
94,909200
9,295700
21,615700
42,1140500
26,887200
5,191900
6,200100
66,214000
1927,1587000
10,320200
7,258800
17,497100
37,1065100
1,94000
15,512200
4,148200
7,223100
7,220400
134,491800
2852,2506600
11,392600
2,101600
13,516200
1896,2968000
1,93300
3,210600
4,194100
1,89400
4,186800
226,1541400
23,863000
6,320200
219,1093300
36,1051200
37,968000
260,630700
12,359100
27,733300
465,1138900
118,1711500
2,131400
8,306300
4,173400
27,863600
80,545600
8,338300
5,209500
3,129500
1,72800
80,608100
4,164400
6,198300
110,1345300
92,875000
4,163500
248,267300
1,74500
1,69600
86,693700
47,1352100
8,256300
93,934600
310,255000
2,110300
3,139100
9,273000
18,546600
2,120800
13,387500
8,248500
3124,3140500
1886,2216400
37,1105800
161,1127100
580,1059100
1228,2264000
21,633700
109,1372300
606,1874800
22,681800
3,129800
2,117900
39,1472600
1,78900
22,658600
15,446000
14,405000
2287,3261700
1,79000
118,1561500
6,198200
30,952200
9,360400
601,1973200
8,311800
2,119400
10,380600
7,316000
2,125300
2,109200
9,350800
22,646100
22,684500
55,1682400
781,1894000
99,1097900
126,219700
2,96900
766,1122500
917,1945000
554,1886000
1,70800
1,81100
9,268500
1,85400
34,993500
11,337600
69,273000
65,162700
836,1397200
48,1315100
4,160400
45,1172600
19,572700
14,588200
35,1031200
4,165000
3,133500
546,1722900
6,197200
2,95200
9,264700
9,287100
7,233000
171,1333900
37,1037800
29,796300
12,367200
3,163300
22,601500
4,150400
8,259800
3,133700
260,555500
15,414300
69,271700
1,68700
10,316000
3,132100
1,91300
265,875800
42,1163000
2,102800
5,181700
35,934700
23,654800
4,147900
2002,2061300
1,84200
6,217400
4,147800
423,1699100
21,634000
44,1204500
966,1657500
28,841400
224,1221800
4,181600
19,561000
1155,1981200
138,532200
14,475300
155,984500
2,102900
8,341400
6,216600
43,1273600
2,131400
342,1492000
5,198600
42,1169700
4,151000
2,111800
57,1564400
4,150200
57,1592100
1,109700
3,134300
17,495600
2,104800
631,975300
9,301200
8,249900
260,585700
62,92500
2,121400
22,669800
18,492300
6,253100
5,208700
29,878200
4,150400
3,126800
2,138600
351,1408800
112,1541000
9,310300
200,586100
87,873400
668,1840300
13,435900
1,71000
1,71200
168,1320900
5,172300
1,75600
1,69900
59,1693400
146,789800
2,129400
2,108500
156,919500
26,1242800
7,283400
2,146000
8,318700
2,131200
11,407600
38,1271700
6,248700
8,333100
39,1462300
642,1447000
9,360900
3,194600
18,525200
1,76200
3,130300
4,213800
476,1805800
13,412100
10,303400
277,1009200
4,162800
5,196100
67,218600
3,135800
524,1153000
12,351200
21,589100
2546,2011300
4,156400
98,1046100
14,450700
29,776400
81,596900
2,210400
2,130300
13,376800
4,146600
1,70700
4,146000
2,94500
1,70400
1,79900
19,595400
3,160900
2,99100
2,118000
1513,1914800
8,261500
7,263700
148,967300
15,437300
1,119400
1,75100
141,654400
3,130700
2,117700
34,997900
1,126100
232,1407600
3,128200
183,2051400
1216,2071400
21,643400
1,70100
161,1354600
4803,4575000
12,420800
7,256200
11,466800
7,309600
15,446600
64,171200
3,135700
411,1364500
7,234900
41,1405400
3,149100
7,222800
33,943500
29,813700
298,1651300
17,552000
72,457300
61,1948800
6,209900
2,104500
3,154400
617,2206400
9,305700
2,127600
2,100400
3,137800
29,770400
10,331400
1,78900
2,99300
7,218500
917,2021900
24,787500
4,155200
13,397100
1922,1513600
268,886400
24,728600
1,74900
18,736300
11,372400
103,1499700
4,164600
12,367200
187,200500
462,1426500
1,75000
1369,1426100
4,150800
7,231200
2,96400
58,1786800
1,72800
4,147100
17,603200
10,360000
41,1191700
1099,2406900
2,128200
25,931400
6,279600
100,1360200
3,193900
2,97800
2,115500
2,99300
2,250100
194,547900
74,576200
219,1091000
3,152100
662,1712900
1,98400
46,1281800
3,238900
1998,2160500
1,90300
1,76200
409,1424700
89,798600
6,200900
12,366200
26,757700
2,127100
662,1723400
40,1523600
2,111500
6,248400
3,157000
120,2073100
364,2318200
240,2193300
174,1838500
6,203300
17,602300
11,346300
228,1332200
20,540800
11,398400
14,419200
586,1208100
4987,5034400
1,86600
24,672900
5,196900
2,112100
145,686100
7,219500
852,1798200
20,829400
36,1104900
47,1239800
9,365500
60,1608300
1,103400
7,253200
54,1544200
22,644600
7,230100
1,73100
2,99000
14,556900
562,756700
2,134200
3,154300
405,1500300
25,859300
3,149100
17,595800
8,318200
196,567900
1,96900
1764,2574700
2,136100
34,978100
23,657600
23,691800
150,845000
13,455400
3,124200
1,75400
15,432800
6,212400
98,1123600
2,98400
385,719700
42,1472500
4,162200
1,72100
467,1299600
2,101200
32,996700
6,294300
21,752000
1148,2140000
11,421000
5,215800
1,73300
5,177100
28,931100
1,94800
58,1625300
23,685800
3,168200
33,945100
8,265800
2,98300
2,119100
42,1107000
27,760100
31,954400
26,915600
563,906700
13,485300
112,1541800
3,126400
48,1391300
6,272400
2,99500
4,148400
16,570700
150,1106800
2,112200
236,1533000
19,680800
5,234300
12,355400
1,72000
14,425400
72,365200
13,377300
2680,2317700
13,639500
877,974500
5,214100
1,84300
5,201400
4,148000
2,96300
136,431100
2,97200
54,1524400
4,154400
49,1368100
77,621900
2,115000
653,1380300
4,152700
25,779000
16,474300
4,207000
2,101200
2,100400
8,339700
5,187300
13,367600
1,69700
36,1059900
10,294400
1,70400
10,332900
2,96800
1737,1422000
3,197100
14,479100
4,145800
19,773400
42,1159300
2,114900
30,953900
5,186400
4,175700
65,204200
1,132100
212,883300
495,1923300
11,324700
23,710000
3,180300
1731,3326400
7,302600
19,622200
85,730400
2,100900
37,1092100
1,76600
125,166500
3,125100
1,72600
6,200900
3,124600
8,278600
12,457300
28,760100
4,165000
377,492400
105,1185400
12,369800
11,319600
8,290900
75,418800
5,170200
12,356700
22,645600
10,301800
2,108900
2,99700
62,81700
69,294800
2,113700
16,472800
52,1353000
1,72300
2,136600
65,186200
2,97600
15,436600
7,219800
186,189900
17,568200
3,126200
3,122700
43,1196200
201,640100
33,987500
169,1461300
32,928700
688,1036400
16,589400
2619,2839400
7,250200
688,787700
92,904600
14,518900
314,379500
11,322300
5,177300
4,152800
5,183800
1,69000
18,523300
1,70000
12,362800
2,97100
7,224200
76,463500
35,1129900
2,135100
115,1600800
1,81100
11,396400
34,999300
21,706300
45,1335000
1921,3104400
1894,2456600
4,217900
6,214300
72,377600
93,881400
31,914200
3778,4479000
46,1689600
1,115900
85,715300
93,971100
1,75300
33,959000
19,587600
1676,1425500
10,422100
86,698700
2,111400
85,713600
4,149800
4,163700
6,201200
18,611700
3,155000
237,1909300
10,381900
166,1382200
2,102600
4,152300
2619,2614900
20,35297600
1279,2093200
2,108400
10,301900
2,106100
6,204500
3984,4120100
222,1171200
19,566500
18,521800
4,146600
54,1567700
28,816500
15,662200
20,1149500
77,722300
403,1591600
154,941200
1023,1931900
7,280200
7,263400
17,503000
2,100100
520,1056700
1,77400
7,250100
20,577900
10,301800
383,631900
85,704400
56,1524400
2,97200
8,245000
25,946200
41,1251300
158,1087900
615,1988600
30,871300
3,125500
21,583000
6,199500
673,2038300
1,113900
14,407500
1,80400
8,316900
186,185900
9,307900
209,786500
67,219500
4,145300
7,264500
5589,5379100
6,274600
11,364600
1,72400
12,366900
7,229700
64,166900
2,143900
312,320400
832,1497000
38,1033400
6,208100
10,355100
4,150400
42,1101600
36,1003700
1,92800
25,725900
6,224200
4,145000
2,95300
5,169200
1187,1112900
4,149400
541,1580700
2,120600
38,1454900
412,1857700
17,529700
52,1436500
1,73600
348,1358000
7,244300
53,1430200
3398,4153400
1626,2100700
298,2182600
5,217800
2,98400
7,240800
6,199500
3,123700
3,122000
52,1436100
3,125000
11,327700
155,1011100
7,263800
12,356400
4,147800
11,312100
13,397500
21,589200
16,441400
1,80100
318,485800
35,938100
239,1616600
11,425800
1,108400
3,184700
146,841200
80,795500
3,160500
13,477900
936,1010700
1,77000
1,71400
8,281300
98,1173500
84,699700
7,278300
15,484900
57,1508400
46,1357600
1,117800
10,364300
205,665900
4,151200
249,288400
15,525600
154,868600
575,969900
275,1000600
20,595400
1,73100
99,1040300
1,72800
301,1586900
204,674700
2,96200
103,1220500
18,534000
3,128300
26,739400
2,167400
7,257600
15,417800
252,344900
2,109500
4157,3285400
11,395500
27,834400
222,1383600
48,1427300
572,839200
2,121800
52,1452700
24,667800
27,798400
13,399700
1784,2693100
202,669300
16,532100
14,401900
46,1338000
541,1907800
4,165300
1,73000
3,123300
13,385800
6,244900
19,575600
4,148000
1,84900
75,434000
17,568900
501,711700
2,109100
66,200500
4,178200
44,1375000
9,335700
32,912800
8,278100
1,72800
9,279000
9,295200
2,97800
366,2029200
22,625800
42,1490700
3501,3305200
17,495900
5,215200
21,628000
222,1174500
79,603600
2,108600
3,123700
110,1343100
3,124700
7,222700
17,907400
46,1369400
2,134400
129,309700
14,404200
46,1385500
13,381700
2,98000
53,1566800
259,532000
13,401300
41,1096100
325,708000
3,140800
55,1663200
4,153100
29,753000
106,1275600
28,864600
123,1792300
103,1283800
173,1699700
194,413500
7,230900
1113,2535400
3108,2677600
51,1582700
2,115000
308,1782000
46,1267300
11,357600
165,1189500
814,1029000
1,78700
622,561100
150,875200
10,314300
4,153900
462,1224600
88,823000
9,368700
91,902000
192,355900
259,515000
8,326500
23,678300
9,274900
160,1088900
51,1452000
133,363400
37,1059300
11,330500
1,70400
6,198800
6,199300
11,402900
4,181700
1,85300
47,1283800
18,546500
31,835900
95,969300
18,530500
3,134900
549,2248700
64,279600
9,304400
1,74700
9,289600
8,284200
48,1251200
16,479800
3,131200
304,1735500
5,270700
4,154300
11,337200
1,100900
1142,1969700
13,536100
121,1931400
8,259400
1,70900
12,420300
619,2051200
22,649000
6,221000
4,207000
673,2271000
2,109600
2,101700
1,73900
9,366500
156,1006600
1,74000
4,150700
67,218400
330,935000
2,110600
14,411800
590,1392800
24,793200
36,974800
19,546600
1,71400
2,117800
9,271800
10,295000
7,220900
1,91500
1,86600
32,886600
2,98500
34,904500
1,99400
1,80500
129,274700
49,1403500
8,287200
16,468000
161,1209100
1138,1768100
338,1060600
16,492600
15,467300
1655,2350600
14,431000
384,725200
17,486100
2,97800
1,72100
873,789000
1,89600
94,901300
3,138100
91,892100
12,349500
17,500800
1,73300
2588,3643000
1,98500
244,1923000
57,1615700
3,152600
15,450300
25,671600
15,499600
1566,1687500
24,716500
32,879900
9,301200
6,195400
98,1061100
14,421600
36,1001900
23,658300
14,401700
11,353400
127,250200
1,89900
279,1003800
1,72800
4,146300
29,923300
503,639100
17,529300
146,675200
7,234900
9,306500
40,1077000
4,149600
30,871100
108,1351600
48,1406100
1,91000
13,426900
4902,3805000
57,1638200
138,535800
2,99800
3,123200
43,1239400
46,1279700
50,1374000
175,1585400
50,1409600
9,293000
8,280700
169,1433000
14,407100
114,1689900
1302,1056500
102,1135300
33,894300
3,142500
11,346600
134,434900
178,1652000
34,1007300
13,393000
2,99300
20,616600
9,326000
76,457300
187,220100
180,1710300
2,112100
14,529700
16,569700
19,552200
40,1173600
11,329400
398,998100
50,1369500
4,184600
10,298600
8,268500
208,945500
2,102300
1,70500
69,298400
10,315300
6,223100
3,141500
32,897000
106,1478900
257,518200
60,1609700
2,97400
1,111800
2,137800
10,299100
181,1621600
16,454900
52,1410900
1,71700
528,1328700
13,404900
1,103900
3,142800
4,173500
8,260000
3,122100
26,910800
1,71000
4,170100
40,1056600
5,171300
8,292400
1,81800
40,1099300
2,196700
131,356500
3,154700
133,376100
1,72300
13,380800
1,78300
149,967800
4,184800
10,321600
1248,1316100
35,1045500
4,192700
238,1581300
436,427200
2,100100
713,1363800
15,568400
4,175800
5,196100
2,104100
92,836500
328,790700
2,99100
8,247600
4,148100
79,551900
3,125300
12,369600
185,1680200
76,515500
14,536600
824,1366800
23,803200
2,112100
305,1748200
7,234800
469,1428600
357,1624900
11,350300
52,1402200
9,306100
1,97300
1735,3113500
141,621200
68,316500
3096,3887200
1,117200
4,156200
6,206500
280,1092900
4,182700
8,250700
137,475400
7,226100
2,116100
4,160100
26,745700
27,733300
2,102900
73,398900
1494,1302300
6,210000
203,596400
12,494000
177,1900500
7,282300
17,671300
123,2087000
2,102600
1,82100
9,361400
47,1284300
25,745700
10,348800
114,1446300
51,1376300
76,475500
3015,3411700
40,1214800
6,210100
1,73700
3,138600
378,471300
3542,3098100
2,142700
921,2239900
31,1206400
5,228500
15,565000
58,1684900
2,102800
4,162400
721,1627900
84,678100
17,563400
10,406800
49,1341500
202,766100
348,1372800
10,298400
1679,1508100
2,123300
67,218900
286,1356400
2,107500
2,96900
2,96800
3,122600
21,607000
27,1088400
11,668800
45,1554100
38,1057400
2,102500
135,506800
1,82800
6,212400
415,1547200
4,195500
18,509900
28,859200
51,1478800
135,459800
2,117800
21,645600
102,1206500
8,282700
2,127400
10,297700
8,268100
685,685800
5386,5513500
14,441600
16,453800
898,1458200
169,1304900
7,229600
3,135800
14,448800
192,503000
1,73900
3,124500
5,221600
43,1185200
4,151300
728,1741100
76,505000
3,125100
1,70300
3,119800
6,195100
58,1537600
2,100700
1,79500
70,467500
18,657000
51,1705000
2,135600
2,122600
158,1156300
3,124300
85,892000
9,347100
1168,2470100
1,129700
77,520100
6,209100
40,1149000
394,919000
96,1187800
10,459800
118,1920800
6,211700
53,1555800
140,607200
4,165600
4,147600
106,1515300
4,188900
4,225900
9,295000
34,943200
76,515300
186,188900
6,209600
3,131300
96,1014700
2,108900
10,311500
3391,4048400
28,795300
19,591200
17,724300
6,272500
8,392800
2,205800
2,131700
17,728100
2,101500
6,213500
1,74100
1,117500
2,100400
5,320800
19,575100
20,556100
2,101500
9,367500
2,128700
5048,5381500
22,680100
507,730800
9,295500
26,778400
92,935400
41,1126200
5,239900
6,205300
1,73600
4,188500
180,1701700
164,1214200
1,76500
3,153500
2,97300
1,72100
20,702000
117,1525800
3,134000
1519,1941200
2,109200
173,1398400
5,174500
214,934200
4,161900
2,131300
29,787100
136,587100
3,148500
4,169000
5,178500
5,176600
12,378900
4,169200
5,240400
2,141100
601,1732300
2825,2992500
53,1476700
16,547100
147,747400
6,204000
30,1037700
929,2483800
136,504500
1,74100
14,412100
17,555800
14,467500
11,334500
21,697900
410,1360700
241,1946000
59,1921900
349,1369100
17,500000
560,486400
1346,2116300
2,101300
8,275100
2,104800
1,80000
3,123800
9,305400
10,310300
106,1228000
1,83900
60,1666300
701,1043400
2,115300
2,145900
8,268900
71,344200
125,156300
504,613000
2,108600
332,977700
2,104600
162,1288400
927,2283600
136,501100
1166,2610400
8,389300
33,1039500
510,916400
2,117000
21,610400
191,457600
2,122200
3,126600
2,100100
19,642700
55,1621900
63,131400
6,231300
20,570400
27,917100
21,732200
2,121200
380,831600
474,1808400
1,101100
673,2189000
2125,2188300
8,268100
5,196600
757,1059300
25,947900
2,108100
47,1372600
1,77700
58,1607900
5,207300
15,436800
382,607200
144,697900
34,1142400
23,780800
54,1543600
118,1521800
17,558800
49,1354000
118,1552100
298,1560700
6,217300
125,160700
108,1279000
2,101600
52,1713400
5,245100
5,231800
2,148100
8,272100
2,100800
1797,3136800
15,492100
4,160200
4,173900
327,742900
207,784400
6,222400
3,124000
23,670400
2,145400
8,250600
120,1593000
4,149600
216,1053900
7,228700
14,404000
95,1120800
21,571400
65,178300
25,736400
8,247200
2,105200
7,218700
223,1201400
6,225600
4,156100
7,318900
19,718300
115,1744000
353,1468600
5,183700
51,1556300
96,1080800
332,836300
9,381200
1,75300
1,86100
11,406000
39,1218300
41,1168700
1,101600
10,347800
40,1142600
2,107600
3,147900
7,228200
53,1531600
5,185600
39,1053300
10,321000
5,177100
104,1413400
4,179600
2,115300
1,75000
1295,2990400
283,1144000
24,746600
46,1202500
20,537700
92,871100
40,1109700
4,193100
451,853200
8,254700
16,477400
27,748700
2,99500
2,99600
37,1112700
2,120600
9,281800
3,139100
1551,1297600
21,609200
8,317100
2,112100
2,99700
93,915300
34,1048300
1,91400
60,1657200
22,615700
71,315700
10,313800
66,208900
155,934400
5,233100
22,640100
6,196600
118,1576400
5,193800
10,350600
2,103200
1,71900
4,172500
7,229700
369,2114600
766,1225300
99,1379700
2,141000
59,1815500
2,114900
22,667100
8,285000
175,1507400
11,407500
48,1310200
8,333600
8,281700
4,153100
4,153300
22,660400
40,1190600
6,204200
282,1173800
45,1252800
2,114900
7,232200
66,197000
2,102200
19,622000
113,1439400
5,203400
15,654100
24,753100
75,503500
62,87600
26,750500
1,74300
323,758100
19,551200
4,212700
25,837900
1071,1299700
1,105200
9,396000
12,356600
23,698800
12,385400
2,96200
1154,1936100
6,223500
7,250300
2,107800
108,1350500
194,414700
148,991900
2,105500
14,426900
34,1129600
3,187600
2860,2388000
6,270700
6,290000
10,394900
1617,1470900
10,354700
475,1532800
80,561000
4,147300
3,127200
2,175000
12,448500
2,123900
5,233800
132,370000
788,1744300
7,227500
6,223700
2,98000
359,1552600
162,1160500
271,1163500
1,101400
2,120700
77,658500
2,114500
60,1688600
15,457000
217,1036500
33,886400
26,739600
12,359400
13,495900
42,1141300
176,1657500
31,1027800
205,706100
4,176000
471,1443100
1,93700
56,1457800
14,407300
2685,2695500
15,545600
1,103700
226,1203700
4,219700
6,237700
33,919000
695,945500
46,1216200
2,99000
3,162600
64,150800
114,1452900
70,309700
1,71300
15,459400
12,369700
52,1379700
2,137200
12,365200
14,399400
13,407300
3965,4842300
56,1607200
2,108400
31,897900
2,101200
164,1234300
49,1352500
5,213100
2,102100
2,99300
13,385400
286,1498800
6,285700
110,1442000
51,1486800
1766,2124200
2,112200
1,109400
4,213700
53,1771700
1065,1267000
28,839900
5,201100
2,97400
43,1156700
13,393500
2,97800
3,125100
21,685900
18,497400
35,974100
286,1403800
1,96200
2,137200
17,598400
49,1380900
1,73800
4,164700
13,602900
49,1530500
72,416800
7,234100
2,103000
2,110800
2,104700
1012,1641200
29,939600
5,182600
199,498400
24,722000
7,226500
78,549000
16,498100
4,225400
43,1257200
10,392400
16,640400
2,100700
126,189500
1,72100
2,98200
461,1121800
7,229700
1227,2389900
5,190000
64,156300
686,833500
4,238400
27,857600
4,169500
13,476100
124,157700
44,1307900
9,320200
22,588700
39,1181100
582,1161500
2,144800
341,1352700
5,184200
158,1016100
2,120400
11,324300
738,2022700
14,518000
7,253900
5,184400
662,1686500
777,1643700
31,910400
2,140300
21,602000
36,967500
916,2006600
32,1263900
145,730500
3,127700
2,98700
170,1321000
7,241100
220,1036900
42,1191900
4,167500
21,662100
1,76600
16,461900
151,1061400
28,766700
171,1520000
2,188300
11,423800
1,90000
15,474000
40,1165700
22,601400
42,1218800
115,1535700
6134,6142000
5,200200
1,73500
16,460400
15,446100
3603,3284800
99,1122500
2,120500
55,1517700
159,1253600
10,388400
45,1320800
828,1193200
18,561700
2129,2321900
1,77000
19,563700
105,1212800
2846,3763300
5,195200
3,122600
2,95900
3,126000
95,999300
14,419000
880,1059000
714,1373900
310,277000
34,926500
29,824300
5,181800
8,247000
1875,1798500
9,337100
1,90600
4,177000
4,149300
2,98600
744,587400
193,387300
38,1055000
39,1106600
2,98200
27,881900
446,692600
1,79400
1322,1660900
18,504800
22,728400
60,1659400
11,335800
27,770800
3,130200
9,296900
5,172900
2,100500
190,272100
1406,2107100
6,224000
42,1116700
3,122400
59,1571500
534,1534800
22,631100
2,98900
58,1635400
6,313200
2,165200
1,74000
48,1281600
12,368900
6,198500
7,326900
13,497100
4396,5381600
6,224400
1204,1575000
3,129700
1,73400
16,462200
48,1312700
3,132500
21,643700
190,329300
4,180600
43,1487500
23,716600
39,1199800
7,229700
2,108400
267,739100
2,97300
11,325100
1,83300
92,875100
52,1391900
3728,2896800
81,672100
15,484200
31,882600
56,1744600
29,870800
6,310300
2,129200
1,83800
1947,2738200
25,880800
2,124000
584,1395000
17,594300
4,148600
17,526300
1,75300
10,292600
139,582800
2,106800
4,152200
260,609500
109,1372900
486,1790100
30,920900
185,1836400
1,87800
2,98500
50,1385800
5,172000
112,1768200
19,825000
8,375400
2,123700
70,388900
7,250600
80,586700
4,235400
20,787500
2,184400
61,1749500
118,1617000
2719,3741200
2,154200
2,101100
1023,1621400
2,105400
2631,3211400
2,132900
73,468000
1,89200
4,183500
38,1163100
31,864400
68,286900
9,360300
538,1583200
1,73100
338,1012000
458,1022600
6,218800
6,224000
1,93600
10,315600
36,1018100
5,181000
2,96800
12,386400
25,669500
13,383100
5,198800
7,227300
20,568000
2,111900
188,248100
2,98600
2,301600
15,463600
10,309600
1,87000
80,627200
34,919300
8,267100
250,279300
5,187000
2,94200
432,1877300
1,85700
2,96900
3,121800
12,416600
1,90900
5,181400
19,520100
17,491500
1692,1881000
7,279400
2,111200
16,450500
8,324100
1,80200
8,250300
287,1524400
5,177600
3,136900
17,502400
6,196800
308,1761200
7,278600
26,900200
128,239400
14,423200
14,422100
1,71500
103,1172700
405,1186100
35,970300
58,1687000
11,337500
33,966500
63,115500
2,96900
322,568300
336,1216000
124,174400
6,252000
4,196200
61,1984400
308,1813400
5,204700
12,414100
16,481200
367,1827800
3,138200
1,71800
44,1177300
35,986800
4,150500
2,98500
11,335900
2,115600
2,111500
629,760500
6,201000
5,173600
17,545400
5,211800
9,271500
3,119200
2,94900
10,309100
5,186000
2098,4397200
16,579700
170,1557400
11,541300
4,216600
26,871700
398,1155600
17,505500
18,577400
468,1320700
7,307900
472,1397100
1,103200
4,171800
285,1387600
2,183200
105,1251600
258,547300
564,668900
2,115700
17,576100
2840,3509400
284,1327200
221,1177700
4,156500
1377,1544300
2,162500
20,689500
55,1592600
53,1831000
3,145700
18,626300
228,1421700
2,127000
5,194100
78,506900
599,1729700
49,1553300
1103,2643000
3,148700
2,104600
136,502600
505,699800
3,148600
13,464500
4,154200
102,1243000
2,129100
90,871100
177,1983800
1,126800
7,255300
11,353300
12,368800
58,1722800
82,797700
6,287100
5,193500
16,482800
6,212000
12,392700
2,119700
35,1095700
65,178900
34,1147500
22,909800
1,122800
2328,3228700
1,99000
12,496100
2,153900
713,1895500
2,118700
10,308800
707,1447300
35,1141600
2,106100
220,1086700
11,362200
13,377600
5,175400
2,96000
65,177100
83,644000
18,604000
7,277500
2,98600
1,73100
3,130000
2,99600
16,460700
1007,1311700
3,143300
11,338200
63,153000
298,1717900
846,1812900
107,1279700
4,192500
8,317400
1,90300
1,90500
78,669200
24,865300
2,124900
10,388700
42,1475500
17,611200
174,1551700
2,102300
1,78600
5,200700
17,533200
4,189900
21,575800
127,226100
4,196900
2,122700
6,281200
25,837800
1,92600
6,208000
1,75900
2,105700
21,640100
3,132500
4,203300
4,159900
6,215600
16,471300
410,1386400
2,105000
433,2017700
4,154000
104,1576300
33,1174500
94,1300700
891,1677200
1,83900
13,400800
50,1456600
1005,1527700
535,1775400
58,1641700
11,350700
3,130400
2568,2935000
10,387400
22,628900
45,1300700
3,136700
3,142000
6,208700
8,294400
12,356000
6,235500
7,255100
290,1730100
7,231600
3,128800
7,242300
6,263900
93,1081300
1485,3095300
1,104700
2,102300
31,908500
32,896500
5,211400
85,767200
315,463300
18,560700
48,1562200
2,118800
1099,2085800
6,210700
305,1809100
7,229100
3,135500
2,107000
69,308600
2,98400
63,145600
6,211100
12,416200
920,2172800
6,200700
62,118600
6,252400
253,473900
17,604700
8,313600
7,281000
32,1074800
8,319100
2,110400
48,1431000
3,158300
18,523400
32,983400
2,151500
25,801500
8,268300
2,108800
23,747700
1,88900
12,425500
108,1458300
2,120300
783,1922900
23,699500
2,113400
2,117700
3,125200
4,167100
1,79000
40,1105500
1,93600
209,907200
4,146900
1690,1769300
153,898600
25,703900
3,126500
15,422600
116,1574900
5,193500
18,604800
2,111400
2,124500
10,302100
19,563800
12,382300
90,797000
15,420100
4,169500
4,149100
9,336200
65,186300
17,518100
309,2272900
2,133300
2,101900
33,982000
1080,1555000
4,152800
45,1257000
67,227400
26,729400
2,95900
10,293100
64,138300
11,341600
14,456000
5,181400
860,2042600
14,451500
125,162400
1980,3024800
13,446700
1,71000
4,150800
11,317700
13,635600
3,165900
13,468900
53,1555800
936,903800
33,953400
113,1398600
2,112200
1,72400
40,1059600
322,619900
1,79900
13,381300
4,146700
148,792400
13,366900
929,2173200
1,72300
2,117600
4,147200
1,75700
7,221200
1129,1229400
77,466100
149,845200
85,837300
5,234400
622,697400
363,2012000
1,79800
5,174400
8,316900
14,433300
1,72700
7,235700
140,674300
10,370900
39,1041600
1,117000
54,1584100
1681,1429300
1717,2358200
11,322400
2190,2920900
947,1373000
69,297100
2,102200
6,199000
9,292900
70,320600
291,1369000
1,78000
2,116000
6,218600
3,150700
6,211200
4,159100
1,72100
1043,2093400
424,1741900
1,76400
8,292800
4,188800
3,164000
21,597400
67,241100
2,178300
7,245200
6,223800
5,180200
20,592400
3,126700
3,196200
32,1052800
4,150100
2,186700
26,1003100
331,916300
1,88900
311,348400
57,1635200
3,149600
16,543200
8,251800
25,794500
2,109700
55,1559400
22,637700
454,973900
6,261600
1,97600
65,180800
1,69400
28,750500
52,1396100
2,98200
9,291000
5,175500
341,1107200
147,766100
75,425100
27,991600
35,1061800
41,1220000
52,1829500
20,784900
3,162800
24,833800
70,381400
1,92900
1,89200
22,789300
89,967900
2679,2971600
4,221200
4,172300
130,333100
32,947700
16,505200
3,126400
2867,3024400
167,1344000
4,169100
3,125500
117,1555500
115,1513800
35,969900
38,1081700
18,705100
1,117100
19,581700
1,72900
3,151000
9,285400
1,72200
742,2155000
5067,5468500
8,344500
7,327000
25,889300
2,124900
5,206400
10,407000
2,105300
3,126900
445,695700
1,78100
12,358700
252,374300
14,428300
4,149500
14,420500
3,123700
1,71500
326,720900
180,1564600
26,739900
253,350200
37,1069700
11,317200
1,69800
5,202200
1,72100
8,260800
15,466600
337,1113400
2,117000
5,205400
16,469200
5,181300
11,324900
79,588000
72,376000
67,240000
3,126900
124,138100
50,1453700
135,462900
53,1553100
100,1112700
26,717300
19,539800
276,940100
21,606900
3,158000
10,306400
2,100900
1,70600
65,162600
412,1367400
73,386400
3,146000
38,1017600
10,312500
20,656800
16,474500
10,310900
14,414800
2,104100
17,541000
6,233300
111,1379000
4,148400
212,995700
16,475700
1,73300
8,248900
17,570600
4,194700
47,1299500
1,75100
1,90700
43,1158800
140,584700
118,1507500
8,295600
1,72300
3,125700
144,712400
6,197500
6,222200
3,124200
3,120700
17,462500
1,77100
92,913100
2,110000
348,1347000
5,181700
110,1352000
4,166500
411,1302200
6,220600
119,1581200
944,1128400
1,80100
1,71900
97,988100
2,101900
394,832400
2,97700
1,135800
2,113600
24,685000
2,110200
31,1151400
44,1334600
1190,1243200
26,756000
8,247800
1,70900
976,2047100
1,83300
2,141300
181,1914500
162,1243000
1444,1631700
1036,2113400
9,384600
8,295400
1,73700
3,135400
44,1235000
1,106900
17,471900
12,354600
67,275300
1,75200
86,740400
4,148900
118,1526800
1,75000
4,146000
56,1612800
28,793400
1,74300
6,260300
6,211200
10,316200
59,1696400
2,99400
10,346700
25,755600
59,1641100
1247,1864800
2,100500
204,760300
155,969800
776,1519200
24,732900
165,1223400
2,102200
2,124700
1,72700
11,325100
5,173200
2018,40149400
47,1288200
378,501000
72,350500
207,869300
3,130100
195,454400
27,792100
7,232000
6,201400
44,1197800
1089,1837300
26,733400
5,174600
4,203200
4,151600
29,767300
16,475300
2,108600
10,331900
14,393800
18,520000
110,1320600
2,95600
3,142300
14,411200
87,750500
121,1597800
8,244900
16,479100
1,78000
3,143800
61,1593400
538,1488500
179,1529500
19,557900
397,1026000
3,161800
2,102800
5,211700
178,1749600
71,362000
3,138800
5,173700
91,855500
1,73000
1,79700
197,461900
1584,2147500
303,1738100
4,187400
2,109100
47,1336600
24,646900
47,1338700
484,1658400
31,844100
24,749100
1,75800
3,125000
2,95800
15,443700
28,891900
3,124300
347,1257800
19,558800
1506,1623200
350,1395000
102,1127300
1,74400
42,1139400
2,100200
5,178600
1433,1288100
27,752800
4,170400
2,97900
56,1491200
153,898200
7,221400
7,244500
104,1246100
55,1556700
3,142900
258,647900
1,177200
2,138600
15,449700
21,644200
3,143600
1,86100
54,1554400
2,115600
4,165900
7,224500
2461,3127000
24,721300
10,344000
37,1161800
39,1069400
16,480200
221,1328100
338,1216100
26,904900
27,943700
15,555800
23,791200
359,1671500
10,340600
8,277700
13,406500
3,125900
9,285500
4,164700
4,147600
2,96800
6,217300
390,992800
2089,2940900
2,168900
3,176500
6,243800
4,153800
4,152400
12,370800
1232,2871600
77,593300
1,116500
14,472200
17,559200
6,285800
6,306200
15,440300
198,561500
2,105200
789,2027200
1,115500
1115,2586400
61,2027800
21,696600
12,420900
115,1526300
20,568900
3,132900
4,146500
11,455300
3,190200
13,453900
2,151200
251,386900
23,647700
134,461600
11,368200
16,461300
15,452400
113,1658000
1,107300
2,191300
15,540700
197,563800
2,102300
6,219700
2,112600
6,203000
814,858200
18,572100
71,371900
2,101800
125,156900
72,374800
99,1212100
6,267700
2,121000
28,761000
4,218800
4,168300
5,181700
3,147400
23,689600
76,609500
269,819900
164,1357400
406,1257100
2,105400
1163,2415100
5,240100
15,546300
9,296200
410,1415400
12,373200
8,288900
27,783800
22,637900
55,1539400
26,743700
14,435700
649,1251000
7,247400
5,177900
2,99400
220,1629800
8,389000
1,149800
161,1371900
4,186600
10,414700
93,1153800
2,130400
2,205500
38,1490400
9,433500
2,106100
35,1116300
37,1112000
1,83100
1,74700
572,1055800
17,541800
2,102400
12,368300
13,455600
122,1854700
1,106100
36,1380000
1002,1272800
376,534800
1,80100
3,127900
8,278900
106,1335400
317,499700
37,1096700
17,501700
18,712700
44,1603300
72,470200
7,314800
3,165300
2,151900
3,127800
2,138200
1,128200
2,150400
20,603600
74,436600
14,410500
10,300200
4,148300
1,70600
4,148800
3,184200
55,1462900
15,480300
1294,2523200
214,1019300
6,261600
2158,3484200
82,603000
81,657100
1,77300
42,1119200
221,1193900
2,102400
397,1014600
1,78500
37,1237700
1,77600
1,85700
2,96900
21,600400
41,1199500
3,130200
55,1658500
10,399300
2,159900
17,511500
39,1276200
1,97200
1,76500
11,423200
4,164500
102,1122800
31,1139000
7,240800
3,127800
19,562400
3,129900
719,1824400
141,701600
1,91700
18,575000
20,611200
36,987100
18,542500
6,203400
841,1616700
7,233100
4,159400
6,212300
18,524700
50,1788500
2,109400
4,151900
2595,3393800
7,265200
5,175900
48,1359000
999,1168800
156,1247400
42,1507200
115,2342500
366,2197600
80,713200
4,202900
1851,3057300
1,143400
133,447200
4,167000
8,253600
1136,1533700
1,76700
4,163500
1,76600
33,1038000
3,129200
5,254200
1019,1745600
1769,2593300
3,181700
104,1477300
54,1738600
152,868400
54,1654700
3414,2684500
49,1650700
202,614100
7,274200
37,1077700
1,74100
3,150000
1,74000
317,575500
86,747400
2,164700
10,378500
384,658300
2,101400
4733,4672300
17,584800
23,682900
842,1614300
1001,1118900
19,539200
65,282500
1128,1527200
2,148900
38,1055600
55,1741300
143,800100
5,179500
9,335100
5,307800
38,1082200
173,1536100
6,222900
13,409300
4,149200
60,1589100
39,1198400
10,318500
3,129100
6,209700
2,120600
8,314000
3,124800
10,348400
3,139100
4,149400
2,98000
2,98400
207,794500
4,196700
2,155500
2,171500
1,98900
8,254500
363,1864400
10,370200
12,369500
5,183500
683,619100
3,132000
1,102800
67,246700
93,1004600
1,93700
2,126500
3,172600
1,94100
14,533200
2,124500
34,1253100
5,226200
259,698300
4,203600
2,136200
2247,2876100
2,130800
4,189400
13,520100
10,384800
139,687000
110,1690800
1,91000
2,130100
7,297900
112,1745400
867,2789000
5,226500
3,177000
2,126400
22,847700
171,1474000
1,85400
10,298000
22,688900
975,1956200
6,254800
4,292900
28,964000
2,124300
13,487300
4,241400
5,227600
35,1225700
76,583200
1558,1747000
77,588300
2,128000
2,134300
4,188000
8,307700
29,1030500
39,1454700
10,391200
7,321300
4,189200
23,817300
4,187900
2,120100
2,120000
1431,1669400
6,260800
864,2923500
12,500100
17,603500
3,143000
33,927800
42,1138000
2108,1674700
798,2238600
10,322600
1,88700
108,1698600
19,551900
18,506200
4,278300
1,84300
3,201500
2391,3118400
9,332600
104,1260200
484,1749400
2,100400
41,1174700
483,1743200
13,499700
52,1498400
22,649800
6,353400
23,771400
2,136600
101,1345800
2,127700
3,177500
11,492000
6,257900
32,1043300
2268,3079200
112,1499100
324,737500
36,1136100
660,1812900
2,207100
8,336200
2,111300
4,186000
12,401500
873,911800
3,183400
73,397100
20,818300
4,230200
2,109900
9,318400
7,228300
2376,2396400
306,2199100
43,1488900
6,258000
5,203900
4,159400
48,1320600
1,100500
1475,2471700
2,102400
1,72500
14,491700
2,102200
6,229900
3,126800
29,811700
3,132200
8,281500
1,71000
5,172700
1,70100
13,368100
2,99300
1,89800
1,90000
6,202900
1,133000
6,223500
702,1166700
1,84600
5,200800
4,147800
4,166300
46,1257800
2,97300
3,128900
1,104600
2,102200
1,72300
2,96400
12,351700
1422,3099500
2,109200
2,100700
16,533800
6,242300
45,1354800
13,434800
2,110000
20,570600
1510,1799100
37,1063800
2,101200
4,163000
2,97200
1,71600
29,841200
2842,3663300
65,200500
4,151900
1,76900
4,231000
1141,1737600
3,151100
21,581200
87,782000
4,186900
12,353500
22,633200
404,1281200
14,464900
1,72300
18,709500
1653,2491700
2,117400
47,1320100
4848,4474400
4,178100
149,875100
5,176400
356,1550400
63,116600
6,199100
693,921400
6,204700
5,205700
6,252400
2,147900
4,250400
61,1632800
1,72800
1,70900
62,84900
2,108200
14,415400
61,1666300
7,239800
2,129300
4,147900
1395,2107500
270,922900
33,1125100
8,312600
605,1710800
389,762800
413,1578900
71,454500
5,177600
6,203000
42,1193400
8,399900
11,330500
1,116200
45,1199800
484,1761000
21,640000
4,174800
40,1144400
6,263500
2,166700
4,196800
1,74700
250,290000
2,99600
1,88300
14,420900
1,76100
2,130600
2,101000
773,1369600
2,155900
723,1775300
1890,2300000
15,470000
357,1720200
107,1363200
1,128900
6,204800
11,322500
33,956500
522,1155900
66,223900
2,100900
39,1054700
497,510100
1604,2837800
16,505600
3,131600
2,108700
10,323200
6,202700
43,1185300
32,884300
4,189000
2,97400
39,1079500
82,736700
7,255300
73,374500
8,277700
2,145200
16,559000
11,362400
1170,2479000
336,1148500
8,260400
4,157900
246,2225500
193,642000
405,1702500
5,235200
9,315000
593,1586400
5,191600
40,1428900
16,524900
176,1614400
60,2039700
1,111600
19,785100
1,114000
96,1249400
423,1911100
10,359300
124,204000
9,340700
2,100400
1806,1630200
4,168000
2,120700
54,1499600
44,1415400
10,309400
312,409400
1,78800
56,1677800
492,2044500
27,774800
1682,1891700
1,129400
2,138800
30,1022600
3,161600
2,102100
8,319200
6,299600
8,290600
2,99200
1,73500
123,1721300
3,124900
9,273500
60,1707300
984,2449600
807,733300
1,74800
52,1646100
2962,4072900
3,163600
2,100100
8,270000
2,100800
193,404100
4,163000
79,697800
1879,2064300
89,826100
2,136500
2,111800
18,684900
2,109900
385,712600
3160,4251300
16,528600
17,478700
2,99600
2806,2964700
82,715400
5,203700
40,1575500
235,1702700
2,129900
31,1043200
210,804400
2,110200
48,1388000
1860,1775300
561,556800
15,528200
18,552600
4,175400
276,1000500
92,873300
73,388400
2,103400
18,571600
6,203100
32,943800
2,103400
3,141800
540,1679100
36,1024100
1232,2466800
33,943500
14,443200
16,456200
1,72000
3,123300
15,479200
5,268600
3,125600
12,369800
4,150000
12,429700
36,1099900
15,586900
216,1183800
12,435700
5,222100
61,1819800
2,102700
9,275700
2,99600
6,244300
4,161600
20,610000
4,150000
903,1693000
13,420500
13,394400
115,1577300
27,735000
1,72200
4,176500
3,169700
81,661800
15,438700
15,452400
6,213000
304,1887200
201,746200
3,160700
12,475600
9,285600
55,1569200
30,1021200
11,384800
180,1899000
2,117600
246,1928900
4,216700
1,94500
302,2149800
232,1741600
17,704300
276,1237900
79,691100
632,1085700
13,404700
1,80700
1076,1402600
1,74200
5,182600
151,878600
3,139300
2,137600
53,1517000
83,669200
99,1494000
2,117700
423,1838600
2,130900
13,410100
29,892200
3,140700
81,628100
202,741300
61,2014700
3,172700
1,97800
25,963500
893,1814700
8,328100
9,363900
2569,3722100
525,1544500
6,272700
2,124000
12,500700
3383,4105900
276,1118000
159,1117600
74,448200
24,790500
6,205600
9,332600
80,638500
1,72600
2,103400
5,218700
4,153000
186,173600
2,128400
2,111900
34,1022900
7,229800
3,144800
194,493000
102,1521600
251,321500
2,111300
1,75200
528,1471900
267,740500
10,425300
1,139300
6,208000
4,150900
22,760800
683,614400
19,601700
55,1535600
500,529600
8,256600
38,1159000
17,550500
10,308100
2,101400
2,121300
19,726500
5,410500
132,638600
23,738200
1,97500
7,233600
7,232100
1375,1842400
21,607900
2,100700
1,73000
2,171300
4,207900
19,675300
70,387600
280,1272100
10,331900
147,733400
21,696400
1,95700
66,221600
1,84400
98,1224700
2,118300
6,201200
5,181100
1,72800
3,123300
25,793400
149,767700
25,750600
2,106000
5,180100
1,80700
12,354100
38,1236100
4,159900
1,86100
38,1224300
1395,2178800
4,195600
294,1609100
83,744800
2,128400
1021,1663600
2,116300
38,1109600
6,291600
9,328500
6,204100
5258,5474500
51,1457400
4,200600
4,168100
21,618800
2,136000
2,123500
4170,3695900
52,1443800
1,74700
826,1198200
4,151300
50,1399800
11,328600
6,207500
4,161200
53,1485400
3441,3476300
4507,4682200
3,144200
2,99400
1,72000
9,285200
2,137400
7,236200
11,370900
38,1241900
68,275400
325,695100
130,299600
4,206800
305,1813900
581,1162300
3,165400
82,638100
571,841500
1,142400
2,135100
4,182000
5,180100
2,100300
42,1646200
38,1387800
51,1415500
371,2403900
18,671800
87,806100
2,99600
188,263700
19,529700
9,295900
167,1291100
3534,2628700
15,436900
17,491300
2,106500
164,1192400
2,136100
1,72200
1,71300
1,71100
35,1238900
1,145800
27,840700
2,102800
449,886700
58,1815100
195,429900
1357,2509300
1,76300
65,173800
5,223400
297,1571200
30,897600
29,797100
6,218300
198,524700
408,1328200
46,1242100
26,825000
35,1041300
7,312900
4,200900
35,1016300
3754,3683000
17,567900
7,257100
42,1365700
34,912300
4,148800
78,686500
11,438700
138,579100
38,1145700
30,896200
28,781300
1119,943400
3,146400
125,159500
2,105300
472,1721300
1155,2593600
31,946700
3,150600
2,101600
7,225700
65,186800
49,1362800
3,130300
3,125600
26,737500
41,1144400
15,449500
228,1311900
1,88700
4,255400
10,402600
338,1049500
10,349600
18,527500
35,1019400
2,112000
47,1567800
3,146600
2,100900
8,339300
1,93900
5,183500
3,131000
14,532400
1,85500
2,157800
54,1452400
3,215000
8,267900
34,1013600
3,127800
25,803700
2489,2287900
7,253100
96,1149600
77,587900
92,875400
1,74300
524,1345300
6,208500
922,2529700
2,138200
83,880100
146,773900
2,101800
51,1380200
1,72400
1,71900
44,1207600
15,425500
8,257000
2,97200
312,431700
3,160800
29,941600
3,135400
8,336400
11,374100
2,118200
4,154000
5,176900
6,202300
6,200800
8,272500
897,1630600
235,1706400
4,156100
120,1657300
12,512300
38,1192000
8,294900
1,75000
4,155300
1,73100
3030,3654900
70,359500
2,105500
45,1166900
4,278100
29,952000
22,689300
2,115100
2,102100
2,101600
142,671300
4,177800
141,612800
2,99400
8,272200
760,1041200
4,149800
3,142500
2,97300
56,1711500
130,436800
2,137700
21,767500
7,228600
23,792900
2,114300
3,126100
2,98200
125,168500
33,931400
2,111400
19,690600
3,124300
889,1229100
14,406100
2,116100
1,71100
82,619700
57,1553700
57,1506400
256,473900
161,1101500
32,895500
3,136400
532,1386700
3,152900
17,477400
94,923300
115,1588100
1,89000
5,189600
1133,1346900
2,107800
10,310400
3,166000
5,188200
27,729400
775,1782700
782,2026800
11,424800
120,1999900
7,298000
8,336200
110,1749700
2521,3972500
1095,2093500
2,111000
1,74700
5,201400
14,430000
6,205900
6,236600
2,97500
11,344900
23,633900
4,148600
9,272600
2206,2604800
1,81500
343,1309500
43,1340900
3,182500
7,293000
11,416100
24,856600
6,334300
10,390000
326,1000000
41,1324200
317,504700
6,208000
252,338700
7,239100
14,469900
172,1438700
192,339900
9,281100
2,97900
9,285000
18,560600
7,225300
8,290200
4,153700
13,375900
108,1301500
133,362100
3,122400
23,645400
2,97000
4,146700
6,203600
3,122500
26,785200
257,521100
13,388100
3,133200
17,520000
780,1585600
4,161900
2,112900
67,314100
9,409900
4,191800
350,1520600
6,214600
2,101900
43,1288400
8,256200
5,229800
56,2049200
4,217100
700,1239400
24,730700
508,766100
11,420100
2,122900
8,267200
89,859700
12,395200
2,103700
24,666800
8,254200
23,740200
1,85900
4,158300
10,464500
40,1282700
746,891400
4,161100
10,320700
4,163900
59,1656200
8,349700
4,166100
2,100900
9,279200
10,370700
48,1309000
2,102300
2,98500
37,1257000
8,257900
293,1608800
7,236900
807,1004600
1,127900
111,1931100
3,289600
1,101400
38,1303000
134,545000
19,759200
6,227800
10,329000
2,102400
7,237800
313,381400
9,279900
497,420800
24,741700
301,1687100
9,313100
11,354700
152,931300
4,161100
2,100800
45,1538300
2,132300
7,284300
1,89000
158,1176700
17,519800
54,1443700
8,276100
131,379400
12,381300
8,249500
13,400300
61,2086900
301,2101600
232,1739600
47,1454200
1175,2748500
17,813300
1,112900
2,162700
36,979800
4,157800
580,1323600
7,293400
7,307900
8,379900
3,175400
892,1434400
3,127400
2,96200
3,199100
55,2210600
20,595700
250,322100
2,114000
122,1809100
17,505500
380,615100
3893,4637300
2,131600
10,316700
25,994100
28,818200
1,77100
15,532100
2,122700
9,329000
138,531500
4,154700
670,1974200
207,789500
306,1792700
34,964700
46,1308900
25,722000
72,366700
35,1061300
9,302200
4,197400
3,125600
6,204900
64,179300
7,231200
29,813600
16,458300
1,127500
16,531200
12,399300
9,289400
4,156800
114,1501900
49,1505300
4,232600
214,1392600
2,108300
914,2031000
7,249400
52,1461700
11,335700
18,539800
2,113300
81,639100
84,645000
7,337300
159,1339000
347,1470900
456,1014400
6,201900
1,81800
1167,2438900
340,1099000
1,78700
18,750200
39,1099500
34,1040200
88,800000
9,328000
1647,2475200
24,886700
774,1714300
2,149700
20,613200
4,326900
11,451600
4,160600
1,69900
1,71600
58,1883100
2,105800
14,598200
82,788300
27,821000
27,919400
590,1424100
116,1731100
122,1763000
15,475000
2,106300
1,89700
402,1242900
37,1136100
17,493600
117,2030000
25,969000
215,1055800
6,220600
415,1677000
41,1467400
432,2122300
5,219100
17,538900
16,471000
39,1203900
3,139900
228,1368100
12,529100
4,174800
211,885700
22,784300
1,99000
10,324600
322,672200
19,565200
3,129300
11,371000
100,1172300
4056,4223600
562,644800
89,815300
4,204600
46,1275800
6,263600
3,129900
1,84100
6,238100
3,136400
15,505700
80,708100
1770,2904400
383,806700
56,1610000
39,1159000
4,180200
6,205500
10,298000
675,2074400
5,186600
63,167500
16,509200
8,284100
253,395900
6,208100
226,1350400
16,469000
1,76600
8,262800
3,155000
2,98100
13,397300
3,125300
5,179200
413,1438500
2,99900
4,149200
5,194900
1,74800
521,1457900
28,918900
67,319300
2,113500
2,143500
426,1916400
1,90300
2,118000
5,176100
2,113900
35,1004500
195,577700
198,599900
12,399900
8,250800
20,587500
20,560000
2,108700
137,468300
38,991400
38,1134500
2,111100
153,968400
32,879600
12,423800
19,576300
362,1741100
1,82800
49,1341400
12,463100
14,437200
2,120100
777,1726400
12,410600
4,185200
43,1245700
35,1036500
100,1148800
43,1330100
12,411700
2,96500
4829,5367100
3,212500
5,230800
21,763700
3,162400
5,225400
25,875100
26,930300
469,1580400
134,446100
117,1729600
17,507400
132,383900
1,90800
1,81300
31,868000
3,126200
1301,2641500
3081,3839800
14,466900
523,1210400
4,197300
2,147400
117,1555800
1539,2796700
82,765900
344,1308700
2,121500
103,1314700
10,380500
352,1607500
261,566800
13,393700
7,322900
20,627500
15,428200
28,1057600
745,726800
8,251500
306,1792700
3,184400
5,215700
13,403200
8,272700
4,151600
1,73000
41,1262900
243,2070400
6,207100
80,629600
8,273200
250,295000
509,752800
29,904800
3,185400
6,222300
72,403300
384,663400
5,255300
47,1261800
1068,1325900
14,482200
2,106200
11,327000
2,98600
369,1957600
2,109500
292,1440800
16,517300
700,1037800
210,971400
2,149800
2,126000
51,1452400
4,152900
32,883200
99,1083800
170,1395200
15,430800
10,302200
809,811500
17,526300
2,100600
5,175600
3622,3482000
31,913000
2,121100
85,676800
26,789100
1,96900
188,225900
5,170400
2,102600
5,170100
4,203600
229,1412400
8,250900
17,485700
21,624700
4,172500
23,634800
34,972400
14,430800
2,109600
316,448600
1,72100
11,355200
6,210000
4,161400
249,299800
149,801700
40,1158500
1,81600
2,100100
4,157500
1,71600
38,1078600
157,959900
22,634500
6,215500
2,117200
1,72100
3007,3290300
13,428300
11,333200
32,956900
110,1387700
5,193200
3,124800
572,802900
2,99000
7,258700
8,273100
13,404300
9,272700
13,390200
3,130900
175,1556300
2,105100
44,1283400
20,660300
262,651000
185,1805800
2,104100
16,499900
1,73400
47,1344300
40,1308500
176,1556500
2,97800
1,94100
220,1122400
5,204600
338,1024800
4,174600
26,727200
3,128300
2,100000
2,102500
158,1129800
5,233000
5,229200
10,436700
4,173200
8,297000
2,126000
25,680200
26,802900
7,241200
3,124300
123,1722800
230,1298200
59,1690600
26,808600
20,697100
3,157600
3,175500
2,157400
121,1664900
1199,1473800
14,458400
206,746400
4705,4959700
2,112900
292,1423600
13,393100
1,110800
9,322200
69,299100
131,354700
4,250100
15,569800
8,274000
175,1499200
50,1325100
11,333300
5,238100
60,1834500
548,1965400
17,524500
4,157800
29,810000
67,225600
8,295000
103,1165700
30,816600
7,240900
278,1256400
525,1377100
1,93000
96,1227400
1128,1441300
2,126400
14,421300
2,99500
19,530100
42,1250100
10,364200
11,408200
15,511700
10,298800
36,1021000
171,1361300
13,425000
2,96800
2904,3839100
4,164200
21,630900
4,164000
134,405200
2382,2857600
10,351700
64,141600
56,1494600
1,91000
3,125600
199,506900
4,167100
6,193900
31,901600
3,181400
8,250700
20,553500
1,87700
2,109800
423,1627100
92,896500
8,421100
2,134300
11,342500
3,123400
155,970500
322,723200
9,368400
8,318600
55,1964400
26,852500
2,114900
3,132100
5,208800
25,946200
15,609600
2,101500
2,97900
7,239400
16,531800
702,1080300
28,869000
6,214000
5,172000
1907,2680600
11,366100
1,72900
14,411000
28,794200
7,283700
5,175000
17,491800
123,1673400
5,168500
17,504300
1,82100
3,129500
2,110900
9,325500
6,220300
16,478900
2,128000
4263,5304700
4,179700
69,307800
6,201000
11,334400
4,147800
6,197500
7,334900
1,88200
299,1638700
6,248400
1,87400
3,123600
414,1492700
2,107300
102,1138000
529,1458800
2,154600
18,538800
14,444100
3,130200
3,125800
2,98200
2,115100
2,107600
2,112600
4,151300
70,306700
139,509200
98,1120900
6,201000
347,1280500
6,213700
15,442100
9,281500
2,99300
2,109500
99,1220800
17,473300
2,129000
114,1423300
6,198800
15,471300
78,522200
118,1614000
1,77700
44,1501000
1,84800
6,254800
20,549100
43,1318400
88,969500
11,367200
60,2079600
51,1578600
5,182600
5,179500
142,638400
1,76500
3,147600
2,108600
104,1474400
3,148700
7,249900
2,99900
2,97500
3,143600
268,877200
2,134300
473,1597400
7,260200
1,72700
6,199600
4,151100
43,1230600
154,881300
2,109100
24,710800
388,27931300
30,964600
22,872400
85,740400
15,590800
202,622600
31,957500
287,1423800
34,1055600
13,373500
9,284200
3009,3228400
7,233600
2,99400
6,222500
7,240000
2186,2014600
55,1509200
3,125800
24,638500
260,541000
491,2101900
4,225300
4,208500
2,125900
66,256000
25,971500
12,431500
7,263400
325,673400
2,108000
42,1198600
7,222700
48,1669700
17,545400
47,1261400
7,229500
1,89700
30,816900
2,119400
12,338800
112,1413000
2,98000
1,72100
198,499100
220,1143800
4,152700
45,1435800
2,147300
3,159300
12,352000
4,180500
71,458900
4,179300
1,74900
92,857600
26,799500
2,125900
51,1543000
2,131900
245,1756700
2,112100
73,383700
163,1193100
1,81400
3,142100
14,396000
2,97000
135,448000
3,133200
6,235100
3,123500
32,836000
1,75000
187,224300
2,117100
1292,2311100
7,272000
71,338400
25,700000
9,326300
2657,3631300
2,201500
2,130700
2,134700
5632,5901200
3,156400
1270,1850600
186,182900
27,946600
4,164300
1254,1405000
4,167800
4,154200
1,126200
15,617100
580,1152300
2,106200
4,159100
10,359200
2,98900
1,72600
32,870600
1,87500
1854,2806400
74,497500
1112,2472000
43,1145300
2,100100
4,180500
2,100600
3236,2719800
47,1273800
12,348400
1,71400
15,445900
305,1757500
4,160200
6,228900
53,1529500
1,84200
10,303900
24,648900
12,407600
350,1314000
1,96300
1894,2298000
2,114400
831,1360500
9,277400
5,184200
2,125700
9,276800
5,195000
6,231800
2,99900
16,583800
2543,1946400
2,109100
361,1590400
1408,2235200
852,1970100
375,522000
74,439800
2,96500
530,1310500
452,919900
21,586200
9,317700
2649,3273700
20,578700
2,112100
4,156100
9,305200
23,629600
52,1402200
1,106100
10,379300
342,1163400
2073,2441000
1,85000
8,267400
4,150900
6,199300
9,274900
14,434000
5,180600
31,854800
46,1268900
1079,1471400
3,134200
45,1247900
3,135600
290,1348500
70,339800
3,150200
25,674500
122,1676300
42,1473100
1,95600
10,429200
4,155300
9,318300
12,358900
1,72600
796,1938400
368,1904400
2,131700
20,674400
16,558400
6,259400
7,230400
1,72800
2372,2499800
71,432000
1,74500
4,152400
8,250800
11,399300
55,1524000
8,286600
23,756500
584,1183300
3,127700
7,218300
22,649700
4,172400
4,165800
4,167400
2,99400
104,1232000
25,691700
110,1538500
29,918300
2,110000
54,1501200
2,119800
69,270700
70,297000
2,96800
41,1228800
2,103600
8,260000
853,2043300
2,125300
26,717900
3,142600
6,220400
56,1701200
2,109300
6,203200
2,99300
83,706300
6,202600
1,71600
2,96200
12,448200
2,98400
11,368200
24,654000
2,97000
15,446300
2,111600
5,171800
1,95700
7,244300
2,103900
13,382600
76,463600
5,177200
4,180800
7,226100
576,939400
1098,2088300
62,125700
10,367200
1,77200
3,147700
1280,2368600
15,442200
3,125500
229,1282900
82,666900
1,161100
598,1593800
1681,1917700
54,1523500
87,823600
1,87000
5,176100
560,504700
3032,4060700
419,1639600
11,336200
9,304800
56,1628700
2162,3117600
4,200300
22,656800
2,102100
15,754700
66,262600
17,629300
1,118900
994,1032800
5,240500
6,248700
8,396600
3,153500
1,101800
40,1316700
2,126100
29,1023200
2,103000
177,1586600
1,73500
4,169900
14,415000
39,1028900
3,123300
9,269900
6,194800
408,1637000
31,1005900
14,745500
2,179500
60,2714700
42,1699900
5,177700
6,200700
33,1057200
3,157200
41,1210600
16,455800
2,97400
799,2164200
2,124800
28,792700
25,699600
4,171900
2,97600
193,539200
1,79500
5,185500
36,998300
8,277900
1,72100
3,154000
3,124600
2,97000
4,147600
13,370600
1,70200
47,1286700
8,264600
2,111400
4,145500
5,200800
4,149300
17,545200
9,275600
9,273100
14,440800
169,1272100
5,186600
114,1620700
2,133800
3,174900
2,125400
6,240300
4,147700
2,96800
946,1277300
12,348900
33,968400
473,1706400
68,253700
20,727000
11,422900
10,370300
5,180700
5,205100
10,302300
107,1411900
687,740300
8,313700
18,498100
25,743800
4,187500
5,206200
17,511800
8,250500
13,435700
2,133200
2,98500
4,171000
1,71700
2,95500
43,1250100
1,72800
424,1978000
4,184200
71,345800
5,190900
337,1012800
46,1300800
6,199000
51,1498800
2626,2641600
250,331400
79,548500
17,496400
158,1042300
2,96700
16,485300
1,73300
8,316600
2,115400
27,723700
15,451100
7,320200
9,298800
52,1509100
6,259100
4,159300
18,523900
41,1196600
5,198000
1,115300
26,753800
3,164700
223,1185400
37,1205700
111,1444500
11,344400
16,478800
43,1230400
3,136200
14,396100
6,238000
2,101600
88,837000
2,102100
4,152900
9,311900
2,102400
7,228200
49,1372500
14,504300
71,354800
5,182100
172,1469100
17,496000
2,99400
2919,3146200
6,292600
1,99800
16,663000
258,687300
285,1216600
2,99800
315,445700
508,721800
144,730900
4,186900
271,1002000
6,210200
104,1217400
772,1346700
2,98900
27,733900
4,158800
3,179900
12,406600
168,1311800
1,104000
1,108400
181,1701800
13,380600
18,585100
4,167300
4,160300
11,344900
1,79700
204,749600
2,125500
10,324900
98,1124500
30,841800
10,430400
50,1315100
14,486600
2,100000
8,252700
5,172000
2239,1880200
66,295400
8,315900
11,414000
10,382300
50,1405000
11,330100
41,1146900
101,1160900
47,1280800
23,668200
99,1153400
4,181400
1561,1872700
5,182300
17,477000
3,264100
3907,3160500
136,523000
21,590000
78,575600
25,904200
2,98300
3336,4186100
4,161800
2,99100
3,122300
71,378700
27,986600
86,1055700
418,1688200
2,126500
20,646000
26,873100
2,130400
19,530400
7,225300
243,1764100
46,1279800
1,71900
32,844200
29,989400
95,1037200
26,735100
404,1254100
17,489500
4,151100
29,841000
3,124000
8,322800
8,253200
12,476200
1,107000
1,115600
2,147900
1096,2030400
7,237100
2,98500
476,1492500
9,295900
2124,2122900
2,116800
224,1184100
3,182400
28,992000
3,127800
5,171500
25,929500
4,200800
8,294100
38,1067800
2,119200
10,302700
2,100400
53,1600200
126,217600
54,1639200
14,451300
1,83100
7,280800
2,101800
10,318800
6,197900
3,123300
3,123200
421,2186900
2,117500
2,111900
118,1776500
4,157000
10,310700
1454,1923900
19,639100
2179,2072700
6,220600
1,72800
18,579800
25,708700
25,682200
8,308100
6,231200
1,81400
6,264900
2,111600
70,308800
16,467700
7,256400
182,1653600
2,106400
6,244700
12,364000
29,796900
957,1475400
13,379100
27,801900
5,188900
13,362400
91,857200
158,1028300
11,408500
66,225100
15,461000
19,542700
8,358000
2,124100
8,303600
16,464400
2,100100
31,915900
42,1390600
404,1270100
18,599800
220,1365300
6,215500
2,118200
22,596500
6,201200
80,866300
1411,2515700
15,670500
32,897000
31,924500
1,95300
5,178500
3,125600
3311,3537700
16,480300
12,371700
881,1262800
2,106900
2,103800
12,378900
28,788700
152,888600
1361,2665900
7,234100
214,1127900
33,855400
6,355800
3362,3288700
4,175900
13,386700
23,625500
2,114600
10,311000
1,86300
2106,3600600
39,1182300
9,371800
2,111600
4,155800
3,136300
13,381700
50,1450700
2,123500
190,289400
26,805400
54,1501800
110,1292900
67,274900
76,457400
111,1378200
10,303000
4,148800
1,86000
120,1625000
14,395200
3,130500
12,370300
1,76000
17,531400
2,166600
54,1708700
2007,2294500
238,1630800
169,1342900
6,205100
986,2353200
4,212400
2,139400
4,162600
24,648500
2,143100
6,208000
149,809600
3,123300
2,95800
4,144000
8,278700
2,96400
175,1525500
3,122200
2,95900
72,432000
85,787600
10,312500
130,366000
31,921500
471,1315600
16,482800
9,305200
56,1452800
80,635000
34,953400
1,72600
8,288200
1,72600
7,237200
2,109300
150,810200
10,323900
18,512300
75,401800
56,1476500
269,803100
120,1590800
255,455300
4,148000
3,120400
1,69600
63,132100
3,121500
31,1016400
8,256800
1161,2179300
16,543300
3761,4200200
49,1414000
22,788200
21,742500
1668,2775100
3,206900
18,565400
8,269100
6,202100
13,464100
1,89200
17,545300
6,211800
20,596700
3,232500
25,810000
5,186700
319,654500
101,1098600
2219,2899800
37,1322800
1,107600
291,1674600
15,472100
1,142100
7,372300
56,1721300
2,125400
9,402600
1,106200
11,424200
299,2124500
20,609400
14,402100
5,176200
4,148700
11,415700
282,1186900
405,1373200
61,1669700
2,100400
1,72000
4,148500
874,936800
2,99500
144,664900
10,310400
1,93200
10,300400
38,1055000
1,72000
1599,2540500
2,110400
2,112500
9,343900
3,150300
42,1341900
30,922700
174,1562900
19,554100
25,694200
1,73200
1,71700
4,148200
1590,2498100
5,184800
1,73600
6,200400
1,72100
3,123500
32,933200
138,523100
30,866100
12,351200
6,209900
1,71100
2,103600
88,790900
6,228800
21,568800
2707,3260700
1360,2546800
6,244600
1,73000
12,374100
71,320200
2,113200
9,305900
521,1256400
445,700000
11,349500
143,678200
2,133400
2,103100
2,100200
424,1890800
2,127300
38,1220800
1,74600
982,2080800
1,80000
14,505700
38,1035800
16,655300
3,213300
15,488200
3428,3481900
4,262000
546,1755100
3,152700
202,617800
16,472300
4525,5158500
30,970700
10,340300
7,232300
8,247200
22,648300
2,107500
2,97000
116,1886200
581,1291600
13,399500
2,102200
6,202200
152,1196700
19,553300
5,178800
3,139100
204,684300
2,99200
95,950700
1,87300
6,223300
6,231800
3,126400
496,395200
2,105900
40,1152000
2,105200
1,70900
2469,3076900
8,249500
129,287500
95,1006500
2,147100
4,200800
4,154900
39,1070000
3,143900
2,111500
4,156300
3,124500
6,238900
2,112700
1,76100
10,333000
179,1545900
2,100800
40,1076700
4,147600
37,1153000
22,611700
2,107400
1,71600
1,68600
2,125000
2654,3791700
1,89700
9,317500
117,1526400
3,130300
198,488300
120,1801200
2,105100
1,72200
9,381200
2,136300
9,360600
331,846000
112,1499600
13,394500
3300,2829800
230,1429100
5,175400
256,431000
28,810600
1995,1808800
1,96100
21,597700
10,299600
2,115200
18,558700
178,1699900
2,102000
1,87100
2,96000
34,922000
9,347800
19,564300
10,299200
174,1628600
4,170300
106,1264600
56,1537200
11,332400
2,100600
1041,2149900
10,334400
10,406800
9,293500
64,149900
20,641900
11,334200
1,72700
2,118700
2,95800
1,70400
3,131400
873,796600
4,167000
3918,3375100
3,208900
536,1599800
3,139100
19,580600
14,404800
2,98300
35,1002100
26,723100
28,814400
30,810200
3418,2756400
36,1038100
1,78100
6,222400
4,160900
328,801000
4,151600
41,1228700
1,85100
23,673400
2,123000
79,745500
13,415200
306,1745800
9,304000
92,919600
1196,1475500
7,258100
9,332400
397,1105200
3,125800
27,888400
272,838200
3,126600
109,1688200
4,196900
3,141900
4,165600
3,155500
84,683200
236,1554600
1,75900
10,391500
6,229700
356,1653100
1,91300
2,101800
269,904700
2,188600
37,1465900
2,132400
80,636600
2,102000
4,150600
208,730500
23,742900
152,1049800
39,1299300
1,75700
514,1179700
4,204100
15,547000
164,1398800
2,134000
14,513000
88,966000
29,1111900
1,100600
9,387700
4,192400
9,361900
3811,3852400
7,266100
37,1312400
2,103800
5,183900
7,252900
1,72000
140,595700
53,1495400
1,78400
4,162700
85,719200
3,192300
189,309700
2,113500
50,1454400
3889,5116800
7,388400
222,1363000
1,87500
9,284200
152,992800
17,507800
3,128700
355,1711500
1,81200
53,1552200
23,893800
9,322500
1,86200
1,72600
1054,916300
114,1476900
31,916500
2,98400
623,936100
68,365100
2,105600
767,1199600
21,665700
8,257200
14,406200
1,73500
38,1168400
61,1866000
3,146200
100,1157300
2,100700
25,727500
101,1199400
2,109500
68,261900
2,100100
565,669300
3,136400
22,676400
2,111800
48,1334200
118,1638400
65,239600
177,1629300
6,203000
4,183800
2,112000
16,461900
113,1453500
43,1192500
2,120200
7,232500
2,116000
1,72700
4,158600
24,703200
91,1019600
1,96400
33,928500
4,155900
1,87900
23,969300
9,294800
2007,2312100
5,216700
120,1696500
2,104800
148,984600
20,620500
25,709700
1,127200
2,124600
241,1732900
180,1638600
3,174700
12,355300
96,1052200
29,818000
6,223600
1,80000
20,618400
9,293300
4,162200
1,72100
641,1182400
1,74800
1,78200
70,317800
2,173100
339,1298000
103,1305900
367,2308100
12,398600
471,1443400
282,1158300
35,1068100
2,101700
7,242800
15,449900
8,265400
13,421700
10,316100
301,1623800
11,370900
6,337900
37,1588500
2,103200
9,315500
2,106800
25,708300
36,1256900
31,956500
3,141700
24,862000
4,189900
25,715300
1,74100
9,294300
11,350200
259,670900
2032,3389900
11,364700
499,646700
4,153500
1149,1820000
4,197700
2,101500
24,716300
1,72700
311,295700
3,124400
1,71300
116,1547700
16,466400
15,439700
1,72800
3,183200
4,151600
57,1567100
17,674700
2,121800
10,347900
9,307100
20,656300
6,210800
1,93400
18,566100
8,267500
1,74300
60,1664800
32,870500
9,285400
51,1376400
3,125600
16,518200
2,126900
5,187700
6,200300
146,764200
25,741400
6,205800
69,269900
1,70800
3,182500
22,634500
3,122100
82,617300
78,689300
1,92600
13,464400
13,615000
24,712300
2,108400
6,242800
17,700100
34,1172600
1,84300
992,854200
9,315200
1,73700
290,1420400
1,89900
511,803800
84,676100
3,120900
8,243700
2,93700
2,106600
12,371200
2,108900
3,147900
12,358500
1,83800
2,99300
1,75000
36,1008200
69,284900
231,1355100
466,1246600
1,87600
46,1223200
2,111500
4,157900
577,951700
12,410600
1296,2416000
1,73600
7,242800
252,356700
17,494800
119,1647500
910,1861500
13,427000
24,826000
5611,5070000
34,1159300
1,94100
4,172600
304,1864300
2,104100
1,82300
200,550100
1824,2148400
3,135200
2,98800
31,908700
2441,2940300
4,183400
647,1196700
82,624600
9,296200
3,134900
51,1387100
74,408200
17,491300
10,315700
1,72400
5,197400
2,109800
33,943100
1,110900
15,433100
1855,2906400
883,1073400
99,1185700
3,129500
1,72300
4954,6090100
12,443800
144,642100
121,1562500
55,1878700
69,291800
74,428800
136,489900
667,1983000
14,529200
46,1409700
10,309600
11,344000
1,136500
3,132800
8,270100
20,540200
9,289500
2499,2749300
21,710200
3,170300
79,574000
2041,3198500
26,820900
1,85600
4,162000
909,1941900
14,422100
16,518800
1,85300
4,176100
89,795400
8,312000
2,108300
193,400000
10,304800
15,424600
31,931300
1,92300
4,157100
1,70600
336,1076800
37,1046900
3244,3148300
2,179800
17,615500
13,462800
4,161200
80,635900
3,136400
10,337100
106,1398100
4,195000
32,850100
152,892300
2,148200
6,205200
1,72200
1495,1382300
16,462100
2,96000
2,97500
10,299800
6,269100
12,371500
98,1089700
24,691000
2,102000
17,471200
3,123400
14,420400
1,80600
1,130400
417,1452500
765,1121600
118,1605300
26,864400
4,155800
164,1183000
25,728000
3,127400
414,1458700
2,108800
73,367700
552,1964500
4,160300
18,527500
40,1145700
837,1542700
43,1176000
122,1702900
1,76100
2,141200
8,253900
4,149000
32,979900
533,1449300
3,133900
15,477900
80,544500
11,394800
3,131600
39,1060900
2,113300
297,1555400
9,298000
2,114600
516,946100
2028,2701800
87,788400
1,74900
10,321600
28,730800
218,1019100
4,157600
2288,3986100
20,618800
3,126200
20,580800
5,183200
6,223000
85,672700
31,1066300
5157,4256500
18,660900
519,1100200
2,113300
3,141400
4,190100
2,101400
257,471300
12,387200
25,757600
550,1937700
9,301000
2,99600
11,342100
2,102100
112,1371900
49,1348500
1,71700
4,147100
1256,1331500
4,150100
24,708900
1,77700
149,792700
1,73900
10,327800
206,806100
142,586200
2827,3152500
43,1240000
324,851400
486,2003400
554,2027300
148,822800
151,819600
17,505800
75,449400
121,1646400
12,340400
5,169400
4,143500
59,1864800
13,374400
4,278500
51,1431500
4455,5159000
48,1339400
116,1573600
1,80600
688,916500
10,374100
7,269500
14,576600
63,126200
3,149000
5,184200
4,156100
34,968000
2,98900
176,1694600
409,1645300
20,665800
36,1202600
7,230000
84,701500
11,357500
60,1688000
8,276300
7,267600
4,150600
52,1460100
3,138500
3389,3586300
1,76300
3,166900
2,118500
2,101100
3,193800
8,265200
20,577300
1,74900
11,330200
9,360500
60,1902700
2,112400
4,155300
7,219400
96,1011600
141,566200
82,612300
13,424300
37,1079800
3,180900
24,719100
4,191100
1,72200
138,532700
2,99000
20,570000
3,145800
27,717600
5,200400
26,702900
2,98600
51,1369500
763,1097300
11,350200
310,294100
96,956400
2,92900
351,1294600
7,250400
21,644900
8,238200
13,394400
3877,4058200
2,121700
26,737800
3,168200
15,450200
377,469400
54,1462000
7,226900
48,1323500
34,925600
4,192000
6,213900
1,91800
1,71000
8,247600
2,97500
10,369000
13,425800
8,258100
1,84300
10,296800
10,356400
13,457800
1,86500
712,1477900
37,1011700
281,1147700
15,469200
89,867500
316,506400
66,227300
7,325700
139,642200
54,1518100
7,245900
11,337000
2,136800
12,361600
19,551900
14,417500
18,538000
603,1608900
1,77900
1,76600
4,147600
17,491400
1,75600
43,1161300
8,406800
1,111100
2,180100
1,89400
5,210600
76,618300
1,88100
19,650700
6,257500
57,1654800
249,270300
2743,2619800
435,386400
1,73400
33,929300
2,131900
24,662500
5,171600
2,97100
4,163700
3249,3350900
17,564900
18,497700
8,256100
10,311200
3,125500
1,76100
32,929000
25,717000
7,223500
2,97400
4,148500
6,205400
25,696300
30,816300
97,1013900
23,634300
7,267600
9,346500
15,586900
4,250900
1,77200
108,1330800
391,823800
1,76800
497,444700
82,617200
871,792800
9,293200
5,176200
104,1252600
8,294400
1,74400
4,150900
2,100100
22,708100
80,606200
97,1020900
4,171500
2,98600
2,97400
2,124500
14,398400
1,100900
10,322300
2,110000
1,74900
58,1534600
2,99100
1,71600
343,1214300
14,398200
4,148200
5,194100
28,847800
11,329800
7,224200
28,863800
2,113700
3,125400
1179,982700
130,285500
11,321900
40,1120600
859,1981200
21,635500
300,1663000
21,622800
11,323200
3349,2919700
2,105600
10,317800
49,1424100
31,920700
1,76300
11,355600
1,72300
6,209000
1474,2371100
5,228100
8,248800
349,1245200
1117,1139900
132,493900
3,144700
754,958000
4,167600
93,957700
8,272300
4,150400
6,200300
26,694400
4,150400
22,628400
30,836600
26,781700
423,1893500
2,154800
16,503200
72,354200
67,239100
868,880000
9,331900
5,178700
49,1560000
15,496400
9,275100
1278,2174100
44,1561100
2311,2752500
7,292400
3,136600
1,77000
1,73100
3,126300
23,765700
6,300500
189,369900
1151,2402400
1,100100
60,2159900
10,408100
2,138500
193,501700
86,1161300
1506,1988800
6,209700
196,597000
13,479900
3,154100
15,510400
3,139300
46,1429700
2,188900
2,120400
3,131200
76,479900
574,990900
2,137400
2,102300
10,412500
234,2126700
11,459400
149,952300
14,567800
33,966200
94,1092400
21,608400
10,375200
30,1057800
142,647200
2219,3161300
212,949500
7,229100
14,403900
6,247900
2,141300
7,239800
38,1073000
1401,2431000
27,814100
17,520400
197,604500
102,1196000
13,461700
884,1084400
131,325300
37,1115300
4,155600
50,1389700
8,252800
2,116000
1,72100
841,1813600
103,1180700
2,97800
2,95800
91,838800
6,196000
1,70200
10,363400
768,1263400
1,74500
2,123800
123,1654000
1,89300
203,668400
2,103900
2,96100
22,582100
1345,2114100
36,974400
4399,5009800
1,87000
21,631800
3,134600
4,150700
15,453600
2,118300
15,470500
101,1288100
12,446100
2,99000
1201,1559200
4,150800
191,323900
31,853200
11,359900
4,146400
4,164400
3015,3214700
2,102400
20,768300
674,1968100
20,714700
36,1054000
15,530400
7,258400
2,99100
14,418700
32,921900
19,577800
2,100200
4,170500
7,220400
19,579000
1,71900
17,506600
7,226000
186,225500
63,215400
7,257900
16,493000
22,587100
1,88100
5,175100
1,84300
1,122900
33,901600
4,157200
2,97900
18,587900
1203,1763800
4,190400
66,237800
7,227700
2,145600
3,135100
52,1370100
2,142800
5,218200
9,324100
9,286500
537,1648100
21,577300
3,124100
8,310400
141,657300
70,383900
5,183900
1,73600
8,262300
13,512200
23,880600
11,335300
4,152700
1,72900
143,669900
122,1743900
18,526100
4,207300
5,179700
13,438100
1502,1582500
1,85900
2088,3154900
2,155000
42,1488200
5,241200
4,188900
49,1622100
6374,7013900
87,787500
9,274700
43,1239300
23,670900
3,124200
290,1387100
2,109500
4,147300
2,115300
242,1681100
108,1282900
20,714400
13,434600
2,99900
15,449600
317,513700
170,1418700
3,147300
21,624000
16,668200
12,458000
71,338300
6,255700
82,612300
3,122700
2,111500
1,94800
7,245200
1223,2210900
4,149500
1,70900
19,569000
287,1392100
4,162200
16,469800
94,949100
102,1214200
27,1259000
48,1323400
86,771100
55,1725300
253,403600
1878,2120500
2,256500
760,1588100
6,237900
24,689100
1,71800
10,326400
633,986400
39,1437400
23,891500
21,761500
118,1766600
4,171200
11,355200
17,585500
5,213900
24,688300
23,702300
2,103600
37,1000400
34,1068200
9,278600
30,970600
2,173800
65,219000
3,155800
49,1616000
25,817400
1,91400
25,698400
10,423000
258,605900
8,252900
5,177700
7,233400
1,72600
94,1004500
40,1220000
2,123500
103,1640100
3,166800
1,147600
4,204100
3,151500
43,1490000
9,363300
41,1362700
234,1708100
13,415600
16,479200
3,121500
6,221300
10,311600
124,153500
3,128200
1,70300
18,510800
1897,2404000
164,1193300
3,126300
1,76200
26,739400
126,211700
2,97100
29,763700
2064,2174500
7,252900
1,99100
19,545200
293,1452100
12,441300
214,944200
6,217400
1,80300
2,111500
4076,4263300
29,797400
81,672600
1,76500
89,783000
1,72600
15,479700
794,1926800
115,28097100
4,257700
5,217600
16,467300
7,246600
559,480800
33,916400
12,388500
7,287600
13,479200
87,954200
2,141700
35,1183200
697,1188900
1,89800
130,391400
2000,2513200
124,174400
2,127900
38,1269100
3,168900
58,1880500
94,1343200
8,324000
9,356400
9,359600
56,1635900
8,283300
113,1535200
2,102400
2,97800
26,736800
6,211100
33,931100
44,1180100
17,520800
3,135800
7,229400
3,124700
2,97200
516,1076300
555,2098500
5,206300
33,936000
4,169200
99,1142200
7,240800
14,403800
10,371200
3,145500
48,1630300
73,436300
6,305200
1,111500
81,635500
13,436700
1,85000
1,90600
8,418900
193,437700
109,1434200
393,948300
6,222000
35,967100
27,823800
188,247800
721,1815800
189,289500
18,527300
1,73700
10,327600
5,185400
250,271100
16,533800
58,1647300
2,106400
10,392500
2,99700
3,124000
4,149200
321,610600
132,384600
5,178900
1,82100
1,73000
2,99700
9,285700
5,191300
153,978300
1,82700
6,210600
3,204700
624,1066200
1660,2784200
13,434500
2,102500
1,89600
4081,5253200
1,98400
23,682800
2,178000
15,765400
438,733300
6,233300
521,1109000
141,618300
12,375200
4,156300
10,448300
6014,5224000
4,256000
4,205700
498,515300
6,309200
122,1810300
53,1551900
9,409500
3,159800
6,233300
24,791400
7,236300
384,654900
9,422500
41,1184900
5,190700
1,88600
109,1649000
1,83200
2144,2835300
217,1094900
1108,2701200
3,140500
4,155200
52,1516300
39,1072500
13,460800
102,1184300
145,758100
2,101600
3,124900
3,145100
24,759500
16,511400
232,1608300
1,86400
18,508900
50,1396700
5,201000
39,1057000
11,332700
24,832400
5,202200
188,239400
7,355300
47,1390500
16,557700
21,635100
7,388700
2,132100
885,1462100
18,619700
130,309000
127,203300
383,703500
1,75800
3,124500
3,146400
4,149900
71,335300
2,108900
2,97500
3,122000
5,172400
201,729600
2,150900
15,670000
228,1356200
5,176500
233,1416200
110,1356900
40,1077300
2,99100
3,124500
10,312600
26,709000
2,97400
235,1432300
14,435000
1,72300
12,356700
88,783100
4,172300
6,214400
57,1687700
3,149400
10,308700
39,1061100
2,112000
1,69300
1,69400
104,1479800
22,713500
4,157000
1713,2399900
11,372100
28,752500
1680,1511600
2,100000
34,997200
24,660200
7,252100
116,1553400
16,474600
3,127100
1,88600
221,1180200
23,778000
15,556500
54,1921300
11,474900
8,309300
165,1524400
116,1641500
298,1831700
6,220200
2,162700
19,628600
3,125000
1,71800
3,177800
3881,4042600
2,110800
40,1186400
4,203200
83,758300
4,265200
12,479000
1,93500
6,249000
65,216700
15,582200
57,1993000
16,578500
22,780100
4,216100
135,534900
95,1204700
210,974700
8,290700
5,184000
60,1624000
3,130600
1,71000
6,198000
2,98000
105,1217000
4405,3532000
2,124600
43,1211500
3,138400
7,276800
4,167900
298,1637000
13,443100
4,185300
1,73000
122,1830100
112,1616300
136,468600
26,856700
418,1687400
13,389600
3,126900
18,534700
44,1168300
103,1139500
21,590800
8,313600
7,246600
6,228800
22,584800
39,1410900
68,291300
41,1105700
2,120400
182,1632100
72,330300
135,393500
16,464200
54,1479800
4,151400
4,148500
68,282900
5,174300
13,394300
28,796300
45,1176600
1,72700
2369,2162500
19,543500
981,2005600
255,435300
2,101100
9,279000
4,154700
1,69800
2,95600
3,178900
28,966000
2,101700
18,695800
554,1982000
100,1254400
1,86300
780,1604400
101,1187900
7,243400
8,281700
2457,2852400
11,349800
3675,3281000
6,209600
4,162200
23,770200
17,697300
1,82400
12,427600
84,909200
25,943100
1,76800
2,121300
8,267200
15,420600
88,854500
4,154800
12,347900
1,85200
3,129900
5,201800
24,947200
15,540300
13,460200
784,1694200
19,534900
1,89500
62,100400
860,2305900
1,83200
186,210400
31,928100
18,608800
16,500500
631,840000
10,390600
389,792300
998,974500
2895,3442300
9,292700
284,1194900
9,305300
3,180200
2,104600
1,75800
6,245900
2,138700
42,1141200
12,397300
5,178100
3,124000
54,1440700
19,525800
1980,3195600
450,806400
9,277700
32,868600
15,476400
31,842300
144,667900
34,978600
208,851700
8,306500
4,328200
63,168400
5,279000
159,1211400
1,103400
163,1329400
1626,1524800
9,310100
71,325300
1,72200
5,170700
1,70400
42,1209700
197,499900
26,760900
1,82400
161,1126400
6,219800
309,2118400
428,1835300
2,141100
48,1301900
14,403800
2,117600
165,1222700
801,2202800
1,99800
23,621700
115,1574700
196,463400
61,1709200
33,1043300
28,1012300
11,362600
9,273300
4,147400
6,218900
71,357200
133,433200
3,132600
2,97700
56,1512300
6,210400
2,97900
2,96500
1,71500
2,96400
3,209100
4,195400
347,1571800
4,182700
2,112600
165,1205100
14,529700
8,349400
4,156200
3,179300
9,377000
1,73200
1,71900
2,97100
1,71100
35,997400
610,1960600
2,137700
24,875300
49,1293100
373,392800
54,1526100
6,217000
3243,3067800
3,140300
7,248800
8,249200
29,803600
43,1128300
5,169200
1628,1715400
6,223800
123,1717500
654,1444500
7,266100
18,511700
11,329700
4,146900
6,225400
3027,3547900
4609,3997300
2,123700
279,1053500
190,294600
318,499200
1,77400
3,149300
4613,4102500
18,710700
1,87200
11,351200
1,71200
3,122900
2,105000
1,71100
2,96800
4,230500
4,187600
1,85200
111,1445500
536,1500100
2,119900
48,1376500
62,109800
96,1022600
3,129300
5,210500
2,109400
169,1612900
2,127200
4706,5312100
14,426800
141,684800
4,178700
3,127400
2,98200
90,816000
328,944500
1,88300
15,443000
239,1579200
11,327800
4806,4455600
2,132600
39,1081000
14,481400
11,346500
315,397800
295,1502000
142,700000
29,1093700
14,471700
199,609100
4,174900
461,1070900
99,1311800
4,189400
3,158200
2,123300
5,229900
14,645900
36,1194000
20,702600
3,157200
305,1975200
10,339900
25,671600
61,1605700
2,97100
13,390800
9,286900
11,415300
6,194200
8,264200
354,1731200
2,110000
79,550900
146,716300
538,1504000
43,1144200
14,451600
421,1593900
146,711000
77,522300
7,238400
3,123800
1,84000
71,317400
17,511000
3,144900
11,322300
1,71500
2,104100
11,336000
2,114400
13,394100
87,746900
3,125700
25,726400
3,180800
39,1334200
1660,2935700
1064,1099400
40,1114900
3,127000
18,503600
8,338700
3,181500
38,1257300
294,1514000
141,612800
2,100100
1262,1543200
14,398400
4,149400
143,629500
48,1365000
551,2075100
346,1329800
2,160900
121,1740500
247,1788300
2,97700
6,197100
70,289400
10,393700
35,965100
4,152100
3,142900
3,143000
310,332700
3,157000
88,752100
2,97100
80,570500
1,86400
3,120100
15,429400
21,582500
190,333200
9,282700
36,988900
2,98100
176,1510400
6,231100
21,570400
1,78700
24,653200
954,1515800
54,1623500
66,206400
5,176000
28,867800
5,186800
28,923000
1,100800
12,528200
55,1843700
265,883300
1,143500
6,215300
421,1727700
1,87000
1,73700
5,213900
28,868100
2,123600
58,1588800
4,151900
25,685000
1,82800
21,596600
2,98200
28,750100
6,216600
9,313900
2,122400
3,135200
22,722500
2,106800
1,90300
2,110400
3,130500
72,389700
8,257400
24,670000
9,280800
502,822300
4,178700
2,98200
6,307000
14,589900
1,73800
2,99000
226,1288100
15,470700
101,1105400
5,172200
3736,3534500
3,140900
20,633300
10,395800
51,1458100
20,577900
67,247500
27,835600
5,300500
919,2008700
15,437700
8,281300
2,99500
25,675600
702,1297000
224,1211000
11,322500
2,106200
2,99900
14,424000
1,89400
10,343500
58,1565600
212,905100
6,214700
23,724000
1,74300
279,1017500
2,104700
615,2026700
147,834100
771,1299200
11,356300
2,115700
20,575900
397,951100
10,296100
101,1331100
9,278400
3,127400
131,317800
140,746700
67,231600
105,1229100
365,1749000
90,846100
33,888000
22,654900
4,150400
5,183100
2,102700
84,757000
3,130300
2,119700
68,260700
14,409300
2,141200
3,157600
16,480400
93,937200
61,1643400
812,848600
5,175800
3,121800
10,340300
285,1213700
20,581500
19,538300
14,458500
2,103200
33,926400
17,539000
33,929900
131,328300
31,936800
1032,2365600
1,98000
52,1531200
4,161700
5,228100
4,153700
21,607900
175,1456300
74,427400
341,1031500
8,269600
311,303200
2,97900
3,121800
419,1563600
23,615200
339,1158600
1,83700
5,175000
43,1240800
2,98900
2793,2115900
7,299200
5,191300
116,1625000
10,313600
2,125600
3,124700
83,704500
3549,3153700
1371,1489500
170,1407900
9,333300
1,72900
303,1677600
493,1923500
8,244700
58,1553800
1,71500
7,221400
41,1114900
2,114700
2,99700
14,414600
86,911900
13,492500
35,1055100
99,1079300
440,547700
23,670300
958,1700900
4,159100
82,688400
3,140600
15,493000
2,100400
3,126100
534,1597000
2,103400
7,251000
1,71600
133,400700
9,278900
4,150000
55,1494300
5,172000
6,195500
2,116100
763,1280200
14,435300
18,536000
54,1697600
7,244100
121,1726400
124,142500
17,590700
6,283300
443,648100
24,663800
1,86800
3,208900
42,1131500
35,1101700
23,644200
8,265200
12,420900
86,765900
2,146500
24,694100
86,772400
4,164000
3177,3037100
490,1940400
610,1863300
1,89700
2,143400
1,74900
2,97200
11,328000
6,197100
167,1276900
15,426800
102,1159500
1423,2622600
15,431300
413,1432300
27,753300
82,720300
2,107500
9,279300
119,1714600
295,1637600
6,228900
6,277800
5,219700
6,219700
19,563100
2,104500
14,450100
57,1686000
10,420000
11,428700
3,158100
17,673600
49,1734700
3,196600
9,353600
207,950200
1,94300
155,1114500
31,878600
2,100100
136,479000
50,1458500
162,1537200
16,530300
3,124500
17,492300
3,123200
7,226200
704,1204800
2,104600
28,866900
3,167500
15,521000
25,830100
20,582800
14,402200
19,563900
2,100900
612,1923500
5,176800
18,603300
11,462000
25,874000
372,458100
2,125800
3,163600
1,86900
1,103300
48,1609100
12,390200
2,100600
5,173600
404,1274400
2,103000
3,124700
4,191000
4,192700
12,433000
9,328900
7,234000
26,775800
297,1505800
1,115400
1,82800
1,100300
8,253900
24,646600
93,997300
2,103600
10,313000
4,149800
150,859400
144,637500
1,71100
17,537900
25,726400
3039,2423100
131,328800
15,493300
2,97900
6,198600
14,437300
7,312600
322,793200
1,93300
704,1266500
2,100100
2,98200
4,190700
2157,2861900
3,141100
9,273700
422,1648400
203,660200
1,80100
11,335300
133,365000
219,1157300
257,482000
1,83800
4,147100
350,1340700
112,1425300
78,623900
37,999400
19,575400
23,673700
49,1595900
5,204900
5,194100
148,856600
7,239000
4,152600
550,2285000
1,83000
5,179200
309,2034000
2641,3221600
815,907200
17,497300
99,1262100
1,81900
6,203200
48,1361900
6,205800
2,120200
212,906700
185,1783100
1,89100
989,2447600
96,1072400
3,125000
364,1671000
64,143000
23,770200
261,551900
53,1784700
4,165300
51,1533200
21,655600
3,127600
27,868400
1,83200
264,673900
15,434100
4,147900
5,173800
55,1500400
1,115600
52,1692000
31,947600
9,282200
143,761900
166,1261600
6,199800
2,148000
17,626300
1027,1986600
42,1156500
57,1624800
3,128900
9,299200
2,99600
5391,5981000
3,199500
723,1656500
95,986200
58,1585500
8,277900
113,1385200
2,100300
6,198700
2,141500
4,149500
3,123300
1122,1081500
179,1595500
17,513200
18,510500
1186,1207600
2,107600
10,317500
151,885600
1,71000
24,669000
527,1240000
4,151900
147,813000
1,75600
6,200500
21,573800
4261,4511800
9,362300
503,751700
23,809300
6,240900
111,1436200
2,106500
1,73600
3,124800
2,139500
23,693500
276,1013200
2,109900
223,1352000
30,848600
1,81300
481,1659300
5,178000
10,321600
730,1836800
1,86500
4,151800
26,717000
81,730600
14,398100
830,1294600
49,1409600
2,111200
2083,2589300
10,331700
11,335400
218,1018300
2,111300
579,1310200
7,230600
79,579900
32,872800
6,210300
4,230800
26,758100
14,431200
3,125200
4,172600
5,208700
8,269100
58,1527000
4,192000
11,333100
44,1238700
1815,1828200
11,338700
2,145900
633,917200
9,279700
15,441400
2,98800
1,70900
13,429800
4,151600
1,102200
7,225000
17,472400
27,758100
51,1394600
4,198100
26,695700
4,145300
11,337600
23,687200
12,347800
9,274500
6,230200
31,843500
143,720100
37,1020300
14,442600
46,1656500
83,656000
14,437800
10,393600
12,376600
1,167700
3,168400
6,269700
3,140100
52,1483300
2,108000
245,1983400
8,331700
377,457700
1,82100
141,556200
2,107300
6,312100
12,431000
6,246400
2361,2189300
172,1501100
2,104800
111,1359900
36,1204000
1,73800
21,674300
1,81800
6,238600
58,1607900
1,73700
247,2050000
833,1562200
12,375700
2,105100
2,108400
13,400300
229,1353600
2,98100
1491,1149700
10,336700
2,98600
36,1016900
1,88100
1575,1824400
1,73500
16,444300
5,172100
1,89600
3,123800
98,1069000
776,1514200
10,302500
1891,2400900
147,770000
8,256800
8,296100
21,609100
2,100100
22,648100
16,489300
1,79300
17,515700
11,379500
28,761500
7,257400
2,107800
23,677900
3604,3061700
4,155300
61,1802200
3783,3115300
4,179200
2,104300
28,761000
159,1316300
16,485200
6402,5563700
2,151300
2,164800
2,106200
3,138500
233,1459800
1,84500
8,293800
629,721600
12,370000
266,720600
4,156000
178,1767600
9,463900
1108,2437500
55,1525100
4,154300
1,72400
4,163200
2,101700
100,1068700
542,1622900
17,487900
28,756700
2039,2895100
2,100600
63,112000
37,991700
3,136400
8,243500
6,195900
54,1478100
1,77200
28,839400
2,111300
193,381000
1,73800
12,351200
87,799200
445,763300
5,192100
3,173400
19,548500
4,147100
9,269800
23,676400
11,355300
7,223200
546,1793300
6,202500
9,298200
1,71900
7,242500
7,264500
14,397100
21,596100
21,624500
5,178400
2,96300
4,143500
53,1510800
19,693100
26,720600
1891,2453700
4,158700
6,231600
2,99200
8,249000
6,200300
491,1890700
1971,2985700
16,688800
204,727200
10,312200
28,1033100
8,265200
9,366300
24,694900
3603,3063400
14,431000
3,125200
2,112700
8,319600
6,227900
2,109100
4,166300
2501,2384200
12,395200
16,472700
12,357700
4568,4497200
90,895400
2,121000
156,998000
318,581800
1,70700
7,242000
2,103300
17,656000
2,172500
11,583400
5,173100
6,275200
1,127800
61,1885600
162,1402900
5,174700
2,130200
37,983800
2,122700
2,108400
2,120600
52,1462600
3647,4115700
23,639200
10,328800
1,72600
65,172500
87,750800
1,71600
4,146400
20,553100
277,1017100
181,1723400
121,1758200
16,452800
2,98300
8,249000
1,90100
4,193800
2,129800
66,240200
7,247400
2,100100
3,123600
6,198400
6,199000
189,278300
3,136700
1,70100
36,978800
1,71800
8,247100
33,888800
13,415400
31,932800
284,1754200
6,258100
315,469300
3,126700
86,963200
62,129700
1,115500
70,491300
17,529900
12,378900
17,500700
29,881500
8,320400
11,353100
26,708000
2,222000
2,140300
8,308600
348,1604600
10,338400
4,199600
26,767300
156,1061500
2,104400
20,630400
141,624400
1,89900
11,344100
3,124000
211,1019100
1451,1921000
2,145200
3,153200
105,1285800
34,993400
13,371800
140,571200
3,221500
131,365800
4,160500
2,98000
5,173500
2,97100
1,103300
2,166200
174,1690700
4,157500
13,412900
15,436000
39,1236700
3,142100
3,124200
21,626300
56,1773900
17,640500
99,1052300
15,624900
4,152000
2,100300
1,86200
4,144500
10,294500
1682,1569300
14,401100
503,680300
1,109300
169,1295800
11,369600
2,113100
8,250900
3,123300
23,694900
11,345400
8,305100
1,79600
10,299200
3,127200
63,151100
5,296600
98,1079000
151,1011000
121,1606000
2818,3290900
16,527600
25,838100
5,215900
6,230700
23,632800
32,1059700
159,1142600
4,223900
8,263200
71,324400
3,137700
3,125300
240,1645000
9,325700
21,612300
1,71600
2,96500
4,242000
54,1560500
6,201500
7,299900
4,173900
31,878000
2,136200
15,451900
4,149100
17,488700
39,1032900
502,565200
5,175200
25,683600
1398,1985900
9,302200
3,134100
118,1647200
11,359000
1738,1422900
10,484100
4,155200
23,650100
363,2100500
5,194700
557,2025500
91,882000
2,103300
1,71800
8,283200
2749,2682000
77,535100
98,1050100
32,944800
6,197000
3866,3541200
89,833600
30,899500
8,320700
2,101800
4,180500
91,830200
5,214300
1,72500
33,945500
116,1512800
25,708400
10,317800
405,1209000
171,1382700
69,306700
10,293900
593,1535800
3,132300
4,149600
19,598900
1,78500
5,204400
255,462600
7,221600
669,1874100
1,74900
146,1082400
5,307900
138,559600
10,324000
2,111300
6,220300
191,315800
16,479300
2,96900
2,97000
4,155000
198,634100
4,151000
22,621400
31,857200
1820,2147300
5,194100
2,116000
4,193000
12,358100
16,466200
371,1870900
6,250500
1,84100
77,477200
11,322600
1,160000
25,857500
20,571700
2,186700
1,90100
10,339700
8,262400
64,144300
4,151200
1173,2424400
23,740800
15,462000
20,548900
14,404900
2,112200
8,336400
12,464900
2,124200
7,275000
94,1067700
135,503900
111,1420100
178,1576300
26,755700
66,247100
6,212100
2,102100
204,705600
1728,2598300
32,1038300
35,980300
23,687600
2,124500
2,98700
160,1065600
3,124600
52,1417600
1,96900
593,1555800
11,369600
115,1517100
1092,1907300
45,1280100
14,421100
16,487600
177,2068400
389,747200
2,99800
204,900000
7,284900
301,1736300
33,909100
104,1293400
157,1051300
10,311300
14,393900
1127,1161900
9,293600
3,123800
25,715000
14,410900
3,122800
3936,3780800
46,1227200
3,133700
82,630000
1,81600
120,1703000
2,110600
377,514200
20,670200
42,1288400
9,286900
17,484700
33,963300
32,826700
8,325700
13,487000
2,131700
98,1278900
2,129700
55,1804100
6,249800
37,1293400
178,1882300
7,289500
20,724100
44,1448100
448,797300
4,148300
7,225300
2,96400
93,966100
1,71100
2,95900
2455,2933900
1,82100
33,905000
1,75900
1,87500
1,70800
2,111100
8,269400
11,317300
2,120200
167,1267300
130,281900
8,251900
53,1435000
16,458000
73,391500
1,85700
440,499000
2,99300
136,436000
34,1361600
68,296700
4,154500
6,200500
4443,4589100
3,132400
3,150900
15,483900
4,174600
170,1317700
59,1570100
2,114500
72,353600
4,156900
17,524500
6,198400
152,963200
15,462600
8,253100
10,301300
18,664300
10,309300
1,71300
51,1415100
2,125000
2,114000
138,505400
2,116900
5,173800
757,919400
4,148600
2531,3092500
21,730200
2,96600
2,110300
22,603600
10,350800
12,375000
81,673700
37,973800
12,386200
79,535900
18,616300
2,101700
118,1509300
43,1159100
2,102300
6,202100
4,144200
89,787800
188,224100
1,71800
9,291400
4,196200
15,755800
40,1395500
816,867400
2,109200
92,939800
17,519000
14,439600
6,238400
172,1443500
16,472500
2,140900
11,427000
229,1331700
1,101600
2,105700
2,106800
727,1781800
4,196400
4,180500
30,878200
56,1563000
545,1965200
2209,2733100
4,161300
49,1303200
166,1244100
2,101900
4,241300
11,355700
54,1499100
2,105800
2,98800
2,128700
1,72200
240,1602300
32,879200
13,414800
2,98200
3,139400
6,206900
1,81800
3,131000
354,1457400
2,101500
135,585900
29,861500
2,108000
6,219800
4,233700
2,126600
6,208600
20,583100
15,481000
2,104400
1,79500
304,1682600
1,73800
60,1605600
10,321300
14,411900
24,666200
1,80800
79,547500
7,223400
1,70800
488,1997900
2,156100
6,216600
10,336400
129,308000
25,817300
63,152600
1,73100
1,73000
1,72100
50,1402700
3,129800
12,359100
1,72600
7,288000
79,626800
222,1191000
427,1874100
19,697800
2,101600
14,659500
550,2119900
4,161900
18,547400
26,748500
71,349300
4,146300
1,69400
248,233700
23,661600
37,1021200
358,1525100
647,1255200
7,235300
7,280400
12,374700
56,1702200
3,131900
125,179200
7,247500
2,101500
35,975200
5,190500
55,1516200
2,100000
358,1547400
10,318700
2,99000
53,1415500
3,123900
1,71400
34,952400
169,1306700
1,77300
397,993300
3,129800
670,1820400
548,1842300
6,251900
74,410300
21,583300
1,92200
4,150400
1,72100
302,2189800
549,1843500
52,1441100
6,234100
15,430900
2,101600
149,887900
84,669200
38,1205700
26,896400
200,734800
6,271200
22,754900
39,1082300
4,151200
91,1095900
8,332500
2,105600
19,620800
10,323600
10,330800
4,152900
1881,2541500
5369,5108700
10,358800
7,233600
12,353600
84,749200
12,449500
2,181600
21,731700
16,519200
1,74100
4,150500
8,249400
74,548000
7,357600
19,745400
15,580300
317,522600
59,1901500
13,486800
3,203500
32,1263000
6,303800
972,2221200
19,619800
41,1233900
32,1114800
1,85200
29,798500
5,184600
10,347100
86,799200
2,99700
1,72800
2,98800
13,410000
283,1365900
701,1104900
2104,4646500
18,735400
7,391300
468,1799700
16,670600
1,99600
488,1993600
93,1069600
2,102400
92,1149800
153,966500
6,231300
9,279300
2,170300
30,831400
11,342300
184,1809400
21,653000
3,156100
10,336800
33,1000300
15,475700
6,204700
14,434600
20,614100
74,450400
3,124000
1394,2141400
3,141200
2,169400
15,478400
25,872600
108,1502700
2365,2134500
5,274600
94,951400
7,237700
5,173900
2,106500
10,377500
215,950900
3,125000
7,222800
2,116600
4,231500
30,1071500
8,444200
1,118400
43,1283400
1081,1621600
1,108200
12,386900
1,74600
16,447100
1948,2232800
3,164700
3,127500
854,1890700
7,234300
71,528700
4,221700
269,975000
500,667900
22,619100
2,105100
25,707400
16,520900
18,498000
2,104800
649,1280700
13,412100
35,1011600
22,616900
4,216700
28,755200
17,602000
18,596600
17,516400
1,72100
1,69700
36,1208900
2,120800
488,1776200
25,703300
20,906300
25,873700
127,22712200
1039,2244700
11,322800
17,499100
16,557100
94,949200
6291,5891700
83,717300
6,201300
21,595100
3,127800
6,198600
6,195800
58,1754200
6,229300
33,895100
2,99600
34,1025100
297,1549900
4,152300
5,188100
1099,2099000
23,655400
2,109900
2,104300
18,514900
343,1467600
395,1006800
200,563300
8,265100
35,987000
51,1409900
15,489500
2,106600
1,73500
486,2029100
13,515900
9,353500
514,1131600
16,513800
3,125800
8,254700
1,72200
15,549400
336,999300
12,372800
2,98300
86,760900
23,642800
3,123900
590,1448600
1,93600
28,783900
2,98900
2,109300
386,748900
57,1525900
630,832200
6,218600
47,1335300
18,499300
5,174700
3,205200
3,127100
227,1286400
153,995900
42,1292300
166,1636300
16,607100
21,759600
742,2522700
12,431000
18,528900
1,86200
114,1498500
120,1674600
2,98200
21,565900
110,1416700
7,232300
29,866400
979,2072800
2,106500
266,725700
2,123800
12,358500
18,546800
133,376600
3,137700
36,987500
1,83500
1,70000
1,70200
3,142100
168,1276800
159,1295900
9,541900
12,392400
27,917600
5,209600
1,72900
74,455300
20,632900
26,726800
481,1678900
18,530400
1724,2561000
24,642700
424,1704600
1,72600
3,151900
1050,2452600
2,154600
2,98800
2,103600
902,1714800
3,141700
11,346500
130,291200
305,1704500
511,853900
627,675200
6,221800
13,400300
13,409400
47,1309600
27,778100
57,1562300
17,510200
1,73500
5,242800
1184,1099700
1,76800
1,69000
5,169600
50,1387700
2,103500
8,245200
694,918700
28,741800
6,249400
38,1115800
46,1306600
140,560300
2,100000
44,1360200
24,638300
166,1252100
4,150800
4,147600
68,244500
4,165600
30,911400
79,521200
132,414400
14,431100
3,142100
2074,2410500
41,1186900
789,1866000
4,160600
1,73000
2,140100
1360,3037200
13,713600
10,323800
14,404600
25,764600
19,560500
7,282700
2,122100
192,439700
3,137800
2,99200
4,171700
1,71800
6,196700
5,174800
59,1743600
3,207900
6,197900
8,268300
21,653800
50,1320900
3,135800
5,205300
2,97300
5,219800
81,662700
11,336700
118,1801400
1956,2560500
5,184100
39,1274500
8,263100
1,72600
18,574000
143,665300
1,72600
24,683900
5,212000
6,211600
5,198700
8,246400
690,752500
107,1558400
6,280300
5,187900
9,312700
1,71000
86,738900
2,119100
1,90700
24,698200
243,1762100
53,1580300
11,384500
1503,1606200
9,294500
2,100700
59,1633900
7,223900
9,295100
12,388500
86,725300
39,1089900
1,77700
2,112900
1152,1903500
15,441900
12,359300
46,1263000
8,248700
23,635800
11,455400
17,497400
6,199700
27,802600
1270,1906200
588,1282300
34,982300
10,295100
123,1699200
14,397600
11,322900
102,1174200
2,109600
57,1659000
29,815600
8,285400
3338,4151700
1,98000
2,143900
201,703700
34,1188300
9,368500
3,162700
3,155700
22,724900
44,1367400
11,383400
113,1512700
387,898400
1,100900
14,450000
17,529300
10,321700
2,132300
2,128800
3,137600
16,455900
278,1043800
51,1480300
5,309300
2,103000
2,102500
22,647200
4,172000
11,353700
9,291700
29,781900
15,452300
32,1003200
22,618000
2,108200
169,1325900
13,371000
1152,1842800
853,1857200
1,80200
5,182600
7,237700
5,224900
9,288000
102,1110900
9,293900
14,446300
6,205500
2,102700
1652,2253700
2,136500
344,1191900
9,290700
91,1164300
563,755500
10,397800
1,93700
1,98300
4,189500
16,585200
3,156500
43,1457700
8,323400
1584,2445200
3,168300
3,131700
11,331500
9,268400
37,1019300
372,350100
41,1133500
81,610200
29,821500
2,99400
6,219400
35,1074600
6,216300
17,533600
8,256500
22,616000
4,155600
1,83500
98,1045000
2,276500
55,1741900
2642,3660000
2,118900
2,98900
10,355600
12,380500
58,1722800
40,1088700
299,1595100
3,145400
2,97600
13,412800
838,1481900
1,90800
193,393000
4,197200
22,597100
2,109200
2,118500
2,98000
2,115000
3,124100
1735,3038600
3,132000
3,136200
293,1447900
26,782000
8,421000
9,328800
17,486100
1794,2848200
7,260700
5,235900
946,1186900
224,1221200
72,476000
51,2054100
3,155900
45,1897900
1269,1766800
10,402400
78,574500
1,88400
102,1272100
1594,3091200
1504,1946600
34,1149400
9,349900
45,1471100
14,434900
9,442800
48,1381900
2,99000
6,251600
128,382400
9,277600
2,99800
2,98400
27,792200
109,1623200
6,237700
17,473600
66,316900
8,288700
55,1482700
35,1006500
12,497800
1,76300
139,520300
282,1166900
4,156300
25,706700
3,133200
3,154800
10,310800
289,1305700
44,1379800
84,739400
11,327700
376,479700
2,142400
29,847200
4282,3631600
6,225600
23,696300
3,145200
223,1181500
747,710200
11,347700
161,1142300
24,673900
14,420400
377,517300
4,202100
5,220400
3,163600
3,124800
196,434800
14,400700
3,191800
5,234000
29,981400
400,1363100
4,195300
93,1124900
23,801900
323,801700
7,283400
99,1296000
1829,2172900
4,157000
5,191300
23,726100
2,102900
699,955700
52,1429100
1,106900
2566,3287400
29,807900
2,107500
28,1000400
10,340600
4,195700
2,112500
219,1046600
287,1305400
18,500100
407,1229700
4,165300
6,200000
162,1173000
427,1889000
8,271300
2,96300
50,1398300
4,146500
2,96000
2,97900
1429,1184700
49,1294100
418,1529100
8,308800
1,90800
65,193100
24,665400
2,96800
33,998700
4,160700
3,127100
25,679500
2,98800
17,552900
19,564200
58,1577300
275,948800
818,992400
204,697100
2,99800
25,706800
39,1047400
1,82100
1,83600
9,281100
254,379300
752,826500
5,174100
7,242300
178,1592500
9,283000
111,1723000
6,219000
6,254100
110,1328300
1044,2312300
2169,3289400
3,168300
2,135800
3,133900
24,663300
4,149200
33,1148800
850,2166300
7,243600
4,192000
287,1325100
68,292800
2,97600
60,1740400
1,84500
5,177200
19,540400
94,1138800
3,155000
4,194700
47,1409900
29,1051600
2,145300
59,1818900
25,716500
1,72700
151,851200
37,1039400
46,1338000
446,725200
1871,1679000
12,374600
21,677600
63,135700
1376,1434000
2,117700
157,1060600
31,855300
13,370800
3,145800
120,1576200
3038,2294800
1,86800
3,122300
8,246600
37,993300
156,1018000
1,78500
3,125300
236,1515600
3,126000
55,1463400
9,333300
57,1587500
22,798600
2,100000
25,843000
23,642200
2,104700
2,104300
5,180000
11,341500
122,1830500
37,1020100
6,297300
44,1357300
1,90600
5,265300
43,1270000
95,1024600
12,384400
315,409900
4,160300
1,114900
7,302600
55,2019100
30,820300
14,565400
1,106200
19,686900
748,771200
4,196900
29,809100
5,240500
45,1258100
7,229300
2,95500
28,819800
8,283100
13,370700
539,1603000
2,103200
9,277700
56,1588400
540,1737800
27,763800
8,270200
4,156300
30,867100
16,444400
6,197000
2,113100
131,326700
34,1030100
1,94000
2,99900
1,71200
4058,3807300
2,112000
70,316300
4,151000
6,200200
81,640700
3,126300
20,584300
26,762300
37,1014600
181,1697900
898,1528700
18,540200
56,1506700
2,133400
66,196600
45,1198800
2,119200
1179,1239900
16,460200
740,2071900
1,115600
78,486800
45,1205600
7,235200
19,544300
7,237200
2,96600
1123,1084000
394,870300
4,157000
4,168500
13,429600
1349,2737900
458,1303800
422,2030000
3,253700
3,190500
4,184600
15,508500
43,1212000
51,1391000
11,324900
16,513300
4,187500
2,96500
316,420400
36,1174800
846,1756500
2,120200
133,421000
15,571900
22,615500
2,108800
5,221200
57,1768300
180,1601400
449,774200
13,410900
3,125600
1,133100
84,737600
9,278000
13,374300
29,797300
55,1528800
4,159400
1079,1569700
93,1169800
1163,2540400
6,247200
2,96000
11,330300
859,2169200
7,267400
3,173300
447,771800
26,811100
1,103300
5656,4767600
264,715000
3,125400
63,130400
7,285700
4,164500
1,80800
257,478500
86,719000
8,272000
1,72100
9,351300
2,100400
4,162600
64,139500
536,1562900
111,1380600
2,120900
12,347600
2,99800
183,1757400
19,557300
23,839100
432,2067600
127,239800
61,1638100
47,1306700
3,136200
31,907200
427,1739000
222,1413800
22,791700
20,670800
57,1905000
432,2000200
4,175800
1,94000
2,154200
346,1246000
1,74800
2,152000
39,1068700
3,125100
263,637500
19,585800
7,249300
2068,2309600
19,633000
84,791200
4,193000
8,307500
9,329100
51,1445500
68,281600
62,89300
100,1077000
3,124000
17,511900
108,1326700
3,162200
53,1448800
570,939300
176,1892200
6,261800
139,575500
171,1434000
2,99700
2,97700
17,474800
9,345100
36,1190300
261,721500
8,288900
5,215400
79,543900
11,407800
26,1007200
5,183100
9,358400
11,440000
4,183100
717,1470100
2,98900
25,751600
728,1996000
2134,2585100
2,131200
11,373200
81,597500
10,301600
46,1233300
561,536100
2122,2491100
1,93200
330,769800
2,118700
645,1150900
5,176700
462,1139400
124,134200
2430,2264300
5,202800
1372,1660300
37,1053100
4,152000
5,175200
11,470300
2,117100
9,304500
2,98500
2,99800
2,96600
2,97700
1,71400
21,734900
506,672600
19,530500
4,169900
1077,1511500
2,125300
16,493300
20,557800
38,1144900
4,167500
33,1013300
6,202200
39,1269200
3,162000
3,127600
56,1551300
117,1638400
181,2050300
1070,1300500
21,703400
116,1608500
3434,3580300
53,1486300
20,544300
97,1171800
4,179500
23,951700
11,402500
1,84700
2,114700
23,813900
6,238400
46,1346200
758,1011900
1,103500
2,97700
28,742300
19,558300
226,1242900
4,181900
1,80300
9,283900
1,94900
211,802300
6,196600
14,480500
139,584500
6,200300
10,314200
7,237100
39,1043100
6,209800
43,1167000
558,446600
79,590100
18,523200
215,961600
17,510500
20,547700
2,131100
8,263000
7,262300
127,264700
28,752300
7,228900
21,623300
714,1408700
89,879500
2,121700
14,403600
2,106700
11,347100
12,375300
2,105400
2,100700
2,105800
20,566900
39,1068600
2,96800
158,1087200
12,350300
31,1010100
8,248800
11,320900
20,662300
51,1937400
4048,3855500
3,133500
27,759000
8,280500
6,200000
14,402500
3,131900
92,945500
1,84400
1,73500
16,462000
2,157600
4,206700
3,128100
35,975400
12,462800
3,153600
28,799900
26,762800
55,1482100
1509,1692700
13,443800
1,73800
2,98200
825,1280200
2,101700
8,245700
4,146000
120,1607800
24,698700
33,851400
68,294900
4,171900
2,99300
4,165500
10,305700
40,1172400
2613,2176700
2,104700
497,391900
2,97500
1198,1445500
1,74600
2,119600
5,334300
94,1149000
15,551100
3,227100
90,803900
33,1006900
13,384600
9,285800
9,294800
4,180900
9,297800
16,555000
2,114800
93,973300
407,1327500
2,142400
4,167900
91,881500
43,1220400
4,169200
18,629700
6,247300
9,282100
19,525300
308,2176300
2603,3756800
12,356500
7,245400
22,646700
19,513600
17,638000
2,120800
5,170500
93,900900
529,1299500
3318,3224300
8,266700
42,1183800
12,348100
3,123100
2,113700
4,146500
1686,1920200
4,187600
31,885600
4,149100
43,1244500
4,157400
3,129900
9,278900
5,179000
2,127100
2,97700
244,1850800
3,235300
18,551400
2,121100
4,160900
24,1018100
18,601400
2,100600
1,72600
5,184900
2,117500
19,626500
1,71900
2,96900
152,821500
2,128100
159,1194700
127,233900
1,74900
1389,1785000
634,878000
4,154500
238,1628200
5,198100
168,1303200
2,153300
17,626900
96,1053500
214,1092600
25,814900
141,594700
5,264300
18,562500
4,160600
1825,2205900
8,293600
2,99400
25,683000
8,248900
2,190000
118,1832000
20,591900
32,973200
11,382200
724,1573300
2,100400
1,71900
7,232600
54,1652000
29,904000
40,1560700
2,128200
32,872300
14,466400
4,183100
144,675500
2,106600
69,278100
8,250900
46,1271900
14,392800
164,1256300
7,237400
5,185700
876,1231800
7,287400
1,137000
4,236800
16,551000
54,1556300
45,1195000
5,228700
77,546700
2,96600
226,1516400
6,320800
4023,4962300
146,801500
27,705200
889,1223700
11,323400
10,297800
82,727900
11,366700
265,685300
5,205200
5,197900
748,735700
34,969700
10,304800
5,171600
11,383500
6,262800
17,514400
49,1503800
3,159700
46,1305300
34,928800
289,1296100
41,1150500
687,774300
32,872800
4,149700
6,243500
29,792700
2,99100
3,133100
626,782500
46,1299100
2,111100
9,315400
295,1491300
4,164300
8,336300
27,825500
209,740300
33,1107600
418,1553000
1,94100
2,122400
7,401200
52,1454600
8,249100
2,97900
4,200700
3,174700
152,957400
32,1069300
12,517900
7,238000
2,100500
2,97300
7,366600
2,137100
2,123800
1912,2967400
20,632200
2,98600
17,489800
1,89600
2,111100
14,499900
192,450800
11,348800
2,243200
56,1689000
101,1121000
35,1068900
20,561100
2,99400
7,252500
1,72200
3,133300
46,1218000
3,173000
17,523600
22,600900
7,232200
2,99700
5,230400
4,160200
74,441600
2,100600
48,1356500
572,869900
52,1388400
111,1336100
6,200000
26,729300
2,99700
3,123300
5,479800
1392,1923800
108,1338100
8,279800
126,180600
1,99100
5962,4832800
16,516300
2,131300
2,122400
14,440900
1633,1911600
2,106500
11,383700
57,1507800
1212,2046200
43,1179100
3,136400
221,1376600
4,153600
3,122100
10,317200
27,812100
1075,1423500
12,368100
125,184200
2,102100
306,1813600
3,144100
3,134000
15,434000
4,149100
6,198000
18,575000
11,356300
9,288900
4,148400
3,122500
42,1149200
2,104200
6,198500
22,671800
10,338400
213,854300
3,151500
1,116800
4,287600
1,106100
86,793100
4,159700
44,1283300
94,990100
25,745800
42,1134800
2,106300
10,319500
56,1591100
7,257300
3,135800
2,97000
1,72400
12,357800
47,1271800
2,98900
4,148500
23,655100
5,198800
62,87500
3,125000
16,452800
2,96600
2,116700
596,1833300
86,875400
4,245200
189,357900
22,841900
17,571300
9,316200
15,451700
33,998600
6,221300
13,399300
79,587100
6,202500
922,2468200
1,99100
2,111600
4,161700
14,444000
1,73900
29,822900
103,1137300
52,1358100
17,514200
1,73400
134,423600
4921,4481300
4,217200
395,1256500
3,139000
2,102300
5,195400
10,308900
9,336800
51,1370700
1,72700
6,292300
692,821200
29,804700
7,223800
244,1628000
2,98100
25,683300
1,69700
6,197600
45,1463300
30,822400
2,97200
3,122100
54,1599100
11,354200
8,262400
2,113600
2,97600
2,96600
32,1025700
21,705000
2638,2945100
13,433400
2,112200
3,187300
1743,1597400
123,1783800
221,1103600
28,816100
42,1159900
2,104600
8,276000
5,175800
25,781300
7,244900
3,144800
240,1655900
3,170700
1,72000
1,74700
28,846300
2,101200
17,555900
8,285000
1,75700
5,177800
57,1684500
5,182200
3,219000
8,368900
24,810300
3,146300
7,254200
99,1160700
2,108600
514,1098500
25,834800
326,737100
8,293400
2,150500
1025,1812900
1011,1284000
134,519700
3,136600
78,550300
119,1752900
64,190000
7,239500
1,74900
1,72800
34,1018100
133,514300
6,267700
1,89600
3,154500
15,554100
5,221800
3,159400
200,687900
17,622800
43,1414600
14,421700
2,133900
588,1282700
80,641500
22,764100
24,706300
4,193200
6,201300
3,124100
14,483600
386,712300
2,158000
4,210900
4,150700
2,97600
6,199900
12,353000
5,207700
4,156800
12,455300
2,105200
1,104800
1097,2487000
1,85900
23,653800
3,126200
35,1008600
4,148700
39,1095200
136,465600
4,154700
1,70900
1,82900
365,1741900
12,435700
1,78500
103,1323700
2,162400
656,1488300
13,416500
15,489700
1,71900
6,215000
16,444900
1,83600
32,1024900
2,152600
18,575100
1,79000
2,123900
9,293100
67,257100
28,790200
24,675200
2,115100
39,1388400
6,256300
2,132600
3,158300
2,131500
6,220700
8,331800
96,997200
183,1721000
61,1667000
37,1027400
28,784000
220,1143500
94,943200
246,1885700
17,487900
4,148000
1084,1658500
2,105400
32,936800
3,123300
4,145300
1,77800
3,121200
9,283800
30,835200
9,307700
2,96200
259,512800
33,913100
2,96800
352,1385400
531,1350100
49,1314900
12,342900
87,733700
19,547300
300,1849000
5,260100
4,189600
2,246100
11,421200
35,926600
203,754800
5,186600
24,810500
10,356600
722,1648500
5,179700
9,302300
145,683600
240,1590900
4,227900
9,307000
4,174700
367,1801500
111,1443400
12,348000
138,546500
27,769000
31,886600
264,691900
5,179600
4,159000
13,424000
137,563700
8,252600
11,338700
27,841900
434,379300
10,306400
54,1464300
2,99600
20,546700
38,1088000
2,106100
38,1213300
1,96400
9,297500
43,1195700
159,1066700
25,719700
1,73800
22,666400
7,285000
1628,1740200
23,639600
28,1113800
2983,2913300
1,94600
199,533000
18,500900
1,72800
356,1647100
228,1351500
66,194700
80,639300
17,741500
30,918600
449,769800
53,1463500
49,1313400
2,121100
8,300600
8,409600
1583,2234100
48,1376800
3,124700
99,1159200
2,140300
1,80200
33,888000
12,378500
1,106400
2,132200
16,511300
28,813200
10,330600
2,108700
126,207800
15,423000
21,687700
2,125300
15,472100
89,977200
22,775700
10,392400
2,120100
44,1427900
598,1635300
35,1192400
3,129000
32,941200
11,328800
2,108400
12,363800
174,1727200
3,169000
3,124400
2,131500
25,686100
34,1118700
20,705900
227,1558400
19,704500
7,300100
4,185200
2,120900
20,729200
297,1836700
54,1589200
1061,1448400
53,1503200
105,1286200
141,862500
33,875500
36,1127400
245,1732400
161,1170400
3062,3030400
16,490900
1,73000
11,329300
3,134400
156,1076600
334,1421500
1694,1991300
2,113900
88,820700
327,979600
25,905800
2,113400
6,210800
8,273000
1,86000
2,109100
21,596500
119,1635200
25,667700
2,122700
36,1001000
229,1874100
23,847500
27,909300
5,253700
2,107100
32,1026700
2,106000
2,97900
2,97500
2,129000
7,236600
1518,1971800
53,1544100
4,164400
626,709800
103,1276200
26,754000
8,283600
2,100200
2512,2780500
1,81400
3,135700
39,1066600
32,868200
34,923600
5,191200
24,694000
6,211400
14,396900
47,1362500
14,435700
454,911900
561,509900
38,1037100
32,876700
4,150600
12,359000
3,181300
5,185200
35,954400
8,297000
5,243900
4,159500
14,424300
96,1248100
42,1116600
5,288300
14,439400
20,556700
65,177300
4,198400
2,137900
2,104800
4,239200
153,879100
2329,3095300
26,822800
72,371700
238,1611100
3828,4503900
9,411600
2,112600
80,585800
1,80800
2,107000
335,1060200
173,1472600
2,107600
3,173500
18,506900
3,143700
6,319500
5,251500
2,124100
11,327500
70,300000
5,173100
14,668500
644,1193900
19,634000
21,873700
2,121200
3,126200
258,517300
2,111100
273,896000
15,447500
266,723900
42,1130200
27,777600
302,2007000
10,330700
8,275800
18,533100
50,1404200
4,197300
3,153200
171,1376200
4,197700
3,148400
82,586300
251,329400
358,2041700
69,279500
8,262100
35,1009800
635,947000
2,155000
40,1094200
170,1377300
159,1108400
45,1515200
28,767200
90,881600
3,129800
4,160500
36,974300
312,346800
3,125100
1,90400
1118,927500
1,76700
351,1703900
11,438800
1,87500
2,104000
9,280700
6,204300
2,105200
2,218600
474,1412500
21,707000
2,112800
5,204200
8,307800
1,73000
2,98300
63,121600
2,98800
4,169600
9,297200
53,1420400
19,648200
71,358800
49,1339900
1,72300
136,453800
4,146800
110,1318100
9,271900
3,143400
761,1049300
2,104200
14,413700
2,98000
2,97300
33,889500
23,729600
20,598400
27,823000
10,315000
629,768400
1,73700
1,82600
6,198800
22,651000
9,274800
22,604400
135,453500
267,751700
11,327100
3,123200
41,1105100
2,105000
2,111400
1,72200
1190,1281500
1315,1468400
66,226400
5,181700
6,202100
1002,1151600
80,554000
2,102700
2,101700
1115,3025700
44,1355500
7,233500
128,243500
128,252500
30,831600
56,1519100
2,104800
3,124000
3,122200
58,1538100
16,460100
234,1462000
4,156500
99,1108800
25,705100
140,603600
2,156600
560,606500
50,1364900
3,122300
2,96100
43,1399400
4125,4204700
2278,2973700
219,1140000
355,1479500
735,2049900
1,73800
7,220700
1529,2342400
2,160700
1,114000
2,182600
18,565500
305,1732700
24,648500
204,713600
68,262800
101,1071900
665,1658200
15,496600
11,339200
3,124600
8,249400
3106,2690500
12,368200
53,1480800
1,75500
71,323200
2,96800
286,1479500
6,230500
102,1484100
2,102200
4,227400
226,1310500
1,80900
63,235400
2,121500
9,326200
7,267700
121,1704600
205,786500
15,459900
391,922200
1,75400
4,196200
2,98400
1,72800
2,97500
370,1902800
3,145000
216,1030400
120,1640100
6,210900
36,1037700
51,1767400
134,402000
13,408400
2,110500
4746,4516100
41,1131700
4,149000
52,1452300
23,663200
33,1022800
1,103500
2658,3749900
357,1699300
27,778900
1,82100
38,1123100
3,126500
4,202900
866,2444100
70,307100
14,419000
161,1236300
71,367100
2,113700
300,2097100
1109,2451000
2,129000
108,1618200
2,155200
75,595200
2,118100
373,493700
18,532900
175,1590800
209,790500
858,2121900
5,204100
10,381800
12,433700
414,1605500
4,172200
9,275200
17,494200
2,125200
236,1526200
25,721700
80,598100
52,1458500
1,75700
80,625600
226,1387200
7,235400
40,1111600
6,254100
4,160400
4,148000
12,355800
2,102300
11,442300
3,164200
4,186600
67,271200
54,1596600
3834,4715200
114,1596700
109,1344700
927,2444100
2,131800
23,729200
4,160600
19,526500
451,949800
79,533800
333,1095300
6,255700
2,120000
2,121900
42,1410600
3773,4194000
2,153200
198,517900
70,320600
29,804300
56,1605900
22,953800
3,140300
8,255100
337,1089800
29,777300
1,73000
4,148900
32,1009200
491,1995300
91,946400
86,727600
20,634700
6,200200
8,243800
2508,2951000
2,151300
4,152600
29,829700
2186,2104600
258,25784400
10,335800
1,73700
8,297200
20,662400
39,1106000
5,261000
20,600600
4,161200
17,495300
542,1767500
60,1594700
27,823200
4,155300
2,119400
3,123600
172,1386900
64,141300
2,109900
21,570100
1,96200
7,224100
14,432900
17,466800
7,219400
3,125000
3,123600
2,135500
14,490200
3,131900
60,1583800
20,554000
2,99300
1,71200
359,1575200
43,1178700
97,1013400
1380,1532500
10,311000
6,201700
3,123700
28,1048400
8,257500
1,88200
17,535000
14,435100
22,592300
2,96100
105,1383100
13,395200
18,637100
37,1083500
3,132200
2,142400
2,109700
334,894500
12,411300
118,1710900
36,1009400
144,747400
1,80800
1,73100
39,1048100
8,323000
24,654200
3,122900
16,542800
2,100100
2,127100
105,1203200
5,186900
1,100600
59,1571200
312,318700
18,496900
2,114200
9,275300
628,725100
127,215500
6,208400
32,895000
3,151100
88,774300
4030,3079100
57,1617500
29,831900
3,125700
21,566600
1540,2849600
23,731200
25,797600
1,101100
25,671700
1,82000
2,132700
1,121200
2,116900
2268,2788900
26,762500
100,1124400
14,480500
23,628400
14,436400
877,954500
739,2019300
1509,2177100
711,1412700
122,1768100
14,437400
22,599100
6,223300
5,204300
6,241300
3,121400
2,91800
3092,3742700
4,194200
15,473000
12,351500
7,224300
36,1006000
34,906300
55,1520300
16,462100
611,2079300
21,624000
5,200700
86,779000
7,254900
4,147300
6,225400
3,126300
5,174600
275,956700
125,171800
1,70300
1,69500
17,502400
5,170900
11,345300
327,691700
177,1483800
1,129800
6,218300
14,438600
26,692700
87,772800
45,1304100
6,232100
22,615600
12,348400
5,270900
1,143600
1123,1129000
2,122000
1,77000
2,103900
7,238800
35,1307400
169,1293000
24,683600
16,457900
112,1489000
13,387500
48,1344400
4,153200
2,97900
1,78200
6,227300
3214,3712100
21,617000
5,174900
23,657000
308,1796600
1,77600
13,629800
125,219200
354,1614700
129,319300
1,73400
1,72300
5,222200
29,808800
4,156000
10,327400
3888,4002400
34,928800
11,340200
27,730300
42,1161400
1,77500
2,115800
530,1330000
1,83100
2,96000
4,191500
8,253200
7,221100
4,166700
956,1568700
13,470000
1,86800
163,1458200
24,859600
61,1666700
74,517300
2,128300
2,100700
8,269200
153,975200
76,482200
361,1602600
224,1130200
4,157200
94,929500
21,569100
2,97800
70,366000
22,645400
5,171200
4,147600
7,217300
3,140200
652,1455800
2485,2093400
2,104900
363,1672600
2,100800
1,73100
18,555600
398,1128200
2,116700
2,105200
16,495200
1,72100
26,847800
1431,1372000
24,773400
175,1528900
21,611700
8,352200
230,1586200
14,432100
10,320900
2,97900
117,1659400
1,75800
536,1521600
1,88900
11,342100
30,824100
137,458400
116,1667100
2185,2349700
127,219900
2,107300
32,1046400
1979,2779300
358,1651400
949,1282000
572,918100
142,615700
97,1094400
615,2009300
3,130100
10,363800
107,1377700
2,167300
1,77200
25,727300
8,248000
8,268800
2,136400
2,111400
30,877700
7,234900
875,889600
15,482200
2,96200
148,782400
80,560200
37,1318000
115,1670900
2,169800
188,486200
2,107800
3,184900
27,838000
14,403100
40,1193900
6,211200
844,1968000
26,791400
11,342200
2,95400
2,96900
14,421600
2,112800
2,112300
68,244000
4,154300
14,397600
838,1454600
345,1237500
15,431600
62,84300
372,402600
8,298200
15,424100
129,272400
69,306900
1,72000
8,249000
88,770700
13,380100
19,676100
27,753600
39,1157500
147,868800
20,720200
5,216400
373,367800
3578,3945900
13,401000
33,888300
3,131100
55,1462300
2,95300
83,669000
132,389600
2,150700
2,103600
918,1980100
35,1187300
13,518200
6,203900
4,192400
2,100100
14,443400
10,311700
4,175000
5,195200
117,1532500
5,172200
3,122400
4,169800
30,920400
106,1192200
2,100700
105,1190300
4,147200
9,345600
51,1537300
33,1165100
158,1287700
2,122400
234,1816600
1661,2874600
2541,3510900
20,632400
2,105100
1,73500
4,174100
2,99300
12,513600
182,1809500
2,133900
3,171400
18,560900
1,73600
127,272600
11,335700
3,127700
505,634100
2,100400
25,833300
80,575200
33,964900
12,383700
81,652100
2514,3425900
6,257600
3,132100
37,1187000
50,1434900
17,538900
1,73800
291,1472400
183,1701600
1504,1574100
8,273300
115,1456200
13,374000
147,757500
17,532100
7,224100
2,97900
7,223300
26,894700
7,225400
4,169900
8,256200
109,1321400
8,267900
168,1477200
4,165600
176,1911900
2,123900
1,73200
6,208600
15,450100
2,129000
4376,4430200
579,1006800
8,284400
16,480600
3,123500
2,97000
1926,1676000
6,210700
359,1583100
6,212000
2,120800
1,81800
8,253400
67,261600
31,836600
12,405300
2,102500
1,118000
1,74200
4,203400
2,99100
38,1028700
12,424000
36,963700
128,249200
10,353700
3,123800
9,276000
90,1000500
386,675900
77,503100
74,416100
8,259500
6,195800
1,70200
1,76800
313,326900
54,1460600
45,1293900
1681,1635500
11,334400
6,201800
231,1397900
1,94200
1432,1298800
1214,1809200
48,1377800
2,115600
4,169400
8,290500
5,194200
2,111900
547,1819500
10,307300
12,353500
71,378400
2,102000
12,371200
1,72000
2,103300
20,553100
5,173900
2,104300
14,417000
1,94900
131,309700
44,1395100
16,645700
4,209600
456,1122700
8,258800
8,248800
393,1227400
83,805000
1,77600
4,171900
2,99400
5,185300
26,724600
3,124000
133,416200
49,1331900
36,994600
6,223700
3,138600
4,160000
35,1033700
99,1099300
8,282600
2,98300
2,96900
2,102000
35,998600
629,851700
2,151900
104,1297600
1,98800
3494,3556900
119,1671600
2754,3051100
5,188200
46,1338900
38,1024400
150,851100
4,171600
114,1464700
4,174400
9,280300
6,204500
2,99000
2,98400
17,518900
1,80800
28,899100
35,1198200
28,850400
12,384800
17,472700
39,1182700
1286,2215500
3,129000
7,245100
127,233700
7,250800
186,251500
59,1625500
9,289800
76,489500
3,132300
55,1666200
18,564900
9,282300
99,1176600
30,806300
68,356900
28,796500
5,182700
6,210600
5,191700
2,145100
3,126900
1,76000
1,83300
1,77800
4,170100
10,305800
73,372600
302,1674800
2469,3324300
44,1178600
10,336800
11,368100
875,868300
1,74400
1,86300
1,73200
265,672500
1,73100
1,70300
7,218600
43,1214400
101,1475600
2,179000
61,1848200
1,81500
2,101600
164,1276600
1,83900
1,74700
16,451200
484,1684700
4,161300
16,496800
9,271700
66,188400
1081,1823400
84,751700
2,121100
3250,3179800
1,80500
194,407700
2,139200
12,399000
2,121400
186,163800
36,1020600
6,223200
111,1416200
2,103900
10,337000
34,964100
37,1101900
10,307600
4,151800
43,1192900
1,92000
2,101500
8,250100
4,148900
109,1439000
2,118400
144,777700
7,231400
656,1506600
232,1371600
1397,2180400
3,140800
2,124700
174,1464300
21,912000
16,513800
213,950000
78,548400
2,117700
1546,2839400
3,130300
2,110400
10,298600
1016,1370100
3,123600
57,1497100
2,145800
20,557300
3,123300
5,190400
4938,4973300
6,259500
12,411100
6,205900
3,128700
2,98500
5304,5630200
2107,3173300
115,1466600
231,1377300
1188,1151300
1,106300
3,218300
46,1277000
149,879300
18,580700
5,272300
3,183800
2,102400
11,376600
8,270500
3,192600
7,389400
1,119400
10,306000
34,958100
22,615900
284,1352400
68,251300
4,239800
29,943300
1,73800
21,646500
1,82400
2,112700
7,283900
3,146000
4,148600
2,98900
21,569100
89,852300
17,520200
4,195800
9,323600
11,490100
3,131400
330,815000
256,467800
1,81800
4,149900
23,641000
32,1018200
108,1492700
4,154400
4,152900
1,70600
3595,4356100
48,1406600
3883,3925700
6,212200
26,742500
3,163800
138,509700
1,72400
2,110600
2,97700
14,460000
2958,3457900
7,248100
78,643500
35,1011200
2,130700
643,1111900
40,1300500
5,190300
195,482200
8,315500
3,129700
2,103000
177,1520600
69,262900
1551,1211500
18,500800
2,103400
13,402200
1245,1144300
4,152300
8,314600
4,174700
3,170900
3,122900
1,83800
10,296500
257,643000
109,1315300
617,2147600
506,848300
1,92200
2,101400
1215,1924100
82,634100
2,100700
330,832100
22,619500
4,164800
3317,3320100
3,138000
6,214200
54,1625500
5,179600
22,763200
3,167000
12,499200
114,1525200
122,1677900
253,368800
8,247700
4,149400
1,71500
2,96400
226,1294100
111,1468300
765,1194100
18,676500
80,592900
2,100300
3,161700
36,1250800
11,341800
103,1457200
844,1775300
1,102800
2,265100
11,522300
132,421100
4,153200
2,98900
1,72800
12,363900
11,360500
60,1672700
4,157700
60,1659500
205,684200
11,331700
36,1036000
62,95700
103,1098900
939,996900
23,636600
10,314100
216,969900
3,175500
2,107900
2,102100
2,111700
4,174600
33,1010800
2,96800
1,70500
105,1408600
1,84100
27,833600
2,102100
2,99400
4,149700
49,1440300
21,623200
7,309100
243,1795000
14,397600
3,131900
1,69900
1650,2174000
6,220500
92,876300
6,237400
200,619000
517,1072500
2,191100
44,1199900
198,544400
4,147200
13,371400
4,174100
2771,3385200
22,691800
14,445200
6,242600
15,517100
30,1076200
1,87200
34,952300
274,1004300
5,184100
1,74400
76,486900
64,152600
33,986600
405,1148700
1,74200
9,354500
32,1069500
199,620300
26,701700
1,72500
3,173400
8,327700
4,175000
738,2068800
44,1336800
4,189800
107,1294400
23,688700
9,276100
3,170800
15,462900
41,1326500
1,83000
426,1844800
232,1451900
259,521300
1,97800
7,225500
2762,2986300
11,405900
157,972100
7,243700
2,119600
2,106600
81,658400
119,1630500
4,154000
14,408300
15,479200
8,306200
4,159600
7,284300
23,704400
7,312700
3,182700
4,192500
3,169500
73,476200
40,1215300
17,470100
17,471400
3,179900
21,628700
2,99400
4,149100
2,98100
3,123400
470,1383000
2032,2765100
8,270400
7,225400
19,699400
919,2254400
14,510600
43,1153900
1938,1842600
2,101200
285,1179800
4,157200
7,242100
69,270100
4,167800
1,74600
10,333800
18,498500
36,1053100
5,204700
14,547300
242,1626100
2,100200
5,179400
1493,1347800
2,104700
23,879200
1394,2252600
41,1253900
21,635300
4,158400
8,260400
50,1484100
6,208200
57,1665900
129,319400
2,171200
4,201200
31,912800
6,204000
14,497100
130,328500
19,692300
17,518000
2,140400
2,115500
2,116800
2,109200
1,93800
131,378200
69,288400
35,986600
2,100300
16,803300
1,134200
13,490700
18,550000
63,161100
46,1486500
10,356700
2,136100
11,464100
862,2214000
409,1261200
8,273500
26,761500
33,1033100
1019,1644700
411,1557000
1,79700
11,330700
88,816100
767,1547300
2,134100
2,139400
37,1063000
33,1083100
113,1648600
2,121700
40,1149000
1,86300
10,320700
6,199500
15,494600
6,215300
70,299400
7,281000
38,1076800
2,100700
59,1736500
50,1404800
108,1333900
8,290300
20,553300
89,907400
146,790500
8,277400
14,745000
5,329900
11,589500
2,106500
17,577800
2,126400
1,85800
2,114000
17,552400
30,894200
4,156900
4,167600
12,352400
61,1717100
3,130700
40,1214000
5,183900
2,129200
133,374400
307,2157400
4,205200
1300,2948600
19,773700
43,1477400
1,75200
112,1536400
1,77200
3,141700
1,82800
29,865600
19,566400
11,362000
11,348100
555,2100100
2,118500
2,111400
4,149500
16,497200
20,751100
92,893900
20,622700
17,545100
4,173200
1,72800
3,139700
48,1389700
3,133900
390,818400
291,1380200
23,915800
973,2210500
2,116800
2,112200
60,1733500
82,662100
6,261200
35,1158600
5,195500
9,291900
23,735000
8,265900
134,431100
860,2347800
43,1242900
32,985400
5,199400
40,1202700
5,224400
32,987600
5,219900
2,129200
452,871100
42,1179700
54,1596400
1,77100
24,723900
11,358600
33,977100
6,216300
15,627300
2,102400
1,73800
2,98800
776,1522900
3,129100
38,1057300
2,132900
28,819700
17,507100
18,538800
4,169100
2,99500
144,644100
5,221200
116,1570800
12,666200
1,91100
9,285400
1147,1825600
1126,1257100
4,169200
2,111300
549,1976800
4,194500
5,213400
7,246800
20,558100
15,432500
72,441100
901,2295900
6,245100
394,917000
31,1020900
555,2131100
6,241600
7,302700
26,1103500
2,127600
12,389700
1,79000
23,628400
69,377900
54,1727100
1,123100
57,1598700
2,132200
2,133700
136,657000
95,1100500
7,239200
1,75800
51,1532600
6,259400
49,1573900
11,346000
2,104400
3,130100
2,141900
25,814900
10,337700
3,129200
8,253100
7,227900
1,75100
134,420800
4,173600
103,1551100
842,2057000
2,115200
12,406500
312,341500
932,843400
8,260600
2,101800
1,72700
16,673000
1,109000
13,451100
546,2053900
1640,2174600
1500,1538300
1,122800
1,99100
67,266100
1462,2210800
25,784800
2,99000
27,860400
61,1768100
24,694500
12,345600
2,99100
22,697100
5,182600
1,73000
2,121200
113,1412500
8,278400
8,248800
27,773600
3,145900
16,487500
49,1384900
3,125200
435,377100
5,187300
2,98700
8,273700
2,106200
1,71800
1,79200
66,210500
185,1719300
36,982000
24,1002900
20,911000
58,1649900
6,224300
103,1169900
6,239100
3,156800
5,210300
1,72300
5,199900
67,217700
167,1326800
4,204000
66,194900
3,157200
2,104900
11,333000
2,108100
13,477700
1,106300
91,838700
289,1310800
4730,4543400
7,244400
9,274200
19,710600
4,193800
51,1638900
7,248500
4,159500
4,149400
23,626000
7,294900
4,215800
4,185900
2,127600
62,112800
36,1167700
6,212900
10,316500
4,156800
4289,3658700
95,991300
55,1458400
12,348800
74,413100
11,365000
6,222100
1567,1751400
3,140300
1446,1661100
4,155100
584,1166900
1,74400
5,182800
12,361000
30,903100
6,206200
2245,2006700
4,200800
17,512000
2,98100
20,540000
2,96800
62,85500
492,2142500
7,255500
82,597000
153,903800
3,120400
2,94400
108,1265500
1,71400
38,1054700
2,104800
2,98900
106,1624100
359,1620300
541,1735400
4811,4626200
2,116100
23,612700
14,435100
2061,1931500
12,359100
5,173200
1,70100
5,182600
2,105100
69,263700
2,264700
4,182100
3,125700
406,1222400
4,196800
4281,3218500
4,161200
3,124000
31,882200
5,208700
39,1057800
2,100900
77,523800
25,670500
5,187700
2,110100
6,198900
78,518500
26,693200
2,109200
131,311400
460,1031000
1,90000
13,372000
2,113900
2,96000
10,308600
47,1521500
1,114300
2,142200
2,130500
74,448400
2,134400
11,325300
3,121100
551,2137200
56,1684100
2,114900
4,150500
4,176600
159,1045900
3,175200
6,280400
84,666100
9,305600
7,240700
13,409600
2,105500
3,127500
40,1282100
5,233700
54,1709400
1,73200
12,407600
24,865500
3472,3324200
56,1869700
31,928700
41,1141100
2,110200
1,74600
83,663700
3,166200
29,902900
3,130400
31,838000
13,405200
188,232400
2,137900
18,498500
19,517500
162,1453400
13,570000
3,178900
13,472700
39,1245700
16,498900
23,680600
8,277500
76,459700
42,1194600
5852,5519500
39,1079900
8,324200
105,1208700
788,1724200
2,98900
5,202900
635,897300
11,384100
29,1088300
1,123300
2,103400
1,191600
23,656900
50,1523100
7,240700
6,200300
15,559300
6,224500
513,924700
13,421500
49,1309900
1,71800
585,1149900
6,207300
326,699100
2,119400
523,1095100
798,1961300
173,1835500
2,100400
17,477100
42,1227100
25,696800
15,491400
128,260300
67,224600
3,137800
12,371600
704,1153900
11,349800
7,574200
16,585600
2,124400
50,1407500
14,430500
10,387500
3,163000
2,106300
2,111900
3,125100
38,1092300
417,1830700
15,425900
8,246700
638,1006600
144,675400
4,150400
4,170500
72,338800
19,516200
1,70300
646,1195100
2,96300
3,120400
49,1373000
143,654000
9,326500
4,147300
4,146300
29,881800
23,821000
324,666000
508,815000
2,108000
5,191600
62,148000
32,861700
2,159000
11,368100
30,839300
66,213200
112,1407600
4,146200
4397,4780800
31,859100
5,180500
2,95600
7,222700
147,730900
950,1248400
4337,5432400
16,502600
4930,4805500
2,114100
21,614500
13,369800
5,169300
15,443700
3,148300
42,1126700
585,1141200
48,1521800
2,103400
173,1419300
1,75500
5,174900
15,447100
288,1298400
134,381400
4,169100
29,794700
4,211800
35,1217200
5,216200
3,151100
6,219000
271,867700
5,209600
34,963600
100,1193200
239,1608300
14,405000
32,877400
9,315900
21,567100
1,81900
7,246000
1,70800
26,876000
30,820100
23,858600
3,126700
8,250900
3,146500
5,174300
1,67700
536,1840400
179,1965400
171,1565700
44,1156900
2,104000
44,1276800
2,113100
2,96400
349,1299200
21,667700
2,132300
2,118000
43,1154000
8,323500
1,79700
2,97100
63,110200
74,387000
6,235400
50,1417100
6,205900
1,143300
4,161700
135,460800
134,385800
5,172400
3,121300
2,136700
4,147200
2,144300
2,133300
4,148400
8,246700
1,113900
36,1060700
357,1691600
467,1229300
2,100300
17,554900
17,470400
5,182100
3,130600
3866,3903300
3,169400
442,717700
177,1817000
2,106500
64,168300
2,101000
7,235600
452,916800
2,108800
242,1736100
1,87800
147,776800
10,296700
6,196000
4,148700
6,231200
370,1818600
4,186400
1398,1938400
6,213600
43,1164100
2,108200
85,733400
195,535900
2,98600
1,71700
1462,1972600
1,71400
1,68800
28,1042500
3,160500
32,918100
1,85100
2,132400
2060,2014200
88,733100
1,105500
1,89500
2,101900
2,99900
39,1179200
1,81300
982,2261600
1,81000
19,529100
113,1532000
3,129400
140,680400
154,951500
1,75700
5,181400
9,383000
37,1014400
2,100300
4,204600
86,860100
598,1542200
8,321800
2,98300
81,597100
16,510700
2353,3303000
6,200900
6,206800
1,71200
54,1453600
51,1470800
192,388900
24,770000
21,578500
146,770400
16,566300
18,628000
2,136900
2,100400
10,303400
14,397900
4,215300
31,871100
2,102500
66,197200
81,622800
3,129800
35,980700
7,225300
306,1766500
32,870100
51,1335700
8,258800
9,296600
2,98200
40,1068000
236,1474600
16,465400
4,148800
10,305500
29,892900
2,99900
1,70400
3,129500
2,95700
5,184700
7,243500
44,1251000
6,313300
10,466600
139,764800
3,127700
13,405000
448,827100
213,1016600
1,116600
1,101800
2962,3706700
129,370200
333,902100
10,323700
338,1016000
1,84100
1,70900
171,1337400
8,249100
1,70800
141,633700
234,1440100
27,792000
1,72100
29,799500
2,98000
1,115200
404,1359100
4,151700
12,622200
10,325400
1432,1365100
45,1264300
5,172500
1,70600
7,235300
65,179900
926,2178400
5,195400
5,174800
5,190600
49,1320800
8,247500
11,322100
78,553400
2,98200
53,1436800
4,148600
1,76000
21,579000
2,95500
2,110800
2,93900
12,449100
20,548700
16,481600
14,429800
7,401700
4,157500
225,1210200
2,112600
149,763300
6,228500
11,413900
1,94800
41,1178200
21,619300
50,1388900
29,815000
2,98800
8,293700
36,1043300
671,1845000
64,160700
16,463300
4,145200
4,154400
157,986300
11,343100
1176,2388000
5,261400
4,184100
50,1419200
4,159000
3,126800
16,486800
25,763800
3,174300
6,230600
75,425200
4,184800
2,98100
6,196300
2636,3065100
2,146000
5,226400
218,1038400
46,1261600
6,201900
1,70200
8,242700
16,521800
2,127800
2,121100
65,175600
20,558700
1,71500
349,1410100
89,913000
178,1682300
11,345200
140,598800
1256,1352100
4,169300
48,1267900
3577,4041700
3,172900
317,492400
1303,1200100
3,129000
110,1503900
106,1377900
4,154100
50,1407300
1567,2178400
161,1113500
2,107300
48,1278300
41,1214300
1,74000
8,255700
60,1624700
18,527000
1,72100
3,187400
84,684700
12,452200
2,202700
220,1334700
78,563800
10,335400
131,416300
7,256100
4,150800
15,606300
2,98000
5,239600
627,698500
24,735000
6,364900
39,1200200
1,105100
51,1371600
4,180800
116,1513300
11,351900
85,651900
36,1007200
6,199100
5,181400
4,163500
114,1426200
9,299900
2,97300
1,70200
3,166700
16,866900
7,493300
40,1180700
3,126500
1,72000
48,1378500
785,1953000
1,94400
1,73000
26,1034000
772,1459600
14,427800
2,98900
46,1189300
1,72300
4,164800
157,969100
7,247700
11,345900
16,438200
26,725600
7,280800
3,143900
4,148300
25,735700
1,78700
1,71400
9,296800
656,1515700
18,508300
266,824600
5,202500
12,349400
82,594800
4,158100
139,536900
116,1722400
3,204300
159,1104800
10,331800
20,553500
146,807900
4,159400
114,1421200
2941,2918900
2,102200
6,194300
16,457500
7,256000
131,306900
2,97200
8,245400
2,129500
11,445800
2,117200
16,1212200
1,169600
18,574200
23,702400
344,1220000
9,276700
17,514600
4,190100
271,1028800
2,103000
4,285800
20,760800
3,128100
72,379300
1,80900
2,165800
197,505400
11,362500
165,1187400
1,74200
37,1013000
177,1492100
5448,5675500
13,439900
2,97700
19,508100
6,217400
12,387700
4,146200
1,71500
460,1058000
1,76400
792,2213700
15,469900
4,154300
3,125100
3,216200
46,1252700
5,193800
57,1909400
46,1574800
236,1530100
1,73700
414,1646900
4,201100
3,153100
11,410500
48,1425500
1,75300
12,409100
2,100400
300,1666900
3,132400
31,901100
12,382200
10,301300
797,2014200
34,1199100
238,1578200
2957,3804600
3,131800
9,301600
187,225400
229,1283600
3,124100
283,1122400
11,390700
164,1437700
6,280000
47,1451100
11,360500
2,102400
5,173600
2,98100
84,788500
2,125500
972,1809400
8,280600
3,127100
1,72100
2717,3392700
6,219800
38,995700
31,902800
122,1723900
1,75400
42,1167100
31,1208000
105,1234700
5,172900
2,122700
15,445300
29,832000
5,173200
209,787400
490,1841800
781,1670400
43,1587700
13,428500
1,70600
22,669600
60,1735200
226,1243900
12,384700
388,719200
109,1462300
10,298200
9,295400
6327,4862800
1,123200
66,201100
3,140100
6,216900
79,538400
104,1165300
38,1077400
138,508300
47,1332200
2,107900
1,85300
3,123600
25,792300
3,136400
2,98200
6,200700
2,102300
2,113300
886,1237000
10,418400
1,80800
2,215000
1,100400
13,423500
21,591600
2608,2150500
2,135500
18,519300
2,97500
16,510100
47,1440500
1,104700
1017,1486500
27,760600
56,1522900
8,252700
736,2008300
906,1685300
3,140800
2,116100
13,418500
5,172800
2,97000
5,189000
70,38308400
57,1765200
2,137600
3,136600
11,327900
7,261900
40,1228000
9,311400
475,1429800
1041,2036800
1,73600
81,879700
84,992800
26,774300
145,731600
11,344000
7,252300
56,1506600
18,535700
37,1101600
1005,1366700
20,704900
624,775000
5,247300
32,1045400
24,706000
2,100300
3,123800
2,117300
3,125100
1,70900
476,1439500
14,436000
83,769800
1,100400
28,1103500
1,116700
57,1600400
192,355200
3,126500
7,225800
1999,1969300
405,1304800
5,199200
41,1117000
846,1760800
2,123500
9,393300
1,101500
13,502300
4,189100
11,414900
2,275100
67,299000
1,112000
4,189500
4,182600
2,121000
387,843800
4,166200
1,73800
9,296700
1,73900
2,106300
7,238200
10,469600
2,120400
3,173900
2,148500
10,366900
106,1295700
3,124000
9,274400
6,212700
305,2345400
4,186700
394,892900
38,1155900
58,1917300
5,249700
20,614700
19,550800
12,391900
1492,1372700
98,1057900
3,208300
8,359200
2,127200
1,91400
7,279300
46,1435500
241,1627500
9,387500
2009,2296400
2,106100
6,196500
512,899600
11,327900
2391,2660000
24,666200
7,241900
90,839200
6,199100
2,96900
16,469000
2,99600
24,694900
12,351200
3,146900
5164,4809500
1114,2439300
212,825700
1,86700
12,384600
1,73000
1146,1815100
6,238200
1,70900
301,1703500
7,304700
2,116300
3,125000
62,91500
14,441600
183,1741600
2,153200
7,263300
17,550300
4,162100
19,588000
1,96700
2,103600
70,362800
4,178400
69,270600
17,564400
453,868400
4,151600
1,79400
379,538800
332,839400
6,196800
67,275500
2,124100
5,177700
9,311100
3,125200
11,324900
6,196100
6,234200
2,167300
38,1016600
536,1500300
104,1186300
10,305200
5,182900
1093,1905700
6,232000
4,160600
4,159700
30,812200
498,463300
4,152200
149,768200
6,229100
40,1343000
6,220800
25,698600
3,123500
14,550400
193,367000
2,121500
3858,3660300
4,168400
2,129700
33,991500
14,422300
1,88100
20,556600
29,795400
31,863000
5,204100
1,71700
256,426300
45,1195200
2,114200
50,1324300
1,71400
594,1536600
4435,4496700
17,492100
7,249100
597,1510500
1,112500
4,156100
9,296500
17,496200
4,152300
1,70900
559,456100
3,151900
203,590200
6,226200
27,834800
120,1683900
2512,3011000
810,811300
219,1157900
85,843300
5,176700
20,578400
165,1263700
7,225000
3,151900
40,1095200
22,736000
114,1519600
2,100100
15,453200
216,936500
81,645200
51,1380000
13,483100
1,72900
11,364300
44,1185300
16,575500
1,105600
108,1524400
4,166900
22,611500
2,102900
4,242000
12,370100
5,176800
10,329100
51,1707800
10,382300
4,223900
1,94300
5,181700
5,233600
29,905300
42,1254000
4,154400
2,99000
3,122500
1,78700
82,712500
55,1510500
10,325500
2,99000
50,1373100
2,100300
28,776300
143,642800
1,72300
123,1839500
11,391500
8,250200
44,1182400
25,763700
1,71400
11,335100
1926,1578600
73,399700
2047,1533300
26,751700
209,764600
2,99900
134,437700
56,1450600
32,900200
9,273600
5,173300
147,792400
1335,1944600
3663,2774500
87,817000
6,202500
30,1010200
90,819800
65,167800
82,720800
17,486800
4,164200
5,198600
2,101800
18,615500
8,270600
103,1271000
2,102000
40,1105300
2,125900
79,567400
47,1546800
18,532600
6,212800
2,106100
2,109200
3,126600
16,456100
1139,1664300
1,75800
2,125900
12,417100
4199,4370800
67,266500
2156,2795400
972,1858800
1,77100
155,963000
9,369500
101,1136200
1038,2049000
183,2183100
49,1659600
28,942400
55,1820800
763,1522300
2,134600
1002,1213800
2,110800
50,1459300
3,174900
248,267400
2,100900
13,386500
1,70600
2,114600
3,123100
5,232600
78,548900
10,298300
156,1166800
6,261300
314,401100
4,163400
2,177900
8,299600
9,321700
4,218000
2953,3640400
139,649300
13,385400
2,98500
14,387700
510,838100
1,73600
12,347400
2,104200
11,340500
5,172900
3,146500
8,250100
15,441600
1172,2519100
5,176600
3,124100
2,95800
6,194500
1,68200
2,107600
13,384000
12,372200
48,1284800
68,274400
17,526600
660,2003100
25,780200
2,101100
24,642200
29,852200
3748,3622300
11,379500
5,214500
14,486000
5,171400
1,69000
6,222800
14,429300
98,1029300
1524,2262100
4,171100
506,647400
332,1232600
1,123200
55,1524600
258,491500
38,1207200
12,545800
9,317900
4,174300
85,765400
153,890500
1,70700
382,634100
185,1683800
247,1806500
4306,4102100
20,898300
3,144200
406,1256400
10,305300
39,1089800
5,173700
15,450400
211,846700
2,97100
3,121800
318,459200
4,168900
28,838700
61,1840000
2,152600
4,190500
594,1487200
3,154500
11,344600
26,756800
5,183600
2,94600
4281,3292900
10,308100
10,346800
16,578200
180,1650200
1,73400
54,1457100
1,72800
7,221700
4,158900
5,218100
3,125500
13,363700
103,1233900
315,423000
5,174100
38,1085000
418,1673900
14,442000
8,250000
32,1025500
473,1603000
85,741100
77,491700
19,608600
4,169600
1,79900
89,891200
1,90800
8,295800
266,716900
1,83100
1,72900
2,97800
3822,3867800
24,771800
1744,1549800
3,134100
20,556300
21,698800
45,1337700
9,381000
22,762300
100,1204200
2,96100
630,793200
7,245800
3775,4768000
1330,1925200
18,542900
1156,2025900
106,1296100
244,1816800
2,103200
29,983500
11,331200
195,545900
527,1390600
2489,2293700
3,198500
6,213200
1,72700
4,183900
19,594800
1273,2199000
43,1265200
1,105000
397,1012100
8,311200
93,1185800
392,1071700
8,303200
2,142800
173,1559400
1,80800
6,287300
8,317500
9,386000
43,1555900
6,253200
4,198400
3,128500
11,334200
19,547900
41,1230200
839,1696400
18,656600
7,234800
4262,4867100
3,145900
24,804700
91,1051700
2,107000
48,1585300
19,911200
10,563300
1051,2754300
603,2109100
149,828000
10,364600
2,106500
11,366300
3,145700
4,167900
24,682700
26,737800
21,792600
9,396300
11,469400
894,1623200
14,602200
13,419000
120,1688600
1602,2697300
149,1131500
182,1826300
24,729800
2,102600
6,214500
106,1552200
96,1301400
3,158500
22,773900
7,303100
18,638500
117,1937200
97,1277900
10,381900
25,899700
307,2255900
2,113400
4,214100
51,1444000
2,159200
88,871900
6,231300
74,461000
1,93700
18,580300
39,1384200
16,513300
8,256400
1198,1871900
3,158900
123,1991500
17,651900
6,267500
492,2045900
40,1162600
19,672700
2,144100
4,217400
280,1311100
4,257000
2,109400
1,75000
152,906300
46,1463200
6,274900
9,353000
2,134900
3509,4091700
167,1374700
2,105200
223,1205200
1392,1776300
1,105600
48,1433900
98,1158300
15,473200
8,254400
112,1695500
9,356600
6,259300
31,1002200
5,179300
636,1019300
2,135500
142,670000
6,213100
4,159100
1,94200
299,1623200
38,1086500
311,363600
4,162000
259,522700
2,104000
21,737400
31,1051700
804,2647000
71,429600
52,1586200
1,82300
4,153900
3,126700
14,418400
1477,2400100
2,155100
29,852200
474,1576900
101,1230200
814,927900
31,1060200
54,1554800
12,493200
5,256000
3,163400
19,682200
10,403500
4,193800
5,245200
36,1238300
176,1890900
1,84200
4,177700
3,126700
11,359400
10,328400
1952,2410300
22,647100
5,195000
10,318600
12,392900
11,368000
437,462800
37,1030800
167,1283900
75,454800
2,104400
3,175000
17,477100
1,70100
2,103200
4,144900
378,516100
139,577800
3,133700
1,72600
9,271000
3,169000
46,1401300
390,810100
139,539300
305,1731200
1,88800
87,722900
36,1060800
61,1602500
15,443000
56,1504300
16,446700
1,92600
11,324100
2,103500
6,221400
2,117700
186,222100
7,249500
53,1549600
100,1112600
55,1720700
17,546700
32,862300
47,1354100
4,152200
1695,2018200
1,116100
1058,909700
5,177800
331,842100
5,215900
1810,1680300
243,1665300
2,99500
2,102200
2383,2437100
7,275900
18,661400
581,2043500
101,1140300
10,396400
19,576700
117,1800000
6,208700
923,2203700
3,130000
3,126100
7,223400
9,308700
5,184000
1,86900
303,1676200
1,74700
24,653600
200,564300
1,86700
68,270100
27,761300
22,815200
1,74900
186,205000
18,518700
2,98800
2,98800
116,1892600
55,1757000
19,593200
4,202600
2493,2418900
4,173200
3,150200
6,204600
656,1519400
6,205600
2513,2731000
1,82200
7,248100
713,1389200
3,124400
51,1420200
115,1603700
135,422700
257,540800
5,255600
63,137200
22,659700
17,471500
96,1057200
4,153300
15,411000
2,110500
4,146600
20,580500
4,164100
6,217500
2,107100
2,99500
95,924200
1,82200
2,191900
8,320900
64,199800
9,291000
148,822800
5,207000
18,538300
4,155200
7,225900
2,123400
9,309800
12,406500
87,726900
93,949600
2,118500
202,578800
4,153900
471,1390200
35,966600
7,276300
2,139600
116,1703200
77,559100
11,327800
41,1182800
17,482600
163,1213200
6,228700
14,396800
3,170000
3,129800
1,76300
953,1344200
2,113700
5,183000
19,610100
21,587300
3,124500
1,71200
40,1104700
22,586200
1,70400
130,353000
2545,2237300
4,169900
153,909900
3,135500
26,766300
21,594600
337,1014100
590,1401300
2,116600
17,477400
39,1264100
36,1099100
451,831500
7,289100
5,289800
6,250300
16,508000
13,454300
251,303200
9,271000
2,106100
349,1344200
6,213200
286,1244200
2,104000
4,168500
2,96200
464,1242500
70,434500
10,320800
2,101400
3,123900
1,70900
94,1007300
3459,4077400
50,1646900
5,186500
184,1822800
92,880600
66,189800
32,1019300
2,105000
60,1742700
5,173600
1248,1366600
2,161100
3,199000
4,235000
16,600300
11,355800
3,149600
4,163400
7,226300
2,100800
4,149900
3,128000
17,578300
1,81200
4,177800
1,79100
3,125000
40,1089400
2,113600
11,346300
14,398200
4,148500
78,631800
89,959800
3,134200
22,917900
2,99600
7,235100
1,70600
68,237600
483,1871200
2,125000
13,564600
17,632000
493,2027000
2075,2598700
2,124700
42,1117000
34,995700
17,507200
240,1657200
3,140700
4,155200
11,391400
2,97500
7,222700
6,196500
1,70400
15,427100
141,617200
25,675400
7,221700
7,243400
11,356600
15,472500
167,1246100
28,782100
9,271100
11,346000
1,71400
9,302300
9,402200
8,334700
8,402200
28,1019900
29,882500
45,1283400
4,165400
8,331100
15,483900
6,257600
67,274900
5,177400
34,988400
12,525800
3,129600
426,1791300
39,1340500
162,1287300
15,486700
9,284400
44,1422200
107,1316900
26,816500
4,153400
275,998400
27,794000
3,125500
25,689500
59,1674200
1,76800
257,527500
15,558500
65,186700
28,789600
47,1403300
17,544200
6,218800
2,102400
13,397900
69,311800
7,255500
755,902600
13,408500
2,99700
209,768600
1,71700
21,577900
22,620500
382,620000
3,124100
544,2089200
4,238500
47,1445500
15,571300
132,442800
1,91700
3,143200
91,994900
6,256700
31,979300
1179,1220700
28,1019500
1,77700
10,386000
8,264700
54,1675200
25,924200
2,105100
4670,4667900
14,529400
1,134900
135,466200
3,187600
41,1187400
12,485500
2,153000
74,521500
9,417400
3,158200
2,128400
2,105600
5,174900
35,1008400
102,1237800
2,99100
1,73200
4,147300
15,444100
111,1493900
1381,1528500
2200,2794800
93,1231600
3,159600
3,137300
2,101500
116,1603700
1328,1739500
78,523500
226,1236500
2,110800
376,498100
1,84800
11,357400
1,73300
3,125700
17,469700
99,1147800
6,242200
2,105400
606,1975700
3821,4364400
1,83800
679,2208100
531,1610100
162,1199800
86,1004300
20,630100
24,774300
10,340600
41,1133800
1,75500
314,429800
329,789300
1,70900
2,102700
4,144400
581,1005600
21,643200
10,314000
51,1476600
35,1009000
15,423900
11,331100
414,1377900
100,1159500
8,246800
41,1103300
40,1062100
35,953700
248,253100
114,1381400
2734,2325900
6,211200
4146,4751300
85,727700
6,199000
1666,2660500
6,212200
2,98800
2,96500
1,70700
2,97100
4,147700
3,160100
283,1223200
4,151600
21,596400
6,285600
2,100100
3,122100
28,854600
139,572800
5,204100
1,74100
2,115100
190,324300
70,315100
21,607000
5,177600
2,99300
2377,2597700
11,396600
2090,2918700
2,136700
59,1632300
9,293600
4,175800
63,129100
8,284000
2051,1752500
2,106400
1,71200
55,1541300
9,270600
3,131700
11,338500
5,170300
11,357000
4,166600
137,449600
3,127000
97,1016100
14,443700
1,69700
18,743200
846,1852700
24,744800
1,74700
3,123200
18,618500
2,130100
378,546600
5,190100
191,333400
18,555200
2,116900
91,850100
2,99000
21,616100
94,910900
211,934500
16,468600
14,402600
11,376500
19,596700
7,223200
11,379700
23,719200
73,399100
1,73300
2,104300
5,181900
3,123600
18,565200
72,384800
1,71400
10,305300
11,330900
4,143200
13,392000
105,1197900
315,429400
28,1202000
2,112000
14,457800
24,694900
65,171100
15,497100
8,391200
11,430000
10,408400
3,159700
172,1474600
2,114000
8,250700
84,793000
2,104300
23,616400
12,367700
2,97000
85,720700
2,110400
2,96800
47,1311500
25,677000
225,1232300
2,99500
1161,2063200
418,1530300
180,2002600
6,261500
2,116400
10,419200
13,375500
368,1856900
47,1281300
3,124000
1,82200
109,2365800
9,669700
4,194400
1132,1507600
58,1803200
2331,3176400
619,2629300
176,1548800
156,999000
13,391800
8,248500
3,165800
7,245400
12,411200
13,363900
1346,2159000
102,1173200
620,592500
18,520700
95,979600
6,221500
255,401100
13,379300
7,241700
14,520000
1,83200
12,367200
15,419100
3,153000
26,737200
8,241900
9,273800
22,622100
10,334700
3,122500
33,968800
8,318900
4,156700
142,608900
25,795000
20,568100
83,662100
3,163500
104,1353400
138,589700
40,1117600
36,1045100
414,1561200
9,282600
9,417800
182,1975300
9,331200
5,189800
3,125400
859,2100600
2049,1850400
1272,2073700
121,1688400
4,171800
82,599200
2,100200
133,485000
6,237400
7,239100
2,112600
14,401200
51,1805800
126,236500
215,935600
4,160500
1,72400
6,204100
53,1525900
50,1388500
40,1184100
2,137500
7,244500
224,1343900
2,114900
17,500200
5,176400
8,265000
803,2322500
3,163600
10,310200
34,997200
28,789600
3,144800
686,664500
3,161100
29,816500
67,215300
7,257700
3,217400
1,73100
37,1065600
4,150400
10,300400
1,68700
11,581400
3,184000
573,1000800
6,225200
1,103300
4,206700
7,241800
9,284800
4,149200
191,316900
33,1278800
16,481300
10,327800
1,85900
4,218500
155,943400
1,72400
1,111700
898,1748200
24,696100
3,143200
1,76900
103,1298000
15,435800
2,102000
1,91000
2,106200
35,977800
17,529800
3115,2891000
18,543000
120,1572900
14,505000
1184,1320000
11,423500
2,103600
1,81500
8,280900
8,252600
84,760800
93,901200
479,1555000
1687,1762500
18,643000
20,579600
77,500600
330,1054500
1,74300
6,195100
22,695200
6,236700
143,711300
7,234200
669,2181900
94,1206500
4,163700
864,2236700
14,487200
1,72600
2,110400
5,187500
126,189400
5,171200
55,1493400
1175,2461900
5,175200
359,1596900
52,1399900
253,354200
6,218000
94,1255400
12,361200
3238,3484600
15,590500
24,731000
25,703700
25,872600
37,1066900
3,144700
1,102700
8,324700
4,156800
4,151100
205,647600
18,519500
1,145900
1,78800
4,148600
52,1512300
3,159900
2,137900
2,123700
2,122800
3,161700
6,253400
9,374400
8,331100
13,382000
1593,2866600
458,1073100
24,856000
4,245900
157,1035200
5,191600
3,168300
1818,1806500
29,779800
2,104000
19,568200
2,97900
4,156400
35,945000
420,1558800
6,213000
394,972800
36,1023700
2328,2990900
8,312100
11,329100
284,1236500
3,141900
4,147800
87,765500
4,167100
18,557500
446,804700
14,457100
10,305200
556,2053200
86,799900
20,702000
87,780400
401,1052200
16,483700
41,1059900
11,342700
1,92500
100,1113700
17,502100
1,90100
65,170400
11,329900
14,411800
1,71100
24,680100
14,395500
85,799400
2,140100
4,215900
4,182900
1,88600
7,273200
9,304600
5,268500
39,1158500
44,1257500
77,704300
36,1153700
12,362400
2,116500
3981,3509900
1133,1763900
1,87700
44,1266600
5,188400
1360,2594900
7,249900
1,72500
355,1500800
2,100300
817,1022100
3,123300
6,206200
29,884900
5,173200
210,795400
219,1263900
13,406900
128,245800
35,974900
107,1264700
3,133700
2,126000
3,174700
162,1135000
44,1822300
109,1446200
9,313300
4,151600
143,727300
12,355700
2,99300
1703,2123400
6,310000
3,146100
1,77400
29,819600
20,676900
2,130900
40,1182200
1923,1686100
41,1158000
2,166200
1,106100
16,568000
39,1369500
5,189800
6,229300
2,102500
3,142200
184,1793100
1549,2830800
2,129000
51,1532000
6,228100
2,129200
4,224400
23,774900
956,1504000
2,100000
1,74700
64,137200
421,1669700
2,105700
2,102500
1,81700
2,119800
993,769600
2,105200
14,536800
3,164700
9,359300
12,435100
6,376800
25,766900
2,113000
12,352400
1,73300
15,515700
74,446700
27,766200
194,500100
5,210000
7,236300
122,1866200
6,203400
2,99900
2,160000
302,1590900
29,829900
39,1029600
4,208500
63,160400
6,211800
74,410300
680,2252300
19,533500
203,686400
2,160900
54,1718200
4,190800
1409,2454300
4,202100
5,215200
14,434500
21,578700
16,522400
2,127500
9,331700
1,74700
19,536900
23,684400
33,1116200
329,872900
2562,2510500
326,717000
3,126800
11,329600
2,128200
23,638600
900,2105100
12,417700
2,99200
10,418600
5137,5228500
2036,2790500
293,1374900
15,454100
88,774900
14,393600
2,148100
102,1242100
53,1836400
2,146200
2,120600
516,937600
17,493400
3,150100
205,660300
2,98800
4,209500
2,130200
9,305000
45,1238500
6,257000
2,112300
7,260000
1474,2401000
2,105000
46,1440500
7,252800
1,72200
4,201500
238,1608300
2,104600
2,136000
179,1714100
167,1358600
861,2138500
2,107400
24,701300
5,214500
11,352800
3,126400
20,549000
17,573500
9,300000
41,1192700
35,991400
74,428000
8,292600
752,781700
67,324600
97,1086400
3,125200
311,378700
44,1179800
14,418100
32,869200
150,844300
12,348500
7,221000
2,120400
33,986100
212,860300
11,330100
2,122300
1,78800
151,843000
660,1798400
9,322700
2,98900
18,503800
8,250900
13,449500
27,746900
2,103300
54,1478100
12,351800
8,284100
61,1733200
1092,1872800
2,124900
60,1695000
8,263300
17,568500
5,177900
205,678000
19,550300
38,1122000
2,105900
131,362200
833,1355000
62,113200
2,101600
2,103300
32,894600
2,107400
1,70500
4,172400
93,937600
2,105900
865,2143900
67,212700
3,121600
2,95500
29,952000
36,1037800
13,504500
4,152100
12,366500
15,496800
30,1157500
195,451900
4,227200
9,318600
8,332800
44,1342500
2,148900
4,158400
289,1385000
58,1582300
816,928100
2,108900
1,85900
64,155900
1,99100
1,69900
8,241800
6,203800
4,146000
3,184500
1447,2187600
15,648200
256,465800
11,347900
17,470900
2840,3711800
51,1389800
8,338600
54,1409000
2,113700
67,231100
70,316100
4,147700
2,96100
1,69400
3,141000
994,842300
2,126300
2,108100
11,348900
1,70600
9,278500
7,243100
1,109000
1,84200
229,1282100
14,414200
1,91400
40,1108400
1,71600
3,121700
27,764900
39,1223500
7,294400
6,272400
50,1416600
2,112200
2,98200
3,153400
153,1294300
3,154600
477,1535100
30,862300
33,962900
9,323500
2,101700
1,75000
5,175700
3,127500
1,71800
1885,2149100
3,179600
9,342400
129,275000
31,933600
4237,4019300
2,143600
62,117200
4,164000
1,71100
338,1002100
3,148000
6,194600
22,663900
4,177800
4,198700
1842,2698400
7,258300
4,154600
71,322300
1,72900
24,834200
2,195000
70,381100
398,1055900
22,632900
482,1624900
4,151500
6,196100
37,1080100
26,719400
3,122500
20,611000
746,659100
4,156500
2,115600
14,407700
9,293000
2,105700
30,865200
40,1103300
62,116800
5,175200
893,1424800
7,245900
14,504300
2,120900
9,286400
41,1077400
225,1266700
6,209800
803,2087300
2,104400
38,1031100
6,207800
1,71400
7,222500
3,133000
2,95400
2,165600
976,2163600
13,490500
6,201800
4,149100
3,167500
87,753900
5,177100
2,111000
1,74200
395,1158100
6,262700
10,460500
14,562100
5,200300
38,1013400
46,1252100
30,851400
792,1970300
17,481100
268,799200
8,253500
51,1508500
4,175200
104,1369500
431,1970800
1,88400
21,699300
46,1404100
27,773900
7,228600
18,603100
1135,1393900
2,150800
312,426200
2,121800
29,782200
48,1352400
6,204900
22,853100
2,125200
4,189500
60,1691800
1807,2492300
10,335800
287,1251700
972,1893400
13,620400
40,1290200
147,745700
2,119700
6,268800
462,1140300
3,180900
2,111300
20,580900
69,298000
3,126500
17,578500
3,159000
9,276900
3,124400
1,71900
66,202000
11,346500
58,1625400
30,1051700
55,1815300
7,283100
5,226100
3,181200
9,340900
24,854200
63,122800
6,230700
18,510200
42,1234300
2,123200
9,290900
41,1116000
21,608000
39,1027900
5,205000
1,71700
5,180700
2197,2423500
3,157700
4,181900
16,569900
122,1737400
510,774700
667,1748400
7,257900
228,1291200
57,1641300
3,180900
1125,1228500
3,161600
2,106100
8,299200
33,896000
59,2054700
30,1046000
100,1356200
8,317600
259,529300
5,209800
6,214000
78,512200
27,762700
101,1270200
27,747600
119,1576900
13,384400
1,73100
73,364700
47,1285800
23,632800
30,929500
96,986400
3,140000
104,1301500
259,581200
2,148500
8,260900
3,126100
2,99100
3,134100
7,224300
202,588500
1,116300
1,76100
6,203100
1,80600
826,1322400
1,77200
2,111300
9,281400
544,1706700
13,455600
57,1611500
2,109800
1,95500
46,1355400
82,642800
24,674300
8,247800
2,96400
22,731500
9,23515900
9,347700
4,166100
5,216400
1,78800
13,376700
8,320400
27,829500
7,224400
2,106300
6,196300
3,131300
1,70600
1,91700
6,199000
105,1242700
19,563100
1,77900
1,86100
1,72400
3,124700
7,269000
2,98700
5,171100
10,296600
17,505700
37,1186800
3,132900
6,220000
161,1103300
1027,1729600
630,847300
2,125500
2,99500
51,1447200
19,538600
10,314100
15,421400
354,1487400
48,1318400
54,1417200
4,179800
1,71500
94,918500
547,1717400
1,71900
2,120300
11,387500
1,115900
52,1492100
2,100800
285,1199400
4,149800
22,664500
21,620800
2,102600
102,1184100
5,174500
5,173800
91,844500
3,124600
1,72700
2318,2942400
6,279000
2,100100
1472,2699800
7,247900
14,441300
167,1706100
2,106600
24,725300
82,737800
53,1479800
4,180000
2525,3118900
660,1704000
208,865500
6,282700
12,390900
3,129000
1,73800
90,935300
27,1086500
80,613400
383,611500
3,125600
2,116500
21,638700
4,157800
171,1669900
5,221300
22,650800
150,875500
2,103900
6,202900
52,1390700
4,189700
30,972900
42,1212300
2,96200
998,906800
611,1868400
1,78400
578,1063800
30,952300
6,229100
3,128900
1,74100
136,586900
39,1177000
7,227400
3,135800
4,168700
3,122100
6,254300
2,124900
59,1642100
4,169300
7,259100
1,71400
6,196100
1404,2429100
2,136500
13,474600
52,1390600
38,1113800
3789,3112200
16,506500
5,176900
15,443900
1,110800
2,104200
4,151700
3,151200
3,122400
5,172800
896,1626400
9,507400
5,200500
8,260500
2,123800
1,81100
29,859300
204,696600
2,101000
276,973700
3,125000
4,146500
3,133600
14,410900
24,662000
2,115000
10,298500
15,451400
4,157800
1,69700
17,496200
209,794300
1,72800
81,618000
10,344900
98,1030800
168,1316600
276,1227000
13,439000
1,74000
1,113500
3,178000
336,916900
12,435000
8,272200
392,953600
5,219900
4,151900
9,276800
98,1069500
3,129900
1,85200
10,321200
20,615400
182,1688800
3,134400
153,925300
197,553300
142,601000
9,298700
179,1599900
30,855800
100,1053900
136,478100
2,98600
12,346700
37,1031700
21,564900
13,435100
3,127100
18,709200
3,172300
4704,5326900
1483,2911700
9,376400
648,1222200
39,1137500
5,170000
185,1802900
7,271700
1274,2431800
1,100400
410,1304000
34,1015000
2,122200
4,183500
1,96200
5,221400
46,1520400
4,181800
1,94600
289,1653900
40,1335700
1,87100
4,195800
5,256300
49,1316000
4,148100
13,403500
1,71800
10,298700
87,752600
217,971800
1,71000
8,266100
189,326800
187,232400
2,99500
3,125300
989,2497200
43,1313300
15,616500
10,305500
11,339400
54,1527000
7,262100
14,441200
16,482000
3,125500
9,275400
8,315400
130,379300
79,671300
20,695800
17,605300
3701,4389100
4,170200
64,387100
5,235300
7,262100
220,1165100
3,134400
5,249700
16,580300
6,216200
6,206900
6,204700
12,380000
397,997200
1,82200
2,98700
7,221700
123,1707000
1,103000
35,1169200
4,156600
9,332500
15,650300
46,1348800
6,276300
2,96800
153,904100
16,564300
89,751300
2,126100
9,328600
224,1161700
28,850700
8,256400
4,162500
9,315200
73,369600
2,119600
12,367900
137,475300
2,97500
1,92000
55,1598300
16,480300
47,1270400
3,153900
16,436100
49,1360800
2,108600
5,174700
3,124000
144,636800
77,525600
2,111800
9,330600
6,206900
18,495600
99,1119300
19,522900
258,505300
2,104200
15,465800
3,126400
65,183300
3,123400
2,99700
16,447200
161,1116300
24,805200
4,188900
14,421400
2,98500
1949,2182800
2,181100
385,743100
16,443400
4,197300
11,478300
12,375600
6,212100
16,446200
18,593900
71,430800
14,407500
3,126700
1,72500
122,1671800
2,129700
16,506500
2,109500
667,1760300
3,125700
403,1108700
54,1710500
115,1623600
100,1144100
1,94400
1,73400
58,1633700
11,385500
246,1693500
11,369500
704,1128600
130,291400
2,112300
79,586200
152,851500
2,110400
8,291700
115,1449900
2,98200
24,653200
2,102300
54,1540100
12,465200
8,280400
6,374200
5,177200
4,180100
35,1088200
10,351000
307,1807400
28,825400
1173,2481200
10,297000
288,1287200
13,380200
34,1144500
4,187700
6,261400
39,1079300
2,96200
48,1316000
2,107600
125,165400
500,511900
21,624300
157,1208000
137,495400
3,127400
310,357300
6,304500
87,827100
12,348900
48,1481400
115,1501300
22,674000
123,1781000
34,943000
1,75100
149,861800
764,1145100
1,96500
400,1061100
20,799400
2,100600
6,198200
1,70800
67,378900
6,268300
606,1987100
16,477700
20,621700
4,180500
16,457000
26,814000
4,177600
39,1099700
29,835700
176,1475100
26,750800
17,473700
8,249600
252,375300
206,745700
2,105800
24,703300
62,92200
20,576300
39,1123700
12,387500
26,721100
55,1516000
1,86300
1,72800
10,336200
22,663800
324,648000
3,157400
35,926900
6,277300
6,299900
5,229700
1,90600
174,1646500
38,1033700
196,449000
3,124400
1,70700
1,69800
3,126200
4,235400
20,692100
20,565100
5,188700
26,1029700
5,226500
2,99400
6,244400
10,452600
13,396700
22,678300
190,398800
2,104500
32,885000
48,1511200
6,226900
13,612100
159,1199400
8,258000
227,1227200
311,369300
14,455800
14,391400
944,1272100
14,405200
14,403200
494,2092500
10,366700
23,626500
31,947100
17,479700
5,174900
2,96200
8,269800
5,185500
5,189400
9,278500
13,366200
71,319200
36,1013100
3,128100
1117,956900
1,103800
1,111700
113,1387000
372,315400
28,760100
2,98400
4,148300
7,233000
80,567900
54,1571200
4,205400
6,252700
2,120000
15,470100
1297,2632900
31,1002700
6,200600
2,99100
27,848800
46,1285400
13,388500
1,86800
1,69000
2,119900
143,621000
3,132500
64,137900
2,96700
209,791200
3,122900
46,1374700
7,248200
19,556500
14,470800
2,120600
4567,4688600
15,444100
3,148200
37,1218500
2,110600
285,1190800
3,159800
33,1037200
97,1053000
2,122200
26,714900
442,764800
79,592700
2,138200
190,304300
56,1978600
8,317600
4,217500
111,1387600
6,257400
189,275700
1,79200
31,853200
69,274400
68,269300
75,418300
3,153300
52,1388900
5,198100
2,108800
2105,3110200
19,555200
2317,2359700
16,502600
271,827000
4,206800
30,1020600
1,90600
13,517000
1680,1483800
13,415800
253,374100
7,225000
68,239500
2,97200
3,144000
14,451800
6,198400
256,434800
618,1983700
1553,1516200
4,153200
3,151800
33,1037800
5,174100
2,96600
51,1495700
183,1804800
16,674200
1,98900
4,167100
16,448800
1,70600
950,1454300
7,277100
5,202100
11,346300
22,642000
3,127000
22,628700
1,77000
1,70200
2,109600
22,663700
4,157600
636,997100
4,170700
30,879300
2,99200
12,363100
2,102100
1781,2436300
47,1297800
679,2182800
13,413100
23,623500
3,142400
7,231300
6,228100
2,128900
8,272400
4,153700
3,126800
32,890000
5,187600
506,692000
10,311900
2,99600
2,98000
330,853700
106,1400400
237,1817600
621,541100
69,277400
10,300500
10,347100
103,1146700
26,856400
5,180100
5,192700
2,98800
2,98500
211,958400
9,281500
1,70800
25,813800
4,209300
116,1749000
1,78700
12,348400
4,188900
57,1546300
4,149400
242,1629600
4,163300
24,826100
24,667900
50,1378200
42,1116700
1,75300
9,311900
1,71600
2,94900
31,873700
194,453200
11,332000
18,522900
23,657500
4,167300
1910,2849500
4,218600
4,191700
9,435900
10,413400
9,470600
176,1544200
16,496900
106,1252800
158,1034900
1,72800
2,96000
121,1601500
1,72700
17,490200
4,155100
69,305200
20,593400
34,1168800
62,123600
22,616000
25,907900
16,611800
5,252600
25,968600
20,671600
24,715000
45,1320600
3,128300
29,796400
52,1390700
40,1079300
1,71900
15,465200
2,100100
49,1508300
87,996900
373,376100
10,410000
327,747100
7,267100
138,533700
100,1116100
1072,1236000
4,200300
137,496300
10,315100
62,87100
3,124600
14,419300
9,340300
52,1809000
39,1038400
152,861200
4,186100
3,214400
62,103100
1,99100
1,93200
168,1373800
8,295600
4,152500
7,246800
21,606100
1,106600
6,224500
2,139800
3,143500
2,134600
5,200700
2,119100
1,70400
2,95100
3,132500
2,95900
252,448400
4,171200
509,746700
1,74800
80,598800
109,1470900
17,559800
10,343100
20,553200
1,80500
5,175100
428,1954400
169,1579500
7,222400
18,544000
12,375400
6,194400
1,69400
171,1366900
6,232100
2,141100
58,1567900
1,72400
9,306200
11,326500
3,145800
4,150300
6,296900
1962,2590600
10,392800
1,78900
40,1116600
3,156000
4716,4015800
6,266100
11,403500
4,171700
2382,2540100
14,425400
6,301100
282,1177000
69,312500
22,627000
45,1348400
196,553700
18,661200
869,703500
81,632700
47,1477300
2,112800
6,217300
3,137200
245,1861100
570,871400
63,126800
1,76800
260,737500
127,296400
2,101800
18,522600
73,465100
60,1618100
1,94000
24,670100
12,380100
191,306400
15,428700
6,280900
22,840700
4,185000
2,131000
2,121300
2,120300
1,136000
17,621900
21,723900
3,160600
5,234400
28,984000
13,481900
17,476700
3,128600
2,99600
21,698500
11,339600
105,1691800
8,255500
20,569700
12,352900
72,381300
2000,1934500
28,780400
11,377800
83,680900
3,125200
65,165600
1421,2553400
1,93200
11,355900
3,124400
8,271700
89,759100
14,409900
18,520200
1,72500
13,373000
27,783500
9,285700
3685,3588100
559,530500
58,1540700
1,91200
7,245700
23,607100
32,918100
18,503000
2,98400
3,135100
9,370000
1299,2503400
2341,3063000
50,1495100
5,206100
300,1624500
3,134700
3,122300
1363,2946300
4,169100
1,73700
27,744700
19,626600
2095,2864000
372,323400
3,128200
2,118600
3,124100
472,1531700
2,99700
154,1055900
3,163300
4,173900
96,944500
2,104000
156,1193200
2,101300
20,654500
15,457300
622,602000
8,366000
41,1147400
5,178300
751,911300
9,303800
3,131800
38,1169300
30,806400
1509,1781500
2,118100
10,353300
3,129800
199,667500
17,515300
46,1251800
37,1101300
86,709700
2,100700
5,184100
27,861800
5,183600
71,332500
877,1080600
1786,3272000
164,1234700
18,525100
18,493500
367,1799300
12,385200
5,192700
1,74900
107,1206900
127,212900
18,534700
27,789700
2826,3482500
11,341800
15,445100
15,491500
9,299600
1221,2167100
4,155800
2,98800
2,120100
556,1983600
4,166700
3,167000
19,552700
5,198000
3138,3240900
22,634600
3,124800
9,296000
78,560600
3,151200
1,73700
1,73300
38,1099700
3,143700
1,75600
2,110100
57,1590200
1,82800
3,138000
6,199500
28,834900
6,210000
1,71000
6,196000
14,395600
4,167400
14,508800
106,1249800
1,94000
6,238100
28,773900
3,123600
52,1441900
27,765700
802,2097800
3,131300
12,350100
21,614800
15,433400
8,286600
28,1013000
2,102600
14,416500
28,846100
90,796100
7,245800
3,137600
698,943900
540,1530700
2,100900
14,406600
41,1284400
10,303600
8,253000
79,577100
5545,4863100
1650,2252500
1,93200
9,289000
2,96900
21,717300
1,84400
1039,1976200
1,73300
5,250500
13,414100
66,204200
62,85500
136,436300
108,1406900
107,1381600
11,373700
1275,1859800
233,1439500
149,749200
10,337900
383,637100
3,126000
4,154500
27,762200
38,1016100
6,211400
79,545000
16,509900
24,669300
2,97400
1,103300
1,71800
1089,1636200
1373,1252200
4284,3434800
7,241000
249,272500
2,101200
11,356000
2,99300
8,276200
9,288400
13,380500
60,1629000
13,413700
6,210400
15,453400
83,622700
10,407000
30,825100
2,99200
9,270800
483,1674300
1,86500
9,293400
45,1212700
2,112500
1,79900
57,1700200
18,574000
1,75400
18,683400
11,468400
31,1087100
6,230600
354,1418100
3,141600
37,999600
5,173700
2,94000
1,83600
535,1428500
192,455200
104,1167800
325,723600
28,749800
8,253700
1,79000
318,527500
206,687300
1,71400
253,383700
8,247400
7,255300
9,274000
19,542100
489,1836800
4,172400
4,196500
210,847200
16,478500
268,795400
1,78600
23,787800
254,389100
2,103400
4,152400
3,126400
2,98700
20,801200
83,624100
4,149600
307,1757900
1,134600
2,130600
2,127600
3,164600
5,238700
7,317600
2,124400
1,90000
6,252100
6,273400
618,2603300
9,347500
2,120000
11,413100
73,519800
3,152200
57,1855200
1,83400
1,89600
1,98000
2,136200
4,230000
7,261800
3,137400
22,672100
3,146300
64,149800
9,310500
5,181300
1438,1449700
3,152700
221,1119400
5,188800
1,73400
155,926500
3345,4032200
3,149500
11,323400
65,165800
24,680800
5,175600
2,115300
19,588200
3,132200
1,71600
11,326500
1,82200
20,592800
37,1040400
1,79300
2,100400
57,1724800
56,1787700
2,133000
10,367700
2,119700
39,1188800
15,426800
2,98400
145,762400
12,399700
9,274600
1,71800
6,194400
1,78400
24,819000
7,221100
417,1441300
2,97500
394,869800
123,1924100
55,1588400
2,114500
5,180900
1194,1483700
7,265000
2,116900
91,876800
21,652400
1364,948100
5,269900
3,171300
486,1868600
2,127600
2,100400
1,80800
1,73300
46,1310200
52,1440900
19,532200
1,73900
41,1422100
2,122600
1,145700
3,208000
24,793400
34,995700
2,100600
2,96600
8,249300
12,371500
2,113600
14,497900
567,770500
1,91200
1,84000
7,270000
2,102300
8,251700
12,380000
4,153700
37,1093000
3558,3450500
1150,1749000
758,1099800
5,192500
98,1026100
61,1721300
1,127500
641,1116200
18,527900
20,584100
12,365500
22,841600
405,1542300
7,240000
8,277100
2,99000
8,249800
9,298100
55,1507200
67,227400
2920,2379400
464,1148700
6,263400
339,1033800
49,1418000
4,150800
29,817900
22,585500
4,158300
2564,2418000
16,453600
1815,1773100
756,926800
93,890900
7,225700
200,657400
6,199000
482,1599700
170,1325800
24,701100
13,456400
6,210000
350,1422000
1,75900
4,148200
2529,3182100
2,113100
6,204600
3,133200
234,1456200
4,204000
10,318700
4,188700
17,478300
233,1426300
105,1472900
4,164700
10,356300
357,1617800
33,978300
75,555700
2,98400
16,462200
4,147800
12,474300
2,96700
7,223200
153,911900
2,120100
49,1318300
48,1333700
3683,3853600
159,1125700
8,299900
32,845200
856,2182600
1,81900
1601,2629600
2,102900
3,125500
11,383700
4,157000
61,1641400
62,88700
2,105400
73,380700
98,1090700
1,83200
6,198900
90,817000
1616,1464100
1733,2902200
1,88900
233,1924100
3,169400
100,1305100
2,177600
21,619500
4,147600
21,624700
639,1140500
39,1281500
27,794500
2,116100
117,1598300
35,988500
6,202700
53,1591800
9,316600
2,100600
29,787300
2,235800
1,89300
31,834400
2,99700
160,1174500
68,259600
7,227500
3542,3485600
2,106000
7,253800
3146,3550000
32,921300
11,321200
9,307600
117,1524500
3,133800
1,74100
49,1507900
4,168700
11,327200
32,955500
1,76200
15,453600
254,386900
95,1005700
6,200800
5,172300
42,1202100
242,1626500
2,98000
7,220600
8,263700
26,751000
53,1611700
1,96700
32,1018000
8,276100
16,448300
392,970000
42,1205000
2,122400
3,156800
5,196800
5,200100
2,117100
62,105800
16,513900
1,84300
2,167400
3,158800
31,881700
29,842800
3,150500
4,164500
9,275600
5,172700
10,302500
5,233200
1,89900
1145,1593800
28,769400
14,392500
28,786800
2,97400
230,1274600
9,276100
9,281500
34,1113000
4,149700
13,370400
16,523300
71,399000
59,1664600
17,488800
7,234600
323,822900
120,1645700
1,75100
28,743600
24,993500
50,1705400
432,2337900
20,715300
8,313600
39,1159600
68,270200
37,1064900
6,201200
15,420300
3,166400
167,1265400
31,941800
13,377100
30,1056700
71,558100
4,160500
12,363800
2,152100
6,212700
160,1100800
179,1627400
12,350300
2,159300
53,1422900
10,305600
2,104800
8,303800
5973,5222700
3,164100
264,804100
2261,2586500
567,794000
481,1909200
36,1126400
165,1317500
5,211100
70,350700
624,658100
1167,2340500
758,949000
36,1060900
1382,1498200
4,160800
182,1621200
119,1654800
1133,1268400
136,467200
33,957400
260,691400
9,360200
27,724100
117,1584600
1,77900
6010,5905200
41,1197800
3,151000
33,1058800
7,261100
3,139700
171,1401000
258,521300
21,586400
28,810600
60,1624100
2,113400
8,245500
1816,1798100
2,117000
181,1631400
25,716700
3,164800
2,98000
6,210200
26,725900
8,250200
34,943200
131,311000
23,776500
48,1617200
3,156700
1,89300
505,790300
149,883800
10,313600
220,1153200
2,129800
48,1281900
10,351000
472,1411700
732,2083600
40,1317200
23,649700
3800,3514900
6,239000
7,235900
3,137600
4,194000
9,484500
541,1882400
60,1661600
22,648500
2,99400
710,1272800
114,1484300
1,70700
7,270100
7,231000
1863,1403800
92,997400
1,100300
1845,2704400
6,222600
21,666800
3,130000
37,1112800
1,73600
33,926600
6,233900
2212,2688900
19,526700
2,103900
117,1508600
9,285100
1754,1784200
1,98100
2,101900
10,292800
5,170800
4,144300
3,142200
9,270800
58,1538100
110,1359000
25,701900
354,1461000
1392,1990800
2,114800
19,548200
2,99000
2,111000
17,479000
2,100000
6,218900
255,523800
1,105000
9,348500
2,101300
44,1246400
18,554300
47,1343200
1,78700
3,128900
114,1647900
1,93500
63,176000
901,1758700
24,715000
9,312900
635,929200
18,600700
3,134800
3,124600
1,77100
48,1679100
414,1600900
126,191100
11,347800
971,2061700
1489,1174400
2,118100
1,91300
15,493900
113,1466300
833,1448800
5,182200
25,693400
78,491700
40,1102800
3,136100
9,278300
224,1166900
11,318800
2,96800
177,1664900
23,753800
2563,3096400
94,1172000
4,200600
2084,2826900
27,750300
122,1701600
6,230700
1,90300
17,578600
10,320900
4103,3682100
33,927800
764,1255500
14,397300
48,1543100
32,1080100
32,839400
5,284900
6,247900
12,376000
23,622300
12,472200
1429,1260100
3,133600
1188,1197300
4,191000
1,73300
17,640900
1,85000
1,70400
41,1104600
2479,3870000
3004,3164800
2,134600
2,129800
33,1078700
2,120400
3,123700
19,516900
44,1284800
7,232300
11,421100
248,277100
13,384800
16,462000
341,1129100
2,117000
37,1053000
4,171700
1,72400
95,952200
1,87500
1,157600
7,296400
5,205100
390,895300
26,779500
2,105500
511,799800
826,1181300
17,477200
1,71500
10,372200
21,605800
1,74500
61,1678700
1939,1937300
9,338200
1,98300
83,641800
1206,1788800
128,260200
12,428300
78,698000
181,1909800
8,279500
506,674500
150,850600
6,200800
3,130800
8,245500
13,452500
91,851600
4,147700
5,187600
1,79100
6,198200
8,305600
5,221700
2891,3490600
2142,2591200
16,499800
1,73600
2,104700
15,444300
8,308600
98,1005300
4,147600
1867,1695100
683,620300
7,268400
104,1249500
114,1492200
97,1099400
5,201500
1,74400
1,82000
123,1668300
32,888700
1,74100
2,107700
765,1167700
10,308600
42,1373200
7,291200
3,155100
27,882300
9,289600
4,214900
35,1015700
3,165100
1,76600
342,1087700
23,720200
8,281700
25,837400
3,143100
6,230900
8,252600
24,819000
12,365000
13,410100
376,507200
10,432900
3,130300
155,969100
1,72900
1,70700
221,1156500
2,103100
19,547300
6,211300
1,77000
6,253400
18,498500
2,116800
10,319800
3,131500
1,72900
11,370600
4,161100
1978,3059700
36,1042800
3,158900
18,498400
4,149900
127,238400
7,264300
113,1666500
7,252400
3,123900
116,1520800
6,201700
11,357600
2,113500
8,255900
11,348200
5,192600
18,517800
274,901500
4,165100
284,1120300
2,102200
351,1425800
70,347600
4,197900
2,122400
39,1312000
18,647900
4,186800
39,1288900
6,270500
1,91100
3,153000
722,2021000
2,106800
8,297700
13,424000
15,434200
109,1469400
27,805600
84,814300
108,1369200
2,98800
516,981500
10,349600
17,513300
5,172100
2,149900
3,125800
107,1337800
3,122800
351,1344900
10,344600
10,295300
394,883200
4,211800
87,727900
14,554800
90,1053300
75,449200
2,128300
2,98100
7,225900
11,338500
25,737600
8,357800
3,165200
135,490200
2,150300
70,412900
2,110200
157,1053000
2,108700
40,1201500
10,391300
62,135900
705,1307200
13,500800
3,152700
8,316800
536,1625600
1,84000
1135,1427700
3,126700
2,96900
76,509200
6,230900
6,207700
1487,3024300
2,156300
2,138400
2,137900
263,987600
24,981600
2,143300
10,398100
85,798300
808,897000
1,106600
665,1778700
69,302900
4,168100
2,104100
2321,2686900
174,1711600
6,282500
6,217200
7,291600
70,309300
4,166400
2,112900
93,1035600
1,78800
17,507400
29,851100
6,206200
24,666500
2,98300
2,97500
12,359400
2,100200
96,1297400
10,392800
6,296300
21,695900
22,728800
443,810800
6,206300
680,2128800
11,417300
2,105600
2,118000
16,486300
1801,1632700
1,83000
9,283800
11,407300
4,202900
4,176500
2,109900
71,374800
65,206400
7,233100
152,1137900
206,766400
1,74000
8,246000
84,673500
41,1118000
1,74000
20,581900
5,176600
1,71600
109,1317500
47,1372500
241,1794000
5,274000
6,201100
144,739700
4,155800
278,1329700
6,335900
1,91700
13,530700
81,677200
2,101300
18,502600
19,604100
20,654300
3,145100
36,1052500
6,251700
12,402900
2,107300
1,93600
2,104500
7,222000
1593,2529700
20,585700
11,320100
405,1172100
3910,3087500
2,147000
99,1032700
972,1861600
81,666400
6,218500
2,100900
13,389900
305,1801400
668,2150000
2,127400
3576,3957900
5,216500
153,946300
36,1173600
282,1403600
18,648800
6,275900
11,434200
1,94700
2,126900
41,1343300
29,1016400
3,158400
36,1181300
8,299300
87,737800
70,327000
204,715500
288,1228400
3,131700
2,98200
1,70800
42,1206800
10,315500
99,1144400
5,208000
3,125100
1,72900
206,686600
12,380200
2,105400
13,410200
1467,2390800
772,1366900
5,215700
2,112700
43,1197900
6,271500
511,1059800
1,71600
281,1256500
19,613900
8,273700
15,503600
10,334000
1,71300
7,273000
4,156900
394,967400
933,880700
195,455500
1,78200
10,305100
16,479600
18,517800
2,117700
1,71600
14,405800
42,1195300
27,752300
4,156400
5,172700
1075,1402000
4,155100
32,859000
1,79700
1,74700
7,427400
37,1129700
233,1416900
22,604100
31,911100
9,270100
39,1305000
3040,2649700
6,268800
3,145600
122,1668900
4,165300
91,994900
2,104400
1604,2583800
2,117400
14,453000
4,179000
11,439400
7,244000
39,1048800
5,175600
761,1088400
169,1334000
44,1175300
5,182400
2,97100
88,846100
235,1843900
8,313400
2,101900
20,568100
8,393000
146,852300
2,100200
28,852200
21,616700
4,151400
2,121000
3149,22765100
4,178200
65,274400
2,103900
2998,2673700
117,1494100
9,277200
15,426700
5,185000
65,196100
5,186800
26,713800
3,137000
2,114400
18,494900
49,1351000
1007,1128000
4,156100
3,129500
10,361400
54,1567500
1215,1879400
256,423700
2,97200
84,655600
131,348500
15,466500
3,139700
4,150100
5,170600
215,956500
7,231400
2,97100
82,602800
22,611500
9,263500
23,649300
18,529100
28,752500
1940,1863900
122,1602100
15,437300
162,1406100
132,560000
4,173300
1,99000
6,218500
15,611300
18,606800
8,254800
3,137700
2,134200
186,207700
1,76200
7,232500
19,558000
2,146800
58,2068400
11,412000
75,431500
3,123400
2,111400
2,97800
6,252100
246,1742400
44,1207500
2,110600
4,149200
1,70900
385,698300
116,1485400
32,955900
4,157200
7,303900
24,726200
7,230300
376,548700
81,718000
1,75800
761,1126300
41,1180700
67,298200
5,235800
2,122100
73,472000
11,426900
143,961000
260,724400
21,752500
6,295500
4,159700
33,883600
5,174000
3,124600
171,1644400
25,734500
135,431000
8,254000
13,395100
2,106700
3,122000
4,169300
9,282000
173,1720300
143,694500
5,192800
13,392400
55,1446400
50,1537500
47,1345300
5,175200
41,1116100
367,1932200
2,98600
1,69100
29,984400
3,151900
1,86500
327,920000
1,90800
49,1595600
1,128300
3,154200
3,153900
12,440400
14,784800
124,182000
101,1426400
8,315700
1,93400
5,217000
151,1018300
1,107100
7,297600
1,88200
2,119800
4,229900
35,993400
1,76200
5,172200
5,186500
16,545300
20,569700
1490,1359300
505,686600
13,397800
1126,1235000
265,672500
3,124500
4,144400
1600,2449700
18,488700
1,69000
6,206100
13,395800
32,947200
11,373600
57,1948400
52,1660400
726,1811400
65,175700
5,185400
8,256900
29,809600
2,120000
21,593200
65,167400
4,148300
3762,4524500
17,686700
16,512600
1,75000
2,100200
19,595900
4,196000
2,139200
1,95200
1,242500
119,1949200
6,251400
99,1360800
4588,4591800
15,590400
16,603000
2,142700
12,543800
783,1831300
5,206000
2,114000
1,90400
2857,2275500
25,1042000
2,115400
1,105200
3,145500
55,1890600
9,306800
264,736000
303,1637400
6,240000
8,320100
6,195900
141,552600
6,197000
289,1354200
213,1011900
28,888200
400,1159400
2,103500
1,69800
138,570100
215,960200
28,842900
4,194200
332,882300
25,787800
11,322300
1,68000
9,272100
26,830600
498,693200
29,1060700
26,862400
11,329700
6,305000
23,690200
1,75200
2414,3417700
21,628300
1,71500
61,1688300
39,1160400
11,372400
3,140000
112,1390000
25,689100
10,295100
63,132300
14,619700
21,628000
10,315000
96,1096200
8,252800
3,182900
62,99100
82,727500
42,1119900
74,480300
731,1836900
3,126600
480,1566700
18,561500
5,186400
79,545600
4,150400
246,1897300
4,165700
22,645700
3,132500
9,274300
2,104300
153,942600
236,1510800
1,89900
1,96200
12,368500
5,186000
4,148400
74,393600
75,455500
417,1537200
2,115500
17,504800
50,1332800
23,647300
11,324700
90,801700
124,133000
103,1221100
393,1112000
82,755800
18,654700
11,397500
19,670500
12,446100
100,1312000
6,242700
6,244800
1561,2066000
23,783800
28,789800
1,87400
12,341000
49,1437300
5,174200
4479,3970400
302,1679100
3,166600
2,113100
31,861800
14,444700
22,622000
4,168800
1,69900
4,153200
153,980400
4,155500
578,1081500
55,1626500
473,1808600
6,254100
28,840000
572,807200
24,674200
107,1287700
72,386600
5,173900
20,556300
1,74500
125,193900
16,487900
17,468200
433,1974200
16,516800
8,250200
6,195400
1,70000
4844,4473200
21,594600
11,369700
14,427100
22,596400
343,1240300
183,1801200
1,77000
5,174500
4,145700
7,347400
8,399300
6,280200
38,1112400
33,958000
2,218500
36,1166800
158,1048800
2085,2700600
6,255200
164,1200700
1564,1559800
20,572100
4,155800
8,294000
92,849000
3,136900
227,1335400
34,970200
4,164900
36,994300
6055,5884500
4882,4944100
9,315200
12,383800
7,256900
12,347900
270,849900
1001,993500
36,1054200
74,397300
3,134000
89,787400
25,703000
4,156000
15,456500
63,128000
1698,1941000
10,304900
65,175500
74,538500
2,142500
144,686200
30,840000
259,537500
1239,2505600
1,91900
1873,1891600
79,544200
1,85200
1,71900
143,661400
25,710300
4,152100
3,160300
2,101700
1593,3110600
20,675400
1,75800
10,311000
67,228500
41,1169200
5,171300
2,112400
585,1480200
8,292800
17,507900
5,175700
106,1251000
2,106600
52,1394900
943,1074500
86,856700
9,318100
11,326900
2,108100
3,125600
5,185300
21,690400
1,81900
3,137300
4,151200
2,99200
6,200700
8,267900
8,299400
70,323100
525,1160400
16,492500
8,247000
27,781800
6,221900
1,71400
11,332600
2,105300
3,124700
11,507800
2,166300
8,418100
25,695500
9,362700
81,644400
6,234100
176,1507100
32,872400
1,72100
5,191500
3,180800
1,71800
19,550100
378,487300
2,104700
42,1175200
675,1920300
20,882800
2,109400
29,970200
14,441200
189,303800
86,728800
5,180200
6009,6376100
21,675900
8,250300
30,877800
14,397100
49,1540100
46,1457200
18,623100
21,854600
10,301300
12,437800
27,850300
379,512800
104,1236300
29,807900
12,492200
4,193200
617,2384100
102,1247600
6,212500
15,444400
6,198000
1,71000
4,158200
3,139800
8,272300
2,99100
4,148600
44,1166800
793,1913000
71,344900
1,71100
3,122000
14,394500
2,94500
5,188100
97,986500
20,667000
42,1467800
66,244300
8,335100
1,88000
1,86500
82,791400
150,795300
19,766300
3,142800
11,440900
108,1382100
1,118800
4,157100
15,443900
3971,3203300
107,1367900
36,1015000
17,522300
88,770400
58,1729200
2,118200
61,1827200
2,110500
2,97100
62,87500
7,271500
4,224500
1,79600
3,175700
416,1756000
38,1040400
830,1666000
54,1826400
12,372000
1,75500
75,439200
4,153000
9,277300
36,1110100
1,73900
2,98600
8,269200
280,1112400
1,75400
176,1519400
3,148000
5,174800
5773,5211200
14,459400
8,312000
2,134100
10,325700
4,152900
13,378300
424,1709300
23,666000
92,877800
2,99700
3,122600
509,781700
1,80600
16,502500
6,215400
76,444000
11,321700
16,468400
206,746100
11,320700
1,70300
2,115700
41,1100200
45,1205800
5,194000
1,69500
49,1532700
1,80500
1,74600
32,940100
5,180800
104,1219200
91,1043400
5,237200
10,371800
16,670400
186,206400
4,182200
9,276900
4,164200
5,174000
594,1403700
35,1202100
103,1353300
6,210400
20,554900
1,74900
10,409000
10,317700
8,277300
3,135500
2,109800
7,223200
13,372300
1766,2114700
1,116900
299,1666100
5,230600
80,574900
4,197800
1,80000
4,160100
1,81700
1068,1177400
3,186800
42,1093200
11,336000
11,347400
5,230800
17,533200
33,910700
4,150800
13,380400
22,793700
228,1427400
2,116600
1481,2617000
28,801000
4506,4803600
12,405700
12,484900
1,109400
10,341800
10,353600
4,145300
3,118300
3,121600
782,1818900
8,323500
327,771300
1,74100
7,224500
2,117600
2,97800
195,532100
533,1369900
1,73200
1,102400
3,125300
406,1208000
6,233600
2,98100
2,101100
59,1631400
1,74100
13,388000
80,692900
654,1535900
67,256100
89,774900
190,302100
126,290200
13,445700
13,377100
3,125300
28,844300
2,110600
7,227100
30,830000
42,1217000
4,172400
1387,1726000
20,572600
19,550900
7,221800
500,534900
115,1443000
23,613600
63,116100
47,1283200
6,259900
62,101800
4,150100
4,215500
285,1257600
71,315200
17,498300
409,1268900
4,162800
10,439100
5939,5749900
37,1046200
608,1735700
582,1083900
13,409200
35,992400
83,639200
150,811600
18,682400
1,103800
1640,2489300
76,555300
45,1475800
13,477900
17,594900
24,835700
7,289000
8,313200
322,745900
12,440400
12,437300
5,175200
52,1440300
30,1009600
25,834000
1139,1581900
3,141900
4,177100
56,1713200
1450,1756300
2,120400
12,357400
1,102900
3,157900
41,1119900
7,241800
18,555400
2,117500
3,131600
30,798000
1,89300
60,2104500
80,573600
4,150900
2,99100
1,88100
9,272600
2,132500
41,1130700
11,340600
36,986400
2,109400
1246,1560100
4,194200
224,1163400
6,204100
5,183300
837,1590200
45,1240700
5,178100
1,72800
316,470100
1,72100
72,415300
2,114500
3583,4149500
1,87000
1,74000
243,1808200
4,154800
4,155400
20,573200
8,288600
78,520400
2,99500
30,901000
185,1866500
112,1585100
17,519900
118,1610400
4,157400
8,250900
68,263200
204,752400
1,74500
126,199400
2,103600
8,250400
12,371700
326,891600
13,432800
18,582200
5,211400
1,94800
170,1435400
202,606100
1,74300
31,914100
21,609300
3685,3724000
4,239600
7,260000
596,1496900
149,847000
14,475100
6,207300
28,779300
2,99100
1271,1778900
435,399900
3,149600
158,1040700
2,123700
3,133100
2,98700
9,354500
51,1562300
1,79100
44,1213700
486,2203600
13,380100
10,299400
4,233200
7,264100
1979,3182500
47,1446300
2,123100
10,316900
96,975500
1,71300
46,1239800
4,163000
122,1685500
3,133700
55,1526300
6,297900
2,145500
2,153500
168,1458700
2,107000
169,1452200
321,545500
1,77500
9,381000
17,621500
2,144800
2,125700
5,238400
5,219500
149,997000
1,93400
2,118600
665,2168500
4,195800
2,119000
104,1426500
5,218300
6,245700
198,673800
4,187100
12,429900
37,1294000
2,124500
594,1755800
156,1374500
16,675500
6,287200
2,122800
137,617100
4,155600
5527,4719100
32,931500
1,79300
8,278100
7,273200
74,451900
271,858800
501,580900
8,272400
16,447200
201,564800
395,1143300
2,106100
96,1108000
12,365600
2,102000
14,396100
2,116900
4,157400
21,880000
2,105600
8,277000
76,501600
1,102700
20,728100
2,177300
30,831800
32,890900
53,1662600
2,129500
3,157100
706,1495600
26,716600
1,82200
178,1614600
2123,1998200
2,118100
2,110100
14,430800
2,105400
31,833800
1,74900
15,454900
2,95500
252,325800
10,353200
19,702900
5,280300
6,239700
18,716000
34,1238400
592,1603800
56,1609200
385,651400
20,606800
6,282100
228,1244600
90,842400
5,168500
552,1871400
138,544500
23,903700
380,587400
19,593300
6,206000
11,325700
66,278900
23,1042700
47,1298100
4,192900
34,998000
10,317900
3,135400
4,153100
2,171000
49,1359000
2008,2184600
22,673700
2,110800
2,153000
25,1127100
1801,2443700
9,488100
8,428600
58,2072100
4,177900
759,1206200
10,422900
6,208700
7,252600
27,776000
3,181900
126,277300
2,102700
5,237900
570,840700
12,371500
6,209000
131,509800
2,137800
163,1767400
1,130500
1091,2274300
274,1033800
1,81500
2,129400
2,111900
23,658100
137,488700
776,1455400
14,470700
31,953500
2,100100
303,1697000
6,199600
22,623200
29,872300
3,126500
5,185200
2,97200
6,240500
10,376200
26,757300
12,351300
9,277600
9,284100
7,224200
2,154100
82,773100
2,139200
3,151400
1912,3560400
9,370800
9,354000
19,669200
906,2312100
114,1547700
3561,3557600
77,552200
813,907800
960,1545700
31,889400
1035,1925700
9,275000
6,201600
2,98400
2,104800
2,119100
16,514500
49,1330100
320,619500
18,621200
2,121100
631,835600
104,1511700
1,94900
90,1036600
2,135400
3,158500
207,981700
29,1016800
1,90100
16,597200
48,1631300
1,90100
56,1855000
3,139100
78,524200
6,199500
2,106100
19,578500
24,713500
1228,2297700
121,1705900
129,284700
1919,3134900
2,131500
57,1786900
31,978600
2,107900
1,71600
25,786100
8,244800
21,559700
2,97700
10,328000
628,728000
20,647900
10,410800
2,142400
332,1084700
16,598100
47,1725700
51,1689600
7,269900
702,1086300
3,157600
1,73900
5,176600
375,636900
104,1430400
3,147100
1,80000
375,507200
3,167100
1,87600
5,208500
21,612800
78,537600
11,319800
14,534200
7,368000
55,1685600
2,128800
479,1621200
149,761100
661,1726400
71,373500
2,121500
33,948600
2,135600
12,350900
274,964400
2,106900
1,70200
15,509400
134,461900
2,106300
1790,3014200
2,107300
629,804200
28,785800
1,72200
822,1047500
12,368300
8,271200
2,97700
651,1334500
12,381300
256,450800
9,330500
1110,2450200
3,151200
152,904100
9,280600
11,349200
2,116500
9,306800
6,228100
2,101700
4,175700
28,768300
16,558300
72,382800
8,254100
60,1870700
5,239100
402,1282600
52,1529300
2,100400
45,1273700
109,1426800
42,1209100
47,1252500
16,508900
83,747900
1469,2408700
3,128500
126,189600
1099,2016100
205,718300
54,1490800
54,1501600
2,119900
27,722700
4216,3776300
9,357100
6,222800
960,1615400
78,522200
3472,2655800
6,239300
4,148500
10,319800
585,1152400
47,1232100
839,1486000
1,74800
1,103000
6,215700
71,385900
7,245000
1,71500
1,77700
44,1204400
12,367600
1473,2313500
1,94400
1215,1905000
91,887700
48,1330000
4,162200
2,96600
12,369900
2,104200
2,96800
21,610100
2205,2607800
1,77100
1,80200
3,128700
2,97100
8,264800
21,616100
3,123000
53,1432700
432,1862900
2,113500
107,1269000
6,200300
13,405300
34,904300
26,829700
12,398900
11,334400
498,512600
2,105800
6,218300
35,974100
4,149300
2,114600
3,122000
938,952600
18,628300
4,151900
2344,3312300
484,1670300
66,194800
2,94800
845,1688800
13,459800
1,77000
1,72100
6,234100
1,75600
28,753800
21,641400
15,443500
112,1696800
2,122500
3,124700
7,222500
2,105800
45,1311500
340,1057600
234,1433800
7,232300
1,93800
61,1734200
1,84400
8,306600
23,779400
10,339200
24,761100
4,262300
17,470600
34,979500
722,1609200
6,227200
6,232900
566,651000
15,495800
817,1373600
7,251400
114,1605200
4,166100
4,203000
60,1616700
3,176900
748,844500
245,1971700
36,1113400
2,115000
27,886000
3,149800
836,1484800
2,100500
2,97000
1,68800
172,1455700
40,1158600
317,483200
3,164100
1,94800
8,438200
154,995600
2,101300
10,312100
41,1420500
2,109100
19,656500
445,689100
9,337800
3,123600
187,243600
60,1617400
2,102200
2,113200
2,96700
2,103000
40,1104600
9,273400
1,72200
17,490200
6,225600
92,925900
124,137700
51,1366300
146,701500
69,304300
456,944200
4,149700
305,2052900
199,559100
11,341000
1,85300
45,1225700
14,429700
380,587800
82,598800
17,527000
2,108400
14,443300
72,356900
15,423400
2,120200
38,1086700
76,446900
13,415300
11,359200
37,966500
2,162200
44,1208400
40,1192000
1,76900
411,1367300
2,127100
376,424500
48,1347300
3,122200
4,171700
84,699500
291,1412100
9,344900
625,766300
11,329200
2,119100
14,439900
2,136200
802,2153300
94,983300
19,533200
1,74200
117,1541300
323,718300
9,288100
12,341500
12,338800
19,730900
257,513500
1,84600
33,1023900
219,1079900
187,296200
14,464300
31,964300
1,74500
50,1363800
2,136500
1,71800
13,522900
57,1522200
18,548800
89,767700
1,82900
112,1401500
164,1487700
15,428000
2,151900
1,81300
39,1222800
4,155900
5,173400
4,145600
474,1603000
1510,2203900
4,194700
5,280900
13,503900
108,1589600
227,1626100
18,613700
4,226500
130,307900
9,297000
35,1056100
2604,2229800
6,251700
9,276400
4,149100
470,1331800
15,423700
296,1445600
8,260100
11,326000
1,79000
10,357500
4,167500
3,126900
99,1440900
1,82800
3,125100
102,1116200
249,246600
2,133300
4,234600
377,600700
12,452400
39,1300800
10,389100
2,137300
2690,3335600
4,157100
1,89300
2087,2775000
244,1753900
12,357900
12,393400
16,469500
23,692100
681,2124800
3,147800
76,512900
3,145300
408,1270200
4,148700
2,116400
253,363900
41,1129200
89,1093600
49,1662900
8,428800
55,1562000
126,257400
12,389000
1552,1430200
55,1462500
13,374700
4,147900
2,107700
637,1009200
29,890900
2,105400
166,1286300
1,83000
4,151000
4,151200
1450,1711100
23,651000
672,1850600
6,225300
50,1417200
5,179500
3,122600
43,1154900
815,902500
8,273800
10,319400
15,435100
3,123600
200,544800
2,99300
6,227900
288,1244300
100,1151500
1,76000
9,280600
13,398700
12,388700
67,234700
15,435900
977,1942600
1,72100
7,245600
123,1735600
15,451000
23,648300
2,98800
175,1468600
2,122200
2,98700
23,739200
33,990100
3,166500
20,713600
2,127700
189,324500
3,155100
201,672400
1,70600
3,142900
1,70600
64,134400
11,335800
10,291700
1,71200
5,235000
179,1809100
577,1117000
29,831100
8,274700
3,261900
2,197900
7,277700
3,126300
31,867400
2,117500
7,236700
254,408500
1,81400
111,1400300
14,496300
7,244800
4,148000
2,98200
1,77300
4,154700
6,211800
18,506800
300,1604900
4,170200
3,126900
1,70700
263,619100
25,721100
14,396000
613,2139100
18,551000
2,103400
41,1221900
37,1020200
517,1015300
79,556000
13,400300
4,191000
2,114500
34,919400
9,274500
1237,2567300
26,709400
308,2173100
199,570300
3,126500
14,429700
4,159000
54,1487400
4,155800
9,381400
32,1106500
30,836600
2,99100
52,1443900
4618,4453000
2715,3241800
14,400500
29,785700
23,676200
28,760500
30,838800
1334,2054300
44,1255200
2,95900
4,144100
2,95900
4,143900
2,95400
177,1854100
59,1857700
3,156500
2,95200
1861,1630500
1888,2170200
9,286300
3,123900
67,221100
1,75600
2,105700
28,812500
450,758500
2,159100
3330,3991600
1,103200
7,245500
36,978300
293,1482300
3,141500
40,1073100
15,505700
2,137200
31,852500
67,217500
681,2195300
6,242900
181,1947200
2,105400
2,100200
5109,4712600
2,114100
12,376700
3,147500
68,242000
1,71900
4,145900
41,1164200
3,167500
38,1070300
501,555600
21,590400
1,71900
20,706500
57,1542600
2,108800
71,323300
2,98100
32,875500
24,683200
2373,2262700
3521,4420800
4,158300
141,573000
3,124000
27,773600
13,368900
61,1651500
819,1004000
3,149300
137,461800
261,726100
22,636200
2,97600
9,283200
19,605700
98,1062500
5,205100
19,638700
12,498500
19,674200
3339,4294800
6,238800
3,127400
2,116800
164,1206600
24,687900
2,97800
3,163100
1,71400
531,1286400
129,309500
4,146600
2,96000
2,97500
2,98500
4,143100
3,118900
3,119400
12,372400
7,288200
73,360500
16,455100
1,76500
4,153900
2,188200
1,543900
1,460600
3,289000
946,1275200
118,1957700
3,170100
562,716100
4,214400
17,603800
4,196500
23,961800
6,320300
2,123200
47,1557900
10,340700
25,691800
2,118700
8,249000
13,548500
108,1412400
8,365600
23,698100
68,322500
15,589700
19,554100
12,348900
8,315300
46,1225600
73,457800
8,293700
1053,2379900
85,713000
2,107700
2,110500
156,1025200
127,232100
216,1010600
4,153200
15,427200
4,160700
2,118700
8,300700
40,1086000
4,150500
1,78900
6,224900
8,270900
4,159500
48,1433100
15,493100
32,991200
4,198400
6229,5456200
10,312100
5,172500
7,238000
178,1698200
2,118600
5,219700
7,246700
31,1094500
96,1291800
1,90900
3,197300
17,539000
6,215200
9,278000
56,1572600
1072,1306400
1,87000
18,536700
201,588100
2,166100
181,1723500
8,300800
12,367000
160,1131900
5,184300
12,349300
5,175100
16,499900
20,640000
82,671800
8,299500
28,809300
70,298300
83,659700
279,1067800
7,223200
2,115900
47,1282800
4289,3893600
4,202200
140,612100
417,1515400
41,1094700
47,1239200
19,600900
4,172000
7,238300
29,797600
52,1527600
2,109000
43,1526900
11,529700
61,1765100
34,910400
2482,2346100
5684,5914700
2,119100
2,119000
31,957500
4,178800
13,373200
12,400800
2,101300
193,409100
9,291900
4,151400
1,72100
8,248900
5,194400
297,1492100
3,147000
4,197600
3,162600
400,1042100
17,495100
394,944500
6,206200
231,1349000
230,1553000
2,121400
30,837700
9,328100
6,207800
42,1143300
1104,2206300
42,1276000
1,99800
10,312700
1,71800
4,150300
55,1570600
16,466800
34,1152700
2,157700
5,220300
6,325200
2,132600
2,142200
6,249400
7,229800
9,288200
2,99900
2,113200
25,804900
29,771500
32,956500
23,630000
8,285700
10,382700
572,908000
11,414200
1,89400
31,973200
7,272500
3,172600
4,155600
1,73800
2,97900
10,341900
26,694700
13,414600
1,148600
2,118500
223,1218600
15,445700
7,266200
6,200100
3,168300
7,322200
12,348600
1,70900
4,147800
17,527100
1,72100
1,74900
11,424200
4,160700
16,441200
2,96600
1,70800
8,303500
6,250400
4,188600
3,122300
4833,5267900
5,316900
408,1322000
41,1124800
268,794400
4,270400
41,1248600
183,1679300
18,504900
1754,1875800
208,940000
181,1719400
11,359100
354,1479000
7,270200
3,133900
11,343700
20,582700
101,1146800
1,88100
13,373600
6,223400
15,425300
5,191100
1,71700
2,112100
3617,4019600
2,120500
5,177700
2,98900
2,99000
27,886000
40,1061200
1,113800
2,149200
11,406400
16,460200
3,122900
1,70500
22,707200
2149,2593800
110,1379700
21,707200
47,1570600
3,148600
39,1136300
7,296900
103,1373900
71,357100
36,980500
18,666200
1,111700
1091,2331900
1,106500
953,1512400
1,77600
547,1851400
63,132300
4,186800
8,246300
83,673100
4,148100
1088,1786300
7,264500
437,495500
1547,2785200
18,559500
1,83600
178,1616500
7,248400
120,1849400
1302,1138600
18,509900
325,797500
47,1484300
3,130200
17,473500
4,148000
2,95300
134,441700
20,570800
4,148400
15,537100
5,196900
7,273200
2,95800
15,418200
18,573000
2,106100
1,73000
2,126400
4,148400
292,1472100
4,163100
17,510900
4,173800
514,949600
19,545000
1,72500
9,297300
1,98600
7,255500
1,90200
34,878300
258,557100
8,327500
27,718400
2,95600
92,1056500
42,1328200
894,1382300
8,312800
9,329900
3,123100
33,952000
1,75500
1,79500
38,1075300
4,160500
16,477400
3,125300
17,507400
53,1826700
5,196400
3,151600
26,700400
205,709400
18,536900
126,197400
89,841100
16,616800
156,1113200
191,322400
2,99900
2,98400
357,1530600
12,377500
468,1301000
2618,2692400
1,127400
29,932500
4,150800
10,322900
6,223900
4,185500
4,153000
18,35322300
25,755800
1,97800
197,563500
575,913700
20,559100
55,1482200
2,105300
91,920200
2,103600
10,301200
23,619800
20,631600
26,696300
1,71900
5,191600
38,1013300
1,70800
2,94700
3,120100
3,131700
9,340700
9,293900
6,205400
239,1880600
31,959200
65,215100
2195,2340300
8,258800
4,147400
1079,1561800
1,89700
18,536500
7,250000
31,811800
5,192400
3074,3363900
8,284500
9,289700
1,72400
1,71400
1,79400
24,709100
12,350800
55,1579400
1532,2309200
2,118500
14,427400
39,1043700
26,747700
530,1304800
2,112800
1,74300
5,182400
45,1342000
3,142800
37,1032500
1,97400
2,108200
3,125300
166,1250600
2,125400
5,184400
5,170800
313,318000
298,1580600
9,343700
5,176700
2,120200
69,273800
55,1509900
17,484800
1416,2417100
679,2055700
2,100400
2,112300
42,1151300
4,178400
1,71500
145,836700
3,144200
200,570700
1388,1687400
2954,3280300
206,703400
4,149900
1,85700
2,139000
7,233300
98,1088000
121,1640000
2,98800
447,661500
2,106900
754,908200
32,847000
16,513700
595,1645200
1943,2106800
30,832900
1106,2256100
20,569600
4,161700
28,949000
6,201900
3,126100
12,369900
33,1095700
51,1682900
7,257000
2,101200
1,76200
16,467100
183,1775400
9,317600
28,756900
14,436600
210,842100
450,1120000
164,1739200
261,611900
1,84600
3,165900
78,635900
5,207200
8,278700
168,1405800
37,1182800
341,1121300
15,479200
6,206500
5,178800
1,71800
2,111400
3,124300
11,350000
24,702300
15,417000
58,1525700
13,389900
14,467600
110,1500900
22,640000
19,520800
2,117100
5,235100
50,1342500
1,73900
1,84600
12,491600
304,1852500
1631,1942800
1,79200
37,1104700
11,346800
23,767100
12,507300
5,185200
27,732200
2,163300
1,79000
2,101700
207,774600
161,1151200
2,103700
31,826500
2,97400
2,96100
2,128800
19,532200
2,95900
2,96300
166,1228700
2,96600
8,250400
2,95700
176,1584500
34,1014600
485,1713700
10,304100
55,1516100
94,955300
2,104000
86,754300
128,261500
250,334600
41,1123400
290,1833100
17,624000
2,123100
7,282000
8,355800
1,92800
2,105100
3,159400
53,1472100
13,408800
4,175300
12,356300
1,71200
3,235800
2015,2461700
673,1895600
13,424000
1,82600
1,93900
37,1155600
10,315400
84,795500
2,107500
104,1201100
1,99400
5,172700
5,200500
1,78200
11,322900
227,1242000
2,119900
6,199700
1,82000
15,414700
30,847500
10,314800
6,197600
6,197400
119,1587700
13,370100
4,166300
1,71400
22,640600
269,789700
770,1636400
2,125000
47,1542400
190,387400
14,493100
146,878300
169,1542300
11,500000
22,730200
36,974000
2,98600
1510,1738500
315,475200
7,257800
24,657600
1805,1570100
2,112700
1,77700
2,109900
37,987700
44,1249300
220,1070800
2,127900
50,1312400
202,597200
209,758500
1,81500
6,256500
1,99800
256,536100
273,1085200
6,213200
8,274300
109,1601600
14,435400
4,154800
4,152100
3,126600
2,100000
54,1423900
2,110000
285,1212300
90,925500
7,251200
2,102400
16,454900
6,212300
28,863400
308,1795900
93,1053100
2,152400
6,241100
1,85700
44,1366900
7,231300
614,2343600
2,107600
54,1674000
81,668500
1510,1728000
20,556200
6,222300
1192,1293200
8,317400
8,258300
72,383800
2,100200
7,226100
4,147900
1,70400
16,516700
20,578600
329,1535700
8,273600
15,477300
8,305900
5,176600
10,304300
18,550800
169,1354900
3,149600
1,73100
548,1868000
400,1096600
137,561300
164,1437600
95,956400
108,1492700
31,953500
173,1455300
29,787400
2,99100
3,143600
13,401300
220,1222200
1,94100
1355,2572100
7,263500
69,280700
706,1190400
6,219400
2848,3486800
4,148000
3,121500
2,118700
2,99100
10,311100
4,162200
41,1099800
9,324100
2,120700
290,1311700
2,98100
125,159400
8,310800
18,511400
10,315400
4,162700
3,137000
999,992800
511,849700
19,623700
415,1562200
31,908000
3,145700
14,460500
34,1152500
137,557800
216,951100
17,586400
5,273500
933,901600
46,1275400
5,188600
4,169500
7,231100
203,634300
11,398600
6,257800
6,235400
27,772700
70,356800
3,135600
7,245700
11,354200
49,1431300
1,89100
1401,2005100
4,222100
77,696700
2,117900
5,178100
5,179000
92,938200
39,1063100
157,999400
2,122800
1470,2418000
49,1340500
158,1087000
24,659900
26,937900
3,135300
21,641000
1,120100
17,519900
3,128900
3226,2546000
161,1073300
512,939900
2,99600
3,126700
37,1035500
6,209600
21,605200
3324,3729900
27,816700
45,1236400
4,151100
4,165400
73,400800
1305,1088100
20,577900
2,101200
12,547300
39,1074400
2,101200
2,105500
2,97600
2,98300
1118,1006900
45,1223300
8,295600
405,1227900
21,587600
236,1635700
29,883300
5,188900
1,72900
159,1184900
116,1884300
16,570200
66,245200
4,214000
4,194100
1,88000
27,993700
17,512500
9,304200
4,148800
2,105400
453,884200
12,353000
14,414800
7,369900
289,1646100
1,105300
52,1650800
832,1437100
2,117200
4,157400
449,847900
618,2154800
5,191900
27,805300
2,110700
1,70900
8,249500
21,649800
2,125900
2,99900
10,339800
72,412500
62,98500
8,252000
19,635500
3,124700
1,70200
13,367700
8,248800
79,619800
2,110200
129,276200
4,151900
418,1515900
12,349400
19,602300
2,126300
2,117500
23,638100
2,118100
7,226300
140,696500
29,801900
14,495800
3,149900
99,1054300
1520,2225600
152,900100
47,1330400
119,1566200
4,164100
4,176100
16,467900
9,290200
4,176400
24,644600
8,255700
917,2255700
1,90600
151,879300
2,100100
25,830900
599,1606300
6,280500
525,1185000
6,305900
451,1031900
254,399200
45,1250400
274,931900
5,211000
1,99100
280,1222200
2,124900
9,308700
3,127300
12,393100
781,1603500
21,633500
1,74900
82,600900
6,311200
37,1026000
43,1293300
49,1512300
1,128400
4,157300
4,206300
46,1449900
7,238400
1,75000
629,810200
108,1471200
806,718500
133,385900
46,1295400
304,1833200
8,321500
163,1280000
3,129900
53,1573300
8,321200
6,217200
273,1032000
2,103400
1,72700
42,1237800
16,495700
4,175400
2,100000
2,98300
29,817300
6,218200
2,123500
1,86300
9,288900
2,105100
229,1286000
7,233000
21,746500
2,164300
2,145100
4,169700
9,288900
9,281700
2,101600
2,102600
3,238600
1,117900
2509,3199900
278,1053500
2,99600
204,681200
2,111200
2,111400
19,611400
105,1189600
7,274900
9,453500
6,278600
3,145400
178,1745300
5,271400
724,1758500
56,1568300
20,622600
23,649400
2,100600
61,1690400
12,376900
17,577600
114,1551000
3,139700
11,373800
8,406100
96,1223000
2,128000
1,96800
8,322600
204,830400
1,93100
3,156500
10,383300
38,1214600
1,79100
491,2205400
16,493200
53,1427200
20,685700
4,164000
3,128100
25,744400
1089,2098700
2957,3529800
9,355500
83,742500
21,809300
6,229200
25,789800
80,585900
534,1729800
4,163800
21,860600
12,363700
25,1022800
56,1762700
172,1774900
22,726500
647,1390500
2,126000
36,1144300
13,498600
12,450500
61,2059100
2,109200
55,1644100
1,79900
6,367200
343,1427000
9,428700
69,318400
937,1036100
4,169700
7,255900
4,243200
16,542000
9,300900
4,180300
1,94100
226,1263100
1508,1720100
54,1875000
27,963100
17,515400
3,155800
6,213300
4444,5414400
8,294300
3,152400
6,236400
1827,2151500
42,1240100
2,101900
2,101600
1,73300
1069,1252300
2,107300
506,668400
2,114400
689,786000
190,295300
22,672700
9,403400
3,216700
2,133600
51,1755100
7,319200
1,131100
4,172100
29,846700
13,399300
3,161200
6,228600
80,616000
1,74400
3,151800
10,350400
2,110500
43,1288500
1,75100
3,161900
210,842900
2,115400
25,692200
37,1009800
58,1560000
1,77500
543,1641900
1116,986200
16,512500
1344,2196800
8,329900
8,402300
30,1065500
1,78800
6,223300
41,1222200
1,86300
3,139200
1,79400
552,1975100
2,114700
48,1397600
71,342000
116,1580800
1,76100
2,98400
7,222200
725,1674200
6,224600
57,1561200
10,381200
7,238800
2,125500
4,163700
394,905300
204,776900
7,243500
2,107700
14,436800
5106,4654900
10,348000
10,335000
114,1495200
596,1533000
77,477300
2,98700
473,1397000
6,204200
23,636800
6,222100
2,111800
1,88500
16,452700
2,98400
2,97500
1,88700
3,135800
52,1446600
1202,1596800
799,2088300
9,317500
30,862700
1,86200
1,71700
89,807300
5,180000
179,1548000
15,536700
2,101600
2,118600
8,244500
3,121700
369,1832700
8,283200
71,359300
16,509900
381,540700
113,1448400
30,881300
19,600500
308,1836100
3,134400
201,607500
1,78000
46,1271800
5,190500
7,249700
577,1000300
113,1476700
53,1577300
2192,2343800
6,248700
7,236200
37,1043100
1957,2399100
3,126600
2,96500
41,1282500
2750,2660000
2,124100
3,126300
460,994700
4,146600
65,163900
11,426800
5,223700
53,1771900
20,725100
85,941300
14,488600
5,216800
216,1231300
1,106300
178,1913700
9,446900
170,1463600
4,243100
4,165900
12,386300
2,103300
7,306100
276,998000
203,627100
4,153900
2,97600
356,1611700
6,228400
278,1025800
1,77900
55,1473800
503,611400
9,325700
1,86900
23,643300
348,1869500
1045,2425000
14,471800
2,139400
22,704100
9,289300
3,144500
2,112100
2,97400
288,1552600
2,129200
1,74700
2,104200
24,834800
12,546700
60,1769200
55,1472800
22,628100
68,277700
9,297100
175,1472000
8,263900
2,111500
52,1386400
560,565200
6,230900
2,98000
290,1373900
150,1235500
32,1204100
10,308700
77,483000
199,510700
372,490500
246,1963800
2,116900
15,440400
4,152200
849,2021300
507,767300
50,1383500
12,349600
2,97600
8,248900
22,697700
12,375300
40,1200200
2,180700
141,704200
10,432100
14,445200
2,100100
1,82900
48,1462400
6,258800
52,1691100
8,264000
2,104500
75,429200
1228,2340000
103,1256800
4,209100
11,431200
20,720900
3277,4231700
11,457000
2,112500
7,242000
9,294300
109,1455700
109,1532600
143,929900
4,228700
111,1402600
2,106900
3,123700
12,373500
831,1330600
109,1360500
4,187500
9,279800
9,323400
2,99100
197,463200
111,1370300
3,124100
63,113200
20,603700
26,741300
8,247700
54,1441600
152,929400
3,143300
1,87700
138,516400
3,130000
5,177000
116,1936400
87,830800
220,1145700
10,347900
88,824200
191,330400
26,738500
1,77100
43,1217000
2,129300
2,111500
2,112300
6,201100
1,71900
21,595100
4,156800
138,604700
29,794900
31,890600
1,73200
4,149500
2,101700
8,359400
2,116900
23,694100
3,131300
2,112000
12,400100
5,178100
3486,3184600
1,114900
311,340200
4,152300
48,1374600
3,129900
1,91900
18,508200
167,1339300
54,1591600
26,860600
20,742000
121,2046600
284,1423900
3,146500
2710,3339800
51,1506000
228,1280400
56,1810100
11,382500
175,1452900
2,98800
310,305300
234,1482100
2804,2914700
15,458400
4,191200
2,131700
76,461000
11,350100
2,102900
5,192500
64,153200
1,72000
276,959000
54,1704900
2956,3432500
1,82000
11,330600
52,1457900
2,96200
2,99600
371,1901000
10,405400
1,127200
11,372300
50,1327300
48,1312600
41,1145400
1,92200
3,127500
966,1858700
4,153700
1,72300
8,352100
105,1275000
207,1002500
33,1008200
1853,3074100
3,133600
29,851900
13,416100
4,243400
5,281000
10,304700
80,730100
43,1555100
333,942300
1,87900
2734,2429000
27,1037200
1348,2559700
31,877300
13,413800
14,413400
287,1327900
214,990500
6,213700
29,796600
243,2248600
418,1604500
49,1367400
296,1604700
40,1656100
43,1554600
96,1050600
15,538500
48,1371500
403,1210200
101,1266600
29,841000
7,390600
23,710800
14,443400
347,1408200
115,1664100
6,213600
2,101900
6,221400
52,1592100
1,80100
2,102300
3318,4002700
20,611200
6,201200
2,110600
6,200100
15,455000
108,1323200
987,3020700
1,121500
2,124600
473,1588300
5,261500
113,1537400
1,85500
28,881300
48,1379400
1,83800
8,272700
3,129300
18,584200
21,803700
1943,2297100
7,287200
400,1048000
25,784900
179,1615400
8,300900
5,176900
5,176700
261,710500
2933,2755900
16,510700
10,304500
6,213200
9,319900
1,72900
2,98300
1427,1188400
129,263700
54,1442400
708,1273500
5,191400
12,345900
34,923900
318,502000
2,97400
68,245200
16,463300
6,198000
3,122900
17,524900
11,335300
24,672200
1,93300
2,98000
7,234500
19,518900
782,1746600
10,345700
1,91700
209,832200
41,1200400
1,75100
22,676100
4213,5219400
40,1452900
10,367400
42,1154400
192,372200
3,141500
46,1267200
122,2120800
1,78000
20,567600
82,693900
22,626900
18,518600
1,72100
107,1444400
483,2128800
2,135200
2,99800
2,98900
2,111900
41,1143100
5,231600
41,1119900
17,499700
3,122900
387,755600
2,102700
20,602100
101,1173800
6,237200
5,203500
350,1383100
1584,2131400
14,461300
6,228200
293,1417300
1,69700
2,123000
58,1581800
16,471900
18,492500
12,367300
108,1342700
55,1476700
718,1566100
3,127300
52,1397200
1,69800
74,394700
41,1133600
3,127600
6,206400
2,112600
17,499800
46,1254800
370,1865900
20,594800
218,1216100
20,624600
30,851600
22,670500
8,248100
3,121300
10,296200
6,195100
13,423100
5,187200
2,121000
2,110500
27,726700
705,1445800
162,1269800
342,1234800
71,347100
16,472300
2,99300
12,410900
6,198100
5467,4809900
33,979900
6,227500
1224,2073600
99,1061600
184,1685400
14,398100
18,586100
20,585400
2611,2322300
1642,2101200
7,232000
3,138100
1,71100
34,1117100
5,223000
32,1039900
19,548900
2,98600
8,247800
1,71900
2,96300
1,70800
1,71200
366,1872300
2,160800
14,472800
120,1652700
9,293200
4299,3941800
26,724800
156,990100
2,99200
70,321500
4,169900
37,1004800
9,275500
10,368900
2,115800
22,614600
268,864800
569,868500
10,337000
1,73900
339,1080000
2,106600
1,71600
4,215700
4,161800
14,580700
2,110900
6,215200
41,1112700
14,394300
103,1193300
52,1459300
3,128400
42,1260600
411,1414400
19,531400
2,98800
10,335200
118,1534400
2,98500
3,123000
3,159200
436,435900
3,124200
5,207000
665,1850700
5,201700
2,116900
1,72900
52,1781200
1,97100
2,102100
4,151100
3,145900
68,245000
27,737900
6067,5966100
3937,3712400
2,149600
79,593100
2,99500
95,1035200
602,1881100
25,889200
2,177000
1,74600
4,167300
52,1462500
84,716300
3,125000
4,148800
147,831200
13,387600
101,1249400
1,87700
11,331600
1225,2253000
5,201500
114,1451500
34,920900
3165,2723700
37,1029100
36,988100
4,148300
3,123500
11,339600
6,234600
44,1243000
90,877000
2,105000
54,1510300
3,162000
6,219800
4,151000
8,264800
10,362900
24,668700
6,199700
41,1217100
4,163400
4,154700
2,107900
137,487100
8,297200
26,696800
15,521300
8,289600
10,396600
1,80000
4,164000
7,271900
14,505200
3692,3704100
105,1206800
1719,2392500
2,102500
2195,2288000
1,94400
5,223900
10,310200
2,97800
31,846100
6,231400
32,828600
6,268500
2,116200
8,278900
5,176700
3,123300
69,315800
44,1382900
3,128500
22,629900
21,623000
61,1620200
97,972400
42,1129900
589,1284800
15,456200
2,98000
16,466900
31,867200
16,610400
3,162100
184,1877100
16,467200
1,73600
125,208400
3,202400
119,1738800
72,448500
111,1496300
3,126000
2,105900
1457,1947500
8,296900
58,1596900
15,457300
255,425900
87,818500
9,299000
17,480800
3,127400
9,365000
5,191300
37,1014800
507,828700
1,77300
1,71900
96,931800
155,984000
12,363200
337,1076700
155,991500
4,151100
2,98400
15,513200
3,140800
70,357400
19,557000
10,365800
1,89200
21,621800
156,985300
116,1489100
6,272500
1792,2969300
9,367100
88,989200
615,2278200
1145,1671000
60,1764300
1,86400
80,615900
2,105100
21,779900
15,536900
335,957300
88,781400
42,1215400
17,496900
5,177700
24,789700
76,477000
5,185800
511,853800
6,258900
1,81800
17,507000
7,254700
31,913700
67,304900
8,266600
10,340300
13,424900
7,237900
1,71500
42,1139000
236,1663100
2,108800
1010,1329500
379,585000
48,1355200
5,182800
38,1324800
436,454200
9,273800
561,575500
4,173400
6,197700
464,1196700
2,98900
14,431500
2,98400
1,81400
26,755000
4,156500
238,1565400
4,146200
2,96700
706,1204300
4,157900
27,874800
2749,2829400
18,595300
36,982800
66,196100
2,106600
24,865600
45,1768400
1,78700
1,73000
9,274800
32,985500
3,131200
18,516400
7,226600
2,98500
2,120100
1,113300
13,382300
64,166500
2767,3458200
54,1494900
2,114700
15,487700
2,131500
6,207100
14,404900
2,98400
453,945700
4,153600
2,113900
22,675700
6,240800
1296,2535500
3,195200
68,282900
1,94500
28,763900
41,1123800
33,897500
4,165000
56,1743900
7,264300
4,163600
18,520600
4,159500
3,123600
376,458300
1,89000
12,436800
117,1551000
3,124100
13,443400
361,1771900
9,314700
165,1211500
5,177500
84,684500
1,73200
8,257500
1,70900
7,254900
264,675800
2,98000
4,158200
823,1068800
139,532600
6,199200
4768,5068800
16,494500
1844,2549800
8,329300
149,851200
61,1699400
2,101900
6,196000
6,196600
12,388900
102,1125900
2,146300
145,724600
1660,2555200
8,318000
1,75200
47,1363700
2,110100
2958,3567100
1,95500
2,111100
13,377900
4,201300
3,161000
5,256400
1,88100
609,2192600
55,1503500
4,175000
591,1336200
31,876000
59,1642100
5,195200
24,719900
3,125700
2,99000
127,221800
11,327900
4,158100
7,279900
37,1000100
2,98600
4,149900
4,239800
8,353700
16,527300
2,106000
387,734300
4,195100
2,99400
18,495600
97,1001900
17,651200
7,309400
64,266200
17,530100
7,231400
27,994200
2,122200
2268,2691800
2,110300
3,137100
2,105700
26,727600
597,1458300
9,282300
8,247200
125,158200
25,909500
7,235000
5,177400
329,891800
7,246100
160,1087200
69,306000
346,1252200
1,95100
2,103400
1,72300
75,494900
3,126400
2,98900
7,247600
1592,2446800
3,129900
270,834200
6,201400
3473,2666000
70,288400
1,69700
13,408200
116,1829700
10,338600
2,115100
3980,3292900
30,894500
1,77100
73,423200
16,485600
23,808200
23,688600
2,112600
77,626900
2,131900
548,2288700
23,805300
2,131200
23,720000
36,1068600
12,402900
155,1027800
3,145600
19,554100
12,355900
6,204500
3,125300
16,540000
2,103200
29,812400
6,200100
15,450700
35,942600
201,652100
12,458700
142,751400
5,219200
2,122100
503,975200
35,1158000
261,595000
35,1262200
6,269900
105,1477500
328,835600
54,1599200
225,1296200
126,194600
38,1041000
31,914300
109,1348200
68,282000
93,862600
3,129400
646,1374400
43,1175900
2,98500
151,860800
1064,1110000
16,483100
3,136300
37,999200
12,377400
4,152100
16,445900
11,573900
2,140100
6,229900
1,120600
8,384000
1,133800
2,100200
15,486200
5,191300
491,1878200
2,99600
10,300300
56,1536100
34,1072200
663,1638800
10,375800
4,195100
18,633400
36,1262900
5,299500
20,716500
1752,1895800
1,78500
3,125700
3,203500
398,1035500
2,103100
15,455500
3,125400
3,169000
118,1565500
29,999000
2785,3639100
9,323700
186,177700
1,80000
4,148800
7,262400
1,75000
26,783800
9,464000
430,1830200
1,73900
4,146600
83,635300
13,405700
221,1102500
38,1054100
6,212000
3,124200
2,159400
24,688100
4,148600
58,1666100
9,281000
10,343000
8,254300
18,533100
6,200400
12,401700
195,577200
112,1660500
84,652700
79,594500
1180,1266000
4,165000
43,1162900
106,1336700
6,234800
11,321400
21,565500
2,148600
3,139000
130,357200
2,112000
94,932100
1936,1921500
2,129000
115,1543700
12,453800
27,928400
2,122200
37,1152900
2,104300
21,646400
63,142900
6,243300
1,84700
179,1609200
2895,3744500
2,127400
2,110200
3,131300
2,98400
52,1401600
1526,2284300
13,399000
21,601200
2274,3275600
5,227400
2,109400
659,1823700
21,590100
338,1529800
33,959000
10,331900
3,128500
5,178000
709,1417800
23,646500
1,73100
59,1593200
9,328900
1653,2612100
8,275100
17,527700
2,106000
199,555000
1,72900
40,1084500
2,127800
6,210400
3,129200
5,207300
23,638700
20,623400
10,308100
10,301100
756,1047700
188,231700
3,132900
11,328100
6,225400
344,1175800
4,160900
1,71100
7,288100
508,736200
533,1424900
58,1646700
1363,2745000
4,179000
2,99300
237,1645600
1,74600
450,889100
10,322200
12,408300
10,305900
6,266100
193,395600
4,159700
2,99700
7,223500
2,98000
8,298800
1,77200
68,337400
116,2031400
4,160800
5,179400
2,105700
27,949200
277,1378100
2,151700
637,947500
39,1167800
85,693800
19,571800
2,120400
12,352100
10,312000
5,181200
12,376900
38,1045200
2137,2474500
2,134500
143,610100
60,1830700
2,105300
25,691900
3,123700
1,71400
225,1271500
8,305100
2,98300
12,373100
925,2140800
17,551700
4,159900
36,1036800
1,87100
13,386500
15,566200
132,390700
280,1179100
6,219700
5,204200
7,279500
10,305400
2,98000
34,958300
8,333800
120,1619300
187,252600
1,96900
7,363000
40,1173000
684,756100
1218,2210800
3,152800
402,1328800
7,288500
16,486200
6,199700
7,223500
1,71500
441,551900
2,100800
795,2051400
29,820700
1,73100
26,806400
1,78700
46,1256800
35,1020300
12,360100
4,161600
3,168300
5,179200
227,1468500
5,184400
74,514200
759,1155700
3192,3364300
1373,1625200
93,895900
6,233200
326,722700
1,73900
9,274300
1,72900
1297,2694100
12,437700
3,126100
4,150000
12,401400
223,20662700
3,146200
18,500100
1630,1701800
802,2152800
2323,2508800
25,701200
18,532800
2,96500
28,788400
875,905500
24,692200
6,226700
1,81500
6,197600
740,2274100
31,915000
2,103200
3,136500
1,88800
1,71700
70,297600
35,1056000
1,73000
1,92400
54,1460700
4,150900
97,1172100
1614,1342000
18,536000
1,71800
679,2058700
4,170100
8,243800
2,134600
6,223900
3,127800
95,961300
209,775700
23,714400
11,420400
17,768100
5,184600
2,99300
10,388100
2,104000
6,241400
7,226300
19,523700
3,135700
3,163500
1,70900
2,97300
2,113800
638,1066500
16,455600
19,558500
182,1656300
40,1071300
1,70600
136,518500
505,757000
8,350200
3,168600
16,485200
1224,2100200
6,219900
1336,1942500
7,232100
8,253300
69,266000
16,523100
7,272500
14,430000
8,260400
404,1467700
1247,1402200
827,1134500
4,252000
37,1290700
2,128400
15,587700
403,1159500
9,407100
6,266000
12,420600
203,617500
12,358500
10,340900
23,735000
25,676600
11,410100
2,107000
2780,4302100
4320,5188500
19,626200
3,130900
1,72800
7,226200
18,598700
23,723100
234,1460800
4,153700
3,150600
9,276600
42,1235000
97,1306600
3,147800
10,316200
5,484100
6,226200
2,115900
9,336600
362,1786900
2,111800
2,101600
2,111200
974,2336000
59,1727300
7,240300
4,169200
47,1349000
2,137700
93,981500
9,331200
2,105000
8,280200
1,72600
1,73000
4026,4861900
1205,1760100
3,130000
2,98100
10,325100
20,557400
2383,2620500
1,101300
11,371800
2,114100
71,344100
1,91300
2269,2822900
423,1782300
4,266500
2,119400
14,397700
44,1222100
2884,3177800
15,522300
9,341800
92,1015700
14,496700
2,108000
8,266900
99,1128600
8,275800
168,1421400
66,241900
1660,3097600
3,182800
1124,1252200
26,801900
1,76800
58,2345800
3,146900
6,307400
11,351400
18,606200
263,707600
17,497900
335,1004400
6,345400
15,440500
1,73400
20,575700
2,99000
9,334000
9,356300
30,842100
24,730700
6,306800
69,360000
23,867700
1655,2731700
17,505700
2,101300
3,134300
16,676700
4,161200
1,90200
449,767100
144,718600
24,918800
4,158300
26,761700
20,623600
8,272400
17,519000
3,136200
3,125300
467,1256500
4,154300
38,1064100
35,983900
51,1395400
1,79700
4023,4536900
379,567000
2,109500
59,1599900
13,405600
728,2136100
2,109500
343,1382200
7,261000
3839,4618400
726,2062700
2,107000
3,126000
15,432500
2,99300
35,989900
71,323500
4,151500
16,500000
2685,2597200
9,510100
7,378400
111,1741500
5,193300
76,565500
61,1938000
17,496100
33,984500
3,132200
124,144500
12,420700
25,737400
2019,2509500
6,298100
1,120500
196,540600
200,603700
18,562400
5,180600
2,99300
14,458300
12,368200
2,121000
2,100800
65,185500
920,2216900
1,93400
25,740600
18,525700
2,108900
369,2051300
259,594300
2,153700
110,1648200
1348,2128900
101,1135400
45,1279100
7,229100
21,695600
19,629500
34,903100
2,129500
13,578400
1,121600
3,147500
26,750800
2,141200
1,97400
248,253500
11,371500
53,1646600
5,199700
45,1296700
2,130500
2,106700
1174,2850100
375,695800
16,648600
3,131300
251,306400
1,75300
2,174200
10,388200
474,1530700
16,494300
33,890300
93,965800
61,1737400
1,80500
272,924700
9,279200
5,234800
755,1085700
15,450800
73,374900
25,851800
14,457200
49,1485900
11,367300
4,217100
49,1388500
11,338400
544,2044600
5,260700
1,82100
977,2336600
6,328300
120,1858400
477,1626000
1850,3138700
17,549100
2,113900
2,100600
8,288300
2,122500
198,502500
183,1897300
2,102500
3,154800
2,98100
104,1233800
3,156000
15,431000
663,1928300
57,2194900
4,162400
2,120500
1229,2458300
26,755200
28,842000
55,1546700
2,99600
6,201700
52,1432000
9,344900
5,233800
7,235800
1562,1610100
2120,1970400
85,704600
15,494900
1,74100
27,878200
21,778200
2,147200
1466,2233800
102,1174300
5,237300
4,154700
208,862600
693,861400
4,147200
204,805000
5,194300
15,432800
3,136100
8,317000
76,545600
22,737600
162,1317300
4,157200
2,96700
3,143500
4,174700
3,122700
1,83500
17,516700
55,1570400
16,460600
8,287800
719,1857000
15,461200
93,896200
32,962200
9,278800
16,492300
12,457400
11,391200
15,423400
4,149000
1,102600
2,116700
16,492500
1,71800
73,367100
656,1539600
6,199800
29,804300
3,129000
1188,1230100
2,116400
1478,2455700
7,222200
1,69800
1,69900
216,1002100
31,1060600
14,509900
1405,2171300
6,223300
72,346300
36,1029900
29,988400
29,776100
942,1076600
30,834500
17,527900
785,1784600
925,2304300
259,579900
135,433100
1,71200
3263,3831800
195,457200
1,73200
44,1205900
5,177400
21,669200
3366,3286000
43,1185500
22,662700
46,1344300
731,1876700
26,771100
2,100400
2,118300
10,474500
2930,2927600
5,245100
757,1006600
1039,2091300
9,358800
8,319500
3,158700
8,316300
9,348600
2958,3957400
107,1278500
133,379700
3,143400
1,70400
1,69500
62,102900
15,447600
12,348100
2,141000
11,433900
32,853500
352,1417500
17,477100
11,337000
9,314000
22,605900
18,516800
39,1048700
7,222400
23,682600
28,760300
5,177900
93,1176200
2,143900
3,132800
523,1279200
41,1144900
41,1077300
3,142200
90,883700
83,770400
2,115700
5,216300
121,1820600
7,250100
3,127500
638,958700
1106,2423700
1,98400
69,359100
147,839900
448,864500
95,983600
374,372300
8,276800
29,778700
2,111500
140,588200
12,433200
47,1324000
21,613400
12,347700
29,796200
6,200100
204,945300
12,552300
509,871900
2,122900
2,155400
18,634600
6,205000
32,912800
8,251900
3,123200
1,70400
5,291600
4,179600
50,1382500
6,278100
11,423600
22,769900
51,1598500
26,914600
2,144600
177,1615300
64,229800
2824,4055200
164,1333900
1,119300
5,182600
37,1026400
51,1410500
9,302800
2,99800
134,424500
19,552300
2,112700
220,1083800
10,324900
165,1212100
10,336800
2,140800
2,99600
13,377700
52,1495500
1411,2447400
5,188300
14,425900
2,106500
6,200900
7,284900
15,518500
592,1371500
169,1335200
39,1061900
14,426900
1,72900
4310,4109400
1294,2362400
24,674000
8,246700
10,324000
1634,1890500
24,714000
587,1304500
86,760400
3,129200
6,201200
37,1037600
35,980000
5,177600
20,597400
22,599100
99,1188000
1,95900
20,564500
2,102400
5,266000
21,637200
7,236000
3,124600
3,123100
24,703700
2,146200
5,168500
5,167800
1,70000
34,899000
18,622300
4,155800
14,407500
6,200000
2,114600
2,106200
63,137700
31,891400
13,371200
46,1332200
5,177400
243,1788400
1,118500
5339,4298900
4,182700
106,1247100
16,492900
14,522000
6,205300
1,70300
7,246400
300,1590600
84,666700
747,681300
2759,3302800
464,1267600
1,79100
1,72000
1,71300
4,149200
10,310800
3586,4138900
1,79500
5,177400
20,753300
4,223800
4,401400
82,705100
532,1491200
69,339900
3,130700
13,411400
10,296400
12,339100
79,636500
2,124500
2,104800
2,99700
7,234100
6,204700
38,1283000
3,148100
2402,3048500
24,674600
365,1718700
294,1437700
10,311100
2390,2606000
61,1659000
10,327000
6,198700
144,636900
3,123100
8,253400
5,253900
1,85000
7,259900
8,253000
15,436200
39,1546600
169,1408400
8,254800
6,202200
3202,3372000
2,115900
174,1536300
2089,2712900
10,359200
282,1135700
76,488600
2,99800
8,262500
27,874300
10,343300
5,198300
450,970400
2,136900
781,1576000
268,839600
51,1447700
28,837200
3,123900
86,726000
113,1469700
7,243400
1,69300
25,706600
837,1475700
27,739600
2,108600
11,344200
40,1146800
20,566300
53,1446300
1,74900
6,198600
2,121600
2225,3563900
16,523400
5,179600
9,271200
7,322900
63,158300
34,928700
8,252700
2,111100
6,220300
36,990000
27,765800
2,123500
6,222800
30,845000
23,658600
339,1109500
29,819800
360,1699700
116,1686100
56,1674900
95,1068100
421,1729600
33,979300
45,1529700
7,263200
238,1644900
380,656700
1009,1593600
2,148600
23,858700
187,255500
2,116100
158,1005100
2,100200
2,105600
51,1544900
2,121900
14,497300
16,495500
34,974700
77,503900
2,118900
5,176400
6,202800
1420,2773000
35,976200
82,863600
1679,1681800
6,215500
1483,2662300
4,181200
2,112400
1,73300
2,139700
2,101500
434,412700
2,105900
696,912100
3,190500
14,432500
688,835300
8,378200
5,224400
1,96200
2484,2222600
3525,4344200
48,1365900
1,74900
4,151400
488,1826200
5,179800
3,124700
12,435300
2,105400
16,503400
1,72400
3,148000
9,276600
312,374200
7,234100
8,269500
1330,1737900
277,1267500
24,669200
889,1350400
278,1028000
1239,2500400
421,2070400
1,95800
4,211300
38,1287500
5,233700
28,996000
29,1102100
13,415700
109,1483300
19,801700
116,1898100
451,915700
1,73600
876,869400
52,1435700
19,575900
29,798100
3,121800
83,645700
6,241400
153,918600
74,483600
163,1203200
38,1042800
5,177600
3,138000
7,341100
642,1278900
18,585800
2,136400
2,138000
10,406600
80,706400
12,423600
34,1137200
1,75200
35,1001600
112,1442700
71,341100
605,1746200
93,991000
31,877300
8,258800
7,298200
5,244800
21,722600
8,271000
13,612400
14,411800
2,106400
223,1243100
1376,1398500
2,139900
1,72600
1620,1629100
4,177100
100,1055200
5,179700
4,149100
21,597000
48,1394500
3,142200
2,97900
22,598300
41,1178800
5,240700
1,144600
16,517600
4111,3745100
7,244100
236,1576500
3,144800
5,178600
2,164100
503,674000
71,334000
1117,964500
1274,2113300
15,451100
317,495400
1494,1237600
72,461000
40,1105500
1,83600
35,1031900
2,97100
5,172200
86,873000
2,151300
2,122900
218,1313000
22,611800
295,1573800
9,286300
1,74000
32,910900
9,276300
2,99600
8,252200
4,185400
7,229300
4,179500
35,1072900
46,1664400
120,1930500
331,948400
281,1311400
11,363000
2,102400
8,304400
104,1420800
96,1030000
62,98800
2,157900
4,161500
43,1197900
20,731900
2,130000
2,124100
27,813500
40,1219000
1752,1880800
3,192200
25,767600
951,1367500
11,348300
2,101400
1367,1187300
39,1111800
13,390700
47,1214300
6,275200
162,1260500
18,531400
1,70900
9,278600
1,70500
703,1138800
2,121400
700,1030300
58,1589200
279,1034400
2,106500
6,219400
329,777300
64,139800
2,97000
3,141600
2,96300
304,1660600
43,1158800
707,1188100
2,99400
8,247200
243,1628800
920,2087900
1,83000
37,1000800
342,1126800
252,344800
30,871500
14,397300
18,523900
26,940500
145,735300
1,78200
1,102300
1,132500
5,258900
22,801300
5,182200
1,71800
122,1712100
178,1590800
2,102200
2,121100
198,504900
7,263100
15,422300
31,867800
40,1096100
7,249700
2,98200
4,149500
1415,2700300
50,1434700
728,2105800
6,252600
35,1217700
93,1041600
153,913900
6,216300
1,77000
31,882800
3466,4457800
23,677100
1,74800
18,553500
1031,1793200
1,73800
2,111000
2,103500
5,191800
2,115000
898,1513900
5,210200
55,1580900
4,243200
1,78900
1,70800
1187,1372200
87,748500
436,433300
17,599500
2,144600
343,1261900
13,372600
42,1128800
1,76600
67,234500
1,71800
96,963800
2,107100
150,972200
13,384700
20,579200
6,209000
471,1275000
2,106400
6,201800
1,87600
26,803400
6,236700
12,364400
97,1008900
161,1163000
2,122500
427,1838800
92,881100
4,157800
1,92800
33,860200
204,857600
2,127000
602,2056100
38,1255000
1,86300
1,86400
18,622500
8,320100
4,224400
44,1280000
4,147000
69,307000
2,95900
706,1222600
2,103500
22,634800
3,155800
7,277500
10,389800
9,386900
2,111000
2,255500
5,249600
1,99900
8,337900
636,1024000
1,75100
1,77700
2,111000
2,115300
151,867200
80,538100
1673,2869000
1,83500
38,1073300
428,1925800
1,75900
17,469900
29,940600
3,137400
3,125300
2861,2473500
40,1112700
9,345900
1,87000
18,549900
1586,2192400
2,130600
1,76400
27,775700
21,697100
29,833400
115,1558600
15,451300
1,100600
6,213100
1138,1506200
4,171900
7,221600
5,180500
5,172600
2,97000
11,342000
40,1055200
1,70700
6,225800
18,516200
26,703500
52,1529000
125,209800
10,512000
3,186900
13,487000
4,181400
6,221000
331,943500
2,126900
2,115700
1,72900
20,656300
6,215300
1,71600
154,988600
116,1537700
11,366500
1391,1791900
25,692800
2,116600
19,688900
27,722600
27,954100
39,1116200
201,607900
121,1653600
1,95000
210,939500
3354,2887600
74,439200
222,1154900
2,102300
35,999800
32,1196100
8,253200
8,252200
155,1084300
71,334000
2,99400
3,144200
43,1206600
153,982700
484,1731900
40,1213900
2,145800
250,375100
8,309600
48,1447700
241,1676900
72,368000
4,153000
47,1316100
7,226400
147,802200
685,653900
38,1011400
3514,4693800
6,239800
6,240400
3,139000
8,260800
37,1117300
182,2139500
45,1177900
8,247300
2,100100
31,858100
17,500000
6,194700
36,1060000
269,796100
1,73300
10,342200
48,1371100
6,245400
6,203700
2074,2814800
10,388800
16,571200
201,636700
2,110500
182,1715300
4,194600
11,434500
114,1721400
9,326600
1590,2268400
44,1266300
1,76400
12,352500
9,436100
10,387700
94,1039700
14,502900
6,204900
15,436200
1244,1094700
2,100200
38,1002500
199,538000
9,326500
122,1663000
4,166800
27,823800
12,360700
28,815900
126,210000
39,1318100
444,626700
56,1496600
16,444000
2172,1785500
78,511800
62,97800
3,132000
240,1577000
1,92700
34,930800
1,89400
21,631100
22,577800
134,410500
128,283600
1,85800
21,626300
2,95900
11,384400
14,404400
54,1579500
5,240000
38,1203300
162,1139300
12,370500
6,210700
2,134900
4,147300
49,1287700
421,1607700
12,375000
1229,2343100
7,254800
4,153000
7,248200
1750,1653100
11,357400
5,181000
2616,2484300
12,553700
4,229800
33,1048000
3,142500
7,242100
17,475100
47,1359200
428,2012300
4,208200
40,1178200
2,105600
26,697500
457,1089700
136,494000
2,134100
1,87700
12,396500
17,470500
1590,2320900
24,780100
3,128700
10,308500
1,72400
87,835400
242,1681600
233,1412900
243,1900200
406,1330300
113,1575200
6,279400
398,1268900
99,1337000
17,522200
7,225200
467,1215800
1082,1550000
2,138200
131,363600
2,99000
6,222200
16,486300
21,688300
2,123000
2,104000
2,99900
95,1002900
85,738200
55,1532900
4,155900
5,186100
5,178500
2,99200
2,98200
6,199200
5,225000
625,736700
83,624300
4,148600
23,827300
4,193500
8,324100
4,187800
4,186200
1,102900
1,107800
31,1073700
8,316200
51,1685900
735,2459200
29,998400
113,1484100
2,109500
108,1259200
375,547400
4,179200
2,115500
4,155700
4,149900
114,1538400
31,834600
280,1226600
1,84000
2,102500
6,201800
502,660100
10,316600
23,669200
8,264400
1,71200
3,122900
14,427700
1199,1608800
1,91200
3,137000
46,1232800
24,746200
1217,2091100
75,447400
17,474700
105,1234500
2,99300
4,162700
32,966900
29,771200
10,319100
2,95600
1,87600
1,71200
35,961500
6,196900
18,592600
4,159500
228,1295800
5,204900
405,1148200
7,284600
26,754900
289,1317100
1,83200
11,339900
1875,1937600
156,983600
23,832600
9,277100
29,859400
71,339500
2,114500
178,1576200
2,102400
12,382700
2,129500
12,353000
2031,3140100
16,473900
49,1309100
34,957200
105,1239000
3,135300
2,109300
6,215000
138,533600
14,465300
1,106200
5,273500
131,394100
8,264400
3,141400
24,707700
6,199600
1,71200
13,369800
11,342500
10,325600
5,217900
2,109300
9,276100
2,97000
163,1204800
1,73500
52,1406700
1,72000
12,341900
6,225800
1,73200
6,202500
28,806500
14,567200
11,368200
29,807000
4,176700
54,1459900
2,94300
3,119900
378,489600
735,2135000
14,429300
5,227500
542,1674100
86,727200
7,236900
38,1020800
95,984400
14,403800
8,266500
191,351700
22,630500
28,785700
8,269400
142,594000
500,518100
8,267400
3,123000
16,481400
2205,2634600
20,625600
366,1682500
4,148500
10,298700
47,1366900
5,239000
2,168600
10,349600
6,201800
1972,2815100
5,186200
1,70600
30,804200
32,902900
2,102000
2,97500
1,75000
3,157000
2,103000
6,205200
1,70400
15,461100
344,1148300
2,105900
528,1299200
1,73500
2842,3576400
8,312100
3879,3999400
3,352900
1,76100
5,197400
24,823900
2,113500
345,1233300
12,402200
4,228500
19,700800
2,126200
3,220800
21,782300
5,203900
47,1331900
2,99500
128,264700
98,1062200
18,507000
372,421300
7,274400
34,1132100
407,1247800
44,1346300
13,611600
1382,1836600
21,714100
486,1750300
1689,1702900
6,217300
33,955100
41,1199400
10,310700
191,370100
171,1697400
13,493200
5,171300
12,451300
46,1387500
18,684700
18,561400
18,575200
20,590000
2,111600
61,1584600
233,1418700
77,521500
43,1183100
13,388100
624,729400
96,1023400
266,709400
2,119100
22,672100
19,533100
678,2014700
1,74400
3,147700
2,99000
5,179600
4,147800
11,447500
12,471600
840,1740500
198,539900
17,473400
14,497800
723,1681700
1495,1580400
6,263100
348,1282300
7,270400
55,1715400
27,808500
7,277600
3,153700
2,105000
4,149000
355,1591700
9,282200
12,368500
22,725900
6,217100
262,623400
9,269700
6,208900
57,1946400
14,420500
27,762100
2,122600
13,393800
49,1394600
6,203200
1,72500
87,818400
2,100700
274,925400
7,248500
2,99300
7,247700
2675,2304300
161,1135500
2,105100
1,86500
2,110400
18,527700
7,224700
3,140200
1,70700
2,120800
3065,3170800
67,410900
180,1696200
17,551600
130,289000
1,73300
1,71600
1,114500
94,965100
2,101500
7,223100
12,347500
14,434900
3,138100
2,125500
1462,2158500
24,817200
201,601300
322,638500
1676,1298300
7,276200
1011,1463700
2,132700
7,292300
3,164400
4,188800
11,411700
7,314500
7,253300
25,729900
294,1717100
163,1204600
10,390100
4,165400
50,1373600
46,1308400
278,1382900
2,146200
1,104900
102,1252200
4,151200
1,75500
868,744400
1442,1491500
4,150100
4,176200
1,71900
43,1154300
13,376000
4,193100
9,291400
152,1027100
33,1200200
6,342400
12,377000
61,1695600
106,1261500
25,717200
2,114500
2,98400
166,1433600
14,418200
47,1295400
6,213200
2,107900
3,124600
99,1241500
105,1362700
371,1898400
5,184200
4,192800
38,1060400
4,253600
1,87800
4,158300
241,1814800
64,174600
1,74700
721,1694000
21,624900
55,1527500
343,1250000
56,1557600
92,840700
72,389500
8,248700
1,82100
6,205600
46,1264900
13,421800
25,683200
4,147100
47,1482500
9,326100
5,174600
1,115500
38,1090200
5,173600
2,98300
436,416200
3,150100
2,96400
2,126400
2,127700
4,153900
39,1013900
15,475100
6,239200
8,271500
465,1338900
3,126900
3,122600
91,1085300
52,1409400
250,319200
15,452500
5,183200
4,143300
128,243300
1,70800
38,1055600
3,134100
8,289800
23,640700
156,989800
498,461800
1348,2982700
10,392200
3,173300
1,94600
63,148400
2,120900
49,1590300
26,787100
907,1708100
2,102400
7,224800
13,447000
33,1136600
109,1402900
95,1039600
1,106700
35,1090100
1,105800
9,282800
2,124200
8,260300
103,1543700
2,134700
3,164900
1114,2642300
4,189100
1,72000
5,203200
2,101300
18,489000
7,226100
308,1761600
23,843900
1683,1983100
2,124100
2,125500
11,416400
4,205800
8,317100
24,815400
5,173700
13,397900
1,78500
99,1027700
25,746500
2,96800
5113,4749600
6,236800
4,160900
19,520700
2,98600
11,363500
4,161000
1,89800
8,245000
2,99000
71,325900
15,470800
10,366300
43,1412400
4,173700
1,71100
417,1440600
5,168900
1,99900
6,201800
4,146400
63,128500
2,113100
77,486100
13,394100
9,307300
25,732100
993,805900
336,990800
30,842500
19,607000
6,199100
113,1428500
229,1302000
20,685700
297,1497200
262,603800
26,719100
20,575100
5,170900
1,84700
6,193300
71,328000
10,314800
1,78900
3,122700
2,104700
12,350100
84,673400
4,185800
8,249800
6,195800
36,976800
4,156300
114,1488200
11,411500
2,119300
2,124600
826,1472400
179,1619600
20,575900
1,72800
2,99000
47,1264100
456,932300
2,104600
8,245000
4,147700
25,734400
80,556200
5,190500
2,98500
941,1131200
8,258300
24,768700
2,118900
23,679100
2030,2751100
40,1154600
4,156200
3,131800
2,111300
2,107400
19,533700
3,122900
480,1919200
13,408200
209,937900
10,298800
15,429800
334,932500
4,159200
11,330100
10,289700
37,1037900
188,230200
47,1433000
366,1696900
6,210900
1,69500
1,71100
3,120600
42,1170500
6,211600
40,1146900
16,449400
5,173500
3,146700
3,123800
2,107800
52,1417500
146,828000
73,439400
9,319700
1,88800
50,1500900
15,470100
14,402400
1,82300
3,123600
2,108700
4,169700
107,1212300
251,329700
35,962200
153,892100
1678,1528700
1000,1051700
3,127700
1,71000
157,1085700
3,141000
4,147700
4,159800
2,112700
5,174100
1,89300
461,1084200
2,97100
16,463800
28,784900
228,1321700
25,701300
19,747200
1,105700
13,474500
54,1433500
31,1070300
16,520800
4,164800
4,155700
20,732800
48,1344400
8,270200
13,398800
2,98100
4,150200
2091,3051700
6,249600
61,1640400
3,136000
8,272100
68,264200
64,158500
11,374700
49,1362400
1659,2685900
31,847600
20,708100
22,774900
2,124300
4,193800
4,147500
2,112200
11,365600
3,123600
9,298000
10,313300
99,1110500
2446,2598000
100,1101500
8,294800
2,97600
8,244900
3,144500
1,81000
14,419600
9,299700
2,157200
1,121400
1,129300
488,18103700
1,84100
1,72800
24,711100
2191,2485700
1,84000
2,155100
1704,2147800
6,242700
2,130000
87,741100
1,86000
1,80800
109,1824700
70,307300
25,724100
3,126100
2,116500
56,1518800
2,106800
9,273700
7,220600
16,544200
4314,4945900
8,392800
61,1922600
2,105400
1,106500
630,809700
232,1460300
336,1018500
10,339700
34,941100
5,179300
32,1144000
4,188500
6,227900
348,2422200
4,1277100
6,304200
11,629400
4,206500
1,89200
670,2243300
21,743200
1815,1889200
13,441100
9,274600
5,176600
16,584300
169,1344900
117,1570500
3,128500
44,1463100
2,135100
9,351000
59,1717800
17,510000
30,809600
19,825500
1,119100
5,291800
1,111100
1410,2601800
3,217800
246,2339000
3,151200
4,166200
1,77200
4917,4875300
38,1087900
2,115100
15,616000
68,256700
171,1664600
3,129600
26,712000
55,1470100
21,782800
21,777900
10,334000
207,799800
62,96200
1,73700
36,992100
8,292000
11,500000
21,628100
1,121600
7,313300
13,387800
83,701200
174,1536900
7,285700
2,107300
6,202600
8,249800
38,1075600
441,1008500
5,304900
26,753000
564,628500
2602,3587000
42,1144800
2228,3271800
1,109600
4253,4246100
5,224500
1,93800
314,429300
2,102800
7,238900
51,1464100
14,460800
325,971900
3,183500
2,127100
29,1051600
43,1188000
92,1137100
3,167600
2,123900
6,252600
2,123800
6,295000
1,76600
4,175300
1,86300
17,492700
1,72300
32,945600
3,146200
114,1529600
263,634200
15,500400
172,1461100
4,160000
316,554000
2,104300
14,420400
5,208700
1,80500
3,121300
33,1010100
318,490600
543,1874200
2,103200
7,300600
6,225900
2,126400
18,509900
734,2399900
1,100000
4741,5414000
8,275200
3,136200
309,1977000
40,1368200
28,867400
56,1665300
1,97100
22,614600
3,136400
789,1839600
23,847400
2,130800
5,222900
3,157800
3,155800
276,1099900
73,373100
6,211000
104,1287700
290,1556200
7,287100
41,1398100
81,726200
228,1427200
1,88700
8,320700
9,358600
3,154700
101,1298300
74,468400
70,302300
10,314100
27,1017100
6,257400
18,641800
7,295700
4,151800
3009,3345400
504,690100
3,146300
2,103400
2,106800
99,1074200
27,834900
6,249000
6,303700
2,165000
14,491200
15,478500
50,1605100
2,106500
81,783000
1213,2365000
1,104300
13,490900
2,104200
1,97900
904,1781100
8,315800
35,954800
2,100400
749,858800
4,153900
20,641300
23,690500
49,1437400
10,352000
5,202900
247,2043100
118,1859800
15,445800
55,1593800
2,152000
25,856600
4,200500
12,576900
76,751400
2,137900
3,158800
3,129400
136,506900
177,1850400
54,1680400
5,261200
2112,2478100
37,1390400
12,474600
142,896200
147,796000
8,305300
3,126500
2534,3913400
1,107600
2,138600
3,150500
3,144800
92,921400
762,1389100
51,1686400
2,104200
1,93400
1,75800
15,596400
1,79400
1238,2737300
75,536700
3,141400
4,186900
11,349600
7,235000
12,515400
207,812100
1,77400
4,153300
1,73700
3,140800
13,477500
14,517400
38,1360400
123,2115200
980,2592300
2,134200
6,259700
2,128600
161,1379400
8,339600
13,504400
51,1745000
3,161300
2,158200
12,477600
2,142600
7,284800
3637,4948200
6,329100
27,852600
1514,1818700
7,229500
4,155400
36,1030900
20,548000
250,266900
1,77800
4,260500
1953,2498500
28,830800
15,611500
60,2034900
1,120800
11,407200
39,1326900
1207,1927600
2,134000
1,76100
4,151700
1238,2415100
3,126000
5,265200
6,207800
18,544300
7,223000
623,675400
86,766800
175,1491000
31,864900
378,591300
1,107300
11,341500
10,300900
32,895300
5,190500
43,1123000
17,535100
57,1585200
30,891300
15,427400
609,1800000
1,75900
1,151900
10,345300
4,209100
104,1481900
239,1610300
8,290300
87,751800
1,73100
3107,3048000
2447,3068300
10,430200
3499,3549100
2,161800
106,1299900
3076,3566700
1,127200
10,403600
369,2127800
7,262800
10,305600
14,455600
1,103200
21,798400
1,99700
1,74400
109,1730600
1,98100
423,2075000
53,1452500
50,1411500
183,1852800
614,2175400
36,1608700
6,286200
4,207300
3,127300
23,619100
55,2171100
5,259400
1146,2364100
444,893100
17,536500
14,447200
30,802500
189,278400
2,203600
21,827200
4,192800
47,1996700
4,200000
27,938200
17,559100
3,207600
389,961000
191,489900
23,698100
1,88000
42,1184700
2,131900
2227,3379800
34,939300
1,103200
26,772900
5,209200
247,1762900
2,100700
1,72400
89,907100
15,573900
805,2498700
56,1694200
26,825000
114,1648600
22,749100
32,908900
148,935500
9,301400
22,654200
245,1970200
3,131500
61,1928700
18,518400
9,365800
1,97500
39,1095700
6,243800
26,755800
2,98800
7,223400
2,106200
3,136200
2,141600
8,367000
9,337600
173,1509600
200,632200
20,588400
395,1011200
1,76500
4,204400
1,77400
109,1531800
4,152500
11,359200
2,109100
125,176100
69,304500
178,1868400
531,1544700
15,596700
37,1180600
8,256400
9,511000
9,438400
15,622800
19,544700
1683,1715800
36,1030800
493,1964500
13,394800
7,224000
18,524900
3,128400
12,354400
8,282700
89,827700
4153,4960900
20,581600
22,630200
3,175400
1,84000
113,1491200
240,1676400
185,2232900
14,519900
20,711100
90,1010300
4,192000
122,1993800
4,175700
2,101500
351,1376200
5,192700
10,396900
10,311100
1,78500
55,1847100
93,937900
87,911000
4,152900
13,426700
192,334800
129,266800
362,1639300
919,1983700
15,452200
10,325700
1,80000
130,311300
35,978100
876,880300
96,1044900
2,99500
182,1678500
206,690200
6,218000
190,305800
1,84000
42,1179300
1,104700
9,321000
12,396600
2,130400
8,271100
6,203600
16,462500
965,2096000
31,893200
2,101400
28,862300
469,1296800
6,274700
31,841700
12,361800
31,884000
305,1746100
65,191800
9,278300
10,347500
87,779800
1261,1905400
14,519600
114,1796500
9,355700
16,600800
2,125900
1,91000
16,593700
2,126800
2,128600
629,944900
90,843700
41,1116600
726,1854300
1,92500
1,75500
3,128000
33,1033700
186,250000
2,126700
2,121800
3,155600
14,513200
1,107400
559,667000
2,123300
3,160400
4,183400
185,2057600
2,115300
40,1075300
16,469100
9,298900
40,1112900
124,133800
1,72600
1424,2655300
59,1886700
3,159100
2,139600
22,756700
7,327800
1,100000
10,350500
21,599700
9,268000
7,219400
39,1122800
4,202500
1,75900
1363,2901400
1,86800
201,736200
14,488000
15,605100
240,1775100
1270,1948200
36,1060900
87,796100
10,307800
135,431600
5,267900
79,604400
48,1319200
2,126500
4,210400
15,439100
1,79500
23,681500
9,361800
9,274200
1,78100
13,375700
2,169700
26,735000
3,125800
6,218500
749,787300
10,315300
1024,1580800
5,185100
760,1144000
1206,1935300
2,109900
35,977900
5,191400
4,168200
7,228700
2,98900
67,216600
21,625600
105,1518700
1,86700
2,155200
21,604000
2,116300
6,291700
60,1635200
6,263200
1,74000
9,316800
8,271700
207,743500
3,142400
257,661500
1,92100
5,179300
378,482400
2,102200
161,1223500
69,282900
66,200300
3,142600
2,127000
462,1262800
83,716200
140,766700
39,1070200
4,164000
5,170300
13,362600
64,148200
3,134300
41,1145000
170,1371900
131,301700
2,94300
624,730100
519,1140900
7,294500
7,279800
2,134300
6,251000
1697,2421800
2,143500
6,254500
1454,2438200
12,628300
5,191100
90,853600
3,139400
208,836800
8,257700
2,99600
21,679600
2,124600
81,582400
637,1037100
62,90500
9,276300
7,221800
1784,2626800
16,481600
7,225700
34,938200
7,292400
7,248300
2,97500
31,914900
149,816600
67,233500
1,84900
159,1185400
207,818400
591,1692600
86,862300
7,235500
56,1628800
696,1189000
8,272900
229,1398300
5,189100
24,790000
18,652900
28,988500
40,1337200
38,1280500
64,185500
8,322700
3236,3556500
2,171500
6,265500
32,1085700
1,95300
7,232100
50,1366000
9,275900
15,427700
40,1164900
1,73000
22,691900
57,1598500
25,723600
2,97900
5,173000
1,75000
2,95700
13,395500
34,972200
2,97200
24,691700
115,1435500
249,319500
1,97700
12,352500
377,540100
13,420000
3,138700
1160,2633200
7,237600
13,404200
30,850700
46,1258100
174,1566500
12,356200
1,90100
4,180900
2320,2640000
759,1120500
14,437000
1721,2686000
228,1690600
672,2153800
2,111000
243,1871100
3,126300
3,125600
4,151200
7,224800
10,404500
16,512500
11,339100
9,278300
97,1107900
8,257900
3,125900
2,105000
1,79400
3738,3307400
2,151900
3,125800
59,1790900
51,1516200
894,1425800
11,351800
4,162400
24,695200
10,303000
4,161000
16,545300
50,1379600
727,1756100
60,2189900
1,73900
18,573500
2,101300
15,440700
14,529000
458,982800
4895,5835200
7,366900
34,1320300
15,551900
248,360400
118,1741200
58,1598000
3,133500
1,78000
75,478500
5,209700
8,250100
2,98800
3,146200
2,98100
34,926500
25,750400
4,270800
24,820200
3,127300
52,1475900
7,262200
210,897900
57,1821500
3,133000
2,102400
51,1361100
37,980500
9,273600
9,361200
22,667800
84,676000
4,208800
78,536900
8,429500
58,1778500
38,1067700
3,145700
7,226000
6,210600
3,122900
6,262300
150,883100
38,1110700
473,1514000
2,179900
26,863100
6,225600
8,253000
208,786800
89,787200
2,105800
2246,2349700
3,143000
35,1068500
19,560500
16,496100
2,98600
1,72000
4,173900
3930,3800800
6,229000
1,75100
9,290100
80,662300
89,1009000
208,985000
2,136100
3,168200
6,265100
23,743300
2,106100
9,402600
31,865100
4,153800
2,100200
8,284700
2,115900
1,71300
18,496900
37,1065000
3561,3705200
13,485700
7,398100
8,346500
1,94200
409,1508600
41,1097500
127,287600
13,410600
1,91700
5,312200
2,102600
47,1544000
2,153400
826,1649400
2,129200
311,409300
1,123500
241,2041700
6,270600
410,1643500
144,755300
13,420800
12,420300
30,862400
2,98800
25,800600
1,74100
3,123500
97,1085700
2,98500
116,1736200
34,1208700
2,131400
8,317300
14,511100
13,473200
90,979500
1,88100
5,197100
65,194700
679,2105400
77,486300
343,1198000
8,268000
108,1317900
103,1128200
16,621100
9,390200
58,1999500
187,289700
7,288800
2123,2583000
1,92900
474,1964400
11,493500
1,77000
13,395700
11,348800
305,1744100
3803,3849500
107,1386300
1,101100
2,100000
1,95000
103,1186100
4,190300
2,110500
94,925300
4,151200
2,111900
4,160700
39,1025900
2,97300
23,656400
4,203400
3,141600
4,266000
121,2114900
41,1116900
21,699200
1428,1234700
50,1601600
5,239700
10,316400
4,152800
89,816100
155,985100
1,103400
18,695900
4,207300
1017,1735500
1,88700
69,279800
1,84500
198,620600
9,393300
55,1718100
9,288200
45,1200500
478,1563300
19,768700
568,853400
18,538300
1,74900
3,125100
2,110100
4,156800
2,108900
12,411800
35,958600
1458,2368000
1542,2606900
3,174600
40,1175200
638,1067400
4,193400
2,120000
38,1295200
234,1496100
2,152700
23,693100
2,103900
26,718600
2,100300
49,1400000
3,133900
251,368600
27,798200
65,186400
173,1437200
4,147100
25,675100
1,97700
44,1159800
2,97600
20,705800
2,130400
2,116900
172,1512100
143,675200
7,269800
4,193500
5,270200
2,162800
29,874800
37,1041800
4183,4199600
54,1394800
35,976900
733,2102800
9,460200
78,647900
31,942900
4,185100
2,123300
1,73500
452,983800
12,428000
12,354300
169,1500800
4,167700
53,1484900
34,996900
63,119400
559,603500
29,880100
2,109600
4,191500
4,188100
210,834700
4,235700
8,288000
98,1193900
2,101100
69,329400
222,1216200
6,272000
1,102400
1,101500
130,399000
14,443700
4,167600
184,2134900
22,780500
2,115000
133,465100
4,202900
1,106100
246,1724900
59,1664400
4,266600
21,703500
54,1495000
437,509500
2,102200
1,72600
4,156900
3,127200
8,252200
15,527000
9,307200
1,74300
1707,2326400
30,871800
1,75100
3,124900
2,98000
1,71800
12,446800
20,652700
2,117800
11,346800
19,540200
2,116500
2,100800
6,477600
143,884100
47,1435700
37,1078500
245,1728100
6,236300
14,399600
792,1793400
2,99900
12,386200
2017,2532700
13,396600
2,108200
59,1637200
2,103100
2,99800
1,151500
2,111800
929,2609800
18,661200
10,312700
6,323400
6,218900
468,1329400
2,105800
134,422700
148,769600
3,123000
17,476000
3,125800
11,492000
2,167300
28,773900
170,1576300
9,343600
13,482200
456,945400
133,482600
127,236500
9,355900
3,127400
10,308600
4,151400
13,445300
2,133800
6,251500
2,114800
19,521200
3,124400
1,72600
3,122800
12,481400
14,432200
1,75100
56,1685100
1,79300
58,1822300
6,274700
17,571500
25,782300
2,99800
308,1921200
4,234500
2,199900
576,1102300
4,203500
7,289700
1117,1168200
86,945400
11,515900
2,134300
4,204500
11,405700
7,279800
1,88100
1892,3074100
2,135900
2,133500
268,898600
108,1347700
40,1338300
60,1617400
12,451000
2,103400
65,217300
447,800800
4,168500
36,992700
340,1184500
10,312800
2,112800
39,1091600
5,175600
162,1194200
1,79100
2,114400
4,149000
71,316900
35,973600
8,310100
4,178800
1,72800
674,1950700
4004,4070300
8,294900
21,708800
6,260200
11,437300
8,356300
49,1559100
5,218700
1,88400
224,1559000
38,1238000
21,631800
112,1402300
8,250200
11,534100
99,1285200
7,224300
166,1269300
2,115300
15,545400
2,120500
18,571800
7,288900
9,307500
135,430700
495,2071500
29,855000
2,98700
92,1059600
9,275900
17,535600
236,1519100
4219,3462600
2,115000
709,1539800
1,77500
2,117600
11,367700
54,1693600
1,83200
7,272900
5,183500
2,116200
49,1398200
2,102100
5,205700
13,372500
271,896500
2,102100
105,1710900
42,1220900
13,413700
29,911900
4228,3935800
7,323800
7,292300
4,183600
7,227200
155,948000
6,210600
7,225900
5247,5300600
23,635000
33,920900
42,1191900
2,128400
1,72500
80,584300
32,943300
10,383200
3,174500
2,121400
6,261700
1,89300
1,87400
5,216800
639,1346500
25,968800
19,806300
513,989400
11,333700
3,156500
17,510500
64,209900
1662,2609200
17,545700
84,717700
2,101500
60,1658800
1046,2190400
12,378800
6,211900
18,504800
8,276700
3,124800
2289,3632600
8,294700
4,153800
2,101400
1,73400
4,148600
33,922800
60,1681300
14,414300
258,627700
2,124200
12,435500
4,177700
11,320500
12,458400
6,239500
6,201500
2,99600
1,84400
1,70500
2162,3213400
3,153700
31,827100
2,131600
3,198500
9,404600
54,1678200
37,1134200
446,802000
358,1555900
93,1077900
1,74400
194,432700
3,122700
2,120400
544,1833600
3,139200
6,199800
792,1954700
2,107500
1112,2497500
3399,4718300
21,784000
292,1552100
4,162100
6,281700
4,270200
31,1048300
2,136500
25,738200
4,159500
2,147100
621,677400
58,1568500
6,224800
90,841500
25,694800
4,158700
9,287800
9,316000
18,496000
23,692600
107,1324400
4,161300
4,183600
490,1997300
62,118100
60,1767200
22,639000
10,317300
5,176700
6,201600
2,127800
6,201300
5,186600
2,102000
49,1390700
3441,3674700
346,1214800
4,183700
37,1002500
4,151600
8,315500
545,1753500
87,971000
7,274400
185,1982100
91,912000
7,250500
372,368000
14,476500
50,1494700
1,78500
12,371300
2,101300
2687,2842100
5,184100
6,271000
200,606300
3,140600
76,451400
1,75200
222,1207600
2,108200
2,100500
624,681600
18,577000
56,1561100
4,178200
63,118200
12,441500
12,359400
16,503700
2,98500
3,124500
14,450700
5067,5190700
584,1194000
5,189600
8,273800
56,1710000
16,514700
59,1686800
1710,2766600
2867,2772000
8,339700
4,157000
1,90400
10,312000
2,99100
7,245700
123,4384700
11,455500
4,194400
8,261900
285,1213600
17,472500
38,1331900
9,357300
4,192300
23,831200
1,90700
514,1129100
3,161000
67,290200
1,125000
2,166600
4,229400
24,749000
99,1228500
4,154800
1,91200
1,73800
644,1476500
2,127500
15,558300
4,216500
109,1718500
1,79700
5,252000
17,517900
1,84300
633,880500
192,392600
8,281600
64,143100
19,578700
1,101600
4,251800
39,1270200
2,191600
1,85500
2,116200
7430,7015400
711,1376500
1678,1462200
3,131800
51,1425000
16,446700
1,70900
3,142300
99,1103300
4,151000
8,264000
1076,1464900
152,926600
1,79500
1,72300
2,97400
1,69500
368,2222800
3,176600
5,250200
8,374900
25,792200
10,350000
380,560400
3,129600
4,146900
5,171600
3,124400
174,1492300
37,1070700
4,158300
96,1049900
4,146900
3,121600
139,606200
4479,3871300
19,709500
1,96000
57,1704600
74,407500
155,1035400
22,768900
110,1519600
11,368200
1,75600
63,131000
2,97400
1254,1414400
12,379500
3,159900
41,1332600
37,1123400
2,106200
1,74800
9,306600
3,139000
2,100800
10,302800
1,71000
5,173100
6,262400
1510,1714600
65,234300
7,227500
5,181500
4,150700
2,97700
338,1168900
2,127800
1027,1845800
33,1107800
2,140700
38,1310000
15,457400
2,108100
1,102100
66,209300
1,74100
469,1421300
11,356700
11,358000
2,106500
2,97300
71,340700
4,150100
3,128400
2,96200
19,588700
1,92400
20,583200
12,422600
1500,1653400
3,153900
10,361900
4,181200
16,560900
9,283300
221,1126300
33,1002300
52,1668500
1,78400
1,80200
2,102000
22,663000
45,1270100
2,104800
1,116200
175,1780300
25,816900
4,172300
124,150500
126,197600
258,522600
1,71500
247,2127400
28,794700
19,548900
14,489700
5,176100
33,893300
8,272200
4,154800
36,1074500
16,569200
3,152100
6,205100
1,73000
116,1653000
7,272200
2,99900
16,517800
1,114300
51,1432200
2,144500
31,942900
9,337400
5,182100
31,890600
61,1769800
406,1352100
165,1236900
2,111000
1,111400
1,109900
107,1619200
1,111900
3,178200
1,98400
1,89400
7,293200
227,1774100
295,1654100
262,669900
28,1021500
6,283000
12,357100
1435,1455600
207,778100
6,224400
14,407000
156,1043900
40,1132800
10,359100
12,360200
190,303000
2,100600
13,405000
2,98500
17,564800
204,681500
1,78100
3,122600
14,425000
23,623200
2,172800
65,166300
9,294000
422,1650000
9,312800
1,114200
6,439700
27,892400
2,114700
1,76500
280,1158500
10,340800
47,1292500
11,352800
12,352100
12,352900
1,74300
17,657900
4,245600
7,284900
23,731700
2,97400
5,171800
75,454300
7,223500
2582,3056800
1,85700
2,98800
4,145600
2,114800
2,120600
4340,3693200
2,167100
45,1552600
5,230400
153,1117500
4,248700
2,145700
3,171400
5,223800
1487,3310700
12,390700
16,475400
13,437800
4,165000
1,72800
3,159300
88,798600
1404,2257100
1,88600
5,192600
32,890500
4,154000
94,970800
99,1066600
1,79800
1,91900
3296,3104900
5739,6668700
36,1143100
61,1836900
1,78700
3,127300
501,598300
6,204200
122,1697800
31,935700
2,105600
16,474300
3,125900
35,1044500
219,1060000
2,120400
11,339300
666,1731200
27,753300
52,1357100
1,79200
172,1474000
301,1618300
7,221400
27,849200
93,869100
862,2098100
4,213400
5,174400
18,501800
44,1227100
103,1164100
105,1207900
592,1312300
2420,1998000
4,168800
1,73100
2,217200
1995,2000200
45,1229800
114,1674900
4,220200
497,455500
7,225700
61,1633800
3,314600
39,1261700
2,109000
1,73800
6,245200
39,1062400
2,99000
1149,1752900
12,417500
91,1071500
4,171100
11,358100
26,801900
66,223300
6,201100
9,288300
2,133500
4,156300
3,148200
745,760500
424,1735000
99,1074900
20,588300
27,759300
2,112000
39,1061100
4,205700
6,223700
225,1488600
5,187600
14,458700
2,101100
12,347200
1,69800
19,591300
42,1152300
2,139100
16,531400
15,618900
18,521100
8,273300
312,387500
12,375400
34,918800
62,94200
2,99800
44,1225900
657,1814900
88,801100
7,245100
20,629700
2,165600
19,569400
155,1046800
14,439000
2,102000
6,201800
76,459900
47,1310400
3,144900
58,1711400
885,1282500
457,1057800
2,97500
1,75800
128,234800
2306,2136000
6,257500
362,1648300
1046,2261200
227,1431700
472,1603300
1,86700
6,209000
8,294500
6,210700
2,104600
29,886300
2,110200
2,102200
5,176500
2,99700
603,1756800
1,83500
4,150600
6,259600
25,974700
310,353500
3,160900
22,785500
1148,2192300
35,1203800
2,124600
12,464800
35,1181000
797,2236200
8,271800
20,558500
68,302100
6,249600
12,411600
55,1584700
16,489000
7,224000
1,72200
7,409500
5,274700
3,130000
7,293900
2,104100
2782,3801400
245,1800900
1,81900
304,1762000
3,134000
302,2147300
5,188900
2,102200
51,1377400
2,102500
14,524000
6,245100
385,690500
3,134600
36,1043200
132,372400
242,2028600
2,138800
4,222800
2,137400
1437,1493200
9,278600
2,178100
2,110700
159,1070700
28,900500
4,184000
37,1153500
2,131000
7,226400
37,1338900
15,566100
8,349700
197,525700
59,1906100
3,132700
23,792400
4347,3894900
35,1024100
6,208100
584,1473000
4,191400
4,152700
2,101900
7,240200
11,404400
7,248800
1,77300
3,127000
199,532500
2,108800
45,1705500
16,469500
614,17490900
37,995100
1,87400
12,358700
34,933500
119,1648100
280,1064800
23,715100
4,189400
46,1436800
2,111200
34,935300
63,139700
2,97000
526,1262800
66,201600
89,784500
1,73100
21,604700
103,1147300
907,1869600
258,503300
27,890800
15,555800
8,316300
527,1548600
20,704400
9,461100
1,103000
26,898500
44,1472200
2,121600
33,993300
37,1202500
1374,1466500
8,271200
5,179700
25,731600
75,538700
12,490400
657,1764200
37,1240800
22,665500
9,368500
10,362900
8,277200
2,140000
109,1964000
59,1992700
3,158700
361,1777900
469,1420700
5,181700
2,100000
4,223000
483,1951400
16,521200
2,116600
2,119700
4722,4399000
4,234900
2128,2475300
54,1846100
336,1051300
157,1095600
153,924900
6,201900
15,568200
19,595100
1,73900
3,124600
1,73100
535,1586200
2,108300
4,157500
420,1644000
36,1246600
220,1186600
100,1358600
45,1540100
1,89400
2,121900
94,1145400
8,343800
2,120100
1073,1689400
3,162900
795,2324100
2,140400
15,431600
6,199700
4,228400
4,215500
29,1126900
365,2076100
29,829500
2,101300
76,516000
3,146300
21,669700
67,229300
1,81100
191,341700
248,224200
1,73500
19,573000
1,81300
242,1732500
401,1139300
139,595600
1,74100
929,2542900
12,458600
58,1721300
9,315400
11,327500
57,1629500
4,180500
7,243800
470,1337500
7,227600
37,1151000
2,189400
9,301700
3,133100
1,81900
15,527300
27,956900
2,111200
487,1992800
1249,1259400
281,1174700
440,524900
18,576000
2,105800
1,73500
33,909500
4,149200
3,146200
159,1398100
2,108500
6,223900
62,97700
9,362500
330,1038400
56,1712200
4501,5335200
7,320300
25,758300
2,101800
869,812500
3,192400
40,1492000
2,153500
232,2134000
8,350100
8,356900
36,1221400
76,552500
1,72700
2,98100
1837,2462300
1398,2069100
28,855400
21,615700
9,283100
2,98800
1,70500
37,1041900
3,125900
4273,4966600
1331,1808200
13,544700
2,141200
762,1344600
7,263700
4,165400
98,1218900
5407,5246000
961,1704400
28,914300
73,472400
76,727100
397,1215800
271,1033200
5,230700
7,278800
1,87900
3,149200
13,478900
4911,4943300
7,361500
4838,4017900
82,668500
38,1111000
10,363300
9,353700
25,808600
107,1614100
68,336500
6,356600
1716,2621400
30,850700
1744,1632800
153,1091200
4,161600
6,214300
1,72700
18,575200
15,450700
67,231700
69,269500
6,202200
4,260400
9,325600
3,136600
289,1307600
3717,4861200
2,128000
3,128300
24,663400
69,334100
106,1388800
12,366500
1,90100
8,331100
5847,5752400
9,295500
28,893200
1786,2943200
249,325700
9,284100
5,197200
2,105800
38,1052900
96,987700
9,275500
1,79400
29,1119400
7,261500
2,98800
154,1032500
29,835100
11,324600
3,212100
213,1073000
267,908900
2,109500
4,162800
19,632800
133,533500
107,1999300
1,96400
68,341000
779,1988300
196,563500
44,1301200
2678,2812600
176,1558300
841,1754500
4,193000
2,100500
2,100000
2,101600
22,698400
38,1139500
6,206200
7,227900
6,201700
6,260300
9,311500
4,153700
257,491100
3,166900
2,113600
33,909600
471,1400700
7,262000
2,109500
184,1779700
21,653600
81,631100
5,252100
11,356200
2,101900
9,325200
32,844000
196,650600
5,181700
1,73500
1,83200
53,1511900
237,1562400
5,179600
766,1469700
723,1733100
7,237000
59,1557600
31,1021200
12,502200
48,1493600
14,490100
23,707200
27,983000
3,146400
6,279000
4,152400
4,151900
57,1783100
248,322000
1,92700
230,1554900
1,77700
4,152200
3,133000
10,303300
570,983400
139,528300
2,108700
4,175200
19,612000
22,615700
13,387900
15,454900
1,97800
46,1563000
8,293600
21,638700
37,1037400
3,120900
28,796600
22,604500
18,556800
77,589500
2,167900
2,104700
10,297700
40,1128300
1,85600
7,230300
4,149300
1,70700
20,618100
569,855400
88,793100
144,668100
2,95400
10,291000
8,242800
20,564100
14,419900
18,497000
4,147400
7,257700
2,95700
5,215000
1592,2576500
3,131600
31,937400
14,414800
42,1178100
131,384100
4,150400
302,1890100
1,88400
3,191200
313,389100
3,147200
4,151100
159,1070800
2,100100
100,1134500
2341,2941400
2,104400
23,627800
7,361500
11,427700
4,157000
164,1279400
23,706900
45,1304600
46,1308100
3,130700
2901,3388600
114,1458100
3,134600
56,1484900
2,108700
47,1312600
2,100800
6,228000
2,109800
50,1326000
3,124600
4,147200
873,829600
4,170400
2,104000
3,119800
180,1738600
30,826300
2,100200
6,256400
181,1668500
2,105700
2,114200
70,290600
3,143900
19,554400
1815,1889500
12,455100
5,241500
96,1033700
7,227300
6,200300
1,82700
8,273800
25,708000
13,400500
65,178700
3006,3177700
1,76700
8,264800
5,189700
29,824400
6,205200
17,664400
120,1699800
951,1302900
1,77100
39,1144000
2,111700
17,543900
11,325600
2,98600
5,214900
3,123700
6,219400
19,605200
44,1185900
3,124500
2,97600
26,738900
444,754000
4506,4513500
4,237500
1175,2525700
4,161800
137,464900
3537,2879300
4,153000
1,70900
28,856600
201,607600
8,249500
13,507900
5,214400
604,1652100
12,348400
318,521500
4,190200
2,99400
3,152100
2,97700
140,600700
2,106100
16,524500
2,141500
6,199200
46,1220700
318,530100
98,1097500
67,278200
962,2025500
274,1079500
14,619000
326,785100
836,1685000
220,1105200
2,109100
140,604700
1,80000
3,146200
31,917400
2,128600
1,75300
19,547900
107,1335600
19,540500
155,964700
7,230600
1,71200
89,786700
461,1097800
32,894900
174,1436800
373,330900
6,233900
71,371200
2,110200
6,212900
918,2070200
4,172500
2,228900
6,265300
4,184600
232,1623600
25,670600
21,795400
74,513500
1,88700
10,315500
710,1427300
8,269300
11,360800
4,148000
5,171600
2,94000
7,249900
4,166900
36,995900
8,250500
54,1472700
90,902400
7,230300
9,301200
2,100500
302,1724000
7,224500
19,553100
3,137600
457,1017600
6,200200
3,123200
1,69600
130,329100
207,753100
12,347500
516,995200
5,208500
4,150600
576,962900
2,102400
13,410500
5,171200
11,320700
63,134700
2,98100
8,274500
18,512300
9,294900
4,168500
368,1787300
38,1023600
1,70700
2,93700
1,207100
499,505900
1,100900
10,349800
14,400800
945,1158900
18,509800
3,130000
6,219300
3,121600
3,121500
123,1696800
322,602600
2,113300
218,1052100
1378,1499100
11,354200
30,812300
1,74000
7,222200
5,213900
3,121900
9,269700
1418,2436400
7,286600
46,1204400
18,698500
2,117600
37,988200
15,528400
3,123000
3,122300
22,602300
1,95500
5,210900
5,170600
2,102400
2,120300
44,1192600
5,175500
420,1669800
1,91300
3,140600
2,100300
20,557000
227,1341100
8,297700
22,786600
4,185500
75,538500
1,88000
3885,4511000
221,1118800
1,76800
2,98600
13,376900
20,566300
11,342500
489,1805800
2,111700
7,219900
3,121500
11,441200
3,133400
8,276500
5,176200
197,450900
1,100900
3,155100
3,171800
11,357900
292,1725000
19,543800
13,399200
2,112800
115,1478100
10,429800
110,1415600
242,1856800
4,254900
90,985400
111,1443100
86,728400
14,452300
41,1094700
2,100100
11,351800
4,152000
4,165000
39,1095100
1,98500
2,97700
2,96400
27,747600
22,635500
35,970500
4,149300
15,435500
3,120200
429,1838800
5,171600
5,243500
1,70700
2,95800
8,300600
3,135000
3,123300
5,169900
7,273900
32,895000
15,712400
2,108100
205,703000
76,463900
62,102400
411,1353200
13,376100
9,298100
14,469300
1,89500
17,509900
77,596300
2,129500
5,177400
4,185000
284,1145200
2,139600
4,191200
6,212200
16,475200
4,157200
2,106500
76,466500
9,306400
196,454500
1804,1783300
2,106400
23,664800
11,356400
1,92500
17,474300
2,95000
47,1310100
14,572700
29,1106900
15,437400
25,747300
132,354800
4,151900
5,192000
8,302400
189,278600
2,123600
5,178600
17,472600
23,654300
3,142900
33,887900
2,97900
8,270400
65,188400
6,242500
2176,1915000
2,127400
3,127800
10,321300
41,1151800
18,507400
8,283900
36,1210600
1,75100
16,536400
1208,1946000
3,198100
618,2105200
2,132300
14,413700
2,111700
3,129900
9,271200
19,597900
1,75900
259,585900
17,474600
1,72400
9,301300
23,772900
441,499300
48,1276100
240,1594400
757,922300
2,131300
7,219900
10,359300
30,819500
17,486000
33,948000
1,78200
28,776300
23,725300
486,1801900
2,98900
116,1527800
454,1016200
4,186500
2,137800
5,172800
8,307000
1,77300
95,1000500
13,379500
1,94700
2,98600
28,801700
146,695800
700,1061000
42,1117200
10,311400
1,71100
1,69000
12,355600
42,1198300
152,1014200
10,396700
88,970400
12,454900
6,247200
4,186300
538,2004900
3,227300
88,1086200
8,353400
34,946300
9,281300
90,893900
20,558900
2,98400
12,379900
1229,2458300
120,1674100
5,182500
14,543100
6,250300
1,92700
3,128100
56,1572600
2,119700
23,842400
8,341200
114,1482100
962,1668300
4,169300
166,1200500
3,126300
15,445700
15,444800
23,626700
131,329300
6,195400
30,766700
190,421500
405,1545600
1,102100
373,463500
391,1054100
8,339500
13,479800
32,938400
95,959100
22,880800
33,985300
3,148900
345,1192400
896,1571900
12,472500
3197,3780800
4,163600
59,1607600
21,610200
23,626000
1,72500
7,274700
3,135900
1,89900
2,99200
21,670200
147,756700
4,149700
1,85400
45,1273700
321,581300
10,366500
73,368100
80,566200
140,574400
139,556800
2,95300
137,476400
529,1311300
10,310500
60,1656200
12,347200
153,929500
956,1412800
7,228900
22,633900
2,106900
5,170100
187,202100
7,241100
2,121500
2,115000
38,1086700
308,1924200
40,1149500
1,88500
49,1399500
2,99500
412,1437100
5,200200
15,522800
32,911300
4,150000
1,71300
1470,2277800
3,132800
780,1517500
4,150900
3,122700
1,71300
4,169000
34,951900
15,434000
2,99000
2,96700
891,1266600
4,174500
48,1557200
1,99500
2,121300
80,647800
4,229500
2461,3216100
8,270900
33,902700
80,549500
2,94700
1,90600
1,71100
477,1471000
11,334400
4,145100
6,199300
27,914600
2,131300
213,1042200
8,276800
2,98900
1,69700
35,1009100
5,231800
66,223100
1048,2191000
27,850300
11,335300
3065,3160400
3,156800
1,93700
150,899700
5,194500
74,421200
10,295500
58,1611700
4,154700
98,1078100
9,273300
23,729100
18,693300
533,1549800
12,384600
4,205500
48,1267300
2,109600
63,222500
878,1136700
15,524900
3099,4109900
31,900000
94,1079200
1332,2123800
1309,1365100
22,673700
137,551400
155,937500
10,320000
2,204800
11,472200
830,1351700
22,601200
260,593800
8,477000
141,655000
5,180800
50,1394300
6,214500
4,152200
6,201300
19,606200
1793,3948900
30,1288900
5,229600
90,859700
15,434900
4,164400
20,935400
388,860200
112,1458300
2,121100
31,854300
15,655000
1,79000
98,1313300
31,906300
437,464600
4,172000
2,116300
7,231400
8,280900
10,311400
9,297800
7,227600
26,730200
484,1848400
1,120000
63,119100
12,455800
2,113000
39,1113100
221,1121800
2,110000
6,282100
16,722800
2769,3429100
786,1864600
24,689700
313,376400
2,105600
1390,1725000
3846,2925100
112,1431100
1,73100
2,99400
25,714000
1,79600
4,169400
8,245800
3,137600
43,1140000
16,464000
2,141600
181,1629700
6,199900
6,198400
10,319400
213,1046900
5,230200
247,1795000
519,1048900
108,1504800
13,386100
2,100400
53,1545100
1,71200
49,1303300
110,1700600
39,1281800
73,463400
1,91400
49,1647200
3,156900
2,129100
76,588100
749,974700
31,910300
118,1602700
3,154000
2,149400
39,1115100
7,227100
170,1365300
831,1266000
10,317200
18,583000
2,116500
5378,5563400
18,607600
5,244400
3050,2881400
21,597700
167,1246000
4,149500
94,875400
2,122500
11,322700
2,117700
95,982100
71,412600
72,378800
26,713500
10,381800
29,803900
12,351700
4,218200
169,1628000
4,194600
1,99800
12,448800
28,971400
139,675200
228,1568600
70,394100
131,410600
21,734800
501,728400
14,512500
5,226700
2,126600
79,669800
160,1342600
14,553100
12,455200
4,199700
13,467600
31,1058200
4,184500
21,758000
4,169000
29,809500
1,84600
138,627200
8,277200
110,1502300
3,131100
142,592200
5,193500
11,397800
13,406100
1,74400
26,709600
26,800300
8,275400
50,1534500
111,1433200
2801,2609900
278,1096200
162,1166700
378,458400
12,365000
4,149500
3,123400
341,1125800
57,1524600
23,664700
5,174100
19,512600
93,923400
5,184000
