32201
14265325
10609204200
17,7586600
1646,2216400
2,131500
18,533500
6,200300
11,408700
101,1103100
15662,12640000
1,168800
20,729900
23,654300
3,164000
187,274400
166,1289800
121,1616500
42,1816600
132,382900
29,998600
2,127300
902,1812800
1,76800
129,313800
9,304000
2,103900
23,649600
11,325000
11,437300
471,1401100
28,984000
2,104900
2,99800
1,72900
1,73000
3,165300
1,119900
10,314400
9,313000
3,128800
1,73200
58,1594100
239,1748700
1,89100
8,253200
57,1782200
10,507700
3,208200
47,1437800
18,662000
78,695800
633,1159800
3,152500
51,1374600
381,528700
28,767200
2880,2973700
376,472500
9,278900
130,324300
282,1267400
7,246000
54,1530100
190,507900
4,185700
2841,3676100
9,333800
1,96100
133,376800
6,204700
34,990200
117,1631800
1228,2245500
1268,1661500
30,831000
227,1302900
4,223700
8,323500
63,161000
2,124900
4,187400
1,94900
38,1432800
344,1311500
14,444800
4805,4433800
17,536200
23,616600
32,872100
1,73600
18,505100
8,243100
1316,1350900
1052,2285000
17,576100
14,435700
53,1797700
415,1689900
326,717900
404,1188100
1,99700
27,822300
25,746800
458,1292100
55,1533400
14,427700
7317,5372800
1,114800
10,318100
504,605400
1103,2203900
12,380800
1,75200
3,124500
16,446200
21,650700
228,1331300
3,169800
20,583400
168,1358100
89,757700
590,1338100
1,73000
31,881300
228,1220500
1199,1533200
10,349600
49,1561300
13,455400
54,1894300
111,1402100
149,926600
2,124700
1001,1087100
4,215600
4,232000
1,79900
1,73600
28,753900
5,191600
2,99900
67,248400
842,1560200
251,321200
31,838500
186,190200
13,393400
74,412900
63,120300
40,1081300
300,1517400
2,99400
19,659300
9,414400
96,1033300
275,1089500
106,1263900
6596,5751600
9,309700
6,262500
17,475900
1,124500
2,131500
617,2060700
33,955600
8,280200
12,345200
70,435400
13,463600
288,1250300
3,141500
51,1474500
7,228800
4,170000
10,355600
44,1255100
4,155300
738,1995300
45,1174400
797,2158100
1,78400
4,151500
61,1650400
14,424200
7,219700
2,119300
37,971100
307,1907100
1,77000
389,785700
45,1180500
123,1667300
4,166500
1,72600
28,796300
939,1012000
2745,2407100
5,186700
54,1436000
6,216500
1,90900
2292,3339200
31,1277300
143,802700
1,114400
1,89100
4190,4485900
160,1070900
326,664100
44,1517900
33,1115000
6,251800
53,1577200
14,506600
2,118800
301,1953700
2,174700
664,1763100
22,812600
3,129100
488,1777900
285,1185900
12,348200
87,832600
52,1508300
25,680700
42,1409500
8,307300
6,267000
35,1006200
3,127200
7,346400
67,256900
29,748500
3,125400
1,94200
1,71500
4,219500
761,1369700
3415,2755600
3124,2837800
1,87000
2,97100
801,2054800
423,1635000
47,1201500
8,314100
12423,10446400
10,392700
22,742400
23,707000
5,232400
87,756000
3,126600
7,239600
23,682700
16,448800
88,779500
3084,3697400
3,136500
1,94700
59,1863000
2,142400
5,236300
6,204500
39,1173000
475,1675900
11,438100
3415,2680700
44,1169600
459,1030500
133,400800
14,422600
2,97800
18,526500
1,71300
120,1557500
27,780600
112,1472500
21,878800
22,756000
30,839600
23,667500
1589,2435800
3,138800
3,126000
1012,1311600
1,75700
635,836400
46,1556700
14,534100
50,1639400
37,1218000
91,1069300
22,762700
23,794900
1745,2004100
2,116300
14,432200
6,237300
7,233400
42,1262700
315,422900
9416,8774000
87,813500
66,220100
30,834800
74,654200
3,203800
6,221100
33,903300
1,128200
1,114700
5,189100
38,1064200
1249,1356700
821,1235400
17,499200
19,583400
29,817800
4,161500
243,1787900
28,826000
5,193300
368,1900500
18,527300
20,656600
6,214400
16,495300
857,2258700
7476,6335600
987,2148200
11,367000
511,982900
4,153500
18,816800
22,684100
22,633800
185,1757000
2,110300
143,881700
3,243300
2370,2506200
38,1043900
15,421600
1,86500
40,1073300
63,125400
11,351500
45,1194500
1024,1562500
10373,8509900
4,191000
16,464100
2195,2305800
32,864500
1265,1578500
5,190300
4,151800
12552,10381700
285,1311000
19,541100
30,859000
65,192400
14,400200
587,1706600
3737,3277800
3402,4139700
83,718900
94,1090200
1,76300
14,422300
72,356000
2,115100
84,699500
482,1641800
78,486600
33,975500
1,80000
9,272500
13575,12001900
3,176500
4,163000
6,212800
2,110500
19,559500
220,1076000
1,87200
20,653300
39,1140700
243,1683200
1,96700
15,419900
2,110400
15,420300
43,1228200
10579,9735200
1,117400
4,157100
415,1518000
7,244000
3979,3234600
14,414400
1,74500
2,109000
399,1130100
1532,2524700
5,332400
25,844400
2,108800
2,112900
2,100600
23,722800
160,1117700
2,165800
1161,2059600
1,77500
76,449000
74,422300
34,937100
6,216600
6,208600
950,1209200
138,485900
69,281900
168,1325500
18,563600
19066,15698400
161,1311500
1,113800
4,211000
68,335500
5,187800
3,232900
23,1054500
3523,3986300
582,1215500
20,563300
433,1892700
11573,11183100
183,1683600
5,225200
2,100300
2,116100
3,123000
626,706800
58,2127500
69,277800
10,312900
4,248200
14,549200
4,158100
172,1485000
18,516000
39,1330300
1,80600
141,763200
3,133800
8,292700
6,203500
44,1194300
225,1194300
4,226500
68,303200
94,966100
2,102500
5,266700
8034,7397000
1,89100
3517,3989000
13,408100
203,630900
20,588900
3,126200
3,130000
8120,7493600
7,241200
50,1317400
19,549800
11,324900
6,291800
44,1383600
5,180700
1,101200
2,134300
28,888100
19,575300
34,907700
2,99800
86,812900
6,218700
3,125100
3,141000
1,72500
10,300600
9,273400
14,437000
26,719600
281,1095100
37,1017900
1,79700
13,379700
43,1246200
1785,2744900
1273,1908600
81,631100
1,73900
124,139300
7,436600
2,133800
362,1674500
3,142100
766,1206200
59,1655700
430,2095900
7,309600
1,75100
3,133200
677,2077800
2,113900
1,72000
214,975800
1,91600
78,518700
37,1128400
7,226700
4084,5202000
5,214400
8352,7385500
81,782600
10361,8370900
5,211500
16,530100
4,181300
4,190700
1,72900
216,1026800
99,1199400
4,165400
1,114400
10257,8877600
5,256100
516,909600
5,197700
31,912800
653,1362900
2,101300
4,148300
3,129900
1,127900
36,1007500
4115,3546500
2,116400
2270,2841200
1,83300
3,131800
2,102500
2,100800
4,162800
73,395000
155,1186100
3,140400
8,258300
239,1680800
7,234400
14468,12006100
26,828300
1,92600
1,97400
14,485300
6,228900
8,282000
15821,12295400
3,168100
4343,3899700
1,117100
29,779400
239,1632000
31,960000
45,1215000
1,111600
21,563800
12,441000
865,2260300
380,499300
6,249800
883,1058800
9,351500
1,91600
1,71900
80,583800
18,593100
30,991700
50,1345600
28,739000
67,347600
31,863100
2,131000
3,134500
11,341000
4,161200
4,160400
3,146700
58,1665200
1104,2426000
38,1106800
6,216500
80,601600
339,1333000
170,1376800
10,360800
8,418300
19,645400
644,1321100
27,771800
1,77400
21,605200
1,87100
3793,3029400
3,158800
3,127200
167,1297600
207,966000
136,441900
1,83600
4,163100
4333,4897900
10,362100
5,305600
1,112800
451,909400
2493,3080600
26,757900
1,73600
5,174400
1,77100
15,428400
2,127500
1,89700
1,78000
6,229100
3,148400
367,1777200
55,1441300
15,466900
6,211900
34,1022100
3397,4071600
1,88000
1,72800
37,1030000
14,392900
105,1208800
3139,3269900
11,366400
28,861100
15,439300
472,1416200
4,154100
18,493200
9,272100
23,752600
107,1401100
3,127200
14109,11760900
144,739600
12,356800
20,566000
8,275500
10,365300
31,881300
3,166500
1,85100
806,645100
88,792500
1437,1437400
16,499100
8,252600
4,206700
66,263800
13,506000
51,1418500
155,948400
23,646600
78,527300
11,350700
15,469900
63,115100
1395,1890400
1,72800
1,70500
40,1117700
1,77700
113,1407200
45,1272700
6,269400
30,994400
3354,3439900
5,227400
176,1812700
4,192700
771,1406500
3,127600
2,99500
3,145500
3645,3899700
6,212400
45,1213300
6,214300
144,673900
488,1883700
25,784800
439,495100
3,128300
127,269600
8962,7664500
169,1376100
5,214900
2,101200
384,793400
24,646400
31,875900
5,180200
313,329700
48,1452400
21,697900
159,1182300
1,93500
3,129000
1,77700
1220,2272000
2,115600
3,128500
1455,1981300
228,1333000
11,496100
37,1023400
56,1725900
2550,2282100
221,1203000
64,145600
6,213300
55,1549000
25,699400
358,1681500
8,309300
36,1002800
7,246900
51,1867100
60,1610400
9634,8301700
38,1251600
51,1634200
15,548400
7,289500
3,162600
913,2587100
89,1145800
30,1033100
50,1680900
3,159800
957,1885300
7,297000
8,338900
77,609600
44,1410300
2,114200
65,207000
2,120000
2,114100
53,1548300
1,92600
49,1400300
3,126300
1,73000
57,1604700
15,447900
55,1637400
2727,3688200
8,286600
7,260200
9152,8544700
18,680700
17,521000
4,169400
2,110900
9,283200
83,812500
89,829500
710,1671600
10,405900
2,124200
8,306900
5,200300
12,528000
14,484000
4,156600
4,159200
5,178700
13,467700
228,1408100
424,1750900
3,179800
4,165100
1873,1887400
5,204500
40,1102100
2,111800
1,80500
30,850700
32,946200
243,1719900
16,467000
59,1597000
4,167200
10,310800
2,114300
40,1279700
6,210800
9,279200
4,161700
32,932300
113,1574400
11,344100
5,227700
275,942400
54,1510900
1,77400
29,878900
32,890400
6,238900
2,131400
1,90800
2,128000
12,458700
212,853200
10774,10330600
40,1334600
37,1022700
34,1412900
63,184200
2,122800
16,494300
12,384900
6,205400
12,377400
4,201000
369,2095500
247,2015300
2,107900
2,165600
5,269000
8066,7042500
75,633000
19,654000
169,1339200
20,740600
61,1834700
403,1151500
58,1602800
68,306900
72,361600
2,137400
7,229600
16,538100
12,543600
52,1766500
629,850000
4,241400
1156,2313900
46,1299900
57,1654300
4,157900
7,270200
6,214800
237,1493800
7,257200
2,101600
1141,1526000
15,433400
70,294500
2,116100
3,125500
2,97300
26,737000
673,2290000
59,1663300
7,298900
342,1141200
145,780200
6041,5936100
12,378900
221,1138700
14,398200
5,174500
1,78300
4,173100
57,70036500
107,1289000
3808,3544700
25,681300
16,460400
1,73400
43,1129600
26,733300
6345,5640600
86,758100
3514,3690100
32,931200
4,172300
20,540500
4,165000
1097,1903300
315,432900
4,189600
25,867200
10,319800
21,901100
49,1558500
4,151300
1,74800
255,421900
1,73200
3,125500
2765,3425000
97,1021400
4,150300
96,954300
5,173300
8,282000
2,99300
17,530900
3,121600
57,1538000
1,84200
105,1318400
159,1060400
1734,3238800
7,254900
78,536100
77,754500
15,501700
157,1117500
1,103400
4,165200
24,676100
2,103300
2,101200
3,127000
51,1852200
39,1395400
236,1834500
54,1479700
2,106800
508,820700
655,1490900
8,437600
12,557900
2,119700
218,1001000
72,436300
97,1032500
126,188500
70,395800
15,554000
79,570200
6,244900
1,80700
26,803500
1434,1449300
39,1168000
6,349900
488,2244600
74,424600
2,101700
15,520500
2,127100
1,110800
46,1328000
22,653100
89,1171500
13934,12225000
4,191000
3,126500
86,748600
44,1405400
3,129800
8,265100
75,487300
3,153300
5,194800
4,181000
26,697600
2,100100
96,1121900
3,137000
14,413300
11,424900
12,421000
181,1716700
1,79700
36,972100
800,2148800
144,639200
58,1607500
2229,3638600
53,1473300
1,75700
7,226900
30,837800
5,186100
39,1075300
5,179200
1,78200
3,124900
4,214800
10932,9008900
40,1149500
1517,2092700
1022,1795600
3,152400
4,170000
177,1610100
1,78500
641,1046300
2276,2796200
5,181600
149,855500
70,290200
395,907900
4,190600
94,884600
327,756200
4,169200
30,795100
43,1143200
2,196500
3,134600
5,202000
721,1567800
67,237100
108,1307200
21,588200
77,491600
5894,4826400
101,1578000
14451,12292300
9,372300
1,105100
20,589700
3,126100
1301,2567700
42,1140400
14,490700
587,1233900
1,109900
3,137600
21,669300
1,74500
184,1699400
166,1208100
257,483100
99,1011400
238,1699900
16801,14866700
47,1623000
1,79100
5079,6411500
48,1941400
217,1111800
13432,11087100
397,1037400
147,770600
57,1530500
10,309400
14,428800
1,84900
286,1201500
4,150600
5,196300
18,567200
8,243000
120,1575500
1334,2129900
26,711400
15,452500
6,198400
11,322200
1,71800
11,335700
3,177300
328,813000
69,276600
1458,2002600
11,338800
28,809600
1,104600
20,611600
2,99800
1,72600
196,465300
1661,2461200
3,124200
451,1024800
3,153000
11,332900
30,881400
8,298600
13,396000
101,1164200
1303,1035400
17,527500
18,543000
1,71600
46,1222300
3,160100
1,84000
1,107900
4,154600
7,224600
18,563900
378,552800
161,1092800
17309,14051400
16,503300
7,262700
4,152100
3,123500
7,321800
3,179200
2,141200
10,465600
95,989200
287,1233200
1,81300
6,214000
4,150200
2,98500
51,1392700
82,596400
14,447700
3,150500
74,376200
1,85300
10951,9561600
4,196800
16,606800
3,183900
29,820800
102,1184700
5,181600
423,1631100
6,199300
5,211300
29,791800
56,1479100
548,1865900
348,1417200
2,124800
19,522000
3,155000
3,133200
871,811900
55,1516400
12,358100
1,78800
13307,11687500
306,2030500
25,997400
2,156100
1,80500
1,90000
13934,12142300
4247,4553100
186,260300
3,139100
1,75400
111,1466300
608,2016800
143,741400
5,235400
554,1912600
36,1014000
54,1475700
4170,4010900
235,1732100
1429,2051800
1,144400
3,193000
6,308000
27,1127600
1,103800
79,811200
19,833500
27,924000
41,1095200
8,334900
38,1029200
92,914200
53,1426700
17,516600
4,151700
8,267900
3,126900
357,1544900
108,1295000
1,83900
1,110500
51,1479700
85,829600
3,286200
9,509000
2,195200
74,603500
3273,3975800
137,673200
3,128000
25,746500
29,774000
108,1585200
2,117500
24,717200
352,1626400
12,360000
174,1560100
1007,1441800
146,803300
9,346300
10634,9976100
390,945300
9,277300
9,336900
69,269500
12,502300
34,960800
6,222000
2087,2705100
40,1097200
535,1435100
1,77100
15,415800
1204,1596800
4,164800
36,1056800
14,464400
1,106300
9,326100
24,670700
8,278900
1,79100
183,1793400
3,130900
5,185400
29,826700
11,353300
179,1670700
1334,2396600
2,129300
26,903400
2360,2497400
24,805200
45,1428200
34,906000
6,254400
207,740400
1,85100
6792,6215400
6,257700
401,1151000
1,74900
7,237000
1,86200
23,652200
242,1655700
14,410500
422,1619100
24,655600
7,274800
4,150100
41,1097500
23,704400
6,200600
23,690600
63,179200
7,258600
3,125200
4,159900
20,731600
32,969500
4442,4482500
14,465900
14292,12910200
1347,2256700
14583,12329300
9,317800
9,294700
51,1467300
12,456500
3,201000
1,108500
15,443300
2,119200
901,1551700
8,295400
2,114100
7,224700
111,1419000
38,1415600
3,142100
97,1006500
5,208900
22,614300
1,71200
87,837700
2,147000
20,619200
123,1735200
18,675300
13,380000
44,1189300
66,195400
1,79500
89,845900
510,789000
7,221300
277,1231700
5,207100
8,253700
13,477900
2,145000
23,865800
7,317600
1,83500
1,98300
6,241100
2190,2336900
164,1203700
2,108500
3,124800
1,71500
42,1321700
3,173700
9,363700
9,384000
16,516600
4,150100
2,105200
4,150000
11,335500
264,736600
10,304500
524,1225900
28,779400
2,99900
2,99000
958,1468300
1,91000
26,1022200
6,207300
133,453100
149,1022600
263,813700
6729,7089900
1,142600
35,1069400
7063,7245000
91,869800
5,207800
3,132000
3,128800
1,72600
8,254200
24,672200
45,1237600
3,163700
3,173200
186,211500
94,984600
2,100100
3,168600
24,734100
14,415300
3,126100
9,291100
2,117100
1,74400
9,318700
25,665900
357,1541500
313,391400
11,336200
152,903100
31,820400
6,210400
3,138300
69,283700
52,1387400
1,97200
39,1192800
12,380600
6,198400
6,195200
5,170000
1,70700
257,528600
352,1435400
14,446800
3,154300
3,137300
17,487200
3237,3265000
139,586100
8,273800
1,74100
167,1350400
116,1504800
14,390300
7,228800
1359,2664400
4,157900
4,161900
447,737200
41,1146600
142,737400
1,94400
893,1622500
7,232700
84,650800
9012,7653200
19,817600
12,379500
3,137100
49,1354200
52,1426700
12,372500
202,716000
1083,1679800
64,248400
6,215400
195,434400
30,869600
39,1079700
282,1353400
4,205900
250,346500
336,1075200
6,210500
13,381800
3,146100
20,632300
226,1273900
121,1662400
8,251300
36,1004600
138,484000
5,180500
1065,1128800
12,343800
23,646000
18,513300
2,115600
603,1746700
3,128200
9,274800
4,238200
3,151200
2,115700
3,138600
311,337100
111,1454100
25,900100
3,134600
26,755600
1,74000
3,127300
7,224200
48,1309900
5,211900
5,194500
12,367100
35,1008300
2,116000
4,156200
11,320500
144,680100
8,268500
23,608000
23,658000
1,90100
261,596900
2,100100
4,152800
91,875700
2,108900
6,198000
533,1800800
3,130900
20,580800
2,100200
4,155700
9,303600
23,617700
6,193900
1,71400
2,112900
2,98500
4327,4579100
3613,3455000
2,142300
87,763900
161,1196000
697,936400
522,1110300
2,103800
3,129700
6,242300
2166,3626400
80,578000
33,1022400
6,213200
41,1191400
4,181200
23,607700
12,405200
2,112600
34,939700
1234,2609500
10,347800
11241,9296400
2,140900
12,367700
23,786100
565,919900
59,1603200
75,522500
20,547000
37,1047400
1,72200
2,104800
727,1700500
3252,3305800
9,286900
11,332400
3,122700
5346,4301200
34,934000
170,1299600
41,1122500
13759,12922800
2,127200
22,696700
261,642300
2851,3811100
151,1005500
8,316900
7,301000
69,287800
42,1535400
1,87200
2,103100
1,72600
39,1194100
10,387100
1,118300
1507,2130800
8,337100
8,294000
15372,13575000
12,388700
4,163000
2373,2349100
1281,2209500
4,163100
1601,2732100
5,187400
241,1669400
3,216900
20,593600
6,239000
3,124200
33,869300
33,1062800
44,1332100
4877,4702000
37,1045700
4,177200
21,604500
10,299900
2,97800
41,1204400
9015,8256600
11,455700
3,165500
8,275300
400,1055000
6,233600
314,451900
3,131400
1541,2623800
328,789800
4,167300
85,719900
2,134900
5,310100
7,246900
2930,2635200
37,1026700
1,80800
2,98900
6938,6613300
99,1181500
2,119700
1,85000
7,226200
2,125700
462,1023100
4,233400
173,1405400
59,1726100
2092,2968900
1,88100
3139,3824400
5,254600
27,794300
793,1950400
3,158000
102,1154700
2568,2632900
1,81800
3,124600
70,443100
77,605400
1,108500
4,165000
168,1352900
14,413400
3,126000
41,1219300
3,155900
106,1191500
2,97800
21,643900
3,151700
23,618300
2,98200
6,194000
678,2106800
5,199700
1846,2724800
4,171400
8,260500
40,1063700
3,124500
1,71900
9,293900
3,158000
3,124900
17,466900
40,1324100
5,222100
34,960300
684,751400
2,124100
13,582900
3,140200
75,574200
17,548400
2580,3141700
2619,2502600
8,331200
8014,6621000
1229,2378200
6,272900
4,156900
7,252000
106,1299200
55,1417700
166,1400900
27,848000
4,182600
96,1120100
50,1589500
36,982400
12,376400
23,711000
39,1376700
4,174500
109,1363800
395,933200
74,456400
2,102900
17,472500
50,1375400
1,73100
58,1776800
2,123000
20,635100
93,870500
17,512500
7006,5285000
9,353100
15,544500
4,258500
43,1394100
380,556500
3291,2739400
3,145200
397,991000
16396,13133600
1,103100
33,895500
26,801800
19,567600
5,181500
6508,7199700
666,1948600
35,998500
112,1621300
33,960500
3,131700
16,567100
3,164400
2370,2415200
328,740100
5,207300
45,1203000
2,104400
46,1223000
97,1153200
6586,5555300
248,230600
3332,3584500
11,411000
8,248900
1,79000
1,94700
3,137400
44,1242900
98,1076600
1,73400
6,236900
10,352500
2,104000
7,226700
1,73000
40,1096500
364,1671100
137,538300
716,1574600
2,126400
1,74600
2,98800
10178,8127400
11,359900
72,355900
10,297100
47,1274300
4373,4378700
974,2357200
7,233000
10,366900
1192,1291800
7,240200
17,490200
205,641600
14229,11424600
10,319500
40,1185700
1,157100
41,1167500
806,641400
2,101000
2,98400
235,1522800
3500,3604000
12,426600
4,151000
2,98400
25,711400
13,393900
16,451700
17,566100
94,1131400
19,561000
110,1315100
39,1110300
109,1302900
18,550800
2,95400
3,120200
38,1114500
2,194100
169,1328500
416,1434000
32,963100
5,175500
72,368800
36,959900
197,459600
12,368300
217,984100
4,149000
925,2359200
169,1382700
2,118800
5264,5335700
25,665300
1,127800
4721,4439000
9,393500
2,126200
8,249900
2,111200
15,448100
160,1238700
2,104600
66,236900
68,283400
55,1470400
5,180200
30,998700
34,915700
1,82600
656,1556700
2518,2946000
74,422700
2,116500
41,1125400
3284,3926800
1,178800
2,207400
4,174300
45,1260900
6,306600
4277,5222000
1,110700
10,301300
50,1370500
1,74900
2,109300
26,757300
5181,5197500
7,294000
1,82000
74,680700
161,1484700
177,1586100
20,553200
1,73000
16,471200
8,279400
1025,1603800
3,144800
162,1163600
8,249600
47,1412300
5,247100
98,1266800
1,111400
26,878600
3,158900
326,895500
36,1207800
6,247300
51,1796400
418,1763200
14741,12356900
46,1355100
48,1342200
5,232200
9,293000
1,76800
344,1144100
142,591300
65,166300
4,152600
5,197400
906,1707800
2,101600
35,937000
2,104300
3,122300
1,133400
476,1476700
35,998300
4,153400
8,329600
6,234700
59,1553400
1,71700
1,93100
1,73800
15,427700
8,243900
13,391900
62,118000
3,166200
134,574500
35,984200
48,1301400
4,174400
1217,1933700
112,1393600
2,121000
17,645100
6,261100
661,1761900
107,1678400
4,201800
166,1203300
1,74200
17,550200
15,447100
18,524200
6,241300
23,644900
85,739400
14,527600
160,1229000
680,2330300
3,132300
10,320900
8329,7076200
385,676900
6,224500
61,1685900
81,835600
12,593400
49,1491400
1,77300
56,1519300
4,153300
10,299800
3,134100
3,145900
23,650900
3,123000
218,980500
139,691600
978,2424600
25,827600
112,1550800
1,76800
20,927100
37,995100
21,626700
2,108200
732,2119900
1,87800
55,1451800
1037,1956800
4,167900
4,147000
10,290500
114,1517100
6,252300
12,434300
1,98800
2,120600
5,185100
46,1209900
316,454700
9,304000
6,308300
24,823500
32,1170100
5,249400
23,839400
497,464100
4,157400
37,1003600
38,1260800
1,108000
195,560000
40,1382100
4,184100
249,311700
12,430300
207,911800
8,314000
22,747800
1,97700
8,320400
32,1077300
1,88800
42,1394800
100,1273700
8,338200
1708,2375900
5,185800
4,258300
1,88600
22,621700
86,733200
18,707600
9,369500
1,76900
18,507300
11,372300
2,113900
8,273500
5588,4461800
5,197400
2,121500
3636,3788100
1,82900
304,1850800
1712,2578800
174,1628500
22,653300
86,756800
310,280100
191,405900
1,75200
28,801500
54,1453400
248,207100
1,72100
1,70300
4,200800
17,511300
21,576600
3,156200
13,412500
1,72600
1969,3224000
4,188500
7,289900
5,225600
26,1185400
3,187300
4,234600
19,557600
4622,5024400
1,130700
107,1292000
6,221200
14,432500
1,88600
1,75700
11,331700
1577,2503500
91,1045600
257,588400
472,1687800
32,1072000
2232,1997600
2,117900
14,618600
1,88200
21,635800
3,142000
3539,3215200
5,195100
12,394900
14,421700
32,866900
231,1485400
1521,2155100
226,1289600
3,129100
7,301000
2,101100
543,1722000
248,469100
4,198200
1,181000
34,1194200
4,167900
4,153700
10,323500
21,579200
33,932400
146,792200
547,2158300
2,217400
71,414200
2,138000
8,263900
99,1134000
1276,1891500
23,723700
761,1063500
86,809100
9,276700
7,218400
6,194300
2,116100
2,95000
181,1856600
1060,1162400
18,678000
365,1828700
64,159500
5,171600
207,718200
645,1154200
6,213200
1304,1177200
8,247300
9,294600
21,608900
76,458000
462,1265600
3,137900
72,358000
5,195500
99,1121900
50,1449800
5,180700
40,1222400
28,795700
643,1286600
123,1777000
81,640000
711,1321700
12,445000
33,906500
1,117000
404,1183300
55,1624700
4,156900
4879,5574200
2,132400
87,787300
27,768000
6,243300
8,256100
1,70800
2,95900
1,70100
7,225600
7,233000
70,345200
1795,3172300
1,103600
2,104900
3862,3265300
12,356400
13,558000
134,449200
3,127000
283,1108400
497,573800
2,148700
8,397800
1,148400
212,1005200
25,678000
705,1392100
46,1246400
27,734500
185,1800700
18,501300
3,136200
152,869000
75,432300
37,1097500
1472,2582000
88,855100
8,327800
6,216700
14,405100
1,71600
39,1148500
17,493600
7,227100
4,195900
12565,11676500
36,1158600
545,1937100
3,142800
5,173100
36,962800
3,123100
1,81200
132,375700
6,205400
5,169900
11,315400
4,203000
5,179600
3,141600
10,322300
218,1162200
39,1091900
29,826400
639,1069800
42,1370500
2,121200
2,131000
52,1430800
260,554200
3,125700
14,433200
318,516900
21,557000
1,70500
2,94800
4798,81775300
66,232000
2,100800
38,987900
238,1543100
54,1459700
231,1360000
388,783900
92,887400
14433,12106100
2,134800
12,473100
404,1257400
57,1534800
2,101400
22,605000
354,1416600
2,105500
223,1149600
923,2384400
5,207900
239,1554100
68,274400
7641,6029300
1,83800
1,71800
7,242600
1624,1542500
35,996000
4,150600
28,812100
1,76200
11,343200
2,98900
2,96800
19,524000
4,154200
3,222800
81,728600
11,641100
7,400000
1,114000
2,113900
6,221600
10,303600
2,98000
1,71600
11,468900
944,1148700
57,1859300
20,781600
63,125100
399,1108200
1,103400
40,1116100
138,619500
5,186100
10,298600
2,96400
711,1318200
10,299000
31,884300
9,281800
861,2072700
36,1470200
1423,2706400
4503,4321000
1,93800
285,1245200
62,105700
6,200600
1,76200
6,244300
1,71300
5,171900
452,851100
588,1247000
10,428900
1,95100
18,523800
2,101500
38,1117800
167,1362100
33,899900
2,103700
20,708300
423,1707600
20,540500
19,746000
104,1195100
2,100300
64,181300
11,422300
247,1904500
9,271100
172,1502200
4,238200
6,210600
210,854200
9,295100
69,315100
1920,3115300
12676,10472500
2,124100
8791,8293300
141,765300
53,1403900
6,302500
24,847600
279,1187100
411,1453100
861,2114800
1384,1613000
2,101000
13,399000
1608,3302500
2,150900
2,127600
777,1481400
2,119000
338,989000
104,1171700
31,846400
49,1308500
5,186100
11,352300
55,1558800
2543,2301100
166,1377000
33,1108000
43,1401100
110,1465500
94,952600
381,581100
2,112000
18,517400
1,72300
69,281300
134,439600
872,828500
32,1004800
5,176800
34,941500
4,147900
2,100900
1248,1248900
24,685700
1,98500
5,174200
24,743400
3,137600
11,333100
2,100500
1150,1778100
53,1536300
2,103800
246,2514000
1,100900
70,362600
1,77000
14,401000
1,112400
286,1375400
686,805500
2945,3037300
15,480200
1,73700
2793,2293700
4,241800
3,130600
4,190600
1,74600
7,221000
7012,5723100
17,537500
3,126400
7,224900
363,1684700
1,98700
51,1391600
1,96500
97,1049300
6,305300
767,1579100
68,274000
1052,2462500
7,310200
5,183500
239,1881700
4,159500
1,73300
16,523000
53,1562500
1,83300
28,813700
5,177700
45,1358500
2,108200
1064,1121500
120,1686900
219,1065500
3,124400
238,1689900
18,564800
226,1264500
869,762300
738,2073900
10,300400
99,1059100
3,165100
10,310500
12,367200
181,1862600
7,250400
738,2250000
569,916300
1208,1862200
9,352700
180,1753000
4,152700
31,912600
2529,3444500
136,537900
3,204700
1453,2184400
7,282100
49,1648700
356,1567200
426,1761100
5,183200
248,206900
66,225700
377,474100
5,172500
2,104000
123,1808100
265,772500
10,404800
4,153300
18,625300
129,285300
18,599500
16060,12319300
718,1609000
1,78400
2777,3791400
2487,2041400
27,748900
1270,1775100
7,240100
22,614800
988,2285700
1,108900
15,422500
6,219700
19,553300
20,594500
3,139400
20,560700
1,79700
4746,4582700
641,1112200
11,343700
228,1253000
369,1794400
3143,4058400
21,722100
5,225600
4,180600
93,1027100
1,101900
134,409100
3,122300
322,701700
2,101500
4156,3603200
237,1652800
6,208400
5,181500
10,298000
5,173400
18,516600
43,1126500
30,850700
157,974100
23,667700
2,99700
25,810600
2,135000
5,215900
1716,2549700
2,112900
102,1460300
160,1473400
8,412300
80,643400
874,1027600
2,146300
1,76300
4,174800
30,800700
39,1198900
480,1686100
205,721200
663,1661100
620,504200
18,607900
1,94400
8,257000
3,123300
30,828700
4,151800
1,71400
1,71400
38,1054700
3,124100
53,1603600
15,426900
82,653400
152,880100
2500,2491600
2034,2920500
1,105200
266,833000
4,162800
114,1453300
264,605800
4,144100
376,632500
23,863400
7,286500
170,1351100
32,883900
1918,3471600
13,536000
12,444100
86,807900
85,733500
3,126000
2,95800
1,96200
231,1349800
34,943700
1,77100
23,665300
1,84800
7,223200
41,1150700
14,449200
10,319300
28,781300
3,122700
2,96600
1,68500
7,217800
5,267100
6,203900
5,209700
117,1851000
330,875800
9,291800
7,245400
15,438400
4,166000
10,314900
2511,2832700
2663,3449100
31,848600
7294,6611400
94,1147300
34,967800
2,111500
295,1445900
143,636500
27,724900
166,1218300
4,156900
25,707200
18,515300
50,1516900
15203,12213900
9,302200
2,98900
3,124100
3,131700
36,1236200
20,629200
852,2120600
1,115900
1,99100
505,740900
624,692100
4,152700
30,984600
3913,3525100
33,1048700
9,318700
447,794000
697,950500
87,942600
48,1340800
185,1752500
4,163500
169,1368000
6,249800
79,538800
1,73100
27,916900
1086,1956700
182,1764100
13,421500
12,349500
2942,2960200
2507,2532600
29,795100
253,365500
9,270400
1795,2953600
54,1543700
71,333000
3,124500
8,307200
38,1333500
62,93500
7,366500
66,222400
434,359000
3,126600
2,98200
22,656000
10,327300
1,78000
6,194600
702,1133100
17,501300
7,241100
34,1014700
17,491400
90,877900
1104,2290300
2,123900
264,660300
12,458000
1,76200
140,552600
2447,2666500
167,1272200
4958,5181400
34,919600
1,72500
5,202300
2,148700
377,452900
5,177600
48,1302000
1,75000
97,1074800
3,122600
317,428800
2,118600
162,1123900
4,149900
100,1096900
1,73900
8,245100
41,1329800
190,334900
130,294200
6,200900
9,290800
95,991800
1,87300
99,1063500
5,379200
26,721900
7,249400
11,333900
45,1211000
2,99300
47,1291400
3,185400
378,455700
1,72100
968,1761800
2,109400
3,161700
41,1078700
4,147200
3,137300
40,1083800
111,1363400
1829,2482900
2102,3060100
5,188500
431,1885300
264,722600
5535,4747700
40,1126000
216,957900
2,129800
3,136200
3363,3132400
37,966600
4,150000
13,508700
383,728000
344,1262800
1,85600
18,496500
1,92000
1,93000
450,787300
385,657300
335,955100
59,1771000
2,94900
839,1555700
25,919200
2,128200
4994,5346800
2,120300
10,414300
1,92200
18,520800
4,149800
11,392500
179,1536600
31,875000
157,1009200
3,122200
2,95600
12,337500
8,251200
1,77800
1,96900
752,857400
4,260400
107,1486200
2,117900
1131,1327300
4,305500
253,449200
132,389200
1,101100
6,209300
30,834100
909,1816300
21,682500
446,680300
368,2107200
36,1092400
4808,4821800
1948,2384800
37,1283300
15,452500
1,78900
496,493200
471,1634500
94,1077700
117,1624600
12,366900
102,1197900
259,525500
832,1450400
4,151200
2,118600
1758,1846200
4,162000
17,475300
135,577600
9,356900
1,74800
3,125000
8,261600
1269,1953200
328,1109100
3417,2818400
3,169400
4,216800
9,286800
270,833700
2,140800
73,448600
2,98700
75,454100
8,253600
1,69500
50,1395900
1,72800
2,97500
37,1042900
1370,1240700
2,104400
27,743200
178,1540200
3,123700
40,1273700
6,242300
6,205400
104,1352600
346,1448400
2258,2838700
77,495700
1887,2114300
16,474300
15,533400
26,767800
629,806800
2,115300
22,627900
161,1188800
1061,1066100
13,411900
35,1002200
12,411800
4,157300
2,135100
1,73300
19,525800
1,73200
100,1116400
5,178100
1,87900
43,1302900
17,635200
1,107700
23,791900
15,470500
23,614800
29,865700
2,112900
12,369500
35,1143400
21,674600
35,1040100
141,752100
5,228000
16,450000
39,1124000
6,211000
6,196700
600,1825600
66,222200
388,953600
35,958400
511,1006900
25,700100
12,359200
12,377700
4,150700
1,88400
1,71600
367,1737400
1,73800
4,149300
133,384800
10,420100
3551,3191100
2,115400
6204,5363700
70,383000
196,425800
3484,2962500
4,164500
32,892300
447,682100
430,1805700
3,124300
27,725100
8,316200
247,1757000
1,91200
140,555400
4,158900
59,1597400
5,174200
5,200200
84,677000
12,440500
75,413000
12,379900
40,1083900
12,375500
5401,4399500
8,306800
17,549800
31,829900
1,73300
22,671900
2,116000
3485,3576000
4455,5369700
211,899100
17,476400
42,1187300
3,135400
4,146900
6,250800
2,104900
44,1169500
197,559200
1,77300
14,394500
2,97600
199,639700
48,1277200
1,79400
1,109700
2,129600
8,332500
1,114900
6,209100
3,127400
13,375500
22,729200
25,675400
12,359100
9,360600
335,967500
106,1607800
130,336400
11,460500
1,89100
1,83600
704,1237400
13,404400
20,588100
3,126000
6,201700
7643,6704500
18,529800
3,139000
2,99700
9,276300
3,135400
549,1801800
59,2076100
3,138400
620,561400
1,127400
25,797500
1,92300
195,493600
2,125000
1,86500
92,1192400
6,243800
5831,4546300
2104,3267500
3,134900
116,1532800
3,335200
176,1674200
50,1314800
266,831100
821,1066400
1049,2506000
517,960300
18,735700
1,108900
6,220600
111,1427200
172,1377500
2,112400
26,783400
187,215900
4,185900
190,296200
14,400200
172,1459300
7,229700
96,1137000
7,264000
19,534500
20,575800
4,172100
3,145400
3981,3702900
730,1853900
4,157500
1,76800
357,1527600
1,80300
22,636700
7,299300
11,332700
229,1293400
16,434300
46,1209800
29,796600
234,1397600
6,193200
95,918500
5,174600
2,97000
1,69200
12,351800
1290,2272000
59,1504300
3,135800
108,1238800
1152,1772900
1,70800
4,196800
85,723400
2,121200
31,1041600
22,752900
17,585900
2,119200
2589,3628100
7,334500
110,1431000
7,233900
6,198800
30,827400
1,89500
8,318100
1,71500
161,1089300
3,138600
349,1299400
60,1739000
2451,2889200
60,1679000
65,195600
2,98700
457,1125200
6,209000
3,125000
1,72300
1,70700
3,139800
1,72100
48,1422200
60,1693700
661,1607800
3,192500
2,111600
3,166100
4,165000
7,235500
12,364300
1,72000
68,283100
140,585400
8,248800
224,1231000
45,1275400
1209,1867800
639,984800
1,98100
1237,2586400
8,287200
1,71300
1,71400
110,1364500
4,198500
30,989700
95,1019300
34,878600
35,948100
86,708400
3,123000
6,235400
18,682700
45,1327200
82,634700
4,166400
908,2019400
14,433800
11,337700
556,2075400
2009,2411000
8,269500
9,365600
17,570700
4440,5028200
88,786000
12,359300
5,265400
28,811500
15,437800
252,447600
80,749500
4,219700
4,213700
19,660400
494,2326300
976,1972100
31,823900
235,1451200
19,533400
9,302200
1,72000
2,106200
23,677300
7,243300
35,968000
460,1027100
1,73100
5744,5388800
26,858800
3,151700
33,1046100
600,1942700
186,188900
11,347300
3,137900
10,397800
23,675400
82,656600
11,397000
1311,1235800
8,331300
26,689900
24,669300
14,401600
27,741400
4,156100
10,329700
87,729300
3,130300
1,71500
2819,2875400
22,721700
42,1192500
3,127700
15,471200
4,163100
172,1488400
10,494800
516,1090600
804,2453100
5,176100
6,227500
5,174400
88,875800
4,149800
8,278700
554,2045900
23,664200
19,550000
2,121600
66,203500
4,160800
1,78100
215,1245700
4729,4337100
18,577200
33,1001400
431,1872600
390,842100
60,1590900
1,81400
2,96300
65,161700
1,84000
43,1141000
208,744400
251,326800
3933,4443800
271,872900
6,200600
1,84400
63,157900
22,688900
55,1614400
38,1061000
829,1254200
2,106300
1197,1507800
6,205100
4,156300
64,149200
1,70400
82,636000
2,121400
1,70900
7,221800
4,172000
326,699700
436,416800
56,1584200
52,1510000
7,250200
140,624700
3,183900
2,101400
5,178000
1059,1099200
189,259100
3,125700
3,136000
631,881200
30,783300
43,1215700
74,397200
12,455100
4399,5191500
1141,1602700
7,226400
9,298400
773,1328200
177,1741300
134,448400
3,144700
615,2012400
76,488300
3,189100
18,532300
3773,4415900
16,467600
9,274600
13,395600
48,1271700
1545,2895700
1096,1995800
2,127600
3,136300
242,1657900
1,74100
61,1618300
2,102800
3,180500
23,650200
3,124500
4,196500
15,452400
30,825600
14372,13302200
32,894000
1,73800
38,1322500
3,135100
25,694900
3368,3030800
1,83900
2,98800
113,1384000
2,120200
2,98300
306,1993400
4,170000
47,1349700
5,201900
5,265900
7,320700
23,658100
16,466500
24,641900
284,1183800
34,937100
18,524200
104,1235800
3851,3067700
71,345500
617,1991300
2,103100
55,1445400
423,2090800
376,508800
6,233900
3,127300
1,74300
668,1840800
14,403100
3830,4363100
10,312300
1824,1915500
73,409900
73,359400
1,71700
91,935000
13,428000
3,128900
4,151100
4,150400
186,197400
479,1681400
4,184900
1,101000
3,124200
450,863600
376,548200
181,1902700
15,449400
25,718600
48,1299700
1,72600
588,1270700
6,198500
4,165400
9,288800
13,429000
43,1200600
409,1350700
6009,6157500
1,86300
2,100100
1,78400
4,168800
3,131800
10,306600
92,893500
11,366600
3,126000
56,1873200
7,223400
1088,1737900
1,72400
57,1635300
9,316700
65,171100
40,1489900
522,1490000
2389,3127000
1104,2219100
65,301100
37,1060400
2,114300
266,886600
7,241200
14,399000
57,2021300
363,1644400
46,1292500
3021,3391800
10,456400
891,1479300
2,148800
10,384400
62,114400
2069,2807500
523,1512000
14,560800
83,779800
581,1387200
15,499500
72,356500
40,1158600
4185,3920700
916,2024600
39,1080700
3107,2497400
10,317500
314,384500
36,1129000
1,83100
3,123700
7,221500
14,430300
1481,2513500
4235,4336000
13,435600
506,744100
68,303300
202,684700
447,745800
9260,8299800
2,136000
1,90000
12,352200
2,97400
7,249700
6467,5695700
9,296900
3,133100
173,1482000
2004,2218100
247,1738400
7987,7766300
62,155500
2454,3056200
12,356000
107,1307900
45,1198400
3,151900
283,1135100
1,73000
65,194200
996,869600
7,264000
105,1506000
60,1603600
6,199100
4,148300
2,126500
133,380500
20,545200
2,99100
2,123800
15,441800
6,199600
4870,4767900
20,636200
29,804500
41,1106200
44,1264600
216,1110400
1406,2221700
34,938400
1,72400
24,723200
41,1170100
18,518100
29,846100
11,363600
18,544400
36,1046400
229,1355900
32,922000
51,1417700
9,292100
12,368100
1,72300
313,381100
9,457900
1,102700
2,99400
6,199300
18,634600
35,969300
34,1046600
2,110100
2,98300
3,124100
18,527100
29,789000
7,241100
14,397300
369,1879200
6,204500
9,309100
396,1137800
2,173300
3,171800
28,971300
217,1312600
66,261300
2,123400
10,389800
17,612900
5,230700
11,423200
5,223700
69,346400
327,757000
21,588800
2888,3498100
126,282900
4241,4280500
687,752700
11,350600
17,487300
277,985100
60,1596900
2,101000
41,1183400
53,1538700
1,99700
45,1275900
24,728400
5,177900
19,541100
2025,2658600
1880,2232000
5,236000
90,902100
1,82800
4074,5736700
15,487700
31,885800
15,551800
21,1030400
4,262900
202,1102600
145,924300
5,275400
599,1942000
1,105400
69,365500
46,1659200
1940,2041000
2074,2538700
4,160100
6,197200
3,129400
9,280200
27,898000
3229,2519800
26,793600
1211,1882000
297,1619500
5302,5430600
27,845300
6,202700
16,437900
140,586300
2,118900
16,445800
871,737300
9,340300
3,151900
75,418900
4,147400
12,364900
78,532200
1361,2574800
213,1096600
2,102000
2,128600
4,152700
19,564800
23,639200
1,91300
2,101100
62,103700
1,72900
1,73200
25,889800
2717,3467800
13,420400
3478,2740100
10,311700
42,1185300
19,517200
21,625200
4,184200
4,148100
3,121800
54,1474000
8,251800
32,1182700
74,385500
28,923200
7,290500
1314,1574900
1,78300
1,74400
543,1719800
771,1352500
6,203000
1094,1815300
3,143000
12,344800
398,993200
9145,8580200
2268,2832300
32,1132100
1,110200
26,991300
42,1203200
8,306700
45,1251500
128,255100
723,1604900
42,1322700
163,1202500
1,74500
1,72600
2,96200
5,172100
49,1377800
235,1749500
2,134600
32,1045400
26,788700
28,788300
52,1385900
2,140300
2120,1967900
2,107000
16,459100
58,1534300
13,400800
409,1265800
7,252300
22,614400
1263,1555600
1,82800
6524,5953800
9,299000
1,83200
8,352500
51,1384200
47,1249200
4,165800
1,82400
2,124100
166,1203500
5,200800
34,931000
26,727900
10,293800
186,179400
42,1133400
125,158700
251,318600
5,193100
3,133500
67,249700
21,567100
60,51543800
1,149300
6,281600
236,1610000
4,160400
957,1567200
27,809400
19,558900
113,1408300
214,1136500
2,125300
1,90700
2,134800
1,91200
3,147100
306,2075300
25,867000
74,528100
4,198400
7,308800
18,519900
24,685800
2,103600
243,1648300
2,114800
1756,1983200
14,414100
29,813300
4,157700
11,353700
1,76200
3,124600
2,135700
130,417100
385,771400
7,237500
8714,8560300
2,137900
5,184500
53,1809000
14,407500
3,134500
107,1432900
2,120700
1,80300
1336,2255900
430,1965700
18,562500
25,705800
10,359200
7,232200
1,80300
5,183600
561,563300
2781,4249400
28,789800
45,1248600
453,854300
80,654500
85,691500
16,544300
23,660600
15,426500
13,477000
20,596000
1,87800
441,607000
2,107500
94,989300
1,77200
26,860200
230,1408200
15,476800
52,1403200
2,97700
48,1288600
2,109000
2,123100
46,1260700
42,1114600
6,278000
27,939300
807,936000
275,963500
74,444000
2,131600
19,526700
27,899600
10,366200
56,1718900
7,242000
26,769800
285,1204500
326,760300
359,1690400
921,2214800
52,1677600
12368,10450000
4,190800
3,127200
6,254400
9,442900
1,123200
95,972700
6108,5376900
418,1659400
2018,2422000
964,1727500
109,1500200
31,906100
3,125100
7727,6626900
4,158800
165,1248200
1,73500
3,131900
142,606100
4946,4764300
14,605600
21,763100
4,190900
40,1057100
43,1231400
1,93000
2,99900
20,657800
115,1457400
205,698900
20,698700
25,907000
3,129600
21,758300
2,109600
4,153300
81,610300
62,86300
18,704700
7996,7603700
4,165900
121,1593200
1,71000
2,116500
77,561600
3,135600
402,1174800
135,571500
8,281500
1,71300
4,148500
3,122600
56,1532700
7,228700
12,346600
1437,1366500
3,125500
1,75500
16,507800
5,191500
2,97200
4,193100
158,1383700
56,2045100
3,175600
34,1154600
27,876100
1,74700
1,76000
61,1960700
2,131000
3,139200
97,1136200
428,1890600
2,110200
141,609100
5,187400
52,1404300
2,109500
112,1396000
225,1217700
38,1021100
5836,5223500
3,136200
3,122700
321,572900
43,1176000
5,170900
388,778500
275,959900
2,155200
941,1009500
1213,1875100
1,84100
12,380600
78,506800
1,71300
5,170400
18,530600
4,193400
5,195200
66,222500
4,153900
108,1328300
16,459600
3,124400
20,567500
16,500100
5,188400
1,72100
82,616400
1,81700
9,271500
45,1227300
15,430700
23,763800
45,1300900
3,234700
837,1582700
147,763900
6,199800
3,137500
49,1334300
30,810000
1,71800
3756,3990500
2,141600
33,1102400
209,815200
4,152100
128,244100
87,902300
453,890900
6,210200
61,1709200
4,172700
3,142500
106,1237400
4,161800
1,104100
1788,2685000
71,339300
6,217500
280,1081100
3,123700
5,219500
1933,1731400
4,207800
7,221700
1,69400
4405,3507200
10,357600
7,227400
250,379400
231,1331000
3878,3677300
28,830900
280,1038800
1071,1366600
5,256200
24,697100
435,378800
3,144000
73,555200
2,112700
20,570800
51,1423300
3,130100
230,1360000
2,121600
14,429200
4,158500
6803,6401600
4,194600
4,151300
356,1638800
2,130500
9,347900
3,163600
8,280600
1,73600
2,114600
10,388600
57,1692600
75,477000
199,554000
213,915300
8,249800
2,106000
38,1072600
1,71100
21,553300
2,95300
12,351900
78,515300
4,172000
183,1640500
1824,2050400
35,970900
869,761300
268,824400
28,786700
2,102600
32,876100
10,300500
884,1130800
4,160200
2,105000
1,82700
10,305700
61,1605000
1,100800
1,71200
389,777000
7,222900
895,1350200
70,366100
194,480900
1021,1573000
28,940600
1,92600
303,1909600
52,1357700
64,173100
16,443900
49,1486900
12,352700
7,234200
69,289300
26,929300
43,1435700
41,1162700
28,868100
2774,3368000
435,432800
1,73300
892,1295500
1,81300
11,470800
2,143200
14,448700
250,308000
30,1039100
92,984700
204,694300
25,708000
65,189900
4,160800
11,338300
17,483600
18,632400
53,1465500
1,73900
81,606500
649,1265300
66,199900
1080,1544600
2,113300
6,240600
72,480200
768,1215500
8943,7586000
1,124800
545,1987900
1020,1517200
8,281900
449,714900
10,298200
1,82600
1483,2944500
52,1594800
73,391500
55,1701200
4,149900
17,527900
270,805600
6,225300
1,69100
2,92300
3,119900
2,126700
32,879600
6561,7416800
18,538900
9,306100
4,181000
5,174900
1,70600
140,582500
14,418500
101,1105000
7,244900
8,273500
1123,1089200
10,297300
3,206100
233,1433700
50,1420200
4,241200
1064,1251900
2,124200
50,1357000
45,1197200
6,224100
66,217900
63,129000
6,213900
4,147400
119,1603000
72,355800
1,71000
7,245200
49,1322300
7,221000
2,95100
69,269900
7,223600
21,648300
8,247100
1,70900
6393,5254800
1555,1442000
1,102400
69,290500
11,363400
3,125900
2,109800
8,251400
1647,2450200
135,521200
62,109400
15,452500
2,104300
23,704100
11,361400
109,1390900
6,207100
1554,1523100
55,1513000
5,199200
26,761100
8,275300
7,290500
1,80900
7,255900
5,307600
739,2351600
6,269600
81,633400
25,727600
32,1096700
5,185300
1,74400
1087,1813500
180,1703300
21,776700
12,583300
233,1772800
160,1564900
125,193200
2,108900
8,281100
249,354700
651,1579200
35,1424700
1,103700
3,140500
216,1155700
2,132300
930,891900
3,150300
190,466300
6,325300
44,1451400
7,266700
15,602900
2,104000
24,766500
246,1815700
10,399900
2944,3619200
2,143700
41,1390800
9,313500
337,1117500
1488,1192700
1245,1170100
13,382200
5,189000
37,1110800
2,138500
1084,1818900
3,153000
2,115700
36,1051200
26,752500
77,536200
1,79200
31,965500
5,201500
2,111500
10,322300
1439,1614200
10,355900
1990,2034800
3,140900
8,282700
116,2180700
178,2101200
1,192900
87,822600
3,145100
5,184500
7,384100
410,1535400
7656,7621100
30,893000
503,661400
353,1442400
3,124400
28,770400
1,78400
58,1526600
6,284600
1,73800
16,542500
9,297600
25,733700
41,1171700
3314,3185800
126,213500
56,1909800
12,521000
1,114300
34,1156300
5,233600
3,163300
153,1061500
749,1024100
45,1503200
5,239300
1,97200
2164,3579700
7,247400
176,1681800
36,953300
6,202000
70,357100
557,2896200
9,369800
1,105200
22,636600
2,120000
32,921800
9,282900
21,579900
112,1954800
24,693600
62,124100
3406,5128600
1,177900
7520,7686500
9,484800
1,79800
2,106900
3,130900
113,1535500
3,148900
17,480100
8,310200
1,83300
126,210600
265,752700
3,166200
3253,3361000
91,908800
49,2322400
5,252100
1369,1879100
5440,5903800
352,1432700
298,1587800
22,616200
29,799000
1,81600
165,1205600
459,1277000
623,594200
22,673700
1913,2881500
32,961100
1127,1409100
2,134800
86,724500
11,422900
34,929200
256,482200
570,845100
215,908400
18,541700
9,316300
2,98300
1,72200
11,320200
1,71000
5,173000
6,229800
29,856200
9,274400
698,1145300
4,160800
969,2054000
422,2130200
1,97600
109,1754200
224,1562400
4,195300
127,264200
56,2139300
39,1786500
119,2456600
18,661400
44,1953900
40,1831600
391,1430600
677,2422700
16,832100
3,261900
12,588300
3,187100
7,280100
2,103000
2,105800
4,154500
4,152000
4,171900
11,422200
14,441000
11,343300
3,124600
9,286800
33,1058900
3,148000
57,2059500
392,1273100
114,1892200
1598,2677500
57,1838900
534,1701700
9,319900
117,1528600
354,1454800
7,266600
433,2017000
34,1016300
145,975500
8,328500
1,90900
13,488300
243,2154600
57,1947600
18,635500
220,1419300
598,1624900
2,105200
158,1062800
206,683100
156,1047600
55,1434200
238,1592900
11,370600
6,308900
676,1984600
1,72500
30,806900
3,161600
567,758300
203,623000
75,462200
13,391700
1,72000
95,923900
8,247600
4,183000
6,213700
169,1245200
2,115400
1,71500
3,120800
5,198400
8,283400
98,1092300
42,1148100
4,153400
3,204500
4,186000
423,1843300
35,1025900
257,588900
5,192200
62,114300
3,133200
265,669100
22,640600
484,1821700
4,174600
51,1413900
47,1234500
702,1156100
7,233400
52,1422200
436,397800
12,372300
6,213700
1223,2067200
21,690800
59,2209700
2227,4168000
63,147900
16,590400
1359,3141100
2,129400
2,143600
56,1902100
93,1114200
2,110300
4,153600
1617,1622900
3,166100
1,74700
674,2169100
7,245500
2,101100
1,74300
11,503300
28,889100
1,75000
2,100500
3,125700
8,250000
1,130800
29,819300
247,1739700
13,392500
9,273700
11323,10892600
65,281100
1018,1537700
3,146700
611,2150800
15,451100
80,587000
27,924100
1781,3199800
11,424500
16,587900
6,259700
2,122800
201,748900
177,1714400
21,621000
232,1492700
124,143800
5,203800
3,133000
1,74200
1995,2356300
7,434100
131,537300
955,1981100
3,143100
35,1005100
7089,6398300
9,355600
51,1520800
5,188800
94,959800
8,260900
272,992400
1141,1608200
724,1894500
3,170600
4,156500
49,1335900
9,310500
116,1580700
2198,2662500
13,517300
19,584000
413,1545300
3,137100
1483,2810400
3,143600
20,550100
51,1471700
8,338300
74,546500
2,122000
1,88000
2,133800
165,1602300
65,237600
42,1242400
21,676100
335,947000
22,695900
2680,2465700
892,1586700
3,165800
5,219900
13,485600
102,1473800
11,368400
78,496300
184,1734200
71,328800
448,765400
4,152900
72,359200
2,98600
22,715800
12,346800
7,219600
1,69700
16,442900
16,491500
174,1392800
107,1349500
31,961100
11890,11888900
21,786200
34,1020700
13350,11950700
33,1120700
1601,2819100
2,125800
7,257200
55,1975700
101,1469400
10,404000
243,2095400
295,1625200
2,146700
43,1188800
1,71600
81,683900
25,676300
12,368400
3,187500
60,1671700
78,551400
75,567500
9,320100
28,889800
13138,12441600
4310,4757200
34,1003800
1,75400
385,642900
4,150600
3,123000
18,629200
52,1375900
9,348100
5,250800
225,1438000
1,101600
893,1382400
3,222200
790,2442700
20,773600
5,247400
12,609800
1,130500
96,1061800
37,1140300
253,378000
3,165800
3,139100
3,178600
22,708500
21,612400
96,1029500
1,84500
61,1753800
3,129900
105,1280500
106,1266500
10,483300
6,231600
28,743000
5,176100
101,1209600
43,1249600
66,205100
3,125400
13,387500
638,1418100
148,997000
2981,6207700
233,3294600
7,341000
1,76600
386,672600
9,413800
5,195100
9,297300
4,180500
12,366200
3,138000
73,477200
4,259500
3,125200
2,211200
1769,2734800
7,278600
7,343400
743,2603800
164,1276600
12,579000
1,89100
1083,1762500
13,537700
35,1036100
17,488100
547,1754500
138,529400
227,1473800
28,884700
15,445000
413,1628000
4,171000
11975,10746400
242,2133100
3,165800
1394,2420500
1,95000
74,509300
10624,8970500
3204,3714800
5,185800
38,1302500
99,1273200
7,226300
480,1862300
6,215700
8,333500
49,1349000
2156,3602800
215,1003500
12,378900
36,1329000
873,1058800
9,415300
72,375800
1,81100
2,112400
5,264800
10,400500
20,698800
44,1399900
14,406400
2,119700
46,1239600
55,1486400
74,458700
2,107900
2,116100
131,436400
493,1968800
4,151200
99,1119200
9,279300
2,100100
1,71400
1460,2122700
8,306100
1,85900
11,357500
8,413000
252,568600
188,304100
2,125500
4905,4160300
1,89700
473,1572500
1,82100
65,323000
10,366600
44,1290100
684,784500
185,2171400
4,192500
141,750000
3,168900
4,195200
1,90500
7,295900
3,156200
605,2197700
1417,3206800
10,403700
1,90400
65,222000
7,296700
2,119800
109,1642000
2,125400
1327,2137500
766,1542000
287,1545500
206,891400
10,430900
7,240000
347,1292000
1,119400
109,1447800
82,670700
3,129900
4,177500
89,816100
244,1716700
21,692400
36,1035600
16633,15341700
361,1807900
2,107500
98,1050800
2,118100
72,362700
9631,9347900
4221,3861500
1,90800
7,241300
7,274100
30,849700
10,310800
23,675300
15,460800
83,682600
60,1650600
1,75000
1028,2068800
413,1504800
10,335800
54,1566500
449,952200
61,2375700
26,837200
11,331900
9,305800
38,1286100
4,164200
5,175700
54,1558400
2122,2249900
3,215800
1,74600
1,73300
179,1973400
5,232600
2290,4029300
130,387200
5,180100
2,97900
12,350200
4,149900
17,700300
40,1111400
1,102300
288,1558000
1,143700
238,1652300
11,367100
3,170600
8,266100
2,115500
987,2210600
215,951300
3,145500
14,509000
27,747400
1724,2719800
68,280100
4,156100
1,97200
103,1141500
11760,11115500
9,314500
2,102600
3,126000
2,97300
2152,2907100
1390,2007100
48,1440400
11,446700
2004,2700700
2,136300
88,1014200
8,343000
32,1140800
34,1178800
2023,3385300
2,130600
769,1559400
16,568600
1,88600
107,1394300
984,2363800
57,1640000
6,268600
60,1653700
8,291800
22,603300
2,106700
1951,2466000
144,700600
135,507200
8,283300
686,635300
317,702700
32,869200
8,292100
17,645000
10,384600
1113,2502400
2,125400
7,275200
859,2037000
20,548600
5,204300
2,98400
1,71700
4,172000
6,214600
147,742400
3,155200
5,240600
3,128200
57,1558800
1,139300
1,101400
1,77500
1312,1315100
32,881200
9,296500
22,783500
488,1942400
22,721900
6,228000
58,1642600
80,561200
27,804300
95,980900
1,75100
7,318300
2,122900
21,596000
7,240000
205,988500
10,316700
5,199500
2,103300
80,577100
159,1166900
79,854100
361,1695200
116,1933200
6,247300
2,135400
66,226900
64,138100
5,273700
7,282800
2,99000
11,322600
388,795100
22,603500
5,173400
3,148700
5,173700
1,71100
152,872200
10,298100
262,603100
61,1646900
460,1229600
147,804100
26,762400
2,99800
4,249000
12874,12037000
10,396700
11,362100
364,1735100
154,1097000
44,1242400
113,1471900
3,161800
855,2078600
44,1433000
62,93500
1,97600
11,405200
34,1029000
33,1158300
1,93500
1,92000
2,125800
1207,1884700
215,1333500
11,422200
1,79300
37,1098000
2,118900
3,246300
159,1135900
7,230900
13,499700
9,325400
15,462000
2,119400
2,102700
26,802500
4,181800
7,238000
1,88600
90,877800
33,1064800
2,192000
93,1318800
8,269300
3,162600
11,337600
29,848000
23,670300
72,524600
33,931800
6,219000
52,1667700
8,325900
18,559300
69,365800
39,1573200
18,668800
1,93200
458,1141400
132,348200
20,591900
38,1079900
3,127700
112,1494000
31,1034500
89,831700
1,85200
20,622300
55,1496200
1,85300
2,101900
1,72100
2908,4614900
14549,12976800
1039,2223200
5,184500
9,278600
12,440700
3,190100
2,105100
365,1866600
57,1528900
8,253800
13,397700
24,727200
1,114700
3,220000
548,2119600
957,1862000
1,99700
52,1590900
13,397100
14,405500
174,1958000
4,182500
1597,2873500
2,122100
3,128100
45,1429100
2625,2702700
15,470300
36,1064900
1011,1320800
2,128200
21,621100
35,1022200
6,209200
8362,8756600
50,1448600
5,179000
94,1001300
1,75100
124,151800
182,2100200
6,398900
5,224900
3,156500
371,2027400
3,216400
75,562700
12,468500
10,389900
16,588300
20,563700
5,194200
20,713800
125,226500
51,1464200
194,412100
47,1521000
12,566800
953,1436300
1,77500
4,151800
119,1849300
748,937100
142,808100
2849,4420200
16,577200
22,701000
2535,3949900
352,1428400
2,103500
128,277200
66,224800
1,74600
18,502500
1541,2667800
131,324300
11,355600
75,418300
33,914700
38,1001300
1,72400
154,954600
6,204200
80,581700
42,1217100
2,122000
14,505900
4,199600
14,401300
755,917700
567,729400
62,89200
15,435000
7,314900
162,1395400
1,104500
2026,2811500
19,641700
3,144000
52,1482800
51,1579200
2,114300
49,1294400
17,553300
55,1797200
90,949200
2,175900
248,268000
1,123600
1,134700
214,914800
8,493100
2129,2640200
7,301800
9,351700
3,151600
2,120400
1043,2667900
3,142000
2,119900
21,577900
20,561000
31,881800
5,175000
1877,1898600
1,78700
898,1623200
11,55796100
557,2192600
2,110700
82,612300
3,135600
4,150000
12,361700
2017,2364200
9,364100
23,836800
58,1590900
87,985800
58,1572300
6,205600
267,764000
41,1137200
15,428900
36,1020500
53,1421200
74,415600
16,458400
2,105100
3,123200
213,916800
551,1841100
4,156800
39,1073900
111,1408600
11654,11198100
124,180300
1,77600
77,520800
27,750700
1,99100
3,125400
50,1512400
9,318500
92,891600
13,478700
1,102900
15,430100
1,71700
19,521200
1,78900
3,147800
497,435300
30,852200
7,223700
34,989600
7,258900
58,1546500
24,653000
4,151700
9,272000
9,430500
1,93200
11613,10566000
7,272000
5,179900
2,129100
6,210800
3,124000
1,83900
48,1379000
11,336000
4,149800
8,258000
9,492800
5,266000
6,343000
1,75500
81,603900
189,418900
51,1508300
165,1178300
46,1337700
112,1635300
5,181500
3120,3022200
26,716400
1558,1388800
1,74200
9,278800
576,954500
4,154000
285,1255800
4,157900
4,152000
3846,3034600
2,104000
15,436800
8099,7292600
45,1323900
55,1452600
145,855300
2,113500
1,87300
5477,5290900
128,394700
69,288900
15,595900
1,111100
12,387300
5,206600
184,1834100
177,1636500
18,616600
92,1037900
5,282500
12,468800
25,716200
6,231400
18,584900
21,592500
5,198200
1,72600
9,275700
2,165900
216,1130700
1,75400
38,1040300
11,338000
9,376100
34,1121100
2,119900
1,82800
2,166300
173,1781900
4,194900
3,205700
2,102600
80,625700
125,171300
301,1627400
6,265900
2,105200
1,73500
20,590000
17,467900
2,111600
73,387100
1435,1356300
20,644200
9,300800
33,998700
35,960000
33,928600
239,1580100
6,207300
621,634100
4,163400
44,1210600
1935,2245300
1443,1576500
166,1286800
44,1376800
20,644800
62,112500
6,203800
6,208400
2,107700
4,148100
10,414500
17,607400
24,814800
22,645600
2,102300
50,1492300
1,88200
100,1136900
25,666100
143,620600
1,85200
86,690300
62,95900
21,707200
1,99200
476,1430000
113,1473500
45,1192600
149,795800
44,1189300
87,720300
5,176600
1119,1210900
50,1507000
363,1832600
42,1307400
10,312800
1,152400
4,168100
12,393300
18,521800
1,76800
4,147400
420,1886200
14,478200
167,1287200
5,187700
33,1162400
53,1629300
16,476200
68,261200
123,1681700
1449,1764700
13,416700
12,339700
12,337700
392,936500
1,80300
5,177100
2,98400
61,1703500
3,122800
3,120100
34,1058600
29,794100
3,135900
481,1574800
6,222900
1,82600
32,863000
46,1197900
74,393300
130,305300
46,1236400
7,224200
1,70200
44,1344700
1,78400
86,765500
8,247900
14,420600
12,343200
69,263600
64,196600
110,1315300
1,72200
2,95000
227,1264900
5,171600
9,299600
4,157100
1,74800
5,198400
1,71900
4,226100
1,89100
35,1239100
165,1177900
2,118000
95,1036600
21,576900
2,114500
42,1132700
3,126400
3190,3131000
4,164800
4,333000
126,332900
4,159900
15760,13720300
50,1532000
2,139500
19,524400
44,1238000
6,216600
5,176800
155,987700
2,100400
8,248900
123,1665100
15,487900
11,336700
11,385900
59,1594000
2,101400
1799,1418800
260,535400
53,1514400
2,104100
17,618100
16,448200
2,98700
58,1539500
5,247100
1,77000
12,366200
830,1294300
12,376700
4099,3571900
1,109400
1,73100
9,277600
313,367700
38,1029100
153,949500
1310,1217500
8,275900
29,803900
67,250300
58,1505700
189,259900
3,132800
7,257700
936,835200
923,2094600
96,952900
3745,3417000
14,423900
12,383200
6,210500
108,1278700
29,1016100
2,160500
976,2038900
4,184000
53,1433400
7,280500
3,124700
11,325000
22,601900
15,438300
92,858000
456,1009600
4,150200
6,199800
3,126600
14,401900
5,220900
353,1382900
4,166900
20,570200
1,71800
12,344100
1,71900
195,444400
18,531000
561,562600
1,72200
1,76200
3,137900
4,217500
144,693600
5,174000
18,540300
11,649200
2,184100
3,184500
57,1604500
85,739400
2,104900
232,1389300
7,224500
7,272200
10087,9065800
41,1209000
2,105900
5,199100
87,784200
1172,2786200
3,237300
12,410000
210,989700
14,442500
148,996000
88,913100
137,507700
136,467700
147,758400
33,933100
8,249200
76,475200
10,363700
257,487100
1,71900
1,72400
1,72200
4,159600
14,417800
31,894300
475,1523200
31,883300
27,752200
38,1036500
3,155500
22,578800
23,643900
14,433800
4,184800
27,732900
2487,2052000
3,132700
6,224600
7,220300
348,1278300
8,262600
10,296400
4,160900
3,120100
41,1099900
3512,3661100
4,190700
2,115000
757,946700
69,272700
17,518000
11,353000
96,982400
417,1689600
170,1448000
33,946600
67,218900
146,777000
350,1617300
111,1405400
150,1013100
9,312300
118,1599300
6,219800
1,109600
12322,11268400
11,374200
51,1536600
68,343000
161,1280700
17,680000
25,753100
5,205000
4,166800
1,77000
149,782600
361,1626900
1009,1228600
9,274200
1,72400
2855,2193900
1,93500
16,455600
1893,2215000
16,498500
7387,6050600
800,2127800
2,103200
419,1541200
263,648700
1,109500
7,249700
7,267000
17,471300
4,150300
9,309000
3341,4227900
10,304900
12,383200
1,76000
3,126800
81,573000
239,1909400
587,1428000
20,580600
6674,6411000
5,215500
4,149000
26,879000
13,413500
6,229900
12,345700
16,465100
1,72300
1,71100
41,1092300
2403,3190200
18,615900
898,1491100
415,1657300
4,213500
98,1127700
1,101400
7,243300
1,81400
45,1517000
6,285900
54,1473300
186,189700
94,980600
5,193200
576,1125400
12,364300
1,78000
17,471800
4,167200
46,1244600
210,879100
3758,3792500
104,1213700
5,175000
25,695500
2,98800
2,104400
320,676500
60,1969400
11,405200
5377,5606700
48,1376700
928,2284000
4,176000
13,403800
22,681300
126,207200
9,480800
7,228900
2,98500
299,1569400
1,73500
60,1636300
14962,12594400
13,424200
12,350600
6,233400
12,464300
2,300000
17,536900
7,254300
6,209700
4,165800
8,274600
2,97000
1,70900
12,391100
5,224000
1,72700
135,421900
4,148300
1829,2231600
73,413500
50,1315800
4,159800
40,1153400
4,175700
46,1786600
26,876300
2,136900
194,415000
71,319200
1606,2970400
3,162600
5,221900
43,1280700
6,257000
98,1140100
18,526100
23,627700
4,291400
78,656400
2,122300
3426,3084200
43,1502300
13,501400
360,1631200
2424,2066700
3538,2976400
340,1070700
40,1171700
2,102600
236,1852200
7,318700
10,399800
1,89300
1,87000
67,282400
35,1262200
5965,4896700
5,196000
16,476400
8,249100
1,68000
2,113500
3,122500
3,122000
13,388000
546,1735000
3,131600
5,190200
20,767400
73,395800
4,149200
1728,2684300
2,149200
194,440900
1,78500
16356,13795500
38,1049100
276,985400
9,310000
45,1269000
7,282400
4,214900
1,76700
16,459800
242,1619000
1,90300
4,148600
7,282000
3,122600
7,220000
14,421400
1264,1595300
39,1038800
17,512400
4028,4611600
39,1100500
43,1167800
40,1211100
553,2183700
6,226200
7,304500
2254,2368400
97,1044000
16,472200
31,844200
29,858900
287,1299300
29,805800
1000,1063300
47,1316300
19,548600
3,126000
1193,1398400
2,101400
2,174600
58,1645200
1,124600
7,240100
765,1241200
3,130600
28,1000500
59,1533800
3,158900
13,370700
8,247000
4,147500
15,439100
5,172100
1,81300
17,493700
6,219000
6,230000
4,180000
49,1329400
362,2066400
6406,5576500
3,148000
55,1548500
1,71200
377,454400
25,779600
22,636000
22,664400
75,477100
2033,2882100
1,103000
16055,14166900
105,1299200
1922,1466800
34,933800
820,1023000
447,726300
4,192100
10,310600
43,1284600
25,729800
13,519900
1098,2016200
10348,9354300
20,575300
4,205600
88,1018300
10,444800
1790,3128000
1,138300
4,200800
5,181000
302,1638100
1,108900
17,520500
67,222500
2,99100
91,897200
8,324100
73,374200
81,603800
36,1025300
35,1102900
4,173800
18,566600
4,155600
50,1534000
426,1696700
6,211700
2,99000
1737,1595900
1,83900
3,126600
6407,5840900
18,532500
5,212800
95,987100
28,1070500
47,1474100
1,103300
5,212100
4,248100
7,275900
140,619700
4,164900
183,1724600
1,85800
2,254700
5,267100
3810,4861700
3,182500
3,155500
3,165200
55,1846400
7,293500
2,139300
28,1002600
2,124300
2,139000
1,89100
2,124800
2,134300
12,493500
2,151000
9,354600
4947,6128700
1,93600
24,687100
2,109200
8,246400
3,137900
37,1025600
32,850200
2,99500
322,833100
14,528200
38,1213200
3753,4834500
1,92500
14,409500
193,366900
80,594600
50,1368300
5172,4827400
96,980900
6,211100
590,1328700
12,359000
7,238100
1686,1825300
43,1381900
6,249900
1145,1766500
514,1178500
333,1045100
244,1699700
137,503800
498,469200
2,104300
209,867700
4,159300
4,164700
1,71700
764,1106900
44,1194300
4,154500
9,348500
2,110100
5,216600
49,1469900
7,227400
79,527600
21,802600
2477,3575900
84,806900
4,202900
12,476100
491,2044600
6,262500
43,1253900
292,1468100
126,224500
1,74700
56,1595100
75,420800
73,408800
1,88600
154,941100
8,322000
8,249300
359,1544700
1,80000
27,830000
3,124400
10,307600
4,162400
4,159100
2,126500
456,953500
1432,1353600
297,1627800
4,153000
5,175900
46,1271300
84,685000
2,99200
1513,1815500
5,219600
616,2412300
75,425100
676,2004500
67,268700
4,183200
1,97300
10,302800
8,258900
1,98000
151,901700
2427,2254300
3,131400
19439,17438000
65,238400
20,642200
1,73300
18862,15671400
253,432300
8,259700
6,225900
1,83600
2,109100
1,97800
1,77500
4,148200
10,307800
1,70900
133,446600
1,128300
32,1012200
1,83800
1,82400
15,531500
338,1016100
238,1549500
72,361400
3,123300
414,1420800
13039,10585400
9,334500
25,711600
13,545100
17,531500
2552,2170600
4,157400
1166,2345500
59,1749500
72,390600
1322,1679800
15,483200
92,880800
7,241800
1,71800
52,1356700
67,269600
2,109400
62,88400
10,343900
156,1016100
2063,2242500
5,239200
53,1588200
14,479800
8045,7328100
30,835400
123,1854000
4,165100
281,1165400
19,567600
297,1550600
79,541100
27,774600
1,72200
5,172800
9,280000
12,337700
3,208700
80,571500
45,1617000
2,112100
5,184800
1,119200
2,109600
3,205000
2331,3367600
1890,2491600
11,394000
61,1690100
4,159900
2,101100
8910,8489700
94,976300
1,74500
3,124000
47,1287800
6,218400
18,560300
2,116600
2,108700
4,206600
59,1685400
49,1407500
53,1656000
19,602200
23,809800
5,189500
91,870900
21,604800
2415,3635500
1,83800
1074,1484500
389,803100
4,164800
58,1549100
44,1471300
16,576000
157,1016900
132,346700
197,642900
12,403100
27,928800
123,1893700
43,1544600
218,1290800
1,89400
35,1056500
48,1352400
126,207200
1,100000
5,177200
852,2053900
78,722800
405,1227400
8,288000
153,1136500
7,242300
855,2134000
12,409700
12,371600
789,2073900
1,85800
519,1125100
7,255900
2,118300
368,2040300
2,100700
5,176700
2,98700
6,210200
835,1486300
4,180500
824,1169400
341,1296800
5748,6012100
17479,17376300
41,1255800
2,123200
7,249900
5,177500
34,977900
6,213600
65,171400
50,1659300
26,865000
5,194400
78,500300
7613,6971700
227,1513600
159,1153100
26,793100
2356,1797900
1104,2131300
1,75300
1,84800
39,1129800
1,73700
312,342700
3,137600
4,153200
9,378100
22,610300
10,376100
33,1062800
8,255900
494,2008500
4798,4741500
104,1252000
27,784400
33,893500
12,369200
130,283400
348,1380500
64,146000
2,116500
142,660400
2,101300
39,1085500
23,672300
16,453400
15,463000
5,234700
21,597800
623,620100
3,145700
16,516400
709,1307900
2689,2933800
2,136100
3,124400
3,139300
2,99000
40,1138800
36,1230300
2065,2254500
146,735900
865,2473200
2,156800
1,74200
3,141500
2,122800
4,157500
1241,1004800
2,129100
20,587100
18,527200
3,125700
28,802400
7,270400
485,1766300
1,90800
7,246200
18,512600
1,72400
41,1156900
7,232600
555,2007900
4,150500
2,97700
98,1264800
17,496000
5186,5593900
1,85300
4,152800
1,72000
37,1228700
5,187800
1,95400
570,869900
490,2055600
6,231900
3,126100
7,235000
2,99700
126,188300
385,653800
134,431600
2947,3286400
662,2012900
7,290500
22,778800
2,132000
46,1543700
2,121800
49,1567600
60,1852100
2,105200
1,71000
2,106600
7233,6831800
4,186400
2,101600
4,148800
201,597000
1,74300
65,166700
38,1252200
3,136800
6,207400
81,627600
771,1364400
12,389900
492,1951900
4,170700
8007,6305000
13,406400
2,110900
1,81800
206,721600
369,1805100
2658,3375200
6,287800
1349,2364700
2,115800
6,207300
9,275200
2,102900
177,1576700
173,1464300
4,164700
200,614300
10,322200
3,143600
8,383100
53,1437600
44,1178300
2,112100
2342,2995500
74,408400
33,884100
3,172200
111,1377300
58,1713400
47,1235300
1,72100
15,463500
29,794100
5679,5236600
17,504100
1,71600
7,220400
539,1506600
1362,2507100
12,462500
27,735400
4,148300
3,184400
43,1268500
517,1109200
14610,12273100
1,96700
289,1411300
42,1297300
5,188300
15905,14079100
2997,2901400
16,489300
258,489200
4,161500
3,159400
21,613000
1998,1967000
4,169100
621,569200
64,155400
130,296200
3,125400
960,1546700
13,402900
1,97700
8,256300
418,1587800
1,107600
993,805200
62,98500
3,179500
12,360600
1,109400
63,165200
920,2173500
33,902900
1,72700
2,98400
40,1074700
1186,1232100
2,107200
33,864200
1,90800
54,1573200
1,89500
30,840600
17,461800
4,232500
2906,3852600
10,353100
61,1838700
15,484800
5,199400
632,976800
138,502600
1,73800
6,220400
3,143300
15,452000
107,1304300
8,306100
30,781000
35,1084100
5,179400
13,371300
5,240200
7,235100
4,170800
105,1260100
6,205700
61,1652100
181,1584200
2,99700
6,201400
76,496900
9,301900
2018,2816500
6,295700
27,931200
10,1772000
1208,2907300
474,1769300
5,210800
513,899900
218,1554500
887,1836700
2,137700
22,859800
47,2114900
16,513000
80,588900
2,175200
12,613900
1,113100
294,1723000
1495,1532200
5,197400
1,75100
6145,5575700
28,1010400
738,2676200
1,125100
76,600100
10,340200
8,261200
36,1028400
2403,3340300
3,142600
11,347200
4,166300
1,74700
5,252500
205,872100
14,515200
12,394500
5,183000
1,83600
6,198900
3,147300
33,995900
3,130800
31,872100
16,484900
34,969400
2598,4196500
11,382000
308,1996900
1342,2316900
10,343200
174,1516100
10,383200
3,146900
21,578500
1,73900
2,102800
13,378300
272,1125200
106,1273500
4,162900
1296,3400600
130,416000
8,317700
212,1107800
12,483700
35,973900
211,847300
4,149100
5,184400
6,206100
1,83200
4,196300
5,176400
1,71800
203,651200
414,1459400
29,806800
11,379800
17,562300
18,604000
1,72500
716,1532100
3529,4382700
2,119800
101,1411000
301,1813300
7,233500
7,229200
588,1387400
52,1514200
8,253100
2,98200
3213,3827500
2,112400
8,246700
5,177100
668,1829000
80,581800
295,1534000
1,105500
1,95700
3,185400
63,132100
2227,3373000
979,2260300
3,138500
26,711800
7,362500
9,269300
23,643200
3,124600
1,91900
6,329800
4,149200
33,882100
131,371100
2,134000
1,89800
204,653300
4,194300
1,88900
3013,3763200
107,1254600
101,1090500
5,290400
12,394700
6,213200
1382,1580300
4,150800
1,70400
11,342900
90,849000
1,73100
92,995000
6,319700
465,1287700
32,876800
32,1010800
20,594800
4,158400
4,147300
1,106400
302,1864000
4,156300
1717,2813600
4,208600
124,188100
4,189100
13337,10848200
5,47658400
5460,4425700
290,1432900
2,101500
17,521000
212,887500
3,138700
1,72900
2,123200
4,184500
1,70300
253,501900
3,125700
96,978700
189,277300
171,1532900
1,90500
37,1035100
7,312800
4,158100
2,100700
17,539300
16,444600
215,1019300
10,311400
1,70900
33,996300
90,839200
22,710700
1002,1096700
16,462400
63,189500
26,746800
560,524000
549,1946600
19,546400
2,126400
83,640000
4,147700
4,159100
14,419800
2317,2351800
41,1229800
3,125900
4,149800
6,251100
22,630900
19,545700
1,79800
79,562100
263,603600
344,1222200
3,188200
54,1444800
1460,2464100
1745,2030800
1,93600
68,312400
2,122400
118,1518300
14117,11817700
11,445800
8,284700
4677,4560300
9,401000
7,235400
1,73500
18,514700
1945,2559600
1593,2341000
105,1762400
704,1166700
146,704500
1,82800
2,100100
8,312100
17,468500
4,145800
2136,2399700
9,286100
2,109100
13,378900
101,1194600
2,117500
5,209600
4,149400
424,2015000
170,1533800
3,134800
438,565400
6,229200
17,466700
42,1290300
2,120900
27,785800
2877,2810000
6,262400
5,196900
1,73200
406,1224600
4344,3717600
5,197200
5,193300
795,2048100
3,220700
3,132300
2,116900
431,1986700
39,1099100
26,745500
1425,2667500
1617,1374100
363,1651800
3,149500
12,344200
32,870800
75,506600
10,308500
12,355900
155,1262900
131,341100
15,428400
47,1343600
8,256300
3,127200
13,407700
3,149500
136,469200
4,148100
65,164200
7,227400
192,349900
131,326400
11,348100
39,1035300
361,1585600
217,1023500
2,98100
513,869400
766,1139000
2,206800
3,159100
6160,6110300
29,1027100
40,1116600
59,1674800
1,88400
737,2064400
1,94800
2,125500
2,99600
1,84100
1,71300
44,1178200
24,847900
1,92100
5,176900
2,98200
64,154800
30,839900
2,113700
2,99100
138,553700
2,125400
472,1463000
8,322900
6,215300
34,955400
1,72600
1,86700
1031,1780800
338,998300
2,98700
122,2041100
8,284400
8,242900
1,91300
6,199300
16,450200
10,293100
9,295900
32,878700
3,123400
5,173200
6,219600
17,517000
3,153700
38,1024000
8337,7225500
89,813200
137,521100
270,769300
1,121300
2,159100
3,212200
7,256200
103,1266200
4,158300
1,71500
3,156000
1247,1355700
4048,3603500
6,226800
10,313900
67,263100
2,167700
1016,1735200
1407,2448000
62,118100
7,230800
35,1054500
20,567400
3,142400
1,72600
12,384700
13,438700
33,952000
235,1648300
12,374900
1,87200
1,87800
4,148900
38,1034900
11,382700
10,308900
1700,1972400
2,120300
1,70000
8,308000
21,653200
40,1126100
269,824300
13,374300
1326,1640800
10,309400
1,71800
8,258200
372,348100
31,853900
14,396100
388,745200
666,1773800
1,76800
145,868800
7,252400
21,571400
14,448500
1,75300
27,744000
2,100300
5,224800
713,1673500
146,940000
1,81900
36,953800
16,634600
5669,5147900
17,604100
6,227800
141,571800
1978,3046300
3108,2582100
113,1461600
1,108500
1,239700
5,253600
68,314900
38,1164500
36,968900
4,151900
72,394100
4,150400
2,97400
6,251000
11,347700
334,892800
18,532900
6,199600
647,1236900
5,199000
4679,4379700
10,337600
5,189000
18,550900
725,1777300
7,248900
16,452400
75,489000
131,311300
5,203200
1,81200
42,1130600
4,156600
2,118500
1,85600
103,1313200
14,434300
5,185700
23,621400
8,345100
14,418800
1,83400
420,1631700
6,222000
1,83800
5,174200
4296,3855300
2,132200
2,101600
6862,6342100
85,695800
12,622100
741,2223100
5,216300
1,85400
11,323600
66,218600
88,811300
151,834100
180,1590400
42,1207300
103,1161300
2,135100
4,149200
12,348900
214,960700
1,71100
1,81600
50,1443800
1,83900
34,922200
1388,1767000
186,228900
1,86700
5,177600
2,139300
552,2056600
7,231600
2533,3447600
2,158300
1,118100
1,81500
112,1394800
679,2017900
37,991200
111,1489900
24,671800
249,279400
35,972000
12,346600
88,803200
1,78800
35,942100
3024,3882300
1,99100
28,786100
88,769100
13,366800
2,102000
1,70700
1,68500
3,155600
38,1056300
15,446700
1307,1219600
55,1591400
54,1466200
15,418400
3,133700
37,1060000
2,102700
61,1639400
37,1054000
6,221400
1445,1728800
8,247400
505,689600
595,1479500
97,1018000
11,343100
107,1234400
2,96400
3,210800
5,275100
119,1902200
4,163500
5,176800
50,1722900
1,81900
346,1356900
107,1360800
1,97800
11,342300
5,177400
3,138300
138,569700
7,245900
704,1252100
6,311400
114,1535400
232,1526200
12,384900
7,259600
4,395900
39,1103700
171,1382000
13,439500
3,151600
20,613900
126,203800
10,330100
173,1419200
28,803800
19,515300
5,227000
708,1269100
4,149800
3,123500
366,1756200
2,99300
996,916100
12,357900
8,262800
1,73000
518,1043500
159,1110900
18,502800
147,828200
65,180700
1,75000
2,101700
5306,5979000
4,233800
1,77300
1,75100
3,128400
5,209200
9,286000
3,159700
499,548800
907,1927200
7,237700
1584,2176100
6,334700
35,972200
3,125600
214,973000
1,79600
57,1570300
16,451500
4,206000
2,116100
139,601000
9,381400
1,88900
6,221300
23,648900
215,1030000
5915,6236100
2045,3184600
4,152100
1359,3152800
122,2082400
2,139000
14,436200
10,319000
10,304700
3,129100
1,77900
14745,12967400
1779,2608100
1,85300
1,82100
23,671900
192,382000
62,95400
13,378500
3448,3911200
94,1062700
9,282200
4,204300
59,1584700
2,98100
1977,2983700
3518,4002300
68,340200
427,1968500
198,535000
10,357500
6,211900
17,496900
9,278600
72,351600
1148,1698000
376,457300
196,434600
448,744600
32,903600
3,123700
1777,2666800
89,771700
6,221400
10,297400
9,361100
426,1748600
1073,1433100
3546,2996700
8224,7784500
7,291400
91,1086400
342,1229100
1570,1799500
2,107900
75,417700
43,1257400
10157,9353900
3,181500
7,255600
3,124800
237,1556000
1,78200
1,72700
47,1302900
618,2183600
473,1407600
6,211000
1,85800
51,1407300
29,794400
29,800500
1,76300
1,98600
4,163200
7,235400
1634,1814000
4,202400
7,236400
16,495600
5,211500
30,800600
88,819200
4,144400
17,462400
11,395000
77,585700
5,177200
118,1622100
10279,9255700
40,1386900
11,357600
4005,4142000
17,486800
404,1180500
20,543800
203,614400
8,323900
2,103800
2,101400
45,1435000
8,296900
53,1423700
19,517700
90,869400
15,418300
23,670600
47,1506700
371,2177500
4,250500
14,557500
3,174000
1,106600
7,324800
3,134400
12595,10964700
1049,2801500
3,137600
78,520900
14,529000
19,680600
265,874200
1381,1852600
28,945300
9,337500
24,822400
4,205100
12,435400
2,121600
2,135300
5,220400
16,565600
59,1594500
70,458300
24,821200
30,1173500
346,1414800
29,995600
150,959300
4,157300
5,174700
6,198700
25,735700
8,294300
65,210700
6,200900
3,123800
33,965000
19,703200
136,454100
3,142900
1,72100
39,1092700
3,123000
111,1485400
72,471100
178,1662300
4,149000
14,478500
57,1604600
1,73400
1,114900
23,703100
3,169000
7,373100
16,581200
63,148500
1768,2403200
1,90900
14,410300
10,346800
68,339400
268,770300
401,1177500
60,1563600
4,153000
12,367000
1,70900
3,120000
4,173600
8,310000
7,243000
15,472600
3,122300
8,242600
3,119200
6,237800
5527,4488600
12,532200
191,420700
9,279700
9,274200
2,108500
1047,2170100
1179,1025600
2,98000
35,954600
10,295300
2,100700
258,545800
13,418500
1,83500
1641,2236100
46,1464600
15,599600
4,159700
12,374300
727,1820900
2876,2992000
6,222300
13,406400
16978,14874600
88,886500
5,207300
24,627800
5314,5012100
2,106800
8,248100
3,149000
97,1008400
14,389000
1,70300
49,1376200
3,142700
1,71900
2,96700
1,86500
421,2064100
2,151000
6,259500
11,455900
3,163000
45,1374500
119,1600200
2,99900
2,118000
17,492300
1,72200
2117,2088000
1,132500
1363,3021000
5,218000
42,1171200
7,217800
1008,1170500
4,156800
3,132500
33,928500
118,1662400
29,1021700
2,100200
38,1080000
1,115300
8,251300
33,892000
142,655200
2,96400
34,1036200
25,732200
16,484000
2,126100
4,147500
26,733400
3,164600
338,1031700
4,146500
7930,7577900
98,1046500
329,843600
1,89200
35,926100
379,510200
1,99400
11,372600
11,325800
552,1903400
1627,1638000
12,356200
1,70500
12,371200
52,1714700
10,384700
5,233600
649,1623300
13,466100
44,1538000
5,297900
5,193100
2,99900
6,213100
74,473400
79,538100
10,300000
1,79900
32,925600
8,302900
4,204100
65,170900
68,237300
30,864400
1,91900
8,277500
408,1336800
1929,1798900
5,191900
26,745700
7,222100
609,1768500
79,545000
2,111300
3,140200
107,1379400
3,142800
31,873600
8,249700
2144,2701600
2,106400
163,1142500
382,602900
62,82600
22,602800
6386,4879000
15,497200
5226,4663400
68,297100
104,1146500
305,1767000
2,123800
219,1129800
192,354700
11,328600
3766,4262100
30,831500
2,99200
365,1696500
59,1565500
380,496500
22,728300
5,281600
106,1319000
708,1406100
205,724400
3,126500
250,312800
4,229400
23,732900
576,954600
180,1604600
6,200800
9,287300
1,82800
46,1286200
259,528700
94,924000
6,199800
8673,8304500
1,88400
4,153500
37,1054300
145,719100
2,122700
5,205300
24,703900
141,564600
1503,1719500
2,100400
674,2060000
10,332200
10,299200
85,674000
74,562000
59,1882000
3,163600
1,85800
2,100600
7,240200
1,72900
2,99900
1,71700
25,824900
4,203900
2455,3189900
74,432300
27,736900
5,177100
53,1410700
1,75500
522,1248300
7,250700
9,276300
6,221200
37,1112000
59,1661800
4,152100
475,1535400
10,508100
2,129700
32,907900
6,275300
1,86800
59,1904400
85,851100
442,622400
3,185800
4,172600
151,858200
809,835800
149,869200
18,570600
6597,6089900
391,891000
5,206100
1350,2363400
19,546300
122,1642000
68,251300
37,1047600
11,325900
4,146400
21,677300
30,838000
1,72100
133,441300
3,141400
26,763000
86,704200
6,206900
5,172600
1,89900
2,107300
15,467200
17,469600
3,122400
89,769500
2,128300
323,684800
1,96000
4,182900
20,565400
6066,6027000
26,783100
156,978400
3628,3827500
127,222600
4,193000
29,847300
9,325600
1,108200
11,333900
89,962700
1284,2253700
9,282100
1,72300
6,197500
3258,3560600
31,948200
2743,2552700
38,1154700
114,1463600
2,148500
4,167400
4,149900
1,73500
1242,1079800
4,181100
2,119700
2,100000
10,385200
3492,3278300
2,109100
1766,2078200
5,175400
39,1101700
3,127800
4,147500
13,417000
13,393300
1,90800
4,167100
4,145100
33,870100
21,621900
12,366800
4,146200
107,1290400
99,1050200
1,84100
7,258700
142,600900
3,129300
13,396700
342,1097200
2,113100
1043,2183100
21,628600
9,287400
1,71600
27,751600
11,338500
7,256300
1,72100
1,70500
18,503700
4,146700
79,535400
1,97000
186,214800
614,1877500
329,751800
158,1036300
28,753700
3,122800
1493,1317500
5,195500
499,521200
2,117200
155,947900
80,625700
4,185000
2320,3299900
18,547200
56,1536600
6587,5812300
51,1440400
1,84100
4,148900
3,130100
2442,2404000
148,950500
349,1425000
261,564500
240,1790900
12066,11260400
6,243700
2521,3730300
1,122900
24,701500
37,978800
2,111500
659,1569700
526,1259300
1,74600
21,584500
2,99600
74,414900
352,1364900
7,309700
27,756200
6,195500
2,95900
2,94600
1,68000
2,100200
87,800500
4,148900
8757,7390400
270,834200
3,130700
17,528100
13,370100
6,196700
2,97700
1,72400
1145,1605400
42,1153300
73,371600
29,904200
13,376600
72,365600
10,324400
1,72200
5,185600
14,507100
1,82900
175,1472500
36,1185000
3481,2937600
3540,2737900
47,1300400
3,149000
3,123400
12,346600
1,87700
22,590800
20,617100
81,577600
8,247300
672,1975000
34,1023200
1,74600
1367,1218000
48,1289100
210,878500
151,880100
42,1160400
58,1565700
55,1467900
4,175000
47,1751800
11,422800
126,238800
74,393000
13,373200
2127,2129200
26,772500
4,146700
540,1635100
1,74500
2,115100
4,147500
1469,2291900
2,125800
3,128900
9472,8766500
129,354100
32,987100
13,390800
2939,3577600
434,353000
170,1463800
3006,3376700
56,1561900
214,880100
29,844300
9,288800
121,1923100
52,1520000
3,137100
12,375700
2,98900
3,195200
30,831900
38,1133900
36,996400
3,177200
9,293200
2,101500
83,681300
1,72200
1,80300
2,97400
132,326200
233,1390700
18,564100
2081,2602900
142,616700
46,1261800
44,1198300
22,624900
72,402900
62,86300
22,701500
1518,2280500
1,148800
34,941300
20,637500
7,283700
27,896400
1,79300
1,83800
7,229100
733,2042100
18,559700
6,201900
10,312900
2,99000
1,71400
6,255600
12,368400
1182,979800
1309,1240900
2,105600
25,684300
1,83900
14,419700
4,173800
2,100800
21,575400
226,1220700
3168,2804100
1,98500
54,1470800
1,78300
3,162900
1,119200
113,1478800
4,159200
3,124700
8,262500
393,921000
3,150500
1,78500
110,1392700
2968,3814100
12,432700
1,100400
4,174300
12,352300
5,176000
18,524200
19,704600
25,711300
31,918400
2,152700
2,101600
202,630100
24,666500
15,450900
5,209200
31,1040300
2,113600
196,493800
5,175400
37,1027300
78,538100
4,150400
4,147800
61,1642400
31,854800
6,197200
617,2009500
1,73700
3,131300
76,525500
102,1386700
120,1748100
75,559600
104,1449400
47,1524600
189,337800
239,1758600
1,128800
70,301400
78,492400
168,1351100
75,437600
11,362900
312,365800
55,1490700
2,99300
15806,15338700
30,900700
123,2022700
4,220000
88,830400
1,127500
80,584600
2,101200
3849,3477800
1,133200
2,150600
5,260000
3,187800
56,1536800
59,1563600
53,1405100
342,1386400
121,1694100
264,758700
20,613000
115,1938400
4,171100
300,1800600
3,154200
22,764900
2,101800
2292,3430200
22,644000
20,605400
3,137000
3,122400
232,1403100
5,171700
6535,6042300
457,955900
1,74400
60,1609200
48,1315200
2,117500
9,277300
50,1354600
322,591300
21,586100
80,597700
199,514300
11,341500
776,1444700
140,584500
246,1721900
879,918000
4,191600
21,681200
6,251000
13111,10896300
5512,6003900
159,1151000
273,897700
83,776800
115,1547300
11,381500
6,217700
1114,2458600
7,234500
16,506900
558,506500
185,1802400
7026,5929000
20,634900
41,1127700
1,82000
1,72500
23,637700
1,71400
75,451400
1,73200
1,71700
26,786300
16607,14771500
4,202000
5,209100
1,163000
37,995900
5,283700
42,1212700
834,1488900
1,94200
801,2129500
162,1218300
7,230100
315,413000
2,119400
6,212200
111,1413600
34,928400
6,213200
5,204900
5,171700
18811,15220500
3,181300
1,97500
95,987100
1,73800
4417,3603400
16,445900
1,110600
1,89800
75,482100
3,141500
11,325900
3,130100
3,126800
17,533400
1,86300
9465,9390800
23,738500
18,508300
506,967000
5,241400
5,221400
8878,7881100
342,1181000
9,305700
914,1958300
2,104900
90,926900
151,1073900
468,1622600
87,783600
270,747100
63,116900
3,178600
59,1580400
22,701600
20,544600
15,453500
2947,3474700
53,1466600
17,586300
7,262900
57,1587600
3,127100
16,448000
1,71800
3125,3272500
1,126800
28,955900
4,186400
4,184700
1794,3152600
1,83000
2,111900
72,376000
3,132800
5,177500
106,1325700
2,119700
13,377400
1,81800
7,226600
69,450100
113,1501400
6,210600
302,1719600
2,137600
3,124200
34,1211500
8115,7475600
19,580400
16,720600
356,1502500
4,156000
211,899300
14,511900
9,284900
66,213100
31,968100
1335,1977500
1287,2151600
113,1831000
3,211600
1478,2636500
6867,7163000
1,112900
2,118100
3973,3164000
42,1168200
31,908500
1,73100
9,276300
2,108200
1,72400
16,502300
120,1647400
54,1804800
546,1781000
111,1407200
30,829800
7,235400
5,187400
48,1234100
158,1187900
60,1666600
10,332400
11,363500
107,1316100
377,507500
9,270300
3713,4646200
19,610000
385,701800
3,139700
17,474400
73,546700
1024,1903500
3153,4189200
93,1060300
99,1084700
29,766200
91,897800
4,155600
3,125300
19,519600
13,454200
627,42849700
2,200800
3,130000
1,86600
275,987700
8156,7099600
4,173800
2,98800
74,420900
104,1146600
55,1490300
2463,2939500
586,1191400
44,1151200
44,1158000
2,102100
51,1427000
15,502000
4,211000
3,213000
33,1071400
68,302200
2,141100
232,1365400
49,1259500
27,735000
4,147900
21,588100
371,2055100
20,542200
1822,2020200
10,429300
148,708700
11,390500
155,966200
3,124300
2,197400
3,155000
8,278600
7,229900
3,127900
20,707200
1,84500
455,1030800
45,1239300
11,360900
76,463900
209,801700
32,897800
36,969200
11,339300
19,552900
1,72900
67,214900
10,299100
1,82500
60,1562200
40,1116000
119,1626500
207,845300
1,107300
12,367200
15,422300
9852,9660700
7,320200
10,373500
13,409700
843,1676600
3,129300
1,72800
2,98900
37,1034900
25,674400
1,72100
882,1117500
2183,2462300
10,374600
21,581200
19,627200
69,307100
75,456700
675,1993100
1,86900
2,120200
14,440500
11,323300
14,412100
96,1144300
78,497700
8,300400
92,925000
9,276000
8,245600
15,448900
31,845800
17,535700
37,1020400
29,832600
1178,1061000
3,132700
7,250800
1,111200
38,1077000
15,479700
143,668500
66,227500
82,613900
3785,3003400
6,226100
1,109200
4,159900
9,268600
20,594700
1,141200
44,1404700
257,806100
6,210800
601,1685900
2,140900
1,76700
13,486200
2,130700
6911,6331200
2861,2801600
4125,3864700
369,1897800
39,1100200
144,728900
6,241300
1,91900
46,1350800
29,828600
49,1361400
1,79700
1,88700
1,72500
4,183600
30,818400
39,1161500
25,678200
8826,8442000
1,134100
2235,1914800
109,1400200
100,1192000
593,1450600
6,219500
10,350200
5,176400
6,222400
3,124800
3,123400
554,2274400
393,994600
2,108100
7,229300
7,265000
15,563800
10,330100
2,109400
67,269100
81,697500
3,152900
2,140400
13,384600
72,373100
7,227000
200,752900
26,886600
112,1456100
36,994500
1681,1529400
7,243400
72,349100
216,1012500
5,179000
19,522500
13,379700
1,80400
19,550100
90,992700
353,1377500
2,130800
3,129200
3,122900
8,271800
673,2241600
17,572200
45,1273300
123,1866300
30,981700
1,98700
5,287200
117,1614000
1,83700
1073,1393900
234,1480000
48,1398700
45,1260200
14,408400
3,122300
923,2250900
771,1410500
1,111600
16,596400
3,180900
14,580800
2,115500
25,712500
134,419100
14,478100
10,356700
15,425200
9,268800
4,192400
211,1033900
156,1273500
8,252400
2,100800
13,369000
9,293500
5,199700
5,173700
10,318500
19,519200
6,193100
156,1222900
10,314000
171,1467200
2800,2374400
34,974500
2,193400
28,970100
1,77000
2,101700
2235,2468900
367,1872900
2,130000
7,337100
6175,5985200
35,1025300
1,80300
161,1139500
18,540600
62,94500
3,133800
15,878500
263,708500
10,395200
112,1448900
84,719500
40,1164700
5,240800
117,1712100
7,295300
1,97200
3760,4290600
42,1154400
28,747900
23,631200
5,228900
9,266900
7115,7102500
3,195400
22,602900
477,1500800
121,1621300
525,1194100
185,1769700
70,300900
815,1002400
6,282300
8,307600
1732,3039000
395,983100
675,2307100
4,191000
1399,2450300
1588,2789400
46,1529100
3,134600
778,1682000
2,169000
2838,3428400
2,139600
4,157000
927,2614100
16,744900
1,81200
472,1436400
2,135000
2430,2267500
2,140800
14141,11310800
1,95300
117,1564000
1532,2270900
7,224700
136,459200
30,823600
428,1775000
1,88900
72,542100
18,584000
11,332300
6,223000
90,834800
1,85200
535,1500800
128,294800
2,105000
917,2141400
11,382600
13,402300
333,858400
6,264600
2169,3307000
1,97800
2,98800
17,481800
2,98200
21,582900
67,256100
934,793200
269,789500
4225,3664700
6,239100
1,92200
3,122400
12,351200
2,105000
14,479700
657,1499300
1,88000
2,101400
8,353100
1,85600
142,627700
297,1645000
2,113000
69,306500
1,82300
14,478400
14,418100
1,92300
139,514700
25,678800
606,1717100
4,206800
9,270800
63,159900
128,262500
1,79300
29,985000
2,109100
9,275400
9,273300
250,305400
21,639300
3,126400
781,1707100
184,1702100
734,2125000
3,149300
5,178500
30,876500
32,880500
833,1406800
601,1609200
106,1190700
2420,1970200
197,652000
20,720500
8,269700
57,1624200
19,703000
141,610400
107,1269400
10,299100
2,99900
65,163300
29,1005700
814,984600
36,1235900
27,803000
1,73700
228,1278700
12,365700
46,1223400
7,246400
58,1736600
17,487700
21,598900
27,738800
13,421200
1,81000
543,1695200
10,322400
9,274300
24,704200
2,98300
10,294800
250,352800
39,1041000
3,135800
38,1044000
82,628900
18,547200
1,85800
4,146500
126,206200
165,1323300
29,790600
539,1562200
63,118700
4023,4768100
124,160700
117,1505400
1,72600
30,947700
9,284800
10,344400
4,175700
1,72800
49,1341000
4,223900
1408,2357900
25,860500
4,233700
30,806400
3,123300
403,1231400
13,369200
8,320700
11,460200
11,349800
92,876500
30,865500
2,100400
1486,2829600
280,1097000
31,866700
3,121200
1,80300
42,1126900
1,73000
1,71000
1013,1396300
1,85600
2,99300
1,71900
1,83000
941,1069000
6,202300
416,1509900
1,89600
15,541200
3,155400
871,941700
27,820200
5182,5085800
139,559800
1,73400
1,70400
6,197200
31,886200
69,271800
6,210600
7,224800
30,830300
484,1743600
1,78400
33,932700
20,582000
53,1612500
4,150300
7,223900
7,262500
11,564800
135,452500
1,91300
14,399200
2,178500
13,422000
8007,6537600
1698,1918300
206,740400
12,383900
1,74100
26,717000
3,147900
670,2285600
2618,2475300
246,1735800
18,557400
17,494300
1624,1578400
9,269000
8,269000
63,135300
3,139900
16,538000
18,497300
2605,1945800
52,1379400
1252,1363700
11,361800
23,639500
1,397000
32,974600
34,934000
6,256800
2,111100
708,1240200
9,357000
26,751000
1,71700
8651,7525600
3,155800
1,75300
114,1434900
14,397100
7,434400
2,105600
19,570300
422,1698000
36,974100
7,247800
31,832800
2,132100
31,883200
160,1044700
7,259600
2,97300
377,461000
34,945600
24,647900
25,772500
101,1393300
5,225100
2653,3749500
973,1869200
88,805300
15,425500
2542,1894200
15,450800
3,123400
20,580500
160,1057800
5,184300
44,1166700
80,582500
419,1515500
7,232200
19,550400
20,632600
1,83400
38,1047400
14,400500
18,570800
28,801100
2,109100
1530,2569700
319,555600
9,278000
19,535300
54,1444100
18,585400
218,1025600
29,879900
38,1072800
4,188000
206,675500
11554,9821300
126,222300
3,168600
2,110200
7,231700
70,307200
342,1185400
23,655400
7,237100
2,97300
22,672100
53,1444500
4,148800
266,887100
14,415100
153,933000
202,654300
21,657500
4315,4729500
1,87800
2706,3161600
11,346600
50,1356800
4,166000
3,121700
30,851600
14,395200
23,723200
2887,3594300
124,217600
66,254800
1549,3012000
13,431200
5,195400
217,1009000
8,280100
184,1783000
90,836200
25,731300
46,1250100
21,657300
3,131300
4,178700
910,1745400
5,174900
1,71300
4,232500
144,678700
135,463400
120,1553000
503,768600
5289,4847900
241,1708600
40,1123600
30,850500
23,687500
4,159600
389,802100
46,1264800
2,94300
121,1659200
59,1596300
5,174100
2,130100
9,348900
6,210500
1,79800
41,1120200
1276,1936500
195,470800
763,1104500
2,109200
25,1144700
1,98100
1,75100
17,480800
84,879900
180,1885800
200,551700
24,782100
120,1565300
50,1290400
21,568100
14,555800
11,331700
13,551500
1,107900
6681,6356100
2,124300
3,131800
36,985200
11,321700
74,449300
1122,1036100
1220,2131600
11,337200
262,696200
67,230800
1164,2305900
48,1350800
39,1096300
123,1723400
155,938900
12,579200
17,594700
5,179300
88,1081400
87,745100
1,73700
144,684000
4,171500
22,612500
158,1129900
2496,2439000
1,91700
1,72700
26,748200
6,198800
18,721500
31,1056800
7,346900
84,855800
4,204000
3,152100
151,983200
15,430800
2732,2273100
5,187200
2805,2453700
10,310500
3,147300
1,74700
2,108800
1,104000
158,1255900
4,191900
280,1355800
1438,1818700
14,423500
139,708900
327,788100
36,1047600
2,116700
2245,2129500
2,98600
51,1350900
4,147600
22,588900
1048,2358600
26,715700
24,667900
369,1785500
3373,3291700
1,78400
4,188300
338,1024400
2604,2066100
2,130400
4,169200
6253,6003300
79,525900
13,387500
7,255700
8,247900
4,183500
2,111900
1,89000
11,322200
2,121000
20,564400
465,1170800
36,1340800
11,351500
1,100100
10,322200
3415,2847800
200,581600
537,1508200
106,1398500
138,524600
3,124600
2,105700
7,224100
84,685800
6,197600
47,1256500
57,1490700
4,162100
8,255800
1,71200
432,2200000
175,1927900
34,1171100
1,91100
141,727300
8,344300
9,361700
39,1333600
853,2420200
1,94400
52,1872700
1,85000
5624,5924300
25,784800
3780,4549700
2,140400
72,344800
12,346700
395,1013200
675,1973100
4,172100
116,1498700
6,209300
1,71900
3792,3119100
14644,11645800
10,327300
636,1004900
235,1761200
3,135000
354,1534000
55,1831500
15,451500
322,665700
1,74200
7,236900
11464,11462500
651,1647300
5,269900
547,1933200
2391,2950400
576,925800
4,187300
318,469800
2,99700
487,1816200
19,586100
5,247700
188,286000
3,132600
71,360000
3,145700
72,380000
298,1603600
3,128300
4,151700
3,140700
909,1851500
660,1646300
261,550400
62,97500
7,250000
14,465400
10,319700
9,302000
5,179900
29,858500
11,323300
35,1057100
342,1133300
90,817000
89,847600
1,77700
792,1815800
15,459900
1474,2965400
1,97600
20,715800
2,128600
111,1454800
1,97900
120,1667400
338,1013500
1,74600
11,396200
4,238100
23,771300
3046,2607100
6,201200
3,140400
9,324500
23,642200
15,433500
30,841400
90,783300
6,198600
2,117500
1,71600
1,80800
16694,13740600
88,967100
759,1004400
8358,8033400
591,1428600
1,83200
1,83900
2,100500
2,100400
9,303000
2,101000
1761,2055000
20,543200
10,368400
5,184300
15,460300
1503,1663300
6,261200
2,100200
8047,9088500
32,985300
4,157500
408,1321300
17,480600
1367,1220100
8,256500
5,175300
27,786400
35,1068400
2,100300
16,513000
3,132800
50,1319200
8,267400
7,247700
2,98400
1,84900
60,1599700
6,213000
2,170600
351,1384100
499,503600
9292,8835000
3,166900
228,1271500
1,73500
3,124000
556,1969800
9,304700
17,466700
264,619800
65,164300
3,145700
3,122300
4,159200
10,299400
10,294300
311,361500
2,107000
22,672100
323,643900
1,81800
2,161200
4,198400
4,186300
63,165900
76,567500
61,1740500
10,320200
68,311200
173,1478100
2,100800
2,120100
4,150000
6,397300
4,171800
10,302100
21,603100
16,467300
16,457400
4,164400
264,669700
7,241800
3,119800
3,125800
1,69300
2,102100
40,1098100
22,592200
221,1186800
7,218100
1496,1333400
3,163400
43,1139300
188,233000
156,991000
136,454800
782,1527800
17,531600
756,922700
4,228100
32,1309100
4,223600
9,291600
10,333000
67,251600
3,132100
307,1742900
7637,5969900
11,341800
13,424400
6366,6280300
5,233100
158,1059900
4,158400
9,304100
11,323400
10536,9567700
3511,4027000
26,717100
6,204700
107,1365000
2,107400
30,866300
4,152800
17,466800
22,683900
110,1303200
34,953700
18,498100
12,372500
684,634600
4,149600
20,571600
10,333000
5,174800
1,107000
402,1183900
1,72000
22,617700
384,636600
9,353300
3,198500
58,1864900
16,457500
6,222500
4,177200
4,149300
8,273600
179,1574300
4,149000
5,194000
5,194400
109,1349300
4,149700
6,195200
61,1633600
7,228100
42,1162000
21,560200
32,924700
320,566600
4,169500
47,1340400
42,1168800
4,150200
588,1334000
1,84100
2,161400
25,799900
5,212000
9,282700
771,1437300
601,1792800
3,159500
7633,6080200
54,1506800
76,453200
35,1008500
12,351300
1186,1207000
2,100700
15,432600
43,1244000
2,99200
11,328300
878,1024100
58,1492500
4,161800
16,470600
2,97700
12,357000
22,615600
23,641000
1,71000
4,153700
10363,8338700
2,173700
1,93100
15,455500
96,1108400
26,970600
4,264900
1,106200
11,457400
5,236700
13,406600
12,357300
12,354200
4,213000
3,138900
3,128600
3,175400
70,380500
830,1557500
5,201500
376,456500
584,1284000
49,1336100
6,227900
25,704800
60,1917500
3,147200
55,1611600
235,1500200
2,113600
11314,9808900
3,246700
1,76300
5,178300
1,85200
19327,16805200
3935,4119100
169,1342300
4,227300
957,1453800
92,926300
29,907800
8,255600
7,225200
3,123500
6,198600
23,719600
183,1716900
5,177900
21,558700
2792,2483800
5,202000
129,311000
127,218600
31,1002800
4,177200
165,1282000
6,222700
4,183400
78,514500
60,1751200
57,1517300
1,82200
7,223500
21,571900
98,1090700
788,1767100
4,150400
15,463300
1,72500
4,166600
46,1254300
1144,1646800
34,1143200
96,1240600
3,145200
6568,6562500
3,144500
3,138700
2,101600
8,249700
10355,8127300
18,567600
9,280400
1,72900
31,849900
1,135100
46,1261700
1,73000
23,668800
125,185400
217,1118200
8,336400
1,73700
2,99900
2,110700
187,203100
1,71500
393,899400
10217,9108300
3,173300
1,74100
3,144600
2,121900
76,476000
8,252500
1,74400
4,169700
1513,1868600
11,339800
10377,8253300
675,2088900
52,1458300
13,373000
559,450600
1,74100
3,146200
1094,1903700
5,200700
3,149600
21,597600
1,72800
45,1284100
35,963300
405,1187400
475,1411300
2,105100
8,303600
1396,2005100
663,1761400
30,1082800
1,98700
5,180400
33,971200
2,135700
26,704400
1,72900
5,181000
60,2025000
2,102700
43,1127500
9,323900
10,383700
37,979300
637,990700
108,1318800
17,615700
11,423000
3,126600
21,625700
2691,2725400
3,137100
16,557400
309,1860800
338,1005000
24,688800
2,105100
100,1053600
4,202900
144,687900
4,175100
2,120000
28,804000
536,1743600
197,623200
2,126700
40,1225900
33,920100
1,79300
47,1599200
1727,2816700
25,734300
18,615800
2,98600
27,767500
152,910800
32,933300
311,357500
12940,12783200
11,393800
3,127400
324,687100
28,780300
2,107900
7,370900
20,739700
95,1106600
41,1186600
5,208000
178,1635400
250,405200
146,848500
2,103100
8,268400
1,75100
1600,2539700
43,1658100
159,1141900
12,378800
2,138900
8,258600
11,329200
321,625600
1,93900
84,850200
62,106700
97,1020300
6,202700
127,258800
57,1869800
35,1287100
965,2115100
30,1130000
418,2169400
948,1936200
14,663800
4,214200
13,448200
8592,8915500
186,224300
1990,1862100
15,531000
4,160900
58,1927000
52,1821400
2,125100
1,73600
1,73600
37,1106100
13,430100
25,696300
168,1370400
2,98100
3332,3846000
120,1718900
2,109000
110,1388000
7,241100
34,975200
884,1554300
8,387900
2,109100
7,308800
3,152200
51,1532600
1320,2076000
231,1450600
2,139100
54,1503700
4,151400
4,149400
7,295700
8,261400
25,708200
2,100000
16,496600
167,1288400
10,300500
10,366300
2,104800
39,1041200
10,337800
88,793700
3,123300
3,122700
7,222500
9,276100
1,70700
6542,6455200
1,121200
12,382600
33,1016000
10,390200
23,647900
307,1751200
160,1098700
762,1123700
1,90300
75,459400
1996,1909300
2,114300
93,1271900
3,209100
6,204800
37,1160500
4,217100
8,281000
678,2026200
3,138000
342,1200600
5,218400
11,353000
7,233700
22,761900
7,233500
1620,1511100
13,391700
1369,1326600
353,1494300
5,201900
2,97000
16,558300
20,562700
4,175900
3,131100
2,134200
1,117200
67,222600
432,2315900
13,491600
14,440500
8,251300
1,72900
2,99500
6,222300
1195,1420700
4935,5288300
11,430500
112,1437800
8,318200
46,1218400
11,328800
8,274400
217,987700
111,1434200
47,1287600
1,87600
111,1473300
9,276100
4,150900
1,72200
6,211700
381,629300
1,74200
7,225300
74,379100
3,120500
96,1246900
6,261700
32,1111900
89,888600
25,743800
25,685200
1,81900
4977,4484600
1812,1890900
2255,2357200
109,1376800
49,1356800
33,995100
9,265800
25,914500
13,405200
11,344300
1,79900
2,98700
8035,49175400
11,398200
15,461400
12278,9551900
1,98100
3,129100
3,125800
80,573000
3,124200
1,71700
4,171300
76,454600
2,99200
86,727000
26,739100
1,71900
8,244400
4,146100
34,937000
540,1523800
3077,3510800
11,355600
1,72200
83,659300
60,1730200
2,136500
1393,1860000
3725,2945700
21,591000
1,72100
1,69200
29,793100
6,230900
208,742500
8,254100
7,244900
66,189600
45,1244900
6,207600
2,99800
35,955300
2,96400
346,1475800
4,155900
4,199700
29,841400
1,74100
4,150100
3,127100
2,97400
1,77500
18,627300
4,158500
2,124000
124,137000
7573,6327000
9,296100
6,200100
37,1015700
9517,8340900
96,1041500
1,76400
2,99100
6,223300
38,1044100
4,150900
2,97500
2,97300
2,111800
12,357100
17,502100
567,716700
3,124800
552,1848100
194,421100
46,1266700
4,162600
183,1654500
65,168600
2148,2762100
3,186300
12,361700
51,1370600
17320,15598800
4,241800
251,374900
106,1383300
6,207300
4,163800
16,488700
2,99000
8,325000
2,105600
5661,4955700
10,418000
21,652700
33,977200
39,1094300
2,108100
2,124300
364,1776700
135,530700
4,179300
31,863200
1,83200
9,271600
15,476500
9,307300
39,1051900
8,361500
11,331500
1,73600
205,694500
2,113700
15,461800
1,71800
3,162500
77,465100
497,444400
791,1839000
19,561500
1,84400
6,195300
4,168000
2,110200
1,78600
42,1155800
16,478100
19,616500
6,213700
19,545800
6,199300
1607,2870700
102,1116500
1,92100
4,147800
1,70500
3,120800
3113,2967500
12,374400
1,74100
61,1700800
712,1408800
986,2440900
45,1623400
3916,3563500
143,694000
110,1402800
207,744900
44,1255100
38,1097700
6,239400
5,196600
3215,4169400
57,1591800
1550,1553900
135,471300
32,894700
912,1807200
1,80400
8,329200
929,2354100
1,78000
2,97900
5,172700
5813,5758800
2854,2407100
13,421200
1,78500
19,524000
1,71700
31,888100
4,161200
4,147300
78,500600
82,632500
2,115500
4,215900
22,645300
3067,3079600
258,528600
22,612200
13511,11751800
154,1211600
59,1713000
60,1593400
70,427900
12,465700
20,863800
2,132300
3,154900
101,1329500
20,626400
405,1167700
1,76000
18,673700
6,201200
463,1191800
2,105700
7,233800
224,1146900
59,1609000
1,84300
184,1781800
1274,2308100
502,688900
1,70800
11,383900
1,70300
2,102200
7,225800
2,95500
17,539800
227,1307500
1754,2054900
38,1864400
36,993400
5,178900
176,1569500
23,666900
1549,3117000
151,915400
4,178600
66,230000
23,872500
670,1988100
3,144300
25,699900
199,556500
17,496600
434,380600
3,128500
63,112400
23,738000
161,1246600
144,696200
7,224300
102,1311600
3,124700
17,510100
3,161000
3,170600
9,275900
53,1659900
1,102900
7,351700
3,171200
112,1486700
25,707600
2544,2174700
2251,2499100
35,989100
190,286500
9,397300
1,86500
101,1144100
10,311100
7,228400
430,1912400
6,224000
329,747100
3,124800
10,341200
84,678300
1332,1862200
7,267800
1433,1353500
4,164200
17,522500
4605,4205200
2,135300
94,1485500
6,333000
6,233100
44,1282800
1,145800
1,105500
2,127700
3213,4540400
2,133900
1638,1893400
2,120800
23,613100
235,1408700
27,725800
1,71300
151,824900
81,564300
9,294600
27,868600
112,1799600
4,154200
16,553300
2,185500
309,1993500
4,155600
11402,10570600
12,463900
39,1140400
33,943800
31,982700
685,871700
4,196600
41,1229100
22,691800
7,373600
2,118000
2,119800
59,1625800
2,123200
5,178700
23,695000
7,289300
15,427600
2850,3862800
110,1470500
2,130800
524,1142900
3,146800
193,527300
7,282500
2,134700
1,87500
8892,7684200
119,1586100
12,381300
283,1142000
221,1234100
37,1032900
10,331900
14,472600
199,544400
209,784800
30,780700
338,1064500
1,72600
7,256600
489,1779500
1,101700
3064,3025600
25,719100
1,71500
11,359100
525,1134300
101,1093000
329,780500
22,794200
12,382400
13,483900
57,1539400
1,70200
27,697800
270,930900
6,215300
1475,2491200
4,158400
644,1153500
348,1253200
8,337500
227,1269000
1,73600
1,102100
1371,1443800
667,1803900
3,138600
592,1423300
44,1241400
2195,2336500
322,612500
3,125100
256,445800
4,152000
56,1555100
451,877900
3,124200
53,1408600
2839,3490100
733,2023000
209,919200
12,396700
4,150000
11,325000
2,149400
1536,2496500
6,203100
433,1868300
86,717700
5,174100
3,123200
102,1120300
14,408600
1,71400
219,1080400
3,123900
2073,2308600
328,740200
55,1497500
7,383300
86,2045800
1950,2948100
114,1586500
2458,3146000
20,592100
1,74500
20,544400
5,170500
588,1251100
31,893100
779,1481800
1,77600
59,1900300
11,389900
24,679800
3,139300
10,330300
3,145600
2,99000
103,1134000
223,1231700
17,479000
23,667900
286,1216300
3,131300
3,130400
23,638200
68,268400
45,1204500
27,748100
3563,3494700
4319,5113400
8,282100
3,125000
11911,9604100
13,453400
14,439000
6,202100
3,195400
89,861500
178,1803900
5,190400
9619,8594000
3,180100
7981,7631100
13,545900
87,800700
1,92800
7,230900
156,1103100
13,388000
78,612600
215,958100
763,1203900
26,782600
619,2287500
600,1612800
34,1117600
8,276900
4,165000
11,328100
177,1497300
59,1610500
2,108200
24,700600
188,257100
7,236600
48,1315500
11,328600
4,151500
16,470200
9,316100
2,110100
2,130100
1,110000
11,398000
11,354400
6,199300
14,420400
6,218300
1,92000
58,1778700
7,226900
10,361600
3,126300
684,657000
12,442700
47,1437300
29,801600
65,186500
12,381200
53,1393200
1,93700
96,941800
39,1066500
10,305800
1496,1468000
392,875200
5498,5294700
31,979600
7,330000
7,230700
12,485400
76,514400
11,328300
36,1225100
216,1035000
483,1715000
2,132000
95,972600
36,1038600
99,1044100
2,127300
5,179200
28,755900
5,184400
7,267100
16,471100
21,592000
9,271200
381,590200
267,746600
6,203400
4,202300
9,284100
65,165000
13,367200
2,135200
1,88400
15,572500
1,100600
13,511000
2,158600
5,298600
6,225200
3,157200
123,1718800
3,127100
59,1545100
4,149500
6,241800
39,1077800
5,174800
2,112900
1,71500
18,518300
4,159400
252,373000
6,200600
2,100300
482,1608500
55,1494700
6,195300
31,854600
1,71600
7,225700
2,98700
203,716600
10,404600
189,317200
14,490200
8,301100
47,1521200
108,1384900
1546,2773200
1,74500
871,857200
81,597000
3,125400
10,363000
247,1847400
255,443000
2924,2548100
3,150900
6,242000
36,1078900
2,127500
121,1640400
15,449600
3,132800
146,829900
1,95000
3,145600
429,2043600
1995,2210100
9,294800
2,113900
34,1028600
61,1689900
1,75300
31,890800
2,102500
3,142200
36,1086300
7,235500
4,146300
3,136500
507,714200
6,227600
3,124000
85,658600
67,246900
3,123900
2,97300
4128,4190000
51,1497700
22,783100
6,255800
694,946700
1133,1512000
6,212800
143,732400
35,945200
3,123200
5,232200
17,495600
1,79900
4946,6106100
2,125400
139,662300
38,1040800
2,99100
1,103400
97,1076100
12,349600
19,604800
17,495000
3748,3886300
97,1119200
3,244800
11,378100
4,158200
2,101100
96,1038900
1390,1854500
17,474200
4,144700
2,95300
1936,1936400
30,866000
14,409600
5,176600
2311,2145900
127,354900
49,1552100
30,983200
3,131200
2,114700
162,1207900
700,1029000
30,819700
26,809300
6,210400
36,952300
7,289500
184,1697600
4,146300
111,1601300
20,642300
1,84800
4,204900
13,418000
59,1551100
318,512700
29,786000
23,650000
160,1313600
4,172200
4,152600
468,1434100
29,889100
6,222500
4,158700
6,203500
6825,5761800
3,227800
2,110700
73,441900
3,175700
38,1089400
3,127200
1,94700
43,1124600
46,1218700
15,446000
48,1323700
1,72600
155,979200
19,541900
3,123800
831,1310600
51,1357800
2,160700
188,314100
9,359700
3693,4047600
26,790200
4,181200
46,1214200
5,196500
5,247400
6,277400
6,306600
224,1533100
291,1461900
118,1696600
15,456900
3,144700
3,124100
1614,1353000
2,127400
23,672700
2,100000
18,575200
4,202900
6,232500
10,321500
530,1266900
463,1380500
4,156100
24,688300
5,231000
3,128100
13,379200
11,341100
1,72300
251,332000
12,359700
187,230000
19,516400
3,119900
269,858300
4,154000
1,71000
54,1746800
78,503300
274,953400
26,754100
20,580300
3,125200
1,80500
44,1227900
34,879300
2437,2484300
305,2078600
411,1488700
8,275700
6,201100
21,667100
5,197600
73,421400
136,440400
342,1260600
60,1615000
15763,12893200
3,150800
6445,6372900
1,87300
26,787900
4156,3493700
118,1968000
27,925900
1448,2198900
3,180400
569,736900
1,72400
3,121500
97,1176200
7,238100
4,153500
31,955400
39,1055200
161,1080400
12,416200
9,305400
18,524100
33,903900
42,1527200
1,98700
38,1296800
14,421100
18,523800
9,297500
3,139000
2,112000
11,390600
2,151800
33,944400
10181,8277500
7283,6309700
11,336000
3,123500
9,277500
1547,2729300
7,235300
1975,2922900
30,864900
7,244800
209,758000
6,200900
4263,4776100
4,163600
5040,4152500
198,501200
351,1326600
28,826300
206,726100
6,213200
17,522500
14,417500
5,172800
5,199100
82,662200
1,74100
1,71600
2,101500
24,873800
8667,7991700
6198,6348000
30,811400
3,179600
1617,1488500
2,117300
27,761600
344,1235300
58,1521900
2,106300
218,996100
7,246900
11,322900
4,176100
68,319500
62,110100
89,758300
8,401500
270,937500
3950,4160900
2,148500
105,1182400
15,459900
11,560100
2,130800
68,319900
168,1300900
44,1235100
1,74100
5665,5041400
55,1495800
1737,1515900
28,877600
1884,2234200
292,1450400
33,939500
3,146000
5,176600
25,756200
706,1236700
2,108900
92,941900
20,555500
209,816500
5,190700
4,149500
109,1351300
4,153500
1,71100
41,1173600
875,828100
27,819600
474,1369900
2,109800
4,146600
96,953500
101,1224900
2457,2953000
19,626300
2,183900
255,475800
1049,2475400
576,1086200
5,186200
2,132700
1,79400
3,168100
28,856300
2,108900
22,613600
1314,1839700
399,1061100
7,231700
7,225500
11,503300
4,289400
66,294200
16,691500
3766,4439200
162,1787000
8,323000
21,640800
3,129300
8802,8853400
38,1280600
5,220700
19,611100
277,1233700
4,222900
19,615700
2,108000
16,553300
10,458000
13,524400
2,106800
155,1021100
18,572100
1,118200
10,316200
71,324100
7,242700
147,1255300
1,99100
33,1232300
117,1692700
137,479500
56,1621400
13,419100
489,2124600
2,106000
2,116100
914,1976800
24,917900
33,986700
817,1102000
1632,2008200
4924,4976600
177,1804900
2,128700
8,272300
12,395200
146,774300
2,136200
1,97500
8478,7859300
1115,2766300
61,1697100
18,559300
79,833100
7733,7392000
22,639300
1711,2419000
15,512800
1539,2604400
103,1166000
18,639900
1,77800
11,341300
16,465800
33,926200
36,1007700
86,840900
8,256500
2,114500
244,1825200
3,132500
17,511000
15,468600
56,1549400
78,560200
3,126900
73,376200
1,73900
32,1062700
4,210900
177,1940700
8437,7660900
2,238200
2,136100
131,464000
132,395000
1,78200
29,981600
3,216900
37,999400
1044,2407900
22,669100
4,170200
23,649700
5,179400
919,2128200
37,1336800
13,533900
4,172500
45,1373400
6,246700
51,1360800
64,223700
1621,1651300
23,1068600
2,171000
4056,4085600
15,603000
441,782400
307,2274100
94,1225100
22,726100
492,2126300
91,922100
3,131400
10,410500
46,1396000
10397,9902500
55,1887300
646,1371500
197,471900
341,1112700
4,161600
30,815000
57,1773600
299,1807200
147,806300
34,995100
355,1601400
1,80200
1,75400
1444,1727100
22,596600
32,912300
1,72400
51,1423900
36,973000
5,297200
5,225800
9,396000
1,101000
2,124700
12,405900
41,1246700
3,156100
2,99500
12,364700
1704,2391300
22,693300
393,957800
69,284700
2,100500
2365,2263200
6,271000
169,1464600
23,782100
5,249700
443,613100
168,1435100
4,153800
294,1685900
56,1856800
769,1622600
4,189700
118,1708800
48,1300900
3,121600
17,519400
3,134800
149,1056000
24,749900
493,2084900
3,135800
26,697000
13,470000
11,392300
65,187200
287,1358900
11,405000
29,832600
52,1644100
958,1526600
70,349200
6,241500
4,183800
22,596200
7,242700
49,1324100
871,857700
12,402800
44,1231800
567,744000
3,126700
655,1445700
1,130500
275,1051900
58,1523600
6,198500
18,560000
19,697500
88,778400
25,695000
1890,2167700
14,441200
1656,2393600
14,403800
18,568400
336,1078800
2,101400
11,327900
6,218500
533,1603900
2,208000
13,478200
142,612600
444,684300
3,137400
172,1486800
14291,12993600
966,1749700
9,277100
1,71800
161,1134600
4,148400
1206,1588200
2,111500
26,690000
3,181400
11,393900
20,534900
15,433300
2,95400
63,201700
22,654000
185,1783400
164,1261700
22,716700
8,274400
31,895200
652,1359400
37,1274600
26,823300
15,456100
43,1176000
10,349900
2,98200
35,930700
10,329300
5,195000
26,705600
54,1422200
18030,16104700
2,166400
1,93000
7,275600
4,150100
41,1192900
37,1513100
8,299300
46,1366000
9,349500
3,172700
14,511600
1,91500
2,120700
73,476100
12229,11279200
6,242300
5,175700
1,78400
5,170400
5,203200
1,87500
1,72000
67,225100
1,90200
1,72300
2,118700
1,82500
1779,2520500
37,1253600
28,976000
15,457400
211,796700
28,822500
194,420000
12,339400
2131,2243500
3,126400
3273,4093600
1365,1170900
34,1035100
3,154700
134,425300
6450,5146900
3,197000
240,1795300
432,1950800
290,1382200
2,119200
8406,8303400
95,1020300
1,74500
112,1496100
2,98200
38,1017100
8,249500
2,118100
1,83700
2,128900
1,100900
27,741800
2,96300
11984,10197700
1,128200
860,2314100
1,96900
97,1284000
2,123200
24,642100
66,243400
147,985800
8,324300
2,126600
28,1166900
8,360700
44,1306000
4,217500
86,767700
3,170700
1695,2101000
11,412700
150,928200
14,567100
31,873100
622,593000
669,1804400
45,1267800
2,116700
3,147800
767,1383100
3,172300
3,141100
7,221800
7,219300
5,168400
2,95600
159,1295600
2,110100
1,89900
317,501100
14,466100
1685,1645800
23,706900
1,96800
12,359100
215,948300
486,1709100
3,164200
75,479100
19,553200
1708,2184100
6,232300
2,125100
1724,2655400
402,1431300
1,82300
2,123200
8,258400
1653,2499500
165,1321600
1938,1963600
4,158500
2,115300
425,1760000
113,1525800
4,150000
3,123700
41,1168400
173,1510700
977,2184700
717,1556500
53,1394700
105,1363000
8,267600
1,73600
4,239000
14,482900
260,757200
752,796000
14,513900
4,165500
25,748600
1,74700
301,1623100
2,100100
100,1199600
37,1023000
1366,1186600
1,84000
24,803800
48,1835200
4,210800
39,1150100
2,110100
56,1642600
2,136100
7,268300
9,274100
100,1126300
75,441700
6,198500
41,1170000
10,306600
3,126100
3,124200
12,440900
236,1538700
491,1934900
162,1210500
17,533600
8,302000
969,2185600
668,1824400
2,99100
2269,2703300
12,346500
2,115000
4,204500
4,173700
5,176400
547,1699300
929,2316700
10,361900
35,1105500
189,255300
4,215300
1,73300
4,168300
21,595200
26,744200
100,1220200
12,420200
1,86600
49,1418100
9,310400
39,1123800
3,123400
79,550600
588,1351700
3,138400
278,1019300
34,1010200
8,245800
247,1960600
39,1300700
306,1831900
436,442000
36,992200
5378,5972900
2,195100
31,989000
90,1172800
1478,2875900
29,788100
1,76500
184,1793300
3,201300
53,41718400
3,149900
3363,3093300
7,251200
657,1450600
4,201700
2,100200
229,1319100
2,126500
382,632600
3442,3544100
9,312000
901,1540400
129,278600
3,123300
7,240400
9,287800
110,1302100
7,239000
2,103900
77,503800
383,581800
11,360600
3,125500
24,808600
95,958200
1,79700
2,95600
10,293600
13,363800
15,458700
2,98700
365,2196400
1,93400
8,278800
69,319700
2,102300
1046,2176500
159,1031000
1,83900
291,1421300
33,905300
402,1107400
329,777600
45,1226100
114,1424500
110,1397200
479,1681600
30,964600
529,1299700
399,1043300
665,1663500
14878,14343900
42,1216200
5,178500
59,1580600
4,170800
3,125600
18,539000
780,1547400
152,850400
64,143500
15,479000
1,70800
16,433800
1671,2963000
8,254100
754,995700
234,1488000
2,146400
101,1104500
61,1599300
142,615700
58,1581700
73,415700
3,131500
1,69700
4,173100
7,285000
56,1733500
1,88100
1,83800
2,101600
7,297500
478,1636500
1098,1973600
184,1752800
2,109100
7,346800
9,365600
104,1459700
2,123300
1,98900
8201,7760100
1,95700
9,283500
1,70800
2662,3654000
1,124200
945,1301200
2,107200
1,80200
24,933500
41,1147200
1,76200
2,123900
1,74100
2,98000
32,911300
44,1206700
7,216200
168,1352300
236,1573800
32,992100
54,1439500
29,805400
112,1614700
695,1121300
5143,5864000
3,141400
32,984300
2570,2789500
3,162200
10,325400
31,861100
3689,3518700
13227,11064600
159,1136500
168,1429500
40,1342200
29,976600
255,703300
343,1319600
5,221200
16,542500
46,1267800
2,156000
24,705800
22,631100
13,504900
1,114200
4,205800
6,205600
667,1865400
254,389100
732,1878800
10,350000
67,234100
145,653900
1,88500
22,668000
14,414600
1,71000
32,959400
16,456800
1174,2717400
262,733600
6,208600
5,190100
2,122500
36,1121300
134,410600
12,403200
193,423100
23,638100
84,704100
4,169800
4,191700
14,398200
16,529700
9,350800
13,468700
137,547700
29,833100
171,1366600
1,90200
7,292000
1,75300
10,325100
1072,1411700
1,78600
37,1035900
10,307600
77,711000
1,81100
12,367400
23,693600
47,1271200
4,177000
67,282800
1,116800
19,517400
17,502600
2,105500
20,617000
27,726000
5,240800
36,966000
8,242200
9462,9138600
1,107400
10274,9981700
4,231900
53,1639400
226,1218300
17,546200
2,119500
55,1606300
20,588300
13,377600
136,462100
38,1034900
57,1520900
20,561700
3151,3779600
8751,7405700
1,135000
2,104500
1,73600
7,241800
253,375500
238,1582800
16,550900
4,245200
37,1233100
2761,3815900
2480,2269500
107,1381700
5,229100
314,364000
8,250400
11,444600
7,262800
1,102500
29,790400
12,406900
31,859700
13,373800
11,393600
24,734700
6,202700
8627,6721900
47,1323500
3,137500
12,349600
24,657700
152,878800
1263,1568700
2,97300
52,1618000
75,460600
124,145400
181,1850500
2,119400
31,796300
3,239500
29,804700
22,674700
1,91500
818,975400
210,885300
1,77300
4,210400
51,1335100
42,1185400
46,1303200
1,74600
2,104600
1,75500
1,70900
156,1060300
5,170200
11,313500
5,258000
3,135000
3,156500
57,1557100
16,496400
12,351200
6837,5654800
2309,2164300
60,2026700
171,1688800
3,160100
143,806200
3309,4092900
1,172600
20,716800
157,1304100
12,460400
58,1763400
24,704700
20,576800
4,149100
32,926200
2,125700
10,377400
775,1434000
1,76400
4519,5402100
19,587800
16,610700
13,488700
5,264200
173,1600400
1,80400
90,832400
656,1471200
29,814200
602,1687400
39,1067800
4431,4349200
1,120000
5,233000
36,963200
12,387900
14,450300
183,1712000
4,150900
72,350600
61,2137100
1,83600
570,762700
24,663100
3,173200
1,90400
34,1167800
2,115500
4,193100
1,72900
15,424300
629,794600
2,126700
4,189800
8,251700
173,1493000
2,115400
1,83600
946,1278100
20,555500
82,868600
22,613400
6,204100
4,226000
9,338500
13,386200
5,180200
59,1636600
228,1333100
114,1655000
14,456200
2,108600
11,328100
1,74400
5,275400
4528,3887000
1688,1668000
81,602600
2,98400
3,122800
128,273200
53,1744300
4,162600
1,73800
34,932500
2,100800
31,1103700
26,768800
1,85600
2,103700
727,2098000
2,123700
5,187300
30,1004200
92,1079600
21,624100
642,1092700
249,355900
4,181300
50,1559400
4,194200
99,1257400
1,97000
2,120100
31,997800
6,246900
3,143300
137,564000
80,573300
7,236700
3,216100
246,1846000
1,127700
6,222900
598,1594500
6,204400
4,153500
1813,1869700
2495,2448500
994,850700
20,606600
23,667700
10,309000
2,112200
163,1208900
3,307500
9,331200
28,1071500
3,129300
22,633300
16709,14183900
12,422000
584,1492900
62,96700
6,249500
1,71400
4,223200
2,127200
5,229800
2,101400
14,406800
20,618700
31,859500
1984,1479300
1582,1941600
1,72400
16,477400
145,848300
114,1459700
17,621000
49,1374600
34,1132200
6,203300
61,1744400
13,394900
17,509100
57,1954200
8,272400
70,301400
124,137100
13,397700
39,1063400
19,559000
451,846600
97,990400
7,257700
17,486900
12,345800
137,530200
64,163600
37,980000
196,486300
1080,1517300
3,201700
63,140700
28,826600
79,573900
1046,2328000
24,756800
10,371500
189,305200
6,201000
4,147600
69,262800
2433,2403300
106,1455900
1881,2035800
29,906200
52,1419800
2,100000
3879,4144400
722,1612000
2,102400
556,1991600
7,219100
7,219100
11,378000
1,77100
56,1526800
51,1786800
21,607200
14,407600
22,693100
29,762000
7,262000
9,362000
80,639100
57,1613300
1,76700
14,398000
2,133600
11995,10431200
5,204700
11,334400
165,1287300
115,1768200
19,779200
221,1298400
67,255800
36,976600
132,434600
6,260100
17,484500
8,252800
209,852100
3490,3211100
9,280600
3,127900
4750,4563000
104,1202400
6,233800
22,632400
4,156300
147,791400
111,1315300
7,263200
7,226200
55,1496100
94,1027400
4921,4221300
4914,4195100
1,106400
3,142000
194,391900
470,1736500
1122,1245600
251,341500
336,1010200
2,104700
7,245400
49,1325500
71,395700
11,359300
3,125200
32,1011700
664,1885000
635,945500
48,1338400
81,590300
3,143000
61,1777500
32,1069700
4,152500
15,660200
3,197100
6,228300
3,128500
1,75200
142,703600
75,558300
3,127200
21,634900
10106,7545100
6,228100
11,425500
1,96300
1,89600
835,1806900
1,132600
15,525000
2,119600
91,1122800
3,185900
43,1362900
13,403700
5,174900
263,711200
2,123700
2,114800
1,75200
7,230800
2,143300
3,149300
1,73300
2,136500
3,186000
11,356400
10,303900
1,87300
9,283500
27,833500
30,836600
145,787200
1,84300
87,847500
10,316200
55,1689000
22,691600
4,175100
2151,2958000
1,119100
4811,4934000
46,1290800
11,377700
55,1695100
6,218600
1,79200
1,86700
2,98100
3,144400
98,1043800
128,292200
54,1713300
5,216200
1,76300
2,106800
11,357800
9,291100
110,1441300
145,825100
3,130900
3,126100
2,99600
21,824700
1394,2054800
352,1674000
7,303000
6,270800
7,338300
6365,6070400
26,768200
1,96300
9,368100
41,1169800
25,768000
59,1815700
1,85100
174,1555900
1758,2015600
3,144200
1567,1770200
3,134900
429,2085200
36,1106400
177,1572500
58,1602600
45,1224800
349,1316000
6,326500
6,275600
1,171600
3,145600
769,1405400
1,93300
58,1741800
1082,1711300
1752,2106400
7,354800
27,993300
104,1253600
4,219300
9,376200
11,425200
1,82000
204,701700
22,680200
571,854700
30,920200
18,686900
5535,4924400
57,1747400
638,1160100
305,1821800
144,683900
667,1854300
16,554800
1,81600
4,178900
102,1161000
64,174200
1,92400
5,202000
46,1291600
1,81400
1,89900
6,204600
15,471100
1139,1957900
1,87600
2336,3147100
46,1290100
6,201500
3431,3165800
8,359400
10,399400
442,735800
275,1134500
4,155400
91,1176800
183,1898900
96,1176300
91,901800
5,192500
1,72900
9,337000
48,1319300
1,78300
19,693000
5,183700
3,154000
1,76200
10,312300
30,984000
2,112200
191,336400
26,825400
9,282400
12,363700
1413,2493000
17,515400
4,152600
1,72200
148,846500
1,74500
28,1056600
3,138000
2,109000
78,596700
1,95400
5,276700
2,118900
13,392300
60,1724500
129,333800
75,530000
257,547900
282,1459900
409,1320700
492,1937000
2,103300
9,319200
388,778700
11,523000
4,217900
843,2188500
41,1596800
888,1316800
3,133000
3633,3793900
1,84000
21,589500
260,611300
61,1612900
17328,15114700
2,179600
5,228900
29,774500
102,1232700
16,458200
3,125700
56,1589400
4,171100
184,1959700
564,649100
150,932500
6,249800
248,228600
167,1325100
1551,1293100
32,942900
12,409200
21,586800
2,96600
3,208600
7,298300
1,91700
6,261000
9546,9293600
27,827100
12,351100
163,1156300
590,1410200
4,162900
273,958400
16,498800
54,1434700
3,133000
3,129500
8,252500
37,1274500
424,2110500
19,646600
469,1355900
450,822800
6,202800
1,73700
329,962400
45,1205200
11,345700
9,320300
5,171700
2985,2512500
1292,2313700
2421,2025700
9,298300
11,333800
1,71900
29,871500
365,1924600
5,185600
56,1722300
503,633600
37,1014100
5545,4939600
5,195000
32,896100
134,392400
851,1886200
73,467600
427,1695600
1,72800
633,841800
2,101700
29,1052900
35,1059100
7,303300
1528,2249500
123,1749900
57,1498100
8,254500
6,227800
1405,2097500
148,815500
127,218200
2,98500
701,1050800
2,130000
168,1263600
10,298100
2349,3639500
3,164100
1792,2765200
267,817100
19,548300
137,476400
1,89900
22,722300
3,125100
1,71700
3,137000
30,923600
30,806100
4309,4494300
52,1621600
3,139700
13,414500
10,320400
61,1602000
385,772400
40,1176200
303,1772900
14,389100
8,257700
7,250200
13,400200
8,248400
11,363300
26,721300
1,104400
2,112100
4,145100
1,78400
62,101100
2,107200
4,144900
4,155000
59,1903600
12,439000
3,149400
1,86700
23,758300
93,890000
530,1581900
1,78200
19,560000
1,85600
52,1349300
10303,8149500
1556,1344200
4,155700
599,1557200
8,284100
30,986200
17,498500
373,349100
1,72500
19,529200
610,1849200
1,78900
3,123800
1,80500
1,85500
1628,1617000
2,109400
8,268300
96,958600
2,137700
329,787600
5,175900
9,400800
20,719900
2,123300
20,704000
18458,17125400
6,322100
3,181300
15,526100
14,433200
80,580600
527,1289600
3296,2731500
4,163500
7,225000
18,503100
157,1045100
5,194500
1,73000
7,245100
8,245500
11,395100
164,1150500
2,156900
26,761900
14,426200
1,72500
1,71400
1,82400
1,88900
44,1302000
49,1558800
2,171000
78,590000
8,261600
373,439000
47,1575700
1,76000
24,700800
10,341800
1,107000
435,396900
175,1525700
654,1431600
44,1205500
10,329500
3,129700
2,111300
1,78300
137,548000
14,496500
19,523200
10,347900
339,1103300
10,313000
6,297900
1,95300
5,244100
3,177000
7,280500
2,120000
3,151600
2,120300
139,697400
169,1646800
113,1912300
8,319300
451,1054700
12,492900
5,215800
1093,1943700
103,1175800
74,427200
2,108500
10,503800
63,128700
434,360400
721,1536400
35,972500
9,273400
81,580000
2,102100
1,70700
1,69500
100,1127100
1,72700
7,219700
5,185900
2,114900
1721,3255200
5,302500
950,1359600
14,436100
2,167900
76,463500
5,177700
77,609200
15,558600
226,1355400
254,378700
6920,6060600
1,111400
5,180700
1029,1769600
3,157300
43,1195400
2,149800
2360,2184400
4,182300
1,75900
94,1074400
28,812800
3648,4142600
1360,2768500
35,1130300
14,396700
38,1557000
89,873000
37,1030400
2,130500
1,78300
8,276200
15,447300
1,87100
29,789700
63,137600
6,204500
3,130600
4,149000
11,329400
1894,2480100
193,366200
1673,2710700
224,1492900
23,664000
4724,4232300
2,134300
598,1604000
6,196100
9,267200
3,129900
258,547300
1905,2658500
43,1256900
37,968000
24,670500
46,1264200
7,232000
27,727400
293,1564800
5,178400
972,2136000
24,941700
10,304100
407,1304800
649,1362300
4,150200
42,1214400
1,75200
2,114700
28,847100
42,1184500
2,102200
6,200500
92,1036200
1085,1832200
79,589000
1,76800
1,117800
27,765300
38,1010700
2,135000
4,149500
2,96000
22,584100
2,208200
5,225500
2111,1810200
77,576500
20,541600
3,169100
2,135600
22,677500
3,124400
176,1678900
18,551200
6,216300
1,107100
2,118200
2,96200
2,105900
30,913900
85,889700
22,812600
303,2192200
5,253500
56,1567200
21,705800
1318,1816400
26,770200
14,418200
92,842300
202,663900
50,1307100
124,144300
9,286400
67,219400
14,394300
41,1165100
5,176200
218,1249200
1,102100
33,1053100
223,1209500
76,488300
4,152900
3,123500
12,347100
435,422000
24,1004500
2,100800
5,174700
492,1898700
7,414700
38,1113700
1,73700
305,1748200
109,1588900
2,119400
6,223400
29,929800
15,435000
184,1872700
403,1133100
89,884100
4,157600
4,150000
14,389900
273,1122200
51,1549500
647,1527400
92,1035200
5,186900
4281,3435500
29,822400
3,174000
245,1703700
89,780100
1327,1723900
154,990900
4,154300
5,187600
1,82600
4,162100
140,687800
633,823800
81,634600
200,564300
12,339800
835,1551900
28,863500
59,1630700
28,790400
48,1351600
47,1231800
699,1053800
116,1552300
62,91600
18,512300
4,148900
3,232100
5,230100
5,209800
27,733700
2363,2147300
180,1856500
11,480200
138,679700
13,436800
65,176600
3,135700
41,1155100
29,986800
142,653400
23,644700
4,163100
2,96700
4,147400
86,737600
3,122800
119,1645500
161,1173100
10,316000
2,100000
1,73300
1,145600
129,313800
11,364300
398,1100500
8,272600
59,1528100
36,955400
5,244400
1,90300
1,85700
9,294400
1,76900
4,165500
101,1302100
2,191200
37,1062300
1,80000
14,581100
16,571100
5,175200
15,429900
1,78600
18,570600
6,201200
2,118000
40,1134000
108,1309800
373,386500
54,1500200
6,241000
19,527000
1345,2378200
5,182600
11308,9354400
32,949100
25,704800
8,252100
2,108300
2,96800
176,1524000
1,75900
127,224600
1,117400
1,85900
301,1605100
1,84600
918,2135500
344,1197000
3,162300
340,1084600
19,537900
11,351000
3,123800
51,1407400
301,1648400
533,1538400
362,1718600
2,142300
2,101700
36,1013000
1,97000
15,458100
30,822800
230,1388700
48,1337700
13,449800
1,73900
2,99000
2,109500
33,991100
93,928000
9,325100
3,136800
1,75500
25,668900
6,197200
3,157600
15,516700
5,176700
17,598700
4,166400
41,1179800
19,825500
4,192200
7,232500
696,1056100
65,229400
148,1029000
25,879300
1588,2309100
110,1536100
10,327600
1,74100
2,146600
272,921200
4,192000
11,325400
1,95500
41,1177200
2,163900
2,122900
6,216000
126,193500
5,196400
126,256100
5088,3953500
4,193400
3,123200
9,273000
4,147900
1,70900
19,727600
13,464300
1,74700
7,254000
14,487100
24,722400
1688,1780900
2,113700
39,1288400
6386,4945000
9,316100
5,176200
798,2089000
49,1314300
3,148500
88,806400
3,145900
102,1116800
3,123200
1,70900
4,190800
435,409800
226,1271500
21,568100
218,1396900
76,516300
2,103700
1788,2686300
5,224800
240,1659200
4,156500
111,1352700
4,149800
4,146800
5,170500
236,1491600
26,758100
577,1000300
8,314900
25,722400
4,163300
39,1075800
33,1102900
21,761900
602,1648700
74,406000
1,74200
39,1038500
42,1160500
6,228100
13,392400
3,122500
38,1039400
1889,2238800
8,274800
38,982000
1,86800
36,959500
72,348500
326,668200
1411,2346300
4,153400
128,241900
221,1236200
2,107300
484,1635500
601,1585400
152,1026500
3,157700
2,144500
82,689400
31,902000
2,101700
1233,2363700
5,195600
5,177900
20,566600
2,105000
83,608600
2,116600
73,361500
72,369700
3,123300
29,789300
2,104700
618,2254600
88,791600
3,142100
32,871600
3,130900
6,196500
30,876500
621,547400
16,731400
3,129900
39,1089300
9934,8238900
3,151200
14,556600
9,294300
1,100400
122,1725500
13,390400
174,1495400
2,105700
43,1186100
9,308400
229,1410600
90,808800
3,133400
391,924700
7,231100
4,153000
563,666500
18,553100
235,1526000
59,1643300
5,178600
2,97900
19,529800
34,1025500
5,180800
20,585300
21,607100
5,173600
32,858600
5,201200
102,1254800
2341,3664800
25,1068000
1,103000
171,1521400
281,1129800
2,107900
2,118200
4,165300
2,108600
6,207900
5,182100
243,1846200
189,273900
9,283800
19,744000
122,1794900
1098,2332200
1,111700
101,1135700
43,1256100
48,1353800
273,945400
5,243100
4,150900
13,371600
1,72000
43,1299500
1687,1676800
3,130000
140,550900
25,769900
229,1338700
1765,2453600
2091,2818700
4,175700
7341,6411700
19,624800
117,1554200
4,196500
2,125900
43,1241000
453,975700
3,138100
17,640100
11,409400
3,140500
7126,7722200
6992,52923700
121,1710800
18,499500
518,1039100
1294,2352200
1,81000
51,1329300
14,427000
3,146600
2,99400
1,70500
149,763000
5,192700
5,170900
295,1557200
4,196600
480,1581900
52,1368700
3,122200
3,124500
672,2161100
19,535600
612,1895900
11,346800
45,1193300
14,414800
208,770600
15,431100
2,99200
2,97800
2,97500
472,1377000
12,370700
29,825800
252,345600
15,419700
20,626500
5,174800
14,420600
1,71400
19,525500
3,121300
1,70500
3,150500
3220,4033700
17,580200
8,259400
3,189000
32,862300
5,200600
67,239500
369,1806100
42,1203300
178,1596800
1,98500
16,475600
2,100300
55,1521100
7,225700
201,648900
5,196300
186,175800
9,293900
24,639400
79,570500
16,496400
8,252000
23,678000
2,128000
860,2201800
19,540800
4,149300
326,757400
381,609800
1,72100
918,1942600
156,983900
4657,3968500
429,1878000
3,175500
3,126000
17,470100
2593,3277300
4,182800
3,122200
29,818500
3,124000
5,199700
2,104200
1,71200
210,789600
18,518200
18,516800
129,263300
113,1383200
40,1056400
52,1353400
5,173800
17,479500
7,242100
745,671600
2986,2452200
16,474300
1160,2211400
53,1544500
4,154300
2,99800
16,537700
2,103400
6,217400
3,162600
10,325400
34,900400
21,901200
2,129900
306,1812400
118,1673800
30,846200
97,1009100
77,494400
9,264800
20,555400
104,1266500
2,100200
1,70100
6,198700
1,79700
804,2229300
17,461900
5,348100
1,112800
2,144700
19,683400
517,1086900
2256,2373000
7,244200
336,938200
282,1195600
52,1445100
8,268600
30,834000
3,144000
138,486800
1,70400
2,95100
229,1368400
712,1409300
516,968000
72,374600
24,644400
42,1354600
32,926900
170,1386100
2,141800
93,978800
116,1556800
158,1125900
353,1446200
20,546500
10,317700
3,136100
29,846800
4,148500
1,70900
2,103200
4,177900
20,601200
16,446400
6984,6800800
136,536300
3,151200
22,681300
1887,2431300
8,310800
81,581400
19,755300
2,100100
7,221200
38,1209500
546,1823300
2,109900
17,486200
90,827600
496,427600
78,513700
102,1344800
58,1687300
1807,1725500
8,257200
1,79200
2,144600
3,138100
105,1195800
22,781400
24,692500
111,1463400
8,272600
36,1099700
6641,6109200
45,1269800
4,163700
3,149000
182,1702600
165,1168800
3,149300
22,645700
111,1428200
755,911100
613,2151300
9,368300
13,419200
13,394900
6,210000
16,526600
18,556300
15,419300
842,1752700
3646,4231600
6,215700
6,318800
31,936700
12,356000
1,73100
1,86700
20,639800
2,108700
57,1768900
1410,2601100
199,733400
3,173100
13617,12412100
1,119600
3,136800
390,777600
3,123300
19,607900
1,97300
7,247800
318,496600
53,1493200
25,756700
2,115000
40,1184800
85,951400
9,324900
13,430800
2,99200
2,110700
36,1020900
218,1014600
6,248400
60,1554600
133,411900
1,73500
374,385000
34,929500
15,442300
14,399000
48,1275900
5,202700
26,766100
104,1319500
40,1096000
1,74200
22,626900
3057,3185000
1,104500
46,1238000
3,171800
865,2329300
32,912100
18,541800
1,80800
3,123900
1,72200
30,858200
37,1142700
35,1001600
3,128000
1,71800
1694,2044000
39,1331300
20,830000
1,111600
1,93600
1026,1761600
8,331100
25,908400
142,801100
2,124400
144,829100
163,1258300
11,327500
25,1023200
4,204100
306,1878600
1,83400
279,1111400
86,728700
126,192900
12,412800
82,625100
2,114000
7,224000
6,198800
5,196200
6,249900
33,894100
4,208600
20,685900
378,492700
3,128300
20,592000
4,161800
2193,2406900
1,127400
11,374500
1,75000
7,289500
5,198100
68,290200
370,2015000
82,701200
6,232800
481,1695900
8,294400
2726,3878600
60,1653700
6,205800
2789,4623900
32,996200
856,2008900
1461,2162500
3,178500
4749,4945500
2985,2911500
101,1173600
73,481600
13,483800
2,122100
2,132500
1,128300
42,1212300
6341,5640900
6,343500
123,1943200
14,428400
3,126700
12,348000
7,243300
4,173700
60,1723200
1,103900
75,526700
10,300300
57,1682800
3,191000
27,921600
27,832900
66,284100
48,1301000
962,1652800
46,1260600
487,1766600
263,737400
1,112700
67,303300
172,1524600
187,221100
1147,1683900
15,427800
14,409700
6,198300
11,354200
10,298300
805,2187300
2,100000
284,1177800
1,75500
29,812400
2,96000
102,1123700
12432,10456400
11,352500
1,74300
247,1779300
3,132800
1,83600
568,751100
72,346400
3,124300
37,1018700
2,98400
58,1599600
96,999700
16,441600
1,70500
4,154500
3,431600
4,180600
383,698200
83,629700
14,438400
24,681700
9,273600
2588,3187000
17,576500
1,77400
3314,3383900
6,235300
150,832700
19,566700
1,125100
1,88600
2,101600
289,1354500
9477,9131500
1,129800
23,739500
9,276100
13,371600
6,216600
22,723900
3,129800
2,99800
74,435200
195,474500
73,448200
2,98800
879,1010000
80,579100
774,1348700
68,235900
2,97000
238,2119400
14,518800
12,362700
302,1692200
58,1671700
6,215000
17,521500
5247,4971100
45,1207400
3,151400
455,954800
68,257100
1,88400
3968,3030100
7,258700
31,870500
24,693900
2,104000
217,1009700
4,183700
29,833200
78,553600
1515,2221800
4,190300
8,318300
47,1682900
64,209000
1,89100
2347,3340200
85,854100
1001,1068800
17,676300
5,291600
9,412800
17,669500
193,404700
15,429400
46,1360900
53,1501300
40,1102800
19,732700
7,300300
17,691100
11,385700
367,2181600
120,1771000
1,81000
37,1302800
14,406400
20,608400
12362,10465500
7,296800
5,204000
2,101800
102,1181000
165,1392700
1,97500
1,100700
3,168500
33,1128800
75,530800
38,1477600
17,530700
128,256200
8,317500
1506,1801500
9,306500
4,176600
1,79700
24,711600
4,205500
10,303100
54,1510500
3348,3346300
16,566400
7985,7640800
1,166500
1,102600
2,127800
251,475000
23,879500
17,659000
1,101800
4,217500
2854,2359700
2,155000
2005,2264100
2,103100
2,99200
2,98600
1,71200
37,1464600
4931,4576300
1512,1715500
11,353100
4675,4119500
10,307400
156,969900
105,1194300
41,1081200
25,1120700
11,401500
796,2198600
5,187800
29,834300
12,368400
140,575700
16,531100
12,401400
44,1229500
2,131700
1,76000
278,1035700
55,1581500
890,1328900
12,407600
522,1098600
493,2150600
271,944800
24,859900
1,98800
220,1060200
769,1666900
838,1564900
477,1673700
6,221900
1,102300
5,199700
1,82000
128,280200
18,510500
6,207900
18,631900
48,1325200
7,345600
2757,2869100
1327,2133900
292,1527400
2,111600
4,155600
25,756100
3,146800
123,1937400
4,151100
180,1659600
10,322100
3,196700
163,1185600
4,195400
74,460900
66,230300
4,234300
1,120400
52,1410900
36,947200
1175,2401500
20,799800
754,1013200
7,275200
16,494200
1529,2882900
13,409400
2,99500
6,198700
4,149100
3,124200
4,146600
74,483300
15,455100
6,212100
480,1623300
536,1490400
42,1251800
1863,2110600
3,182100
2,120100
8,307000
32,1073100
3026,3974800
1429,1213000
8,269900
1,91900
3,122200
34,911600
2,96300
185,1734000
6,366200
3,164200
223,1398200
37,1228000
1664,3026200
46,1614000
57,1633100
1,75500
93,1033100
18,495900
4079,4298900
2,106800
20,604600
10,349700
19,539000
22,762900
1,112800
10648,9447900
2,118900
7,247100
3,130700
193,368800
60,1602600
117,1519400
26,864600
23,745200
10,357600
1,100900
2790,2355600
23,778500
617,2580400
2,140400
51,1760500
2,141900
34,927800
1,72900
97,975200
2587,3203800
2,119900
3,128800
2,98300
1,71700
1,70400
17,512200
42,1116100
3,121100
1,94700
312,370100
32,919200
14,421800
791,2143600
145,730400
432,2004800
833,1347600
23,703900
31,839800
49,1306500
44,1229500
21,660000
177,1628100
1,99300
50,1296500
5,205600
356,1492800
7,281000
15,414400
583,1337500
26,784800
1,79300
589,1244900
52,1451700
13,412600
4,202900
16051,14967100
24,742900
69,278900
4,250800
2044,2986900
8809,7022100
566,702900
974,1851800
999,922300
115,1433300
8,267600
2,107400
48,1276200
2,95600
38,1065700
103,1195500
1012,1319300
1,74700
2237,1996200
2,109200
95,1024200
38,1350000
5,248900
30,968900
30,1048000
3,185700
32,1262800
121,1755700
9,284200
3,199800
14,479900
1,91400
3,155300
25,844900
2,107500
2,152400
9,277400
4,151800
2,101000
16511,13825500
17,541600
25,706500
60,1611200
2,151300
446,659400
7,241300
20,568000
33,899700
16,530100
17,495100
634,921800
118,1795700
24,679300
279,1055200
2010,2320200
2,99600
4,158300
733,2026400
119,1659200
1123,1073200
1,108400
647,1238600
4,190400
284,1248200
16,464400
10311,8842800
8,301500
2,103000
2,100800
6,244900
5178,4809600
15,470400
2,134900
64,169300
7,233000
3037,4540400
1,106700
2,104300
15,516100
37,1313300
8,271600
273,897900
15,420400
16,457300
4,183100
86,716700
3,148700
226,1242200
1,72700
484,1635800
3,123700
7,219000
2,94100
20,562500
14,417200
26,707200
20,584100
4,155500
8,245600
3,123800
232,1510700
31,888500
11,460600
180,1675000
8,308100
33,950800
82,752700
19561,17071300
8,342700
3,131800
2,113300
7,233600
18,655100
483,1829400
1,85400
47,1387900
99,1042800
2,107400
4,173500
6,198800
3,139900
33,899900
389,812600
239,1767200
5,180200
3,124800
7,271800
4,176400
1373,1312200
7,297300
6,244300
26,765500
963,1647700
4,175300
70,300700
4128,4117200
8,263900
581,1087700
2,98000
518,1085900
4,198500
4,155900
6,200400
93,997700
81,665700
744,598200
11,327800
16,623100
121,1644500
119,1525700
1689,1768200
3,172200
3,145600
77,538400
4,176600
6,200700
1,71700
3,124200
2,156600
8,329500
104,1437200
134,452400
2,104800
123,1788700
99,1100300
318,515900
1,122400
36,998900
4,223400
31,949700
13,421300
15,452700
239,2077000
41,1114500
7,228800
4,225200
20,641800
695,991200
8,307300
48,1307000
683,610000
5,178100
15,463900
386,701500
20,545200
3,142700
1,70100
2,94500
114,1411700
136,484600
44,1169400
179,1771900
1963,2576800
14,470400
7,221900
307,1785500
1,72200
76,477000
2,113400
1088,1723100
8,288700
9,269600
2436,2298500
1003,1173600
7201,5808500
1,163400
22,672800
106,1302500
2,143300
285,1218600
3,123800
36,1021900
28,835900
22,650300
3012,3352200
92,924200
215,927500
12,416700
71,353700
264,813700
3,136200
16,496700
3,129000
12,441600
25,673200
10,405800
26,800900
5,181200
8,247400
5,175800
41,1185200
5107,4398000
4,162300
1,73000
14,410300
23,813300
777,1451000
3,127200
332,835000
541,1613300
277,1181600
113,1506800
38,1089300
5,237700
18,504700
6813,6145700
256,444100
1,73100
3,134100
740,2026200
18,692700
991,2520200
15,469800
61,1926000
6,233700
40,1112600
16,509100
160,1042800
3,162200
20,613500
68,251300
56,1544300
15,425900
500,599500
1,96000
206,715200
285,1240300
33,992500
2,118100
6472,6009000
130,362500
976,2023800
213,979100
8829,8037600
4,181400
83,730100
3,133700
19,547600
39,1123200
29,822200
136,537400
150,810700
3,124000
21,653700
1,96200
8,246200
38,1064200
20,551200
905,1830800
18,529800
7,250700
5,174100
146,714900
5,175100
105,1229900
5,201000
11,351100
39,1127600
17,527800
59,1630700
22,806200
262,791800
78,523400
5,196000
2,101100
17,485800
8,260200
93,925000
182,1705600
19,557700
3,145200
6,215000
42,1130800
194,396500
4,168400
1727,2883700
5227,4746000
40,1109500
9,307700
231,1355200
1,74600
200,579900
86,708400
69,283700
260,557700
8,291300
6,324100
123,1811300
17,518000
77,516600
134,391700
2336,3293000
61,1935600
50,1760400
23,799300
5,225200
21,725500
19,673400
79,674000
3,157400
4,188800
16,613900
40,1407600
80,726200
342,1374100
8203,7521900
480,1731300
3,178400
1,79200
8,287800
4,159700
11,321800
8,249500
139,530200
8,275200
139,503800
65,161200
1,70400
19,618500
15,434300
3,144600
153,923300
28,839400
22,793700
8,288000
5,183700
24,683700
98,1141100
1,93600
1,90900
804,2387900
144,661300
264,653800
2801,2480000
16,607600
18,571100
10,299000
6,195100
3,129600
20,569100
1,73300
3327,3853700
2,103000
9,268700
174,1803400
4,171500
245,2123100
9,339600
10,309700
9,278400
5,176900
60,1774200
73,392600
12,370200
1,72400
8,270900
1222,2076300
41,1112900
2,128300
1,71600
2,109700
24,669800
6,198700
50,1419900
106,1315800
1,90600
49,1327900
4,173000
1,93600
1,87900
3,166400
2,224500
88,973500
10,334000
9,336500
6,233700
45,1554300
814,1045100
14,560600
47,1284200
7,248400
6,286100
16,451400
20,571300
47,1333100
6,242100
455,956800
4,159400
10,372300
336,957200
296,1521500
2,100200
85,703800
28,835500
23,914100
1131,1397400
4,167600
1513,1830000
3,147000
1120,1234300
3,161700
45,1219100
2,99400
30,810900
2,101900
29,948900
5249,5175300
8,281800
2,100100
17,630500
9254,8492100
136,502600
44,1281800
1,126600
6,221300
327,754500
6,239800
4,148700
7488,7345000
5,193600
4,175400
142,623100
26,784700
11,430500
4,178100
248,232600
22,615100
2,98400
69,285800
411,1331100
1856,3292500
15092,12123600
9,313600
1,82500
80,529200
2,112900
522,1067000
130,301700
4,199500
68,337100
905,2002100
150,909400
11,360300
3,125000
1,80300
2,146600
1,100500
142,619200
7,235600
3,136200
19,570900
1042,2177800
16,474500
13,400000
16,451100
647,1240500
879,972900
1,72300
12,404000
303,1719600
4,146700
45,1291400
4,192600
1,74200
587,1367500
1,82200
5,177100
759,1144600
15,474600
11,326200
14,454200
46,1254500
2,117300
21,702300
458,1040800
3,132900
17,491300
50,1302500
2,107200
6,215100
14,428700
2178,1869100
94,885800
2,106600
70,316100
1,81100
3,161200
151,818700
3,123100
166,1373500
152,918600
25,737100
11,368200
15,544400
5,199000
2,131300
45,1271500
4,390900
621,620200
2727,3857100
2480,1851700
1,127900
97,1275200
4,190000
3,155300
9085,8888700
6,248300
100,1071100
14,497900
341,1221200
61,1675200
254,353700
1,104300
31,1017200
10979,8645200
5,193700
4,148800
365,1712100
4255,4221400
4,199000
1,73300
5,182000
424,1700400
12561,11129900
16,637800
3,150200
56,1581100
1,86600
10,315600
10,332200
9,304700
235,1451200
191,344600
6,199800
6,200000
61,1681000
3,143200
2,96200
5,180400
5,174300
767,1286000
524,1209400
15,436000
2,107100
27,763700
4,151400
7,237100
427,1759300
6,226400
1,74000
246,1773200
4,153700
306,1757900
33,903000
4,165300
161,1107100
29,792200
3,179300
1,77300
14,420700
2,98800
2065,2145800
1,77700
18,554900
26,715900
8,259300
198,533500
3340,3904300
8,247500
94,976200
17,469100
47,1291100
1,71100
11,315100
7,217700
142,636700
16,508300
1,85300
4401,4988300
56,1506400
1,94500
129,274400
49,1300000
4,170600
173,1360400
71,363600
374,393200
4,149700
40,1087300
1,71900
52,1385300
46,1231700
1009,1281900
10,300800
11,406900
1,83200
2737,2369800
181,2218200
1,91800
4,253800
3,148400
250,324100
71,331500
106,1271900
5,203200
91,822100
28,891500
31,799400
35,1004000
264,762600
1,82200
15,440000
335,912700
5,190600
15,452100
7,235700
9,320900
3,132900
264,636200
14,416400
5,241100
933,793800
32,1059900
13,659700
1000,1191400
53,1577600
6,225300
2,98200
2,130700
319,546000
25,677400
21,643800
2167,3123400
14,475200
8602,8298100
4,219200
21,797000
2,114900
2,99800
8,419300
7,243900
1,74700
17,503000
7,230400
2,134100
50,1529700
51,1457300
655,1477300
197,529000
140,545400
748,724500
4,189900
3,125500
2,97900
203,616700
5420,4906600
13,405800
102,1159600
5,176100
26,831700
4,210000
24,655800
257,510400
16,486900
2,108100
614,1898200
27,770000
1263,1692700
2,122300
1711,2455400
2,105700
1,71900
5,212800
70,334800
846,49052700
178,1613800
9,270800
8,299500
856,2005900
1,80400
43,1172200
19,586200
43,1144900
2,115600
95,977000
174,1448700
295,1486800
5,202600
1754,1819500
7852,6938800
221,1096900
540,1618700
7,245200
94,945900
132,354000
1415,2451300
13,378900
19,564300
428,1894500
3,205500
11,439300
19,537300
7,228000
4,224800
30,866900
72,394200
2,98300
1,74000
7,234600
14,464000
2,99600
1,72600
7,289400
1,89400
1581,2618400
43,1420000
22,715200
19,552200
5,169900
64,145700
8,241900
1,70400
24,860500
4,189700
253,500300
462,1238700
55,1851600
6,240800
1,73900
81,777600
39,1158900
31,855100
135,424900
32,995600
44,1234900
20,677100
15,431800
9,288700
1,72800
1,83200
12,383800
2,108500
2,116400
172,1421500
32,860400
9,266200
1,81100
8,258700
5,227700
3,126300
11,407400
12,346600
30,881300
1,89300
1,86100
32,867800
416,1545500
9,334800
1,108700
4,263100
148,833700
1,73700
5,176200
3,124700
4,156000
24,727100
380,597600
1,78400
5,177600
206,757500
1,87000
3,138900
2,103200
854,1904700
27,754100
5,176800
555,1894800
45,1196800
5,181200
122,1740500
14,395000
31,876600
2,103800
79,561500
18,493900
36,1094200
2927,2598100
602,1661300
424,1694000
202,772400
17,610800
2,123600
15,567200
15,527800
3,232800
264,779200
40,1389300
3,150900
48,1622800
3,160500
8,332500
7,283300
23,782700
24,824600
2,110900
1,74100
26,745800
7,235900
31,845300
319,563300
53,1373600
6,196700
22,679700
55,1477700
6,254900
151,820900
1101,2131800
72,355400
35,956000
11,345900
20,570300
26,728200
3,121600
42,1190100
69,284800
7,230800
27,854900
14,465800
15,440300
3,135800
22,812200
59,1581200
6,200500
4,148400
9,287500
41,1121900
37,986600
30,823600
3,121900
3,120300
1,69900
13,385700
59,1698700
2,128100
774,1466900
2,140000
3,136800
1,85900
30,852800
81,654700
132,341500
6272,5625300
3,165100
192,376300
123,1706300
1734,2825900
1,76100
7,232300
12,385500
28,803000
1,73800
2,99100
72,345500
578,1100700
33,864100
7,276100
18,529900
24,689400
2,94800
28,859800
1,98200
427,2008500
6935,6573400
4,187400
4,153500
11417,9012200
3685,3556200
4,174000
15059,12522900
6,236600
9,290400
11,356200
5503,5367700
2303,1978000
2,101100
80,581700
1746,1607000
7,260400
37,1195500
25,759000
46,1275900
25,733200
4,166900
66,199500
25,820900
2,104700
29,812600
4,151400
1,71600
19,552900
117,1660900
28,1034300
15,545800
20,760300
2,123100
11,414900
4,156200
681,2122100
61,1633800
358,1574400
69,273400
3,145000
106,1258100
3,123900
1,94300
4,270400
46,1247100
35,1315800
4,167300
2,99500
1,128700
64,161400
85,810100
27,751900
1,77200
61,1704500
1,91500
3,125800
1,71300
25,699100
14450,11304000
1969,2916800
126,226700
1,71800
7,245500
1,70500
2379,2390100
11,326900
16,481500
2,145700
7,251000
28,748700
106,1336100
18,537100
6,234900
7,236600
47,1295500
1,77600
4,161700
8263,6879300
144,668600
3,142100
8,261500
7,266100
23,653900
4,161900
4,175300
22,644500
8,256900
14110,11506600
1,92800
1,74400
1,72600
1,71500
69,277200
9,312700
2,136600
24,949300
1,80600
1250,1430700
101,1191000
5,179000
1,72100
648,1297700
5,193700
440,578200
6348,5847500
40,1145600
120,1600200
36,1014400
43,1292400
7,237400
10,293200
3,122300
646,1408700
376,516000
81,764100
239,1637300
3,158100
821,1127100
139,590100
38,998400
87,777800
9,305100
3,144900
1,72400
36,986800
8548,10082400
54,1511500
7,225700
1,70600
2,145400
89,1067300
52,1463800
17,470200
4,148700
1,83800
16,496400
5,209500
433,1956300
48,1502700
110,1442700
85,687100
2,106000
8,336300
1,91000
2,98900
23,638000
3539,3069900
138,504400
21,680400
4864,4509900
45,1323400
3,128900
19716,15203300
3,169800
163,1235400
8,273600
9,366400
8,284800
1167,2334300
1,93800
1,71900
28,876100
1185,1309200
31,893600
15,459100
20,585900
16,448100
1623,1997900
207,819900
13,379100
223,1356900
7791,7126800
5,210800
5106,4375800
7,307800
10,367300
230,1412900
1,96000
1,73600
483,1770200
247,1871700
1213,1913500
19,707600
39,1187900
53,1898200
1,126800
21,759600
3,174600
3,169000
3,155900
2,141300
350,1655100
4,191400
42,1410000
5,192700
87,750000
254,365900
32,949500
3,129800
7,223700
2,107600
41,1127700
566,654600
4,174400
4,149300
2,96800
2,95300
2,123000
5,194100
47,1223100
19,569800
2,98500
308,1825000
63,140600
2,144900
299,1803900
5,179500
2,192300
6479,5850000
163,1235800
31,845400
1,74300
1,101800
17975,16296500
2,144300
11,409500
2,114000
66,258400
9,363600
305,1984400
3,148600
6,217900
1,88400
1,132600
8,344900
419,1932500
88,825100
68,350100
168,1300000
9,308400
1,85300
3,124600
33,868600
264,784800
27,873300
202,710100
7,265300
1,85000
26,697000
58,1542700
1,71700
21,599600
4,204000
22,591300
227,1497900
233,1566200
123,1812700
2,121600
2861,2465000
80,568200
4,151700
159,1078200
6,208400
1379,1454300
473,1382900
69,264000
20,565400
2,110900
124,133300
6,252900
19,522800
50,1520000
2,102900
32,1276900
192,373100
19,579500
2422,2139900
1,128000
562,687200
16,446700
661,1620300
453,889300
11,354200
9,271400
4513,4710100
152,901100
3152,3710500
5,174800
3,124000
2,103100
2358,1897400
829,1240300
371,2040200
5771,4932800
18,612300
38,1180500
42,1221500
1,78200
22,662200
3,126500
3306,3156200
26,765400
1255,1338400
19,796800
10,314800
10,307700
109,1371900
7,244500
2484,2207600
1463,2165500
9,316100
13,433400
19,558500
310,342700
83,646100
2,113700
11,325200
148,846300
9,306600
4,150800
4,160200
6,210100
139,615600
1,96200
38,1004000
3,192900
55,1537900
2,168900
2,125600
59,1821200
17,492300
85,748600
50,1320000
2,156400
4,187900
2,100300
588,1311300
2,128600
8,258900
22,627900
2,114600
668,2217000
52,1785100
25,869500
1494,1542700
2,118800
147,702200
74,415500
4,148600
9,286700
28,736000
64,144600
1,79100
2,100000
2,139800
1020,1649300
3,148400
406,1224400
37,1091400
6,208400
858,2410100
30,1058100
17,634000
136,495000
3,132200
11,322900
9,357300
71,402600
139,518000
2,98900
6,367400
130,328400
2,100300
342,1118300
449,913000
3,164100
18,521000
1,87900
253,375500
3,144400
49,1329800
9508,8734100
102,1325600
214,935300
545,1768700
13,380500
27,750600
286,1243900
29,834900
6,203700
637,989000
28,778300
475,1827700
8,332600
41,1211500
321,665700
3,141500
59,1651800
4,162400
3,127200
2,118300
177,1666300
37,1073400
1,88500
14,424700
47,1285900
4875,5912200
12272,11715700
2,158900
18,550400
254,416300
88,863000
13,390400
4,151400
8,255300
3,129600
61,1624800
3,156800
26,858200
7,315100
172,1437100
22,847300
128,272800
27,743200
3,134700
19,560500
435,378200
69,365400
1,86900
1642,2224600
4,165600
54,1558800
17,503600
1,74300
72,437000
2,106300
3,136500
18,523400
3,125100
74,416300
42,1452000
83,746400
17,648200
1674,1971900
33,1147000
3,157400
83,968100
388,928800
8,324600
70,367800
3,129200
31,849900
1,74200
168,1378600
217,993400
12,496400
17,539400
15,424900
475,1486600
109,1430000
3,128800
36,1058700
17,485000
161,1144200
314,470000
250,283300
11603,9681800
1,171800
19,607600
241,1703000
39,1135900
3,184700
32,945800
224,1482800
6,262000
333,1206900
3,237800
11,335500
5,185800
3,201500
11,448400
5,206600
21,585900
1,72800
4,194700
20,741000
27,737800
11,364400
4,161700
12,386900
968,1948500
237,1667000
14,546800
23,986800
1402,2242400
16,544700
55,1824800
8,277200
1,74500
40,1110000
198,558500
1541,2749000
11,337300
13,412400
5,187900
2,101100
559,511600
26,957800
29,1006500
58,1899700
15,532400
293,1625000
14,469500
25,723200
49,1431000
24,679400
8,267800
2,101300
13,393400
2,115900
1,71400
96,975000
25,705900
308,1862800
26,712900
201,628300
710,1261400
3,150200
16,516100
6,204000
1104,2165100
18,518300
13,462200
6869,8296100
3,171200
33,1133100
936,1180300
27,971800
142,615000
1,74000
60,1682900
100,1147500
214,942700
44,1386900
10,398200
3,145600
14,504700
3205,3520400
5510,5870500
12,454900
5,191400
108,1400900
265,708600
46,1429400
2,119800
244,1855700
2,113700
7,228400
1,72000
47,1346300
14,430700
5,187300
37,1014300
10,303900
1,88500
3,144900
61,1888200
2,148200
436,439700
71,342900
3,206600
7,290600
29,965300
2,118700
893,1375500
2,103100
180,1717400
79,638700
23,713800
5,302500
122,1700900
38,1021200
116,1562200
3847,3464400
1,97200
1,86900
20,691100
2,130400
398,1038600
1,77700
34,979500
24,713000
96,970200
26,805600
3,139200
54,1633400
2,116500
8,326800
84,768900
2,127900
404,1369300
2,122800
2580,3798000
91,974000
79,558200
316,500100
57,1720700
4,163300
1,88300
1843,3074200
35,1185000
48,1662000
16,567100
22,676800
142,680600
3,134300
53,1550600
1,80400
131,369600
3,147600
6,210900
169,1360300
183,1838500
134,485000
179,1794600
1814,2032300
49,1312800
1,123200
8,332700
15,721900
2,126700
171,1497100
1296,2433200
1,76600
3446,3566800
674,1937400
4,156000
57,1533200
8,250400
1024,2068700
41,1147300
74,465600
39,1329800
36,1285600
769,1673100
21,786500
16,604200
1,125100
30,865600
728,2209800
99,1305500
5,289200
5,197100
4,221700
334,997000
5621,5775800
46,1448000
85,706300
3,146500
6,203700
27,772900
1,73900
8757,7341100
1,113700
441,562900
1,78900
690,834600
2,108500
40,1275200
2,124000
13,582200
15,456900
5938,5733400
5,251000
3,188800
8,268300
815,898200
637,989100
6,202800
2,115000
78,556600
241,1987500
4,168200
5,179300
5,264200
23,680700
10,353000
3,139400
121,1947300
27,806800
4,203700
46,1347700
3,212700
79,909600
20,600600
3,206500
3,146900
21,606900
5,175100
9,320400
3,124500
2,233100
2,108200
35,972300
54,1589100
60,1613200
33,966700
1,95200
3,133000
8,245900
52,1550300
3,172600
54,1769700
367,1996200
1,136100
52,1409500
22,765500
7,298600
4442,4661900
6,209500
32,981500
35,1064300
116,2067400
28,982000
2,142900
50,1616000
210,1125200
1,76500
3,140100
31,864500
4,161400
6,243500
2,110700
166,1241400
22,635300
70,304600
97,1121600
13,388100
5,175900
36,1042700
38,1123100
3,143200
1,91600
631,801300
1,88100
384,673000
23,660900
30,819600
45,1310500
114,1562800
64,169200
5,186000
2,112300
625,674800
155,998300
95,956700
585,1266700
5,200300
3,126800
2418,2012200
2,118600
2,100600
21,614600
50,1371800
3,136900
75,419400
205,803300
2221,3259400
4,254500
38,1070800
3,132200
38,1240600
66,217600
111,1405900
136,512500
41,1093500
7,225000
52,1491200
5,228900
2,137500
312,396300
32,954600
47,1353800
16,480700
128,276400
43,1391200
90,911000
38,1217700
50,1555200
2,116100
10,327300
1,76200
31,902700
1,78700
38,1061000
20,562100
334,948900
11,334400
37,995600
81,589400
2935,2791100
2,156000
271,949400
8,311500
45,1240800
11,385500
3,172400
23,645600
56,1787900
92,1021400
3,144200
50,1411800
133,524500
1,88800
2,103400
845,1834000
18,516100
44,1268100
1,77400
6,234800
6,255000
2,115300
68,312200
29,795000
2,101000
74,414100
4,149300
9,354300
448,857600
2,110800
679,2109900
63,129800
3589,4675300
19,614500
1059,1116400
3,134100
4,152100
575,1037700
300,1630300
40,1155100
18,500300
1,72700
5,182000
746,855200
1,94100
1,105800
2,126900
31,972300
345,1212000
87,765500
8,258400
150,1214400
2,171300
38,1189300
612,2370600
13,420300
28,800300
20,577600
6,210100
3,129200
3,144900
11,343000
6,219400
5,192100
40,1342500
122,1783600
5,199300
20,589400
4323,4684000
1844,2663700
1,101900
5,193200
111,1348000
9,282800
2,106600
22,655600
1232,2743100
16,470100
4714,4316200
2,149600
10,324100
2,119900
38,1241200
2,110200
762,1100900
4,171400
166,1266200
8,312200
3,138500
1259,2074900
4,323600
10,382500
4,189200
2,136900
1,90700
4554,5385000
207,861600
138,570600
22,711900
140,849000
74,511600
34,1032200
34,1299000
1,141200
5,210900
2,125600
1,125300
11,490000
761,1323700
6015,6446400
20,719600
10,395000
48,1578300
15,801800
10,388500
831,1418600
74,540900
3,130800
41,1119400
52,1652400
1775,2347800
1,76300
56,1520500
24,682600
149,816900
2,100700
9,320400
8,453900
179,1620100
1,75000
2,98700
1796,3285000
206,764500
522,1346300
8,333500
7,283600
12,441200
20,713400
57,1859700
28,971200
55,1674700
12,403000
3,123900
1,71200
7,219200
53,1615500
27,787200
2,101500
126,215400
8,267200
8650,7924200
7,273300
843,1599500
9,277700
2616,2480400
145,726500
3918,3488800
132,430100
5,199700
39,1070600
21,689700
31,869100
2,101000
78,617400
2,133000
76,457700
6,214400
24,741300
31,915000
2,99000
2,98100
147,860500
423,1680200
437,428200
5,182000
787,1839100
103,1223100
8,265300
755,959700
12,358700
2,97900
36,1246600
375,417900
76,632300
201,771100
146,1028500
27,830600
112,1607500
10,313700
7820,6392500
2,120600
2676,2448200
3,173500
21,579800
2,106400
40,1250900
943,1110300
12,454500
19,558500
4,164400
2,120000
64,200900
23,710400
239,1706900
1112,2688700
1,78900
83,631300
86,873100
3,135700
8,265100
12397,12181200
22,670900
20,675100
3,176300
3282,4220400
29,986900
12,430800
29,832800
1,108100
10,431200
19,646000
2,111900
10,347700
19,606800
29,989200
74,634800
16,637900
5,241600
234,1687900
9,293100
7,299700
116,1645000
14,453100
1,76700
215,1255500
6,253800
2,160500
4,166600
2,109500
204,696800
25,899600
144,725200
6,204400
5,295500
5,294600
1132,1812000
3,203600
3,177000
42,1467700
4291,4701100
21,743100
92,1107200
271,981100
6,206500
96,1189900
11,792000
3,237800
810,1032300
233,1600400
644,1428800
9,418200
12,488800
4,210700
21,731700
10,356100
4,169500
2,98300
2,97800
10,304300
2,100000
96,1091600
2,110000
227,1340500
4,167600
106,1437700
41,1311400
2,127300
475,1670400
1,80000
48,1485200
553,2129800
22,761100
45,1428000
372,351800
87,792200
1,100200
2,102300
47,1342900
504,646000
15,426200
102,1269300
34,1191500
4382,4842400
1,138900
7,354300
156,1030300
229,1487100
99,1099600
8,296400
3819,3985900
47,1257000
1,90900
462,1309200
9,307500
96,1025800
14,434500
8,259400
288,1423400
443,711100
2,119000
32,1066200
78,500100
72,462200
3,164500
15,583200
15,535200
431,1955900
5431,5240400
67,251400
79,539800
20,600600
1,79400
107,1356700
527,1314200
30,922600
12,366000
4,152100
30,837800
2,97800
9,303600
15,457200
1447,1776000
2231,3374400
399,1238600
2,99900
6,199600
1964,2581700
7,363500
1224,2341600
3,172000
30,896500
1,75300
183,1871600
1,73800
46,1380800
36,1041000
5,188400
4,152200
3,127000
633,900700
123,1825200
30,913300
5,179200
74,410500
2,100700
9,391600
2,121300
1360,2900700
2,118000
19,649100
43,1289400
178,1746700
2,157400
3,166200
1,78800
2195,2568700
145,756000
128,324100
4,187400
16,504800
1,74400
55,1560900
839,1678400
2,106300
1,75300
1,74300
2,118100
29,923800
1971,2859400
46,1554500
2,163800
26,833500
7,380700
1,85200
114,1566800
37,1096000
3178,3400300
5,243500
1,77800
3,127500
11,476000
390,880200
56,1699600
5,206500
359,3869600
5,865300
37,1348100
17,511900
19,581500
191,350300
21,601500
2,100600
64,225900
26,893300
19,548400
6,692600
209,2654600
2081,61085400
200,616200
47,1314300
72,418300
6,265300
88,786200
38,1079400
1,74600
69,298200
26,694800
22,699900
123,1703500
1569,1763900
44,1334600
10,325600
3,123600
7,222200
3,130100
16,457800
96,1063100
4,152700
185,1741400
6,272100
47,1308000
12,369800
8,275000
29,792400
94,955100
4,152700
2,139600
1,121300
1,119700
33,897000
58,1630800
3,161800
14,399900
3,125800
202,587600
85,694100
14,417000
2626,2641200
16,481000
1,93500
352,1399600
13,464200
31,1104800
3,212200
85,712200
15,422600
2,99400
22,669000
838,1722300
124,165000
63,124800
2,104000
23,714300
518,1023300
39,1188200
2,107600
3419,2823400
1,79400
624,653800
3,186000
5256,6154100
3,178900
9,370900
10,382300
2,130000
295,1564700
70,323000
14,467200
16,476500
40,1296800
8,301900
10,307600
4,149900
2677,2341100
39,1136600
3,123000
1,70600
23,681400
55,1515500
10,371800
76,498300
6,206400
5173,4861500
12,459200
1,124400
6,209800
958,1614800
1,112100
1,103600
4,205100
1783,2583100
3960,4592800
19,602900
2,110600
2,123200
270,791500
1459,2135300
17,542800
143,672700
3,130900
1,75300
8,253400
96,1384000
2,114200
49,1540900
8,348800
59,1833600
667,2274000
6,293500
76,501800
5,204500
7,227800
26,792800
3753,3943100
1,170300
12,405000
4,156500
9,283400
12,354600
11,435000
8,290000
2353,3949000
131,354500
97,1298700
4488,5340400
3,207800
4,209900
22,887900
22,880900
1,99400
4805,5547600
87,892900
11,491400
160,1118600
355,1541600
24,743400
4,161600
1864,1722200
10,354800
197,483900
95,957000
15,465000
2,99600
34,945000
119,1596500
1,80600
360,1761500
37,1109600
15,510800
115,1492300
50,1381300
4,152500
4,151300
51,1378200
2,101000
3,123700
116,1716400
4,161900
3,127200
2,166700
1,117800
219,1188200
13,485800
91,920300
1178,1149500
287,1322300
259,588300
9,328400
294,1476900
7,268400
807,710400
4,152200
1,73000
5,187500
3,136700
5,175100
1,84400
1,76200
16,479700
108,1350900
4,182100
4,149800
8,248100
3862,3651900
67,250400
34,933000
9,273000
782,1932700
82,778000
11,437400
2435,2975000
231,1666500
1932,1943900
2,110100
16,465700
2628,2726800
12,370500
14,565000
376,661500
54,1636800
48,1362200
416,1550400
9,341500
4,163100
7,224500
1,71700
188,297800
4,156700
40,1073500
12,420100
13,414600
2317,2681400
9,311200
81,572600
426,1712800
53,1456900
14,410300
3,128000
28,774400
50,1438900
147,748100
4,216200
20,602400
7,227200
3,125800
3,124700
1,71900
6,209100
53,1587100
35,1096700
13,404500
1,79900
9,302700
4,161400
7,226700
8,291900
1,86400
436,416500
14,529200
18,540900
1,72400
6,200100
13,404600
4,147700
386,663900
4,203200
1,82400
4,149100
2,97200
10,306300
1141,1547600
605,1673900
11,335200
812,913500
17,477900
1,72400
147,839000
1,93300
7711,6729500
72,395900
4,154300
75,430400
4,165600
1885,2144600
1245,1184600
4,155700
4,151100
2,102300
11,331700
233,1577800
2282,3192600
18,903500
123,2061300
2,146600
36,1241100
225,1511500
38,1286500
27,954900
5,273800
16,572500
98,1026900
4,198200
6,290500
9931,8557800
542,1831500
15,520200
15,479200
32,913600
6,234200
681,2173200
1,109400
2,124300
16,485200
17,521500
577,977200
12,424400
8,253000
9,273800
13,395900
1,84700
2,105600
15,459500
2,104200
155,1015300
161,1446100
282,1353000
356,1721600
5,267200
32,1182600
733,2080500
17,515500
4,154600
118,1618700
3040,2380400
1,103900
2,133300
299,1834900
4,191800
89,834000
8177,7417100
5,206500
55,1641700
2,125000
1,90600
13,483800
9,326800
257,478800
56,1483100
17,467600
102,1418300
3636,3964700
13,453100
87,767500
4,162800
5,200800
2,99700
158,1269000
25,750300
6,231000
9,272300
71,336900
39,1174400
122,1828200
27,947900
13,504500
3,164200
77,614300
128,345400
40,1118500
4450,4798700
14631,13347300
8,276800
22,735600
1,78200
17,524300
21,606000
5,202900
794,1909500
1688,1655500
2226,3087800
3,149000
2841,3691000
29,824000
130,347700
5,250600
2124,2054900
26,751200
1,86400
5,205000
738,2046600
6,202000
261,582300
18,533500
62,120300
1,116400
49,1345100
5,176600
2103,3261500
15,494300
46,1631100
18,743900
4826,5189300
63,138600
112,1767300
6,295000
16,560600
16,510600
2,163100
11,437600
4,192400
1307,1471700
15,447000
87,835200
31,897500
56,1741200
4,161300
19,575000
36,1099300
33,908000
192,505000
12,475900
1772,2569000
538,1658200
2,104000
1,91500
2,99200
3,124200
6,199400
186,182600
830,1686100
14,526700
2,125500
49,1465100
2,107500
45,1401300
6,227600
1,84300
2,110900
101,1476900
3,126800
4,167500
4222,3921600
11,374200
72,352000
25,735900
13,382100
3147,3897000
79,578000
2,108800
23,723800
1,99200
15,424400
174,1605100
119,1591600
107,1366500
96,1014600
433,2054600
21,583700
68,363700
10,331400
108,1421600
17,554400
5,173600
3,141800
115,1596900
1,72800
46,1266100
1,72500
1,87200
8,247200
2,110400
94,1069200
96,1199300
84,855000
18235,16717100
43,1219300
27,739300
6,211100
468,1261300
3,145500
733,1874400
183,1891000
6,219300
24,776400
3,131700
5,178100
7,232000
21,754600
111,2045400
9,320000
444,753100
3,162800
71,361200
9,282000
105,1254700
2,113500
1,103800
1,72900
29,895000
3,134700
256,478100
91,889600
243,1886200
139,552500
413,1412000
68,323700
2,115500
1507,1785600
106,1295300
205,736500
7,225900
14,408300
206,852300
4989,4825100
563,735000
126,284800
547,1870500
11,364600
5,171400
1,71300
76,678200
6,278600
12,463100
3,184900
1070,1484200
9,292000
2,109500
20,714100
27,766400
9,282600
47,1347900
106,1359900
52,1479900
11,338600
669,1999500
106,1301100
4,191000
2,108900
212,927500
163,1344800
26,742100
19,602000
71,328800
131,354300
3,138000
28,836400
40,1061500
1579,1941300
8107,8047200
1,121800
709,1333300
8,279700
29,848300
7,277600
4,159100
13,418400
131,355500
4,156300
1,72800
2,105600
8341,7525000
9,410700
4,180000
15,430000
28,1047500
14,418500
46,1286600
106,1557300
18010,16278200
45,1649900
292,1404000
17,671700
2016,2454000
13,457500
1,78500
2,109700
4027,5361200
447,1059000
5,256800
445,795900
19,617500
238,1855600
48,1310700
67,221200
6,251800
3,126900
18,527900
12441,12019000
15,536500
3,154700
1307,1150600
1,80600
1627,1837200
4,302700
422,1971400
65,181500
1,76400
69,302400
52,1518500
15,467500
43,1156300
67,274800
1194,1398100
141,582900
63,115700
1,92500
1,78900
4,149300
461,1147000
809,938900
1,119100
3767,4356400
3,165300
244,1908200
2,108300
3292,2741700
2,145700
239,1668800
6,259700
119,1654700
2591,3422900
1932,1969900
33,1243900
12,391500
4,154800
16,484700
327,887600
24,707200
2,101400
9,316100
4,153400
1,86600
8544,8157400
272,1063600
10,307900
5,189100
11,355900
16,562700
6,213900
130,310700
87,933000
6,269000
1116,1064500
2,143500
44,1273000
48,1511500
84,742900
1,88700
2,142100
108,1361600
337,1043200
3,126200
31,923700
1,100600
51,1386200
4,221700
246,1865100
14,432500
10,339700
2,139800
199,622700
1,279200
2331,3789100
1276,2719900
271,1053700
255,505900
14976,12649700
1627,1885100
5,252100
55,1924100
1110,2400200
39,1070700
2,101600
29,862700
3,124000
36,1056300
69,386800
31,854000
41,1131600
1,74700
2,113200
29,1062000
41,1131500
2,107400
3,130000
6,197000
269,800200
47,1364300
15,447600
1,82200
25,794400
5,243600
620,617700
284,1231200
867,2287600
2,108000
1,71200
9,269400
57,1503800
51,1470600
18,511900
14,460000
32,905800
142,595700
8,265900
372,323100
202,610100
5,263200
7,296500
3,154400
38,1286900
1,97900
9,338000
37,1247300
18576,16678600
64,276900
183,2017000
9,291700
10,322400
1,91000
1,89400
1,83800
1,94700
14,522300
17,627900
2,106700
10,307400
2,100600
13,376500
42,1223800
3,144200
32,858700
519,1074800
13,446800
1,87100
1,97100
38,992500
10,334100
1,74100
537,1512700
31,828900
11,319800
16,483000
2,103500
2,96900
32,844100
665,1701300
89,775700
4,146800
3,128300
2,102100
15,436200
32,862300
19,529200
42,1337100
51,1406800
190,284400
19,536200
161,1137800
19,572400
7,234600
116,1823900
3,137500
43,1214700
62,101600
3,125300
3,122600
1550,1235600
39,1057400
12,402500
30,859600
45,1217400
4,184500
1,81000
7,254900
2,103500
11,326900
323,821400
6,208600
133,399900
2113,1927400
162,1160300
68,264400
9,276700
16,458800
49,1345700
587,1186100
4,147100
7,239700
4,159900
460,1052700
2,120000
14,408400
1,78700
2,110000
3,122000
4,146100
31,887400
234,1518800
25,811200
7,269600
14571,12035700
2,132600
1,89400
27,836700
156,970400
2,121600
1,90600
1,83500
177,1501400
59,1697800
8,265500
31,857500
88,760800
4,166800
28,820200
65,189700
16,443100
755,926400
3,158600
11,324200
51,1371900
9,352800
7,222300
267,735700
143,629400
31,920500
116,1514100
23,641500
612,1876000
1,89000
15,577700
37,1027300
2,119200
2,165100
6,316200
3,125100
25,704200
26,724700
1,71600
1,69700
3,131100
3,120000
34,932900
1,82200
6,197100
4,150200
28,805300
6,229200
3,125400
4,149800
4,147800
13,369300
2,97200
4,169400
2,158800
38,1048400
1692,1895500
2018,2619600
14,456800
182,1729200
4,153300
3707,4024500
8,281000
6,206300
526,1174600
66,241200
23,613100
56,1469900
3840,4291900
14,402800
127,215000
2097,2817400
2284,3379100
5,197100
37,1102900
52,1531800
5,254600
2,128600
73,513000
1550,1646700
7,322900
1370,1733600
352,1854400
12,480200
20,704900
453,1162500
34,1144700
1610,2828500
2,119600
15,457600
6,224200
42,1120600
2,97100
36,957200
46,1502000
10,394500
3,123000
72,373200
10,338100
119,1560600
18,529600
713,1592200
2,101900
124,204900
3,135200
2,110000
525,1122800
2868,2709800
6,221200
10,299300
8,277100
7,244400
6,226200
6,199900
2344,2992400
17410,15154100
279,1125400
8,315200
7,238400
186,245100
6,296500
3,201400
2,101900
10,401100
10,463400
10,308300
31,891300
138,554100
140,549800
2,103500
1036,1929900
53,1611400
35,1008100
5,191700
6745,6477900
53,1591600
3,151500
171,1391300
4,186500
19,698600
781,1742000
36,987200
39,1171200
2,118200
17,495000
7,246000
179,1597300
54,1454200
2793,2406300
27,792700
45,1256800
29,992100
2007,2158400
22,656800
3,135600
160,1248700
296,1594800
403,1169900
709,1294600
17948,15934800
566,908900
4,227000
4,206900
76,577500
2,100300
3,134800
1,86300
1,87700
39,1163800
6067,6009900
14,484000
951,1304100
2,191900
1,88800
78,532100
6,249500
74,465700
729,2076900
12,380800
29,786600
13,460200
279,1047500
7,226900
10,380400
19,560600
8,258300
14,535000
5,224000
3,130800
30,802900
2,101100
3,140700
2,182000
6,300000
209,927000
257,591200
124,213300
13,547500
4,172600
1428,1229000
155,1131400
7,264500
21,751800
9,284300
135,436200
204,746000
68,273400
1795,2840400
252,341900
828,1230000
41,1276600
2,106600
54,1383100
251,351500
19,534500
85,661900
21,657000
3,125800
228,1316600
8877,7333400
14,500600
42,1165300
1,72800
336,958700
1195,1649000
66,282400
1,111000
32,1086800
2,121600
305,2200900
4218,3462800
2,122700
1747,1626300
1,77200
3,141900
71,327700
49,1404300
1958,2663700
49,1473100
6,211800
1,74100
17,516800
212,915500
19,514500
8,313700
148,929500
13,388500
3,138600
1,72400
2,97800
14,440300
28,847600
51,1416200
1869,1753800
11,351300
2,107600
601,1586800
1,73600
2,142200
399,1040900
9,293800
2,98300
277,988900
232,1363900
8,260800
331,910400
2445,2544400
26,747200
164,1221100
183,1660500
66,202900
3,130600
6,196900
1,69600
2101,3019500
2,117300
54,1471400
6,201200
3,121300
6,198200
15,459700
12,407600
23,665300
676,2100700
9,360000
63,153000
13,466800
313,431000
7,291100
20,697700
4043,3643700
318,765600
21,680500
974,2259300
1099,2059700
19,570500
12,395200
3,146600
11,343700
158,1026400
72,347500
2,98600
1,88600
5,178000
1737,1355000
17306,14523300
4,225400
40,1148600
3,127500
52,1445300
2729,2287000
841,1525500
133,380500
9,297300
8,307000
1758,1967100
124,156600
438,570800
136,492800
23,658600
1490,1342600
800,2219600
18,519100
1305,1206200
413,1551500
1028,1962500
65,211300
2,101400
1,88000
5,177700
13,373100
1,85400
17,559500
2139,2389400
26,729300
26,709500
12,383600
89,813800
1,70700
10,292800
16187,12585900
1,95300
38,1050200
1,73400
3,148700
56,1502800
287,1249800
3,137300
196,435000
18,531900
6,240500
6,220000
934,848000
321,615900
56,1576900
11,357900
1,74500
4,150800
2,98900
3,172100
237,1924000
5,203200
806,667800
181,1805900
8,252400
1,71900
13,430100
2,100300
78,607400
1,83100
82,655700
3,162000
9,370100
31,812900
2337,2907500
127,237000
25,747500
428,1824100
6,205700
8,242200
1,84800
1,74000
2,98400
9,382300
2,103300
4,190300
32,879200
2,128200
6,223500
194,431500
4,209500
4,254300
2,104000
2,97300
16,502300
9,271900
3,185000
1739,1712000
17,598700
1,94700
10,354500
67,215400
8,269800
17,484800
2,96600
22,669900
1,109700
4,148300
64,140000
17,483300
240,1596000
24,696900
98,1014500
19,533400
10,312200
59,1563900
55,1643200
1,78100
1,72900
2,98500
5,175400
9,271700
161,1247000
1756,2143400
34,985900
1,77200
173,1468700
5,179600
960,1609700
7104,6885300
137,695700
1077,1858000
6,323000
10,460500
1,96100
3155,3913500
10,334900
3,128900
20,558300
2,94900
27,733100
7,242200
4,172700
58,1542100
4,190200
42,1139600
2,127000
4,214600
35,1147400
5,183600
16,583900
1,89500
404,1208600
3,131800
7225,6771600
619,2361400
20,632100
6,205700
313,350700
302,1608300
353,1528500
3,144300
1,76900
8,248700
26,796900
190,298200
4,151000
11,325700
21,663700
5,215400
137,485500
50,1403200
45,1299800
14,391800
255,406800
34,943600
55,1546400
8443,6797800
2,165600
66,207000
3,168900
2,156100
24,719500
4772,5635900
25,937100
1,75200
30,848900
198,497900
1,73400
1,71000
10,369600
74,515200
6,260300
431,2036400
232,1460400
43,1342100
3,151800
291,1641700
2,115100
1,74000
6,227900
3,139200
6479,5752500
3,151500
21,720200
100,1111700
1,89300
7,268800
3,127000
6,197300
51,1403100
95,1126100
2,137600
13,474400
281,1354500
45,1511600
22,755000
30,1006100
1,86300
30,1041600
560,643400
3,156000
6,256900
89,998300
74,426400
2,143100
15,411800
229,1330300
3,122800
14,392700
3,163800
34,992800
2,120000
4,143400
478,1553700
4,168700
10,325100
110,1375400
19,587600
2,138900
41,1107200
8,284800
68,293000
5,223400
1,71700
84,676900
4074,4118800
439,512700
4,219200
44,1179300
438,704800
46,1575100
270,969300
14,502400
60,1801500
17,543100
1,73900
650,1603300
1716,3050700
1786,3102000
30,797400
3,139000
23,747900
21,672800
62,90300
36,1169000
95,927000
296,1545700
3,189900
3,145600
2,119700
11,371200
16,453300
57,1556600
339,1065500
807,666800
4,215700
10,304200
133,415300
8,251000
31,1000900
2,126600
24,769000
2,100500
10,375900
228,1245100
35,1003700
14,401400
13,368800
5542,4979500
31,891800
18,507300
11,341100
2,102700
36,942300
81,625100
2,98800
32,881000
12,409700
45,1277900
144,658500
60,1624600
4,156400
56,1523600
58,1769200
542,1637000
1,73100
1,46314200
12,459100
1,89900
40,1166600
941,1064600
49,1382200
5,180700
4,152700
23,642700
1,125700
352,1334500
4,149800
1,80700
4,148200
3,118900
6,203400
319,481900
18,544000
9,291900
13,377700
177,1538700
314,389000
615,1906900
19,574200
24,634500
84,682100
4,156100
690,767500
67,215000
1,72200
5,194500
104,1629600
2,172900
20,677800
5,201400
1,104900
51,1393700
4,166000
10704,9070800
9,343200
10557,8566600
12,494600
12,398500
427,1835700
7,267000
142,590900
80,631100
488,1935300
4,175800
17,494800
26,795200
3,152200
10,314800
1,73200
2,197000
55,1522300
10,348000
20,569000
1,73500
39,1178500
423,1732700
124,181500
6,303000
23,643500
5,173000
3,122400
24,748400
2,102000
210,800600
4,145100
2,125800
3510,3527800
56,1537000
1029,1953400
22,638400
1,73400
2,115000
24,753500
2151,2974800
270,849900
5,212900
2,106300
2,96900
61,1749200
17,822600
30,890900
312,337200
14,395800
1,71600
3,122800
153,919600
1,71900
9,296100
25,689500
11464,10459500
178,1557400
147,861000
1,73600
700,1004300
1,113100
142,615500
3,131200
42,1134100
4,165000
3,153800
82,595900
46,1509000
47,1395500
14,421700
45,1312300
20,570000
10,330700
7,243900
8,296300
207,764400
86,764000
3,140000
474,1472400
385,738100
1,75800
6,195800
3,128400
164,1224700
19,589800
1,88200
1,79000
11,364400
12,345300
19,582000
9,271400
75,464600
5,206400
54,1876300
6,225100
4,152100
5,174000
17,517900
4261,4717500
23,713700
61,1862500
713,1486700
228,1281000
4,163500
72,394600
51,1435300
67,283800
5802,6242200
14,511800
27,938400
1,97700
1,92500
2,126100
48,1468100
11,346000
104,1185700
353,1383100
113,1433100
8,275900
2,99500
2,114200
53,1435100
4,213600
16,520700
226,1324700
69,280500
18,519800
1,80800
2,101400
46,1219300
15939,12018600
1532,2620400
17,503600
1,73400
1,100000
4,147500
35,979800
2,133500
11,336300
41,1092000
1,83000
2197,2306400
1,101500
2,117800
13,425800
3,132500
538,1622600
19,519600
13,362000
8,295000
6,250200
2,119300
2,102900
6,215900
3,123600
6,200000
9,282600
12,384200
17,541200
125,238500
6,215200
189,268100
21,589600
1,71400
2,100800
6,247200
16,500600
57,1750400
68,269600
63,117600
7,234400
12,381000
3,181600
15,467800
28,805600
1913,2960100
6,205700
5,171300
1553,1445900
13,412500
1386,1722100
11091,9976300
145,701700
2,100700
1,72300
2153,3033300
3,132100
16694,13407300
124,184200
190,433800
52,1564100
1,77400
375,411100
23,647600
22,615800
4,235400
107,1493100
26,738700
11,328300
12,351400
32,1227600
2,104900
310,260600
26,883900
814,838500
1,93800
3,147400
22,696700
7,220500
52,1430800
1146,1725200
5,189500
21,567500
1163,2188900
132,389300
8,286000
2,102700
7,242700
8,248100
1779,2632500
14,465700
43,1170500
32,1278100
12,410900
2913,4512100
24,787200
4,150900
17,485500
6,216000
24,684500
5,218600
54,1556900
161,1110800
7,321600
100,1187900
11,346600
3,148600
585,1284600
2485,2210900
1,97000
1,75600
853,1955300
6,271000
2,107100
64,140900
20,604800
66,222300
17,495700
10490,8510700
152,942900
6,224400
21,616200
3,130000
16,474300
28,780900
1602,2753700
5,185700
1,74500
4,269100
1,92400
4,174000
51,1374800
76,525500
136,515700
101,1159800
257,487300
2403,3826900
2,181600
354,2339400
5,214800
4,151400
147,1346300
13,572500
53,1535200
18,662400
881,1246700
4,245300
1,145200
1,80400
4,187100
12,366300
174,1651600
114,1991700
200,755800
1,92700
237,1849800
7,238100
3,126900
307,1865500
101,1146100
107,1341500
1,74100
12,386600
5,203100
288,1365900
367,1911000
9,290800
5,178300
300,1623700
80,558100
1,73700
125,169100
15,464200
34,999800
12,361200
29,864600
12583,11921200
5,272100
832,1431100
7,230500
323,685000
24,899500
29,1141100
44,1556400
43,1495800
9,356000
34,1169900
6,267200
367,2385100
2,115600
6,223100
648,1468000
71,334300
3,190500
29,1174400
26,868600
7,246400
223,1310700
305,2007400
12327,11775500
1003,1227200
6,246300
23,631700
237,1557500
1,108500
11,335600
1,74500
4,151500
14,531300
17,505100
1,74900
219,1125400
3,131800
7,234600
32,926600
1351,2319000
89,836600
172,1374600
161,1229800
2,127300
226,1373700
3,130800
379,680400
214,1093900
54,1483500
75,500800
51,1648700
44,1377400
5,208900
3,193100
6,232000
15,501600
4,155000
7,240700
3,169000
4,151500
3,133200
31,904600
53,1472100
11,349800
17,568300
33,902600
1896,2561000
2,156900
9,332000
16,466300
17,500900
1365,1119500
4,373500
49,1380000
2,101300
8,327500
173,1461200
3,121600
54,1496600
21,593500
5,192800
3,154300
2,98600
5,194400
2,96700
505,675900
3,157500
72,435500
126,192100
82,604000
4,146000
2,142600
9,271200
125,191900
24,658000
19,644300
74,443100
294,1534900
19,559400
13,485700
15,549100
82,725200
32,1073600
2,105700
7,229300
116,1647000
535,1581300
36,1029100
16,573200
31,918500
46,1207400
149,839800
15,436000
13,366800
10,314600
8,311400
1,91400
3,123600
1,70600
3,122500
5,210800
225,1214400
682,567500
17,657100
8,291500
4,152100
9,377900
1475,2535500
21,765400
3,131500
53,1488600
158,1075500
1,88600
2,99300
2,97400
1,79000
8,302300
236,1475000
5,198400
18,495800
470,1314100
4,150400
4,148500
2,96800
13,406800
312,340100
33,905700
29,895100
3,171300
73,376200
194,483500
59,1918600
6,259200
6,220000
93,914100
1,70800
1,71100
1,88500
3,132700
347,1196100
4,147500
1,85000
7000,6636500
5,209800
43,1160300
82,601800
64,164900
3,128200
8,246200
15,422000
4,202500
13,415100
8,268300
110,1501100
4,194500
5911,5273500
87,786100
8,300900
8020,7289000
5,220800
21,627800
1,74300
1,73400
2,98700
18,648800
1,81800
2,97100
4997,4663100
11,362200
1104,2113700
594,1585000
37,1063400
24,694400
2,96800
4,145300
137,573300
17,497600
683,560900
2,100100
3,131700
18,623500
5,193900
626,731100
73,579400
1,93400
3,128700
4,152600
1,73400
22,596700
88,880900
4,160800
3,133300
7,234600
45,1291900
6,227400
66,205400
1,76600
32,1111700
11,386000
17,537600
1,72700
2,97200
108,1332400
3659,2740100
225,1359200
365,1869100
441,542900
18,547200
157,1097900
20,593800
636,1072300
19,557800
755,980900
12,501700
6,210400
657,1495500
21,652300
433,1985500
20,634900
2,103900
39,1150300
4,231100
2376,2579400
53,1576500
2,110100
2,100800
147,877100
230,1474600
6,221900
490,1909900
7,323300
192,457800
7,327400
8,329000
17,599700
3,160400
27,930000
39,1329800
108,1586200
12,450500
4,191200
8,305100
10,364000
17,631100
1,89100
21,784000
21,754300
1,87400
29,1023700
4921,5301300
9,410900
5,328300
2,182100
123,1804800
21,661700
53,1754400
47,1249000
10,293000
18,523700
959,1798400
18,555300
312,328300
30,872100
1,84600
90,1003300
111,1639200
48,1334700
172,1436200
4,151000
4,147900
5,173800
239,1572000
3,188100
36,1087900
19,509700
7,225900
2852,2251600
220,1274700
15,531900
382,663500
1,73000
1,144700
9,688500
12796,10394000
1,93600
5881,6021800
1452,1905100
4,158500
10,352700
5,192500
362,1752600
5,195100
3,122500
6,209200
16,453400
3,161500
83,671100
17,472400
22,584400
2,116400
2,107400
2,134200
3,127100
96,952300
10,356800
14927,12790000
1181,1109700
6,210300
490,1830900
5,181600
1,71400
4,271600
293,1450800
3,200800
1,96900
20,640000
23,637700
39,1125100
48,1295200
8,272800
8,247100
129,282300
19,556000
45,1250800
9,294300
276,1015400
7,220900
1,69600
81,696700
47,1283700
274,1044700
9,355100
6184,6234100
4,237300
715,1684100
54,1520300
25,735600
8,314900
7,236900
60,1591200
8,308500
7,246600
15,448000
1,71800
1,80100
12,338700
2788,4009000
4,166200
40,1059900
12,383900
8191,6474900
45,1316200
26,834700
3727,3067300
5,266800
93,1002200
3,129300
253,374300
5,177500
33,1016900
7,231100
1,73200
63,122900
41,1190400
86,746000
3,124500
3,181400
24,707500
9,285200
6,260500
2,235300
2,120500
67,223800
2574,2870000
3196,3520600
89,854700
2,97600
8,291600
3871,3812500
1084,1651800
28,766200
4711,5360600
18,576800
145,645800
228,1353700
17,502800
10,358900
2,98100
16,453900
11,339100
1,100200
3,186900
24,733400
40,1110800
14,395900
74,430600
56,1476100
263,642700
1,74300
24,734400
2,170600
9,413800
8,267300
3,147700
3,134200
10,301000
126,269900
54,1508000
22,661000
4746,4609700
1,118600
1277,2101500
3,132600
13,409000
3,124000
3494,3062200
54,1441200
15744,13437400
9,356500
3,189100
1865,1841900
1013,1424700
8001,6236200
21,720500
39,1525000
120,2348300
11,496100
36,1416800
1,95400
102,1179100
11,390500
12,367700
123,2229900
1,185700
514,1041800
2329,3098500
15,584600
70,443900
28,869400
2,100500
3,148400
16,470400
12,382900
4,196000
8,358600
39,1335200
37,1256100
1,77400
1,80000
60,1643500
100,1111800
3,215200
279,1360100
6,319600
5,223200
51,1510300
14,468500
21,641700
67,285000
577,1124400
19,544700
14,517900
78,702200
113,1835800
831,1425500
214,1012300
2,131800
6,212000
88,782800
364,1783900
4,185100
1,84100
1,118200
12,361800
538,1665100
111,1428500
1,95700
3,131000
252,339200
2702,3504600
113,1587500
27,822400
3,131400
32,1066800
12,354600
137,522300
8718,8746700
3,151300
23,710200
81,620900
350,1471100
14,465500
1446,1763400
13,415200
1,88400
4984,4358700
4,159100
1,169400
26,824200
8,254400
213,973200
3,131400
967,1727900
3,124600
16,448500
3,140400
5,173300
1621,1532900
1,80700
26,743000
9,326600
214,888300
2,114900
688,696800
6,205500
12,341300
4,159700
5,190400
8,267200
2,101800
14,454900
1,74000
1775,2366800
1974,3151800
388,809100
165,1406300
3,146400
189,254000
1,72900
5,174400
27,946600
53,1421800
1480,2668200
7,316600
2,99200
2,110300
5,212500
1,86600
2,108900
6,197300
11,324000
2,98300
46,1251300
6,211900
42,1445700
1,79100
106,1505700
8,313600
2,122100
5,219000
232,1743900
3,155000
183,2065100
1,96300
66,261000
5,225900
1,90000
1,94500
2,122000
7,286400
8,318700
860,2165100
12,460000
13,446500
78,582700
119,1804000
19,556900
2927,2746400
663,1749800
22,660400
1,82200
9,281900
3760,4023600
1,103000
3195,3194900
28,791100
2,98700
8997,7268800
23,745200
23,706700
2,100700
27,768900
29,873900
6,259300
52,1530800
19,524600
1,88400
2,98400
5,182100
46,1214700
37,1280500
49,1342300
27,737500
235,1639000
153,981000
30,838800
1,82100
6,218900
2,123000
443,662400
1,77900
43,1169000
32,982600
33,918900
151,858100
16,484400
64,162500
162,1155900
32,904500
5,181200
1,88900
5,174700
1560,1488300
7,242800
7,242600
3,127600
7226,6564800
1,91300
23,665700
144,783100
47,1546800
313,434300
99,1064700
2,218800
3,173700
7,358800
15,540300
52,1579100
646,1325900
17,478000
5,203900
17,569300
567,735400
15,655900
618,2008900
1046,2368300
8,387400
53,1853000
10,394000
73,512600
12,547400
3,160100
4,189200
3,159300
2,123900
4,187900
354,1545500
2,116000
7,234900
41,1109600
1,83200
30,815700
2939,3080600
22,632200
52,1476800
235,1554600
306,1851700
23,738800
3,138500
25,705500
160,1126400
15,436000
124,145800
5,174900
3,124000
2,129100
1,71600
2444,2558900
6191,6296100
19,736100
1,91900
110,1510400
43,1226400
297,1512200
1,87300
25,890500
161,1084900
4030,3111300
2,111000
32,869700
3,123200
79,653000
266,805800
51,1481400
44,1233200
114,1445400
17,575300
16,459100
273,901800
180,1583800
17,457900
26,752600
18,493400
306,1731600
1877,1866400
1,84200
9,312800
530,1485900
4057,3738300
2,115400
329,794000
6,227000
33,968200
14,426600
18,533300
2,107600
4,146300
19,526600
5100,4386900
4,181300
563,647500
3,175700
18,499100
19,607000
36,996200
93,1036800
397,1005900
13,495900
3,164400
3,140900
6,196800
1,71500
1,66800
26,777600
4,151900
6,194400
1012,1389800
257,509800
1,84700
48,1373300
5,219300
57,2119000
13,382500
700,1198300
1,76700
25,754900
398,1043500
14,485300
2,112900
7,222800
7,223100
2,108200
38,1177600
1130,1244200
2,129500
2,102500
14,416100
14,398300
14,393500
66,256900
2,107000
2,99700
4,191600
1000,1397900
7,360000
1451,1944400
211,880400
72,441500
556,2133700
3,144100
1951,2189600
31,888900
11,360100
4039,3848400
18,753800
2,175700
268,843600
26,923500
1,114800
10,314000
202,692300
8,287100
1,71800
1,71000
2,96200
9,273600
3,122800
18244,15128900
2,160300
9892,8751300
8,329800
4,151500
4,149200
5003,4968400
593,1432700
532,1660700
6,259500
39,1152600
137,573800
15,430200
112,1459900
1,77200
3,148900
88,885900
218,1004000
2,109400
2,133500
6,200500
11,327500
112,1431900
4,159700
4,169000
64,228700
3,263400
2,148600
1026,1964500
1,88000
15,427900
1,82700
91,892300
23,638100
5,174600
16,472900
2,179200
1,100600
2,108800
33,1004700
53,1520000
29,884000
449,754500
4,228200
36,992200
11,388100
29,800700
6,201300
1,82200
155,1041000
1584,2252400
2,143400
20,682900
14,432400
25,741400
19,561100
428,1837800
64,146900
3,124900
17,505900
3514,3833500
36,1052500
1,88900
17,482600
1,81000
6,208100
90,853200
3,121100
2,95000
3,122000
23,611100
4,165900
5,181900
2,106900
17,490100
17,475800
2,107900
8,263800
24,731600
62,96400
2,99600
2,97200
46,1292300
38,1077600
63,149300
2,153300
4928,4622600
7,245900
27,724100
1,71600
1,89200
144,815700
17,490600
73,369600
10,321000
183,2113000
3,136100
28,761300
191,385700
4,178100
14,425800
25,675000
106,1336000
176,1607800
18,530500
8,247000
6342,5304200
137,486500
3,123500
3,164900
120,1633200
3,131900
3,141800
6,245100
46,1493700
1,98400
4,179800
207,867400
1,79100
177,1551100
810,787700
3,128100
5,170900
5,171000
117,1502500
7,218800
50,1347800
4,148400
4,153600
1,70800
9,269300
55,1441700
10,317200
8,247700
34,911500
441,718700
3,171200
86,823500
3,128000
9023,8547600
7,250600
40,1071900
19,521500
6,257500
29,797000
18,518200
3,240600
2,104600
5,219600
49,1465800
44,1166500
294,1449400
55,1443000
1,123100
10,380200
17,556700
2,103700
94,979500
9,359500
12,375000
14,478700
10,309100
274,918100
56,1532700
423,1691800
1,93900
460,1153600
46,1259000
14,403500
4,149400
1,97300
453,894800
3159,3822400
40,1109200
2,99800
2,96200
7,233100
162,1134200
38,1215500
1,120500
13,520200
23,696200
16,467800
34,962000
11134,9690700
266,868000
177,1620400
17,537900
3981,3859800
1,102900
4,191700
9,364100
161,1357500
12,450300
3,155000
40,1268800
24,698200
7,223700
14,441100
11,386300
1030,1993900
9,338900
4225,3671700
12,367100
11,347200
10885,9652300
1897,2591100
8,324000
3,124900
12,381500
1,85500
431,1873600
11,327700
2,95100
10,349000
19,621600
3,121600
17,467700
12,384500
14,442800
28,741300
2,108200
1,115100
48,1275100
62,92200
1,96100
43,1190800
985,2387500
1,110200
197,506400
3,158000
2,149400
597,1609300
26,800700
3,150200
13,373000
13,440900
6,257700
1415,3056300
4,209300
12222,10280900
44,1260600
13,395600
3,138600
14,416900
23,675400
696,887700
6,198200
368,1744900
1005,1162000
5,192400
836,1358500
1,78900
22,762500
46,1237500
5738,5546000
1,93500
4,153700
8,306200
13,450600
21,650600
539,1620300
1,85900
4223,3521000
17,538000
8,267500
13,403600
528,1261500
10,360300
468,1545400
3,154400
16,450100
50,1486700
9,302400
23,657500
609,1803600
1,111300
6,240000
505,658200
12,383000
1,73500
7,234600
216,960100
13,435200
14,431500
741,2424600
18,630600
14,424400
7,241200
241,1717600
51,1418600
5,176600
10,458500
123,1969100
2065,2557100
40,1352800
11,410700
80,688000
19,716500
35,1146700
9,356100
1,89200
2342,3488900
84,837600
49,30880000
60,1823500
528,1558500
27,801100
7,226800
24,779700
16,508500
858,2036300
2,110000
4,153000
3734,3326800
24,711900
18,767300
546,1781700
9,314400
6,209100
1,73100
5,205300
9,281000
19,547400
11,352700
10,331100
14,393000
27,785400
1121,1275800
5,178100
1,90500
2,104700
31,852000
26,731700
1,73500
7,229000
11,372300
23,622800
83,709300
3,124400
169,1290300
9,308700
2,122600
54,1454400
11,321200
6,208900
66,190600
2930,2728500
46,1251000
347,1237900
98,1101000
113,1421900
9,291900
6,203500
3,126500
28,977600
42,1111300
21,603000
13,381300
1,71800
4,148600
2,126500
171,1330700
19,552300
1110,2254200
1,79400
29,847500
467,1224300
1,72700
963,1608000
622,589100
6,239300
14930,12624200
2820,2879100
22,716800
1,80800
4,152600
488,1827100
3,127600
3,185400
1,95900
5,232300
78,632000
5,221500
47,1582300
5,214200
167,1517100
595,1742100
3,164300
668,2173600
1078,1787900
1,101300
101,1390700
240,1761300
48,1595400
2,129400
37,1317300
439,643000
4,191500
317,632500
117,1554900
23,698800
1513,1914200
8,256600
1,71300
102,1170000
226,1265500
127,224700
2,98600
1,70900
2,95300
24,709100
5,183300
32,887200
45,1272800
8,248000
6,202200
72,363000
96,980000
2,97000
4,145100
11,347600
7,232600
1839,2934700
8,344200
688,765100
5,213400
103,1191600
14,403800
170,1356400
7,257200
79,689600
186,199000
1518,1922800
4,156800
2,131500
8209,7042000
1,102000
15,476300
134,486600
67,240300
34,962700
1,78000
3,190000
258,594900
15,491900
6,202800
6476,5547100
18,604000
6,206000
52,1478700
1,77900
431,1840900
5,173900
36,1021600
2,99200
10,299200
14,421600
18,522400
287,1521600
24,667700
1,71300
6,204000
16,480600
1782,2767600
11492,9394100
1267,1629400
188,245200
1195,1393700
17,618100
5,175400
12,358900
14,511600
20,599400
93,897700
310,303200
4764,5119200
2,126700
6,205900
4,151800
5,193600
61,1651700
2,126200
1,95900
3,133700
593,1407600
1,74700
164,1210800
2,124300
67,244500
28,754300
17,549800
3771,4097400
9,303100
2,146200
63,132600
6,237700
128,363800
10,381200
3,135600
5,204400
10,312900
843,1890300
5,234900
1,103600
25,832100
89,1049400
5512,5407400
43,1372400
11,412800
6,272100
7,310600
1,89600
5098,4567000
196,477000
1,74700
9227,8119400
8,306100
39,1009600
25,693900
1,71700
3,142200
20,572700
405,1250300
6,218700
62,100200
5,180300
57,1505000
4,154600
218,1052600
526,1247900
19,566900
9,351100
8,341700
240,1586300
3,135700
5,187500
3,150300
162,1136400
6,236000
396,930400
1,71700
37,1003100
360,1535700
26,718900
297,1677000
12,595900
3,164300
28,848700
1,90600
2,118700
2,101700
29,857500
4,171400
1,72400
310,338000
1744,1624000
41,1163900
6,225600
4,188100
3,125100
183,1833800
2,106500
539,1561600
1,79900
19,558300
1,71800
22,663700
81,580800
86,730100
22,586500
245,1802100
2,121900
6,271400
2,112100
53,1400300
2,106000
162,1360700
139,518600
34,966800
19714,16355900
198,581300
9,277600
9,293500
175,1485300
31,852200
268,758000
399,1103700
2,100300
155,937000
6,197300
2,105800
102,1269700
5,182000
10,301200
208,1070900
30,1003100
2818,2947300
28,829900
3,140000
21,607300
155,1025100
38,1032700
2,118100
12,369400
1365,1132900
107,1288500
25,698700
1,72700
352,1439600
54,1433300
73,451300
13,390000
3,191500
9,293000
3185,3056400
24,677300
11,361600
2,96500
29,786800
79,561900
6,200400
32,929800
1,100600
9,274000
247,1887700
16,462400
27,884500
14,419500
704,1240200
130,305900
8,252300
3,140900
1,85300
139,532400
107,1275400
116,1554100
118,1558200
1941,1947800
1,88900
486,1677400
13,387600
9,267100
67,243100
521,1046300
18,483400
5,190800
11,320500
13,393600
653,1343500
2,99400
56,1685500
213,1164600
1,108600
439,529300
56,1630900
409,1352400
1,106700
4,155900
424,1756400
1,82800
1028,1754900
1,76900
29,864000
3065,3116700
7,229900
1,73000
60,1901700
12,503700
4,154200
3,123700
39,1056600
2,154000
49,1354200
3,124600
260,547200
4,174600
7,223100
4,150300
12,359400
7,234700
1,78800
5,193600
1,96200
28,783100
97,1241800
203,681500
7,232900
28,795900
2,108900
145,646300
19,537100
7,258000
2,96300
5,177400
2,115400
24,713100
4,156200
61,1653100
448,740800
109,1615600
7,290700
9,363900
55,1674700
17,644200
311,320300
1044,2209700
2,107900
2,98200
9,270000
3149,3824000
4,219600
1312,1280900
28,818000
51,1378400
9,274100
1,71900
868,827800
14,409600
18,568400
5,273200
2,183000
2,107600
112,2142600
44,1249800
2,99600
95,996200
1,109100
89,931600
2,162200
1,75400
23,655300
2,98400
14,394800
1,72300
206,803500
5199,5448000
661,1682200
20,670800
34,982100
7,273700
33,897400
8,277200
2,97700
5,191400
87,759800
1,77500
7,230800
2,96700
4,145400
8,278200
1,70900
1,68700
3,145000
7,219300
13,395100
7,222900
108,1972700
216,973700
8,267400
5,209700
61,1581200
19,554100
46,1281900
5,199000
4,176500
10977,8528800
49,1437000
23,849400
23,686400
37,1037400
65,187200
12,428100
3,146000
48,1312300
89,787100
1,78600
96,989600
18,555100
19,525300
705,1785000
1,83900
5960,4709900
2209,2694000
3,139500
8,254800
1,71600
1,71100
3,142900
510,861400
23,732600
1,95500
14,398100
518,1025400
1,83400
2,100900
12,342000
1513,2038600
27,795900
12,351300
620,582300
4,158900
8,278200
10,305400
1,78700
5,176200
398,1040600
31,850100
270,830400
85,661200
5,239400
3,134100
10,329400
8,256900
3,122100
117,1491200
43,1192700
58,1528700
1,71800
165,1276800
120,1649600
7,258100
24,782500
59,1699400
1581,2008900
25,695700
3,126000
2394,2856800
5,177500
8,269300
122,1617900
11,346400
405,1236400
942,1198300
4,192600
25,684100
3,122900
2,96500
10,304200
3,160100
12,528000
419,1936700
8,325900
1,73500
3,122000
19,558100
18,524000
3,125600
7,225200
2,97400
1,70600
18,570700
21,598100
108,1321400
17,490700
222,1201700
1326,1827200
1,99000
69,309100
102,1095600
7,219500
99,1085800
52,1372500
147,722800
5,212300
3,148300
22,613800
1832,2343700
3,166500
7,317800
2,109200
29,907700
4638,4876800
1,84200
278,1063200
6,248900
39,1059300
33,928400
17,524600
3,129200
87,743500
2,98800
25,696100
2611,2419100
3,128400
50,1372600
488,2023700
350,1700500
1672,3024700
1413,2463400
2,140200
1,90600
2,144000
4,184700
179,1691000
32,1002700
5,197500
16,520400
7,223200
1,74200
10,309000
23,700000
37,1063700
129,291200
184,1686900
17,545900
251,422900
466,1344200
561,582900
33,943400
41,1195000
896,1544300
179,1623900
1,73100
1019,1755000
68,267100
1,91100
18555,16153600
1,111700
35,936100
450,828700
7,224900
1261,1495700
9,270600
20,639800
53,1426300
2,99900
16,460300
7,227200
5,175200
54,1650600
10,423000
31,949300
249,320600
2,112800
1,75500
610,1886800
3,341800
29,1016300
1,92700
3,137700
2,101700
3,150500
27,816800
71,367400
6,203500
5,183000
15,654200
276,1411900
12,396400
1,118100
8,249300
859,2079500
3,206300
7,232200
11,339600
1,72900
6,200800
24,711100
35,1131500
12,398100
252,344100
12,386500
6675,6100200
7,248200
24,662200
1,97700
5,181100
5229,4337900
2,131100
24,658900
22,638300
9,271600
5,201200
1,71800
6,201400
273,875000
6,195500
4065,4467200
1,118900
28,871700
14,422000
745,639700
1180,1337900
31,1076400
17,529000
118,1749700
1808,1764200
3,134100
46,1281300
83,637000
77,498800
2,118500
8,249400
14,390000
3716,4559300
14,414200
9,350000
12,475900
6,254200
496,551200
2,128700
48,1591000
14,452500
1212,1884700
117,1540600
2,110100
11,332500
1,71600
2,122500
6,206900
1059,1003200
1,81000
20,565900
189,261900
30,832000
3,153900
23,633700
4,204000
6,262000
1787,2674100
3,151700
4,156300
2,113300
3,144800
3,136200
27,807800
5,190400
77,513100
23,673300
1890,2218900
325,673500
1,105700
19,528200
179,1602800
8,247100
2,144200
4488,4250200
7,256300
2,107800
1301,2618400
1,78300
4,189400
839,1475300
120,1597700
362,1618400
176,1849800
59,1540500
509,728800
24,652300
17,595200
1,89200
5384,5832700
57,1666900
230,1361800
3130,3145100
275,960400
2175,1844200
6,211900
120,1899500
3,132900
1,73800
92,986600
4,165300
10,308100
461,1174400
272,919400
1357,2627100
6,235900
3,171800
93,945900
1,102800
3,163000
327,708700
76,489600
41,1310600
403,1090700
1,96300
3871,4000600
6,234900
738,2003500
4,167700
3,204100
116,1654400
3,130600
56,1463100
28,781700
2,99900
4,149300
5465,4402300
2,121300
125,162700
138,520400
6,252100
483,1726000
63,164100
54,1577500
2,142500
15,429300
1,74800
19,724900
9,294100
3,148000
58,1745400
31,1056800
4,218100
2,130800
394,1068000
4,203600
5,193900
22,604400
99,1096200
31,851200
92,867300
84,665100
4,146400
97,988800
262,729600
8,312600
1,94400
1249,1555600
45,1464100
1,90300
6,306700
1,89200
7,280300
2,162500
21,731900
155,1142700
2,151700
36,971600
23,722000
107,1645800
93,872700
9132,7685700
6,276900
2880,3140500
8,265700
6,204300
10524,8888900
11838,10460700
25,730700
15459,12161500
49,1438800
10,341300
3,127000
179,1747700
293,1482800
896,1425900
10,328700
16,447800
378,491300
2144,2772800
869,701500
2,105800
1138,1560100
9,305300
13,390500
603,1811100
32,848700
1,72600
165,1209500
6,200800
4,148900
2,97200
5,238200
16,490600
3122,3003700
1,85500
4377,4390800
83,669400
2,99500
3,143300
111,1397200
2,158000
24,647000
2,117700
2,97500
46,1272000
305,1695400
10,332200
567,718800
3731,3158900
66,207800
1,71200
3,121700
27,761800
12,348300
3,139900
2,97400
96,1112200
1183,1138900
3,159500
3273,3779700
167,1332300
27,746000
4,148200
1,83000
428,1868900
4,170900
85,681300
2,111200
1,100900
20,759600
3065,3087300
731,2174900
1,92000
3,136900
2,98000
2,98400
13,396700
30,809900
4,148500
34,1115500
1052,2415500
3,164000
169,1588900
131,370600
9019,8350900
1,99200
9,284600
508,786000
7,275100
1443,1551000
130,318300
8,281300
4,275700
239,1557900
473,1311100
20,576700
2573,2798400
27,743400
1,74300
1,73600
38,1127100
14,470800
67,248700
2,98900
11,384100
29,806400
4,148400
4,149100
297,1549000
28,832800
3,170300
2,99700
1,72200
4,152000
3,125600
22,698800
4,190900
54,1664100
1845,2572800
139,564400
5,181100
413,1346100
275,934700
23,632800
6,195700
178,1773100
35,1087600
8,264700
10455,9088300
3494,3240600
882,1240200
2,164200
1,97000
36,1024400
3024,3582100
19,573600
279,1108500
7,227500
9,318800
208,857900
4,151800
39,1081400
41,1125600
2,117800
24,659300
1,81800
89,774200
12,398200
19,553500
48,1325900
34,1155700
13,483500
882,1175100
3,138300
382,570600
25,887500
33,938900
46,1367300
20,579900
4,165200
4,189300
138,514300
89,906100
125,187800
20,556100
4,147300
738,2098300
17735,14097600
6,243500
9,292400
4,150700
7254,5327500
10,332400
234,1747800
9,317000
19,540200
7,281200
177,1523600
8,314700
6,222600
235,1526000
55,1585500
4,194200
15,426200
4,150700
43,1233300
3,126800
16,515800
42,1253300
4172,4059900
523,1191800
58,1617300
96,973100
3,269100
2865,2636900
4,181200
3,126500
3,136400
49,1326200
21,577300
1,71300
15,446200
92,895200
379,507800
1,72700
36,982200
13,451300
108,1492100
32,877600
7,245900
8,261700
66,193200
45,1221100
112,1372600
6,246200
113,1561900
30,874800
4,205700
1123,1108100
47,1256100
23,632800
5,194000
71,374400
283,1124000
4,147500
2,96500
6,255000
10,342600
1259,1704200
881,1490600
890,1298700
8,298000
11,407400
3962,4664800
15,468500
150,807400
24,669300
1673,2724900
108,1268100
2,94800
125,168200
11,496500
376,459800
7,227600
327,735400
63,136300
4,173400
5,234000
200,539300
44,1237500
17,458100
443,632800
433,2100900
494,2338600
11,422700
18,638900
75,536100
79,766900
23,816900
14,493400
39,1076700
3,152300
149,1041600
6304,6375500
2,114700
5,178800
609,1816600
3,125400
73,382200
25,749100
34,981800
28,762700
23,669300
470,1286700
2,108600
82,616600
13,371300
1972,3282400
1,108700
1092,1873800
7,253200
21,691500
8,258900
4,150500
4,147700
10,294700
19,554500
44,1143000
37,1091300
36,1024600
150,812000
14,419800
27,763800
1871,1685000
2,102500
40,1177700
1,96700
53,1579600
20,563300
12,339400
15,479000
22,637200
11,340900
66,213500
8,334800
42,1284400
12,378500
4,148700
19,632500
7,231900
19,543600
79,642000
3138,3333800
103,1157100
3,137400
16,457300
377,494300
262,633700
1602,2927400
1099,2051800
9,282900
2823,2969400
36,1141800
2,123000
357,1732800
43,1205600
13,416400
58,1541600
8,244500
20,591000
38,1053400
7,294100
1,81700
10,431600
11,365200
14,431800
11,343900
49,1343200
23,678300
478,1577000
268,899300
5,179900
7,226100
3,139000
61,1729700
128,269300
1097,2027000
444,658100
2316,2445500
16,592400
74,602100
1155,2141500
5,221800
9,305100
7,221200
2,97100
29,807400
10,365300
8,270600
2840,3462300
2,100600
4,184800
15220,12780300
3,151200
5,179200
223,1204300
561,579900
1,75800
3,122600
339,1102400
3,124400
4,149300
20,651800
278,1105900
12,370000
1,75000
44,1258300
11,421300
269,876900
6,207400
115,1954700
842,2032600
58,1575900
14,503800
89,815400
2,122800
1,76800
3,191400
922,2218500
1517,1928800
1825,2102200
43,1294000
3,138900
58,1699200
3,131600
67,225600
74,428300
17,596000
367,1835600
2,112000
333,1116000
135,740400
1238,2707200
189,288700
3611,3184400
2,114800
31,848700
176,1562900
2,128900
8,324100
96,1328300
10,413800
177,1765000
29,774100
11,380300
165,1192800
6,200600
2,97400
7,275500
1,74500
12,445800
3,136500
2,98700
518,1105000
1,91200
83,772700
1,113900
1,91800
38,1046900
29,807100
134,400900
16,448400
7,263700
5,173900
11,396700
10632,10369500
17,686700
1752,1715800
2,120900
60,1630100
3,168100
1,112300
2,156800
598,1583900
47,1256500
26,939400
346,1272000
25,746500
894,1499100
32,900100
1,74700
611,1984400
457,1011600
108,1282600
9,275000
651,1376900
94,1164100
21,752000
42,1417000
1,88800
2,123600
887,1690500
2,127700
9,348100
2,162900
1022,2255400
115,1612700
27,776000
13,391200
7818,6591600
20,794200
1894,2910100
59,1686700
3,133400
64,155000
10,313000
1,72700
3,122100
2,112400
1,73600
3,122800
21,593200
3,152100
25,718800
15,455000
265,660100
79,761900
4,211000
41,1124300
2,105400
105,1242200
1,88400
19,601000
619,2286700
32,971300
24,792300
1594,2501200
394,903900
3,152200
105,1195900
1171,2282000
112,1363000
1103,2295000
3,180300
3,143100
10,305200
7,234900
2,100400
75,437500
4,222100
166,1283700
32,1065600
6,229800
7,360300
22,643400
1,75700
6,202100
8,251300
1143,1746400
5193,5552900
6,224600
9,307600
44,1423600
18,626800
1,90100
4,194400
153,1068400
45,1195600
60,1874500
70,370000
1,107300
167,1556900
1,120700
2,99300
1,79700
6,223500
1,90000
31,1018600
2216,2839100
1,83300
5,186400
11,350400
286,1443500
28,792200
18,619500
1,81200
5,183400
507,689900
1,73100
143,638400
92,849200
268,739100
3,137500
2,101300
3,123900
414,1731100
5,192600
3,183700
1,77600
8,281100
496,449700
3,132900
821,1050800
3,141800
3,126100
19,734800
28,887600
113,1782000
5,228800
10,376800
14,507500
2,99300
26,782500
493,1942300
1,87400
42,1208800
12,357400
74,394400
3,149700
1,92400
355,1440500
45,1354500
3,179900
671,1906700
343,1130600
68,354500
17,483500
2,115500
5,179400
14,433800
36,1048500
11,340700
9,332600
2,131500
2,141800
14,399200
264,698700
4416,3753500
15,441700
4,166600
61,1617800
8,247500
14,420600
1800,1867500
108,1400900
15,440400
21,592200
154,891600
52,1457900
8,258300
632,872300
111,1413900
1216,2064800
30,854000
4,173100
1684,1560500
3,129100
213,977500
600,1749800
119,1554300
5,260800
8,280600
28,769300
221,1092900
12,361200
16,511000
80,532400
3,142200
2,97100
4,169100
7,221900
10,324900
1,72200
4,215900
3,120500
5,173800
39,1097200
1,86300
13,399900
7,230300
6,219000
2004,2040600
711,1283600
17,508400
2,98700
305,1657200
849,31489400
52,1452900
4,154100
9,274700
270,1016900
3,145800
68,264700
2,100700
47,1314400
123,1654200
135,404600
5873,5634200
10,353900
990,2295300
3,141000
14,489100
32,938200
8777,7454900
34,924300
5908,4681300
2,106300
6,240300
69,385600
4,240400
9,349500
5,223100
14,441300
17,561100
7,302900
206,716700
4,163400
2,110500
1,75000
31,924400
7,226000
27,800900
5,183400
2,127400
46,1282000
31,901900
2533,3199400
56,1513200
104,1189700
1,72200
15,444400
1,72900
1,70700
12,383400
403,1257200
11,376300
59,1646800
4598,3855700
1,84700
7,231800
22,621100
10047,7508800
4731,4405800
4959,5634400
13,404600
3,133100
14,517700
26,733600
1,72200
204,620500
66,215100
1,71300
5,191800
616,1916900
1558,1389200
39,1178000
128,239500
12,372500
6,269700
2,112100
26,711500
8,276300
7,221500
2,99000
2,110300
2,111800
24,685000
438,514400
2495,2255600
735,2120200
48,1361500
2,99800
141,614300
8,250200
30,817100
2,106000
115,1579900
56,1926400
118,1590000
1,118700
167,1241600
6,202900
1,91800
23,630300
86,697600
18,522100
18,509500
1,76700
123,1747500
50,1331800
2,122400
1,80800
875,974900
2,100400
3,130800
336,1039200
1345,2303100
2,148100
30,826700
89,964400
22,849400
294,1522400
17,491400
2,99000
1,72200
554,2012000
7,225700
185,1710700
4,150600
238,1535100
35,945800
57,1504500
37,1058200
42,1140100
111,1441000
19,820300
7401,7212300
9,369300
38,1329200
11,505900
1,112300
10,328500
9,288900
101,1098100
370,1779600
2702,3094600
3,156300
7,239500
4,153000
11,331900
741,2172100
203,638700
62,85600
9,280400
169,1335100
7,260000
194,492000
69,298800
1570,1742900
5,181200
28,751800
8,342900
6,197300
8,279800
8,267500
197,476200
12,446900
6,195900
622,564400
99,1279700
26,1053400
7,313600
9,295100
1,74300
691,858000
3,149400
1,72000
90,788800
2,106200
6,217700
15755,12177100
1106,2257100
12,419400
230,1501200
323,624900
25,691500
4,187000
9,361300
1497,1353900
8,287000
4,148700
1862,1522600
257,490300
32,955000
54,1723700
34,1203000
221,1111900
82,756100
18,545700
5,199200
40,1206200
8,246300
48,1313300
5,175600
10,358100
35,992100
4,195700
17,673900
3,181100
72,410600
1,81800
101,1088100
6,236000
2,108000
168,1290900
38,1017500
56,1471400
118,1516500
1,73400
6,198300
664,1822600
7,248500
20,660000
5,194200
6,201800
165,1274100
6,199400
2,96400
3,121000
8,275300
108,1364700
1,80100
1082,1974600
2,141000
1,95000
388,906200
191,388800
213,900500
407,1323100
102,1119800
6,219500
394,923600
84,655100
30,1057300
20,600400
6,202200
120,1624700
1,77900
1,72400
1,94100
2,102900
24,714500
2580,3050000
17,495100
1098,2005600
55,1630600
14,426200
6,293300
88,754500
3,124300
4,167500
2,109500
21,724400
2,157300
1748,1825200
28,903700
99,1191200
163,1304500
8,395700
28,811900
7,247100
77,585900
4,164900
373,410800
111,1471400
8,313400
7,241300
149,866900
9,326000
206,739500
1,116500
52,1776700
8758,7608500
115,1966500
8,341500
6,238800
1,75100
14,448100
12,477600
11,344600
329,789700
2,100900
29,888200
7,433600
3734,3535300
969,2019300
367,1880100
11,389200
1781,2683800
141,630000
2325,2615700
18817,16600700
2,133400
296,1546600
9,285100
31,952600
17,540500
1736,1291100
2,101800
10,313600
2,106100
5,177200
35,1021600
7,243100
9,340900
78,579900
1,97600
9,275300
4,151900
122,1780000
10413,9259900
1055,891500
5,189300
12,370400
2,100600
24,650700
9,295700
288,1793400
1,83700
493,1926200
3,125400
12,363600
40,1105900
6,209300
12,367100
7,238600
24,658800
5,192600
4,147300
17,502000
1,88600
4,160900
118,1533000
7,257400
4492,4294800
813,929500
17,481500
7,225300
214,963400
45,1215200
2,112600
21,647700
4,145000
2,97400
1,76100
9,291400
30,879500
48,1258800
1,71600
5,167100
2,119600
226,1194100
4,165300
13,407600
21,595700
23,648200
18,540400
19,506900
130,273600
36,1225500
6,225000
36,1041400
77,492100
206,685700
4814,4833300
4,168000
856,2146000
2,155200
1,110600
61,1742600
26,717200
41,1204600
18,493000
5,222400
10,415100
6,277900
76,527900
3,123000
2,102900
1,81500
7,242700
104,1266600
5,259200
172,1549600
30,1049700
2,139300
2,100600
4508,4644000
49,1477000
23,663500
28,819700
76,456000
39,1061100
74,566400
6,238600
38,1043800
73,464100
378,510800
2,100200
5517,6081200
74,506600
5,246400
26,770500
102,1164800
195,461500
161,1182600
1,73300
38,986200
2,105300
6,212100
2,115400
14,433900
11,323100
563,755500
177,1828300
5,203800
44,1182100
29,1054600
3,128800
21,595300
1,91900
1,121900
1,92700
242,2071000
3,158800
7,285700
1,89400
18,586400
3,146200
1442,1602300
2,106800
3,174300
27,725800
3,122700
30,881200
26,683000
1611,3065800
32,1038800
11,379100
3077,3224200
16,519400
539,1511800
5,200500
762,1029400
7,225100
4,183700
11,369300
7,241400
1,71100
34,924600
3,140900
4,191600
263,571400
50,1451100
3,124000
1,72200
2,152700
799,2652100
2468,3581300
3,187900
49,1319200
1,73200
4,172400
51,1365900
598,1589300
11,343300
17,500700
19,520400
14,393400
111,1355300
46,1441100
134,417300
654,1525900
36,1091500
190,327100
1,76700
1,112600
1225,2287900
3,126300
99,1325500
3,168500
1,90900
2,124100
18,715600
6,226200
9356,8414200
9,382700
1,75800
56,1516800
5,181200
1,72000
6,199400
789,1894600
1,117800
1,89800
34,1046300
17,477400
7,223000
69,285100
44,1248800
71,337400
31,891000
6,196100
1400,1975000
7047,6536800
5,286100
8,260800
5,175900
2,100500
1,73100
1,73300
2,158600
2,178700
193,489800
4,202600
6,253400
19,680800
83,784300
2,102100
21,587700
115,1554100
5703,6959900
3839,4358100
3,127300
31,852000
160,1070000
380,528300
4,147500
3,144300
21,631400
433,1942900
9,275900
2,104100
5,169400
60,1668000
11,344900
25,777000
490,1852500
1130,1330500
1,112800
6,216100
122,1691300
1168,2276100
1,72700
169,1281800
1,70600
11,331500
272,908200
3,156700
6,211100
4,161600
2,95300
10,372300
1,117300
25,707900
8,257800
65,187800
10,427600
11,458200
21,660100
6,254700
28,918200
62,116600
198,604500
20,631200
3,143300
3,123200
58,1572100
2,115300
5,176300
3,124900
13,370700
774,1462300
65,173900
5,179000
7,223700
1,71900
32,918300
43,1137000
186,217700
1,70200
2,95600
7,219300
14,384600
1,69700
752,822000
4389,5045400
210,909300
1,85500
227,1296100
4,155300
14,422300
27,897200
2615,2222800
1,77300
8,245900
1,72000
3,174000
11,382000
30,808700
9,284000
43,1151300
1,71100
1,69600
1,68800
4,153900
17,524200
2,156500
61,1586000
24,667700
1,73100
103,1342600
10,373900
682,677700
24,985700
1,88400
109,1459000
148,812800
70,297100
229,1334300
66,197700
207,728800
3,141900
93,943700
76,450100
2,144100
371,2187200
14,390200
1,70900
2721,3522000
7963,6859800
36,993300
30,893300
2,113600
1198,1487000
1,86000
2,112400
251,293900
6,202700
3,132400
34,978800
15,414400
44,1244400
4,168000
324,629900
12,435100
22,633100
15,420600
3,126500
350,1522700
94,961400
39,1048400
1,91800
11845,9591700
13,407100
3,128800
4,148300
3,123600
4,150300
865,2342300
89,799900
1,73000
50,1407800
15,419900
5,173000
13,403300
2848,3910400
3,138900
69,267100
415,1430200
1,83300
2,117500
244,1792900
2,99000
1,71700
12,357800
3,223900
1,97100
261,786700
4,189800
4,204800
290,1522500
2,105700
11,408500
4,241300
3,129300
26,749900
24,734700
4,175300
2,100900
19,540100
7,218000
21,617300
343,1116100
3,122800
3,120100
12,443400
3,126000
22,624700
6,201300
5,233600
70,443900
114,1632100
90,909500
797,2082200
5,178100
6,225800
4,151400
1,80400
194,444200
5,174000
40,1073700
998,1037300
2,103100
201,568500
32,881700
23,612800
749,744900
65,224500
2,95200
400,1045000
4,168900
44,1152800
1,129800
3,157200
1479,2578100
478,1672900
246,1785800
1,74900
4,164400
3,121600
12,430400
2146,2732400
24,675700
2,133000
4,161700
2,104400
7,229200
18,571300
151,878900
3,127300
14,402200
63,131100
291,1384000
2,118400
4486,3917100
1661,2597200
2,181600
52,1472700
742,2229000
1650,2313900
1,78200
243,1694900
1,83000
454,1052700
3,125900
669,1798300
32,868500
158,1018000
1,72400
85,874000
12190,11477100
3,307000
1798,1440300
27,1096700
6,256000
20,561300
40,1505100
9,364500
4,190400
12,493000
4283,3667700
2,182500
5,195900
1,75100
297,1689200
112,1543900
1472,2610500
4679,4585000
141,727500
1,106700
87,746900
2,100800
46,1226400
10,411600
77,690300
57,1663800
3271,4011000
1,133300
933,920700
1,100700
703,1254700
19,558500
47,1297500
2,101100
1,73900
14,467400
4864,5004100
2,148200
126,204000
67,264000
2,115100
2,98900
3,126900
62,86200
155,1012900
1,81800
1,110100
1,72700
38,1055100
3,131200
31,904200
1,73300
1,71900
75,511600
105,1169000
1,74500
1,81200
648,1336100
4,171100
929,2564300
56,1585200
3,203800
2,171800
37,1098400
99,1041600
2,99100
1527,2199300
38,1018700
28,928500
2,123800
1354,2733500
2,116100
1,74100
2,105000
12,361300
1197,1337100
137,476600
96,926700
50,1329400
5,184600
794,2128500
208,864900
1112,2487800
2,147600
18,542800
1,77100
1,69900
5,171000
281,1117700
87,754000
3,133500
14,444400
11,345900
1,71600
7,219200
3,137200
10,295400
2702,2850700
1,78300
6,196600
2,96400
12,381900
3,123400
11,338800
7,238300
7,217900
25,706900
1,71600
2,118600
50,1494000
160,1231700
27,773400
25,725400
87,771100
1,75200
68,314700
4,156500
7,242100
1,72500
28,866700
127,221900
1,73000
1,70200
133,409700
16,504200
3,142100
2,94900
2,94500
21,654200
4,212300
1,120500
39,1286500
15,429900
6,233300
28,743600
922,2165500
2,134400
15,434100
38,1199600
21,606300
4,157000
32,942000
9,273300
159,1061100
94,905000
417,1562700
48,1352000
21,903000
4,194900
647,1338800
5,183000
59,1594700
52,1443900
21,568200
14,425900
14,444100
11,459700
292,1755300
454,1066300
9,372100
79,547700
17,551200
361,1685000
9,351700
1091,1920100
34,912000
6,207200
1,123000
356,1482900
59,1537700
2,96100
3,211600
34,1176100
1,116200
38,1410900
10,382000
21,692600
46,1277600
165,1295800
8,261500
3,124600
49,1345800
134,448900
14,437800
1487,2809100
1,124600
7,289800
88,825600
775,1532800
11,441700
24,829200
972,1954300
5,246700
443,685500
871,741200
38,1127400
3,155500
277,1076500
45,1355100
12,477600
2179,2519500
18,651800
2,155500
904,1964300
7,274200
575,968800
24,751500
152,879500
195,500300
2,203200
9,371600
26,698400
19,612200
4,166800
73,402400
1,78500
2,99900
2,98700
2,145900
2,100900
46,1301500
122,1663600
6,198700
2,95600
43,1250900
2307,3549800
116,1531200
9,277600
168,1297600
69,299400
207,757600
12,359100
3,144000
30,1246600
59,1705500
1,87300
59,1597700
695,923900
6,229900
160,1078300
86,752800
49,1347000
99,1122000
2,111500
13,408500
427,1742300
8,259300
3,131800
2,99300
12,345000
3,124100
54,1465300
12,369000
1,72000
2,130600
170,1658200
11917,9892600
1,113000
41,1186100
10,301800
43,1172900
151,855900
73,658400
173,1550400
8,285200
2,113000
76,476900
5,188400
42,1170200
174,1446000
131,305500
161,1158100
3,135000
75,407800
3,120200
3,154200
40,1121600
425,1689400
3,127900
130,319100
9,304800
22,610300
38,1027400
35,941800
85,784600
169,1528200
14,437800
3,125900
3,123900
9,289500
9,298600
3,134300
10,404400
3,123800
212,866700
317,517500
4,173000
70,291200
1,84200
24,686400
945,1095400
89,818700
125,164800
10914,8591000
4,187600
8,262900
28,826200
4090,4647600
5,206200
381,614900
4,148400
16,454900
6,214700
1327,1647300
40,1095800
141,588200
742,2136100
3,124700
1,70800
12,375700
12,350600
4,147600
887,1334200
18,518800
19,560000
9,291800
1,77800
2,96200
2,101400
399,1210700
29,796200
531,1363700
118,1508100
3,123400
6,197700
396,937000
150,820400
727,1711800
74,448500
2,98000
33,892400
413,1707300
4,205900
1607,3142700
838,1486900
67,227400
28,775200
3,144500
237,1489500
666,1679300
37,1021200
3,123500
10,319100
280,1039000
1,80700
100,1117000
6,199100
61,1603000
11,327000
170,1626900
14,432700
225,1202000
11,347200
149,804100
52,1451500
10,300400
5,197900
66,234500
2925,2572700
126,186500
6,201000
2,117800
1,73900
2530,3347700
1,86200
40,1071700
1435,1309800
30,952900
1,78200
120,1709200
11,321400
1,72100
732,1875300
2,152500
10561,8771200
315,444100
21,681300
5,317700
6,244700
116,1590800
3,134400
891,1476300
9,323300
13811,12253500
1,112800
11,337000
6,228300
7,371500
4,201500
18,532300
389,751100
607,1887500
23,799900
306,1869700
18,529700
2,120300
7110,7000800
1,198900
6,314400
4,167600
3,146300
116,1652200
368,1857100
14,400300
634,961600
962,1729000
27,731200
7,221800
65,190000
9,269600
551,2216500
10437,9105200
468,1290600
2,99500
88,867000
25,666800
248,209100
11,382400
17,513700
1,72700
3,123000
14,467100
3,161000
5,241100
3,143300
2,122100
1,72300
20,599400
2,97600
52,1368200
3,123200
1,69900
19,679800
1,94800
2415,3434800
5,179400
6,198600
9,296000
2,97800
11228,10158800
2,155400
1,90100
97,1405700
6,290700
291,1570100
189,375700
1,90400
6,202900
1135,1451300
37,1051900
9,330500
1,80700
3,170200
17,612100
2596,3973500
431,2275200
336,1126600
2,103500
1,92900
3501,3299900
1,106400
75,426600
9,366700
19,653000
75,441300
15,461200
15,535200
86,730100
77,637900
3,122800
37,1066800
19,558400
30,952700
1,93000
1,92500
4,151000
15,423300
16,447400
3,233300
374,432600
1,84000
22,629600
466,1352900
2,115300
9,290400
7,227900
1,96800
11392,10124700
9,357900
29,791600
262,731000
10,393400
161,1303800
46,1236600
13,452000
3081,3645000
1,98300
3,131700
1368,1162700
126,191200
5,172400
1,93100
2,98800
225,1180100
12,389300
1,84400
3177,2729000
1743,1568600
283,1222500
7,237800
424,2185900
3,129200
174,1465500
1,73900
101,1161500
195,451100
3,134000
3323,3407700
290,1344800
1,73800
1,71200
63,168500
19,511300
10,317700
3902,4407700
2,100400
4503,4738100
24,757500
983,2101300
7,281800
1318,1403300
495,1930300
205,752100
32,882400
876,926000
1,74100
5,175300
859,2197700
10,333400
16,468900
253,398500
303,1822500
1,97700
49,1327800
45,1195500
94,1167300
18,489700
14,403300
17,487600
72,427800
49,1339900
1,71200
1628,1726600
385,658100
5,175500
1,93400
179,1587600
23,653300
2,94600
1,69700
2,97600
93,912400
21,637600
12,367900
3,171700
14,399300
1,71400
3,184600
10464,9098600
11,353000
148,753100
9,301000
12,378500
9607,9190300
1,105700
19,532600
26,943200
1,121600
22,620700
2,100300
72,413200
5,179400
1,73900
75,439500
19,520300
2,118200
2,96200
2,105800
6,239600
384,637600
6,214100
6,215500
9,269200
2,107300
2,130100
2,104100
138,466700
4850,3950200
19,583600
2557,2577400
12,441600
412,1377700
103,1231400
4,175100
189,261000
5626,5347300
21,772300
6,215300
5,176000
216,1531200
2315,2429700
856,1955600
2875,2663100
1376,1377200
3,144700
18,498000
15,512300
8,272500
25,676600
115,1570400
56,1662200
291,1587200
34,910300
7,264700
875,962300
111,1431400
270,1036400
67,244500
1002,1048400
2,99900
22,706800
3,129700
251,300800
47,1297900
19,523500
8314,7468400
218,1235300
3,234000
55,1722000
11,424800
62,126900
471,1548100
1,95800
6,219300
11,379000
246,2338200
173,1798900
178,1895100
92,1015300
3191,3240800
9370,7483500
26,736500
3497,3089700
7,481800
44,1236300
16,618700
3,210400
32,899100
2294,1860000
70,295400
23,661900
1489,1174600
3,155400
3,123300
8,259300
15,436200
18,530600
41,1146500
78,516400
30,845400
15,429100
3,171500
14,444000
2,99200
482,1618600
59,1740800
207,752200
8,248500
2,122700
36,949600
1,80400
17,505600
159,1060200
2,132900
4,160200
7,250400
3854,3310800
50,1357800
13,372700
4,159000
424,1691300
2,101300
39,1110900
6,210700
25,715000
64,29221000
7,285200
8937,7320800
104,1265900
2,118400
215,931100
323,588200
22,613700
2880,3188900
152,910400
31,967300
3,128000
5,175500
25,698300
38,1273100
2,106500
2,100900
536,1544100
102,1160900
3,157700
496,500500
136,525300
2,97200
2,95300
1,79700
197,466600
1008,1176600
27,795800
2,114800
3,121600
18,559700
6,307000
2,127800
57,1572700
52,1901100
2,185900
57,1541900
17,509400
6,197300
158,1382900
126,211600
9,316200
16,454300
55,1699000
53,1434400
2,115400
7,223500
278,1033100
1,72600
1341,2424600
36,965000
22,696900
385,649500
113,1465200
15,456500
54,1736600
1991,2047400
122,1671900
22,667000
52,1386600
462,1203100
79,682200
5,194600
16,513900
966,1665900
279,1052600
9,286900
48,1271000
422,1588000
23,655500
1133,1359100
1,96300
16,505100
2,99200
56,1576600
2,114800
49,1308900
1055,879600
6,219500
11,433700
8,266500
18,505600
2,97800
18,687700
85,735400
3596,3112300
2,141600
2,152700
876,956700
2,110700
4,149800
2,112400
9,279900
6341,5580900
287,1442200
2,113600
2,106700
40,1059200
24,661500
72,350800
139,543200
10,311200
4,171600
10,299400
11,321900
4,147000
52,1699200
3,193700
4,155700
208,798100
3,125800
859,2072200
36,979000
3390,3881300
46,1269300
2,103700
3,132300
1,71400
887,1192300
701,1034400
1,82800
3,120600
2,100500
7,218900
10,304900
10,363500
7,259600
3,124300
3,165100
539,1478400
85,683900
55,1453700
96,998600
3,127400
856,1929000
8932,7007800
116,1562000
48,1631500
97,1136700
47,1329300
1,77000
397,1016500
1,76500
3,142900
7,219800
6,203200
1,69600
38,1072400
97,1152900
278,1318600
18,584600
97,1091200
10,320200
20,588700
5,189500
5,173900
9,273100
1,70300
37,1049800
181,1723900
781,1505400
1,76100
8,267200
756,925500
14,426600
39,1020000
22,651500
5,214600
27,745600
148,776100
1,87200
1,70900
30,783900
122,1701500
6468,5453000
705,1169100
30,898300
177,1482400
2297,1847300
59,1652200
6832,5696600
2,148000
20,574300
3,186200
40,1057400
17,532800
7,291900
1684,1489400
11,329500
180,1646900
2,172500
16,468100
1,106600
1,78700
20,568800
47,1233000
2832,3552200
24,683400
24,754300
9,290800
4,147300
1085,1792500
4,176400
44,1242600
62,108200
26,762000
27,720300
8,278000
40,1059100
3,119900
19,527700
77,626500
349,1363400
1,82100
6,248300
4,151200
5,198500
8,347200
20,692200
1,75400
40,1160200
4,174400
38,1229500
347,1275800
29,893500
116,1494400
2,100400
32,886100
2604,2021000
1,81800
37,1016000
912,1897800
208,1056100
1,90300
316,534600
206,895800
152,1090900
229,1520600
5,190500
79,575300
2,102100
15,461300
1158,2069800
10,401100
1274,1939800
6,247900
14,407700
6,205200
234,1900200
9,343400
1,91900
1,70500
851,1916000
473,1487400
7,238000
1,72500
1,70000
8,266100
15,435900
6,195400
1235,2702100
195,568600
232,1641000
11,622500
2,182400
124,224600
9,300200
3,143800
42,1121300
14,402700
1,72800
2776,3537200
1,105000
48,1326400
3,124200
14,447500
2,109900
1,71200
8,280200
9,289700
97,992600
21,592700
3,125000
62,105600
7,431600
2,188700
2,145900
5,179700
1,73300
1,76900
34,1113400
3,156400
2,111800
120,1648700
1,78900
31,869800
11,322500
6,213400
28,776100
131,330800
2,123100
10166,9234100
278,1062900
59,1629600
3,210800
1403,2277200
100,1238000
5,230300
7,272000
54,1539100
4,178600
154,942600
16,461900
5766,4492700
22,659200
9,277900
24,750200
39,1139500
3,141700
3,141100
83,695700
3,128100
27,767000
1443,1537400
3661,2981400
2,139200
3,141000
31,1067100
58,1608800
215,1006800
5,222500
2,138200
8,271400
2,108400
19,601200
12,481800
37,1207100
30,831500
5,196500
1,76000
12,360900
1,72500
2,100600
3,130300
112,1426900
2,99600
22,711700
10,400900
7,320700
36,1231800
2,124500
2,129200
2,122800
11,431600
17,595300
50,1723800
3237,3492700
380,914800
56,1532100
367,1855900
2,126200
3,151300
48,1276100
4,163900
4,147700
25,799100
660,1638000
2,99200
733,1920800
3,195600
1,77100
4,151500
4201,5017400
57,1680700
14,426400
36,1137700
70,435500
3,127900
14,451400
1,81800
3,138000
20,646900
16,488700
29,1095100
2,101600
312,333500
16,490700
15,467000
44,1242000
124,141000
11,346700
48,1653500
364,1935200
1,122700
51,1904100
1,127700
1,89300
16,555700
1,73700
4,166900
1,72900
3,158100
120,2068100
34,1039800
247,1911900
12,389800
11,353700
26,790400
23,796600
8,302100
3,125400
2,99900
2,99100
105,1371600
6,207100
9,276600
25,838800
1,89800
11,339500
28,875400
29,837300
8,423400
1925,1797000
24,728800
2,116700
14,455800
42,1140400
32,1078700
2,100800
77,603600
26,900900
54,1599700
1318,1657700
220,1155500
1,75700
14,403800
16,527000
21,693600
3,185000
305,1851500
18,846000
37,1088300
78,527100
392,846200
41,1147600
71,378900
981,2296200
304,1927700
215,1018100
13556,11871700
55,1675200
13,477300
2890,3463400
3,139400
4,152600
2,154900
2,107900
34,955400
134,404900
4,187700
235,1555800
67,238400
1,119500
5,195000
49,1344100
4,171900
13,380700
2689,3385000
170,1822800
2,135000
34,1194900
202,723400
2,132100
30,1094700
8,251400
161,1112800
7,222500
12,464500
1340,2279800
1,83000
996,1085300
8,281300
9,322300
19,565700
3,126000
174,1500800
3501,4521900
8,311800
39,1076700
66,240900
545,1830900
12,489400
12,417500
147,837400
13,458500
5,228100
1566,1765000
5,201600
191,307300
369,1946900
7,237400
3,127800
22,705500
3,180100
11,341600
60,1658700
68,258200
150,923500
63,149100
4128,4318700
46,1287300
1643,2285300
11,335100
2101,3218900
54,1445400
2,103000
5247,4818200
41,1220200
55,1557300
20,547100
12,452800
9,449100
75,620800
26,713700
67,263600
2,105000
190,295200
79,554700
2972,4529900
59,1655300
2,177500
22,628300
55,1551300
63,131600
1,71200
1280,2068800
44,1503400
4,196400
2128,2608400
88,777700
3,127200
4,151500
21,718000
24,682200
1,75900
8,316700
87,736300
8,245100
33,1064000
2599,3764100
14,521200
1,104200
50,1365800
11,353200
61,1737100
2561,2785900
27,796200
81,598700
15,479000
119,1547400
1,108400
465,1184600
2,129500
28,784400
2,99100
397,1031300
5,287000
180,1986800
67,238900
13,406200
2,115700
151,991200
403,1425100
112,1356100
20,548100
57,1488100
103,1577700
2,160900
1,89600
9,304800
3,125300
4,163000
224,1419500
399,1248200
2,125300
5,178200
6,233400
14,410800
4,149100
7,246300
501,594800
171,1353800
37,1024700
143,661800
2,98100
3,125300
8,452800
15,707500
2,121600
5,177400
5,187600
1,72400
12,489300
9,282600
14,442200
14,392300
74,438000
977,2029500
376,459900
2401,3124500
15,467700
9,302200
5,210200
276,924400
5178,5046100
4,319300
13,443700
7,223700
1,71800
42,1225900
1,78800
123,1626800
4,191600
12512,10598800
1,104900
13,386900
64,145100
2220,3040000
2782,3396100
271,903200
4,158200
5,185200
2,143200
8,260000
99,1051200
5,233500
14,464600
100,1153700
95,1142200
11,354400
174,1651700
1020,1635900
40,1177200
6351,6175600
30,959100
4,171800
126,191300
1,71000
31,876400
41,1256700
6,215800
12706,11775400
27,929400
12,388600
1,76300
5,180500
15,462800
5,298300
1999,1945000
191,324200
16,439000
6,224100
136,472600
9,271800
2,257100
7,224500
2,104300
329,837500
9,280000
242,1741300
11,354000
1,72100
429,1984900
1605,2820300
5,234500
1,98500
117,1570100
1189,1227200
1,92900
95,909400
56,1510100
59,1894600
395,1084200
15,438000
84,674300
31,905400
15,446700
47,1307600
4,152600
5454,5549100
16,482600
2,115900
568,686600
2,101500
10,337200
7055,6846600
96,1063600
283,1138000
23,693800
9,271800
9,288300
28,756000
611,1876100
21,563200
25,706500
699,1095200
1563,2074000
408,1491800
110,1437800
2176,1823300
58,1674100
1,80600
82,727900
1,76900
1,72900
3,132100
5,177400
4,168500
13,382100
321,582100
69,339300
5,181200
323,609600
6,202200
2,108400
30,863100
434,349800
157,953000
3,156500
617,2016000
1,83700
9,458500
44,1491000
31,966800
2,107500
14,443100
3,131300
4,148200
2114,1785700
1,82100
2,115600
134,396200
5,172700
1,78700
645,1255200
632,1007400
8,260800
2,109000
6,200500
9,364300
2,110400
167,1373800
1,115600
3,178700
38,1126000
9,376800
1,85700
34,940900
28,832900
37,1100400
115,1531400
1324,1633700
1,132400
68,335300
31,855800
9827,8638900
106,1377300
20,724200
16,586200
4,189000
58,1921100
2,123000
1,114100
2193,2447900
3,128100
1,133500
6,210600
1,74000
32,863200
115,1457900
1023,1626300
631,831900
2,97900
33,885600
47,1221900
3,180300
1,78900
43,1166500
6,294100
1,76300
1,80200
12,490300
100,1229900
36,1002800
206,830300
2,156000
9,389300
4544,3937500
28,795800
121,1635700
718,1609400
29,827400
5697,6364400
4,205500
2,104000
5137,6517900
6,237900
215,983400
72,387500
6,200400
28,775300
72,381300
5,175100
175,1602300
6,208900
42,1261200
49,1329000
599,1794900
1,101100
1,76500
145,847600
1,84200
18,581900
554,2103900
531,1653200
37,1132400
3,132100
50,1432800
1,82900
1,74000
182,1823300
2,112300
1,83800
1,70900
658,1507100
22,641300
2,126100
2,100600
11,320600
682,596300
30,1030600
235,1527000
382,587000
62,88200
394,974400
6,204800
2,114400
209,768700
41,1107500
281,1169500
21,602300
165,1230900
1,74400
1,71100
2,97500
88,858900
9,372100
2,115600
137,503500
6,219300
63,124400
143,692300
13,374000
31,1042500
54,1636100
2,107800
3,124700
91,853300
167,1287000
6,216100
7,290300
47,1339800
2,117000
732,2024000
1789,2841300
28,774700
13,744000
672,2103300
25,718400
105,1307700
3,206100
43,1235600
38,1040900
9,331600
6,206700
442,632400
164,1267700
38,1048700
1887,2298200
594,1499100
1,76700
9,293200
19,673700
4,198700
5054,4734500
38,1136900
67,232100
103,1182100
2,120900
95,920300
173,1408600
2,96400
8,275800
4,163300
6122,6116400
11,367300
19,603400
11,323300
68,341800
3,124600
6,233800
61,1613200
2,97300
1,81300
23,619300
1,72400
5,231300
2,103100
10,340200
29,969400
6,207200
2,119300
14,389400
8,244400
16,469100
301,1561600
9,269500
18303,14393600
4,189800
72,481500
3,211100
90,879200
157,1025600
95,968400
27,792100
3,154800
132,439900
429,1907200
3,126200
109,1314900
4,179800
3345,3984900
439,537800
2,98100
23,638100
3,146900
2,102000
1764,2098400
38,1165200
79,717400
81,715600
1,96900
21,699700
1,87600
2,119700
1,132300
244,1745900
293,1508600
559,496500
16,462600
1,81700
83,859400
17,500900
319,524800
2,122400
8,309400
62,88800
356,1581400
496,428400
1,71900
205,673600
3,124900
50,1338900
8271,6993300
2,115600
1,88800
3,127800
1,94600
2,96700
607,1709700
3118,2709800
52,1388800
4,158900
74,429900
2,118300
3,155500
502,582300
3,125600
57,1537200
44,1180500
3,132800
10,292400
119,1526300
2,104200
152,865100
1,82300
452,888700
12,371400
28,788900
208,749300
4,216700
3,124800
9,284300
14,398000
103,1143600
33,850700
4,147200
8,263900
49,1271500
73,406500
42,1128700
1,73100
114,1488400
3,133400
109,1605000
2,111700
33,918500
6,196200
395,925900
30,990600
6,257600
2,143700
83,630600
721,1654200
48,1354500
15685,13307100
6,250900
415,1610900
4,162600
1,72900
547,1780800
2,101900
241,1790200
101,1199700
5,183500
38,1163000
437,409900
4,148200
1,70700
39,1189800
287,1512200
35,1101000
11,353500
165,1260300
160,1063700
4,166600
24,702800
1,88000
82,587400
3124,2966900
218,1021900
2,99400
4,157600
5,174500
2,95400
23,696600
40,1118500
8,297800
5,178700
2,130500
73,408100
19,548200
3354,2580700
5,248500
935,1212800
46,1323700
896,1480400
200,563300
526,1152900
31,858600
406,1197300
6,226700
416,1527700
1,84900
7,266400
24,667400
8,240000
96,1187100
1,120600
2,124200
479,1901300
6,213300
23,878300
311,398600
1,80400
27,841000
2,137400
4,169500
21,597300
1,73900
534,1566000
13,504000
281,1138600
106,1233000
44,1226200
489,2096500
42,1258400
7402,6975300
213,1044600
67,244900
11,378100
631,857600
3,129200
31,881400
1,102000
126,199100
21,675900
4,148400
398,1085900
1196,1577800
35,991800
1222,2128100
1,76200
1,72400
3,121300
13435,12328100
245,1706400
120,1837800
2,126500
6,528400
1,100200
16,597600
3955,4767400
10,432400
1,102500
12,433900
7,230800
150,927000
1098,2087900
15474,12212800
142,796700
6,235300
268,707600
112,1383000
19,548800
193,386000
17,569800
94,911700
47,1252000
688,838700
30,916300
7,270900
1,88800
29,789100
12,379200
108,1347500
906,1825600
4,214600
80,620800
2,115900
4,165300
7,369900
41,1427400
3258,3444100
2195,2351000
149,907300
66,214400
138,532600
107,1414900
142,649400
2172,1882000
10,322300
270,1068900
8,347800
2,124300
61,1813600
22,727400
1242,1086800
191,335400
4,173600
13,400400
3,134700
34,935800
7,236100
45,1439800
8,259200
5,215300
3,172900
1835,2611600
1,93800
1,149300
98,1131200
78,619700
13,390800
5,189300
25,763600
12,385700
187,216100
35,995800
2,104800
3,159600
7,246000
2,107800
326,719500
100,1116900
6,203200
40,1144100
5133,5615000
28,896700
1,144500
840,1542700
3,132100
2,117600
1,79700
3,125300
7,264200
110,1425000
1417,2501000
3,129300
227,1348900
93,892900
8,298300
235,1652800
8,275300
9,293100
17,528600
337,1048200
108,1396600
303,1710500
145,771000
739,2169000
44,1269600
34,930300
107,1527000
60,1972700
74,739100
70,427700
4,197000
4,222300
3,159400
1,93200
92,1413400
249,378300
14,635800
11,462300
2193,2925000
34,955300
59,1644800
1,93600
1,76500
1,73000
4,168700
4,174100
1,72600
39,1063600
925,2199400
196,446200
4,149300
4,170400
4,160700
2,96900
30,843800
304,1633800
13,541700
114,2029900
5,214500
309,1845200
22,671200
50,1327300
4,144100
3,117800
14,565800
4,188800
1009,1597100
1,109600
32,1064300
3,180000
2,122700
22,728400
1,129300
2,103000
1,71500
2,96300
85,673100
1573,2233900
1,101200
1197,2197400
10,382000
25,960400
35,1086400
204,684200
3,126100
3,144200
2,99400
3,123900
9,312700
14,417400
5,187000
395,920300
2,126300
6,207500
15,416800
50,1312200
3,120700
26,732300
6,242900
5,176200
1,107100
26,723200
4,156400
3,124300
5,236700
3,128000
1,72400
390,775400
2,114800
1,70100
70,307500
3,132700
8,284800
13,376100
5,175500
6,192100
4460,5242600
8,271500
4,164200
5,206700
27,778000
3,122400
47,1323100
245,1755900
2,100100
2602,4119500
4,165300
6,201000
1,72900
25,892700
53,1591400
932,919300
10,323300
203,623900
5,175100
52,1373000
4,149000
3,120200
17,482400
1,91000
59,1530400
9,270300
152,879500
188,217200
2,113900
6,196000
15,464300
15,437300
645,1141300
14,445800
1,80800
58,1768700
921,2843700
62,145600
36,1262100
16,577200
13,475300
201,684500
2,143000
2,98800
2674,2235900
2,103800
31,1073100
1,91700
20,677400
721,1660000
9,309900
7,221700
633,811000
950,1280400
328,760200
4,154300
1,71400
33,1107700
47,1555400
4,205400
49,1504600
12,352800
7,225200
349,1402500
26,840300
13,416300
22,606300
1375,1385500
104,1183700
2,97100
51,1359400
12,391200
18,560500
54,1447000
136,424200
6,198800
25,708300
23,757000
193,385700
34,992800
4,191200
1,83200
56,1763300
141,726100
5663,5233600
54,1455500
1,72600
15,414400
1,87100
87,764600
20,730000
16,527400
2342,3515300
4,202500
5,214000
1,76100
7,230800
4,279700
1,97800
142,768500
1,88500
35,1058000
2,110300
27,749000
322,669900
61,1648600
2,99300
696,889300
2,131700
2298,2133600
1,96400
1,95900
7,256300
168,1347400
3,132000
2,98700
3,203800
79,737600
202,758500
2,135600
707,1213500
163,1202000
74,411300
6,219500
179,1641100
2,108700
31,924000
743,2363700
143,688000
63,114600
2,115100
2,96300
38,1081000
468,1290700
10,310400
165,1298100
4135,4443100
155,975000
5,182400
17,537300
714,1397100
1,78900
60,1618600
1,76600
246,1725600
26,704100
75,443500
138,569400
2,98500
5,194400
16,430700
1,70200
1617,1621300
3249,3587200
118,1620500
42,1134900
94,895800
13,397700
1,83300
308,2028400
174,1462000
6,209900
9953,10142800
9,364700
2766,3264400
558,470900
1122,969500
339,1068600
397,965800
9074,7539900
429,2009800
2472,3659300
21,1077200
213,928600
96,1161700
9270,31542900
2,153600
64,183200
2,102200
4,165700
4,156000
12,355200
1,81600
197,508200
3,127500
3,126800
37,1081000
1,76900
288,1495800
11,352500
27,954700
1,78000
340,1299000
169,1365200
2,116700
30,905200
113,1530400
34,974100
29,991200
12,371100
1500,1495800
9380,8345900
94,995600
2,121800
1391,1821400
2,120600
11,370700
1,73900
5,175700
130,318100
1499,1508100
6,206700
50,1366300
3,125800
52,1710100
1,105100
1,90500
2,101000
152,1049800
17964,16091800
2,153000
8,298500
20,723600
70,475900
4,160300
8,252700
72,374000
179,1646400
1,80900
16,480600
9,277000
34,1146000
84,844000
1,82300
8,367000
2,142500
248,299400
11,345100
208,1035100
3203,3714400
142,970800
3,167800
46,1295500
8,281600
6,209300
4,154500
2,98200
40,1269800
2822,3420700
525,1297600
1030,2249200
31,1115900
831,1547700
2,116300
178,1850400
1,83600
29,982400
5,193200
216,1129700
139,590100
2,118600
1906,2893800
6,226300
6,212500
5,183400
330,900900
4735,4375900
18,694600
8,338100
6,214400
13,398500
2,121100
6,238700
4058,4296500
388,843300
1057,1015600
12,364100
1144,1607800
8,252300
164,1151200
1,82700
4,178500
88,794100
4,149400
1,102800
3327,3597900
111,1459300
1747,1865700
807,755200
199,583200
1,74200
6,209000
6203,4802000
9,294900
4,260400
3,162900
13,489400
4530,3637200
5,192700
62,114400
8,259000
62,93100
10,577500
260,706600
2,120500
1,83800
6,245200
1,92900
1,94400
9,281700
3,135100
38,1034200
340,1067000
202,778900
16,590000
27,873900
4,202900
2,101100
38,1052900
38,1157300
31,936300
4,175300
4,149200
26,720100
490,1750300
18,509100
2,109000
154,906500
15,718800
8,394700
2,143700
3,157300
1,91900
118,1797400
5,193800
10,332000
3,140000
8,252600
14,399400
13,401300
1,70600
1,97300
61,1615900
656,1533100
24,648800
221,1194600
2,103600
6,206200
109,1305500
444,716400
53,1384400
1,111300
1,75800
1,92600
2311,2113400
7,222300
1071,1369800
1,83200
1167,2415600
93,891500
179,1691000
817,995300
6,228700
603,1655000
280,1508400
427,2056500
5,181400
5450,6034600
519,1107100
93,1077700
13423,10997700
16,578300
66,341900
17,619300
1,145200
519,1095700
4,154700
17,571100
156,997900
31,849900
15,461500
4,149900
467,1249700
86,687200
35,964400
2093,3189400
10,311500
9,273400
1,79800
51,1553300
7,286600
367,1904200
2,104900
3,124600
43,1199700
3,124300
480,1568300
1,118600
95,988300
446,714500
41,1079300
186,192500
20,642600
2,103800
11990,9999700
5,241500
9,297300
51,1344900
15,481300
6,248000
95,966900
232,1690400
7,301400
3,142500
879,913000
11,328300
1,101400
4,172900
195,431600
3,123300
448,746000
9888,8199900
1021,1571900
10,346600
5,186300
17,523800
14,464500
5,173700
20,665300
54,1447700
2,108000
58,1557900
1,80000
54,1389100
878,948000
4,160600
418,1800500
239,1620800
3,131400
4,183700
94,965000
33,973100
20,574900
5499,4912900
54,1714300
685,697500
9,287600
8,254400
2,133700
412,1488400
3575,4086200
1,97200
14,465600
3,129800
38,1055900
1,79800
1396,1877700
24,688100
70,337800
219,1032000
1,73000
15,442200
419,1638800
62,109400
46,1305100
3080,3622900
560,628800
3,137500
232,1542700
9,298100
1,86500
2108,1675600
3,144600
8,252000
127,238800
51,1401400
2,105300
41,1382600
3,157500
40,1416200
1598,3003300
18,550100
145,713200
64,147300
195,522900
10,326400
91,850700
35,949200
2,105200
3,148300
3,125700
18,516800
1098,2049600
8,289800
4,148800
10,288800
52,1377000
80,537700
12,375500
2,136400
133,426600
9,469300
2,121500
7,224400
8,278200
19,543500
46,1283000
25,911300
6,249600
177,1909500
3,351100
1,90500
7,304500
250,373600
30,892900
13,383700
11173,8825400
149,880600
2,132900
2,101200
1,72600
1280,1976000
15,442400
868,671000
15,492900
24,675700
8,303200
26,704600
30,1032500
4066,4494500
27,743500
6,196900
57,1561800
9,292600
12,405300
93,863200
57,1507500
2444,2897600
24,804600
1,80200
3,146000
1,74200
9,276100
3,137600
56,1557100
77,460500
3,123100
29,805900
18302,14304200
1964,2741000
2,109000
5,193100
59,1561900
3,121400
12,337300
9,291100
3,150600
25,698600
2,94700
1741,1431900
90,796100
70,325200
18,525900
87,693000
4,170700
51,1562200
1,83200
4,250700
3,192200
38,1109200
953,1758900
390,1022300
9,345800
5,243800
3,150100
4,180900
125,214200
18,698500
33,933200
14,387600
1,70100
11012,9488600
5,217200
4,154400
9,281200
645,1297600
764,1247100
18,520000
6,204200
126,195600
55,1839300
1,110300
500,733400
3,181700
11,421200
364,2039500
629,934100
1716,3028600
22,797500
2,124600
36,1226600
65,210800
2,126000
41,1123100
1,122100
202,634100
2,100300
49,1333300
3,148300
4,163300
2,108300
1550,1296800
9,299800
1881,1998700
1,83500
1,80400
2,112600
573,893400
81,593600
173,1510100
186,176300
5,221800
5,175500
44,1448800
163,1198100
1,76100
97,1102300
41,1200000
7,223500
1183,1236700
1,82600
76,451100
27,839300
92,866400
12,487700
12,359200
1,71400
11,337900
1,81400
375,475800
34,963100
7,222100
314,399600
575,849700
3,123500
6,221800
7,260500
4,193600
28,778900
3,121800
648,1292200
24,932800
4,263600
62,167700
39,1281500
46,1254500
4,174000
3,131700
2496,2269600
1,122800
40,1060400
50,1376100
24,642200
48,1451000
1528,2451200
3,207200
5,194200
1,81800
4,158800
4,176000
174,1680700
13,378800
8,326200
5,200800
2550,2154100
374,369700
71,361600
2,110700
1586,2101900
1,72900
7,240800
4,148300
1,78100
4,192400
136,485500
49,1268300
5,199700
8,246400
26,744100
387,744400
2,99600
169,1517600
1376,1936800
13845,11388100
1,97000
21,633100
327,736300
1,118400
3,163600
5,260300
26,893700
10,500600
2,200800
24,767100
4,151800
1,72700
112,1513000
5,191900
2418,1914700
19,534200
117,1593100
705,1262500
7,239300
673,1916700
84,715300
17,467900
24,694000
981,2009400
121,1731400
9799,7770000
1044,2113600
28,787000
3,138800
4,189300
15,419600
2,96200
6,215400
2,111200
9,270900
1,97500
321,583500
20,620500
33,939700
1424,2951700
304,1871500
492,2130500
102,1230700
716,1691500
7,250700
43,1252800
2,100400
2521,3645400
296,1461900
25,1092900
58,1739900
108,1349100
861,2179000
14,457700
337,1019200
222,1129100
1,83500
167,1374900
8,256300
5,178000
367,1988900
5,238000
136,554300
48,1330800
21,607300
504,876300
7,263700
6,202300
597,1592800
3,148800
437,448700
9,275500
23,638500
7,238000
863,2327100
61,1656000
19,536500
2,108600
562,583000
1,75600
10461,9360300
480,1606500
4,155700
2,98600
38,1103100
3,145800
211,852100
2,118500
397,1003000
46,1299300
12,390600
21,715200
5,213100
216,985700
1,79700
3,124700
82,628600
4,149700
431,1896700
3,140000
38,1120300
5,196200
1,73700
4,163000
60,1918900
98,1003000
8166,7128300
5,190300
326,731600
244,1773800
4,178300
52,1543600
28,808400
2,100100
546,1844800
3,155800
2,98100
2,121000
1,89900
99,1043000
1,79000
2,112500
98,1065200
39,1113200
3,138600
18,528000
1278,2075300
764,1126700
3748,3574200
7251,6697600
11,370700
321,525600
1941,1933900
2,101800
4,152000
16,478500
2,133600
457,903500
585,1136000
3,131900
1,71600
50,1517700
85,712300
81,723700
72,384200
4,149500
224,1185600
129,274100
1,82600
3,139400
38,1029300
4,152300
4,167300
65,206400
1,91800
566,819100
93,935900
193,395700
11,361600
2252,2343100
529,1476200
3,163900
2,119100
4,157800
7,249800
2,99200
11,378100
1,71800
19,517300
28,808200
7533,6945800
194,447000
5,197700
77,556700
3,166100
3406,4516600
1979,3186200
174,1475700
23,653400
5,171800
239,1776000
22,616800
53,1416700
3,147300
25,716100
1,70000
1,69800
18,480000
8,244700
143,824600
2,137900
3,128500
11,441500
5,186100
3,192200
9,336500
269,780200
2886,3142500
2,100200
9,283000
3,137000
366,2223800
70,331800
1,72800
3,125700
40,1137300
27,766200
1,86300
2,111800
1,82400
30,1015800
7,295300
5,222900
409,1552500
232,1500200
22,666800
221,1135200
10,305500
23,632800
158,1122800
16,464300
1,90000
1,103600
585,1659800
142,719200
185,1768500
2,100100
3806,3589400
1,78700
3,129000
2519,3405600
36,1007000
54,1426100
2,99800
286,1583800
8,287300
462,1090800
465,1455400
6932,6368700
180,1864100
61,1933000
7,239200
8,257200
8,268200
549,1814600
4,159600
7356,6896800
2,113000
5,178600
2204,2524800
432,1856600
1,75300
462,1070000
9,374100
29,856900
4,152500
12,347000
58,1582600
31,992500
3,131000
95,972700
1,96900
5,201300
19,550800
16,457800
2,99400
1,71300
309,1927500
1,82300
10,327900
66,304200
7,333600
2534,3455400
3,124300
2,94800
662,1627400
2,117700
24,690300
812,729900
11,394800
11,410500
259,676600
9,370700
26,1206500
91,972800
9,315900
129,294100
212,935000
6,277600
1,84100
10,310500
405,1322500
1632,1905400
654,1482500
17,500400
12,439200
111,1456500
10,379600
821,1092700
17,557700
4,152900
5,174800
79,697000
11,363600
1,123100
2,103900
156,937200
1,73000
10,436500
54,1817200
46,1216200
152,972000
311,333800
31,862600
58,2053100
63,115100
7,229000
240,1909200
21,659800
93,912100
60,1993700
29,885200
1,77000
337,1143400
5,227100
10190,8549200
70,439900
77,534100
1,114500
19,615700
311,316500
44,1236700
595,1507600
146,764400
2,104200
11,378300
59,1686700
5,194100
5,178900
25,776800
2,99800
2,98200
3,122900
6,197700
57,1833900
32,1147600
21,724600
25,909000
16,579700
25,838600
23,796400
5,216100
11,400200
11,407300
1725,3107200
11,378800
942,1016800
30,864400
1,95400
134,383700
1,72200
1,115700
36,993000
13,427300
52,1395600
4,163600
2,100100
21,636500
319,503800
196,475500
1,81300
2843,3451200
107,1330700
1232,2510700
14,484000
1,79500
11,378100
134,410700
2,100300
13,370200
53,1441100
98,1076500
22,585400
10,290600
3833,4579200
842,2091200
3,153700
2499,2696900
10,499300
3285,3926500
2,121500
4,192700
8,247800
99,1030700
2,97900
7,249700
339,995600
16,536300
12,461300
4074,4308000
44,1166500
1,77700
4,160000
1209,2088200
24,758900
14,420700
79,634700
133,396400
17,469100
15,464300
7,284800
5,206900
214,944400
1,77000
4,162800
1788,2792800
68,301500
72,380700
181,1547100
12,360700
6,198200
2,98200
1567,1699900
55,1490300
972,2004700
1,84100
1431,1374500
205,802100
715,1954200
6855,5983100
133,410400
1947,2114100
7,234700
1122,1280400
18,555700
271,950200
13,504500
3,150800
180,1611900
50,1391500
15,688500
86,735500
229,1392000
45,1191200
3,216700
1,106200
376,437200
9,267500
1,80500
285,1233500
201,569900
11,359200
2,143600
459,1017900
4678,4688900
2,114700
47,1250100
1,71100
108,1267800
4,145600
4,171700
1407,2241900
7,230800
35,967600
2,97300
8,247600
2,136400
1076,1394200
1,80900
6,236600
48,1291400
112,1441200
15,577100
7,275100
9,293700
2,122400
2,122600
23,624000
3,137000
44,1233900
687,664600
18,734800
5,234500
3,154900
148,911400
3,134500
24,681800
3683,3426800
53,1456900
470,1268400
7,223500
72,346300
14,413800
47,1231300
4,285300
325,707800
134,395300
98,1088900
177,1577800
4,178300
3625,3459500
3,137200
8,248800
3,123200
2,97000
73,418400
3,136500
181,1668200
1,79100
11,327700
4,184500
4,172200
808,689200
25,725900
22,663500
8,268400
10,297200
1,70500
1,89500
39,1038100
2,127300
2,104200
1,92600
5,187600
40,1044100
1,71100
7,265500
343,1143700
25,697400
264,685200
8,244200
3,131900
31,865700
26,695300
2,96100
24,682300
3,137200
13,370700
260,567300
2,180500
14,423900
2,117500
52,1433900
40,1070500
2,99900
1,88300
16,500600
15,470600
5,176300
1722,2678400
212,1070400
19,870900
1,117700
25,732600
25,671400
52,1447200
20,599100
3,168400
1,95300
403,1294000
46,1412400
674,2124400
1,116800
6,252600
91,951400
10,360700
231,1396700
750,768700
225,1236500
3,124300
2,96900
232,1696000
11,374800
731,1919100
737,2106400
5,229200
4,153000
224,1211300
271,1061900
376,410700
6730,6163900
115,1631200
197,531000
9,368500
205,747600
26,707700
54,1663900
1965,2704500
122,1713900
93,902300
43,1191800
1,82700
6,197900
81,613300
57,1760100
51,1440200
4177,4087800
616,2334900
4637,5059600
41,1133100
4,174800
76,469600
366,1750500
27,824900
33,918400
2,120700
46,1223900
4,180000
23,646100
112,1434700
5,178300
1,86700
14,392400
32,926800
35,1042900
174,1676400
48,1395600
2,165200
23,652300
276,951100
6,214400
13,367200
1010,1390800
3,129100
34,1089200
51,1632700
8,342000
38,1019500
6,265200
2863,2552400
2,121900
4628,5433500
6,216200
34,997200
39,1032200
2,97300
1007,1281000
36,974400
30,878500
2983,2603800
41,1130700
94,1027400
2,103100
16,438400
23,835600
19,558600
35,1095100
2,147100
1,98300
8,308100
1,88100
56,1900800
22,670100
2,97800
3910,3127400
1,81200
13,374800
343,1193400
125,177000
1,72500
17,474800
64,136900
8,332000
98,1256800
5,199900
22,725700
105,1213400
264,723400
4476,4253400
20,616200
25,867600
2,107200
1,100200
18,500500
3,125400
10,399400
32,948500
311,344400
10,431600
9,295800
8531,7731700
2,123700
146,728300
5,248100
2,115700
78,531600
91,842600
5335,4641500
61,1899600
11,406500
3,149400
1,97400
11,382300
1,101500
1042,2185200
17,540000
2,100200
686,644600
3,147400
4900,4018200
81,765200
165,1265500
4,151600
1,86000
37,1035900
1,112300
1505,1690900
22,794200
68,282900
5,192600
37,1134500
26,704600
50,1434700
16,488600
2,99200
3985,3457700
134,457100
1,73800
21,753300
926,2210200
48,1352700
203,814100
51,1459900
137,491900
15977,13203200
344,1294200
16,479400
9,277200
3525,4081400
2,111900
3,123500
1216,1954000
22,644800
155,977300
13,389500
5,197800
44,1174000
2,213600
15652,12806600
7,274400
176,1515900
707,1267700
33,924500
225,1322300
90,841100
5,191000
25,787100
1993,1788300
195,406600
17,514900
1,71700
180,1573100
6,214500
28,777600
12942,10883400
5,240500
3,124000
18,516000
7,220700
3368,2932200
725,1732100
38,988100
1176,2560100
4,154300
1,72200
11,354900
6,246600
9,308700
31,855500
16,591600
103,1256200
10,411000
75,452300
29,866900
40,1147800
1,74300
16,602800
4,197800
1,90900
6,250900
50,1340200
41,1092600
86,774700
1,108400
766,1307500
6,233500
12,428400
62,93900
1450,1967900
27,901800
1,103300
29,967100
201,764700
15,472700
1,78900
3,150900
12,461100
4,189000
741,2282700
1960,2525400
28,868400
155,919400
1,76400
6,277600
30,863600
26,733800
16,474200
35,987700
9,327700
3,141300
1,83800
24,664200
93,937700
2,127700
6,197600
1,71600
127,214200
1,91500
8,257200
203,646000
9,272200
1,70300
781,1728700
10,362000
5,192500
35,983300
413,1596200
924,2352800
6,212800
4927,4943800
81,586300
1,89100
4,199900
17,533000
27,737300
1,98000
168,1422800
55,1525800
14,436800
108,1308700
603,1680700
1,79800
1,71600
11,361900
87,726100
508,841700
163,1178100
843,1684700
368,1929200
97,1010100
125,179400
6,257800
21,631100
68,313400
18,560000
15,497800
15,438700
1,114000
8,270700
2704,3008200
3,131200
16,508200
1,72100
1,70300
12,366300
632,881200
555,1928900
7,220600
148,801800
58,1548800
164,1219800
2,113200
406,1209100
113,1479200
1303,1164700
337,994200
2,102500
27,770400
35,1025700
3,128000
10,305500
7,254100
7,317600
106,1511000
4,199700
19,678600
34,1170000
56,1831900
6,252200
15,519400
1,89000
7,299900
9,339700
10,390000
4,184000
2,120900
12,442100
1,100200
7,282000
1,88500
21,737600
574,1191400
146,785400
6,208600
121,1570000
316,447100
5,188000
262,583600
4,148900
14,436600
10,321300
39,1344800
9,313200
2832,3231200
4,186100
187,286500
28,866300
10,301000
8,261600
1,71000
1172,2588600
10,24861300
1,94500
15,479200
2,102300
5,185100
2,99000
2,101300
361,1707400
1260,1579500
1,74200
246,1864600
5,177700
3,144400
371,1837900
149,767100
50,1355200
6,225400
27,827400
1,91800
3951,4309100
19,598500
1419,2637300
2,121100
1168,2362400
1,149000
192,388900
3,136000
22,605300
26,729500
131,340300
4,181400
1,71400
71,322700
5,173600
3,122800
9,378100
74,636900
10,339200
21,665200
4,160600
14,445200
54,1519400
1458,2032100
239,1608500
12,348100
345,1257300
90,784100
2,101400
97,1065400
3,126100
2,108600
565,681900
1,95900
14,430600
10,341400
5,175700
16,521700
280,1145400
435,533400
1,74700
20,600900
11,319800
6,224300
6368,6276600
12,481900
13,382700
17,536600
1,78100
11965,11017900
13,431300
143,641500
4,155000
58,1544500
1,79900
42,1153600
94,968100
13,407900
3358,2753900
3,166000
2,138000
2,98000
4,146700
559,449700
4,161800
31,1043500
152,968200
259,528900
1004,1097200
86,716800
12,340900
107,1427500
50,1495500
144,702900
13,375500
430,1956100
327,814000
11,335400
6643,5813300
190,305100
805,2447000
12,407000
1614,1282300
385,653700
4,181600
3,140900
8,262400
27,795000
2,98300
36,978500
4,172800
8,268700
14,406700
2,99000
3,133600
124,130100
49,1358600
26,836700
2,118000
27,767000
8,263900
7,312900
137,596700
1,75700
218,1096600
5,268700
5396,4427700
5,196200
15,463500
1,71100
22,591500
1,132100
2,119400
5164,4338700
8,302400
260,567100
13,413300
145,695600
292,1474600
5,183700
1,101200
17,478400
5,179600
6,209500
4,167600
633,994400
29,811000
8,281200
18,541000
1080,1494300
4,154000
1,85400
12,374700
40,1068700
161,1089800
2,98400
1,71100
1921,3156100
123,1811200
160,1222800
72,343300
37,1011300
344,1206900
412,1424200
86,751500
3,147900
585,1246500
11,318200
5571,5616400
14,441700
5,296600
92,957500
181,1980200
5,233400
678,2829200
1,91000
880,1054800
1,73800
3,121300
23,776500
67,309400
2056,2035300
66,211500
5,176300
166,1277100
4,152200
1,70300
1509,1716600
3,127500
1,72400
2,97400
86,813800
402,1176000
5,249400
32,858500
6,202700
16,563900
2,114300
31,859700
3012,3134100
8,291400
117,1619500
68,359600
22,626200
5,171100
3,154400
120,1593000
5,178200
7,235800
73,413400
8,273300
3472,2721000
49,1375000
3,124100
58,1546600
4,162800
22,640300
53,1446400
740,2472800
132,381100
110,1429700
55,1510700
3,129900
2,99900
19,549000
3,134200
2,97900
17800,13953600
2,150900
90,1007900
255,404500
4,164900
59,1810600
2575,3083700
8,268500
8,297800
1,72300
93,859100
2,116400
198,495900
10,329300
1,84600
207,732100
20,593700
3,126000
48,1341500
43,1437000
37,985800
92,890500
8,256300
11,320600
14,432700
3,122200
37,1014200
5,216300
2,121600
2,98000
3,177600
1,102400
17,498600
8,279500
75,487500
2,118500
3,128400
477,1568600
1,110000
11,370900
5,176800
13,385900
3,146600
244,1674900
86,780500
214,931800
11,351100
449,815500
61,1673800
183,1655800
9,293900
4,172500
2,97900
1229,2549500
2,108200
6,253500
2,98200
15,655300
9,346900
33,1081700
1,121000
5,219400
6,209200
8,263400
3,125700
3,123400
706,1226700
18,513300
401,1320600
15,531300
959,1617100
273,935200
32,873500
140,572300
28,743600
5,232300
423,1689600
408,1289900
1,80300
14,498900
14,514800
2,140800
5492,5105400
109,1383000
190,308600
126,221700
3,127200
11,358700
72,382400
1,72700
122,1659500
331,811600
9,348100
29,805700
10830,9626600
21,864400
14,471200
4366,4288400
17,477600
114,1452100
1,77100
5,176900
117,1512700
4,160300
2537,3386000
2409,3353900
1681,1478800
163,1405500
80,561000
20,663000
2,108100
6,200300
139,695700
16,628700
35,1193400
482,2023700
1,77100
37,1009500
139,516700
1201,1541700
2,101500
70,405800
240,1718800
62,121400
48,1325800
2,112300
1,71500
1,81100
42,1120000
19,574900
163,1189900
3,145900
3,138900
17,501600
1,85700
1,81100
2,102600
3,122800
281,1100700
63,126600
61,1682800
4472,3900000
2,122400
4612,4035900
3032,3739000
121,1703000
81,580000
23,705300
9,304400
37,1181000
55,1412800
7,244400
164,1173700
224,1192200
8,255000
802,2080300
68,268300
3049,3434100
29,996700
7,308300
1,77000
85,748400
15,422500
121,1820100
47,1308700
17,480700
18,541900
3,156500
13,381500
1,76100
5,168700
83,724100
800,2091700
23,622100
535,1547300
76,577800
169,1447600
4445,4685400
24,781000
1205,1798500
57,1533000
44,1183200
2,97700
8,266200
74,484900
33,905900
313,391600
2,110000
30,834000
3,123400
3936,3642300
1580,1970300
611,1842700
13,405000
6,223700
4,148200
8,246600
60,1643300
3280,4298300
1789,3209000
3,133200
4,228000
177,1484700
2,158500
2,122800
34,909300
3,122200
1,85700
16,527900
41,1310900
2,176800
20,577900
82,700100
1,114500
406,1382000
44,1223700
5,264300
9,358900
3,126600
10,321300
64,145600
2,97900
39,1202900
84,677600
3,139600
330,999100
18,758900
369,1777900
24,668800
196,542600
16,480900
14,443300
5,221500
9371,7945800
6517,5439200
14,446600
34,924000
36,993800
6,198500
18,519100
3,159100
2,130500
4,220900
21,581400
26,789500
35,942800
1,83500
1,109200
954,1388200
1805,1625500
786,1733800
14,465600
1,85900
4,180700
1,72700
6,199300
61,1641800
367,1700700
18,583200
4,161300
8,257200
17,498100
210,850100
4,151000
2,96700
253,335000
1,135000
114,1734600
1,101500
9,302800
91,963700
33,988700
128,332500
2,138600
2,100700
3,124900
4,151500
4,206500
86,771900
134,419100
479,1631700
385,658200
7,238700
65,186000
2,102400
1717,2598400
77,530900
2,105900
25,911200
6,209400
3923,3421800
5,193300
1063,1053500
10254,8472400
14,506500
23,735400
962,1592500
2189,2454400
35,1149100
20,545900
2,140800
5,181300
39,1148500
3,121100
4770,5192600
32,946900
67,216100
3,143500
23,850000
48,1309200
13333,10095900
20,584400
9,309100
9,277600
322,577000
34,956700
61,1895900
4,162200
118,1607400
51,1466900
161,1262200
24,687900
9,376500
257,539200
96,1024900
8,266600
3,124600
3088,3569400
1,84500
1020,1688100
2201,2382100
31,1116600
25,802800
191,375100
685,594300
1,81600
13,408100
3,263100
90,1142300
3,159800
4,187500
2,140500
286,1680900
44,1479100
10,409200
235,1842000
1,88000
16,494700
48,1492400
3,166400
15,451000
38,1254000
21,601500
11,524000
1567,2017200
1,90300
2,105200
47,1444600
10,353500
459,1233800
1,101000
2,104100
6,203600
1,92800
216,1054100
14,413900
5,200200
1,95200
45,1371600
144,676400
14,438900
5420,5252800
6,264000
6,216100
1674,1216700
13,423800
26,686000
101,1256700
45,1195000
6124,5878400
290,1362900
2,100000
2,150500
184,1837300
130,328700
5747,7148200
14,418200
7,267100
4,153000
52,1364500
6,221200
28,912100
649,1436000
9,296400
62,94000
2,123700
43,1378100
2,156400
17359,15696300
4,221600
1,75500
16,480500
239,1577900
226,1311900
1,74800
9,295600
29,808000
1203,1628000
5517,5766100
1875,1739100
686,697600
387,726100
9,273800
25,821900
5,203500
29,790100
2,99100
1,114800
137,518600
55,1777500
8,331500
15,441300
4,152400
31,872000
4,150300
32,827100
1,87900
3,123800
3,133500
3,128800
133,381900
14,405700
6,284100
7,231800
22,641500
13,384600
525,1239100
4,147500
9,268800
8,364800
14,451000
422,1648800
3741,3365300
1,78800
2,104500
38,1280500
96,1049900
31,829900
208,779600
110,1311600
3,123600
149,822300
1,88400
753,775400
37,1054200
1144,1941700
5,210500
1065,1402900
6,265200
47,1393100
11,368500
3,162900
7,221100
38,1034700
3,145200
1204,2115400
48,1449200
11,443100
11,323800
211,833800
162,1114000
2,113600
5,171600
8,272900
11,339600
1,72000
3,123600
939,972900
1,77300
15,409200
1,75500
29,802800
3,139700
120,1592400
152,861900
682,537300
168,1305300
26,718200
335,1022100
21,596100
220,1085500
58,1704300
3,173000
5,219500
3,156300
2,122000
450,935800
3,137300
192,342700
139,495300
637,1000500
4,167900
5,174600
898,1526100
6,212600
2,107800
23,777800
1,91900
17,494400
191,350800
6,220800
56,1596800
20,584100
84,653800
9129,7419800
6,261700
13319,12172400
132,466000
4,249200
7,296900
16,464900
25,899700
4,167500
1,73800
2,110100
2,98400
10,322200
7,273500
1,83000
288,1751800
8,357100
44,1460100
32,1190900
69,304000
27,733100
2,199600
76,565400
15,433400
42,1292600
5,189000
19,541800
37,1196700
1,76300
2411,3333100
20,549500
26,804000
17,479200
8,269500
1,82100
69,293700
368,1816600
893,1345000
2,102500
917,1997300
3,146600
3,132600
55,1521800
7,290100
168,1320400
25,702500
3214,3772000
3,129100
49,1377300
99,1096500
1,102100
5,186200
8,242600
2,100600
2,95200
7,229300
60,1714500
11294,8821800
17,516700
60,1609200
2,118000
2034,2801800
27,778500
6,196900
290,1378500
7703,6037700
9,337600
115,1861700
5,179500
31,1067200
4,164600
199,527000
2834,3313200
4,211500
16,562000
3,228000
84,737100
12,391800
20,566900
263,768200
14,540100
2570,2935300
79,600900
106,1231900
3,132100
13,400900
7,222500
209,890400
351,1672100
4,204800
6,324800
122,2057000
30,1032900
5,257800
69,374300
9,320000
3,146300
1463,2259900
3,142500
123,1869300
9,307100
8,245600
1201,1610200
9,287800
1,74400
1,72700
69,298100
36,1045400
3,166400
5,191100
10,319400
15,454800
2,115400
2,145700
1,127200
8055,7959400
2,186600
4,368700
4780,3974200
105,1400000
1,121300
119,1648800
10,307500
2,118300
25,780300
1,82600
64,145600
1645,2443800
6,240100
2,112200
9,281000
1,74900
19,541500
1,116200
18,555600
17,493900
2,114600
222,1172500
55,1607100
9,399500
7,380400
3,178200
7,233000
436,418400
19,588800
4,207700
242,1694700
16,445000
33,896600
95,1005300
10662,10242900
2081,2907200
1,132800
505,709900
35,1121500
66,218500
1,82600
3727,3165900
1,82300
973,1885300
66,234600
48,1392300
258,601800
1577,1935500
79,514000
36,1023500
102,1196500
15,432400
1,74400
18,560300
3,122500
2,95800
143,666400
211,817800
1,73900
2,111800
12,340100
5,195700
65,165000
20,549900
1751,1747400
2,100400
54,1510300
3,126500
2,108300
103,1139500
68,250000
3,124000
3,146500
925,2181100
20,595100
114,1418700
3,122600
22,606000
1,84500
102,1145200
9,266300
10,314400
14,443200
1,77200
44,1151300
29,811600
437,442500
57,1520300
221,1070600
1113,2474400
24,685100
4,150100
17,511800
3,140100
9,512100
4,218900
6,256100
30,817600
392,1048700
1,76800
12,368100
19,722600
3,154800
33,912000
2,110100
64,188200
124,137500
1,79900
94,936500
4,157400
7,303800
1,71200
46,1231700
2618,2374000
11,342500
1,90900
28,769300
50,1429200
3,131700
11,321400
2,98100
5,255300
436,460400
2,99300
11,322700
2726,3914400
279,1088200
16,462500
12,389900
1,71900
11,330900
2,96700
71,319200
41,1103700
7,223500
14,430300
9,285300
2,117900
6960,5633200
12,401700
6,202600
75,475300
1278,2108600
37,1095300
10,308800
14,596700
16,469200
2,102100
40,1159300
1,77000
3,128800
2,99900
19156,15936600
6,279300
4,154800
1382,1592800
10,308000
61,1637000
164,1293000
60,1801300
1977,2860900
487,1898300
41,1150000
2,101200
4,198300
25,722600
2480,1938400
3,140600
17,515700
125,180900
9,306300
1,71300
71,323800
12,365000
1,89700
85,727500
17,468500
10,313400
26,787300
16,450400
39,1058600
3,127700
2106,3461200
15,452400
5,177100
341,1137500
17,594800
1725,2777200
1893,2481000
167,1383800
340,1100800
34,934200
5,174300
53,1410900
232,1491100
1,74700
66,190900
662,1594700
87,921600
1,113400
3,165100
12,411900
14,507200
3,180600
14,440300
1,88400
11,321800
424,1795500
13,442000
4,153400
76,468200
1,72100
11,375800
1059,1016800
17,546200
4,207100
46,1535300
29,1025700
12,440800
13,479800
652,1803400
97,1085300
19,580900
47,1325100
3,130400
348,1416900
335,922600
6,211900
1,71300
15,442600
23,618200
4,166900
7,224600
9,292900
1498,1445800
298,1589300
2,112200
54,1460300
4,153600
265,730800
1,80500
440,527600
2,98500
263,624600
3,166900
276,1038500
9378,8041900
11,497400
27,765500
1,78700
8,248000
19,619000
9,325700
99,1012800
12,374800
11,362900
9,278200
158,1055700
1,101100
42,1327300
78,706700
49,1431800
76,502600
8081,6705400
11,373200
1618,1447400
20,612700
1,72400
451,864500
2,114200
120,1622500
14,416500
68,252400
189,295000
138,537100
205,704100
634,848100
872,804000
15,479600
54,1420500
14,491700
10,318600
3,126700
62,92100
9,276900
1522,2403100
701,1042400
14,434100
343,1162000
149,845400
6183,6603800
4,189900
30,905000
35,1179100
6765,5486000
490,1947200
144,967800
53,1575300
4,159800
2,100500
17,583500
677,2171100
385,698900
6,203400
33,960200
2431,2232700
1,79800
163,1126200
4,190700
1,157800
446,834100
4,153700
103,1219800
1,83200
64,151100
3,154200
6041,6192400
36,1034800
5,176100
152,834300
64,160500
332,877000
2,111400
10814,9090100
6,334700
1,76800
2,99400
13,416400
97,1026100
63,120200
41,1097800
44,1257300
1,73300
25,710800
153,912800
873,809400
38,1049800
6,213600
4,191500
103,1192700
2,100500
54,1452700
28,788500
1,71700
105,1211700
7,259600
5,287600
102,1294200
9,352600
121,2236500
33,1307400
83,642600
134,440500
21,610000
286,1300200
7,226000
3,124000
2,98800
1341,2174500
37,1044200
368,1901200
16,576300
32,938800
263,657000
5217,4298700
24,680500
3,144700
39,1087100
172,1409000
107,1268400
5,170600
3316,3256400
8,254300
3,123800
31,923600
25,697500
1,99900
1,107000
3450,3587600
288,1286600
2,111500
2385,2528800
54,1617600
71,393300
2,131100
9,284100
1,72300
2,96000
4,209700
26,738400
1,72400
114,1468200
343,1168300
2,117900
309,2036400
15,449100
68,248200
522,1107200
3,146500
81,708500
18,672100
22,803200
2,230400
5,220500
295,1652800
2,108600
51,1375800
11,425200
21,718800
1,73700
7,243400
5,174700
3,123000
133,456400
89,795100
6,204100
1,77500
1,95800
26,770600
158,1015500
7,326500
5,172100
22,614100
16,577900
175,1618300
3,174400
1,103200
9,431600
191,340200
2,104600
58,1860100
10447,10214200
9,383800
20,606800
3,124800
5674,5305000
104,1282200
792,1979400
1,77600
3,193400
11,365600
1,71400
4,157300
58,1561100
1,71400
1,71900
1,78600
239,1797600
32,1032100
4621,4586500
27,864800
2,139000
8212,7522400
366,1817100
14,638800
34,994300
60,1674800
3,130100
222,1124600
8,298500
3,124000
565,699700
18,536100
13740,11956600
407,1454400
304,1763800
218,1071900
3,156700
29,775100
11,363700
25,759600
1,75000
105,1260300
5,176400
411,1306800
38,1065200
12,403100
26,725500
52,1567300
12,395900
13,444900
328,780500
8,246400
21,584900
19,710600
31,1122100
1,111100
1,110100
1248,1538100
10,515300
10,354400
2,99800
1,71600
499,512900
10,478600
103,1174400
1,73000
1,72100
24,761300
17,484100
1,73100
196,482600
25,713100
89,955500
45,1771600
12578,11324000
163,1148000
22,790300
4,151500
372,339500
37,1198800
48,1427500
5,190000
60,1674700
16,550100
43,1299200
5,225200
235,1513700
19,540400
3,153900
76,442900
24,673500
27,761100
7,242900
1245,1116100
2,142600
31,883600
2,96400
6,216600
3,123100
109,1334400
2,192900
5,229600
1,105200
22,781300
59,1825400
11,387600
28,1005000
261,612000
2,131300
2,124100
232,1623400
17,641000
142,808300
82,662600
1,76700
5,191200
26,804000
1,83200
99,1044700
2,98800
13,380100
598,1542300
131,379600
95,1015400
674,2136000
22,634200
18074,14818000
26,22889700
132,499900
356,1711400
8,280900
52,1423300
18,522500
16,469800
14,395100
1,90100
4,148600
18,528100
51,1395400
5,200400
51,1393100
2,99400
137,501100
5,263400
3,188700
32,872100
44,1167600
3,130200
10,341000
2,103200
27,705700
2414,3279600
4,158200
6,233900
18,497200
2,97800
9,280500
4,167500
1602,2560600
4,153900
11,333200
114,1535400
3838,4483600
3,131700
5,175700
2595,3233900
58,1575200
10,332600
1,73200
823,1212900
17,503400
2,111000
30,794800
89,816300
829,1321000
376,556400
2,102100
2,100500
12,398000
38,1104400
44,1218800
30,817500
217,970400
11,375600
2,96300
1302,1008600
11,351700
82,606000
8,272300
79,568400
1,75100
2,101100
93,909900
4,157700
2,123000
1,85100
6,276800
1,73000
275,935900
3,134100
15,452600
7432,7774000
3,187100
22,600900
773,1390800
29,833100
23,651600
8,247100
236,1439800
5,204500
42,1162000
1,84100
206,755800
2,122100
397,968100
61,1753300
40,1140100
62,88000
166,1291200
35,996300
9,300900
6,199700
4,146300
1,72300
2,98500
1,78200
4,147500
2,105600
47,1339200
1910,2934000
206,736500
359,1868500
146,711100
11,341600
2,97200
2,96800
7,244700
4,170600
3,130000
2,95300
14,392900
2,220700
2,141300
387,757400
1,75300
124,131400
7,254400
1539,2625700
117,1655400
2,182600
7,333600
41,1357100
48,1580200
3,157900
27,876100
260,590000
25,951900
2,104800
330,836600
6,215900
6,221900
42,1449200
5,177500
9,270900
160,1126100
77,471700
1,78300
3,130300
5,173900
23,793700
20,589000
22,615500
9,333800
423,1624600
666,1641500
149,805200
396,998400
1,84100
3,126600
5,175700
1,71200
1,71700
7,223500
7,305300
2,126300
161,1124400
16,453600
4,172400
39,1101300
5,211700
7,253300
21,599200
86,708800
45,1189900
5,174800
36,1136100
778,1489700
2,113500
13,379900
22,592100
3,130000
54,1435800
75,443300
4,148700
293,1399100
231,1335600
30,922000
25,666100
33,928800
10,297300
50,1460000
97,1085900
733,2336700
3,133900
14,430400
8,260100
481,1668500
5,199100
38,1038400
48,1244600
93,899500
1,88000
4,146500
34,931200
44,1166600
7561,7913800
1,133000
14,418700
5,262500
26,782200
15,469000
5,174200
1461,2140500
69,321300
1,73700
12,354100
426,1683700
20,560900
10,294900
21,578900
43,1159300
8,250000
2,96600
740,2087100
249,300900
90,790200
2,97300
262,592100
3,153100
4,147800
12,399000
657,1560900
51,1458800
533,1392400
2,105900
5,171800
1,83700
3,125600
3,123600
6,199300
6,226000
10,325500
7,261700
68,284900
16,458400
3,123200
862,2137800
71,346200
65,170300
60,1653600
6,203500
6,198400
4220,3441200
3,205900
118,1613200
623,630600
1,75600
42,1153500
4,151500
2,98500
1,81300
46,1380400
816,1040400
20,569400
8,250500
45,1286600
32,1066800
12,458900
8,281500
10,300400
58,1660200
554,1967700
43,1212600
4,274100
1,107800
7,238800
690,794900
2,101400
1,72500
9385,7702600
10,356400
2,100000
1,71200
7,308000
9,285100
3,122200
765,1164700
62,93000
508,698000
437,472300
27,753600
3,140400
2,99400
1,70400
1,87300
85,726600
129,302700
94,926700
2,103600
304,1716200
73,359600
8,270800
18,517700
1464,2102500
13,457900
2,164200
14,447500
69,349700
510,837000
474,1457400
8,247600
166,1219300
1,72200
17,481500
1,85000
92,873100
30,828700
236,1545500
4,171100
94,1008300
2,99600
1,71500
7,262000
102,1163000
667,1980100
7,353100
49,1471900
5,299600
9,377200
2,104000
103,1320900
28,828900
12303,11711800
13,536000
450,854000
10,310100
149,888400
1,104000
40,1623700
196,591200
7,289600
73,504300
392,1073900
15,435400
12,438700
11,365700
90,869500
29,1025300
3,154700
10,344100
18,517700
2,103500
1,74800
250,514100
40,1107900
1,88200
96,1307500
1,78100
14,423800
25,772900
2,103900
967,1854300
306,1845300
22,627200
8,297100
101,1157000
56,1810600
50,1733200
12,421100
8153,7759800
4324,4420200
1,80600
7361,7165300
271,1004000
1,114500
14,529000
213,1020900
1,83400
22,647200
44,1190600
2322,2536900
29,766700
656,1469600
1,96300
32,861700
2,108100
51,1530000
678,1998100
6693,6791600
3,169000
6,197800
19,602600
378,523200
5,216500
1,125800
18,626700
42,1174200
6,258200
643,1122500
6,207000
56,1563200
251,429300
3790,3217900
4710,5078500
21,701700
2,105500
5,178400
4382,4640300
1472,2381900
574,865100
5,180900
2,133800
3407,4690400
8,300300
11,344900
4,153700
8,245400
6,234100
104,1194000
2,109900
773,1326300
19,536400
2,191300
26,759100
2,103300
1775,2524000
2,150900
7,226800
5,176600
16,638600
6,201100
2,137000
4,150100
10,298800
1,71400
5,249800
1,141000
98,1113800
46,1273500
1,76400
1,111700
10,354500
3,134200
10,299100
2,115600
21,644700
4,157700
3,164500
5,178000
16,479800
1605,2727400
7,237800
29,808700
12,385200
3,121900
30,792300
89,794000
12,379900
1,91800
1,70400
1,71200
5,228400
24,838400
216,994700
3,138500
9,294700
22,640900
12,368200
41,1111000
3152,3763000
1,105700
784,1616000
1,73100
3,140000
8,245800
1,77400
295,1467700
33,912200
1,71800
268,831300
19,530100
47,1408800
52,1534300
1811,1819000
8,256700
9,367500
4,196000
130,308600
18087,15385700
86,824100
59,1605400
39,1074600
10,316900
13,400900
86,863200
28,770900
50,2213600
257,541100
5,176700
4,149300
53,1463600
18,572800
7,226900
406,1378900
56,1506900
20,543700
459,1026100
49,1349000
7451,5952700
15,452700
6,210900
653,1757600
460,1551600
224,1278500
1,92200
2,118800
303,1735000
4,168800
16,451400
3,124900
2,106000
19,547700
22,614900
2,97500
13,364800
1,70100
4881,4734700
6,221100
696,963500
3,124100
44,1168600
32,860900
492,2125000
6,241100
156,969300
4,148900
3,138200
358,1588500
2,100100
28,779000
14841,11912400
58,1724000
7,264000
12,367600
25,745100
2,140100
25,706600
18,566300
1484,2653000
12,354900
77,494500
28,786400
75,449200
2,99500
21,631500
7,238500
7,230100
14860,12920100
16,491200
73,368700
274,923300
105,1215900
10022,8871100
41,1241700
20,566900
3,134100
4,201600
2,110400
1198,1683500
1,109500
331,825200
45,1304300
13047,10793800
38,1141100
8,280700
12,434600
20,657800
223,1195700
4,149400
8,251500
2,98800
8,247800
22,678900
13,381400
31,854700
43,1558100
5,213700
3,158400
15,461000
6,203900
1,78300
16,486700
4,181600
5,198600
3,125700
253,346500
67,246100
469,1278900
115,1446500
13,379000
3,124500
82,768200
16,473100
1,73000
104,1214100
159,1044500
346,1198000
2,99300
3,145100
1,76900
16,474300
88,737400
41,1105500
364,1776500
241,1607500
63,114300
18,530900
2,107800
5,183400
573,843500
617,2180100
87,865600
426,1816900
2,102000
62,151700
53,1458500
236,1531700
78,563600
96,1036300
23,659900
892,1437400
2,112900
969,1938300
48,1340100
139,590800
146,797200
2,98400
1,72200
7,274600
2,104700
17,550400
1143,1627800
12858,10266000
94,975100
54,1525700
19,593900
2,105700
35,926200
46,1288700
80,724200
252,380600
6,214600
26,742100
1,71900
4,148200
703,1161900
41,1128200
16,450900
2,99600
2,98000
2,146700
231,1906100
3,130400
15,485300
7,286800
2,99900
69,294100
54,1593900
1,75300
34,957900
8,246500
100,1338800
6,207600
1,72000
7,233500
5,172300
1,70900
75,426900
2,130600
170,1304000
3,847300
128,232800
3,123600
5,199900
3,124000
235,1781500
38,1020500
16,508700
52,1625900
21,778900
157,1299600
4,217100
6,320900
41,1172800
5,260500
268,863800
486,1764000
11,331200
3,145800
3,148800
32,868800
21,618000
23,658900
42,1113900
5,201100
2786,3518200
1,76200
1,77100
4,174600
20,639100
2873,3062800
355,1488000
37,1051300
10,299900
12,349800
63,167400
10745,8917300
35,1021200
4,170000
1,85500
16,468700
4,161700
2304,2009600
1551,1328400
5,190600
2,221600
2,120800
7,244700
28,783300
1282,2090800
65,258700
75,469700
1237,2453700
8,279300
2,111100
11,327100
3,130000
24,662200
6,196300
4913,4501600
27,827300
9,347000
95,1134800
7,226200
7,228600
6,194300
16,485800
63,147400
1176,2579200
4,196700
54,1540900
10261,8931900
59,1581900
4,245500
1,116700
1,97200
1473,2975400
52,1777800
2,120900
27,896700
29,781900
11,317100
405,1357000
4,204500
2,136600
11,443900
52,1417300
109,1365400
230,1317600
1,81900
315,397700
156,1013100
11,324400
2,98500
1,70300
296,1518100
3,130600
12,349300
2,107400
30,863400
3,125100
237,1880400
2,101600
7,252500
13,392900
21414,16525200
50,1413600
144,868700
20,739100
5,180100
296,1513800
1421,2627200
40,1244600
6,245000
16,462400
9,277300
295,1450100
25,727800
9,273000
6880,7033200
7,269900
20,621600
1,78400
19,517000
3,121900
685,697300
2,98500
5,188000
4697,4654900
7000,6850200
10,320500
6,224500
16,464300
3,145500
5446,5604200
505,696400
11,363600
17,476500
10,312400
513,904900
27,735200
412,1367900
4653,3733900
22,639600
45,1301000
3,142400
1,81900
207,932800
28,777300
2,102500
1,73900
1,128100
1,98500
106,1284800
31,1059100
48,1488800
1,76800
34,1092300
3,154500
3,147300
18,517100
65,168900
6,207900
4,188200
1,77200
22,620100
5,215100
12,359400
13,388400
18,512100
10,306200
381,594200
80,742900
205,678500
59,1600000
984,2137800
6,255700
11,352500
7,230100
250,377500
58,1913000
148,956800
3,152100
7,276400
1446,2070700
8,349100
5,216500
11,355000
1,72300
51,1502100
2449,2933900
58,1611800
4,161800
18,642900
944,1406300
6,267400
2,145100
28,747700
30,834400
30,829700
386,675600
36,952900
3,127100
341,1055900
5,226700
5,192400
67,249800
11,323300
515,932500
104,1158800
1,75300
1,88400
19,554300
1,72200
2,113200
315,491900
55,1706000
727,1740600
2908,3756500
179,1637500
149,857200
4,156400
30,865100
5987,6195600
20,592600
46,1355700
5,175300
3,124900
10,311300
643,1148400
7,231500
15,498400
121,1605600
4,181800
31,812200
303,1823600
16,553600
26,696100
7,223600
47,1300700
48,1390000
1,124300
32,945700
4,163300
122,1664500
2,99400
379,499900
365,1847200
3,153100
1,78600
373,392600
224,1325700
5,180400
13,376600
409,1302000
6,333400
9,513600
4,224600
220,1454300
3,172900
1,89900
47,1321100
20,549100
3058,3369900
166,1424700
3,133400
33,945800
5,218300
36,1009300
4,155900
1851,3590700
345,1150500
3,161400
92,1094700
32,991300
51,1401600
3,123000
653,1387800
5,300700
1646,2264600
6,219200
5,199300
1,83100
1,81000
3,121900
73,388200
564,612800
1716,2437200
6,216700
547,1722100
11,332900
39,1064600
48,1261000
381,558700
9,267500
240,1574800
9,280700
88,769700
12,392100
591,1357700
165,1245200
6,210300
2,97100
1,89700
14,447700
55,1425300
51,1385600
3,128300
56,1533100
4,145300
498,479500
7274,6160400
2,113400
5983,5745200
76,652800
1,133200
5,191600
3,140700
6377,6807400
257,502200
27,813800
159,1360900
11828,11145500
50,1463600
22,745000
10,329200
372,366500
4,270700
2,121300
6,297100
4,160300
2,126400
63,118900
1,71500
1875,2190000
225,1555800
24,682700
453,969300
1,88700
1985,1541400
3,155500
3,138700
2,99100
7,236000
106,1259700
93,860600
11,323300
4,179700
48,1289500
3,123200
2,97100
25,704700
17,547100
20,540700
91,949200
1,112700
6,310500
49,1348900
8,259100
4,148100
18,492500
16,468700
1,79100
6,216600
66,213200
166,1298600
2778,3547500
30,868700
14,393000
2,97300
15,464400
20,572300
2,104500
63,115200
243,1717700
8,244400
3,122000
137,529900
46,1202800
38,1189300
840,1572800
297,1561900
7082,5644200
1769,2263600
6,258400
111,1418600
1,80600
2,107600
1085,1683800
1,111700
289,1331600
2625,2750400
18,508100
5,181100
106,1381100
14,416500
3,140600
16,501700
71,412600
191,347700
325,737700
2,108800
14,453500
3148,3727800
68,363300
7,359700
3,129900
39,1211500
1,115300
7192,5691800
11,364800
29,838700
3815,3782500
20,660100
7,250900
50,1420600
126,179200
88,726800
137,494100
115,1709000
354,1592400
3,133400
42,1175700
64,163600
4,147600
7781,6948600
35,1041600
281,1205600
32,932800
177,1620500
14,496200
154,1003800
4,204400
3,125700
37,1025700
52,1470900
4,146800
209,870100
13,376500
3,124100
2,104400
22,752000
4,180200
14,396500
6,209000
90,973300
23,629000
111,1377600
414,1490100
1,75300
27,777500
4,153900
3,148500
44,1233200
1,108600
10,399800
4,202500
12,477400
2,123300
1010,1660200
3,162400
43,1429800
20,556400
83,815400
14,553700
2052,1911600
24,718200
13,469100
3,124500
11,320300
41,1204700
13,373100
9,269700
15,437600
6,215500
284,1155700
7,252800
7,237500
45,1174000
4,160600
1,105400
9,352500
378,522300
20,556300
49,1675300
2,135900
143,784400
4568,5759800
1,96800
1,97700
14,460200
23,637600
7,252500
44,1230200
43,1184800
28,907400
7,221800
2,117700
47,1398700
1379,1570100
36,1022100
50,1326500
4,183500
12,376300
2,118400
574,886100
2,96300
32,952600
29,769600
13,438300
664,1677100
58,1627200
24,728000
22,584100
548,1905600
50,1489900
1,112400
2,124600
1,71600
8,291300
3,125800
7,244200
26,744600
4,150100
6053,5899300
24,1155700
89,953600
31,942400
6,301200
75,463600
1,73600
3,162200
279,1027900
14,558800
1,126500
551,2197800
2338,3888700
2,117800
29,881100
9,342900
2,103800
1,97900
1,76700
64,158300
23,691500
11,523000
28,789800
8910,9271300
383,675400
14,442900
2,99700
1,71100
2733,2236400
1,81600
2,94400
170,1372300
2471,3498100
2,102700
48,1356400
8,269000
18,495600
34,1276800
7,241400
12,384800
2,109200
1203,1815800
2,105600
9,294700
7610,7115200
42,1249000
3103,2555700
3,132000
4,147800
7987,7912700
8,328000
5,183200
107,1270100
51,1353800
17,522100
1,85400
26,746700
34,927600
66,211500
339,1077600
56,1615500
18,711100
35,1081700
5,193200
6,231500
47,1315900
42,1192300
19,761600
5,208100
3,143600
1520,2220800
2,113400
2,101300
894,1532300
1,89600
1,70200
3,131800
5,171300
424,1692000
8,248200
9,338600
11,348600
2,147800
11,328100
6,201400
42,1222100
4,152800
14,400000
62,91300
24,747000
1187,1177800
136,481500
3113,2735100
4,166800
9225,8511400
3,149700
7,233800
16,457600
36,1163300
4,220700
6,273500
115,1625700
1,156600
36,1051400
2,135200
18,497600
5,230900
1554,1292900
2,97600
6,245300
36,1168600
5,230000
120,1870800
52,1379600
324,805600
4,180300
53,1501700
4,166000
12,346800
6,196700
2,97400
77,521100
15,450900
1,85200
54,1534800
6,202400
575,985500
28,793300
1,72000
1,69700
320,536500
25,712900
1347,2197900
2,114700
3,134000
9,314200
4559,4923600
25,782500
17,524300
101,1366800
1,77600
31,1108000
122,1706900
5,209900
163,1204400
1345,2192000
3407,4169000
13774,11705500
7121,7511000
75,714500
12,409300
217,1041400
4,181900
5,174400
72,404900
57,1573600
4,179600
258,571400
83,715900
7,245300
523,1125700
1,99800
3,130900
12,381900
235,1460500
163,1149100
12,366400
107,1279100
7,251200
612,1884000
1,96300
58,1632700
2,118200
43,1197600
32,920800
1,104200
15,434700
40,1078200
28,799600
3,135700
2941,2923700
316,441900
1,71200
239,1575000
3083,3547600
63,198600
84,894000
7,279600
12,427400
11741,10220500
5133,5707000
1,105000
2537,3453200
3,152400
1,71800
90,798600
67,266400
259,529100
15,443500
1246,1116500
17358,15689300
6519,6371900
34,22980400
2,115100
3,127700
14,412500
32,961600
979,2974600
12,403300
214,1014900
3023,3960800
759,1207100
24,753000
134,567600
7,239900
125,170500
4,199500
9,351300
150,1227100
22,688400
5,192800
2,109700
42,1179300
24,756600
283,1213900
92,1019900
410,1603100
345,1703100
1143,1818700
15,535000
1,96900
159,1235200
1104,2557900
140,616400
27,904100
11,330500
20,710000
35,1514600
8,294900
454,921300
4,178500
139,595900
64,184600
1,84800
5,197700
153,1184200
72,367800
3,129500
1,85400
807,737900
46,1927900
33,1435100
31,1170700
37,1159200
1676,2667800
13,441600
1,78900
3,130300
17,486500
748,983700
4,168900
94,948700
3118,3414100
325,857700
288,1326200
1,88200
3,206500
1849,3205300
19,781800
2,134500
2858,2584900
113,1916000
51,2082800
13,393200
796,2127900
2,108300
97,1050200
23,729200
54,1507700
278,1359400
3018,4027000
83,881000
505,747900
8,325800
54,1750000
2,155400
5,242800
2,149700
6889,5641500
9,373900
368,2076400
5,281200
68,299900
6,203100
4,225300
22,803700
6,262500
16322,14185800
15,829800
19,712500
1784,3544500
9,453600
153,1148100
36,1174400
40,1061600
40,1244200
2,98500
14,394200
634,924600
9,293100
872,804900
15,593400
63,124500
5,177000
1,72900
2,100900
2,122100
2,134700
7,239700
5389,6098200
615,2520900
1512,2351100
10,376700
2,159500
359,1756300
62,102800
109,1292300
3,254900
1,92600
5,202300
118,1712500
12,380400
15,434800
7,286700
152,934100
28,852000
14,528700
1,92400
3,156200
40,1344800
1,98300
13,472100
2,111900
1,79600
2,102200
341,1152300
1,91000
2,113000
108,1466100
52,1432700
4,150500
321,546600
135,453100
3,130300
10,389800
63,119500
26,836800
3,163400
181,1893900
5,175300
5,191400
1997,1947400
7,243300
129,309500
7,228200
55,1662900
9,405000
3,204400
7,310000
337,1319400
4,294600
2,130600
1,102000
63,153200
6,265500
1,76800
16,480700
6607,6546900
497,449900
7,226000
42,1199900
47,1447300
4,162800
6,250600
14,563900
98,1245800
23,812700
26,920700
532,1632000
4,175300
134,451000
12,347400
3,122600
2,106100
17037,15637400
4,217400
1,113100
26,816400
23,713700
5,194400
1,72700
115,1603000
1,72300
9,304100
338,1133000
327,782400
13,417700
1110,2380600
30,914000
5,185700
1,74900
6,207300
6,241500
1,72100
204,752800
66,210800
25,757300
405,1321200
4,181400
6,211600
32,861100
1054,947700
4,175400
1,75300
17,472000
23,686700
224,1182500
2,107500
5,189700
211,826700
2,98900
17,517000
43,1144400
713,1386000
4,151000
6,220900
15,444600
1027,1988800
27,766000
2,132400
2,99200
466,1192600
7,245700
73,455500
5135,5517800
80,648900
42,1195000
39,1070900
20,545900
682,597400
98,1094500
217,1026600
17,558700
1132,1357900
1,75900
5,210700
360,1560100
5,174900
39,1075800
719,1503000
4,146600
15,457100
3932,3641000
143,681000
28,792100
100,1064100
3,123800
8938,7317700
1,106600
46,1284700
4,146700
76,439700
2,120400
6,198600
7,252400
1,96400
22,677300
41,1106100
6561,6727400
2,165400
410,1360800
2,108600
10,342900
3,124700
3,123800
6,199600
101,1167800
17,476900
6,198700
212,998100
1615,1335100
1174,2447200
1,77900
15,509200
2553,2495400
19,591500
2,102800
107,1391200
26,716900
3,124200
18,545000
8,428800
48,1264500
158,979400
1,72800
612,2448600
121,2458500
427,1865800
15,424500
3,143400
895,1730900
18,581000
23,634600
10,499000
76,540200
3550,3240900
924,2201200
66,201200
68,258700
9,272600
84,753700
17,645300
1,117900
854,2195700
15,436600
21,651100
20,628200
12,400700
8,343000
3,124800
6,230700
810,769600
13,404300
36,1086300
93,980100
62,97300
337,1094400
3690,4364800
3,291700
1,80100
3889,4457600
844,1769700
330,814700
92,899600
7,304400
1934,2172400
6917,6333600
13,388900
55,1445200
399,1290000
32,1009200
2617,2900000
638,1243400
4,230200
1,88900
238,1659900
5,212700
239,1664500
733,2215500
26,808800
3,171000
42,1112200
1724,2978700
111,1516900
7,266900
2,102900
1,73300
873,1042900
5,262400
123,2029600
1,91000
436,470200
3,137600
11,350500
272,893300
16,469200
28,798000
27,737600
25,710100
3,124800
5,181100
1,88400
735,2011100
1,96500
236,1452800
4,192700
12,354200
125,151900
24,669500
3,129400
6,232300
304,1796300
24,666900
2,103500
53,1428900
41,1131100
94,918600
326,700000
9,274100
1935,1818400
4,149300
164,1169600
2261,2853700
71,420600
1,91200
15,646600
111,1519200
3,153000
2,106100
4,161500
6185,6378000
9,371700
1,85300
4,160300
117,1605200
4,160800
334,924200
274,904800
27,783400
329,804100
60,1703100
3,142700
161,1203900
2,123700
106,1325200
1,117900
18,642800
89,984100
1223,2266900
69,392200
153,911700
13,407300
3050,3160200
8,317000
245,1754900
64,155100
14,431300
2,119900
987,2402100
6,343700
31,1046100
2,124500
25,774200
10,363600
26,798400
175,1824300
1,98600
1478,2929800
2,118000
96,1024300
7,246900
970,1824800
2,119700
7,233800
3,165200
4,156400
6,199000
10,298600
5,173600
2,103100
3,174600
5,192400
1566,1845500
22,608200
5,175700
506,760500
1,78100
57,1690200
5,223700
6,249900
24,811100
1,103700
3,126600
562,546300
269,791400
2,96300
26,745800
18,514400
113,1384500
4,833100
186,184900
1,71300
22,642000
752,759200
2,97200
11,472100
191,412500
11,411500
22,925000
75,522000
992,934400
3,219900
1,123100
214,1130400
92,1022900
3,185000
2098,3125100
1,139500
64,248700
9,337600
22,646900
109,1680300
5794,5292000
55,1601900
1,101000
4,176300
4,179300
44,1169600
20,573000
17,475700
11,355800
40,1069600
10,338100
3,122100
56,1483600
380,550700
2,154700
1081,1723200
108,1298100
2415,3302600
302,1699700
113,1549900
53,1717900
45,1492500
1032,2156300
7440,6323300
992,832700
6,245600
3,126700
4666,4222800
21,569900
1,71000
2770,3269100
954,1719200
212,977100
6,218200
9,336000
14311,12417300
4,205200
388,748200
5302,5303000
1,97200
2,99900
4,157200
2,98800
1658,2936700
223,1160900
86,726700
12,364700
7,221600
31,808300
3,139900
4,147000
1,70800
222,1082900
24,663700
168,1236900
535,1508800
1987,1707800
10,426200
9,436100
17,629000
22,930900
51,1729900
18,530900
3,125100
1,107800
13,397600
19,572100
2,102400
1,73900
6,198300
275,965400
73,603600
9,312500
627,795100
1,79900
3,137800
12221,10819000
5,232500
21,597400
33,943200
2,118100
24,662700
113,1506100
4654,4387800
5,213800
2,119400
1,72700
117,1553100
23,668300
55,1451000
8,251100
3,160700
137,797500
47,1490900
4,178500
56,1541600
33,982400
1,77100
947,1307400
1,76800
427,1750800
41,1110600
7,238000
135,411700
2,100000
30,841900
40,1073500
2,98200
5,212900
327,693700
2322,2600500
44,1219800
4,156700
172,1373900
42,1142700
11047,8964600
41,1147800
3763,4120600
40,1125500
40,1144800
1543,2706800
2948,3450100
3,160600
70,333200
36,993200
10,343800
265,725000
8030,6939500
68,296300
303,1663400
26,742400
3927,3570100
104,1192300
9,303800
4,148600
2,153700
21,611400
141,560600
148,1119700
16,459800
30,812500
1,73400
3,132600
50,1691000
5,229000
359,1633700
197,486400
3,127100
2,100700
3,172100
4,219400
7,263700
44,1201900
5452,5621600
1,92300
10,304400
20,593800
22,681200
30,890700
8193,6649100
7,263100
721,1603800
4487,4215500
6,211300
3,124100
17630,15129200
8,292400
6,217300
2,105300
2,116400
1,72100
15437,13627100
13206,10192700
1840,2519200
1,94500
9785,9045700
2,124000
881,1124600
658,1591300
26,737400
414,1403700
9,281000
69,270700
2,96900
4,146200
398,1082900
1,76900
1,72500
1016,1406900
58,1552600
27,770600
19,559200
9,277300
43,1226400
60,1678400
9,291100
16,463500
1,74600
615,1986400
748,792300
1752,1790000
2,106200
2,98100
1,71100
3,122500
24,680600
2,99500
3,138500
9,309700
7202,6012700
282,1453200
6,248300
16,660300
4,160000
55,1550700
4,172100
3,171000
52,1391800
385,704000
170,1314800
4,192400
89,994700
6,224200
1,72700
4,164100
40,1079600
8,263900
33,902600
10,305000
1100,2064000
1,80600
48,1278800
81,657100
23,692000
1160,2086400
285,1198100
4,156800
2,103200
175,1438700
7,231000
15,473000
15,417100
4,149000
118,1527800
19,518700
221,1102200
3,127600
344,1225600
2,107100
12,353800
6,200000
3,142600
77,493500
3,142700
3,128800
11,322400
75,446400
6,208000
260,544500
1,71000
1,72000
103,1385500
1973,2951900
4,172200
10,333800
18,515400
1,70800
158,1034600
2,99100
10984,8654000
31,1165900
1696,2416200
716,1784300
11,436500
33,1021800
5,175800
37,1072700
28,793000
3,145100
7,238700
5,225100
17,504000
1,73100
1,69400
9,267300
729,1778500
267,943200
1,94900
6,246500
1825,2459200
21,702100
7269,6039900
10,324200
45,1382100
62,100600
9,289900
107,1552000
12,367600
2278,2910100
17,499800
3,127800
96,1043200
11,360100
430,1893000
5,179300
1,75400
5,173700
11,326800
8,325800
1756,1887900
83,651900
78,500500
128,289900
37,989300
2,99100
3,157000
5,181700
56,1500900
129,255500
18,510300
1729,2725000
205,683600
785,1764300
3,128900
6,221300
59,1575800
50,1324900
850,1852900
18,506200
25,698600
6,199000
3,135800
5,178900
27,746600
83,616400
13,410700
58,1514900
7298,6808100
14,446000
1,97700
5,181000
132,346500
6124,6081300
27,757300
3,165700
7,260700
691,798600
92,895900
43,1152300
4,153900
8804,6885900
2,120100
25,694500
556,2006100
34,962800
2175,1845500
2,110600
1,138500
6,237300
2,141500
613,2111500
816,1062600
14,406700
768,1353200
1104,2128000
11,373300
27,780000
141,588600
3,143000
80,570500
145,660000
972,1813900
19,738600
29,928000
22,823200
11,543000
45,1283300
95,1020500
27,776700
4764,5454500
8,290400
5,203800
111,1382500
1,72700
44,1185200
124,136100
342,1203700
17,533600
201,597900
1,76900
1,101300
3,129400
2,99900
1,79100
3,138500
5006,5391800
17,710200
18,650900
319,516600
18,578100
30,837300
1,71700
4,148000
46,1498400
1,135600
66,277500
12,383200
1,73600
29,766800
4,147500
1,101700
1,73000
1430,1278700
24,691500
13,467500
25,775900
1541,2720100
2,221500
85,781900
1,75900
813,929300
286,1601300
1,85800
1,78000
28,785000
37,1099100
644,1268400
12,412500
15,439300
68,263700
29,805300
119,1900400
5,195700
11,348000
10,299200
19,532400
1,72700
8864,8769900
4,230200
6,208700
1280,2121500
96,1013100
5,175300
155,978800
3,149200
1,72700
8,269300
331,1006500
191,339500
5,187400
2869,2909100
27,825200
437,500300
30,799100
76,561300
6,219400
1618,1460600
245,1761700
139,599400
10,331700
7300,7054300
6,210000
4069,4830600
10980,11080100
63,159200
3755,4358900
2131,2450300
6,224600
50,1424400
12,365800
449,864900
114,1451300
27,770300
118,1551900
10958,9894100
390,1032900
78,613600
11,416100
9,430700
5,241700
298,2134900
100,1436900
6,259300
41,1513400
36,1133600
10822,10244100
52,1573200
9,295700
971,2202000
1,122500
9,309000
12,414000
551,2318000
1,77800
3,148800
8,287600
21,671400
47,1414900
840,1569400
32,933500
1,81000
1,83100
16,488900
10187,9591200
763,1183800
1300,2663200
27,842400
1,120400
2,123000
1,145100
5,197600
1,89000
13031,12044400
3,171200
238,1667500
28,866400
435,454500
63,148100
95,984600
78,510300
1,73200
45,1262600
4,191400
3,133500
94,955600
1,108800
1429,1389100
894,1530900
2,144000
729,2034800
92,1144000
106,1509600
65,226300
25,748900
577,1006600
381,612400
6,220700
234,1522500
3,178400
3,140600
45,1418400
217,1003500
38,1095400
8,253100
622,607500
20,853300
3,158700
242,1872900
174,1533800
751,970300
1,144400
3,191300
2,104400
24,707400
444,625100
42,1387600
4487,4225800
4,185300
4,164500
3,156300
10,306700
29,876100
158,1035400
236,1700300
20,593900
3019,3546100
11,386600
1571,1950400
47,1667700
2,99500
1,73000
39,1079400
8,264500
12,366200
111,1438200
5,198400
501,552500
6,212500
101,1172000
114,1863200
1,92800
22,654100
99,1122800
7232,7158100
100,1205400
7,224500
1,70300
982,2281400
15,797100
3,196200
4,258500
54,1974300
772,1728200
461,1369700
7,236500
2,110700
14,441400
35,1270000
3,135100
2,122600
80,622900
5,180900
2,99600
7,275900
5,203800
16,501300
23,612500
1,71400
4,155900
2393,2988900
2,171700
86,700300
10,341700
5,174800
3,135300
8,245400
31,1018300
3,133900
62,94800
1,90900
3,136100
15,569600
6,277000
1332,1865500
1,79400
3,123200
11,365000
39,1066900
2,99500
3,129300
3057,2835600
349,1264300
3853,3169100
6,290600
3,150000
2916,2319700
17,493900
125,189400
1,71600
1,72000
96,983200
81,560000
1,80800
156,1036100
1,77100
32,1060000
22,592600
1,71200
1,79500
41,1124900
38,1077900
254,549600
8,250400
4,198500
3,126400
237,1804200
159,1173800
3590,5084800
272,867200
84,679900
1,79800
3,125600
102,1202000
206,755900
7,230500
8,255500
263,635300
2,99800
18,545800
20,568300
19,548100
13,394900
1,76500
9,280000
2,114300
16,465200
29,822500
47,1301800
119,2050100
421,1631900
6,241600
40,1327700
4,182800
26,718600
8,241600
14,399900
129,271000
52,1386600
13,398800
75,449900
37,1009200
9,271400
23,664700
4,157700
1,71300
4,147500
88,887000
129,295000
161,1186800
1,82200
17,548100
234,1601500
19,597700
112,1500100
15,712400
3,158100
248,278900
14,447700
31,916400
4,162500
43,1227900
371,1841800
6,234500
2,107300
31,839100
1,71000
15872,12430800
10,346800
4,152300
170,1625400
7,245000
6,237700
20,622600
3,126800
2,98800
11,325200
25,728700
2,104100
3,150700
4,197400
33,917500
2,124700
10,373600
23,641000
3,146200
3,126900
138,543900
6,268700
11,328700
1025,1711900
4,158100
25,709100
24,698400
19,733700
4847,4219600
38,1364300
286,1460900
3765,4221000
1,79300
40,1099700
22,617100
3,131200
52,1387700
6,202000
158,1154500
10,383900
2,124000
72,453900
1342,2457100
1112,2479300
4,221500
9,301500
1,70400
17,519800
408,1324500
266,712500
30,894500
6,240500
8,251300
668,1812700
2,105800
4,170100
58,1673300
4,182900
4,162000
3,158500
4,176100
3,125200
9,274000
65,181900
1019,1473400
14,457200
1,79200
1,82500
305,1791000
349,1318000
11,377800
2,97900
7,220400
254,375000
87,826400
1,70800
3,136100
8,251600
10552,8663700
243,1681500
5516,5524200
25,673300
357,1476400
520,1216200
342,1084100
23,643600
54,22662800
22,604300
10,331100
1246,1184700
1788,2778300
32,876300
18,514800
52,1363700
127,220800
21,602100
47,1285100
56,1513400
271,798100
1,72100
71,343000
49,1277100
23,697400
8,269700
4,147500
1229,2230100
102,1132900
4,152200
2,132200
6,222500
140,556300
36,972200
3,123800
66,200500
22,609500
1736,1297000
2,101600
121,1597000
45,1513300
114,1723000
71,431400
14,570500
69,340800
173,1757800
2,137300
70,369800
16,549700
173,1736900
3,158800
3,155800
6,249800
2,125900
6347,6888500
2473,3879700
3,154200
157,1082800
2,104800
4,149300
1,70300
850,2049200
8,256200
3,132900
162,1131800
382,600400
5918,5442600
31,947700
79,683400
35,982800
16,482900
26,743600
5,202200
5,193100
52,1531300
19,691400
302,1897200
1,137100
1,116300
256,579300
6,254900
51,1510300
10,312500
1,132500
2,100500
2251,2311000
4,153000
384,816800
28,804800
35,1053700
75,430000
6,298500
836,1441600
20,664100
144,698400
61,1627600
5586,4580300
10,331500
1201,1548500
65,224400
6,249400
3,123300
1,87100
1138,1531600
1369,1250000
1107,2287300
1906,3180100
10,389500
7,285300
225,1468100
1,107100
12887,11681500
5,210100
459,1049500
76,465700
22,655800
2,112000
4023,4311100
4,169000
26,795800
7,235700
9,315100
9,268800
1,75800
8,273200
2917,2572200
63,148400
151,906100
2,134600
32,1007900
15,492800
1296,2420700
1,73800
156,982400
13,363100
685,615500
4,154600
15,440400
38,992900
2,95100
1,70400
18,517200
13,369300
43,1162900
11,314000
52,1443300
53,1549600
2,112800
2307,2128400
210,890000
1,74900
2,99700
1,72700
102,1148700
36,935900
5916,5441500
911,1983000
12,463900
1,83600
1028,1884700
83,636100
12122,11095200
38,1212200
3,141600
5881,6010100
35,1162600
3,144400
2396,3347600
1,102500
292,1333400
1,100900
265,650500
93,1043800
25,706200
17,574800
1,101400
110,1488600
6,241300
4,153900
39,1049100
3,135000
94,943600
556,1989300
26,732600
4,150200
4,163200
55,1662300
30,861800
2,99500
170,1291700
69,297600
7,233400
121,1711300
89,996000
6,244800
2,114000
5,249100
44,1322700
5,222000
140,892600
259,557800
2,99300
75,473200
33,884400
24,677300
1,71700
99,1180000
300,1638000
52,1513600
9,302200
6,205500
27,835700
15,653300
11939,11162300
6,271400
485,1773000
4,156000
30,822500
4229,3927500
10,312900
1,73000
19,572200
37,1143800
28,855700
54,1510200
63,122600
5,194000
20,584600
2,98800
1051,2418600
7,238800
5,192400
1699,1929500
10,307700
19,555000
1290,2268600
34,909000
211,818600
4,170200
44,1212500
42,1547000
62,124200
292,1484600
1,76900
32,891600
147,752700
1,91600
7,255200
4,173800
48,1308000
3768,4101100
1,81300
771,1341400
10,304400
12,376400
143,611400
73,388400
1,71300
329,900300
98,1102200
53,2114500
2245,2485900
16,523100
911,1915800
4,177400
6,201200
1721,2578200
6,245300
380,553100
3,128800
1312,1348100
84,705700
11,354900
51,1438900
1932,2035700
1,101300
10,388600
4725,4073500
72,375100
11,350500
32,874100
10,304100
10,335700
48,1253900
3,144900
3,121800
61,1751200
334,922100
6,262400
13,394100
733,1958400
267,843500
29,799300
19,520300
3,129900
1,92300
17,489100
4,149400
278,970600
32,943500
30,799800
351,1381100
9,337200
1,72800
7,236000
19,539500
12,432600
4,156300
6,194000
354,1484400
2,100200
12,475200
1675,1621400
19,602500
14,402400
1,90000
47,1301500
69,286000
2,118300
716,1409500
4,150100
10,385100
4,155000
10,339100
179,1627500
10,306800
825,1128400
2,121300
28,763900
1,90600
45,1274400
2,102300
13,392100
14,401600
3302,2919900
7,241700
1,70100
259,548300
2347,3266900
2,122800
11157,10066500
203,660900
34,921400
268,776300
2,111300
1,72600
2,101600
4,153100
864,2284600
56,1590600
81,618000
14121,11957100
2,149100
1171,2454300
1,82200
4,162000
134,412700
25,673100
62,90400
13,393600
101,1128300
13,400000
9,272500
5,174600
73,496600
10,314100
5,204400
2,131900
2,98400
2,97400
8,266100
1,83500
473,1429900
2,98800
206,783100
21,586200
5,171100
17,556400
162,1176800
1329,2151100
3236,2870000
6,225900
89,817200
9,275800
1,72000
1,98300
14,457100
683,595800
1,78200
1,71800
14,466000
58,2097000
29,824400
510,793600
1,85500
2,109300
208,748000
3,132600
756,881900
7585,6906400
13,507800
445,772000
1,75900
1692,1745500
91,850500
1,76400
1,87800
15,441100
25,878700
570,1221000
87,1004000
13,421400
7,220800
3,141300
12,409300
2,97600
167,1384100
3,145800
66,246900
17,494700
3,124000
5,172200
85,810000
6,223000
103,1162600
1254,1520600
1,79600
16,497100
981,2082900
6,210000
6,222900
3583,4092100
16,516500
117,1559400
3,158700
1,77500
2048,1799200
11,378400
1,72500
61,1612000
43,1154000
613,1929700
138,535400
1,88200
17,477600
6,221700
12,446200
569,825600
312,323100
27,786800
1,72000
15,428200
5,191100
5,191500
1627,1686000
21,710300
21,593100
25,778000
66,202200
82,616300
180,1781000
3,150600
1,75100
5291,4660200
319,569100
4,199800
4,174300
440,509500
96,1171800
2,150700
9,351100
6,201400
2,100400
13,574900
8280,7605400
1232,2382000
3,133600
99,1053600
1,101700
7,225000
16,480200
3,136200
2506,2852900
14,510800
3,155800
118,1940400
17,649100
11,420300
73,466600
37,1252100
8,270800
4013,4480400
12,397600
35,927900
11,364700
1,71600
4,146800
8,246800
153,887700
1,86600
231,1344100
6,236800
45,1198700
125,168300
639,996500
40,1110100
691,767300
178,1646000
190,451700
3,146600
2,137000
115,1834000
5,184900
35,1035300
6,237900
2340,3016700
1,105800
88,781400
6,219300
18,550500
245,1745400
1,85700
967,1728500
4,153100
3,127400
1603,2654600
7009,5784500
2,114800
72,348000
5,177500
5,173200
116,1492800
33,874400
128,262900
26,699200
2,97800
1114,2509200
2,112000
2135,2711100
10,335300
377,487000
3,132600
1,134800
349,1373000
3,162400
57,1563400
9,355800
1,80300
2,119500
34,1024700
2453,2813200
21,663000
97,1062900
7,250100
2782,3614100
29,824800
101,1180900
162,1769000
7,249300
10,322100
43,1321900
194,407200
38,1019000
616,2568400
7,312800
3,150400
728,1994400
1,79100
3765,4289100
766,1394300
765,1260900
18,520500
62,95300
213,1158500
17550,15269900
2712,3713900
342,1137300
50,1408600
2,99200
4,160100
25,735900
24,677400
98,1060400
23,631900
319,526100
71,348700
1,85200
68,236200
14,387800
15,493800
535,1560100
4,173500
9,436000
2,101800
2,113200
25,760600
299,1669400
2,105000
7,227800
12827,11615300
1172,2570500
3,167400
21,586200
104,1291700
32,864100
137,565200
312,333900
79,598700
6,257800
1,74600
224,1328000
3,178000
2,101200
3694,3891500
338,1025000
29,774500
46,1435600
991,2429400
1,105900
1,107700
8,324400
9756,9329600
3,149300
74,410700
3,127000
18,523600
1,71500
2,108800
1,69700
27,939500
2,178100
26,833200
34,1072400
252,334800
6,246200
2,117300
5,189900
76,549700
4763,4899600
459,1109600
99,1071800
1,115400
3920,3370500
89,981200
10,326200
22,692100
1,92200
241,1817500
6,216700
21,560800
223,1174900
44,1169000
47,1268100
6,197200
2,122200
761,1088100
191,312600
23,641500
846,1693800
36,990800
2618,2583200
1,88300
259,575500
2,116700
308,1953600
121,1661100
258,459500
1,70400
5,171000
1,74700
9,332500
42,1116000
41,1122000
1013,1350700
1807,1521100
34,926300
14,414100
7,222800
7,220100
6,197600
1,69700
40,1361600
930,875000
11,364700
10,314600
3,125300
3,125400
250,315200
10,306800
13,417100
51,1343200
1,72700
208,751400
2050,1771000
30,822800
3,119600
3,121000
7,244500
13,365800
55,1473900
25,721400
6,234000
8167,8179600
1322,1806600
50,1453500
33,1090300
7,224900
7,289300
2,100000
3,124400
5,215700
25,680900
456,1003400
15,420600
2,109400
1379,1424800
3,123200
98,1022400
3,147800
1,72200
18,621300
30,1052100
3,177300
1,185200
91,1063100
7,231600
460,1242600
2,114800
41,1278000
19,796300
119,2026500
44,1380600
60,1825000
7,231300
38,1341900
2,111300
156,1038300
2,100500
1,84900
8,307700
14411,13310300
17,641100
147,849800
16,544500
6,245100
3,127900
17,519800
9,292800
207,897300
28,813800
2,105300
46,1352100
4,184900
1,82900
51,1440800
57,1679700
174,1713400
70,319300
3,128200
49,1340500
9,301700
99,1232000
31,920500
3,141500
31,862800
173,1452500
8,389100
8,350200
4,192100
15,501500
9,327900
2,116400
18,501700
70,332800
58,2100000
90,908200
69,286100
3,136700
4398,5394900
2128,2565400
423,1922700
9,349700
10,318800
9,280500
24,693400
25,722100
20,551700
4486,4524300
54,1563800
4,188400
102,1220400
7,230200
1,88600
598,2124300
107,1835100
23,746400
18,511100
2,197900
2,158800
3,131100
130,333200
5983,5490100
9,380800
7,250200
3,152500
6,205700
207,758900
188,281900
32,909700
1,73200
3,151500
122,1685300
5,225000
18,547300
3,133100
326,702000
976,2087000
326,791900
241,1639300
1,82600
37,1016500
29,773500
103,1144900
9,288700
10,306900
128,278500
2,104300
3,124400
74,395600
262,655800
90,792000
124,147500
6,222900
7,223800
140,580300
3,123300
22,614500
184,1641300
1,88900
7,273500
13,403000
9,275000
3041,2638300
546,1804900
12,487400
1,77700
7,294700
10,322100
1675,1386500
2,122800
9,287300
7756,6007800
5,285400
16,506100
7776,7323000
21,727900
13,556400
9,332200
196,455400
9,280700
77,502400
27,850400
12,361600
2,101200
29,823500
759,1024400
11176,10249000
122,2130400
5,242500
2,124900
5,231300
1152,2242200
196,556000
5,182600
2,125100
5,189700
328,745900
33,1185300
67,275200
13,449800
26,804100
43,1288600
4,171400
132,514900
1,83000
12,385700
2,105300
19,544800
31,985800
34,1112400
20,576300
3,135800
14,401100
45,1544400
5,229100
123,1954500
527,1390000
32,880100
21,783900
29,1002200
591,1724400
1621,2102100
1826,2372100
2,183100
5,203400
28,799600
22,710900
8,356700
5,228400
660,2047100
7,429000
1152,2053300
30,933200
45,1461600
4,178000
39,1429700
3,175600
49,1724300
360,1691400
28,1038100
6,208200
1,101500
38,1229500
60,1650200
35,947000
703,1135300
2,151300
3,127900
69,280400
624,704700
1,95600
13,443600
1741,2087700
2,124400
3,127500
1,79800
4,159300
98,1136500
337,1369100
2,109900
2,129600
1,80800
5,205100
64,216800
38,1114000
28,910300
114,1761000
54,1581600
15,455300
6,208300
2,102500
96,1073000
354,1570600
28,771900
59,2102000
111,1417500
2330,3460300
4,255800
14,455900
5,180100
7,299600
4,182100
31,958300
6,219100
72,387100
5,175600
589,1382300
11,472000
2,142000
191,371000
32,931900
19,545500
76,440800
11,396800
82,651300
34,1025400
1143,2033400
16,618700
21,721600
4,150600
31,858900
1483,2686100
4,179200
304,2022900
3,123200
1,69700
2,128700
108,1336000
5,174800
88,769000
2,128800
3975,3433000
224,1212900
182,1640700
6,290600
12,462000
12,367100
68,249300
1,95300
1,72400
2,116100
1,71100
64,141300
4,153400
20,636400
43,1182800
13,450300
1,101200
24,653900
28,802800
127,208800
24,642300
6,248300
3,127400
1,71300
4,155300
349,1314100
1918,3042200
4,251700
309,2058500
1362,2561500
29,997800
13,377800
8,247300
11,449000
318,573400
10,310600
73,425600
2,110900
90,880100
1,89600
529,1381900
2,129300
6,232300
6,229300
2,97300
2,107400
82,640200
165,1172800
1,95300
12,371500
22,587400
8,404900
3,150500
1472,2516800
8,285500
22,651400
12,346400
421,1681000
9,274000
38,1067300
2,98700
108,1363600
1,74800
183,1816500
1,75600
1023,1659700
32,1148000
3,162800
9,309100
747,812900
3,148800
10,304400
162,1212200
23,629600
18,662300
3,184600
2,125800
21,686200
36,1108000
15,430800
4,171400
1914,3052400
86,755000
2,99000
3215,4574100
25,738700
58,1833900
27,764400
6,201700
21,617200
1984,1543900
2,141100
53,1539500
1,80300
4,186600
5,202700
144,662900
3,154000
1642,2081600
2,108900
7,227200
21,598400
6,208400
962,1542500
7,253400
2,99200
38,1021700
12,356000
664,1725900
13,452500
10,309400
16,518600
193,498300
2860,2744400
86,1114600
11,364700
8,262300
5,175100
5592,4913800
5,196600
10,362300
3,130600
4,175900
22,618500
45,1235200
125,182300
1970,3050000
1,87600
15,520100
7,244500
48,1428200
1,83100
35,982800
1371,1315600
1,132400
42,1164100
2,97200
47,1274000
2,104900
33,894400
419,1563800
4,155700
221,1070800
25,699800
4991,5045500
72,384600
573,1040600
237,1659000
9,283700
142,607600
103,1153700
91,1077300
142,627900
121,1718600
1,83700
34,1045200
5,187300
29,802700
23,627100
46,1479600
1,78300
15,422100
9,325300
153,1002100
243,1728200
7,274700
5,261700
3,134000
1,71600
4,148200
3,134200
18,549900
204,656100
36,1006800
9,270400
5,170900
11,339200
3274,3839800
11,349900
367,1733700
112,1422900
86,819800
23,626900
28,835900
2,137700
1,135100
826,1244400
613,2258200
16,464800
2,109100
7,262100
555,1939900
20,601900
1,72000
49,1315800
4,144100
745,671500
220,1054500
33,987000
4,149800
40,1129900
181,1737400
47,1274000
61,1706000
9,289500
196,439400
239,1696900
1,75900
29,913100
1333,1938500
90,882900
21,608200
111,1451900
4,151700
22,733200
7,315000
695,1058600
56,1900400
6,229300
4,160800
2,99200
149,1028800
12,392800
6,200100
10,297100
4,147600
9,296300
12,375500
1,77900
1,70500
882,1083500
9,300900
42,1173600
2,116300
633,896800
10,346300
2469,3221800
52,1580100
24,678900
1,73000
308,2179700
39,1094900
39,1058100
8,260200
14,471200
247,1776200
167,1296200
15,467300
3,127200
6,199200
1,71900
271,945900
10,413800
8,316800
3,155500
4,187600
10,391000
8,317300
85,842600
76,504900
2,98400
108,1328100
2,97100
7,223500
40,1111300
4,250400
59,2090300
12,461300
10,386000
32,1106100
895,1787700
3,155000
653,1733600
7,280900
111,1723600
13,456300
16,442500
124,174100
3,135700
3,144400
2,115000
2,97600
2,111300
5,257300
597,1512200
5,207400
5,193500
3,123600
1334,2086700
74,423100
4,151600
2,151800
11,356100
45,1227800
1822,2225400
2,168100
107,1278300
38,1056100
21,581100
69,323500
6,214800
6,229300
44,1236400
906,1684800
16,482200
60,1616200
542,1967400
69,313400
11,333800
135,438200
92,996300
41,1209700
2,132300
24,671500
3,126100
19,573200
3,125700
2679,2505000
8,313500
8,287100
41,1117100
99,1075400
3,125400
3,124900
2,96600
29,860800
5225,4962100
12,423300
734,2188300
162,1442500
1,73400
3,137800
146,722000
90,869600
11,384300
3,126700
2,100000
10,297200
53,1419200
2,114100
1658,2455900
8,273400
84,675600
17,504200
82,617400
73,525300
1,98100
6,201000
176,1563900
24,639400
1,71100
5,196100
2,99700
12,450800
1,96100
2,123000
4,188600
973,2358000
209,969500
2,179000
103,1398700
48,1342500
1,94300
67,271600
1820,2033400
1572,1866600
140,642500
8271,7891200
8,435900
1406,2364400
4,157700
300,1660800
10,376200
3,145000
2,99700
114,1519700
4,183900
24,704100
31,1052200
35,1026700
82,605200
1,76500
9,301900
299,1581700
66,199000
770,1281000
1,73500
3,138300
44,1437400
1,80500
4,155700
38,1072700
137,502400
169,1315900
13,374600
1,71900
1,72400
116,1551400
11,310900
1,71100
743,2422600
6,219400
7,278700
1,123800
66,212400
1,72200
214,904600
149,1051600
2,130700
2,129700
4,188100
2687,3322200
12,420900
2,99000
3,141500
28,754600
187,193100
226,1507900
55,1533400
1,73200
9,330400
1,92300
7,263900
181,1707400
2,106200
58,1943900
9,313700
8,260400
27,826700
1096,2053600
97,1093500
426,1763700
1030,1813000
763,1088500
129,292300
917,1931000
14863,13133200
9,308700
122,2026000
117,1667400
9,355100
11,378500
312,415100
15,480900
399,1219500
40,1100900
4,192400
12,397700
16,447200
15,424900
116,1543900
13,450500
2,107300
35,944800
2,143800
4,237300
2,138500
262,650500
1,86300
7,223900
16,494700
5,195100
1,74900
108,1262500
23,653400
40,1022300
15,435400
225,1226600
3,122500
11,452500
26,945900
242,1801700
2,97800
26,797600
9,291600
1,116800
273,856800
1158,2142600
405,1218000
9,294800
229,1292100
82,770400
2,97300
3689,3660900
2,126900
1121,26055800
5,223800
2,103600
215,1058300
11,372200
4536,3993900
2597,3400900
203,654100
625,634000
7,224700
72,386400
207,772400
1,82900
18,495200
1,72400
1,71000
59,1684400
12,377600
4759,4732200
7,235200
6634,5419100
4,166200
177,1501600
3,149600
14,488700
58,1554200
53,1367100
34,963600
5,179300
1122,1064300
3,124900
7,258400
21,612000
3,133400
1,70400
32,1097900
2,132400
5,212200
6086,5439500
2,116800
16,506400
1,72000
1,92100
85,667500
14,419500
4,165200
1,74200
1,70500
1,70100
8,301300
256,415900
2,97500
96,998300
38,1022600
1,72700
8,301000
725,1719600
4,178600
74,474700
18,497500
40,1129000
27,868500
4,156100
3,127400
39,1081700
8,271200
21,569000
4,153800
163,1227600
8,245900
411,1453500
24,650400
57,1512900
780,1530000
863,2148100
170,1293100
7,233700
9,269500
159,1249500
3,163600
616,2606200
76,602100
151,873300
136,433900
96,1064300
27,737500
949,1269300
5,176800
5336,4639800
432,1968600
1,73200
3,159300
2,98000
3,135800
23,628400
111,1660600
1,87700
1,73000
2,106400
5,174300
5,173500
21,580000
233,1444800
34,961800
1642,2027700
63,161500
2,102400
571,970700
172,1694300
5,210100
3,121900
2,106200
2,97000
5212,4685800
4,206500
294,1532500
4,181300
431,2475000
2,109200
9,277000
43,1265200
15,545100
425,1765300
5,177000
158,1156900
2,124900
4,149300
36,1013000
46,1345700
1072,1441900
5,209000
4,171900
293,1466800
3311,3542300
3,174700
47,1414600
11,331800
24,707600
4,206000
234,1617500
4848,4566000
6,216900
36,1022600
21,582700
1,69500
2,96500
83,691700
4,187700
269,956500
1,75000
17,582500
3,166900
3,123900
34,933700
82,726500
17,466400
298,1688700
226,1265500
7,226100
2,104300
2,103400
6,234800
159,1042300
72,407700
59,1554900
9,289800
8,299400
23,645900
5,174000
20,643400
3,233300
7,244600
49,1532300
16,479200
7,331900
1,75200
13,409200
26,709700
3,137700
4025,5420700
28,907000
62,149500
3027,3958800
12,388400
132,370000
442,646900
7,247200
1945,2424900
7511,6166900
3,139100
1590,2371600
2,112100
6582,5575000
17,624500
8,266900
4,176100
291,1379000
9,274100
2,98400
323,683900
361,1629400
9759,8122900
374,404300
10,314800
1,72100
3,173600
600,1788200
132,390000
14,405600
22,631900
21,774500
4,173800
3,123100
12,340900
7461,5996900
6,233900
8,248800
155,929800
2037,2899700
1,73500
487,2155700
493,1976200
1,141600
48,1289400
2,112400
14,520800
356,1531900
4,149900
4,145900
82,573500
14,512300
63,139000
4,161900
4,168700
36,943900
149,838800
5,192800
918,2026300
520,1218700
14,439700
1,72300
4,147700
4,147700
1,71000
6,219100
2,103900
6,333200
1,95500
13,394200
55,1608700
2,164000
1,109500
99,1095400
1386,1656300
97,1056100
49,1319100
19,553600
11,316100
8,269900
12,471600
7,287000
18,631100
32,1064700
4,162900
3,143600
72,454500
1,99000
3,138400
14,441900
11,330700
1,73000
4,164900
1,122200
106,1407500
6,228200
2,130300
229,1330100
7,245600
19,544700
453,943900
7,253600
1086,1936200
79,559700
142,605500
5432,5191400
6202,4793500
12,369100
1,84800
2,97400
19,641900
38,1034000
188,312000
1,83600
103,1162300
6,243300
25,780700
10,353600
155,948100
890,1273100
31,900500
5,174400
18,487300
14,412900
206,707300
2,96600
6,212200
1540,2498300
3,147200
7,403700
8,391600
1,88800
3,141700
38,1066800
5,175800
3,126600
44,1206300
3,124400
7,224300
3752,4189400
3,156800
42,1274500
32,974600
173,1444600
7,225200
4,159800
1,71700
187,223900
18,529500
7,273800
113,1495100
18,545000
628,817100
95,977900
420,1578100
13,402600
308,1886100
3569,3832600
1,106500
77,548700
17,676300
29,957600
2,132900
276,1161400
12,389200
11,410600
1,103900
10,306100
92,898400
8,474100
1,106100
8,251200
1923,1599800
6,230800
6,199900
3,123400
384,655100
1,73400
302,1621600
5,241500
1,72700
77,457500
12,343200
7,262300
7,238800
637,1000900
10,365900
1271,1808900
24,712800
37,1046200
5,238600
9,293300
19455,16956400
20,1054700
568,911100
328,775700
444,802200
1,81100
37,1036000
4,173800
7,226300
2,104400
8,268800
619,2173800
3925,3382600
22,632900
14,434800
31,848000
52,1385000
34,914300
17,510200
16,441400
8,260900
9,292700
206,1014900
3,129100
12,408800
553,1941500
616,2061300
16,495100
7997,7713300
9076,8056800
2,143200
1,74100
4,172500
3,124800
18,545900
33,925200
3,122600
1,81100
469,1420800
21,706700
2,98600
7,299400
5,201900
1111,2407400
320,542600
456,952000
2,98200
48,1588900
16,474800
12,396900
4,199200
48,1351200
5,212800
8,291000
3,124200
20,637100
36,1111200
3534,2893100
149,846000
5,223000
31,903900
101,1168500
2,116200
1285,2800300
2,270200
17,600200
449,825200
16,523400
11,326000
2,97700
8,245900
5009,5340800
1,108500
145,702900
8,247600
23,622100
18220,15559200
4,205000
63,154200
2,109100
3,123200
9987,8380400
40,1280400
46,1358900
458,1027500
8,276800
14,501000
3,142400
14,430100
2,97400
8,246700
192,341100
4,160500
337,1013600
7,222900
152,909400
21,626800
2,111700
46,1273200
2,97300
2,97400
26,752300
1,72300
138,567600
38,1308200
49,1340200
16,502200
2650,3471500
21,599300
105,1240500
1,76700
32,879800
1031,1852000
1,117200
261,654000
4,156100
75,428400
7,267300
2109,1755700
38,1201900
395,1059500
12,352900
1,73100
1,161300
936,1105800
8,309600
5,175100
1,85000
100,1133400
50,1418500
171,1368800
3,151600
32,881200
5,183400
14,426800
3,169100
2350,3175900
75,448900
29,817300
21,698000
42,1138000
8,312500
7,242500
9,274800
2,112600
2,116700
4014,4225600
7,230300
78,523000
2,107200
30,853800
1,71700
4,159300
69,417700
4,169400
5,197900
7,237500
8,248300
1,72500
4,156700
41,1204700
19,562900
7,233000
8,304400
10,303700
106,1265900
61,1685000
17,554200
220,1252200
4,178800
16,638300
14,514400
1,95100
2,101400
2,168000
7,264800
3,125000
1215,2092600
4024,4536800
4,159200
2,97900
21,585200
255,417500
7,240600
5,188500
1,70200
198,483200
4,145600
2,95800
15,495000
2,102800
565,729300
4,286600
25,702900
31,839600
2,123900
371,1938700
9,377200
9,284500
1,103600
61,1902200
1,100900
17,652200
2,135400
23,654800
3,131500
6,240100
1137,1570900
2,120500
855,2068400
54,1406300
7,253300
101,1115600
237,1478200
44,1352600
2,102200
211,984400
12588,11927700
1,150500
2,144000
69,372800
20,666700
4183,4426500
8,303600
14,422300
1,72600
1,116100
67,266200
1237,2571800
1,78800
23,667200
1,74300
1,70600
71,320700
2,150900
20,616500
2,111100
17,482200
58,1593300
3,131400
15,511300
2944,3249400
57,1581200
58,1595500
12,369100
8,248100
13,396600
2,110700
886,1218500
6,231600
373,371400
58,1827300
329,1000200
13,499200
77,617600
4,186000
2,120900
38,1251300
123,1770400
1118,1005600
7,308600
181,1671800
135,522900
475,1439300
9,365000
2394,2835500
12,394600
1,77800
4,145400
2,97600
12,346900
488,2241100
7,265600
23,644500
4,150000
4,149600
4,151200
1298,2712500
15,554200
7,236900
2,101700
6,226700
6,203600
900,1597300
6,238900
2032,2736000
25,674500
181,2106600
7,277400
10,310500
3,138100
9,304000
898,1661000
7,267200
55,1550600
9,291800
7,253000
19,541800
29,813100
2,111600
14,399600
623,622600
491,2432200
41,1206700
7,266900
1,86200
2,98700
8,249800
6,209500
68,290600
4,199600
2,120600
33,894000
34,918300
19,540300
13,380600
6036,5173300
3,188200
18,543300
267,745200
98,1212900
9,284200
85,715200
437,508700
4,158700
159,1066100
11,368600
2,95600
5,170200
19,543400
5,170900
33,950200
2369,2276500
3,175300
1,76900
25,692000
19,563600
10,344300
4,147700
1085,1667600
26,718900
5,178900
1,71800
79,542500
2,99900
7,255900
2,100700
93,1009800
29,906700
1707,2369200
26,780800
10637,9449600
89,861400
5441,6162200
20,815100
8,258300
97,1122500
13,418000
1044,2288000
1,73700
8,245300
168,1469200
1,79600
12,359800
16,552600
1,88400
75,472700
1,89000
16,485600
60,1728800
1,80400
286,1333300
18,565200
13,377800
5,255500
4,167400
2,103800
12,382600
1,74800
1,75400
19,539000
25,916800
12,357200
4,154000
4,169100
7,340700
82,679900
65,191800
19,540700
2,100500
102,1193100
5,173700
22,739800
1,69100
107,1233000
108,1289400
10,303000
6,205600
29,812700
3,123100
90,794000
7,233000
3,168100
2719,3486400
14,405600
32,1011900
2,100600
107,1291400
1,82400
7,248600
434,406900
12,366900
276,1130000
434,439100
248,275900
121,1701400
30,837400
31,883000
7,300300
649,1311700
22,788500
4,167300
821,1171000
121,1807000
2,119900
1022,1794500
2638,2958400
3,144500
1157,2091800
3,143300
43,1238500
27,765200
34,957900
20,576900
1,71300
4,147200
6,194100
1,69000
8,251200
4,189000
8,449400
269,959100
3,128800
345,1360000
1,76600
2,100200
1350,3059700
5,240300
25,708400
116,1562000
870,789700
462,1405300
1625,1877400
1,88700
213,952400
3,130100
1,87700
1005,1202900
15,539300
38,1259600
4,174000
7,256400
2,125200
5,175100
15,505900
9,417100
1,78300
141,610500
2,160700
431,1841700
23,819100
10,406400
5,217400
6,247000
149,1077000
1,90400
2,121600
13,467700
8,316800
3,159800
25,848900
58,1970300
1135,1804300
2,292400
69,373100
9,359900
117,1983200
3,154000
992,773300
3478,3039500
95,936200
8,285800
85,648300
7,279400
6,207800
35,1170700
20,706400
3,125400
10,308700
2,99600
3,121700
3206,3785700
3,137400
1633,1903500
3,146900
462,1060300
5,198400
12,348700
785,1831500
338,1187200
451,1000200
23,828100
2,121800
5862,6704600
1,124700
2,106600
9,324400
3,132300
4,157200
68,280800
4,178400
26,774600
472,1588900
73,382100
3,168000
277,964600
86,826900
4,154300
1,71200
22,607400
146,761000
89,758800
26,789400
117,1492800
5,189100
14,409900
39,1238900
34,1119700
74,393400
8,248900
5,209100
5,358600
578,1184600
4,233700
13,509800
8,324000
62,110900
29,987200
15,529600
27,899000
3,187400
10,385800
3592,4817700
3,142000
4,187600
3514,3851500
1,91200
12,457600
12,568700
7,245900
30,1105100
7,323400
149,764400
5,175500
4,195200
241,1641300
7,270700
68,282400
10,298100
99,1139300
2,102300
96,1332800
394,1012200
845,1798400
14,465700
15,567000
1,82100
137,467800
19,775000
35,910500
8,265000
3,121800
660,1938600
6,233800
17,483700
826,1762400
17983,14038800
23,695400
420,1567600
3,143100
388,770100
1,72600
74,406300
223,1115400
2,100900
15802,14717700
217,1136600
2,102300
3,124700
13,424300
17,615800
892,1382800
54,1451000
82,581200
11,343400
3,132600
2236,2199900
21,622300
29,864100
36,1089100
128,338900
3,161400
35,1082000
46,1340500
33,1019000
54,1490800
12,350500
19,642700
5,291700
1,93400
5,175200
5,184500
21,638600
115,1535600
1,75000
1,86100
33,932300
224,1246100
4,152100
22,680600
26,826600
12373,11930000
14,462600
5,219700
1437,1456200
319,541800
102,1282500
606,1977600
7,327900
2,153300
4,247900
53,1521500
504,694700
26,790200
6,247900
135,442900
35,996500
120,1845300
270,903600
143,669200
18,593500
5,222900
1,89200
10,336800
3,138100
12892,13196300
75,544400
104,1218500
8,301300
1498,1524000
122,2140000
11896,12760500
5,305700
79,637800
2,122900
33,1000800
36,1099800
42,1169500
7,237100
80,942500
7,331300
46,1448500
9,296700
1033,1963100
1,92400
13,376700
11,392000
179,1568100
2,104700
3,130100
12,368400
5,193800
876,925800
1902,2791700
120,2011000
4,167600
165,1194800
1,98700
17,521100
3,131700
1674,1270200
26,728800
6,195100
77,497300
1,76000
4,158700
48,1332800
61,1655400
17,482300
27,908800
41,1183400
48,1307800
8081,6548400
1,106600
1,75800
547,1963600
97,1255600
1246,1387300
42,1403000
1043,2691600
1,91900
250,384500
50,1656700
17,632400
1,88400
441,583600
72,392200
32,877300
201,606300
86,701100
214,938000
3,122600
38,1063800
7,224100
1,70200
4,144500
4,146200
88,803600
182,1700900
2,105100
53,1530900
1503,1624300
19,566400
23,633100
1544,2955500
16,511000
6174,6366500
88,819800
167,1283300
1,71300
16,489800
2,112100
1,70400
6773,6442700
31,1037900
23,808200
138,621900
7,288400
1,108700
113,1706600
288,1600400
15071,12095600
1,112600
3,129400
2674,2275800
1050,2277700
3840,4345200
9,283900
3,122500
169,1387600
4,158400
56,1687600
71,407100
5,219700
15,532400
1024,1903200
23,656800
27,827100
4339,5080000
31,1145500
1,87300
21,612100
1104,2525200
31,939600
7,232000
50,1346800
1,80800
102,1295200
2,99900
15,453700
118,1478800
1,69600
275,977600
286,1362800
61,1614500
121,1775200
6,200300
241,1597500
2,99300
1,214100
196,504600
39,1079900
13,452400
59,1547100
20,588900
921,2133200
10,404200
4,163100
764,1121200
5,239200
19,659600
8,318500
35,1098600
13,402900
236,1575500
2,114600
17,530200
7,287100
81,602000
18,484400
5,226300
3,133700
26,729300
37,1149200
184,1767300
5,183500
10,307700
3449,3637200
988,2273000
4813,4775700
152,895500
5295,4771600
17,504200
246,1805500
478,1591400
20,572300
9,272600
1,70600
14,483500
37,1034600
224,1229100
833,1437300
14,422800
1,83700
934,948600
8,285900
8,436800
13,525800
71,457500
4,184400
4,227600
1,81800
27,752400
866,2247300
27,812900
20,581200
22,614100
3,176600
2,123300
25,703700
5,193200
1586,2408800
45,1327700
1,86800
6,222300
7,230800
8,251100
268,831400
3,131300
19,561500
5,186900
7,242300
1,74300
3,126500
17,491700
5,279700
27,971300
4,156800
36,1108600
17,526300
498,478400
3,126900
11,352400
2,123800
303,1627600
6,309300
5,222300
8,278700
667,1955100
1,77200
10,302000
903,1710700
1653,2378300
337,1280900
6,230700
2,114600
143,816500
4,188200
4,166300
5,198600
5,175600
1,73700
11,325600
19,722700
1,94200
10,345900
23,858400
182,1937300
35,978000
6128,6248100
36,981900
20,630300
28,789200
16,541900
3,211700
177,1737100
1,218400
4,200000
12,382100
14,405500
1,72500
2,113300
227,1402900
13922,11966400
5620,6124400
3,203100
80,604500
11,331500
895,1609400
64,157000
427,2077400
45,1188500
4,146800
10,323500
3449,4309500
27,823100
8,268300
53,1451300
19,521800
8,251100
7,250000
5570,5502300
3,137800
57,1555500
3,159500
20,568000
127,337200
44,1534200
91,1081100
16,565000
120,1872100
6,200200
64,169500
77,561200
3,125700
875,875700
1437,1428000
31,943500
138,556100
16,444000
4,182100
18,533300
10,321300
11,332900
3,120500
5,241900
11,462000
121,1757500
45,1390800
15,425700
7,222200
276,1025800
118,1587200
2,93200
11,316500
14,431100
5,170400
2,108200
30,822000
1,82100
9,288900
20,577900
57,1472200
2,131700
8,246900
44,1369700
20,562500
1668,2939900
2,119300
45,1420400
710,1659700
5,234500
55,1553000
52,1487600
899,1892100
1,96200
6,246100
5,213600
47,1286600
11,338200
41,1096800
8,283900
1,90700
1194,1423200
34,945700
200,542400
2899,4233700
4,238600
822,1571300
1,80100
2,97400
113,1441000
15,425500
2,98700
9304,7941800
15,600200
39,1328400
222,1471700
7,304600
130,367600
8,323500
174,1737400
1715,2994100
4,199100
118,1907400
20,661600
12,440500
100,1298700
4,218300
1,88000
181,1926600
145,1092500
6,236200
2,136700
4,149800
1,72400
754,955600
2577,2865200
4,153400
140,556800
86,909700
6,200600
8,283300
64,199700
18,559800
168,1332900
15,443800
8,243400
200,571100
52,1491400
415,1456200
7,259100
79,560400
9,420000
7,630400
9,792800
1,93400
8,357500
5,182600
53,1868600
1985,1850800
1,81100
5,177300
156,1045800
6355,6373200
4,165600
60,1802900
1,88000
53,20592600
7,242200
93,914400
8943,7370200
13,403900
15,420300
56,1739900
5,226300
9,295400
7,221400
12,373100
27,788700
837,1527000
436,402900
2,97900
3793,3134200
639,973700
7,288200
13,451200
8,264200
2,103900
46,1277900
578,1016100
3338,4094000
14,407900
17,536500
22,643100
137,532800
44,1166800
49,1371700
31,958200
217,998700
1,79900
385,675700
909,2137600
3,143200
27,860500
2,122500
4,149400
1015,1535800
16,444100
21,596800
42,1368800
27,754800
1,72800
291,1505100
37,1055400
2,104700
8,262200
245,1946100
16,549000
6,259900
3,128000
18,510100
427,1824200
74,449800
100,1085700
11,367700
1247,1240400
832,1297400
66,232300
1872,2025400
3,136700
16,492300
256,465500
8,333800
6,198100
3,148100
1,72400
6679,6255400
1,86300
42,1380800
5,174400
57,1493200
79,547400
16,459300
165,1394500
113,1733400
28,1001700
2,143100
15128,13555000
1,161000
243,2192000
2,117400
27,741000
4,146200
54,1431700
4,171300
5,178600
6,218000
3,121700
1,77500
2,118100
189,278500
14,406700
1,76400
806,663100
26,724900
77,490200
1,71900
390,833500
908,1679900
609,1740100
2,96400
316,419700
16,487000
140,616700
4,148300
114,1397000
15,416400
2,99800
97,1356400
185,1730400
7,225300
11,327800
36,1070200
74,490800
61,1688600
3,130900
33,907200
15,445000
2,111100
400,1050400
6,233000
134,388500
2,115600
79,504900
20,637600
2,102800
1,73000
552,2181200
283,1237400
4,149900
187,211800
1,71300
147,881900
4,159200
68,234300
11,325400
10,368300
45,1188000
1005,1408400
604,2146800
12,453800
1,76200
10,347100
18,523500
334,915600
1,72100
35,934000
154,929900
16,448900
612,2006000
2,127100
41,1168800
177,1562400
1,99700
1,80200
4,161200
283,1152300
2,97500
5,184300
7,273900
1540,2739300
65,202400
19,585500
15980,13595800
3,147700
16,471000
1,73200
30,1145200
3,141000
8673,8322400
28,977500
3909,3383300
2,169100
119,1625800
2774,3474300
46,1323300
746,644900
3,159600
40,1096500
14295,11935800
6,252400
421,1944300
93,904700
1,204100
9,293700
75,475200
18,532100
1,73000
15,420800
2,99900
1863,1518700
1,90500
1,72600
33,935000
18,511700
19,618000
6,199400
8,244400
8,243800
10,350100
15369,14286200
18,688500
5,216800
206,890500
44,1438400
62,100500
672,1848100
38,1001900
34,1023000
82,624900
68,311100
6,199900
1,72000
1,78200
7,220300
124,129500
11,338900
2,184900
4,165900
50,1446100
4,224300
15,608500
18,521000
42,1110200
6,193200
681,2100200
1,108600
10,304900
1,105900
285,1281300
6,216400
18,506800
13,463100
198,538200
6,201600
88,804200
78,508700
1720,2522500
93,899700
5,237800
45,1286000
143,831500
1,119400
10,341300
137,467400
40,1365300
4169,3774500
40,1098500
3,139000
10,318200
2,97500
7,255800
3,123600
139,515700
105,1223900
4,149800
84,661800
1197,1510900
75,444500
4,147700
40,1262300
900,1620000
17,625600
11,320200
71,373000
20,666800
3,157500
24,631300
32,1053700
14,482900
1,72700
1,90500
532,1417300
1,79500
11,420700
14,498700
488,1825400
26,906900
224,1221400
82,687700
3,169200
4292,4015700
763,1115600
24,663300
1,79300
11991,10020400
2,155600
114,1909800
44,1353300
4,150400
53,1469400
8,273200
15,421400
110,1409600
1,83800
6,199700
186,215400
15,450800
16,466400
337,974900
1,73700
907,1967500
6,210500
3,123500
129,267200
2908,3916300
2,158700
1,99800
256,510700
14579,11839100
7,336300
2,111000
3,146400
3161,4316200
2092,3085600
19,632100
121,1884000
2,144500
5520,4474800
20,636300
36,1372800
2,148900
20,733100
101,1244100
2,112400
8,250000
13150,11487900
72,424200
10,335900
867,3030400
39,1350000
2,134000
170,1622800
246,1874400
23,655300
7,280700
2,144300
55,1547600
2,113200
10,302300
5,191000
140,596900
2086,2859300
1,88500
4,234100
237,1626400
908,1989100
10,361100
11,411000
65,210700
5,236300
309,1943500
122,1719700
1595,2450400
12,380800
1,99900
51,1777900
1,80400
2,100300
2,98900
754,923300
77,508400
31,929800
80,593700
10,301400
19,673000
14,435000
10,334800
119,1967700
14,474100
24,801300
22,595700
34,1115700
9146,8718900
3,173200
749,732500
455,968700
1804,1533700
5,187800
1,90100
4,158100
2,98300
2679,2550900
9,290200
11,325400
250,302800
71,369100
150,811700
1,72800
7,254400
64,199600
1,72900
126,240100
654,1354600
2,142000
9,342000
1,69100
2,97800
33,877800
65,185600
2699,2984100
11,503400
164,1202600
59,2107800
105,1162600
124,195100
13,521100
7,283900
12,443200
3,155400
2,132500
86,907400
109,1637100
10,376000
11,397700
2,131600
1,89000
46,1531000
35,1133600
87,1047200
37,1088400
13,531000
3,167600
93,936100
55,1528300
2,131600
3,126200
3,123600
381,687900
235,1441600
90,858100
50,1449200
47,1505700
2186,2182800
1222,2454400
6,298400
558,490800
12,373700
4,230200
1,75900
2,112000
13,387500
14,446200
1,106700
1,78300
1027,1815400
651,1376800
1,73200
28,781400
15,412600
304,1712700
2,113800
6,212400
430,1821600
1154,2118000
262,752200
10,338800
195,623400
7,266200
10,308600
1,87500
5,175700
20,670200
102,1225800
698,1163200
20,643400
261,592100
73,357100
360,1761600
15,416800
94,1019800
3126,3031300
3212,3842700
34,1466300
2,152900
6,274000
263,653000
1,89500
1,73600
11,342900
16,502400
46,1225900
23,639600
9,332500
144,635800
16651,14920100
4294,3937600
3,139200
6,209700
17,589700
25,688300
80,647700
1,94000
6,295700
10,309500
10,300700
2,118500
1,159200
144,771500
67,276400
2,103900
7,235500
335,984300
3,145600
41,1378300
67,250400
1273,1994300
1,87400
325,815500
6,273300
1,73000
18,550900
13,429700
36,969700
859,2023400
9,293000
6,285000
31,1103000
11951,11413700
176,1589600
2,100600
2,96100
2,150300
2,101100
4,163300
9689,8115400
5,219100
233,1565200
2,124700
18,721200
4,173400
1,84600
4,148900
277,1251400
5786,5535600
21,642300
9,302900
268,805900
13,389800
42,1497600
2,127900
17,651100
283,1314500
2,157700
15,492300
1300,2746200
45,1271100
3,129800
3,125900
3,216700
3,171000
1,75800
2,98400
5,173800
766,1225700
14,433300
17,500300
4,153600
2,141100
1,73000
369,1895200
1,74500
1,71700
9,369300
10,369600
8,274200
34,912800
472,1371800
292,1439900
36,1125500
3304,3116200
27,876100
3,167700
1017,1736600
19,568600
32,1002700
25,766700
3,130500
3591,4840700
4,192300
3,128100
1,72800
9,300700
4,215800
99,1095400
17,493800
4,147700
1,85900
60,1609400
18,506400
27,760300
32,872500
3,121900
199,537800
1678,1514100
2,119200
5,243200
809,807600
158,1008700
19,537200
238,1544600
125,188000
5,175900
1,87700
440,662000
267,770800
3,209800
2,112800
222,1166100
3,151100
19,695900
2,100100
2,113900
2,108200
20,582400
5707,4452900
26,737800
10,350500
5,188800
57,1630600
7,256700
9,453200
4180,4247300
3,144300
10,301000
55,1504900
58,1530600
168,1314700
192,359100
32,842900
24,689000
20,699400
13,438200
23,623500
30,958500
2,109900
36,1049800
10,336200
34,924000
252,391800
2873,3397300
410,1373700
5130,5236900
2,112900
958,1536000
24,665500
66,206000
29,821700
49,1577500
666,1777700
2306,2357600
1,90000
484,1704700
69,275700
5,201200
4,207300
5567,5564100
1,86900
35,1047000
382,629800
7784,7249700
9,340900
5,176600
15,449000
9,316000
1891,2344500
2,102900
352,1394400
369,1816900
3,124300
337,999700
18,500000
40,1100900
5,191400
19,536600
795,2403300
17,627900
7,273800
2621,2524800
117,2026600
29,832700
2,102900
3,125600
3,126500
8,304800
3,160400
362,1822400
3,144200
8,273700
21,566400
1,155400
2,135200
1,90300
30,954900
28,895300
18,512400
1,72900
338,1295800
58,1641500
12,360400
98,1047100
16,467100
24,684100
23,657900
11,338700
2,115500
12,354800
74,411100
83,627400
33,1077200
69,277700
28,860800
3,132300
237,1563000
15,416300
169,1404600
308,1838600
1,72000
23,773700
2,133600
5808,5639300
45,1228200
29,814800
2,106300
68,271900
337,1049800
151,999600
2,131900
316,462400
73,380900
1882,2203900
15,486900
51,1704500
3,164700
1,89400
190,341100
34,1050900
184,1783400
4,156800
2501,2487800
221,1087100
2,112300
7,234200
1,73500
8,272600
4,149000
19,524200
18,513400
132,365700
26,701800
1,70300
305,1720700
6,251500
824,1205200
138,537500
3,123800
18,531500
4,147900
1,71400
1,96200
7,246300
3,126200
133,436000
38,1068000
10,350500
2,116200
1547,2841200
4,172400
524,1171200
14,401200
1,77500
6190,6214000
6,212700
92,869400
7336,6222600
3,148700
3,125300
6,236300
13858,11843100
48,1445500
1,83700
817,900800
3,127800
12,429400
1,84700
14,393400
44,1163300
4,171700
2,98200
3,130100
225,1202500
20,598700
3968,3215200
57,1714900
8,267100
35,982500
40,1101600
25,761800
17,473100
6,217100
40,1161800
5,193000
66,203100
1,79700
23,652500
63,129800
21,574000
15080,12017000
1,150600
746,719500
3,125300
1208,1817300
75,503700
102,1268200
32,953100
9252,7532300
775,1679700
2124,2208100
3,140900
3,131800
1210,1872700
2,111300
2,111400
34,1052400
357,1787700
1,100300
34,972500
118,1562100
1,75700
52,1410100
25,953100
3,161100
45,1535400
7,279200
3,153200
5592,4619900
227,1259600
12,473500
1,89800
230,1542800
394,942100
11,391400
2269,2696700
426,1783400
3,402700
17,530000
17,501700
2,115400
1790,2682100
5,202600
1746,1614000
319,518500
3,146200
266,745300
80,530400
32,1059100
26,929300
14,513400
2,121700
8,308700
9,362300
3,209100
19,687800
1416,3060700
439,769600
5,234800
11,429900
29,1012600
30,1051700
1707,2274800
45,1245100
2,109700
4,182300
3,164000
13,394200
9,273400
220,1133600
173,1437800
47,1265100
2,135800
60,1631400
3716,4811400
219,1097800
7,224900
14320,12809300
9005,7594600
6,243100
425,1718500
2,113400
137,489100
24,668300
5,221400
4,234000
7,225000
751,840400
6,264000
1207,1923200
244,1731800
175,1519900
1985,1560000
987,2339900
44,1167700
12,368500
1,81600
493,1865100
4,154700
16,465100
3,121800
4,144800
1,74700
675,1899300
1,80600
9,278700
35,1175700
11,374500
3,158000
42,1169000
403,1113700
23,739700
42,1208000
1,114200
66,234300
2,99200
3,123300
95,1071100
24,683000
27,737700
2,97900
3,147100
1520,2034000
1907,2663700
10352,10465200
21,819900
2066,2373500
52,1882100
28,996300
68,361300
109,1652700
1,80600
2,120800
7,229600
2,101400
138,617300
2364,2267900
5,183400
2,116400
1,76300
477,1729800
111,1368300
1,80900
3,123000
14,490500
163,1100300
5,207100
22,613300
28,739900
361,1681600
1,101800
2,128700
3,125500
61,1734200
1,89900
18,523600
1,73200
4,149400
13,411700
3,129900
4,147800
147,770600
11,326900
20,632400
74,404900
7,226400
23,690000
8,284200
16,447100
2,99200
1,70900
263,673000
3,159200
9,275900
9,306000
71,316800
7,288900
1,77400
2,103900
50,1466000
432,1934900
419,1739700
56,1610300
1,122700
25,717100
414,1521500
18,525100
15,420000
5,170700
15,567100
17,567500
7,228900
77,492300
297,1646900
6,212500
552,1930800
1,78000
1,88600
2,98500
36,1002400
2,98200
35,1025100
6,292000
119,1643500
212,1002800
62,94300
4,154800
584,1245700
374,354100
14,508900
4,152700
2841,3556400
36,1028100
3,145000
7,251600
14,400300
1,73900
2,113500
42,1156800
5,195100
37,1022900
4064,4180000
26,827300
6,237900
35,1040200
13,421700
787,1771500
4,182800
109,1432100
47,1296400
1,84700
1,70100
3,145400
35,1032400
3679,3511700
29,1011400
21,631100
5,171000
779,1822200
122,1836200
1,132400
242,2007700
6,207300
13,376800
90,862800
62,93900
834,1691700
4,200900
1,73400
17,501100
23,750500
488,1839500
64,164800
2,125500
1,74300
3,125900
29,821600
7,323800
3,191300
76,486100
239,2006700
2249,2618800
3,149800
81,641300
3,136900
11661,10012600
22,706800
2330,2991700
4,190800
92,1127900
13,421600
16,486900
6,214100
145,709200
3,131300
2,125700
140,625200
7,264200
1,73800
10,297600
397,1351300
8028,7389100
29,843200
4,154300
610,1914900
377,532900
3441,4043000
759,2061000
727,1767000
501,588700
135,438900
1,73600
30,841900
287,1532500
1124,1311500
106,1393600
1797,3021000
2,152300
99,1069600
4,172700
29,886400
4308,4833500
19,816200
9,439300
1,111300
36,1450200
4,202400
25,906700
9,352400
190,416200
251,401000
7,288300
2,126900
14,561200
932,914800
560,565500
258,535400
5708,5035400
8,268000
13,552700
3,163800
38,1193500
6917,6744300
35,1019600
55,1572400
12,490100
7,345700
4,192800
5,220600
264,793600
12,519800
6,209000
8,254400
4,150900
2,128300
15,489000
6,206400
6,204000
9,295200
59,1708800
4,188300
108,1321400
37,1318000
62,116700
1,76300
1,81500
75,437300
76,537200
2,128400
143,817700
9,358500
5,221100
49,1674400
27,764300
3,144200
38,1083400
66,229300
537,1487000
14687,13564800
15,538100
23,641500
1,86900
29,1021000
2,137000
9,343000
931,789800
186,196900
33,1037700
14,436500
199,541400
14,415800
3,200700
29,803700
34,1283100
1946,2545800
31,917100
35,958400
20,569500
16,487900
4,145500
14,389700
60,1679800
203,635600
159,1056200
1161,2304100
1,82200
15,414800
3,121400
18,525300
6,224800
1,105200
3103,3190200
6,251300
5270,4303800
3291,3045900
2,115200
1,72900
1,80900
1217,2023000
1,80900
10,305200
26,725900
766,1303900
1,125800
270,937700
3,145700
45,1401200
1,102100
1,73400
771,1377000
4,152100
2,98500
5,196800
26,725400
3,137300
792,2285300
5,221800
2,119100
492,1879700
3217,3967500
58,1705600
13,393800
1,72400
1031,1828000
5,181400
4,191200
3,121900
3,121900
1,69000
1508,1781100
1010,1290000
110,1422600
4,152000
806,686100
22,651000
3316,3609200
162,1190900
15,421900
2,119500
3,273800
12,367700
2,121800
2,111200
28,961100
1,74000
2,97700
387,757700
15,420400
18,566500
119,1526100
825,1151000
6,201100
1,69400
7,248300
479,1542200
2,103200
63,144300
1,71400
2320,2489400
1789,2943100
35,991000
4,164000
4,145200
148,922000
6,248700
3,122600
3,123200
59,1555700
51,1341600
11,320600
1580,2119900
6219,5133900
38,1042900
12,335800
5,212300
311,280300
58,1632000
24,743300
42,1168900
1,94100
3,124800
10,296900
284,1458700
3,172700
132,384100
13,391500
12,499000
109,1407900
11,355500
16,444200
222,1134300
111,1401800
4,147200
62,85100
11,326100
60,1587900
149,808300
100,1134300
7962,7240500
120,1689600
2,98000
4,180800
5,176700
6,245900
17,477400
149,821300
36,958100
2,121600
860,2017300
2158,3237300
24,688500
136,465600
2,97600
1,69600
3,121400
23,652100
9754,8214000
12,364200
16,447100
994,832600
2091,2969200
1,82700
1,94100
520,1068100
23,641400
3,120700
98,1101000
1,148600
223,1158900
6,243000
362,1881400
25,708700
349,1428000
10,309400
241,1648200
7,283300
36,964900
32,971700
2,100500
37,1049900
4,254400
7,229500
1,73300
3,126800
459,1351200
740,2121600
9444,7894900
13,434300
8,255100
25,676500
1,70500
19,576700
6429,23098600
16,552000
81,636000
14,417300
2,99100
37,1050300
9,289900
31,853800
8,247000
10,318200
92,858400
517,1079200
30,859400
3321,3579400
10,313900
19068,16460400
1,134300
2607,2139900
4,168200
29,799600
20,579300
4,147100
3291,2645400
215,1056500
102,1277100
58,1552900
3107,3035400
6,305700
52,1777300
3,160300
4,191600
41,1355700
30,922000
3,130300
1,72900
422,1608100
1,74400
2,97000
7,242800
793,2145100
2,123300
97,1225600
7,278700
3,154100
1365,1500200
3,157500
67,351000
4533,4997300
19,697300
8,319100
32,1074900
192,493000
1,89300
3,149000
8,315800
920,2196300
85,697700
1,73200
858,2050200
10,296700
12,352400
6,219200
1147,1893700
29,915300
139,513700
6,210400
19,661800
754,899600
6,202700
54,1482100
796,2371300
19,601300
27,780600
1495,1616800
1,81600
14,418500
107,1392600
13,463500
22,727100
14,409200
935,1340200
4,181100
2,112900
1,78600
99,1401400
4,171100
7,294000
81,729700
60,1853800
4,160400
523,1234400
57,1747300
8,412700
47,1331400
19,543700
45,1217200
23,645900
3,124400
12,342800
123,1662700
345,1397400
19,607700
3,125600
11607,10382700
412,1500600
361,1706800
6,204400
7,428200
6,253300
95,1042900
37,1041500
58,1717600
12,354500
11,322100
20,656300
2,114700
8194,6895500
8,371800
52,1603700
5115,4624700
102,1113800
185,1799000
34,979600
2469,3353200
2,105500
225,1307900
7,238600
1,76100
84,689500
1,117900
192,452900
2,102000
6,201000
7,235900
25,916200
6,227500
795,2104000
958,1655400
7720,6411200
2,120600
2,124600
7200,5941000
1,126800
943,1198200
3,173400
65,228900
2,121300
7,255000
107,1380700
6,284200
721,1578600
1,99100
2533,3433700
27,732900
12,346700
3,142100
1,80700
201,587500
3745,4063700
23,891800
10,417400
2,124900
2893,4355500
75,520500
39,1325000
52,1428700
7,266000
1,86000
283,1380000
3751,4071300
1,89000
2,100300
93,929800
1,73000
74,417000
2,99400
29,877500
16,562100
6005,6189600
59,1712300
7,277100
2,125800
83,828300
531,1674300
10,355300
29,935900
139,535900
19,521300
1,91600
77,513300
7,231200
6,198200
2,108600
11,321500
2,96800
28,817800
16,448300
245,1696100
9845,9584600
10,362000
79,530700
50,1629000
69,288200
137,528800
1990,1954200
76,494000
9,265500
11,398100
4,158200
21,693600
4,147500
11452,10409400
21,670900
4,166000
72,379200
330,794200
1019,1573900
12,390500
302,1717900
1,89000
315,418800
80,538500
865,2188900
314,565600
13,411800
3,140800
64,143300
1105,2380400
213,1167500
3,125600
1,78700
12,401000
11,393600
195,416400
3,136000
271,817300
98,1035700
1,75700
5,218400
70,357800
15,489600
38,1048800
2,135200
13,429700
5,174600
3,121100
88,792500
1,92900
19,752800
325,687900
312,361200
79,608500
6,224500
268,742600
39,1347300
2,178600
307,2149200
1073,1520200
20,658000
3,180600
125,239200
932,1112000
1029,2071600
235,1451900
92,867800
11,325500
178,1544500
14,417500
6,216300
7,248000
54,1486200
3,124700
15,507100
34,1041500
1,95600
