12026
332312
646553600
35,7538200
38,1201000
28,794400
24,679700
1,72700
14,395300
3,144000
31,880500
21,589900
2,122500
3,127000
3,141000
1,74900
2,122300
295,1465500
2,114600
10,323900
9,277800
10,306200
16,514000
9,299100
1,83100
1,74800
29,777500
4,158200
4,170500
34,921600
7,223200
9,292900
6,235800
95,908100
13,394800
2,98800
3,123100
2,119200
11,325700
126,186200
1,79100
1,77900
1,71500
1,70900
3,171800
6,229400
2,103600
57,1557900
3,126200
31,833900
7,226400
113,1603600
7,367600
2,143400
4,209500
5,283300
41,1235800
1,76000
2,108700
3,127500
4,151300
19,625500
22,748500
429,1970900
1,112200
1,124300
3,175600
20,705000
8,310300
4,186900
4,179000
48,1259300
1,90800
3,130000
6,201000
1,90500
208,851700
4,233100
23,713000
1,73600
60,1602400
2,122600
7,222800
4,148000
13,374800
1,73700
4,163500
4,175300
4,149900
2,99000
4,166400
6,198000
13,365700
1,69900
3,119600
138,512800
3,142900
1,96800
385,620900
2,97500
2,98100
2,115600
1,73900
6,197400
15,467500
37,1045500
1,78200
16,490700
39,1138700
169,1322800
5,177700
13,399900
27,705300
1,118800
1,138500
5,222900
20,856200
4,151900
28,891700
27,828500
3,134900
8,332000
34,927800
1,74000
101,1172200
3,131800
4,178300
125,199100
15,427300
10,301200
1,113900
2,163900
5,222000
3,151400
6,208500
3,122700
4,148300
35,1177100
3,171100
288,1443800
59,1585400
5,179800
5,215900
4,150100
113,1435100
162,1128000
4,217100
1,78500
103,1465800
192,520300
2,131300
33,1142300
2,111700
25,731600
79,555500
9,422100
2,117600
3,145800
16,487100
9,279100
7,234700
1,81800
8,369500
5,206100
1,77200
352,1480400
11,329300
3,123800
9,269300
90,878400
1,73300
1,72400
2,98400
232,1409800
63,119000
23,887500
62,120400
1,76200
4,182000
35,962200
1,82400
10,307700
3,188200
441,563000
4,153100
25,699100
9,488200
21,590700
1,74900
4,150200
2,97500
61,1674400
43,1252600
3,140200
2,110600
2,97600
36,1025000
2,147000
1,69800
8,245800
67,222000
43,1204700
15,421300
7,230200
4,171300
9,273600
1,96500
15,418500
1,71700
33,883700
17,558300
1,78300
4,149300
6,267700
1,126600
1,111200
10,387100
25,851000
6,266800
1,74900
6,239200
46,1328100
86,738700
2,97400
5,222100
92,1022100
3,138000
12,353100
2,101800
15,575300
107,1388900
3,161000
1,71600
2,133100
6,226100
1,73300
154,982600
1,111400
1,96700
20,646000
10,655600
45,2284600
1,74600
10,301200
1,71400
1,71600
3,139600
6,219500
1,84500
4,179400
20,562800
5,183900
2,99500
3,205700
6,276800
16,589700
7,226500
30,863400
3,136500
4,150200
4,150600
4,156300
36,1007100
35,1034300
4,179500
22,722200
1,79400
2,134600
74,429700
1,76300
3,128500
4,211400
36,1146000
23,678700
5,180500
8,288600
3,147500
7,263100
51,1483800
65,210500
2,102100
3,126100
272,921500
37,1180400
58,1617500
2,101500
22,596000
19,606300
3,159300
3,129300
2,100700
1,72000
5,176900
11,329600
65,193800
2,137200
2,147200
170,1408900
431,2098400
5,217200
33,991300
4,256500
35,1029200
1,77700
53,1575200
4,160100
3,127800
113,1556800
2,130700
1,74000
20,733100
3,164800
47,1282200
24,680900
38,997900
8,288200
1,105900
3,127200
1,73500
4,189100
1,72900
11,324600
1,70900
3,133900
1,73300
2,97600
2,96900
1,71900
69,321800
1,72600
1,102400
4,178500
1,73900
49,1569700
7,272000
13,403600
3,158200
9,412800
7,234000
1,114100
12,389800
3,130800
16,453500
1,72200
11,350500
3,128000
36,1040200
3,145400
20,646900
1,123400
3,214300
9,308000
62,95600
6,240200
1,90300
489,2182600
2,114500
2,107700
2,100800
27,941200
6,248000
3,130100
1,78300
1,102600
1,74200
5,175800
3,172400
28,788000
57,1666000
361,2019000
113,1751100
1,87700
16,459400
8,322600
1,74200
15,461600
11,375500
3,126200
4,147400
13,388700
1,83500
5,197800
40,1219800
1,115300
3,178100
10,425800
14,580700
1,83600
4,155000
1,96800
5,200600
1,85500
44,1424000
24,951000
19,767000
1,97900
218,1124600
1,88000
8,312600
7,255700
1,84400
3,128600
23,650600
1,82400
10,312100
6,236800
4,199800
22,950100
268,824900
23,790600
14,435800
4,161000
1,81900
115,1661000
3,125500
8,279300
12,371800
1,84500
1,87900
5,335600
1,80300
28,910100
4,154200
7,227400
44,1282900
17,480200
4,152500
4,195000
1,78000
4,151400
2,123300
7,229500
1,74400
88,984700
5,260000
1,100500
7,332500
101,1419100
1,84500
1,75800
2,100700
9,281500
25,734400
1,74800
15,467600
31,1241300
52,1483100
196,498300
2,105800
14,430300
3,142400
38,1142900
1,79500
1,93900
1,95800
21,618300
2,101300
7,251600
3,165900
29,984300
3,133800
13,398700
1,73500
146,882800
2,108900
12,383500
1,76800
8,253400
1,72800
3,136900
2,118900
46,1432800
1,77000
4,156100
4,171200
4,167000
1,70900
2,116200
16,445700
156,1236700
3,134900
36,1076500
6,283100
1,75600
1,93600
30,966300
3,220600
5,194500
3,126800
29,1031500
11,434700
29,987100
120,1664000
1,85300
4,191200
1,75500
149,760700
12,600700
4,214800
2,165300
125,178100
50,1370500
17,611200
87,793700
1,77100
59,1659700
62,128200
2,101700
3,190900
65,207800
1,78200
22,683000
4,155200
4,169200
11,457000
26,1077400
2,117100
193,390200
1,79600
3,128500
10,308100
5,231300
7,247500
2,101300
2,117600
2,128700
3,133600
1,83200
1,74000
1,72000
2,102200
1,75000
6,206500
303,1810200
9,394300
9,433100
115,1938500
13,393000
23,898300
7,326000
2,135400
1,110700
8,357600
2,184500
34,963600
2,107000
8,300800
193,453600
1,78300
34,953700
2,102800
4,153500
143,769300
8,262800
3,128300
308,2036300
5,189000
1,99100
2,105200
17,506900
14,460600
3,137100
3,125500
132,469400
3,194700
1,101800
14,580500
5,268100
13,601600
3,160900
1,78500
1,94300
94,952900
3,159400
15,704000
1,94500
2,160800
2,101500
2,98900
2,112200
3,126800
3,126400
19,569700
124,173500
41,1164400
2,107100
4,156700
2,123800
1,75800
413,1509700
6,352000
80,633100
3,127900
51,1446500
11,569800
1,88200
50,1511300
3,129700
13,388300
2,101100
89,863100
2,137400
3,140300
18,519600
1,74300
52,1460900
16,498300
4,165500
11,394400
4,152900
4,153000
1,77300
9,273900
7,266300
22,705800
6,203700
1,85400
1,71600
20,569300
15,467900
30,828600
1,82200
67,218700
4,173900
10,312400
3,144500
1,84100
1,73100
1,72800
14,442700
2,100700
13,407600
1,72700
6,240300
4,176400
2,96600
34,1019600
1,77000
52,1476500
4,205600
1,105900
1,82000
1,87900
76,564300
3,127800
3,172800
18,562000
1,79600
98,1066900
4,151400
5,235500
1,108900
5,182300
4,184400
11,436800
1,74200
128,236300
7,246900
8,310300
4,186100
1,89700
6,206400
4,153200
1,73600
84,720300
2,103800
45,1258100
1,80900
18,582900
188,226400
2,113800
1,73300
8,251900
30,1098300
3,205600
3,192700
1,120600
71,383900
152,1098900
6,265100
3,133000
89,817800
1,81300
17,533800
59,1760000
6,252100
1,78900
1,88700
12,482800
4,162400
8,267700
11,422700
2,116500
34,1153000
65,184100
4,173400
2,138000
8,255200
1,73700
1,73200
3,128400
7,239600
68,361800
3,175900
2,173000
1,104500
158,1048000
18,580400
6,208900
10,321000
3,127800
21,638300
10,329300
16,446500
7,277700
130,329300
24,695400
4,154000
9,287200
128,387500
14,621400
226,1339700
1,83200
6,203500
1,73300
9,338800
3,149700
1,139600
3,131600
5,252900
94,979200
1,74700
5,198300
19,525000
114,1731300
4,157300
3,125200
33,1173800
67,265600
75,472500
1,75100
1,73800
2,98100
25,764500
1,85300
5,215800
5,192000
6,223100
14,403600
2,100300
6,200600
346,1460900
1,85100
11,340800
1,79700
1,94900
1,74400
6,220900
140,665300
357,1667900
3,223200
8,311800
4,153500
1,72300
3,128400
3,181400
3,135600
1,75000
23,779000
82,617800
3,178800
4,191400
98,1054000
2,120700
249,257100
28,903000
7,309800
1,74400
8,267900
6,269800
3,199000
1,102100
1,81900
1,101300
6,211100
1,76800
1,75300
7,233800
14,418600
4,267200
2,113500
5,183100
71,361900
1,75900
59,2246700
44,1347000
1,84900
110,1428500
31,1013300
4,274500
96,1510400
2,113500
1,74300
6,239600
2,123400
1,83100
100,1173700
3,133600
11,333600
9,418500
1,87500
1,88200
1,90200
4,155900
43,1182400
19,579400
4,187600
2,102600
4,152800
2,102300
5,201500
1,75000
1,81000
1,78600
17,671600
149,900300
7,256800
13,414200
1,75400
11,376300
4,184900
86,795700
20,585300
4,154300
1,104000
3,127000
101,1259800
3,168300
15,428500
3,159000
2,98200
10,332600
2,100100
1,72600
3,130600
1,82800
11,386700
54,1601300
13,398100
1,78100
3,126700
7,229500
220,1109300
291,2139800
69,463000
24,1012600
10,507700
18,659400
3,147500
1,72500
2,114900
74,498700
12,391500
19,560500
228,1492000
4,254000
3,202900
200,573900
2,114600
1,86100
3,129700
45,1410100
13,417500
4,197600
2,190000
48,1660500
1,127300
1,162300
2,116500
21,645300
1,94400
2,139800
213,1195600
4,203400
2,128000
5,220500
10,409200
7,310000
2,128300
285,1436600
3,212900
229,1346100
26,766500
86,735600
12,555100
8,377200
30,1202500
4,180800
2,139100
20,590000
2,104800
1,73800
3,126800
2,147200
1,84900
1,72800
369,2026600
6,321200
1,116500
4,249400
15,596700
7,236600
6,231400
13,383200
3,130200
2,99800
1,72800
2,97200
82,659200
1,85300
5,225900
4,168500
6,205600
3,134200
14,574300
314,516000
6,261300
18,662100
1,96100
4,199000
28,1000000
5,213400
4,160200
13,419300
6,212100
19,589400
6,202200
2,99000
38,1093400
1,95500
2,102200
45,1280200
1,74800
115,1538600
26,816800
7,235600
3,136100
15,536800
60,2283800
5,205900
1,76200
32,895500
1,100800
6,286000
6,233300
59,1581900
1,98400
3,128300
45,1459400
54,1578400
71,341800
4,186100
2,100700
1,74100
1,73500
1,73500
29,820400
4,169200
356,1711300
6,262600
1,93900
10,379000
21,711600
1,96100
17,547200
27,968600
1,96100
6,258200
8,332100
12,448400
1,90200
12,578800
3,194400
5,256600
11,484500
16,667500
14,443000
20,773600
20,587600
6,209900
91,1176000
13,595100
9,375100
4,195500
25,882600
25,985200
34,966500
1,105800
1,93400
101,1101300
7,258900
7,298600
21,630000
1,76500
26,754600
4,154100
2,145600
1,75800
2,103400
437,495400
11,403600
4,241000
2,121400
6,211200
2,102000
15,465800
4,150900
29,839400
1,74400
3,124600
4,161900
3,167700
4,236900
235,1575500
4,154200
1,98200
1,92500
17,570400
86,780200
12,356200
1,74200
235,1495800
2,100200
8,350900
104,1706600
15,474900
7,239300
3,128800
7,228700
25,776400
2,108500
2,163700
210,795000
6,203300
214,1501800
1,99400
7,268800
10,365900
33,1059000
4,186100
3,134700
5,201400
1,94100
2,105100
32,1094000
2,138900
1,97100
25,899900
73,458900
8,299100
5,199900
4,171500
4,159200
2,149000
9,303500
10,350200
12,378100
16,476300
13,641500
15,492300
3,138000
3,134800
1,98900
7,384200
16,517400
54,1556600
8,417100
2,169300
77,533800
24,834000
3,221100
100,1392300
6,378300
2,160700
3,188600
111,1541300
3,185800
1,117200
6,299600
99,1223100
12,410100
3,135800
3,185900
3,176000
1,87500
1,79900
1,98800
28,1012200
3,163500
1,96900
6,229100
1,91100
52,1471100
17,558300
7,247500
22,622800
2,110400
9,507300
37,1320000
3,254200
182,2158000
1,125000
1,95000
13,622500
1,102100
2,221000
1,94000
9,342200
15,565700
3,143800
4,187100
1,81300
6,214200
25,766500
3,144300
4,183800
1,75200
2,103900
250,320100
177,1695900
3,190100
4,162000
10,333100
1,75500
26,793200
2,108300
11,378700
2,110200
1,107400
11,600000
15,763300
3,217600
2,172400
2,203400
3,187000
6,342700
2,181400
6,348300
1,120500
4,416800
3,217100
4,263800
350,1908000
154,1607300
38,1339200
15,686900
24,764000
83,786700
9,303800
244,2194800
1,110400
113,2059700
2,141600
7,357600
6,291700
5,279000
4,225300
4,229800
25,929400
1,118400
16,489800
1,76800
74,397800
99,1392100
1,81600
5,183300
9,357500
4,265400
3,207000
5,273000
4,206900
3,130500
7,241700
2,101800
5,295200
2,116300
3,141900
1,73500
1,73900
4,151600
4,176500
194,424100
26,756500
5,187400
7,340200
2,165200
1,117100
38,1249500
4,250000
1,84300
1,93000
5,180000
8,267100
2,100800
71,324900
7,301100
3,159100
3,163800
3,158800
4,190200
5,225100
3,159800
91,912800
8,453000
159,1280900
7,262700
4,157300
14,424100
24,793300
29,998000
72,407600
3,167200
1,90500
1,84900
10,328100
3,129400
18,586600
20,659500
1,91100
30,1140700
2,114500
3,167700
62,100100
26,1002700
5,187200
1,88700
17,550300
250,331000
19,567600
16,484500
1,77900
2,129500
18,573800
241,1733200
1,116500
5,265900
2,169300
5,214600
49,1456800
109,1543300
1,131200
1,106500
46,1398400
14,430100
19,626800
190,411100
4,183100
2,108100
1,78600
9,292900
19,570500
4,230100
174,1489500
9,478600
48,1440500
8,344000
8,355500
8,367600
3,141800
1,75200
8,428900
2,143700
10,393000
7,253000
40,1531600
4,175400
2,112900
3,149500
21,621000
2,102600
3,124800
23,641000
5,178100
1,73000
6,262800
45,1318700
27,892600
2,109100
53,1681000
4,238300
8,403200
160,1456400
58,1915200
9,306600
15,508600
143,720100
8,342200
3,144800
14,452000
3,130600
99,1151200
7,328400
1,81800
188,240300
1,77000
3,134200
1,76200
3,143500
5,184900
1,109000
4,155000
2,103400
476,1662200
47,1391700
2,132200
32,905200
1,79500
1,74500
2,104400
15,462200
3,132300
64,162400
259,733500
2,167700
2,161400
3,171100
3,129800
2,112900
10,460800
32,1129600
8,317500
3,129200
16,497800
50,1621700
24,697700
2,102500
185,2018800
3,157000
14,509000
2,117900
1,83400
1,73400
8,256200
3,195600
2,121800
65,186300
1,74400
7,240700
1,96100
25,681900
177,1981300
5,222800
9,542700
1,78800
14,409800
9,335900
9,410500
28,1378600
3,199300
3,204100
3,228300
1,84600
3,173900
13,420200
3,132100
21,620400
4,157300
3,128500
2,100800
1,157100
2,180500
2,149700
1,117200
7,341100
45,1634700
7,252500
2,105100
2,103200
16,526500
18,550000
2,139600
2,103700
2,100300
4,150800
4,154200
10,358400
1,74500
3,130400
570,783000
1,81300
12,360400
32,918200
17,516200
41,1368900
27,883000
1,106200
22,810900
5,183600
2,138400
2,137000
1,429000
23,945500
2,145100
1,100800
2,136000
20,871900
54,1534900
26,1001800
19,566700
24,908100
3,130300
6,222200
12,372400
1,100500
1,86700
20,716500
6,230800
1,85100
7,251000
1,92700
2,120600
144,742700
1,76500
3,125400
1,69000
189,379900
17,609700
1,119400
3,171900
1,80000
159,1159300
64,160800
1,75400
3,126900
15,447600
1,76200
1,113000
45,1386300
5,253800
9,369000
175,1677000
26,902100
1,104400
2,107300
18,591700
98,1423300
1,95800
15,461600
7,236500
4,187900
14,512000
8,255000
12,353400
51,1483300
3,184000
17,657800
6,216000
1,76900
9,282000
1,72800
174,1482900
8,367800
10,474100
17,670400
1,94700
1,77900
17,514900
22,815800
3,204200
6,240900
3,130000
6,209800
17,504000
23,710900
4,184700
1,201200
6,224300
11,330900
3,125000
104,1508900
10,338500
16,553900
11,394900
116,1550400
336,991000
27,879100
127,229200
2,108800
7,235100
3,160300
2,102000
10,316300
1,73600
139,643900
14,422500
41,1196000
16,452700
1,72900
1,71400
5,227700
2,122700
1,85000
373,455800
1,105600
1,162400
72,458200
1,101300
1,94000
21,675800
2,109200
5,209400
2,106700
4,157400
2,102700
29,898900
1,83800
3,185200
15,460400
11,346700
6,226900
6,208800
1,73400
1,73100
4,209600
46,1291000
4,160200
3,133400
3,132600
1,80800
9,482200
221,1517900
1,117200
3,134600
20,610200
135,449600
5,188500
1,84800
19,574300
2,149000
4,170600
6,209800
12,364200
7,242100
3,130800
10,361500
33,913400
1,79200
3,147900
8,342800
1,81400
24,809000
167,2223500
1,87600
7,258100
45,1315800
9,328500
6,319100
1,81700
21,692200
20,592800
56,1543500
36,1070500
8,386400
1,124100
19,537900
3,146600
40,1187600
4,181100
1,88400
3,138300
26,786000
2,138500
9,294100
3,156800
1,163600
10,364300
1,86600
5,179900
119,2051600
3,240100
37,1494000
2,120800
3,130800
277,1041300
1,80700
2,106300
1,75400
27,801000
3,199000
65,224700
30,989000
2,112800
1,72100
2,172700
1,117200
40,1579800
12,363700
13,413600
4,155600
1,75200
2,101100
1,97000
3,135100
172,1455700
9,294100
11,351600
11,333900
5,228800
6,412300
38,1400000
28,808900
1,74700
15,443800
3,192300
1,102100
1,131200
2,159400
10,467600
1,79800
15,450200
264,922700
93,955800
7,246500
6,208800
47,1422800
22,683600
2,143600
7,238100
29,842000
16,517200
5,187000
12,411500
2,116500
2,128300
3,144300
470,1523700
1,111700
1,75400
6,236100
5,178400
2,101700
11,369100
10,348500
4,156200
1,83200
3,132900
66,323100
24,689800
7,251800
16,489800
19,782800
126,193000
2,111300
2,122200
3,336000
8,347700
5,251500
29,867300
13,391600
4,219500
1,78900
12,567200
1,94900
1,104500
1,111700
1,113700
1,95400
49,1489900
4,154900
5,178100
4,162000
146,851600
8,266100
4,174000
4,152100
4,150000
1,72100
13,416200
4,152000
5,186300
1,73400
7,245700
3,127400
3,126700
41,1449500
4,198600
1,88300
8,267800
1,106400
1,111100
8,404900
1,82100
4,156200
5,228700
174,1551000
12,493300
25,759800
1,147700
4,223800
36,1029000
1,77500
3,134400
5,233000
112,1608400
1,86600
1,87800
6,215800
1,131700
224,1644800
140,701100
39,1428300
3,157900
2,119200
15,498400
8,305200
3,136700
96,1069100
1,81200
1,75800
6,284600
3,134800
45,1268400
3,168200
244,1920400
7,241400
62,95700
4,155600
3,125800
4,187100
7,231300
10,330600
1,74100
15,487100
38,1297500
16,492400
53,1426600
7,267200
20,584500
3,183100
3,139000
2,159700
31,1084400
11,335200
1,112500
140,628200
141,732300
1,99100
17,668100
25,721400
1,72500
1,72500
15,504600
3,155200
111,1457100
1,87300
4,188400
13,585300
26,788000
2,106800
22,662100
67,258800
2,101900
8,424800
3,175700
9,441400
10,413700
1,104700
13,547500
168,1622600
9,303400
2,124000
1,79700
1,86800
13,429800
2,102800
4,165700
1,77300
8,300900
5,218300
54,1586000
1,100000
5,195400
1,75800
26,901500
3,193600
15,451200
5,274100
120,2081300
59,1988600
86,904300
1,92600
8,329400
2,130300
263,778300
17,560000
12,432700
3,133600
18,689000
16,524700
1,74800
3,129000
3,180500
14,412000
36,1045500
8,256200
1,89300
10,384800
8,290900
1,75900
3,152600
1,74600
3,128900
4,161200
1,75000
10,305700
204,794500
4,268000
14,476500
2,124500
8,297200
2,103100
3,179800
1,106700
16,687500
1,76900
4,162900
9,321300
2,102300
102,1209800
8,472500
42,1388900
1,88400
1,78700
1,76800
166,1686500
4,328400
4,311800
2,226500
4,275000
1,145200
25,833900
1,76300
5,183600
12,358600
2,135100
24,780800
1,135900
88,822400
7,235600
3,219100
37,1035200
25,893000
3,166000
23,638600
1,74400
10,302900
14,484200
10,351600
3,159000
5,183500
4,153200
75,477200
1,80900
23,799100
14,421200
16,579200
8,355200
3,160400
50,1622900
1,80400
203,695200
27,990600
1,84600
3,151200
6,226700
1,75000
38,1067400
1,74900
31,924700
47,1294800
5,205400
75,529300
35,955300
1,74600
4,166800
2,99700
1,73100
18,837500
1,78900
18,736700
1,87700
3,177400
7,273700
5,200900
3,165900
3,159600
1,104400
1,142000
1,100700
1,111000
1,102300
1,104700
5,241800
48,1730800
4,197400
4,156500
14,422600
4,152800
2,102200
1,92800
31,866800
32,1182000
57,1643700
1,88000
2,102800
136,530900
42,1243400
2,113100
2,116600
5,357300
7,265100
76,505800
3,130700
4,151700
6,204500
8,369300
4,183800
1,93600
17,493600
2,104300
31,886900
2,133300
4,232500
172,1571900
4,209900
1,96200
1,91900
33,1164100
2,127300
66,270800
3,169400
8,322700
12,452400
2,166900
67,291200
1,78600
89,810900
1,73300
5,207700
56,1746000
1,81100
56,1663400
88,790500
3,152000
8,316000
3,149700
1,76800
2,102700
11,352300
3,142600
4,167500
3,141300
1,78300
15,449600
2,133500
1,79100
12,529300
282,1364800
3,222100
2,131100
1,80900
216,1036800
20,598200
12,364200
1,97500
357,1559400
2,140100
98,1067000
3,127600
1,85400
5,177700
2,126700
6,201700
1,72600
11,717000
4,205400
9,366400
1,81200
12,462500
1,112700
42,1521000
309,2144900
1,98700
1,75900
4,153400
337,1050500
223,1221700
2,150200
39,1374300
28,803900
6,233200
1,88400
62,101700
1,78500
38,1101500
3,126800
10,322600
59,1607900
61,1681100
276,1076400
6,211200
14,418500
21,754700
4,224500
1,93700
1,94500
4,193700
2,128000
14,527200
1,93600
61,2079800
18,651000
41,1410700
1,121100
1,76500
4,160300
1,74100
2,138900
21,837700
6,260800
12,406700
38,1249000
1,88900
238,1768600
1,83900
15,524900
2,129400
96,1013400
1,75200
1,73100
1,113600
1,115000
5,323100
1,83200
16,524400
1,95700
1,83200
9,295200
4,203300
1,78100
34,945800
7,247400
1,111100
6,335600
2,125500
1,78800
2,105700
69,290700
272,1008300
4,173400
4,156000
4,154900
28,962200
1,82800
20,601500
51,1439900
4,152200
3,125200
2,97800
3,126600
132,382200
2,163400
1,93600
8,298200
5,191300
31,848500
74,553800
2,157900
8,257200
1,72600
1,83000
2,101100
3,126200
1,75100
440,597400
8,287900
22,634700
3,127200
199,678800
11,440100
12,366300
1,78100
129,314900
2,101100
5,212300
9,278700
5,210800
4,162400
23,625300
2,97300
176,1520400
10,429400
5,189800
8,300300
1,75700
1,126500
13,554900
233,1690900
4,168700
65,227300
5,175500
8,249400
54,1768200
19,686400
44,1309400
4,189800
12,383900
133,375400
12,395700
3,126400
13,503000
25,967600
29,889900
2,112700
1,71700
6,204100
1,79800
88,811400
1,77000
1,99500
7,236900
6,201000
6,244600
4,163700
55,1550000
3,145400
1,86300
1,72200
27,815700
3,126300
3,126700
1,72400
312,361500
7,245600
1,94900
1,75400
3,129400
13,400700
2,132400
1,72600
17,726700
19,580600
2,100300
1,74700
6,204100
83,818700
45,1231700
79,749500
3,159700
1,90400
1,88900
282,1307600
7,259800
2,110500
9,282700
7,367400
4,154100
2,102100
51,1756400
7,285300
1,90300
59,1775400
8,255200
4,165600
13,452400
17,527800
9,283000
26,780500
1,94000
80,696400
3,167000
2,104900
8,267600
7,316700
2,132700
39,1102800
2,134000
9,296000
1,89900
1,77700
24,742100
3,186000
4,235800
1,132600
3,179800
29,1042700
5,228700
13,503400
4,201700
24,849800
36,1856300
3,248800
10,465100
3,130900
59,1579700
3,164500
1,84900
4,159700
5,174900
266,731700
136,568900
1,97000
6,254200
24,671900
47,1321700
2,98200
12,417900
19,617800
26,743900
253,431100
8,292900
8,292100
1,75200
12,364100
3,129500
14,418600
3,170100
10,373400
1,87300
1,96400
6,253400
315,407100
1,98700
13,416000
16,489100
28,816400
1,120100
1,139800
143,982100
3,147500
99,1490700
7,237900
23,768400
19,584600
79,636400
4,246300
4,160800
6,203900
95,993700
256,455000
1,105300
5,197900
14,467600
27,750400
1,79300
3,129600
1,82300
4,165900
4,240300
14,440700
2,101000
16,453000
1,74000
299,1651700
3,139600
1,98200
1,73700
1,71400
8,287700
1,84500
16,623400
5,178900
3,147400
38,1446900
122,1757400
13,420200
4,209800
2,120400
1,83100
3,180300
28,924000
1,84600
52,1476200
23,662900
2,97600
5,241600
1,89200
6,197500
3,175600
25,739600
2,101100
1,75100
1,73300
84,724100
7,255800
170,1507400
13,414300
3,145600
2,103800
1,74400
19,869200
3,156600
1,88100
6,208900
4,158000
1,75200
1,99100
197,632600
4,203000
1,90500
12,449000
3,162300
3,155600
389,994700
2,109800
68,268300
2,97800
66,192800
2,98700
81,627300
64,143500
3,125500
2,97300
33,997500
2,107300
4,158800
1,93900
273,969900
1,82300
10,389500
4,154900
6,203200
20,715900
4,149500
2,97300
9,341900
1,82400
19,656800
4,150200
1,78400
10,322600
7,243400
3,151800
1,101200
71,380400
18,566700
16,489800
3,137300
4,192600
2,126400
1,83600
58,1659600
5,178800
1,73000
4,151800
1,72100
1,77600
19,715900
1,95900
6,264200
1,91800
3,158800
23,859400
89,1054200
60,1893900
21,595500
1,80400
6,220500
8,537500
1,101200
31,969200
314,527600
4,162300
53,1667700
55,1794700
5,522700
3,141200
234,1428200
31,982800
118,1652200
3,157600
2,105100
3,134400
44,1392100
1,149300
6,272300
4,198000
16,770300
75,520000
2,106400
13,442600
10,485000
10,309600
3,147000
1,75900
70,320900
161,1090400
1,79700
3,126000
4,151800
60,1827400
5,287800
16,650600
2,114500
1,91800
15,422600
1,76600
1,107100
68,283800
15,459700
18,509300
11,357400
12,442700
1,78100
294,1691200
3,135500
2,102800
26,792100
66,289100
55,1704300
46,1259500
43,1269900
16,536100
9,313900
3,129700
40,1182100
12,363500
6,205100
2,101100
68,258000
72,458700
32,921500
35,1173200
3,134600
1,74600
6,202700
355,1505400
1,82400
19,597200
1,90100
3,160300
1,97300
11,431200
3,154900
177,2093000
2,130100
116,1991100
420,1720800
1,73400
76,600800
1,85600
13,403500
6,272900
5,181300
13,456300
15,510500
21,605000
2,106500
1,172000
9,302600
3,148700
387,692500
1,73300
3,127000
13,413500
2,112900
14,433500
94,982100
5,214400
144,707900
1,77200
7,246400
3,125800
9,398500
173,1698300
89,1197200
6,289300
4,191700
272,971800
4,176600
266,902200
316,498900
4,255800
1,141300
10,483500
3,226200
2,150600
4,221300
4,161500
1,78700
1,73100
17,562300
1,75700
1,74500
1,86600
24,682700
4,163600
6,213300
20,572000
2,101300
4,152900
14,416300
453,909700
10,348300
3,126900
4,152800
1,72800
3,122900
14,401500
5,174500
31,994000
40,1422800
3,275500
2,271500
2,151600
10,325700
6,210000
7,258300
4,246000
65,196800
17,526000
4,154700
16,504300
3,219900
25,724700
2,101100
3,121500
76,453700
10,419600
3,130400
13,404900
9,280500
2,101700
25,686800
19,554000
5,188200
1,96100
10,320900
2,121100
7,229300
29,803900
3,123900
29,809000
6,204400
86,733500
200,595400
4,150200
245,1689400
1,71700
3,122100
1,70600
3,124600
20,708800
45,1290900
1,124300
8,283100
1,115600
8,259800
1,72300
36,1725200
20,571300
62,103000
1,77400
3,146200
1,73600
279,1087000
10,532800
25,727800
3,205400
4,208800
5,229200
3,159000
252,426600
36,1263800
3,158100
3,156300
1,90900
133,477500
5,296500
14,526000
6,236400
2,101200
1,74000
3,124800
9,323400
1,72800
2,98600
7,309800
1,85800
74,467600
7,245100
11,332100
1,72800
1,83100
23,680300
16,1613700
19,1357900
2,116400
55,1918400
212,909700
22,752800
1,79900
3,140600
28,769100
1,84200
8,257100
41,1126600
2,114200
3,125000
1,75000
21,616200
8,280100
52,1504600
12,447700
15,516700
1,74700
2,100800
2,110000
7,228500
2,172100
22,759000
1,142700
3,199000
20,729100
48,1439000
1,122100
1,89700
6,263700
1,99900
2,122900
1,110800
1,73300
1,71800
10,335500
1,75000
2,171600
14,595400
5,232900
14,514400
1,92000
2,156800
4,246900
5,194700
93,998700
1,81400
1,73400
190,325100
37,1129000
11,333700
29,882700
5,198400
39,1075500
12,412100
1,96900
83,664800
11,387900
9,357700
1,93600
5,233900
5,243800
12,445000
1,94700
3,155300
8,334700
26,1049600
1,90900
1,88900
41,1422700
84,923100
1,105100
63,167100
6,265300
3,133200
10,364800
1,101500
2,143400
4,236000
1,95600
3,141700
3,132000
119,1859500
12,431400
31,974200
1,78200
181,1651000
27,961200
5,252100
1,150400
7,306800
2,152600
45,1429800
1,81400
85,769900
4,158500
22,790300
255,451400
1,84500
111,1567500
2,124000
8,272900
3,133500
3,258700
24,832800
2,123700
15,486000
16,583400
136,625800
3,209000
1,113200
1,96500
1,91300
14,537400
47,1578800
6,232700
8,292900
15,506700
4,163400
22,712600
1,80600
7,262600
78,748400
3,162900
1,90100
1,75800
5,290600
2,188000
44,1350100
5,259100
432,2946600
10,479800
2,120200
1,75000
8,339200
1,73700
13,843500
15,506900
2,107900
1,95800
15,502200
1,82400
36,1102700
144,794500
5,218900
1,76400
5,184500
6,204000
7,240100
28,1313900
10,411300
1,86900
1,95300
4,200700
5,239000
5,217800
171,1612400
7,255300
4,154700
1,74300
17,602600
33,1049200
8,258900
36,1000100
1,81900
1,85600
1,74800
148,1057000
21,598000
2,119600
12,418100
2,126500
70,382100
5,246600
12,360200
2,102500
19,599800
1,78400
181,1830700
33,1352500
51,1463800
2,108400
24,750800
6,256500
2,113600
3,157800
15,439000
1,77300
1,73600
16,661000
5,247400
1,96500
9,380900
5,235800
17,627100
7,237000
7,294000
1,73800
1,103000
1,83600
3,123300
4,164800
1,70500
48,1661800
1,86400
1,70900
17,536500
1,71000
5,246400
27,869100
4,396700
1,114400
2,156800
1,105200
4,234700
4,226200
1,77000
46,1576600
6,227200
4,157100
9,404400
3,151600
15,516800
3,140200
3,126600
23,654700
2,113700
1,81600
11,367800
5,217700
19,741700
2,140800
11,356800
1,76100
5,210600
7,253600
7,266400
10,426300
1,107300
8,413200
21,1193800
174,1758100
8,265000
85,855900
4,227500
3,158400
28,989900
24,1050000
90,1057900
19,700800
1,96800
3,131800
65,189500
1,75200
2,138100
1,76800
2,124300
1,80300
27,918500
5,188700
3,128800
86,714700
2,130100
89,850300
1,75500
141,586300
1,85100
1,73100
54,1945300
8,393600
3,154900
10,392700
1,86600
12,451000
34,1208900
4,182200
3,129200
4,157400
3,159800
9,354700
5,218700
2,118800
107,1305800
12,428900
3,155000
11,414800
2,169900
3,192200
8,356300
1,93400
2,428600
5,369400
8,398500
17,835200
1,106800
1,94700
6,307800
18,737100
7,341800
3,148900
1,88000
1,75500
1,75900
1,101300
101,1175200
12,441100
4,184400
1,129700
6,230300
21,655600
4,210800
66,219600
15,489200
1,179000
2,104800
10,413200
98,1155600
1,75000
22,622500
177,1597900
4,191100
1,75000
319,505400
2,102900
2,98600
12,354200
7,250800
56,1859700
1,77800
3,131800
5,177600
3,125800
48,1341500
1,85700
15,490100
18,600700
2,122700
41,1401300
1,76800
5,265000
3,176600
31,1127900
250,390700
14,665000
6,351600
6,263400
3,145000
1,87000
8,255700
2,109400
13,540200
13,402700
159,1090000
424,2384300
85,1061000
37,1363000
94,940000
35,1192800
1,101000
2,124000
2,124900
1,89200
3,154200
4,188600
14,574100
28,961200
74,505200
36,1228100
12,444300
2,123100
3,153300
3,169000
3,154200
308,2393800
5,233300
10,394800
1,87800
3,159200
6,247200
3,154700
1,94600
42,1431500
99,1556600
19,719600
1,93600
6,278200
4,190100
1,90900
1,97800
19,628600
5,171700
63,129700
167,1298100
1,82700
3,123600
2,96200
4,167300
1,89400
1,71100
4,143800
4,146500
1,85100
4,143500
45,1260500
2,99100
3,122000
8,265200
9,283400
1,70600
52,1443100
31,908700
6,203400
14,485700
1,81500
7,271600
1,73100
8,273700
125,161200
1,73400
3,124000
37,1014900
213,870200
4,151500
6,230300
2,120300
1,71500
2,95300
1,69800
5,192500
169,1367600
11,366300
11,329400
2,97900
2,96200
1,69300
126,212100
9,281000
87,754500
2,99600
9,276800
38,1119100
2,109500
2,151200
1,75800
25,981800
3,135300
1,73800
6,224300
6,212100
4,179500
1,75000
1,72200
1,72600
1,71800
4,229400
19,719800
2,98200
2,101900
3,124000
49,1486600
1,93400
1,116600
82,703400
13,404900
1,84600
3,144900
1,76500
1,116700
2,104900
28,769400
4,170800
3,132400
78,569200
9,295000
1,71000
47,1322800
49,2017400
1,92900
1,81800
49,1593200
334,1003400
23,675600
9,457900
22,690700
9,295400
3,146700
3,124200
3,126100
35,983300
5,181300
9,299300
1,74200
4,151500
3,145700
18,534400
42,1138000
76,466500
72,406900
1,81100
1,93100
3,146400
2,100000
15,430100
92,925200
2,100600
2,111400
1,72900
19,628800
1,90000
50,1716500
13,516800
1,75900
1,82800
10,322900
13,492200
5,195600
6,249400
5,184900
15,449100
368,1852700
3,148800
8,327200
3,145000
51,1495800
1,139100
3,143100
8,267600
67,231000
6,206900
60,1674500
3,135600
1,76300
10,352600
1,73500
6,201800
9,280600
17,520300
3,125400
6,246000
470,1391000
1,103200
5,182300
25,700000
49,1949500
17,539400
24,725000
6,207500
47,1429600
5,189300
3,128500
2,99600
6,217100
10,377300
14,463600
23,671700
350,1406200
3,133400
35,946700
8,254300
2,217700
75,576700
7,259500
8,253900
15,429300
24,690000
3,134900
20,599500
30,967100
66,234000
17,548100
9,278400
4,204000
1,73400
8,344800
43,1281800
3,136400
23,884700
10,367800
3,190400
4,256500
20,595000
11,336900
79,639800
10,356000
11,361100
2,107500
1,78600
15,431300
1,72900
1,79300
25,956900
3,163800
445,642300
28,887400
1,82500
3,128100
20,566000
5,305700
2,127500
2,108100
33,970300
1,91400
43,1267900
1,75400
2,98800
49,1340700
255,413100
4,152100
1,78300
3,182900
160,1169200
9,418800
379,703300
2,132300
8,293300
13,408200
7,304100
2,111400
276,1007800
40,1451700
3,203300
2,109300
39,1239800
20,718000
2,129400
10,400500
2,108000
6,320600
15,486900
15,436300
3,144300
1,80700
6,278500
3,137500
9,311600
1,76100
9,280900
4,151800
1,74400
3,125800
4,150600
114,1481000
11,333800
10,322200
27,791200
354,1456800
10,310200
1,73000
3,132400
3,299200
2,101100
6,262500
2,112000
10,412900
3,184800
8,356400
1,74700
46,1337500
42,1229300
3,131200
13,389900
21,734200
21,703200
7,239700
2,95400
15,449300
3,133100
1,76700
1,89900
21,571200
6,197800
7,245100
69,279600
3,180300
4,169400
14,421500
2,100100
51,1438700
22,626600
315,480100
3,143600
3,139900
12,359600
3,123100
1,75000
1,141600
65,241900
20,721400
2,109800
3,128700
3,136100
2,171200
2,121500
1,75200
1,74200
65,237200
12,457200
2,102200
13,389000
188,330900
17,647200
441,590000
106,1464800
2,104400
13,415000
10,355700
32,987000
147,972100
36,991200
75,627300
1,110600
1,116100
5,649200
20,1044200
1,85600
18,537300
4,154000
1,72900
2,99800
10,310800
77,675400
23,687600
3,151900
1,74300
42,1281900
1,113300
9,376100
103,1662100
5,242000
1,145300
10,313500
338,1013100
3,164100
5,183500
42,1122100
18,518700
1,82100
216,955800
1,71000
23,667600
3,125700
71,379600
17,483500
11,466700
57,1629400
29,825400
29,911400
41,1159700
23,731000
49,1475000
6,217900
322,606200
13,451600
4,161400
2,106600
5,216400
5,177700
5,177400
28,830700
12,393200
3,128300
1,72200
152,961500
7,407600
1,101000
10,356000
4,203900
11,429700
6,239300
184,1744200
1,78100
2,97900
12,358600
1,70000
12,366700
14,469900
21,643300
2,106700
6,204200
12,382300
20,605400
1,83900
5,203900
1,73900
1,97200
10,305100
36,1017500
8,254000
105,1211100
1,75000
1,71200
5,269000
2,241100
6,316700
6,351300
24,703100
4,158000
9,281300
1,98500
7,375400
27,925500
2,103600
13,393000
1,84100
8,253500
42,1524500
12,354200
4,161500
3,123300
60,1667900
12,402900
5,303300
76,548900
57,1718600
21,606000
36,1054900
13,379500
143,776300
373,546500
1,78900
2,102400
2,98900
10,711400
152,951900
4,155900
1,72900
4,159700
139,580900
1,96600
10,349200
2,96800
22,598400
3,164000
4,147100
7,225500
3,174600
4,158600
2,96900
39,1097000
18,547600
33,969300
2,120400
14,458400
5,188800
1,72900
1,72100
4,153500
1,72400
1,70700
4,171800
11,342600
11,391200
7,230100
6,206000
300,1601900
7,250300
2,98900
19,588600
2,99600
1,73100
10,313300
9,307000
15,453000
5,189900
1,74000
9,330000
17,578800
1,96900
180,2077700
11,427200
23,817800
10,393500
287,1683200
6,261900
1,91200
3,157300
2,140800
1,92000
9,358600
12,452100
1,90400
20,719400
29,997000
2,123900
1,90800
158,1316300
26,760900
1,72600
124,178000
10,369200
17,571000
1,82100
6,204700
3,130500
8,253700
15,449600
16,488000
1,71000
29,840500
1,112900
19,623900
211,826600
3,127000
1,69300
1,86200
31,877600
2,100200
6,199200
12,353200
16,456800
1,116000
14,524800
369,2189300
3,138800
5,175000
53,1533900
1,84100
1,71400
9,302200
23,786700
1,94900
7,306700
2,124700
3,138200
4,145500
90,1081900
26,815900
1,80400
1,75600
10,306600
1,73400
20,641700
4,157000
1,93300
3,131100
14,408800
14,534700
2,129000
29,838800
3,126000
2,100600
4,166200
216,1101700
5,181800
15,427000
1,71600
12,391000
7,255700
137,512200
8,274900
10,343200
4,149100
1,71200
4,184800
8,259900
1,73300
22,616900
6,360900
3,155000
6,310200
4,245900
52,1578800
122,1760300
1,80000
16,476300
8,276300
10,343800
6,203400
9,281000
43,1202600
1,71900
41,1178500
16,532900
4,250500
3,196400
39,1249000
30,1021000
14,509400
4,237100
4,174600
17,502500
35,964100
3,126900
416,1490000
6,234000
1,72100
1,72400
20,583800
2,100700
3,164200
5,208500
49,1397400
5,183700
2,101500
1,86700
87,817900
6,209200
6,280100
1,71800
7,260600
9,278300
2,130600
29,843800
1,73000
269,1057000
5,192900
1,73400
17,729300
1,146200
2,125600
1,81500
6,225700
1,74400
90,847600
3,212000
62,99200
1,82300
17,557400
14,448100
94,1080400
144,656700
52,1445200
9,279600
1,73400
63,118600
31,884700
11,338000
3,123200
311,317300
141,619600
156,976600
1,73600
7,239700
1,178000
26,1290100
1,126500
1,116500
46,1480300
1,83300
1,100900
1,92600
16,654700
1,78600
244,1804400
337,1009600
1,105400
152,864800
7,248300
47,1330900
4,239500
6,270900
1,91900
2,121600
2,113600
4,166600
52,1491700
2,107800
35,967300
8,278400
2,110600
99,1097700
2,101300
6,224500
1,92800
1,73800
1,73700
4,152100
76,495900
3,157200
24,724500
1,81800
1,95300
10,306000
1,73100
1,76400
20,620800
2,104600
23,723000
3,131100
40,1388200
2,133800
1,76200
2,130900
3,185900
37,1061800
3,130300
1,104600
27,829100
5,189100
9,285500
3,150700
11,400300
3,143300
1,89500
3,145300
15,441400
2,107900
4,152500
3,172200
5,175300
1,90500
9,289900
90,1031800
285,1236800
1,74600
10,322000
222,1282500
1,88500
153,995000
32,1195000
1,74700
1,73700
44,1389200
183,2039000
4,169400
5,310600
1,84000
19,582300
20,687000
1,116300
9,287000
62,106900
3,130100
1,72500
3,126900
5,243800
6,345800
5,317700
7,387300
9,457800
5,284600
3,143200
22,650500
1,89300
135,457700
38,1108100
5,198100
1,74100
1,124500
4,186200
30,854000
7,255700
41,1228400
208,901100
18,609100
3,154400
7,236800
40,1411500
45,1714200
15,640800
35,1076900
20,675200
2,108200
2,102400
1,74300
6,218700
302,1668200
2,227800
20,768700
4,165600
9,291300
5,196400
3,206300
3,144600
1,77600
1,77200
3,203100
29,880000
39,1151900
17,538000
1,76700
9,307100
3,127500
2,110800
22,686400
2,119000
1,79400
1,92700
3,129100
1,73700
1,85000
1,122200
4,214000
117,2297200
4,250500
18,541800
2,117100
1,76400
21,700600
1,115900
11,385100
2,103300
182,1737000
208,891200
2,107400
271,976600
1,128300
2,106800
184,1752100
3,157000
289,2008000
2,158300
169,1930200
13,414500
14,404100
7,282300
2,123600
1,90000
1,89100
2,121200
2,119000
1,90000
46,1284200
39,1298200
6,427100
3,162200
212,918500
2,106300
3,131600
3,141600
5,238900
66,219200
2,106500
50,1829900
24,663400
4,262600
7,397000
92,1160300
2,129600
64,211300
1,91000
1,90300
8,325300
6,258900
2,125800
1,100400
10,409200
2,165900
81,810700
220,1110300
1,84000
12,472600
7,300900
2,104500
46,1399600
24,874500
188,349600
117,2304900
4,193800
11,354900
5,182900
274,1013700
29,858900
1,92200
44,1251200
36,1013900
5,179600
264,791000
5,216200
5,215800
7,279800
16,499200
1,94100
24,804100
1,87300
28,761200
8,315700
24,768400
10,306900
2,99200
5,177000
3,125400
15,462900
3,125500
3,124700
5,190600
4,180200
4,210900
1,75300
28,1068700
3,220400
3,205000
58,1683900
4,185700
9,290500
1,88300
9,278500
3,124200
1,87400
9,307700
1,77200
7,283000
8,415400
3,143000
5,176200
1,71600
70,321700
2,107500
14,448200
1,79200
11,326700
354,1518900
1,77800
1,73700
14,426600
2,98100
25,852300
9,294600
144,786900
3,195500
1,96300
14,555500
1,93100
1,113400
8,329200
38,1442200
33,1236000
2,136800
1,91100
3,167900
1,170200
2,123100
34,1019700
85,791000
1,91600
1,74100
1,72100
5,179400
3,127600
95,1159200
3,209500
1,87700
1,74900
34,994400
1,107400
10,372100
17,657200
3,138100
23,693800
9,333900
265,669900
6,206500
3,123800
9,347900
1,89100
27,770000
1,72500
114,1498700
3,129700
1,72800
46,1315100
22,638900
6,201600
14,434200
8,261900
30,897400
3,134100
85,841700
5,240700
1,102800
84,856000
125,331300
17,541500
32,874900
1,73200
15,515900
2,109300
26,773300
39,1280200
3,169300
25,979700
4,195000
214,1187700
1,92600
2,130800
35,1407100
1,82200
3,208700
2,148400
4,167800
4,153000
2,114100
4,152000
3,196100
7,249000
1,74300
22,645700
1,82200
8,252300
5,187900
7,269000
3,140000
15,488600
16,660500
11,525800
7,271400
1,84200
13,417500
83,734200
3,188100
12,393200
26,767000
66,224400
1,100400
115,1582400
13,540900
38,1341900
14,534900
10,351400
4,153100
14,464900
9,282400
1,74100
1,72500
3,124200
1,71800
1,70400
6,267700
308,2490100
3,170300
101,1336300
33,986000
8,503900
10,433200
32,954500
1,110400
1,126300
72,419600
107,1262300
1,121200
5,223600
13,418700
4,154100
1,74500
3,125600
55,1873700
182,1876800
69,352700
3,173500
1,75500
3,125600
2,111600
13,406800
19,546100
1,72000
28,906100
1,110900
4,254700
1,95300
48,1526400
3,230900
5,182300
55,1711600
1,103400
1,109000
71,423100
1,76300
51,1750800
2,120700
226,1385200
4,178800
102,1227300
381,767200
2,130300
15,545100
3,159600
2,178000
390,1002100
257,591500
411,1676700
289,1639400
7,287700
95,1215100
19,684500
3,169100
108,1753400
17,496600
6,206700
1,71100
8,280600
16,509500
36,1005500
55,1728800
6,244500
1,90100
3,135300
2,114200
103,1733300
108,1396200
1,79700
2,155100
2,124700
3,188100
153,1110900
1,102100
5,207200
108,1365300
4,161300
1,72600
1,74300
1,71400
53,1490200
2,142600
1,90100
2,122600
1,90300
5,188300
183,1929000
3,131300
1,73900
1,81100
1,72000
4,151100
1,126900
3,164400
1,74900
2,115200
126,222900
15,435500
51,2197000
32,1103900
2,128600
15,441000
1,74600
30,1113900
1,110800
151,866800
1,99700
5,205300
2,111900
2,112900
1,76400
3,205100
1,119700
367,2110800
15,557900
14,452100
517,1014100
40,1299200
16,521500
43,1246200
1,121100
6,242300
6,211900
4,160200
46,1407200
42,1400500
12,458000
12,488000
472,1644700
2,105400
105,1517500
3,164500
3,160700
3,166700
22,855000
5,241000
22,622100
6,205300
33,1027100
1,77600
23,753400
4,157900
5,231800
3,156400
3,131200
173,1879500
1,90000
52,1473200
140,799700
1,98100
26,723900
3,179100
8,298900
3,125400
5,190600
3,153100
5,175700
1,80100
4,151900
8,270000
7,288700
1,108100
32,917600
7,246400
136,439100
1,143500
47,1453400
176,1789400
7,328000
1,112400
5,192100
13,520800
18,716600
1,73200
11,327600
4,176000
3,126000
66,218500
7,294100
2,335600
1,184400
2,130100
4,184800
4,166900
20,640400
1,78300
5,196300
3,129600
408,1594500
1,167800
1,174000
40,1418800
81,878100
6,231600
16,474600
1,90600
25,820800
6,226500
3,150200
3,176500
7,362500
595,1696400
1,89500
4,157600
1,74000
2,123800
13,461700
19,574200
2,115900
1,76900
1,95600
16,512600
7,242900
5,177900
12,359500
14,496100
2,113700
1,72600
1,72200
13,402100
51,1477500
1,76900
41,1555300
3,184300
75,523600
195,446200
1,75100
1,77100
14,452500
1,74600
3,137000
10,324100
2,101000
1,78500
3,133600
1,72400
52,1422300
4,151500
13,383000
1,73000
22,640900
60,1882200
250,434100
24,887800
5,231800
11,456700
23,841900
1,103700
3,174400
13,417500
2,153000
8,295900
1,77800
12,373500
1,73300
1,72100
93,1133100
170,1566100
11,435200
1,100600
18,660600
7,292800
2,154300
52,2147200
1,85500
9,290900
9,327100
3,127000
18,506900
122,1749300
4,155900
1,104200
3,156600
195,612100
8,268700
17,547300
3,187400
15,662500
5,187400
10,311200
13,457500
5,188800
13,383800
338,1066200
10,324200
4,152500
3,164900
3,128700
7,377600
9,466600
36,1295500
3,152700
1,95400
2,103100
4,152100
1,72500
20,570900
12,378200
4,177300
33,925100
14,435700
1,72400
61,1670600
1,78800
2,99800
45,1330000
2,114600
14,561100
2,133200
1,85100
4,188900
1,72900
16,512300
43,1221700
4,150800
2,98100
11,336000
1,71900
4,163900
108,1591300
1,78700
25,746400
88,884600
1,84000
6,220900
17,600500
54,1713500
90,810500
10,301200
1,71900
21,662300
14,424700
49,1355700
4,239000
32,933900
31,906900
44,1210800
8,292500
4,159600
28,821600
10,341300
5,257600
8,326300
1,86800
3,153200
8,318700
141,747200
16,527800
5,190400
12,348500
1,71500
4,155900
2,151100
1,97900
165,1395400
8,267400
1,119500
91,1146400
8,254800
1,74100
1,75200
2,98100
48,1365000
15,428300
2,103900
5,174200
118,1611900
14,404500
11,469000
1,99800
38,1322300
4,188800
2,127800
7,287800
2,123200
1,94600
6,319500
93,1139100
12,451800
5,218800
1,88300
2,123400
1,89200
4,191900
39,1351200
1,72500
15,530700
1,89400
3,134200
1,72500
7,229400
7,253000
1,73300
69,349600
5,184000
3,143300
16,488000
1,73900
6,200400
7,221500
2,96900
4,157300
7,329500
1,99800
3,132000
8,271500
2,109600
3,130600
170,1425100
1,102100
6,204400
9,273900
4,149300
1,70000
1,78700
5,198100
15,510000
3,190400
1,76200
1,74200
15,549900
1,72500
13,384900
6,211700
1,75700
16,526100
5,181800
4,328100
4,165900
52,1506600
6,233900
3,129600
240,1717500
106,1215500
14,445400
38,1207000
1,82700
3,130100
2,108700
6,249100
4,157700
5,349500
2,155400
2,138200
92,875900
1,78600
23,724800
12,380600
9,277900
6,203300
5,231900
10,373000
42,1205800
35,968900
1,134800
4,175000
1,74100
1,74000
3,143600
99,1078300
3,133700
49,1442800
15,443300
6,210300
3,127500
1,71900
4,222600
3,140200
5,230400
303,1803500
1,79900
452,1016500
84,665900
1,114000
2,99500
1,72600
1,74100
24,701100
5,180500
1,92200
2,132700
83,696100
234,1740400
32,1089300
10,468700
1,93800
470,1472900
3,128900
12,408300
7,299700
29,914500
1,75800
3,125300
7,357400
4,206800
5,231800
7,380500
21,954600
2,121100
2,150800
1,117100
4,174600
1,74400
1,75100
6,238700
12,460000
3,134600
4,157100
60,2410400
9,374600
5,229200
2,127500
2,127500
5,240800
1,91400
2,125500
11,458800
13,503900
3,157800
1,93000
149,1037900
3,158200
1,94800
2,123000
4,189000
2,125800
4,192300
5,227200
5,241000
1,93200
45,1612200
2,132200
6,237100
10,343100
7,226100
1,76100
13,430200
26,770400
18,584800
3,127300
14,430700
152,998600
85,716400
8,276000
5,225400
152,896800
3,130800
2,98600
5,216200
12,527700
5,203400
10,360100
28,786900
4,156800
3,134800
5,224600
4,157600
1,72000
1,104100
11,429500
3,217400
27,846700
4,184100
10,300300
8,247700
5,175300
13,409700
1,73800
1,73400
1,72000
20,614000
2,98900
62,92800
2,95800
2,92600
2,94500
295,1436700
4,151700
10,427100
22,653100
21,641800
6,263100
1,86500
4,152500
1,89700
121,2311900
4,195500
10,401900
3,170000
1,99000
12,444700
221,1267000
3,162900
3,127900
55,1710900
5,234500
10,403200
3,159400
5,223000
382,639400
1,106000
81,597600
36,984800
3,173100
23,634500
5,184900
19,669800
51,1770000
1,92500
22,794800
123,2678600
45,1558200
3,157100
3,161100
44,1544500
97,1289700
8,349700
1,94900
418,1936300
1,85700
32,1093300
12,400000
14,410500
117,1792300
11,352700
33,939500
17,487100
8,261700
62,88200
4,186300
7,233900
8,280700
1,98500
2,100000
1,72600
4,149100
1,79900
1,70500
15,505300
3,142500
11,357800
137,507900
1,71700
5,176500
4,172500
4,202500
120,1692400
4,162400
5,194000
2,98500
2,110500
14,430700
2,100300
1,118600
19,749000
6,234700
7,265500
2,101000
70,364000
15,545700
1,73800
10,338600
92,903600
26,837300
1,104600
2,125000
76,643500
3,133300
1,91200
35,963900
9,287100
6,244800
160,1073300
1,109000
4,168400
23,727100
1,80500
1,70600
4,190700
1,71500
3,121900
1,113100
1,83900
1,75800
188,257100
13,411100
1,71600
16,448100
48,1312600
15,444500
94,1057500
2,113400
8,267200
35,957500
49,1622500
1,131400
5,235400
17,494600
2,98500
7,225100
3,142700
2,112000
4,177300
17,519900
3,126200
89,828600
29,822600
3,123800
3,125800
3,121600
61,1829700
6,242100
8,324500
12,404800
3,153800
1,96800
3,126500
7,226100
7,232000
4,149500
4,150400
1,71300
1,89400
38,1053400
17,470900
3,138500
62,98300
2,103200
1,82400
1,73800
6,237200
9,299900
1,72100
4,146000
2,101700
1,74100
1,141900
8,345000
1,98200
9,362800
2,125400
4,193300
14,548100
49,1678000
43,1492600
1,91100
2,122000
6,261200
209,1010400
2,125000
1,90700
12,482900
34,1207400
26,914600
90,1046400
7,291100
31,977800
391,806100
23,725300
4,180800
90,814500
3,177600
1,106100
2,101900
1,98900
10,463100
1,75700
2,101000
3,124400
1,72600
39,1097400
7,242900
9,277500
1,70200
1,86900
1,73100
11,342600
27,918900
10,336700
52,1635400
6,266300
3,157500
9,357200
22,783200
15,537700
1,94300
2,152900
6,309800
1,90300
19,686000
7,298900
22,819800
1,129000
1,87500
2,121600
12,458400
1,88200
20,788800
1,128300
1,87700
16,602100
2,98900
19,670500
29,1277500
8,338700
2,139500
1,94900
2,125500
12,455800
21,720700
4,177900
7,335200
2,146900
4,150400
2,101300
46,1275600
281,1165900
14,421200
2,105100
1,70700
54,1828700
5,221000
15,539200
18,664700
17,600400
1,117300
1,94100
170,1682500
1,92400
12,440800
133,489000
1,78500
1,73300
3,159900
51,1369600
6,262000
29,2002500
35,1123800
23,662600
1,85800
3,164400
8,273100
238,2228100
3,175600
6,205500
1,77500
348,1443600
2,106700
4,177000
1,76200
5,198700
2,113500
10,386200
8,253500
43,1469500
1,83900
4,156700
15,458300
1,160800
42,1293300
4,157100
3,191900
11,422900
1,89000
1,76200
17,504700
1,116100
1,112800
1,110500
7,448000
2,140500
1,109600
10,384700
4,196700
10,329800
1,73900
6,205000
3,211900
2,116400
201,652200
3,134700
20,704000
1,90300
49,1404400
82,622800
1,70700
4,159500
556,2241800
5,266300
1,130100
297,1777400
283,1234100
1,82300
203,801700
1,106000
7,257800
1,111800
138,712300
1,91500
15,461500
4,149900
2,129800
15,668100
26,742900
5,232800
1,91500
1,89500
1,99400
47,1569700
4,160600
47,1270300
15,721000
2,164200
2,157700
2,146300
1,92400
1,87500
6,260000
1,166400
27,852400
15,477800
4,152900
24,764000
1,81100
18,588700
1,73800
10,309300
1,70000
1,72100
1,71000
3,125400
370,2020000
1,103300
3,153000
8,274800
4,158300
5,195200
5,178000
35,1250800
1,100000
79,527600
6,293500
29,871000
3,130900
1,74100
1,72600
4,151300
10,394900
1,83800
1,73700
1,83600
2,103700
25,755000
5,175700
2,106000
37,1113300
20,570900
4,159800
32,906700
3,127500
31,964600
35,958500
6,284500
1,83200
4,171900
1,93900
4,150800
330,780900
134,489100
66,235500
430,2083500
3,165700
4,187700
3,132600
49,1428600
1,79500
1,94400
270,935300
53,1575700
9,322000
1,72600
59,1603100
1,87100
1,74900
1,69100
47,1347600
113,1815200
48,1779300
4,248200
4,168100
1,73300
86,738200
7,243900
96,980700
2,100800
1,71300
498,567300
3,172600
372,455000
1,101700
8,274700
2,110800
3,151200
1,71900
1,91200
28,833000
260,533900
1,76700
3,129500
18,565100
35,959200
1,73000
23,700700
3,141500
94,1113300
3,125600
22,641400
3,126700
9,267600
350,1469600
10,302900
2,107000
1,70700
8,310100
17,510400
50,1407600
31,851500
32,1156500
4,163700
2,119400
26,733300
29,833500
1,80700
3,128500
184,1726200
115,1636200
5,250200
2,117700
3,139500
16,474200
1,74000
2,98500
89,931500
83,652600
6,206600
1,83800
3,129800
2,193100
12,409100
8,274000
3,153500
4,150400
6,210200
24,930500
14,446700
45,1282100
21,602300
6,205100
9,277900
5,202800
50,1362200
94,1006300
3,164000
44,1492200
9,320500
10,310200
1,88900
113,1649700
173,1651400
19,559100
117,1633600
18,535100
4,184500
2,145100
6,224900
118,1603800
61,1803100
16,619700
1,79000
1,72800
4,217900
2,97100
10,364300
10,432600
1,71800
14,401900
28,867800
5,171900
1,72400
12,351700
58,2180800
1,86600
6,256600
14,420100
5,175200
1,71900
212,1027200
2,134400
12,367700
4,151800
45,1464900
1,83600
11,328700
2,146000
4,158400
1,81700
14,427100
4,150100
1,70900
8,250900
2,108800
1,79100
170,1480300
12,485700
1,113400
4,195000
10,302900
3,126300
2,99300
3,124600
1,88100
43,1249200
5,183400
8,249600
30,1023600
2,98600
1,74900
6,211300
4,161400
28,854100
1,84900
1,91400
1,125700
20,816400
1,72200
4,212300
118,2060000
1,84700
50,1421500
12,375000
4,247600
5,209600
2,154100
2,177100
1,106500
1,74800
9,275400
1,69900
1,70700
1,87500
25,754900
40,1057100
1,71300
92,917400
1,79500
3,124900
2,97000
28,828100
4,198200
1,80400
69,276600
10,303100
8,276900
9,297200
8,301500
2,139400
3,221700
1,78200
21,600000
4,165500
19,620800
1,73200
81,587300
30,870300
5,177400
30,1189100
69,387500
4,188300
16,608500
4,185500
146,931900
4,187600
1,104900
1,87800
3,257800
48,1454800
4,195300
1,85400
7,284000
1,100500
3,156400
1,86300
33,1070900
1,95400
7,273800
15,430600
50,1369900
4,194200
21,576400
3,178300
2,102200
5,183300
14,433300
3,125300
3,123500
38,1087200
6,217400
5,177200
5,178200
259,520300
2,166800
3,191600
79,709100
1,94300
94,1322900
2,154100
3,190100
1,79300
21,636100
9,374400
4,218800
205,767500
6,202500
14,407800
62,87900
11,451800
10,332400
2,121400
1,72400
8,251300
1,71700
1,70900
40,1138600
3,128800
20,545500
2,97900
12,440100
165,1518900
76,529100
8,251000
10,295300
3,122200
2,95800
1,68600
1,68400
1,69900
21,699200
1,84000
11,336700
10,304100
4,235100
52,1535500
189,321600
2,125800
50,1593900
1,97800
1,96400
4,153600
4,149800
5,172900
4,146700
1,69700
8,297200
215,958900
232,1349900
1,72900
3,137800
20,572300
3,135200
4,146800
2,95700
25,696300
69,291700
100,1060300
15,472500
32,828100
38,1159800
4,163400
1,74100
10,305200
57,1644900
1,103400
17,515800
16,449400
2,117000
1,91800
5,249700
1,79300
4,153000
3,135900
59,1733000
1,88900
144,715500
8,257600
1,94300
3,211500
1,79400
18,575300
8,305200
1,73100
1,79900
3,125400
1,97000
3,129300
5,224400
2,135700
1,76100
1,82100
45,1245700
1,72400
4,162000
22,816700
7,254000
56,1728300
1,93600
18,614000
1,84700
3,129300
1,95300
3,127500
7,226700
29,934000
4,158600
305,1834900
7,249600
1,93800
5,175100
3,127400
14,399100
3,124000
6,237500
16,527700
157,1177600
21,638400
9,277000
4,149400
319,646100
8,328100
2,121700
73,404500
31,1029400
198,608600
36,1119200
3,132400
36,1145500
82,773400
8,419000
1,80900
3,133500
44,1249100
50,1353300
87,844000
47,1275800
6,252400
1,81700
3,201300
3,212500
7,228600
7,281900
13,442300
2,111100
18,608800
9,344100
50,1451700
1,80400
5,182900
27,851500
4,235700
107,1409800
4,156800
62,92000
7,245000
2,100900
20,548100
2,98600
1,76000
13,411000
13,411000
145,668700
538,1564400
2,107800
23,684400
1,94500
7,224600
23,620800
4,157100
1,85200
1,74400
11,353800
1,70500
11,333800
4,148000
114,1726700
1,84000
10,379400
6,219500
4,268900
15,534000
7,274400
2,102200
53,1592500
67,270000
20,760700
6,265600
107,1476000
2,102400
5,174400
5,183700
3,123300
203,638900
1,113600
6,305400
64,144600
55,1728700
1,80700
1,74700
174,1526000
4,190300
1,75800
9,330700
23,766100
61,1638500
1,72700
1,70200
26,861400
1,122500
10,364600
153,915100
4,155800
5,230000
13,461600
10,370700
13,418900
5,193900
65,297800
56,1848700
65,202100
26,747100
158,1075000
1,75900
44,1399500
2,106000
1,71800
112,1483600
7,279600
402,1201200
5,224700
4,150400
44,1297100
4,164500
3,138800
32,945300
80,564700
63,116600
80,689100
1,99000
29,1013300
1,91600
29,909300
11,327800
3,163300
2,111900
58,1801800
17,593600
8,293000
1,91500
8,366900
4,169700
3,124400
140,781600
1,90300
7,228000
6,203200
2,99600
6,199600
7,225300
5,276600
4,156000
38,1039400
61,2034100
1,95900
10,303800
1,72000
7,267900
39,1116700
1,75500
16,458500
5,203200
83,990600
1,82400
1,73300
231,1532600
1,95000
94,923900
27,808100
11,353100
3,125900
57,1557800
1,73300
2,136800
111,1372800
8,277300
5,171700
1,70800
2,96100
157,1167900
4,155800
4,150000
79,518300
241,1579900
3,127300
1,71800
348,1268000
145,724200
1,76500
2,99000
88,808100
4,223100
128,284300
6,309000
55,1674100
3,140100
1,72800
105,1540700
8,329600
313,446600
1,91100
41,1445100
6,251800
5,220600
68,340500
104,1536100
6,262300
2,131900
4,194200
1,94100
29,1050700
5,265100
7,236400
10,346100
1,86500
8,253600
433,1910200
5,178800
13,434500
127,222700
4,177900
2,99000
4,152900
60,1669500
139,530600
4,151300
3,123400
1,96400
1,79000
9,339400
2,133900
4,175100
1,72500
3,163800
1,76700
5,190400
3,139800
7,263500
450,870500
3,161500
4,237600
10,418700
2,121200
9,324100
2,112700
3,140100
1,74600
70,327300
2,107200
2,134300
1,75200
1,78000
4,246600
9,363000
5,197600
3,134000
161,1102600
13,401000
1,75400
16,562200
1,92000
5,300900
4,212000
6,261800
2,121800
1,104200
3,203400
3,130800
4,151000
2,98900
8,362100
3,164700
56,1951400
2,111400
1,71500
24,856900
3,190000
1,76500
4,154000
1,77100
32,918900
22,880600
1,111500
41,1305600
1,81800
81,586600
16,475100
192,357300
10,302600
3,137900
4,149600
1,71300
32,953600
1,80900
5,173100
5,173000
131,329200
20,659500
5,182000
10,300000
50,1418800
12,360100
1,72100
9,369500
16,736200
15,499900
7,252000
10,300400
4,232000
89,772100
1,69800
1,97000
12,356600
1,84600
2,115000
1,70400
19,833500
25,887100
7,324200
3,155700
6,248500
3,184700
1,81700
21,610100
17,511100
1,79000
54,1523700
3,127100
124,140200
8,294400
27,824900
4,151300
7,222300
56,1485400
1,72900
5,172600
7,243900
5,171200
63,120800
6,234400
3,122900
17,481700
27,739900
1,98700
71,331000
6,202300
1,68000
2,94800
1,67800
2,94300
6,213300
8,243000
1,69000
5,205300
2,98500
1,71300
100,1106000
577,980400
1,70800
8,263600
42,1307200
4,151900
39,1089900
37,979400
1,81600
14,413800
1,99400
3,126300
5,177000
127,211300
2,116600
33,919100
223,1134800
1,71200
21,593500
1,68300
62,83400
1,68000
1,69000
2,102100
3,121700
2,104600
23,857200
82,660300
20,798700
5,175900
19,539900
1,71400
17,542000
445,688600
5,226500
7,253500
6,271100
17,517700
16,475300
1,98300
107,1762000
25,854900
20,639800
2,183400
53,1516700
15,463700
7,231600
173,1488100
1,77300
1,70700
1,72800
151,1049100
12,353500
1,79900
1,70800
8,247300
1,70500
2,119700
76,463500
8,267400
241,1558200
1,72000
16,451300
9,294000
10,303700
174,1377100
20,564900
5,207800
2,96300
173,1668000
24,702600
15,460600
3,124000
11,328800
10,318200
15,420800
9,299000
6,206800
3,121800
124,147200
6,200900
1,74900
20,683300
362,1737200
17,484400
5,204300
10,327200
8,250200
1,70300
5,273500
70,294400
67,214400
1,70800
36,1053100
1,85200
5,172500
57,1545800
10,312700
1,68700
77,514600
1,97200
49,1312100
4,153200
40,1107600
13,395800
10,393200
18,567900
1,73500
17,490100
1,112500
6,302400
42,1298700
5,191800
2,99000
38,1086300
81,677000
1,94100
104,1171300
112,1431700
7,223700
1,70700
1,85700
7,225900
17,497600
4,148000
10,308100
249,302100
3,135600
8,253300
28,776200
1,68400
8,272100
21,588500
5,172100
1,69900
17,470100
36,1008200
3,120800
25,884600
425,1756700
3,130000
9,273000
2,121300
1,81200
4,149100
1,70600
7,233400
1,71800
4,147900
5,181500
53,1431900
5,172500
3,122100
6,296500
6,258800
13,492200
11,443900
4,187200
26,904100
1,85800
4,213100
92,1110100
5,253900
9,367100
69,341500
1,69900
15,455600
14,418000
14,392400
2,111000
3,122300
39,1138400
3,124600
318,542900
7,249300
1,71300
10,297000
15,466500
15,451600
96,1024900
7,234000
1,70900
9,314500
86,688200
2,109200
40,1099900
68,242800
32,955800
11,324600
320,541900
1,75200
3,122300
49,1526400
1,93900
10,395000
8,323800
4,186700
31,948300
23,629000
11,353800
1,69500
3,123500
2,139400
6,242700
7,290600
26,722300
2,97300
10,338800
1,74200
1,70500
3,121600
3,124700
23,663500
323,610700
1,84000
6,211000
2,95200
63,107800
2,101700
2,93000
4,167100
13,410100
11,330700
73,367000
3,123000
9,358900
290,1491900
241,1652900
6,204600
3,133700
4,257300
3,178900
1,165000
13,407100
1,86400
1,74900
7,224700
2,96900
2,154800
4,148100
119,1550800
2,97800
3,167400
47,1239800
1,79600
65,184400
10,295100
4,146900
146,726200
9,277900
36,958100
1,71600
1,72700
2,96600
43,1248700
1,77600
10,300300
30,869000
6,286100
19,521200
1,93800
26,944300
1,126000
2,126300
3,183900
2,124300
25,735800
2,164100
3,144400
88,779500
5,229200
3,123800
1,118500
5,185400
1,74100
1,76900
15,437800
14,391400
1,70200
1,75800
11,380000
17,502400
111,1422900
3,129300
1,72900
6,215800
8,302300
1,71400
1,76100
34,950600
5,179600
3,126900
8,243300
14,412500
2,113400
2,111800
20,575800
1,69600
1,70500
6,197600
2,96600
5,193400
15,450000
2,97600
5,171400
25,689600
3,122900
4,147100
1,104300
4,172000
2,144700
217,1116300
438,572800
13,495600
46,1423100
1,95700
416,1521400
7,222000
1,70800
4,195000
1,70600
3,120200
313,413200
13,457700
1,74700
1,70900
27,764600
73,417800
1,82800
9,275100
3,124800
3,139800
32,992800
51,1412800
10,296800
33,966100
2,117300
30,799000
72,360100
8,265000
8,267200
1,70400
1,68400
17,462900
60,1629100
4,144100
1,69400
2,113900
35,1313500
7,239600
2,101600
137,563600
1,72800
11,418300
1,70700
148,753100
15,466600
2,114900
1,69300
1,70100
4,176100
11,384000
2,97500
1,69500
24,693300
1,81900
6,213800
3,125300
31,848400
3,122500
4,151300
87,811200
1,72900
15,463400
3,123200
6,271900
74,447900
3,124300
16,461700
3,125800
2,97600
27,780400
47,1241900
5,185000
19,536000
4,162300
25,690800
8,376100
8,283800
3,135600
9,278200
8,304600
1,70900
2,98400
87,822500
7,241100
8,250100
4,148400
2,107200
4,197700
16,631000
12,463300
6,277600
4,194700
4,188400
59,1812100
2,113900
6,199200
75,441300
1,74600
9,337200
11,370900
37,1220800
1,82400
4,173000
1,76800
7,224800
332,867100
13,404400
125,151100
4,145100
3,125300
63,115300
19,701500
1,71700
1,70700
27,915900
2,104900
1,71100
13,410200
3,129800
13,408700
44,1194200
10,360300
138,646300
3,145400
3,137000
166,1423600
3,139300
2,107800
1,71500
4,179500
118,1551100
14,426600
1,71500
4,146600
7,218900
3,124100
23,663000
24,702600
5,182500
4,147600
42,1211600
260,587800
1,72300
101,1140000
40,1227600
4,278800
20,617900
41,1103000
3,126900
1,81400
1,131300
3,159500
4,203700
76,558500
1,137100
1,90800
38,1331300
4,162700
1,68900
113,1447800
1,72800
4,147900
108,1267200
8,246100
241,1607700
2,138200
1,78800
1,73100
1,79200
1,71200
3,149100
1,83800
1,67700
12,562300
1,75700
94,970000
383,575800
3,125100
4,142500
2,123600
1,70300
1,70900
1,84900
1,87600
9,296800
3,123500
1,75100
9,271000
76,460100
2,112100
18,547200
34,921100
16,515600
241,1757400
2,100100
7,228000
2,95100
61,1789900
12,360500
70,330400
6,243400
1,73700
3,130500
1,75100
13,402100
4,150700
5,211200
4,152800
202,572800
39,1072300
33,990500
68,266800
6,204100
12,341700
1,69400
36,985600
1,80900
10,296500
1,69900
56,1546800
1,80100
24,657700
46,1250100
1,75700
2,96500
14,429000
6,219400
1,71900
4,148200
118,1602900
1,73100
2,131700
3,128800
4,148700
9,449300
4,150300
4,186300
1,74000
2,95600
104,1204500
5,196400
1,70500
6,253200
3,159900
3,121900
15,421400
40,1100600
1,85900
1,93100
1,82900
7,228300
1,72200
3,123300
6,199300
45,1238500
2,97900
1,91300
1,71800
1,71300
2,155900
2,105500
7,236400
19,539300
12,354700
12,381300
22,625900
3,124800
2,99000
6,201000
15,556100
2,101400
4,174900
5,173700
13,436000
254,538300
10,322900
8,261300
12,390400
23,682700
22,680300
33,1007900
1,200700
8,286600
4,170300
74,429900
22,632000
1,138800
7,272100
136,466100
1,85000
17,663000
3,147900
1,76200
2,116900
2,100000
6,205600
7,278000
1,72400
8,249600
3,172100
2,110200
511,777100
5,182400
1,72000
5,190400
10,410100
7,255600
23,631700
8,271300
12,488300
3,125900
26,680700
3,134000
3,118900
5,177400
3,146900
10,302100
20,551200
3,126800
20,642900
1,78300
6,200300
1,88200
4,148700
7,225700
5,234500
9,286000
202,653300
91,886400
5,431500
290,1533500
16,559600
1,113100
3,184600
4,259300
110,1451300
253,455200
1,100300
7,241500
2,131800
2,98500
15,429100
5,176000
46,1310100
3,130800
4,149900
2,99200
7,254500
7,225400
1,102500
2,111400
7,227400
223,1136200
4,178400
1,71200
1,70100
4,151000
62,84700
3,124700
2,102200
3,129800
10,351000
1,71800
30,817000
2,95800
22,610700
3,159200
24,649400
4,155800
12,461300
1,94300
2,133300
53,1841400
15,556800
20,751600
4,161200
2,104100
1,100900
2,111700
4,233400
3,209100
80,582600
14,437600
27,743000
248,295800
8,303200
107,1321900
2,105000
10,304200
188,226100
13,571400
2,135500
6,248300
58,1698600
1,79300
10,306900
9,414900
5,241300
4,183300
2,121700
34,1114700
128,274300
3,125200
29,866400
3,161200
1,87100
32,979300
176,1761400
51,1669600
44,1334200
5,178700
1,71600
57,1548400
6,236100
2,98300
1,71200
14,413400
3,163300
76,476400
13,375500
1,72800
7,261100
3,127600
1,74700
15,456800
2,98800
27,758700
2,96200
4,167900
2,120800
3,124000
28,744700
48,1305200
28,753700
2,117800
18,525800
1,77400
5,174500
1,69600
1,67300
6,197400
76,773400
19,738100
4,276300
21,749600
140,644400
5,235900
2,100700
1,70800
21,804100
1,105600
3,195800
111,1419400
3,124200
3,167100
69,269100
1,72700
16,451300
1,72900
6,234800
1,77300
34,965500
9,274100
1,69200
1,68200
5,168800
1,69500
3,140000
2,105000
2,97500
1,78900
59,1645200
1,103400
13,574400
1,97000
4,219500
81,784300
4,242100
16,464400
230,1628600
1,112200
3,136800
1,72300
19,552500
2,99500
113,1667400
11,351600
1,100100
3,147100
3,134600
19,532600
39,1080600
112,1398700
23,691900
4,154200
1,73000
3,125400
4,182300
2,101000
20,576600
21,625200
1,87900
4,242900
1,148400
1,97200
4,152000
1,74100
4,152200
2,104900
1,76200
1,71400
11,474800
49,1716800
37,1253400
1,102500
4,182700
62,120400
1,106900
37,1403400
11,449700
5,237500
3,165300
3,173200
1,92900
1,90100
73,499800
11,354100
44,1288200
20,651100
4,198600
3,149400
3,144600
1,73400
1,80700
254,440700
18,542700
34,1154600
3,130300
10,338100
4,150000
1,75500
34,1127700
3,142800
1,76300
100,1414300
1,117600
1,97600
1,105100
35,1182500
60,1583300
1,73400
1,90400
1,71300
3,125200
6,201400
12,361900
115,1663000
1,111700
15,496700
7,229000
211,861000
10,305700
1,73500
8,263400
6,245200
19,596400
3,125700
63,142400
1,87100
1,71600
3,122900
33,966700
5,263800
1,91000
12,405700
148,758400
2,117100
2,100100
1,79900
1,109400
2,138100
4,204300
80,750300
1,93900
76,637600
28,846100
2,131100
1,120600
8,401300
3,170700
2,154800
6,230600
3,161300
11,362300
2,100500
14,428500
288,1576400
259,828600
3,249000
56,1718900
152,870700
101,1541700
4,198200
5,178200
3,142300
1,105100
3,129000
1,71900
7,227500
3,126500
6,203900
3,123800
4,161800
1,71200
2,97300
1,85400
86,784800
9,275000
1,72000
4,167200
2,103500
1,71800
205,751000
7,229500
2,100200
43,1282600
39,1164200
13,425900
193,386600
20,612100
3,131600
32,965300
57,1884700
15,572700
49,1321900
2,99400
1,139800
3,153000
7,252200
3,156400
3,126300
9,300100
184,1841100
5,185300
3,127500
2,137200
13,411100
2,158800
5,219200
1,79700
1,74600
10,434000
20,560500
6,246700
6,215200
3,131700
2,140200
1,89600
30,817300
16,628900
18,534100
1,75800
8,252700
1,146600
1,104300
29,872600
69,293000
1,75300
123,1814500
6,240800
13,632100
7,254400
6,237900
3,165000
83,745000
19,533600
1,71000
15,549700
7,262700
12,383300
75,463900
246,1835300
5,190700
12,459600
6,204400
24,671700
3,135700
3,137400
2,122200
4,158900
10,317300
3,126200
1,75800
57,1863500
1,142400
1,89200
31,875400
32,940300
60,1786700
6,267600
1,99900
1,94800
5,223100
41,1291800
21,597900
4,152600
3,130400
26,783300
5,187500
2,127800
36,1002800
19,554600
2,100700
9,274200
1,107500
202,600700
7,232900
4,148000
18,521000
7,267900
28,765300
1,89300
11,329200
3,125800
5,266100
8,341200
26,969300
1,92300
43,1208400
101,1193200
27,915100
20,759200
1,97800
1,107300
17,671800
1,131100
1,76500
10,307200
1,73200
33,1274700
5,222700
2,116300
3,125700
23,746800
12,468600
3,165500
1,92900
106,1611500
1,99200
3,138800
78,535200
1,72600
1,85000
4,163700
1,95900
24,677300
5,187400
231,1434800
1,73100
76,451200
21,669300
7,236500
1,79400
2,119300
1,76100
8,251100
13,500700
3,215900
8,392900
1,109500
76,654700
1,82000
4,176900
6,233400
6,210600
2,104700
3,124700
1,71000
3,123800
1,71500
2,155500
4,236400
3,160800
3,163900
2,99200
5,175300
24,800900
1,81100
5,220900
77,565300
1,74200
2,107800
96,1093200
5,229700
39,1061900
9,283900
16,468200
27,740500
2,140700
6,208500
7,257800
2,99900
3,125400
23,626300
2,98300
257,480500
93,965800
2,102300
4,147000
4,208200
1,98400
15,583100
197,592100
69,367800
113,1746900
59,1932900
91,916200
1,81700
115,1597300
8,291100
3,140600
3,142200
7,247100
1,73400
1,78300
2,98900
4,149800
17,514200
85,730100
9,288800
73,493600
154,1163300
25,788500
123,1763500
1,78700
14,407500
20,672800
6,269000
6,218200
2,101400
40,1172200
11,354400
5,187600
12,361400
2,159300
6,209700
2,148700
50,1566800
2,101200
1,72600
45,1460100
4,198500
3,149000
1,83900
14,469600
141,635100
184,2556500
1,109400
1,102900
3,182600
1,101100
7,450600
20,1006400
21,628200
2,103100
3,126700
2,142300
6,215500
1,74400
2,105900
3,157600
3,176600
3,154400
276,1052600
18,680100
1,75800
1,103800
22,629700
428,1934400
25,795000
8,334500
15,529500
456,1130900
38,1345600
1,96600
13,486400
3,158300
18,634200
9,338800
1,86000
1,72500
2,99300
12,367200
47,1611400
12,388600
2,119000
4,175400
7,270800
47,1282500
72,411800
1,76600
3,127500
30,1074900
1,73900
7,283900
1,73100
5,185700
10,319500
139,605400
3,173400
4,153800
1,74300
19,526700
50,1415000
20,778800
1,81000
79,566400
4,304900
7,265700
8,288400
4,156800
4,203900
5,178900
1,72900
6,208500
10,433800
1,93100
34,965400
3,158800
37,1263300
2,113800
1,91700
1,74900
3,134900
1,80600
15,439400
1,94900
1,82000
3,127500
3,127700
150,876100
8,254600
282,1193500
1,76200
3,127400
1,74600
40,1179400
8,307200
16,522100
3,137500
237,1697700
3,220600
11,531100
9,298100
6,237600
1,74100
11,465500
58,2409100
1,182300
142,776100
1,96500
10,334300
17,796400
25,843100
1,76900
3,128000
15,458900
4,184500
3,129600
1,88600
1,95700
10,327300
1,74200
2,132900
16,452400
2,102500
4,159400
9,284500
1,94800
4,171900
2,102100
1,73800
397,990600
1,74000
42,1140000
123,2093500
1,89900
1,76900
4,188400
19,609100
82,736000
4,156800
27,745800
3,157500
1,149800
1,116500
1,106200
259,885200
31,1048900
6,206800
4,216500
6,210400
13,604900
51,1487200
9,282800
2,123000
3,126900
102,1124800
7,277000
2,113300
7,236500
101,1115000
22,780900
1,101500
10,422500
1,87800
1,73400
2,148200
3,125600
1,72000
1,72400
2,99300
64,235700
26,791800
2,111500
3,125700
22,648800
2,114100
1,91200
6,221300
18,506300
1,75200
5,176000
8,422900
4,248200
3,211700
2,154400
1,114400
10,414300
1,131800
9,336900
31,946300
3,146700
60,2267400
4,156700
1,88000
5,209400
3,188900
2,107100
3,143000
2,109000
42,1314400
11,404300
52,1557500
1,78200
83,680500
3,161900
6,208200
1,102300
6,212700
106,1251900
11,356500
1,73300
45,1197600
10,312100
1,75100
2,97300
1,71800
25,771900
6,274500
14,427400
3,152500
8,337900
88,857200
94,1458600
2,241300
1,112000
5,311100
1,161400
538,1591600
31,930400
183,1689800
3,229800
4,181500
4,161200
8,265000
3,149600
4,161200
2,108700
160,1279200
3,181800
2,157000
3,173000
21,662600
10,309600
17,640800
6,204100
126,184900
146,842400
94,1359400
13,491800
53,1914700
5,206600
2,110900
7,343700
2,177100
15,506800
52,1590700
8,335300
2,124700
1,76200
1,75300
7,301500
9,407400
25,856700
3,163600
3,131600
1,75100
8,274400
3,125100
5,178400
6,227300
9,303200
7,269400
2,125300
9,311000
2,118100
2,108100
1,84800
118,1671200
1,125200
1,111900
21,634600
7,244800
391,1120100
4,247800
11,436300
2,137200
6,272300
4,160800
5,178700
3,148000
3,127800
4,199700
9,364700
9,294400
21,751700
9,358500
5,182600
68,269800
1,83400
14,490100
2,174700
14,541600
7,293000
28,1056500
29,1034000
7,284600
1,88700
4,211300
2,126700
50,1646700
1,112600
3,132800
123,1968200
13,593300
4,168000
42,1341400
24,697200
4,155400
9,322800
4,171100
6,262100
12,405800
22,761900
2,102500
30,867600
7,233200
3,130500
154,1358600
2,104500
2,103100
22,666600
2,106600
30,854200
2,101700
11,356800
5,200800
7,229400
5,195000
3,176000
92,903500
9,301000
2,107300
2,135500
3,139500
403,1169600
3,136400
1,69900
9,331700
81,578800
7,248000
8,262100
1,78100
6,256200
76,490600
3,129900
3,126500
1,75500
1,85000
1,77200
1,72000
3,123500
1,75000
12,408200
14,449700
27,732500
122,2012500
1,109700
20,601700
4,154300
1,76700
74,905000
190,975900
1,100000
4,189400
9,300800
17,509200
3,158600
1,76300
1,77700
38,1155500
1,85400
9,303500
3,127600
1,87700
4,151300
22,876200
70,366900
1,120400
1,118000
9,334000
51,2746500
36,978800
1,72400
2,198400
35,1066000
3,127500
105,1346500
13,471100
7,269600
52,1908400
54,1591200
2,150900
127,243100
6,233300
35,1337600
4,163000
182,3845900
9,778300
16,513300
15,602400
4,208900
6,263200
49,1615800
7,298000
4,188000
15,557100
8,293500
7,284800
6,254000
12,546500
8,291100
249,270500
1,81900
12,395800
14,549900
8,429600
15,442500
12,371800
1,87600
3,177700
19,707900
1,74000
32,940500
14,421900
1,73900
1,102400
1,176200
1,103300
15,643200
1,83000
2,103100
157,1125900
10,365700
14,407400
12,386400
5,225900
13,381200
2,113200
1,72700
1,71300
6,207400
33,969200
12,407700
1,92800
1,71500
10,448700
19,947400
3,266800
11,373200
6,227000
1,78600
118,1591800
15,440500
5,180000
6,255800
1,190500
20,671700
5,195700
1,73700
9,289000
13,426600
6,215600
3,147000
2,122000
3,214600
1,117800
129,288300
4,180900
3,125700
3,124800
66,219700
3,159700
1,113100
195,501100
6,202700
27,787200
5,294500
13,432900
1,99100
3,126000
2,98200
15,461300
59,1699800
1,74700
7,234200
8,393000
59,1705900
1,135800
9,492500
16,639000
1,103700
5,221800
2,104300
246,1766600
6,242200
1,91000
5,316500
1,82500
9,337300
8,317900
37,1081500
1,82000
25,773100
3,148500
37,1060000
2,118600
5,193800
1,83100
1,72400
66,247200
1,101200
3,125200
22,603300
84,707600
6,202600
38,1043300
12,507500
3,203100
1,122800
1,85000
4,155600
6,265100
4,157500
1,79300
5,172100
3,147900
1,71900
10,300200
11,353800
1,73000
3,128100
2,117200
1,71500
1,70800
28,998700
6,231900
5,207500
9,396700
10,390500
11,336100
4,147700
7,228400
33,1036200
1,86200
65,191200
3,127900
6,201500
2,104400
1,75000
2,131400
11,349000
5,209600
2,139700
1,116200
9,330000
27,826100
7,263200
1,73000
25,769500
1,73600
2,99800
5,197200
1,71400
13,399300
4,150200
83,693200
1,71800
27,741700
1,152700
13,436400
4,205800
2,121900
2,121500
257,550100
1,77300
12,500300
18,576900
1,84800
1,72600
6,202600
11,330600
1,165500
118,2014200
1,98200
205,796200
60,1760000
5,216800
2,102700
1,84200
41,1108800
1,82500
91,1188600
93,1179900
2,156000
1,106600
86,1040300
1,87600
149,840800
7,233700
10,313800
106,1254600
1,73400
2,108900
2,110300
16,470200
87,726000
5,205100
3,120600
11,330100
1,72900
1,96200
3,130500
3,124500
145,666000
35,982900
14,744600
10,393200
12,386100
13,383000
17,581200
7,274900
2,103700
47,1392600
6,220700
3,126000
19,540000
4,152200
1,75400
30,845100
38,1029700
4,166500
18,515300
26,728000
3,124900
2,98300
1,85400
2,101300
4,148100
227,1474400
10,384700
118,1658100
3,132100
1,75300
3,131800
3,156300
135,602100
13,388100
41,1188100
4,176000
286,1290700
1,93900
2,133800
4,234700
1,154600
35,1001100
3,128900
201,700200
4,155800
15,447000
3,127700
208,798700
3,195100
10,338300
16,528100
3,136000
9,284600
5,180300
1,76500
7,237400
14,424900
11,366700
5,185600
127,216300
20,740700
1,74300
2,122800
10,367300
6,225000
205,776600
1,99600
13,415200
10,316400
1,73800
1,72800
1,95500
68,290500
18,545700
2,103200
33,959600
5,187100
6,275100
5,176600
6,376800
3,133000
6,206000
4,209900
2,118400
17,531700
1,73300
1,70800
51,1523500
4,191400
22,793300
124,217100
2,133100
5,227600
1,99700
1,88000
24,827700
6,320900
3,167500
97,1232300
36,1247800
3,155100
1,87800
14,504500
1,87600
13,493500
8,408000
9,320300
5,186700
86,732400
2,198900
3,141900
27,1044300
3,174000
12,425600
52,1636000
195,465100
50,1470700
9,293500
20,604500
70,304200
42,1164000
1,69200
1,82100
4,146900
1,70800
2,118900
8,255200
6,220300
1,104600
1,72000
1,70400
46,1257100
3,124400
99,1095800
5,180800
2,135500
3,124800
1,72800
6,258400
15,428100
4,146900
5,171900
3,121100
21,691100
8,254500
1,72700
3,132000
16,478700
92,954000
11,327300
16,507800
1,78100
1,72400
12,390600
81,681200
8,285200
67,251500
7,252800
1,71900
1,71700
1,74000
6,272700
14,443700
4,194700
5,174300
13,606600
188,284900
41,1192500
8,335800
19,523400
2,128900
24,767800
10,311200
26,702200
1,74900
1,69400
3,129400
1,70900
14,425600
2,98000
4,149400
2,97400
42,1182300
9,286800
7,222800
29,935400
1,74800
3,124300
20,545800
4,167600
121,1610000
1,136900
14,402000
4,173700
1,72100
6,200400
1,70100
11,403900
3,122800
443,688100
1,102500
2,105400
44,1339400
12,386900
119,1663700
2,99400
30,823900
1,71500
1,76700
1,71300
79,551200
91,822400
1,101000
1,80800
81,617900
8,250500
4,150200
5,173900
15,504200
4,154700
1,99600
3,130400
200,524300
187,207300
4,170300
1,79500
110,1303500
1,69400
13,381000
4,174100
1,77200
2,97500
221,1108000
5,211500
8,249100
5,169600
1,70000
2,94900
1,69900
12,382100
3,171400
4,319300
2,120500
13,465500
3,127800
35,1075000
1,85700
10,327100
11,331900
1,84300
8,259200
7,337600
182,1872600
8,285200
2,99500
16,741200
6,222800
36,1031800
3,145300
72,346700
1,75700
10,321700
1,70200
4,196400
6,225200
5,180500
1,72000
2,97500
1,71200
12,484500
3,123700
4,146900
125,181000
9,294700
5,204500
91,820000
1,106400
1,77900
5,193100
1,84500
114,1404500
3,163100
97,1023700
4,150300
46,1399400
26,740500
6,199300
15,461600
240,1606700
13,363000
2,95100
2,100300
11,337900
6,206900
1,73900
198,495200
2,95600
1,69900
1,70400
3,122100
1,91500
32,884800
149,822600
13,410900
33,958400
1,79900
2,108400
1,70700
1,74100
499,529500
15,423900
2,99200
3,123000
1,90300
4,159800
1,72300
2,97900
3,146400
2,97300
1,71100
67,376700
1,90800
1,70600
2,97600
1,70000
258,471500
1,77400
22,601900
12,346400
12,368600
27,886100
17,589900
1,105400
4,172100
41,1145100
32,1110000
3,130800
4,154900
5,229500
1,121100
27,798100
52,1536000
8,256400
47,1306900
3,180800
7,373600
8,262800
5,225900
8,295300
3,136100
1,86900
7,250100
6,215300
8,256200
4,154200
1,72200
17,509800
1,73000
6,226000
1,69800
1,71900
5,189600
39,1155600
2,107100
107,1298200
21,822300
101,1112000
11,363300
198,494100
19,548100
3,145700
1,74800
17,500600
2,100200
173,1364300
5,226800
3,134500
157,976100
29,818300
4,152800
1,74700
12,401700
2,105300
17,512500
1,73900
7,227200
6,210600
46,1260200
5,174800
48,1313700
7,238200
5,171400
3,121800
2,130400
2,101400
4,147700
49,1358100
1,74800
5,173500
979,2319400
79,534800
4,152700
16,465700
20,589900
3,194900
5,179000
8,307300
10,297400
5,177800
349,1403500
19,639800
24,700500
3,125600
5,175600
64,170900
5,237600
2,111100
2,97900
1,92600
5,184200
6,200500
5,191500
8,246300
1,70800
1,90400
6,243300
10,350200
19,562700
7,229300
132,399200
5,205800
3,139200
1,72100
2,99600
3,128600
4,156300
2,111900
29,870600
38,1147800
13,435000
1,70800
4,161500
6,199200
3,122200
3,122000
1,69900
196,746800
1,92300
4,190700
25,771100
4,178600
1,88200
27,818100
3,123200
23,630400
18,534700
5,187600
5,225600
7,237400
9,271000
4,147400
12,343900
2,97600
5,258900
137,552100
63,123800
7,312000
182,1717900
53,1442400
2,107700
4,156400
2,106900
7,230400
2,116000
13,375900
1,72100
3,122900
27,907500
5,230200
3,156300
6,280800
6,248400
8,344600
411,1581100
208,821500
158,1216400
1,95300
14,469400
6,209800
7,295300
5,196600
10,344200
6,200700
7,223200
2,97500
3,124100
3,135100
3,154700
264,782400
10,305200
74,449000
1,76400
393,894900
11,325900
1,74100
3,124200
6,246900
12,370000
1,70500
20,579700
1,71200
3,120300
7,231900
2,96800
5,173000
6,205200
1,69400
1,90400
4,151800
16,473400
1,69400
3,176600
20,546400
57,1547300
5,172600
89,799100
3,154300
3,131500
24,669100
1,66600
21,610200
2,100000
170,1474300
7,391200
3,129100
4,149100
1,73600
3,143200
1,72300
88,766700
3,135700
3,127800
15,524600
249,440300
2,140300
3,181500
1,104900
1,105900
3,183400
2,142600
435,396200
262,605700
2,102800
51,1481300
8,254100
5,178000
15,513600
4,194700
13,376700
1,73500
29,903800
1,87800
2,124600
4,174300
1,69800
7,229700
37,1143200
1,77200
3,123100
171,1451900
15,424000
2,101600
10,342900
10,307300
1,93400
14,564300
3,138900
2,100600
12,371100
1,72100
14,433200
6,200000
1,72000
5,183600
1,74800
2,94700
2,105300
1,69400
18,523000
14,410200
3,123600
4,155500
8,291800
11,452400
1,95100
1,70500
9,271800
31,920300
2,115300
42,1160300
18,579300
4,182700
26,714300
1,79500
2,131300
2,117600
1,74200
16,525800
3,123700
3,121700
3,129400
25,822400
1,160000
1,122200
18,568600
3,129800
3,126300
155,984400
17,466900
1,69600
1,74700
1,99900
2,122800
12,383100
1,73100
7,225900
4,148500
22,707700
8,293800
113,1496500
18,527500
39,1175800
3,158600
2,116000
10,309500
7,224400
14,449900
4,161500
8,269700
5,199800
1,71300
2,96900
16,478600
7,222500
82,627000
1,76500
15,444600
27,882100
1,123100
2,102300
2,98500
3,127800
4,170700
14,456900
1,73500
16,474100
15,419800
124,133000
18,528900
1,72400
1,78300
1,90500
4,167600
333,858600
4,170200
41,1139400
1,71100
1,69800
42,1174500
42,1430100
3,127800
26,706900
5,228200
19,561700
8,301100
37,1229300
17,488700
3,128400
1,70400
6,215500
1,70700
16,471400
2,96000
9,269100
3,149200
1,69500
32,943600
2,103500
6,197100
1,70200
3,126000
1,71600
1,69000
5,228700
103,1156100
1,80400
1,76000
12,422200
58,1617900
2,122900
36,964000
2,99900
6,212400
1,124000
5,181900
1,72100
7,252100
9,283300
3,136100
1,72000
1,70500
1,84000
4,174900
48,1489600
6,282200
2,186000
8,294800
36,1005800
3,125200
4,223800
3,131200
32,886800
6,204000
6,199200
6,248500
80,617700
1,74100
4,160300
55,1441700
118,1642900
1,91800
87,763700
36,1136600
1,76200
1,72900
4,146700
2,100000
3,121500
119,1697800
1,107000
8,262700
1,71000
1,87800
9,286400
14,405500
7,222400
25,723400
74,447200
26,874700
325,759300
158,1005000
1,69400
3,122900
38,1049000
1,70600
2,93500
1,69600
4,203100
3,129900
51,1455700
40,1176000
1,73200
18,496500
1,101300
4,221700
49,1303100
1,87700
174,1431700
17,491400
3,141300
25,701900
39,1056800
19,528200
11,322200
19,542700
1,76500
7,244700
10,296500
10,341100
16,512900
16,494900
2,105600
26,720800
7,225200
1,103600
8,256600
1,84100
3,144800
83,636600
454,909400
9,293100
98,1129700
9,297800
126,190500
24,665000
4,161000
1,74600
63,111800
158,1130700
1,79200
232,1369900
6,205100
5,185300
41,1093700
23,705700
149,767200
22,677600
4,149000
224,1208000
3,148100
30,1237500
15,604500
143,658500
25,698200
221,1191600
1,93500
14,415800
2,103600
1,136500
1,70200
41,1095500
1,92400
1,72200
7,223300
4,149700
3,132000
1,83300
3,132000
3,122900
1,116000
3,140300
3,127000
1,72400
2,118000
30,810600
1,72100
9,332100
9,291400
97,1072100
8,301800
6,325400
4,174100
10,302500
1,77500
1,71300
4,148300
63,114500
1,100000
105,1217300
3,138700
4,186400
10,363500
2,125600
6,201300
10,297100
9,274500
32,1054300
2,110600
12,361000
7,229800
145,880700
3,225300
2,132000
278,1163400
1,74200
2,104800
102,1292700
1,79800
4,162100
3,124400
4,149100
1,78600
297,1794000
42,1143000
8,249000
34,961700
12,374900
15,436100
13,388000
13,390100
10,385900
2,99600
10,337600
9,273100
13,410200
1,90600
1,69600
3,121600
1,85100
1,70200
18,495700
3,221700
16,494400
2,100200
4,165000
15,462200
20,581300
198,582200
214,1124200
70,321100
1,74800
3,126900
1,139800
3,173300
7,264000
10,303700
1,72900
4,150200
5,177500
113,1578600
1,82900
1,73500
23,644100
1,71000
3,127100
5,231800
31,853900
4,152400
11,327900
4,214100
4,175800
4,199000
1,74600
1,70000
2,96500
5,173500
6,196400
24,693600
6,207000
123,1662000
11,327600
1,109800
21,624100
76,490600
1,89200
12,369900
49,1509600
135,665200
1,75100
21,594900
84,678600
25,710900
10,321700
1,82700
3,129400
317,454000
87,767100
5,175300
1,72700
13,375300
99,1145400
11,341300
3,128700
219,1044000
3,144600
4,167900
129,262300
25,850000
2,110200
11,443400
55,1566800
67,234700
3,134800
10,354600
20,568200
1,77900
5,194200
5,174900
470,1323900
9,273400
50,1611900
1,80300
54,1571600
10,493100
6,223000
6,225000
76,495600
1,71900
13,412500
4,152200
3,123500
5,200200
17,487700
4,146500
1,68900
129,278000
1,71600
3,164300
2,96700
11,405000
13,387000
10,301200
171,1411200
248,227200
2,100800
1,70300
6,197500
40,1088800
9,272000
13,412300
50,1373600
6,199300
4,146400
3,140000
13,407500
21,593300
258,495800
4,148200
11,399700
1,82500
13,428500
1,73700
20,591300
1,72500
3,151900
1,73000
3,122000
3,129600
2,95500
3,140100
4,151300
3,124200
7,225800
1,74400
1,71000
5,171000
1,74200
2,103800
5,187400
42,1119300
6,205600
7,275100
9,356900
80,596000
70,292600
2,105600
46,1357500
16,522800
4,157500
1,73400
470,1336200
18,545200
7,230700
33,902800
6,198100
63,132100
6,220600
54,1415200
2,109400
55,1510100
102,1206200
302,1792200
4,162000
2,121500
34,961000
1,89000
1,73900
387,768200
1,74200
84,662300
2,99700
56,1539200
32,891300
45,1305800
45,1324400
114,1475500
48,1340200
25,780700
1,76900
4,151400
3,127100
34,1183300
2,132400
2,109900
1,84400
2,101800
2,98100
37,1105100
1,81700
1,73300
19,538300
1,92800
7,253100
13,405600
1,70200
6,206700
149,844700
1,73400
7,261500
4,150900
229,1320000
203,597100
4,163100
283,1139800
33,930900
19,548300
3,125700
10,319800
15,474500
14,431100
6,212300
7,279900
5,176200
1,70800
9,360300
1,81100
108,1326900
35,1011700
11,324900
3,179600
16,595300
53,1469800
10,351200
13,485700
2,99700
5,172800
1,68500
5,217700
1,73400
3,122100
3,146000
1,72500
21,584900
21,594600
1,71100
9,319200
14,406500
1,71500
27,780900
75,493300
16,471200
9,327600
11,550700
7,291900
87,919300
58,2014200
4,188500
8,282000
4,179900
39,1238100
9,281300
208,912300
19,643100
10,319000
1,73100
31,1019900
2,111100
4,155000
68,310300
12,411400
1,71200
8,303100
1,76900
1,76400
15,431300
3,152700
15,476700
3,121900
70,314700
347,1244600
9,278100
1,77700
3,157000
4,151400
22,625500
4,147300
32,910100
46,1214600
16,461500
1,71700
3,122000
1,107600
116,1550400
5,189900
19,535100
5,174800
1,70100
38,1157200
6,202500
5,171000
7,314300
33,965500
231,1837900
1,99100
6,361100
13,443700
14,414400
188,231300
7,227600
12,447000
1,77000
4,156700
6,222000
13,561700
6,211400
6,219200
180,1640600
2,106100
21,620500
1,71400
346,1225400
1,73200
5,194300
1,71300
1,71500
4,145200
18,533100
6,220000
2,97400
6,200600
29,800500
14,437300
147,713400
21,668100
4,157600
13,372200
1,107200
36,1113200
7,231300
25,730700
8,314000
1,121300
4,164800
4,152500
55,1726900
75,445000
14,466600
78,573100
3,124700
2,96000
1,69200
3,152700
1,70500
1,71100
1,69800
3,186800
4,152600
1,70800
2,111500
3,149100
3,123000
13,379600
254,420100
1,90800
3,174800
2,108200
3,189800
1,78200
43,1183900
16,497800
106,1259300
1,98100
151,1117700
9,361600
4,151300
14,437800
23,686100
10,376200
6,197500
12,575600
5,209000
1,88100
1,73900
150,949300
40,1147900
34,937700
18,550800
3,143300
123,1668800
95,1298200
8,320700
6,250900
8,388100
1,100700
2,143700
1,92000
12,448400
1,77000
16,463600
1,136800
5,215100
4,166500
1,73400
4,151600
30,886100
1,120400
5,223000
3,128300
1,70400
3,123300
35,942100
52,1433400
1,80700
1,91800
3,123300
5,171000
8,269200
3,139200
1,76300
1,78600
12,507500
4,188400
19,533900
6,202600
9,295000
15,487500
18,596600
49,1427300
88,841500
8,309300
12,350800
28,884100
1,145700
167,1294000
25,770300
1,73300
2,97200
90,859400
3,139700
1,75200
1,70400
7,276200
6,203100
2,96700
1,74400
3,170600
4,152600
62,87100
1,72600
89,803700
4,149900
26,795600
2,99900
9,270300
44,1225900
45,1533500
28,843400
8,259300
6,203900
12,461200
1,78100
5,184800
1,70900
307,1947100
5,190800
10,304900
3,187400
62,87500
3,164000
3,125900
8,275000
2,98500
13,370200
381,590900
9,333100
2,123700
3,125300
4,164000
8,245900
78,496800
2,108700
19,564600
2,112100
241,2103900
3,163600
68,328900
1,88500
1,73700
16,477100
4,166300
37,1002500
2,100300
19,618800
16,454900
2,101800
3,120200
2,182800
1,90800
2,129900
250,362500
18,654500
4,222800
2,111500
1,73500
4,146800
1,117600
88,791700
1,74600
1,68800
3,144400
3,123500
19,571300
27,727700
16,464100
18,522300
22,610800
15,463500
38,1051200
20,594300
1,70800
4,167600
83,626600
1,70100
3,124700
98,1064700
2,111100
3,127400
1,70100
11,324800
88,1048300
1,103600
8,265300
10,300000
6,199800
9,453200
8,286500
16,637800
12,462000
24,812600
2,111900
1,73000
2,121200
124,143100
33,988400
1,77400
6,199800
47,1278000
66,192600
21,579400
48,1285000
1,70000
43,1154900
1,71200
1,70400
20,547300
1,121900
3,156100
5,228300
134,393800
147,749000
27,786000
9,351100
355,1469600
10,339700
14,431800
37,1058700
32,934500
2,133700
4,233100
53,1481700
80,571300
44,1204600
35,966300
8,257700
12,365900
1,70700
11,316400
22,616200
6,223300
2,97400
1,70400
8,247700
12,345500
9,292500
24,689400
62,86100
5,170500
43,1149900
1,71000
16,467900
30,833200
41,1158000
12,439300
3,155000
19,568200
4,167000
3,161400
1,110100
1,100600
5,182900
15,577700
1,101300
135,588700
8,269200
1,83300
34,965900
7,237100
6,276700
5,237900
2,126400
8,379100
2,123900
1,94200
30,1074000
305,2072400
20,607300
3,131200
3,124700
12,376200
1,107800
1,74600
2,99500
2,131700
5,181400
57,1636900
34,918100
10,303700
7,247700
1,72200
1,84700
1,83700
1,78500
1,70000
171,1397600
23,677400
14,420100
23,688000
40,1170900
67,235300
8,251600
133,355900
87,827800
4,176200
60,1725300
368,1801500
2,102500
1,71600
1,82300
9,286200
296,1500200
4,172200
2,98900
21,602600
12,345300
4,161400
3,129200
8,266600
1,71600
3,170000
1,93600
74,397300
12,348400
27,790200
3,123800
8,289100
21,608500
1,79800
1,69300
3,122300
13,429400
39,1238100
4,172400
10,357900
7,225800
18,533500
4,167300
2,100000
12,374300
1,70200
6,194700
157,1045300
3,121500
3,120400
3,119300
1,71200
9,275800
6,203800
37,1046400
1,70900
26,727200
280,1110600
6,222600
1,85200
6,212300
4,188300
2,115600
9,286100
13,369200
13,457000
1,78700
4,151900
31,863700
3,124600
1,69100
51,1363200
2,98300
16,561300
2,142100
13,385700
3,127000
9,280300
7,270200
79,647300
5,187700
15,433000
2,98600
2,169400
12,552900
1,99500
1,102800
14,603400
12,453100
72,472500
19,680300
1,99800
1,87900
323,791500
10,383400
1,89400
1,88700
3,154200
14,504100
1,101200
1,88200
51,1699900
1,94600
5,223600
1,87100
42,1411600
4,186700
24,734400
1,121200
17,522800
1,71400
139,613200
23,654900
1,83900
38,1080100
1,99400
16,543100
32,1030600
8,264200
6,281700
1,74600
1,84400
173,1495700
3,125300
16,472700
291,1387800
44,1165100
1,74900
5,228900
93,949700
14,403400
8,307600
58,1547000
5,184600
33,905000
3,124400
18,559900
116,1472900
5,177400
70,288600
3,119700
4,142800
10,381200
3,180000
81,748300
4,188700
8,324000
7,294500
3,155000
1,95900
3,153600
42,1457700
14,502800
2,128000
3,152800
4,184100
1,97500
2,97500
417,1591700
24,711200
22,600400
1,126900
6,228300
22,613100
2,95700
5,226400
7,282200
2,104500
3,133700
1,87700
80,560800
4,157400
12,368200
22,643800
3,123900
10,312700
7,220900
3,120300
1,70200
319,571800
8,270000
2,99800
2,105900
1,77100
3,148500
1,86100
1,85900
5,191700
3,161500
27,770500
6,198800
54,1913300
7,299000
3,127100
4,150700
12,400500
13,674800
1,75200
193,533900
34,1011200
13,393600
1,73300
2,128700
2,96900
3,135800
143,679000
3,127100
3,158800
1,70100
6,196600
11,317200
6,193500
1,68000
2,110900
1,86200
11,322400
12,367800
6,251200
8,251800
7,221300
2,95600
1,84900
2,100100
1,80300
4,144900
1,76600
4,155600
1,79600
1,69200
1,69300
1,68500
4,144700
1,70400
4,144000
13,445600
2,119900
8,267900
7,222800
7,222200
4,147800
1,70900
37,1068800
3,125600
3,149900
12,344200
3,141400
6,203800
24,658500
246,1733800
16,448100
1,69500
157,1097500
2,113600
10,309400
1,78400
1,76700
1,131500
33,1076300
26,834500
13,410900
19,555500
34,907500
27,760200
4,148800
1,70300
1,71000
75,435100
3,147200
119,1568900
1,89200
1,85600
7,296400
12,437200
3,156700
150,904600
5,171800
6,206800
3,129000
1,69600
87,739200
1,73700
4,147100
180,1639600
15,429200
1,70900
6,233200
493,2271900
20,593500
5,174500
1,68800
3,151200
1,69700
1,119700
1,92200
321,958800
1,91300
149,951000
7,293400
9,300200
1,74100
2,100400
1,73900
36,1198300
14,404500
1,73000
85,754600
10,320800
1,94900
8,299500
48,1321700
9,269900
7,220300
2,95500
1,69300
7,241600
11,324500
1,93400
7,247200
171,1433400
22,647700
2,101200
33,1014900
3,133800
12,428000
153,1022600
7,310200
2,116600
1,69800
7,223100
1,117800
1,85000
191,336300
1,81200
5,195000
105,1297700
5,194600
57,1605300
18,510700
1,74500
9,277700
12,387300
1,72500
1,71600
1,73100
1,83500
1,72000
8,267800
42,1115900
1,72100
2,103300
32,839400
1,77100
199,726500
3,201500
5,216300
1,87300
5,177300
1,74000
35,1082000
1,81100
5,173500
2,106700
12,373400
4,181700
14,433400
9,293600
7,292600
74,476700
2,118800
7,248100
1,72400
7,224400
9,308900
19,619800
3,154600
7,226400
2,96100
37,1003100
5,206400
1,75600
1,70700
308,1922600
176,1539900
2,101000
36,967600
38,1048900
102,1330600
2,109700
5,214800
1,79600
6,273600
27,807400
2,100800
7,225300
2,105400
6,327800
8,303200
1,72200
2,99300
2,98900
79,529900
1,68600
3,195600
4,161500
4,169800
4,148000
166,1359100
1,105400
8,300900
14,442400
16,549900
9,368200
46,1241600
6,242400
2,108700
162,1176200
2,100900
14,406800
1,94200
198,503200
29,805500
1,78800
20,582200
2,97200
1,67300
17,470800
2,176700
6,205900
1,87800
2,114500
1,89500
151,1021900
1,81700
1,72900
9,334900
8,249000
9,273400
1,70000
21,658500
18,594400
3,147500
3,126500
3,129600
4,148600
6,223000
2,98500
147,800600
6,201600
1,70900
2,101700
29,1038800
9,294100
12,454300
23,645400
4,157300
1,73500
5,174300
7,221400
1,69200
1,115300
29,810500
3,122900
2,96100
2,94200
101,1173600
2,104800
7,225400
9,290500
3,128000
1,79600
1,70100
35,939100
2,98400
1,70700
9,291700
20,577300
13,374500
1,71500
11,386700
2,144500
2,105000
72,379800
11,350100
23,750500
1,84600
12,387900
2,102000
23,641700
1,71200
2,104400
5,237800
7,253700
5,176400
1,71700
178,1541000
17,503100
8,245700
9,520700
14,611100
22,881800
1,71900
64,140800
10,325600
176,1501400
1,89900
18,557800
8,247200
5,173800
17,497300
6,219800
1,70900
1,77100
5,173200
5,171400
1,76600
5,179900
26,783900
92,844600
25,777500
37,1011400
3,124200
10,373900
5,174900
71,452200
1,74700
146,748500
22,634200
13,396900
13,397800
72,416300
3,146700
10,307000
2,138900
10,380900
3,188500
3,128800
154,1147300
30,887700
1,73800
4,157600
147,744100
2,105500
234,1407900
3,161600
112,1610700
68,297100
12,353400
7,222500
6,197500
1,71000
1,79300
36,1211000
10,375700
212,1019000
45,1239900
8,249700
114,1518200
3,134000
1,72900
129,279000
10,349200
5,177900
48,1254500
1,70800
20,705400
2,154700
3,199100
1,83300
15,447200
7,223300
26,929400
1,93700
5,221900
4,190100
3,167200
21,793400
25,882200
1,89900
3,154500
2,144800
3,170100
27,806400
6,197000
31,829900
1,105200
3,136700
2,102800
1,94500
4,150800
12,349800
1,71400
109,1408700
1,73600
1,71700
41,1113000
2,97700
136,434300
14,490800
8,278400
1,88400
19,504700
1,68900
1,68300
123,1925200
21,635900
17,476100
2,100300
224,1388100
228,1418100
1,119300
1,79500
2,109100
1,68500
23,641100
7,344000
1,94300
7,274800
8,300600
3,157300
27,842300
54,1598900
3,147800
3,139400
2,102300
6,215000
84,830400
18,554700
2,103600
24,690800
5,184500
12,385400
1,70500
4,163400
31,838700
10,338100
19,525100
17,588200
1,78300
1,95000
6,231000
3,196200
293,1531300
2,120000
49,1332400
34,931000
115,1661400
13,423600
3,123100
28,783000
9,273600
40,1089200
2,120500
7,236000
49,1293500
17,524500
1,72500
15,431700
2,96600
2,99700
16,474700
11,345400
121,1653500
3,121800
1,70500
4,146500
8,316200
18,547700
6,220700
383,630500
32,914000
127,206600
1,71700
26,742200
2,98400
3,123900
6,217600
9,333100
1,106900
1,76700
299,1565900
10,309500
13,377900
72,385800
3,122900
1,96100
2,110500
3,146500
11,371600
14,398800
18,606000
27,897400
32,986900
17,501900
1,71200
68,257600
3,118300
4,204900
8,255400
21,604800
2,102600
197,551000
5,181600
1,81200
1,89500
16,438200
9,379700
31,1100200
6,207100
15,447500
32,1002400
26,733200
5,255500
9,324900
1,88200
1,74900
3,127300
13,388000
16,484900
92,5310900
27,2116200
2,132500
3,153900
1,74200
10,312800
3,127000
3,125800
20,663300
4,228400
22,749100
98,1154700
1,77700
2,103100
20,613400
52,1438700
8,252300
2,119600
212,1031700
4,221800
23,741600
1,90500
2,100800
2,100600
41,1103800
8,305100
14,662700
4,209100
1,91400
10,303500
1,73300
21,658500
6,249700
2,110300
2,97700
2,105000
419,1646700
8,261300
2,98700
39,1290100
7,232000
55,1670600
1,91100
1,70700
4,148700
5,250500
1,81300
3,182700
4,221500
2,131200
351,1436100
3,132500
180,1638400
8,259300
23,634300
2,96300
51,1638800
1,79200
21,606100
5,187100
4,148600
1,71700
2,103300
3,122900
16,458800
21,575000
1,117000
1,77400
9,369300
23,732000
1,71500
2,135300
2,97900
6,206200
1,69900
6,195600
62,90700
454,900700
1,73000
52,1486400
1,83900
3,125700
1,72200
186,170400
3,143200
13,420700
425,1943900
10,381700
4,152600
4,149300
1,90400
4,171900
2,138900
12,395300
14,398500
26,711900
2,96000
6,216600
5,217300
6,195900
76,428300
1,72500
188,281800
4,150100
286,1271000
13,437600
67,247100
1,71000
1,69900
8,247100
7,349500
46,1280600
8,385000
8,325000
1,98900
2,130900
5,218000
8,307500
5,213900
195,583700
7,235600
8,258800
1,72000
10,303700
3,204700
8,256900
1,91900
1,67000
3,126300
12,340400
2,93800
1,69400
32,944200
4,184000
6,234300
10,304100
5,178000
34,1021900
32,855100
1,79000
3,137000
5,172400
4,156100
9,311400
1,77600
8,244600
2,94900
4,144400
7,221900
1,79500
37,1019300
3,122400
6,216600
1,70900
1,78100
219,1055300
71,328200
9,295500
136,457100
278,1062800
12,356800
1,90500
1,77900
23,666600
4,146800
1,85200
4,155500
2,96200
1,68600
3,166600
1,70800
18,496600
1,82900
81,603400
1,72200
1,69600
2,146200
5,176000
9,270000
1,69600
2,101200
2,95400
1,69300
48,1302800
8,247900
106,1466400
10,311700
1,72600
8,309500
10,349500
2,123700
3,124900
99,1094200
11,333600
11,368100
429,1853000
1,74800
93,929800
1,75900
1,71000
3,121900
1,76300
3,122400
1,71200
36,1054500
14,409000
2,101100
25,770200
1,92700
7,248100
29,809800
4,158000
10,366100
1,81500
6,198000
30,858500
118,1655100
2,126100
22,696400
1,78000
3,124900
18,535600
5,198300
3,159000
1,82400
61,1628400
3,132700
4,180000
4,321600
4,260600
15,577000
1,88300
1,87100
34,1107300
2,111300
18,539300
5,184900
17,535400
1,94500
77,472300
13,378800
2,125300
1,71100
10,330300
1,71200
3,120100
3,133500
2,125500
115,1494600
7,238500
57,1549900
7,221900
29,817600
7,218300
3,120300
1,70300
1,69700
2,98500
2,95900
16,513700
33,948200
164,1268400
43,1377500
2,107100
1,73500
5,211100
3,130400
3,122000
1,116700
1,102600
8,333400
19,566400
295,1692300
101,1168300
1,72900
1,93100
4,148500
132,339500
14,467300
2,124700
4,148500
2,96100
11,318300
10,358200
8,294400
1,71100
195,434600
5,172300
59,1681800
114,1571300
4,158600
9,313900
4,184400
8,259200
3,195900
15,455900
1,72200
1,71400
5,189800
71,348000
1,83000
27,807000
54,1478800
31,866900
2,109300
48,1318800
22,655000
2,97700
22,784200
54,1479600
1,91500
40,1344700
10,385600
25,858900
3,178900
1,87800
6,248800
149,994500
5,225800
15,449300
4,154500
17,462400
46,1471200
37,1168900
6,279700
6,205600
31,990000
1,82300
6,258500
21,575400
32,941600
2,109800
2,110300
5,173800
58,1612600
14,397000
10,348300
8,271600
17,472100
5,181800
1,79900
6,230100
1,72600
22,644400
257,442400
2,103300
1,69700
10,471100
24,730300
188,239600
27,809200
68,266000
8,254000
8,243900
12,368500
110,1717800
4,242300
78,529400
17,630000
4,218400
8,258100
18,569500
2,116300
1,74300
2,105400
2,96300
94,1193900
1,94400
4,187800
2,124600
39,1312100
1,96400
2,115500
1,71600
258,520400
18,524300
1,112200
130,322300
2,100600
6,200000
3,145200
1,72400
2,96900
5,192300
6,213100
1,71800
4,152900
6,225900
3,124100
1,85800
3,150900
3,124100
121,1613500
63,112700
19,545100
1,72400
1,79700
4,171500
18,557900
6,206000
7,222500
1,76000
1,74100
3,123200
2,99200
1,82600
24,829500
4,153700
2,99500
5,253000
80,617800
101,1136500
7,227400
4,167900
19,603000
4,168700
46,1242900
64,146800
1,71200
2,96300
1,76500
9,278100
154,905800
159,1253000
14,527800
3,129500
5,177800
161,1296400
5,183300
2,100400
1,71200
59,1674300
1,79700
6,312600
9,351200
5,227200
2,118300
70,334400
4,151500
7,299800
1,108500
85,692000
1,80500
1,72800
1,90700
4,155800
13,424600
1,82400
3,128400
7,273200
3,154400
2,114800
1,84100
14,470400
1,79100
2,120500
6,202100
8,261200
1,82400
6,200400
3,137300
10,323400
1,72100
1,70900
1,82900
43,1156100
5,184500
1,74800
4,148100
48,1304400
1,71400
2,97300
7,251800
43,1138200
1,72400
2,96100
5,200200
1,71500
1,69700
4,147300
14,394000
3,119300
1,69000
7,248400
2,96300
13,427600
15,433600
206,711900
4,162000
3,144800
34,976600
2,105700
109,1287500
1,95600
6,232200
2,95200
9,309200
32,834300
144,878800
89,814000
2,102000
6,214300
1,93300
9,274600
17,522500
2,98900
45,1199600
32,873400
7,227200
15,497600
1,77700
2,101100
7,252300
1,82300
45,1249700
1,102400
64,143000
1,70600
6,196500
2,95700
9,270200
68,329300
13,489400
4,188400
14,517900
3,153400
37,1241000
1,88500
2,120600
1,92100
2,119600
5,214800
2,126900
1,93400
2,120600
2,118900
6,247100
20,675000
1,90100
23,653900
8,247500
326,802100
1,73800
1,69300
28,840700
9,284500
2,113700
1,100300
1,74900
88,766800
1,79500
3,140300
3,123500
1,70900
38,1056100
1,79000
1,70900
32,939500
9,283500
10,313500
31,881200
11,321200
1,132800
1,70200
25,691800
195,522600
6,206700
1,69900
11,328200
4,167100
4,145300
3,120600
5,205200
1,67200
2,96300
12,449200
3,134700
13,397300
2,106700
3,159400
203,619200
8,245400
5,190500
2,95900
1,70200
13,399900
30,871700
1,113800
3,133800
23,766600
12,358900
2,132300
20,567900
2,105400
1,70400
4,147300
11,466900
83,770800
1,80200
18,500900
5,234200
19,570900
1,79700
1,73400
3,135600
2,100700
6,222300
1,73100
1,75000
198,635900
2,149600
5,177700
20,548300
16,553700
1,83600
2,100000
73,390000
23,652000
21,619500
1,103400
1,109500
1,120100
43,1332700
114,1641100
24,743100
1,90600
3,132500
17,492500
6,197400
24,721700
65,177100
10,338200
6,201200
13,372300
16,463800
12,370300
62,88900
3,126400
22,801800
2,113200
74,437600
1,73600
2,98500
3,125800
2,98600
145,732800
7,258200
24,636400
78,516600
27,795500
8,249100
19,732600
13,423800
82,614900
16,490600
29,1026100
27,852700
1,83700
3,138800
6,205800
4,147200
4,148600
3,177200
2,108500
1,70900
2,123600
7,267900
1,71000
4,190700
4,151800
3,127200
4,178400
159,1128800
1,72500
6,200200
1,70400
1,69600
2,94300
1,75400
12,387500
18,534600
2,97200
2,104600
3,121200
1,69300
39,1211700
9,315100
25,701700
50,1344000
20,558900
3,139700
2,94400
1,68400
1,76700
1,71200
16,464000
175,1464500
1,97300
2,102600
3,122200
3,123000
21,604400
5,180600
42,1114600
13,376700
6,223100
2,96700
1,69600
83,638300
46,1238300
196,506400
2,102600
3,121900
22,615300
16,477900
16,500500
6,304100
3,127400
1,71200
11,342700
3,124500
2,138100
195,452800
95,979200
3,147400
10,484100
15,650300
2,152500
11,347700
21,674100
1,70800
11,339200
3,129100
7,279400
22,640000
3,123100
4,146000
194,384500
7,294000
1,77100
47,1300300
36,1008400
9,274400
69,404300
2,145100
2,153900
1,85300
4,177900
15,427400
1,72300
1,72400
2,108000
1,134200
95,990700
5,177300
48,1558700
1,77700
10,317900
116,1504000
4,147600
90,1054300
1,74300
3,138800
14,480800
9,330300
5,228200
3,146000
1,71000
344,1565400
1,105200
55,1549800
14,401700
4,200200
174,1433600
32,861100
1,79900
1,69100
1,77200
25,695700
8,277400
11,324700
1,69400
12,352700
3,173700
4,180000
1,71400
5,198000
9,274200
3,162800
4,150100
4,148600
5,260700
14,468400
2,116900
1,85000
3,125500
6,199700
47,1351200
1,75300
1,73300
1,78500
44,1288400
179,1841100
1,89900
2,97100
69,273900
1,71800
2,96600
17,561300
145,718900
4,153700
1,81500
4,153700
6,232300
19,642900
129,275900
126,187900
3,123600
2,98200
9,291700
1,80000
14,493000
1,69800
11,317000
26,680400
2,95700
1,69900
91,1042900
1,88600
55,1819000
66,243300
6,247700
5,213800
7,280200
2,128700
13,474200
98,1251800
1,87600
2,118700
7,285800
7,275100
222,1263900
12,360700
60,1618800
4,204100
3,141400
3,131900
73,392500
34,967000
1,76200
3,160300
10,355600
105,1478100
9,281200
12,352500
9,338200
93,913300
117,1609200
3,127900
9,293800
9,334000
5,213000
34,947900
1,90900
3,155800
3,186400
67,289000
1,94900
1,88000
2,121800
1,86400
4,185500
3,153700
2,120100
2,123500
3,168100
5,216300
1,87800
3,161700
3,153400
101,1296000
4,161100
52,1670000
1,84800
51,1376200
16,445700
4,147600
1,69200
4,166000
1,80300
2,100700
27,810200
146,785600
4,179200
4,152000
72,346800
3,137400
38,1080600
27,713000
3,124300
2,149500
2,107100
1,74600
1,72600
8,275300
1,76600
3,124800
151,880600
3,126700
4,183900
1,73300
1,70400
6,216000
3,125900
16,449400
2,153000
3,134700
1,69700
3,144500
3,125300
1,72300
17,537300
12,446500
131,338700
4,312800
3,165500
1,91900
31,893000
117,1591600
3,146400
1,77100
5,184400
227,1406700
1,92700
34,1100200
6,224200
2,97900
9,270500
28,762500
21,592100
1,70800
1,68000
1,70100
7,234500
3,127700
3,132700
123,1726100
23,723700
2,124500
7,224900
1,71500
1,74000
26,722700
9,301000
28,786600
1,72800
10,305400
31,832800
32,891200
1,75800
2,138600
7,331000
624,646300
4,180000
5,178900
13,375700
6,228900
2,99700
16,449500
3,121700
1,70800
23,668700
1,71000
3,143300
1,70500
15,425100
5,185900
17,535000
1,78400
2,102200
1,71700
1,90700
1,70100
1,70300
52,1621100
10,307900
4,148700
5,177800
17,532000
3,122500
5,239700
35,992700
13,450600
1,76200
3,128600
1,73500
35,1004100
4,187600
7,247400
26,702700
1,88500
2,111500
1,71000
1,73000
47,1276200
8,368800
98,1204400
119,1836100
1,93200
123,1660000
1,108300
3,126900
70,286400
42,1202400
1,77100
5,176000
2,96800
1,68700
225,1427300
5,182600
1,71900
32,1115900
1,84900
1,73500
1,69600
2,97200
3,123400
7,222900
19,556100
22,649300
10,331800
162,1193100
84,654300
8,299300
46,1277600
12,386100
86,792400
5,182400
1,72600
14,414900
4,172900
1,72600
8,256200
1,75700
1,71400
214,938900
1,73500
1,71100
4,173900
10,319600
1,87500
69,300200
10,299800
3,127400
5,180900
1,70700
49,1311500
3,121100
195,454800
9,307400
19,525300
11,349700
18,525000
3,143600
297,1499600
3,161700
1,70000
3,129200
23,622500
212,844300
4,171600
1,71700
3,152500
6,197500
7,221200
1,70400
22,619400
6,226200
2,104400
1,70200
8,285500
2,95600
2,120800
40,1052300
4,162500
2,122900
27,790900
9,266800
15,490800
57,1597300
3,269900
2,138300
23,765400
5,178800
7,241400
5,256400
7,275100
4,154700
10,305400
7,225900
20,595800
122,1725000
2,102300
562,558900
1,73000
11,361000
2,98400
15,455100
2,109600
43,1213400
46,1314700
26,725600
3,122500
4,144600
28,762600
4,149100
17,495400
120,1701500
462,1179000
4,162400
53,1542800
1,75100
10,299900
1,104300
19,589600
4,163300
205,682500
4,155100
38,1076600
8,291500
2,100500
1,83000
3,125600
3,247100
17,554200
5,182100
1,74700
4,156500
7,229800
3,126600
26,865200
133,445500
3,211000
16,613500
11,330400
16,494300
1,71700
1,71200
42,1252100
2,106100
6,276900
309,1895600
2,199700
1,81200
1,72600
27,864500
17,495600
13,386700
20,583100
2,142700
3,124000
305,2002400
11,432300
1,89900
1,88800
1,100500
2,121100
80,658400
1,89700
3,165800
2,100000
1,76200
156,982300
4,219100
15,475400
1,73700
7,229400
1,72800
6,234100
1,72200
50,1384900
2,118000
6,221800
4,176000
15,424200
50,1357800
65,173100
10,300500
3,181000
3,129000
1,86200
51,1411900
1,73900
1,76800
1,96900
2,100800
11,362900
2,102900
2,98600
2,96200
1,107200
25,682300
2,111000
7,283200
13,445800
3,127600
4,149600
1,78100
4,146200
103,1513600
2,127000
8,361300
12,436500
1,85800
7,247700
2,97200
5,172000
2,104300
1,85900
1,70400
1,69100
1,69600
22,691800
2,106100
17,493000
65,168400
26,762500
1,87200
2,108100
1,104700
126,194800
35,946400
1,79600
23,663400
3,121800
3,123100
18,530500
13,410500
1,77300
4,215200
5,194600
1,73300
2,112800
2,101800
6,205700
60,1628000
14,400900
6,206900
1,70900
9,295200
1,71000
107,1270500
3,123100
3,127300
1,86800
1,71100
1,71600
12,388700
65,179600
19,581700
6,197000
7,219400
3,122200
442,589900
10,334200
4,147200
27,732300
1,69300
22,649400
10,336100
10,299800
3,134800
68,241700
1,70600
17,501300
51,1356000
2,96500
38,1050800
25,714900
1,95400
1,72600
2,96700
35,978200
4,174800
6,215800
50,1344300
9,305700
10,341100
23,609000
3,119300
137,575700
6,211200
19,562400
6,220000
1,71800
10,296200
5,265300
1,101800
8,285400
24,670600
3,126100
14,482600
7,253400
1,104700
207,741000
17,537400
1,78100
10,352100
23,663600
4,150000
111,1403900
94,908800
11,362200
2,98100
2,94400
85,675800
21,613700
258,566700
13,380000
19,655200
93,964700
80,635000
14,451800
1,73200
6,198700
30,959700
6,205200
7,243400
341,1240100
11,367800
1,74100
4,147400
2,98600
3,123200
1,125000
65,239700
204,686800
29,1006000
7,227000
3,142900
1,87500
2,97200
3,136200
1,69300
15,446600
40,1153800
9,312800
12,389800
3,124000
10,312400
4,146300
6,206900
1,92200
4,147700
426,1856300
1,106700
19,569500
10,532800
15,586900
1,148500
1,77500
1,92100
129,332300
1,93200
5,187100
3,134700
5,201000
16,508400
15,431900
7,249700
4,151500
1,71700
9,278800
2,97800
7,259600
155,1048700
98,1020600
254,428500
61,1755000
53,1411700
6,221500
17,467600
4,149400
3,120000
2,98000
73,403500
133,370900
4,175200
3,142000
75,430000
5,174600
172,1404000
99,1112500
4,152500
15,479300
20,1014200
75,715100
1,104700
4,169000
1,70600
30,832100
9,297200
263,632300
1,71000
326,688500
2,99100
2,106100
7,244700
20,595300
27,700700
9,286600
1,112700
185,1857700
3,145800
5,204500
1,75700
8,252900
3,135100
10,298900
132,360200
7,277700
4,187900
253,340700
10,292600
32,1018100
40,1202000
44,1226300
111,1760800
16,460900
2,104900
9,315800
3,141600
8,354500
3,162200
1,71300
7,223600
50,1518400
4,147300
1,70200
3,121900
6,210700
6,195800
32,927000
9,291300
2,101100
1,70600
1,70000
11,336900
44,1313500
18,539900
1,73800
17,517600
1,70200
7,220900
45,1253000
12,405000
10,292200
1,69500
3,117400
6,225500
1,91600
215,978600
31,857100
2,145500
1,87700
99,1032400
2,106400
38,1400900
2,101300
1,71800
2,99000
22,658300
1,93900
3,121900
2,96800
20,559200
78,556300
1,110800
28,792500
8,254600
1,78100
2,109400
1,89600
4,279400
22,748200
2,110700
5,177700
1,73900
1,74600
8,362300
1,98000
1,75900
2,112300
14,456500
1,74600
94,1059800
34,947400
5,173300
1,70200
6,266300
11,355500
23,663200
9,270700
2,95700
2,95600
9,302400
29,807000
21,570000
11,406800
245,1995400
54,1637700
4,164800
29,819000
6,208600
5,174000
9,358300
91,898400
1,83700
6,204000
2,107600
66,197100
9,351400
1,75400
64,188100
15,432300
7,226000
84,807900
6,222800
1,90100
2,100700
33,946500
1,81400
2,134200
1,85500
21,580800
1,81700
1,73300
36,1055000
20,538000
3,121600
86,787500
3,130200
3,146500
1,69600
6,199000
1,72200
2,96900
31,927200
1,93000
16,559400
30,898600
2,131000
1,75300
13,399500
6,203000
17,604100
138,583300
1,90400
4,170600
23,674700
3,136900
10,314300
1,96300
39,1074900
73,388300
2,116400
4,164200
47,1264200
3,124900
16,500100
192,351700
1,77700
1,69200
6,197800
8,244500
9,296200
5,198100
1,70000
6,198400
1,83900
13,415900
3,120400
7,261200
5,171900
29,834000
6,204000
1,76200
16,539400
59,1630000
4,177700
6,198500
46,1351400
4,159000
1,71700
4,148000
10,314100
15,476300
25,695400
4,155600
63,115500
48,1335800
11,333500
1,70400
21,641900
3,152300
7,224400
18,511600
1,72200
6,207200
4,234100
16,586700
6,297800
2,98500
7,229700
1,71600
3,203800
31,931600
3,130100
2,97300
2,105200
21,635700
2,104400
10,338800
1,72000
123,1986400
3,140000
1,77900
11,322900
1,72200
24,762800
8,299800
33,1077000
303,1741900
5,189500
7,238900
9,272900
71,331800
165,1220800
3,136100
10,299500
1,69600
3,122500
33,940200
1,72200
15,432200
11,321300
2,150500
5,197000
7,262200
3,134000
4,152200
29,803800
2,178800
9,363500
3,159800
3,162200
1,89000
27,932600
28,797800
4,163500
1,82700
1,70900
8,260400
1,73000
3,131200
44,1262800
2,105400
1,72900
19,517100
1,70900
14,494300
12,393400
1,99400
1,76600
2,98400
1,85400
1,81100
15,447800
2,99200
46,1290800
4,153200
1,70700
1,69200
29,816900
1,83000
2,98600
69,321300
7,223500
3,121800
1,70700
6,195600
42,1654900
2,119800
64,248700
252,409000
153,1104300
73,465800
10,383600
1,86200
2,117800
5,213300
4,185500
2,124200
1,86400
162,1546400
26,892900
1,92000
4,158600
2,98800
1,104600
200,587000
7,304100
294,1519900
1,133600
2,143700
11,375200
7,331400
1,73400
43,1443000
18,513000
332,831200
1,85700
20,584600
14,400500
2,96800
1,70200
2,96900
3,200200
51,1381200
2,198400
4,275500
257,649900
19,716000
13,392500
1,124000
1,83700
18,670200
31,933500
2,109200
52,1633000
1,82600
1,70100
1,70100
7,225700
523,1148600
258,483300
6,196600
57,1653600
6,208100
1,71300
4,146300
1,88100
5,175200
1,93400
51,1369800
1,74700
225,1304400
32,924300
5,265900
4,172100
3,137400
73,382000
1,76400
4,160100
3,125400
287,1349100
5,194500
1,71800
148,992600
35,985900
2,99100
1,73900
22,664000
1,72600
6,219100
64,182600
1,74600
184,2520500
98,1385100
2,176300
5,206800
1,95200
25,711600
3,125800
12,376800
2,103000
247,1943500
1,76500
1,86600
16,755100
3,172400
3,155500
1,86500
97,1097200
57,1955000
2,126400
5,221000
1,84100
2,121900
1,88500
82,1028900
138,713300
14,438300
39,1075300
87,934700
7,266800
3,132800
3,121900
43,1465100
2,123600
168,1428300
7,269700
35,1027800
2,165300
1,84100
8,260800
188,256400
1,81800
5,188600
1,72600
3,140300
10,354400
5,231000
57,1796900
66,283700
97,1280500
2,120000
70,367800
28,844500
49,1439400
3,149400
5,189000
3,133000
3,127500
8,270400
3,123900
35,1014100
3,166900
40,1137000
1,78100
77,675600
5,216100
1,95300
3,127800
2,101500
52,1532000
16,501200
2,101800
2,111800
16,618900
5,174900
6,201400
11,346600
1,75800
3,125900
6,197400
17,578100
3,146300
6,297700
2,134200
4,240200
14,442500
2,103400
112,1592300
5,209800
35,1107500
14,522400
185,2150200
4,190300
7,286800
3,152300
4,186200
1,85200
4,240300
25,1013200
43,1398400
33,1034100
3,127500
3,141400
1,73500
120,1660800
6,294400
54,1672200
1,97100
1,77700
2,100300
72,421300
1,70800
7,227900
11,361500
12,480800
2,120800
36,1032500
3,136000
18,642000
1,97600
363,1973400
13,397100
1,74400
16,503300
4,190700
14,518500
80,555700
12,496200
1,88100
12,427400
12,376200
4,154100
6,204500
3,126400
14,430700
8,295100
5,204200
185,1787200
4,177900
13,378700
121,1934800
169,1520100
2,122800
1,80900
49,1490300
23,651700
1,73800
1,86100
7,265500
1,73600
151,864300
1,72400
56,1523800
2,99400
10,320000
1,71700
1,70700
1,70900
10,324200
4,159000
38,1234600
7,312300
2,138100
1,109400
6,262900
2,123700
2,122100
4,216300
5,226600
10,396000
9,353300
4,202600
10,403800
3,138900
1,80900
32,898700
2,96200
86,762700
110,1366500
67,242600
1,74300
9,344000
1,73100
27,728100
6,199600
5,216100
6,217100
10,350600
4,174400
39,1081300
2,122400
14,450100
5,201800
6,202600
30,861000
2,121000
11,350900
1,80700
4,151800
1,69800
2,98000
1,83000
24,831900
2,156200
1,106200
5,277000
2,110400
34,1275400
2,153300
37,1143000
2,102300
2,136500
1,96200
25,689400
3,125500
265,851800
19,558200
1,73100
1,91100
6,257600
132,363100
16,461800
1,73200
14,579500
1,109100
2,131900
4,158900
4,190300
4,243700
65,208000
1,84300
5,183900
9,287000
1,74000
6,209400
2,99000
5,171800
3,204300
663,1665100
1,77000
1,83700
1,73300
2,100500
31,956900
8,275300
8,257200
7,229200
1,73000
1,80200
2,100100
58,1545900
26,765100
58,1606500
6,202900
2,94200
1,69800
14,437300
1,81800
6,204300
7,249200
2,98700
1,70700
232,1487600
8,259300
89,1052800
5,205600
1,106400
22,606500
5,178200
3,132700
406,1225700
2,99900
4,147600
20,603700
7,223300
9,298800
40,1094200
7,379300
161,1632400
4,256500
1,99100
21,644900
42,1278600
5,214200
11,420300
3,124800
6,202100
1,72100
8,308400
118,1592800
64,171700
5,174300
1,70700
1,127700
1,81000
7,245200
1,72600
1,77100
1,73300
4,173600
69,267300
1,70200
33,1029900
3,135600
232,1397900
1,86200
1,72600
11,322400
9,291700
1,72200
6,227200
3,166200
360,1557000
1,101200
29,783900
308,1848800
3,172400
1,89200
1,88800
2,129400
1,89400
78,646300
10,376000
1,86600
9,455300
200,712300
90,875600
12,424000
1,73000
4,154500
3,123000
294,1430700
1,77600
9,269700
3,123500
204,666200
5,184700
184,1739200
53,1424900
175,1465000
8,291100
284,1106500
1,82200
1,84200
14,445300
7,241000
5,176500
163,1224700
16,447400
32,1395500
6,294400
1,95000
216,1123000
2,111000
1,73400
1,72300
1,71600
10,323200
12,406800
1,76300
20,596400
140,594400
1,73000
1,70400
2,96800
3,167300
95,1246800
1,111300
1,91200
20,711200
1,78700
2,98900
3,123200
4,194600
35,944700
10,357700
4,167100
1,74500
13,381300
133,357200
15,471100
22,654200
1,75700
17,467300
53,1462500
8,260000
7,224300
1,88900
1,79700
3,122600
6,232100
7,223200
21,570100
2,96900
44,1349000
136,495500
68,315000
3,129700
32,887600
1,84200
4,147100
4,146200
2,133600
2,151500
11,334300
3,170200
54,1572000
2,109300
55,1500300
3,135600
202,630200
7,229300
7,219300
12,378700
213,887800
4,145000
41,1115000
31,839800
8,278400
2,100800
1,70400
1,68700
22,604400
20,587500
187,257700
185,1774500
12,358800
28,785100
3,122300
3,122700
5,201900
264,631100
9,283100
9,309600
20,716200
2,99200
3,166600
15,426500
1,86800
96,973100
11,320600
4,183400
7,237900
142,646300
1,71800
1,68700
38,1028600
15,468800
124,192700
6,206800
10,303800
5,187700
8,261100
1,89200
6,200900
1,72400
1,67700
3,122900
17,478200
36,1007000
4,150100
43,1185800
164,1166400
3,126600
37,1015700
29,975400
4,189400
7,238900
1,73800
6,201700
15,561300
2,112700
1,86200
1,70700
3,145800
15,440900
3,129200
15,423300
1,105300
278,1104800
126,188700
6,264100
10,331300
14,434100
12,351800
37,1092700
2,132500
141,586200
3,123200
1,70000
1,67900
1,73100
1,68800
4,145600
52,1396600
3,121700
3,124600
1,73400
21,605000
1,70800
175,1478700
4,155500
1,94000
3,121200
52,1389400
1,68700
1,70300
1,86200
45,1287000
5,199800
1,106300
8,261500
3,142300
9,277800
2,98700
20,553200
2,104500
1,69600
1,78400
5,239400
7,230700
1,71900
6,231300
221,1194800
4,156600
21,599900
10,296900
4,145800
10,336200
8,246900
6,195600
8,244000
35,983000
4,156100
